zone,direction,year,month,n_trips,log_n_trips,post,Borough,zone_name,service_zone,crz_zone,charged_share_2024_geo
1,dropoff,2024,2,127130,11.752965463944168,0,EWR,Newark Airport,EWR,false,0.6713
1,dropoff,2024,3,141385,11.859241944780736,0,EWR,Newark Airport,EWR,false,0.6713
1,dropoff,2024,4,142899,11.869893365992844,0,EWR,Newark Airport,EWR,false,0.6713
1,dropoff,2024,5,155973,11.957438194329058,0,EWR,Newark Airport,EWR,false,0.6713
1,dropoff,2024,6,139637,11.846801477172667,0,EWR,Newark Airport,EWR,false,0.6713
1,dropoff,2025,2,135871,11.819461185167732,1,EWR,Newark Airport,EWR,false,0.6713
1,dropoff,2025,3,156031,11.957809984438596,1,EWR,Newark Airport,EWR,false,0.6713
1,dropoff,2025,4,132712,11.79593664577211,1,EWR,Newark Airport,EWR,false,0.6713
1,dropoff,2025,5,130495,11.779090190834633,1,EWR,Newark Airport,EWR,false,0.6713
1,dropoff,2025,6,134053,11.805990523122746,1,EWR,Newark Airport,EWR,false,0.6713
1,pickup,2024,2,1,0.0,0,EWR,Newark Airport,EWR,false,0.0
1,pickup,2024,4,1,0.0,0,EWR,Newark Airport,EWR,false,0.0
1,pickup,2024,5,1,0.0,0,EWR,Newark Airport,EWR,false,0.0
1,pickup,2025,2,1,0.0,1,EWR,Newark Airport,EWR,false,0.0
1,pickup,2025,3,2,0.6931471805599453,1,EWR,Newark Airport,EWR,false,0.0
1,pickup,2025,5,1,0.0,1,EWR,Newark Airport,EWR,false,0.0
2,dropoff,2024,2,34,3.5263605246161616,0,Queens,Jamaica Bay,Boro Zone,false,0.0789
2,dropoff,2024,3,33,3.4965075614664802,0,Queens,Jamaica Bay,Boro Zone,false,0.0789
2,dropoff,2024,4,53,3.970291913552122,0,Queens,Jamaica Bay,Boro Zone,false,0.0789
2,dropoff,2024,5,73,4.290459441148391,0,Queens,Jamaica Bay,Boro Zone,false,0.0789
2,dropoff,2024,6,73,4.290459441148391,0,Queens,Jamaica Bay,Boro Zone,false,0.0789
2,dropoff,2025,2,17,2.833213344056216,1,Queens,Jamaica Bay,Boro Zone,false,0.0789
2,dropoff,2025,3,35,3.5553480614894135,1,Queens,Jamaica Bay,Boro Zone,false,0.0789
2,dropoff,2025,4,67,4.204692619390966,1,Queens,Jamaica Bay,Boro Zone,false,0.0789
2,dropoff,2025,5,74,4.30406509320417,1,Queens,Jamaica Bay,Boro Zone,false,0.0789
2,dropoff,2025,6,58,4.060443010546419,1,Queens,Jamaica Bay,Boro Zone,false,0.0789
2,pickup,2024,2,26,3.258096538021482,0,Queens,Jamaica Bay,Boro Zone,false,0.0606
2,pickup,2024,3,31,3.4339872044851463,0,Queens,Jamaica Bay,Boro Zone,false,0.0606
2,pickup,2024,4,49,3.8918202981106265,0,Queens,Jamaica Bay,Boro Zone,false,0.0606
2,pickup,2024,5,58,4.060443010546419,0,Queens,Jamaica Bay,Boro Zone,false,0.0606
2,pickup,2024,6,67,4.204692619390966,0,Queens,Jamaica Bay,Boro Zone,false,0.0606
2,pickup,2025,2,20,2.995732273553991,1,Queens,Jamaica Bay,Boro Zone,false,0.0606
2,pickup,2025,3,40,3.6888794541139363,1,Queens,Jamaica Bay,Boro Zone,false,0.0606
2,pickup,2025,4,52,3.9512437185814275,1,Queens,Jamaica Bay,Boro Zone,false,0.0606
2,pickup,2025,5,70,4.248495242049359,1,Queens,Jamaica Bay,Boro Zone,false,0.0606
2,pickup,2025,6,64,4.1588830833596715,1,Queens,Jamaica Bay,Boro Zone,false,0.0606
3,dropoff,2024,2,40404,10.606684068949075,0,Bronx,Allerton/Pelham Gardens,Boro Zone,false,0.0277
3,dropoff,2024,3,44480,10.702794928924463,0,Bronx,Allerton/Pelham Gardens,Boro Zone,false,0.0277
3,dropoff,2024,4,41204,10.626290618003583,0,Bronx,Allerton/Pelham Gardens,Boro Zone,false,0.0277
3,dropoff,2024,5,43085,10.670930187673868,0,Bronx,Allerton/Pelham Gardens,Boro Zone,false,0.0277
3,dropoff,2024,6,40837,10.617343812185764,0,Bronx,Allerton/Pelham Gardens,Boro Zone,false,0.0277
3,dropoff,2025,2,42417,10.65530450425995,1,Bronx,Allerton/Pelham Gardens,Boro Zone,false,0.0277
3,dropoff,2025,3,45630,10.728320673921449,1,Bronx,Allerton/Pelham Gardens,Boro Zone,false,0.0277
3,dropoff,2025,4,42932,10.667372747601416,1,Bronx,Allerton/Pelham Gardens,Boro Zone,false,0.0277
3,dropoff,2025,5,46553,10.74834672745997,1,Bronx,Allerton/Pelham Gardens,Boro Zone,false,0.0277
3,dropoff,2025,6,43830,10.688073793412855,1,Bronx,Allerton/Pelham Gardens,Boro Zone,false,0.0277
3,pickup,2024,2,42764,10.66345190613339,0,Bronx,Allerton/Pelham Gardens,Boro Zone,false,0.0216
3,pickup,2024,3,47183,10.761788937205512,0,Bronx,Allerton/Pelham Gardens,Boro Zone,false,0.0216
3,pickup,2024,4,43761,10.686498288754322,0,Bronx,Allerton/Pelham Gardens,Boro Zone,false,0.0216
3,pickup,2024,5,44491,10.7030422005086,0,Bronx,Allerton/Pelham Gardens,Boro Zone,false,0.0216
3,pickup,2024,6,42521,10.657753350523642,0,Bronx,Allerton/Pelham Gardens,Boro Zone,false,0.0216
3,pickup,2025,2,44180,10.696027476974109,1,Bronx,Allerton/Pelham Gardens,Boro Zone,false,0.0216
3,pickup,2025,3,48079,10.78060077032391,1,Bronx,Allerton/Pelham Gardens,Boro Zone,false,0.0216
3,pickup,2025,4,45532,10.726170654445108,1,Bronx,Allerton/Pelham Gardens,Boro Zone,false,0.0216
3,pickup,2025,5,48631,10.792016466624613,1,Bronx,Allerton/Pelham Gardens,Boro Zone,false,0.0216
3,pickup,2025,6,46424,10.745571845870444,1,Bronx,Allerton/Pelham Gardens,Boro Zone,false,0.0216
4,dropoff,2024,2,55485,10.923867992934664,0,Manhattan,Alphabet City,Yellow Zone,true,1.0
4,dropoff,2024,3,58241,10.97234485305283,0,Manhattan,Alphabet City,Yellow Zone,true,1.0
4,dropoff,2024,4,52798,10.874228590189055,0,Manhattan,Alphabet City,Yellow Zone,true,1.0
4,dropoff,2024,5,53029,10.878594212702763,0,Manhattan,Alphabet City,Yellow Zone,true,1.0
4,dropoff,2024,6,51989,10.85878743672461,0,Manhattan,Alphabet City,Yellow Zone,true,1.0
4,dropoff,2025,2,50169,10.823152585049232,1,Manhattan,Alphabet City,Yellow Zone,true,1.0
4,dropoff,2025,3,50478,10.829292876778869,1,Manhattan,Alphabet City,Yellow Zone,true,1.0
4,dropoff,2025,4,48499,10.789298458156308,1,Manhattan,Alphabet City,Yellow Zone,true,1.0
4,dropoff,2025,5,49180,10.803242315770184,1,Manhattan,Alphabet City,Yellow Zone,true,1.0
4,dropoff,2025,6,43832,10.688119423218252,1,Manhattan,Alphabet City,Yellow Zone,true,1.0
4,pickup,2024,2,64380,11.0725583048528,0,Manhattan,Alphabet City,Yellow Zone,true,1.0
4,pickup,2024,3,68928,11.140817760516061,0,Manhattan,Alphabet City,Yellow Zone,true,1.0
4,pickup,2024,4,62656,11.045414725890183,0,Manhattan,Alphabet City,Yellow Zone,true,1.0
4,pickup,2024,5,63963,11.066060070163115,0,Manhattan,Alphabet City,Yellow Zone,true,1.0
4,pickup,2024,6,61467,11.026255724415309,0,Manhattan,Alphabet City,Yellow Zone,true,1.0
4,pickup,2025,2,59312,10.990566925390514,1,Manhattan,Alphabet City,Yellow Zone,true,1.0
4,pickup,2025,3,60072,11.00329912177972,1,Manhattan,Alphabet City,Yellow Zone,true,1.0
4,pickup,2025,4,57675,10.962579083041954,1,Manhattan,Alphabet City,Yellow Zone,true,1.0
4,pickup,2025,5,58644,10.979240547058156,1,Manhattan,Alphabet City,Yellow Zone,true,1.0
4,pickup,2025,6,52167,10.862205390050178,1,Manhattan,Alphabet City,Yellow Zone,true,1.0
5,dropoff,2024,2,4887,8.494333897270154,0,Staten Island,Arden Heights,Boro Zone,false,0.0408
5,dropoff,2024,3,5606,8.631592731724734,0,Staten Island,Arden Heights,Boro Zone,false,0.0408
5,dropoff,2024,4,5199,8.556221578383715,0,Staten Island,Arden Heights,Boro Zone,false,0.0408
5,dropoff,2024,5,5492,8.61104776688786,0,Staten Island,Arden Heights,Boro Zone,false,0.0408
5,dropoff,2024,6,5479,8.608677881538416,0,Staten Island,Arden Heights,Boro Zone,false,0.0408
5,dropoff,2025,2,4855,8.487764380725425,1,Staten Island,Arden Heights,Boro Zone,false,0.0408
5,dropoff,2025,3,5379,8.590257762273243,1,Staten Island,Arden Heights,Boro Zone,false,0.0408
5,dropoff,2025,4,5061,8.529319371214077,1,Staten Island,Arden Heights,Boro Zone,false,0.0408
5,dropoff,2025,5,5782,8.662504922576291,1,Staten Island,Arden Heights,Boro Zone,false,0.0408
5,dropoff,2025,6,5701,8.648396877031582,1,Staten Island,Arden Heights,Boro Zone,false,0.0408
5,pickup,2024,2,5300,8.575462099540212,0,Staten Island,Arden Heights,Boro Zone,false,0.0202
5,pickup,2024,3,6023,8.70334075304372,0,Staten Island,Arden Heights,Boro Zone,false,0.0202
5,pickup,2024,4,5682,8.645058562414134,0,Staten Island,Arden Heights,Boro Zone,false,0.0202
5,pickup,2024,5,6226,8.736489351001554,0,Staten Island,Arden Heights,Boro Zone,false,0.0202
5,pickup,2024,6,6222,8.735846677457582,0,Staten Island,Arden Heights,Boro Zone,false,0.0202
5,pickup,2025,2,5488,8.610319169405722,1,Staten Island,Arden Heights,Boro Zone,false,0.0202
5,pickup,2025,3,5880,8.679312040892672,1,Staten Island,Arden Heights,Boro Zone,false,0.0202
5,pickup,2025,4,5467,8.606485298894999,1,Staten Island,Arden Heights,Boro Zone,false,0.0202
5,pickup,2025,5,6273,8.744009988096744,1,Staten Island,Arden Heights,Boro Zone,false,0.0202
5,pickup,2025,6,6150,8.724207360800564,1,Staten Island,Arden Heights,Boro Zone,false,0.0202
6,dropoff,2024,2,10724,9.28023949935585,0,Staten Island,Arrochar/Fort Wadsworth,Boro Zone,false,0.0431
6,dropoff,2024,3,12122,9.402777262511231,0,Staten Island,Arrochar/Fort Wadsworth,Boro Zone,false,0.0431
6,dropoff,2024,4,11188,9.32259705432185,0,Staten Island,Arrochar/Fort Wadsworth,Boro Zone,false,0.0431
6,dropoff,2024,5,12040,9.395989718862811,0,Staten Island,Arrochar/Fort Wadsworth,Boro Zone,false,0.0431
6,dropoff,2024,6,11546,9.354094335620879,0,Staten Island,Arrochar/Fort Wadsworth,Boro Zone,false,0.0431
6,dropoff,2025,2,11553,9.354700422483019,1,Staten Island,Arrochar/Fort Wadsworth,Boro Zone,false,0.0431
6,dropoff,2025,3,12515,9.434683203865875,1,Staten Island,Arrochar/Fort Wadsworth,Boro Zone,false,0.0431
6,dropoff,2025,4,12298,9.417191926513414,1,Staten Island,Arrochar/Fort Wadsworth,Boro Zone,false,0.0431
6,dropoff,2025,5,12905,9.465370112152714,1,Staten Island,Arrochar/Fort Wadsworth,Boro Zone,false,0.0431
6,dropoff,2025,6,12327,9.41954725755152,1,Staten Island,Arrochar/Fort Wadsworth,Boro Zone,false,0.0431
6,pickup,2024,2,10005,9.210840247017833,0,Staten Island,Arrochar/Fort Wadsworth,Boro Zone,false,0.0327
6,pickup,2024,3,11408,9.342070142654077,0,Staten Island,Arrochar/Fort Wadsworth,Boro Zone,false,0.0327
6,pickup,2024,4,10363,9.245997049184217,0,Staten Island,Arrochar/Fort Wadsworth,Boro Zone,false,0.0327
6,pickup,2024,5,11475,9.347926034928745,0,Staten Island,Arrochar/Fort Wadsworth,Boro Zone,false,0.0327
6,pickup,2024,6,11234,9.326700173092378,0,Staten Island,Arrochar/Fort Wadsworth,Boro Zone,false,0.0327
6,pickup,2025,2,10958,9.301825062098361,1,Staten Island,Arrochar/Fort Wadsworth,Boro Zone,false,0.0327
6,pickup,2025,3,11944,9.387984339219026,1,Staten Island,Arrochar/Fort Wadsworth,Boro Zone,false,0.0327
6,pickup,2025,4,11574,9.356516482133785,1,Staten Island,Arrochar/Fort Wadsworth,Boro Zone,false,0.0327
6,pickup,2025,5,12663,9.44643963445061,1,Staten Island,Arrochar/Fort Wadsworth,Boro Zone,false,0.0327
6,pickup,2025,6,11955,9.388904879892426,1,Staten Island,Arrochar/Fort Wadsworth,Boro Zone,false,0.0327
7,dropoff,2024,2,179018,12.095241638426426,0,Queens,Astoria,Boro Zone,false,0.1317
7,dropoff,2024,3,207523,12.242997455883712,0,Queens,Astoria,Boro Zone,false,0.1317
7,dropoff,2024,4,186246,12.134823659501116,0,Queens,Astoria,Boro Zone,false,0.1317
7,dropoff,2024,5,193703,12.174081337142988,0,Queens,Astoria,Boro Zone,false,0.1317
7,dropoff,2024,6,191624,12.163290397634732,0,Queens,Astoria,Boro Zone,false,0.1317
7,dropoff,2025,2,179839,12.099817285173783,1,Queens,Astoria,Boro Zone,false,0.1317
7,dropoff,2025,3,192801,12.169413847867123,1,Queens,Astoria,Boro Zone,false,0.1317
7,dropoff,2025,4,183898,12.122136535057471,1,Queens,Astoria,Boro Zone,false,0.1317
7,dropoff,2025,5,205809,12.234703833204305,1,Queens,Astoria,Boro Zone,false,0.1317
7,dropoff,2025,6,186644,12.136958338098747,1,Queens,Astoria,Boro Zone,false,0.1317
7,pickup,2024,2,182025,12.111899319262912,0,Queens,Astoria,Boro Zone,false,0.1006
7,pickup,2024,3,209756,12.25370022940304,0,Queens,Astoria,Boro Zone,false,0.1006
7,pickup,2024,4,190562,12.157732879916082,0,Queens,Astoria,Boro Zone,false,0.1006
7,pickup,2024,5,197636,12.194182233936825,0,Queens,Astoria,Boro Zone,false,0.1006
7,pickup,2024,6,196564,12.188743357008352,0,Queens,Astoria,Boro Zone,false,0.1006
7,pickup,2025,2,183849,12.121870047497874,1,Queens,Astoria,Boro Zone,false,0.1006
7,pickup,2025,3,196356,12.187684617216895,1,Queens,Astoria,Boro Zone,false,0.1006
7,pickup,2025,4,187065,12.139211429022957,1,Queens,Astoria,Boro Zone,false,0.1006
7,pickup,2025,5,205738,12.234358793630676,1,Queens,Astoria,Boro Zone,false,0.1006
7,pickup,2025,6,190665,12.158273240396879,1,Queens,Astoria,Boro Zone,false,0.1006
8,dropoff,2024,2,410,6.016157159698354,0,Queens,Astoria Park,Boro Zone,false,0.0672
8,dropoff,2024,3,572,6.349138991379798,0,Queens,Astoria Park,Boro Zone,false,0.0672
8,dropoff,2024,4,849,6.744059186311348,0,Queens,Astoria Park,Boro Zone,false,0.0672
8,dropoff,2024,5,873,6.771935555839602,0,Queens,Astoria Park,Boro Zone,false,0.0672
8,dropoff,2024,6,1763,7.47477218239787,0,Queens,Astoria Park,Boro Zone,false,0.0672
8,dropoff,2025,2,368,5.908082938168931,1,Queens,Astoria Park,Boro Zone,false,0.0672
8,dropoff,2025,3,711,6.566672429803241,1,Queens,Astoria Park,Boro Zone,false,0.0672
8,dropoff,2025,4,903,6.805722553416985,1,Queens,Astoria Park,Boro Zone,false,0.0672
8,dropoff,2025,5,1205,7.094234845924755,1,Queens,Astoria Park,Boro Zone,false,0.0672
8,dropoff,2025,6,2305,7.742835955430749,1,Queens,Astoria Park,Boro Zone,false,0.0672
8,pickup,2024,2,501,6.2166061010848646,0,Queens,Astoria Park,Boro Zone,false,0.0763
8,pickup,2024,3,659,6.490723534502507,0,Queens,Astoria Park,Boro Zone,false,0.0763
8,pickup,2024,4,746,6.61472560020376,0,Queens,Astoria Park,Boro Zone,false,0.0763
8,pickup,2024,5,944,6.8501261661455,0,Queens,Astoria Park,Boro Zone,false,0.0763
8,pickup,2024,6,1527,7.3310603052186325,0,Queens,Astoria Park,Boro Zone,false,0.0763
8,pickup,2025,2,385,5.953243334287785,1,Queens,Astoria Park,Boro Zone,false,0.0763
8,pickup,2025,3,587,6.375024819828097,1,Queens,Astoria Park,Boro Zone,false,0.0763
8,pickup,2025,4,711,6.566672429803241,1,Queens,Astoria Park,Boro Zone,false,0.0763
8,pickup,2025,5,928,6.833031732786201,1,Queens,Astoria Park,Boro Zone,false,0.0763
8,pickup,2025,6,1294,7.165493475060845,1,Queens,Astoria Park,Boro Zone,false,0.0763
9,dropoff,2024,2,15996,9.680093969966709,0,Queens,Auburndale,Boro Zone,false,0.0452
9,dropoff,2024,3,17617,9.77661962392714,0,Queens,Auburndale,Boro Zone,false,0.0452
9,dropoff,2024,4,16573,9.715530144123544,0,Queens,Auburndale,Boro Zone,false,0.0452
9,dropoff,2024,5,18729,9.837828403729853,0,Queens,Auburndale,Boro Zone,false,0.0452
9,dropoff,2024,6,17478,9.768698226187489,0,Queens,Auburndale,Boro Zone,false,0.0452
9,dropoff,2025,2,16283,9.697876897764221,1,Queens,Auburndale,Boro Zone,false,0.0452
9,dropoff,2025,3,17979,9.796959689126295,1,Queens,Auburndale,Boro Zone,false,0.0452
9,dropoff,2025,4,17265,9.756436609824092,1,Queens,Auburndale,Boro Zone,false,0.0452
9,dropoff,2025,5,19570,9.881753060390121,1,Queens,Auburndale,Boro Zone,false,0.0452
9,dropoff,2025,6,18618,9.831884133676436,1,Queens,Auburndale,Boro Zone,false,0.0452
9,pickup,2024,2,15802,9.667891793282678,0,Queens,Auburndale,Boro Zone,false,0.0299
9,pickup,2024,3,17614,9.776449319365405,0,Queens,Auburndale,Boro Zone,false,0.0299
9,pickup,2024,4,16273,9.697262571660614,0,Queens,Auburndale,Boro Zone,false,0.0299
9,pickup,2024,5,18288,9.814000386034591,0,Queens,Auburndale,Boro Zone,false,0.0299
9,pickup,2024,6,17550,9.772809228894012,0,Queens,Auburndale,Boro Zone,false,0.0299
9,pickup,2025,2,16628,9.718843300372528,1,Queens,Auburndale,Boro Zone,false,0.0299
9,pickup,2025,3,18338,9.816730688609846,1,Queens,Auburndale,Boro Zone,false,0.0299
9,pickup,2025,4,17704,9.781545881730885,1,Queens,Auburndale,Boro Zone,false,0.0299
9,pickup,2025,5,20030,9.904986428659864,1,Queens,Auburndale,Boro Zone,false,0.0299
9,pickup,2025,6,19362,9.871067661280017,1,Queens,Auburndale,Boro Zone,false,0.0299
10,dropoff,2024,2,50139,10.822554427357035,0,Queens,Baisley Park,Boro Zone,false,0.0247
10,dropoff,2024,3,57660,10.962318971192394,0,Queens,Baisley Park,Boro Zone,false,0.0247
10,dropoff,2024,4,52922,10.876574410409694,0,Queens,Baisley Park,Boro Zone,false,0.0247
10,dropoff,2024,5,57736,10.963636174752109,0,Queens,Baisley Park,Boro Zone,false,0.0247
10,dropoff,2024,6,55822,10.929923335900263,0,Queens,Baisley Park,Boro Zone,false,0.0247
10,dropoff,2025,2,52301,10.86477077032911,1,Queens,Baisley Park,Boro Zone,false,0.0247
10,dropoff,2025,3,57766,10.964155646288093,1,Queens,Baisley Park,Boro Zone,false,0.0247
10,dropoff,2025,4,56153,10.935835387056356,1,Queens,Baisley Park,Boro Zone,false,0.0247
10,dropoff,2025,5,61886,11.033049261848173,1,Queens,Baisley Park,Boro Zone,false,0.0247
10,dropoff,2025,6,59644,10.996148835710798,1,Queens,Baisley Park,Boro Zone,false,0.0247
10,pickup,2024,2,60192,11.005294732100756,0,Queens,Baisley Park,Boro Zone,false,0.018
10,pickup,2024,3,68299,11.131650404163263,0,Queens,Baisley Park,Boro Zone,false,0.018
10,pickup,2024,4,63332,11.056146009621324,0,Queens,Baisley Park,Boro Zone,false,0.018
10,pickup,2024,5,67924,11.126144712066191,0,Queens,Baisley Park,Boro Zone,false,0.018
10,pickup,2024,6,65755,11.093690992776065,0,Queens,Baisley Park,Boro Zone,false,0.018
10,pickup,2025,2,61552,11.027637624992076,1,Queens,Baisley Park,Boro Zone,false,0.018
10,pickup,2025,3,67893,11.125688215448855,1,Queens,Baisley Park,Boro Zone,false,0.018
10,pickup,2025,4,65493,11.089698545683305,1,Queens,Baisley Park,Boro Zone,false,0.018
10,pickup,2025,5,72546,11.191976122402302,1,Queens,Baisley Park,Boro Zone,false,0.018
10,pickup,2025,6,70117,11.157920554320716,1,Queens,Baisley Park,Boro Zone,false,0.018
11,dropoff,2024,2,20598,9.932949262685748,0,Brooklyn,Bath Beach,Boro Zone,false,0.0572
11,dropoff,2024,3,22710,10.030560635099604,0,Brooklyn,Bath Beach,Boro Zone,false,0.0572
11,dropoff,2024,4,21238,9.963547308963792,0,Brooklyn,Bath Beach,Boro Zone,false,0.0572
11,dropoff,2024,5,21968,9.997342128007752,0,Brooklyn,Bath Beach,Boro Zone,false,0.0572
11,dropoff,2024,6,21252,9.964206287570834,0,Brooklyn,Bath Beach,Boro Zone,false,0.0572
11,dropoff,2025,2,21751,9.987415012471414,1,Brooklyn,Bath Beach,Boro Zone,false,0.0572
11,dropoff,2025,3,23277,10.055221027562059,1,Brooklyn,Bath Beach,Boro Zone,false,0.0572
11,dropoff,2025,4,21795,9.989435864672492,1,Brooklyn,Bath Beach,Boro Zone,false,0.0572
11,dropoff,2025,5,23924,10.082637418164447,1,Brooklyn,Bath Beach,Boro Zone,false,0.0572
11,dropoff,2025,6,24224,10.095099156237175,1,Brooklyn,Bath Beach,Boro Zone,false,0.0572
11,pickup,2024,2,20771,9.941313062076109,0,Brooklyn,Bath Beach,Boro Zone,false,0.0384
11,pickup,2024,3,23037,10.044856897998653,0,Brooklyn,Bath Beach,Boro Zone,false,0.0384
11,pickup,2024,4,21044,9.954370762850697,0,Brooklyn,Bath Beach,Boro Zone,false,0.0384
11,pickup,2024,5,22056,10.001339952703633,0,Brooklyn,Bath Beach,Boro Zone,false,0.0384
11,pickup,2024,6,21384,9.970398257818754,0,Brooklyn,Bath Beach,Boro Zone,false,0.0384
11,pickup,2025,2,22004,9.99897953399535,1,Brooklyn,Bath Beach,Boro Zone,false,0.0384
11,pickup,2025,3,23800,10.077440859659566,1,Brooklyn,Bath Beach,Boro Zone,false,0.0384
11,pickup,2025,4,22440,10.018600359636633,1,Brooklyn,Bath Beach,Boro Zone,false,0.0384
11,pickup,2025,5,24372,10.101190211368385,1,Brooklyn,Bath Beach,Boro Zone,false,0.0384
11,pickup,2025,6,23667,10.0718369517632,1,Brooklyn,Bath Beach,Boro Zone,false,0.0384
12,dropoff,2024,2,2732,7.912789220690681,0,Manhattan,Battery Park,Yellow Zone,true,1.0
12,dropoff,2024,3,3672,8.20849175174038,0,Manhattan,Battery Park,Yellow Zone,true,1.0
12,dropoff,2024,4,3506,8.16223106548118,0,Manhattan,Battery Park,Yellow Zone,true,1.0
12,dropoff,2024,5,3932,8.276903481267057,0,Manhattan,Battery Park,Yellow Zone,true,1.0
12,dropoff,2024,6,4486,8.408716715080153,0,Manhattan,Battery Park,Yellow Zone,true,1.0
12,dropoff,2025,2,2554,7.845416036592485,1,Manhattan,Battery Park,Yellow Zone,true,1.0
12,dropoff,2025,3,3620,8.194229304819817,1,Manhattan,Battery Park,Yellow Zone,true,1.0
12,dropoff,2025,4,3341,8.114025442356757,1,Manhattan,Battery Park,Yellow Zone,true,1.0
12,dropoff,2025,5,3292,8.09925056179696,1,Manhattan,Battery Park,Yellow Zone,true,1.0
12,dropoff,2025,6,3920,8.273846932784508,1,Manhattan,Battery Park,Yellow Zone,true,1.0
12,pickup,2024,2,1781,7.484930283289661,0,Manhattan,Battery Park,Yellow Zone,true,1.0
12,pickup,2024,3,2300,7.7406644019172415,0,Manhattan,Battery Park,Yellow Zone,true,1.0
12,pickup,2024,4,2375,7.772752716468742,0,Manhattan,Battery Park,Yellow Zone,true,1.0
12,pickup,2024,5,2492,7.820840879907344,0,Manhattan,Battery Park,Yellow Zone,true,1.0
12,pickup,2024,6,2702,7.9017475185201445,0,Manhattan,Battery Park,Yellow Zone,true,1.0
12,pickup,2025,2,1322,7.186901020411631,1,Manhattan,Battery Park,Yellow Zone,true,1.0
12,pickup,2025,3,1824,7.508787170634276,1,Manhattan,Battery Park,Yellow Zone,true,1.0
12,pickup,2025,4,1950,7.575584651557793,1,Manhattan,Battery Park,Yellow Zone,true,1.0
12,pickup,2025,5,2210,7.700747794511798,1,Manhattan,Battery Park,Yellow Zone,true,1.0
12,pickup,2025,6,2381,7.7752758464868625,1,Manhattan,Battery Park,Yellow Zone,true,1.0
13,dropoff,2024,2,78662,11.272915471546117,0,Manhattan,Battery Park City,Yellow Zone,true,1.0
13,dropoff,2024,3,84794,11.34798006455978,0,Manhattan,Battery Park City,Yellow Zone,true,1.0
13,dropoff,2024,4,83225,11.329303062443225,0,Manhattan,Battery Park City,Yellow Zone,true,1.0
13,dropoff,2024,5,84867,11.348840604159392,0,Manhattan,Battery Park City,Yellow Zone,true,1.0
13,dropoff,2024,6,83742,11.3354959227367,0,Manhattan,Battery Park City,Yellow Zone,true,1.0
13,dropoff,2025,2,74209,11.214640715600513,1,Manhattan,Battery Park City,Yellow Zone,true,1.0
13,dropoff,2025,3,78346,11.268890193513466,1,Manhattan,Battery Park City,Yellow Zone,true,1.0
13,dropoff,2025,4,79460,11.28300902936859,1,Manhattan,Battery Park City,Yellow Zone,true,1.0
13,dropoff,2025,5,79281,11.280753782446014,1,Manhattan,Battery Park City,Yellow Zone,true,1.0
13,dropoff,2025,6,77613,11.25949021791363,1,Manhattan,Battery Park City,Yellow Zone,true,1.0
13,pickup,2024,2,87439,11.378696686371484,0,Manhattan,Battery Park City,Yellow Zone,true,1.0
13,pickup,2024,3,92757,11.43773844931995,0,Manhattan,Battery Park City,Yellow Zone,true,1.0
13,pickup,2024,4,90872,11.417207201911257,0,Manhattan,Battery Park City,Yellow Zone,true,1.0
13,pickup,2024,5,93161,11.44208445816136,0,Manhattan,Battery Park City,Yellow Zone,true,1.0
13,pickup,2024,6,91776,11.427106104519238,0,Manhattan,Battery Park City,Yellow Zone,true,1.0
13,pickup,2025,2,84722,11.347130587173226,1,Manhattan,Battery Park City,Yellow Zone,true,1.0
13,pickup,2025,3,88003,11.385126183788353,1,Manhattan,Battery Park City,Yellow Zone,true,1.0
13,pickup,2025,4,87762,11.382383884115143,1,Manhattan,Battery Park City,Yellow Zone,true,1.0
13,pickup,2025,5,88622,11.392135412767834,1,Manhattan,Battery Park City,Yellow Zone,true,1.0
13,pickup,2025,6,88008,11.385182998419271,1,Manhattan,Battery Park City,Yellow Zone,true,1.0
14,dropoff,2024,2,102253,11.535205413327944,0,Brooklyn,Bay Ridge,Boro Zone,false,0.0913
14,dropoff,2024,3,114774,11.650720256380708,0,Brooklyn,Bay Ridge,Boro Zone,false,0.0913
14,dropoff,2024,4,108218,11.591902990153656,0,Brooklyn,Bay Ridge,Boro Zone,false,0.0913
14,dropoff,2024,5,113758,11.64182866401051,0,Brooklyn,Bay Ridge,Boro Zone,false,0.0913
14,dropoff,2024,6,111153,11.61866290958141,0,Brooklyn,Bay Ridge,Boro Zone,false,0.0913
14,dropoff,2025,2,108696,11.596310273904159,1,Brooklyn,Bay Ridge,Boro Zone,false,0.0913
14,dropoff,2025,3,113669,11.641045995246088,1,Brooklyn,Bay Ridge,Boro Zone,false,0.0913
14,dropoff,2025,4,109724,11.60572340082158,1,Brooklyn,Bay Ridge,Boro Zone,false,0.0913
14,dropoff,2025,5,119432,11.690502450733426,1,Brooklyn,Bay Ridge,Boro Zone,false,0.0913
14,dropoff,2025,6,113743,11.64169679645809,1,Brooklyn,Bay Ridge,Boro Zone,false,0.0913
14,pickup,2024,2,98415,11.496948510447087,0,Brooklyn,Bay Ridge,Boro Zone,false,0.068
14,pickup,2024,3,110664,11.614253862554651,0,Brooklyn,Bay Ridge,Boro Zone,false,0.068
14,pickup,2024,4,101859,11.531344782993978,0,Brooklyn,Bay Ridge,Boro Zone,false,0.068
14,pickup,2024,5,108580,11.595242507459442,0,Brooklyn,Bay Ridge,Boro Zone,false,0.068
14,pickup,2024,6,106682,11.577607725776758,0,Brooklyn,Bay Ridge,Boro Zone,false,0.068
14,pickup,2025,2,105643,11.567820764341809,1,Brooklyn,Bay Ridge,Boro Zone,false,0.068
14,pickup,2025,3,111444,11.621277501564009,1,Brooklyn,Bay Ridge,Boro Zone,false,0.068
14,pickup,2025,4,105769,11.56901274980071,1,Brooklyn,Bay Ridge,Boro Zone,false,0.068
14,pickup,2025,5,115534,11.657320137919335,1,Brooklyn,Bay Ridge,Boro Zone,false,0.068
14,pickup,2025,6,111372,11.620631228383393,1,Brooklyn,Bay Ridge,Boro Zone,false,0.068
15,dropoff,2024,2,12288,9.416378455387454,0,Queens,Bay Terrace/Fort Totten,Boro Zone,false,0.06
15,dropoff,2024,3,13763,9.529739110979532,0,Queens,Bay Terrace/Fort Totten,Boro Zone,false,0.06
15,dropoff,2024,4,13243,9.491224389926964,0,Queens,Bay Terrace/Fort Totten,Boro Zone,false,0.06
15,dropoff,2024,5,14156,9.557893841465354,0,Queens,Bay Terrace/Fort Totten,Boro Zone,false,0.06
15,dropoff,2024,6,14202,9.561138078742038,0,Queens,Bay Terrace/Fort Totten,Boro Zone,false,0.06
15,dropoff,2025,2,13161,9.485013189834323,1,Queens,Bay Terrace/Fort Totten,Boro Zone,false,0.06
15,dropoff,2025,3,13927,9.541584681053092,1,Queens,Bay Terrace/Fort Totten,Boro Zone,false,0.06
15,dropoff,2025,4,13920,9.54108193388841,1,Queens,Bay Terrace/Fort Totten,Boro Zone,false,0.06
15,dropoff,2025,5,15701,9.661479683575521,1,Queens,Bay Terrace/Fort Totten,Boro Zone,false,0.06
15,dropoff,2025,6,15634,9.657203308780275,1,Queens,Bay Terrace/Fort Totten,Boro Zone,false,0.06
15,pickup,2024,2,12460,9.430278792341444,0,Queens,Bay Terrace/Fort Totten,Boro Zone,false,0.0398
15,pickup,2024,3,14080,9.552510629712033,0,Queens,Bay Terrace/Fort Totten,Boro Zone,false,0.0398
15,pickup,2024,4,13580,9.516353401112687,0,Queens,Bay Terrace/Fort Totten,Boro Zone,false,0.0398
15,pickup,2024,5,14611,9.589529948672084,0,Queens,Bay Terrace/Fort Totten,Boro Zone,false,0.0398
15,pickup,2024,6,14554,9.585621148907032,0,Queens,Bay Terrace/Fort Totten,Boro Zone,false,0.0398
15,pickup,2025,2,13326,9.497472293122483,1,Queens,Bay Terrace/Fort Totten,Boro Zone,false,0.0398
15,pickup,2025,3,14152,9.557611235839621,1,Queens,Bay Terrace/Fort Totten,Boro Zone,false,0.0398
15,pickup,2025,4,14258,9.565073431677574,1,Queens,Bay Terrace/Fort Totten,Boro Zone,false,0.0398
15,pickup,2025,5,15911,9.674765972907856,1,Queens,Bay Terrace/Fort Totten,Boro Zone,false,0.0398
15,pickup,2025,6,15424,9.643680016850327,1,Queens,Bay Terrace/Fort Totten,Boro Zone,false,0.0398
16,dropoff,2024,2,34870,10.459382139669696,0,Queens,Bayside,Boro Zone,false,0.0461
16,dropoff,2024,3,38742,10.564679561854522,0,Queens,Bayside,Boro Zone,false,0.0461
16,dropoff,2024,4,36418,10.502818436891788,0,Queens,Bayside,Boro Zone,false,0.0461
16,dropoff,2024,5,38787,10.565840417922663,0,Queens,Bayside,Boro Zone,false,0.0461
16,dropoff,2024,6,37448,10.530708582979907,0,Queens,Bayside,Boro Zone,false,0.0461
16,dropoff,2025,2,36428,10.50309298868771,1,Queens,Bayside,Boro Zone,false,0.0461
16,dropoff,2025,3,40365,10.605718351829116,1,Queens,Bayside,Boro Zone,false,0.0461
16,dropoff,2025,4,38842,10.567257414385397,1,Queens,Bayside,Boro Zone,false,0.0461
16,dropoff,2025,5,42379,10.654408235508033,1,Queens,Bayside,Boro Zone,false,0.0461
16,dropoff,2025,6,40181,10.601149526063207,1,Queens,Bayside,Boro Zone,false,0.0461
16,pickup,2024,2,35144,10.467209185655616,0,Queens,Bayside,Boro Zone,false,0.0279
16,pickup,2024,3,39913,10.594457364348266,0,Queens,Bayside,Boro Zone,false,0.0279
16,pickup,2024,4,37175,10.523391771328356,0,Queens,Bayside,Boro Zone,false,0.0279
16,pickup,2024,5,39750,10.590365120082478,0,Queens,Bayside,Boro Zone,false,0.0279
16,pickup,2024,6,38267,10.552343184962949,0,Queens,Bayside,Boro Zone,false,0.0279
16,pickup,2025,2,37332,10.527606146685637,1,Queens,Bayside,Boro Zone,false,0.0279
16,pickup,2025,3,41750,10.639454730279002,1,Queens,Bayside,Boro Zone,false,0.0279
16,pickup,2025,4,39840,10.592626711698534,1,Queens,Bayside,Boro Zone,false,0.0279
16,pickup,2025,5,44478,10.702749963884775,1,Queens,Bayside,Boro Zone,false,0.0279
16,pickup,2025,6,42914,10.666953392005027,1,Queens,Bayside,Boro Zone,false,0.0279
17,dropoff,2024,2,169327,12.03958703561825,0,Brooklyn,Bedford,Boro Zone,false,0.1143
17,dropoff,2024,3,184624,12.126076603434448,0,Brooklyn,Bedford,Boro Zone,false,0.1143
17,dropoff,2024,4,163577,12.005039106470468,0,Brooklyn,Bedford,Boro Zone,false,0.1143
17,dropoff,2024,5,172700,12.05931126413477,0,Brooklyn,Bedford,Boro Zone,false,0.1143
17,dropoff,2024,6,175487,12.075320245070364,0,Brooklyn,Bedford,Boro Zone,false,0.1143
17,dropoff,2025,2,166861,12.024916409486172,1,Brooklyn,Bedford,Boro Zone,false,0.1143
17,dropoff,2025,3,171042,12.049664419361696,1,Brooklyn,Bedford,Boro Zone,false,0.1143
17,dropoff,2025,4,159128,11.977464188784896,1,Brooklyn,Bedford,Boro Zone,false,0.1143
17,dropoff,2025,5,176172,12.07921606952746,1,Brooklyn,Bedford,Boro Zone,false,0.1143
17,dropoff,2025,6,165759,12.018290205216525,1,Brooklyn,Bedford,Boro Zone,false,0.1143
17,pickup,2024,2,166704,12.023975063651966,0,Brooklyn,Bedford,Boro Zone,false,0.0859
17,pickup,2024,3,180009,12.100762128622389,0,Brooklyn,Bedford,Boro Zone,false,0.0859
17,pickup,2024,4,158007,11.970394614825189,0,Brooklyn,Bedford,Boro Zone,false,0.0859
17,pickup,2024,5,168180,12.03279011338689,0,Brooklyn,Bedford,Boro Zone,false,0.0859
17,pickup,2024,6,171976,12.055110211175972,0,Brooklyn,Bedford,Boro Zone,false,0.0859
17,pickup,2025,2,162218,11.996696388612321,1,Brooklyn,Bedford,Boro Zone,false,0.0859
17,pickup,2025,3,167355,12.02787258369539,1,Brooklyn,Bedford,Boro Zone,false,0.0859
17,pickup,2025,4,154295,11.946621633419218,1,Brooklyn,Bedford,Boro Zone,false,0.0859
17,pickup,2025,5,171585,12.052834049627883,1,Brooklyn,Bedford,Boro Zone,false,0.0859
17,pickup,2025,6,161441,11.991895029819986,1,Brooklyn,Bedford,Boro Zone,false,0.0859
18,dropoff,2024,2,84979,11.350159446124865,0,Bronx,Bedford Park,Boro Zone,false,0.0327
18,dropoff,2024,3,93188,11.442374237019193,0,Bronx,Bedford Park,Boro Zone,false,0.0327
18,dropoff,2024,4,85669,11.358246312192403,0,Bronx,Bedford Park,Boro Zone,false,0.0327
18,dropoff,2024,5,86051,11.362695422722654,0,Bronx,Bedford Park,Boro Zone,false,0.0327
18,dropoff,2024,6,83999,11.338560172992684,0,Bronx,Bedford Park,Boro Zone,false,0.0327
18,dropoff,2025,2,88070,11.385887231799504,1,Bronx,Bedford Park,Boro Zone,false,0.0327
18,dropoff,2025,3,94775,11.459260940384535,1,Bronx,Bedford Park,Boro Zone,false,0.0327
18,dropoff,2025,4,88168,11.386999364371379,1,Bronx,Bedford Park,Boro Zone,false,0.0327
18,dropoff,2025,5,92335,11.433178546879972,1,Bronx,Bedford Park,Boro Zone,false,0.0327
18,dropoff,2025,6,87457,11.378902522983681,1,Bronx,Bedford Park,Boro Zone,false,0.0327
18,pickup,2024,2,88556,11.391390399244116,0,Bronx,Bedford Park,Boro Zone,false,0.0273
18,pickup,2024,3,99274,11.505638982919255,0,Bronx,Bedford Park,Boro Zone,false,0.0273
18,pickup,2024,4,90547,11.413624331895797,0,Bronx,Bedford Park,Boro Zone,false,0.0273
18,pickup,2024,5,91933,11.428815329850847,0,Bronx,Bedford Park,Boro Zone,false,0.0273
18,pickup,2024,6,89750,11.404783306350526,0,Bronx,Bedford Park,Boro Zone,false,0.0273
18,pickup,2025,2,93474,11.445438601740484,1,Bronx,Bedford Park,Boro Zone,false,0.0273
18,pickup,2025,3,102180,11.534491242884789,1,Bronx,Bedford Park,Boro Zone,false,0.0273
18,pickup,2025,4,95218,11.463924278537165,1,Bronx,Bedford Park,Boro Zone,false,0.0273
18,pickup,2025,5,99255,11.50544757511427,1,Bronx,Bedford Park,Boro Zone,false,0.0273
18,pickup,2025,6,93842,11.449367795973217,1,Bronx,Bedford Park,Boro Zone,false,0.0273
19,dropoff,2024,2,13067,9.477845246989146,0,Queens,Bellerose,Boro Zone,false,0.0339
19,dropoff,2024,3,14240,9.563810184965966,0,Queens,Bellerose,Boro Zone,false,0.0339
19,dropoff,2024,4,13817,9.53365499705667,0,Queens,Bellerose,Boro Zone,false,0.0339
19,dropoff,2024,5,14575,9.587063011218692,0,Queens,Bellerose,Boro Zone,false,0.0339
19,dropoff,2024,6,14573,9.586925780533697,0,Queens,Bellerose,Boro Zone,false,0.0339
19,dropoff,2025,2,13518,9.511777409660299,1,Queens,Bellerose,Boro Zone,false,0.0339
19,dropoff,2025,3,14934,9.611395771595648,1,Queens,Bellerose,Boro Zone,false,0.0339
19,dropoff,2025,4,13770,9.5302475917227,1,Queens,Bellerose,Boro Zone,false,0.0339
19,dropoff,2025,5,15498,9.648466262323895,1,Queens,Bellerose,Boro Zone,false,0.0339
19,dropoff,2025,6,14573,9.586925780533697,1,Queens,Bellerose,Boro Zone,false,0.0339
19,pickup,2024,2,16137,9.688870050941352,0,Queens,Bellerose,Boro Zone,false,0.0208
19,pickup,2024,3,17441,9.766579035268668,0,Queens,Bellerose,Boro Zone,false,0.0208
19,pickup,2024,4,16850,9.732105935780508,0,Queens,Bellerose,Boro Zone,false,0.0208
19,pickup,2024,5,17752,9.78425346461243,0,Queens,Bellerose,Boro Zone,false,0.0208
19,pickup,2024,6,17430,9.765948138514066,0,Queens,Bellerose,Boro Zone,false,0.0208
19,pickup,2025,2,17549,9.772752247213607,1,Queens,Bellerose,Boro Zone,false,0.0208
19,pickup,2025,3,18766,9.839802000849994,1,Queens,Bellerose,Boro Zone,false,0.0208
19,pickup,2025,4,18020,9.799237531162328,1,Queens,Bellerose,Boro Zone,false,0.0208
19,pickup,2025,5,19572,9.881855252409014,1,Queens,Bellerose,Boro Zone,false,0.0208
19,pickup,2025,6,18963,9.850244991140409,1,Queens,Bellerose,Boro Zone,false,0.0208
20,dropoff,2024,2,55431,10.922894283023263,0,Bronx,Belmont,Boro Zone,false,0.045
20,dropoff,2024,3,61434,11.025718706802872,0,Bronx,Belmont,Boro Zone,false,0.045
20,dropoff,2024,4,58771,10.981403814946026,0,Bronx,Belmont,Boro Zone,false,0.045
20,dropoff,2024,5,59839,10.999412901278777,0,Bronx,Belmont,Boro Zone,false,0.045
20,dropoff,2024,6,55474,10.923669721500422,0,Bronx,Belmont,Boro Zone,false,0.045
20,dropoff,2025,2,57468,10.95898355013061,1,Bronx,Belmont,Boro Zone,false,0.045
20,dropoff,2025,3,62935,11.049857726725605,1,Bronx,Belmont,Boro Zone,false,0.045
20,dropoff,2025,4,60481,11.010084545108258,1,Bronx,Belmont,Boro Zone,false,0.045
20,dropoff,2025,5,62980,11.050572494655016,1,Bronx,Belmont,Boro Zone,false,0.045
20,dropoff,2025,6,56263,10.937792404475719,1,Bronx,Belmont,Boro Zone,false,0.045
20,pickup,2024,2,55480,10.923777874428767,0,Bronx,Belmont,Boro Zone,false,0.0396
20,pickup,2024,3,62994,11.050794762742996,0,Bronx,Belmont,Boro Zone,false,0.0396
20,pickup,2024,4,59331,10.990887213990135,0,Bronx,Belmont,Boro Zone,false,0.0396
20,pickup,2024,5,60588,11.011852132646917,0,Bronx,Belmont,Boro Zone,false,0.0396
20,pickup,2024,6,55966,10.932499642474284,0,Bronx,Belmont,Boro Zone,false,0.0396
20,pickup,2025,2,58345,10.974128944240208,1,Bronx,Belmont,Boro Zone,false,0.0396
20,pickup,2025,3,63367,11.056698500183844,1,Bronx,Belmont,Boro Zone,false,0.0396
20,pickup,2025,4,61791,11.031513001772588,1,Bronx,Belmont,Boro Zone,false,0.0396
20,pickup,2025,5,65241,11.085843384637098,1,Bronx,Belmont,Boro Zone,false,0.0396
20,pickup,2025,6,57613,10.961503515663267,1,Bronx,Belmont,Boro Zone,false,0.0396
21,dropoff,2024,2,47847,10.775763698990863,0,Brooklyn,Bensonhurst East,Boro Zone,false,0.0456
21,dropoff,2024,3,52954,10.877178891141387,0,Brooklyn,Bensonhurst East,Boro Zone,false,0.0456
21,dropoff,2024,4,47532,10.769158447409916,0,Brooklyn,Bensonhurst East,Boro Zone,false,0.0456
21,dropoff,2024,5,50568,10.831074244152134,0,Brooklyn,Bensonhurst East,Boro Zone,false,0.0456
21,dropoff,2024,6,47806,10.774906433614746,0,Brooklyn,Bensonhurst East,Boro Zone,false,0.0456
21,dropoff,2025,2,51094,10.841422352468154,1,Brooklyn,Bensonhurst East,Boro Zone,false,0.0456
21,dropoff,2025,3,53298,10.883654085997756,1,Brooklyn,Bensonhurst East,Boro Zone,false,0.0456
21,dropoff,2025,4,50484,10.829411733378521,1,Brooklyn,Bensonhurst East,Boro Zone,false,0.0456
21,dropoff,2025,5,54839,10.912156898644932,1,Brooklyn,Bensonhurst East,Boro Zone,false,0.0456
21,dropoff,2025,6,51910,10.857266728821275,1,Brooklyn,Bensonhurst East,Boro Zone,false,0.0456
21,pickup,2024,2,48520,10.789731363057987,0,Brooklyn,Bensonhurst East,Boro Zone,false,0.031
21,pickup,2024,3,54260,10.901542586212923,0,Brooklyn,Bensonhurst East,Boro Zone,false,0.031
21,pickup,2024,4,48610,10.7915845500395,0,Brooklyn,Bensonhurst East,Boro Zone,false,0.031
21,pickup,2024,5,50799,10.83563194833345,0,Brooklyn,Bensonhurst East,Boro Zone,false,0.031
21,pickup,2024,6,47948,10.77787236932699,0,Brooklyn,Bensonhurst East,Boro Zone,false,0.031
21,pickup,2025,2,51891,10.856900643712033,1,Brooklyn,Bensonhurst East,Boro Zone,false,0.031
21,pickup,2025,3,54569,10.907221234925327,1,Brooklyn,Bensonhurst East,Boro Zone,false,0.031
21,pickup,2025,4,51171,10.842928244308982,1,Brooklyn,Bensonhurst East,Boro Zone,false,0.031
21,pickup,2025,5,56340,10.939160041430364,1,Brooklyn,Bensonhurst East,Boro Zone,false,0.031
21,pickup,2025,6,55391,10.922172404664506,1,Brooklyn,Bensonhurst East,Boro Zone,false,0.031
22,dropoff,2024,2,61375,11.024757865096822,0,Brooklyn,Bensonhurst West,Boro Zone,false,0.0528
22,dropoff,2024,3,68776,11.13861012585428,0,Brooklyn,Bensonhurst West,Boro Zone,false,0.0528
22,dropoff,2024,4,62451,11.042137528235768,0,Brooklyn,Bensonhurst West,Boro Zone,false,0.0528
22,dropoff,2024,5,66087,11.09872733478783,0,Brooklyn,Bensonhurst West,Boro Zone,false,0.0528
22,dropoff,2024,6,63412,11.057408396963119,0,Brooklyn,Bensonhurst West,Boro Zone,false,0.0528
22,dropoff,2025,2,66271,11.10150767475264,1,Brooklyn,Bensonhurst West,Boro Zone,false,0.0528
22,dropoff,2025,3,68476,11.134238597894669,1,Brooklyn,Bensonhurst West,Boro Zone,false,0.0528
22,dropoff,2025,4,63852,11.064323184384369,1,Brooklyn,Bensonhurst West,Boro Zone,false,0.0528
22,dropoff,2025,5,71253,11.173992202507653,1,Brooklyn,Bensonhurst West,Boro Zone,false,0.0528
22,dropoff,2025,6,72212,11.187361516056548,1,Brooklyn,Bensonhurst West,Boro Zone,false,0.0528
22,pickup,2024,2,62991,11.05074713802576,0,Brooklyn,Bensonhurst West,Boro Zone,false,0.0384
22,pickup,2024,3,71003,11.170477408651925,0,Brooklyn,Bensonhurst West,Boro Zone,false,0.0384
22,pickup,2024,4,63487,11.058590439512432,0,Brooklyn,Bensonhurst West,Boro Zone,false,0.0384
22,pickup,2024,5,66972,11.112029900576434,0,Brooklyn,Bensonhurst West,Boro Zone,false,0.0384
22,pickup,2024,6,64677,11.077160930426118,0,Brooklyn,Bensonhurst West,Boro Zone,false,0.0384
22,pickup,2025,2,68280,11.131372176908377,1,Brooklyn,Bensonhurst West,Boro Zone,false,0.0384
22,pickup,2025,3,70744,11.166823006255571,1,Brooklyn,Bensonhurst West,Boro Zone,false,0.0384
22,pickup,2025,4,66016,11.097652415870979,1,Brooklyn,Bensonhurst West,Boro Zone,false,0.0384
22,pickup,2025,5,73377,11.203365813999131,1,Brooklyn,Bensonhurst West,Boro Zone,false,0.0384
22,pickup,2025,6,75184,11.227693721342597,1,Brooklyn,Bensonhurst West,Boro Zone,false,0.0384
23,dropoff,2024,2,33843,10.42948746227303,0,Staten Island,Bloomfield/Emerson Hill,Boro Zone,false,0.0234
23,dropoff,2024,3,36319,10.50009629929654,0,Staten Island,Bloomfield/Emerson Hill,Boro Zone,false,0.0234
23,dropoff,2024,4,32969,10.403323005002216,0,Staten Island,Bloomfield/Emerson Hill,Boro Zone,false,0.0234
23,dropoff,2024,5,34873,10.459468169808975,0,Staten Island,Bloomfield/Emerson Hill,Boro Zone,false,0.0234
23,dropoff,2024,6,31018,10.342322960119398,0,Staten Island,Bloomfield/Emerson Hill,Boro Zone,false,0.0234
23,dropoff,2025,2,34136,10.438107824867837,1,Staten Island,Bloomfield/Emerson Hill,Boro Zone,false,0.0234
23,dropoff,2025,3,36669,10.509686990445372,1,Staten Island,Bloomfield/Emerson Hill,Boro Zone,false,0.0234
23,dropoff,2025,4,34498,10.448656630324574,1,Staten Island,Bloomfield/Emerson Hill,Boro Zone,false,0.0234
23,dropoff,2025,5,36849,10.514583760207204,1,Staten Island,Bloomfield/Emerson Hill,Boro Zone,false,0.0234
23,dropoff,2025,6,33495,10.419151452942367,1,Staten Island,Bloomfield/Emerson Hill,Boro Zone,false,0.0234
23,pickup,2024,2,29816,10.302800441159095,0,Staten Island,Bloomfield/Emerson Hill,Boro Zone,false,0.0174
23,pickup,2024,3,32155,10.378323238568964,0,Staten Island,Bloomfield/Emerson Hill,Boro Zone,false,0.0174
23,pickup,2024,4,29456,10.290652903472859,0,Staten Island,Bloomfield/Emerson Hill,Boro Zone,false,0.0174
23,pickup,2024,5,30647,10.330290057291649,0,Staten Island,Bloomfield/Emerson Hill,Boro Zone,false,0.0174
23,pickup,2024,6,27814,10.233294770038556,0,Staten Island,Bloomfield/Emerson Hill,Boro Zone,false,0.0174
23,pickup,2025,2,30744,10.33345013224468,1,Staten Island,Bloomfield/Emerson Hill,Boro Zone,false,0.0174
23,pickup,2025,3,32709,10.395405548374491,1,Staten Island,Bloomfield/Emerson Hill,Boro Zone,false,0.0174
23,pickup,2025,4,31028,10.342645301610762,1,Staten Island,Bloomfield/Emerson Hill,Boro Zone,false,0.0174
23,pickup,2025,5,33084,10.406805060811797,1,Staten Island,Bloomfield/Emerson Hill,Boro Zone,false,0.0174
23,pickup,2025,6,30618,10.329343350292026,1,Staten Island,Bloomfield/Emerson Hill,Boro Zone,false,0.0174
24,dropoff,2024,2,26125,10.170647989267112,0,Manhattan,Bloomingdale,Yellow Zone,false,0.2407
24,dropoff,2024,3,27675,10.228284757576837,0,Manhattan,Bloomingdale,Yellow Zone,false,0.2407
24,dropoff,2024,4,26553,10.186898014636986,0,Manhattan,Bloomingdale,Yellow Zone,false,0.2407
24,dropoff,2024,5,28064,10.242242895171909,0,Manhattan,Bloomingdale,Yellow Zone,false,0.2407
24,dropoff,2024,6,25018,10.127350844774687,0,Manhattan,Bloomingdale,Yellow Zone,false,0.2407
24,dropoff,2025,2,24432,10.103649027458413,1,Manhattan,Bloomingdale,Yellow Zone,false,0.2407
24,dropoff,2025,3,25016,10.127270899137677,1,Manhattan,Bloomingdale,Yellow Zone,false,0.2407
24,dropoff,2025,4,25412,10.142976782386423,1,Manhattan,Bloomingdale,Yellow Zone,false,0.2407
24,dropoff,2025,5,26779,10.195373277248482,1,Manhattan,Bloomingdale,Yellow Zone,false,0.2407
24,dropoff,2025,6,22131,10.004734619552412,1,Manhattan,Bloomingdale,Yellow Zone,false,0.2407
24,pickup,2024,2,28768,10.267018937271347,0,Manhattan,Bloomingdale,Yellow Zone,false,0.2047
24,pickup,2024,3,29833,10.30337044234806,0,Manhattan,Bloomingdale,Yellow Zone,false,0.2047
24,pickup,2024,4,30319,10.319529857682062,0,Manhattan,Bloomingdale,Yellow Zone,false,0.2047
24,pickup,2024,5,30758,10.33390540199987,0,Manhattan,Bloomingdale,Yellow Zone,false,0.2047
24,pickup,2024,6,26409,10.181460140129015,0,Manhattan,Bloomingdale,Yellow Zone,false,0.2047
24,pickup,2025,2,27311,10.215044830421325,1,Manhattan,Bloomingdale,Yellow Zone,false,0.2047
24,pickup,2025,3,27473,10.220958983173661,1,Manhattan,Bloomingdale,Yellow Zone,false,0.2047
24,pickup,2025,4,27874,10.235449633679455,1,Manhattan,Bloomingdale,Yellow Zone,false,0.2047
24,pickup,2025,5,28918,10.272219517588072,1,Manhattan,Bloomingdale,Yellow Zone,false,0.2047
24,pickup,2025,6,23708,10.073567822907728,1,Manhattan,Bloomingdale,Yellow Zone,false,0.2047
25,dropoff,2024,2,102665,11.539226539389599,0,Brooklyn,Boerum Hill,Boro Zone,false,0.1995
25,dropoff,2024,3,112942,11.634629691587831,0,Brooklyn,Boerum Hill,Boro Zone,false,0.1995
25,dropoff,2024,4,102665,11.539226539389599,0,Brooklyn,Boerum Hill,Boro Zone,false,0.1995
25,dropoff,2024,5,107143,11.581919669789624,0,Brooklyn,Boerum Hill,Boro Zone,false,0.1995
25,dropoff,2024,6,105002,11.561734676577304,0,Brooklyn,Boerum Hill,Boro Zone,false,0.1995
25,dropoff,2025,2,104499,11.556932780963226,1,Brooklyn,Boerum Hill,Boro Zone,false,0.1995
25,dropoff,2025,3,106650,11.577307723899496,1,Brooklyn,Boerum Hill,Boro Zone,false,0.1995
25,dropoff,2025,4,102553,11.538135017095064,1,Brooklyn,Boerum Hill,Boro Zone,false,0.1995
25,dropoff,2025,5,112398,11.629801422689114,1,Brooklyn,Boerum Hill,Boro Zone,false,0.1995
25,dropoff,2025,6,104271,11.554748558223888,1,Brooklyn,Boerum Hill,Boro Zone,false,0.1995
25,pickup,2024,2,114844,11.651329964697727,0,Brooklyn,Boerum Hill,Boro Zone,false,0.152
25,pickup,2024,3,125710,11.741732945908877,0,Brooklyn,Boerum Hill,Boro Zone,false,0.152
25,pickup,2024,4,114459,11.64797195924836,0,Brooklyn,Boerum Hill,Boro Zone,false,0.152
25,pickup,2024,5,119708,11.692810723063833,0,Brooklyn,Boerum Hill,Boro Zone,false,0.152
25,pickup,2024,6,117039,11.670262491570014,0,Brooklyn,Boerum Hill,Boro Zone,false,0.152
25,pickup,2025,2,115081,11.653391507234959,1,Brooklyn,Boerum Hill,Boro Zone,false,0.152
25,pickup,2025,3,118821,11.685373437965884,1,Brooklyn,Boerum Hill,Boro Zone,false,0.152
25,pickup,2025,4,114823,11.651147091232591,1,Brooklyn,Boerum Hill,Boro Zone,false,0.152
25,pickup,2025,5,127346,11.75466307041294,1,Brooklyn,Boerum Hill,Boro Zone,false,0.152
25,pickup,2025,6,117030,11.670185591168812,1,Brooklyn,Boerum Hill,Boro Zone,false,0.152
26,dropoff,2024,2,109692,11.60543171744182,0,Brooklyn,Borough Park,Boro Zone,false,0.024
26,dropoff,2024,3,120180,11.696745897887919,0,Brooklyn,Borough Park,Boro Zone,false,0.024
26,dropoff,2024,4,98514,11.497953949040083,0,Brooklyn,Borough Park,Boro Zone,false,0.024
26,dropoff,2024,5,105124,11.562895884744869,0,Brooklyn,Borough Park,Boro Zone,false,0.024
26,dropoff,2024,6,99330,11.506202919209402,0,Brooklyn,Borough Park,Boro Zone,false,0.024
26,dropoff,2025,2,111593,11.622613602947778,1,Brooklyn,Borough Park,Boro Zone,false,0.024
26,dropoff,2025,3,117091,11.67070668924528,1,Brooklyn,Borough Park,Boro Zone,false,0.024
26,dropoff,2025,4,92403,11.433914724635184,1,Brooklyn,Borough Park,Boro Zone,false,0.024
26,dropoff,2025,5,106783,11.57855401680842,1,Brooklyn,Borough Park,Boro Zone,false,0.024
26,dropoff,2025,6,109590,11.604501408457438,1,Brooklyn,Borough Park,Boro Zone,false,0.024
26,pickup,2024,2,106879,11.579452632439278,0,Brooklyn,Borough Park,Boro Zone,false,0.021
26,pickup,2024,3,117391,11.673265522449455,0,Brooklyn,Borough Park,Boro Zone,false,0.021
26,pickup,2024,4,96085,11.472988495366527,0,Brooklyn,Borough Park,Boro Zone,false,0.021
26,pickup,2024,5,101042,11.523291550969406,0,Brooklyn,Borough Park,Boro Zone,false,0.021
26,pickup,2024,6,95532,11.467216548876578,0,Brooklyn,Borough Park,Boro Zone,false,0.021
26,pickup,2025,2,109854,11.60690749044066,1,Brooklyn,Borough Park,Boro Zone,false,0.021
26,pickup,2025,3,114431,11.64772730024063,1,Brooklyn,Borough Park,Boro Zone,false,0.021
26,pickup,2025,4,88836,11.3945472522311,1,Brooklyn,Borough Park,Boro Zone,false,0.021
26,pickup,2025,5,103634,11.54862074029468,1,Brooklyn,Borough Park,Boro Zone,false,0.021
26,pickup,2025,6,106923,11.579864228220618,1,Brooklyn,Borough Park,Boro Zone,false,0.021
27,dropoff,2024,2,876,6.775366090936392,0,Queens,Breezy Point/Fort Tilden/Riis Beach,Boro Zone,false,0.0818
27,dropoff,2024,3,1118,7.0192966537150445,0,Queens,Breezy Point/Fort Tilden/Riis Beach,Boro Zone,false,0.0818
27,dropoff,2024,4,1102,7.004881989712859,0,Queens,Breezy Point/Fort Tilden/Riis Beach,Boro Zone,false,0.0818
27,dropoff,2024,5,1921,7.560601162768557,0,Queens,Breezy Point/Fort Tilden/Riis Beach,Boro Zone,false,0.0818
27,dropoff,2024,6,4845,8.485702524324866,0,Queens,Breezy Point/Fort Tilden/Riis Beach,Boro Zone,false,0.0818
27,dropoff,2025,2,808,6.694562058521095,1,Queens,Breezy Point/Fort Tilden/Riis Beach,Boro Zone,false,0.0818
27,dropoff,2025,3,1131,7.030857476116121,1,Queens,Breezy Point/Fort Tilden/Riis Beach,Boro Zone,false,0.0818
27,dropoff,2025,4,1051,6.957497370876951,1,Queens,Breezy Point/Fort Tilden/Riis Beach,Boro Zone,false,0.0818
27,dropoff,2025,5,1714,7.446585099157725,1,Queens,Breezy Point/Fort Tilden/Riis Beach,Boro Zone,false,0.0818
27,dropoff,2025,6,3966,8.285513309079741,1,Queens,Breezy Point/Fort Tilden/Riis Beach,Boro Zone,false,0.0818
27,pickup,2024,2,544,6.298949246855942,0,Queens,Breezy Point/Fort Tilden/Riis Beach,Boro Zone,false,0.044
27,pickup,2024,3,686,6.530877627725885,0,Queens,Breezy Point/Fort Tilden/Riis Beach,Boro Zone,false,0.044
27,pickup,2024,4,680,6.522092798170152,0,Queens,Breezy Point/Fort Tilden/Riis Beach,Boro Zone,false,0.044
27,pickup,2024,5,1407,7.249215057114389,0,Queens,Breezy Point/Fort Tilden/Riis Beach,Boro Zone,false,0.044
27,pickup,2024,6,3302,8.102283624480073,0,Queens,Breezy Point/Fort Tilden/Riis Beach,Boro Zone,false,0.044
27,pickup,2025,2,557,6.322565239927284,1,Queens,Breezy Point/Fort Tilden/Riis Beach,Boro Zone,false,0.044
27,pickup,2025,3,708,6.56244409369372,1,Queens,Breezy Point/Fort Tilden/Riis Beach,Boro Zone,false,0.044
27,pickup,2025,4,685,6.529418838262226,1,Queens,Breezy Point/Fort Tilden/Riis Beach,Boro Zone,false,0.044
27,pickup,2025,5,1125,7.025538314638521,1,Queens,Breezy Point/Fort Tilden/Riis Beach,Boro Zone,false,0.044
27,pickup,2025,6,2699,7.900636613018005,1,Queens,Breezy Point/Fort Tilden/Riis Beach,Boro Zone,false,0.044
28,dropoff,2024,2,44058,10.693262226679666,0,Queens,Briarwood/Jamaica Hills,Boro Zone,false,0.047
28,dropoff,2024,3,48911,10.797757599041015,0,Queens,Briarwood/Jamaica Hills,Boro Zone,false,0.047
28,dropoff,2024,4,45710,10.73007237132579,0,Queens,Briarwood/Jamaica Hills,Boro Zone,false,0.047
28,dropoff,2024,5,47611,10.770819105958742,0,Queens,Briarwood/Jamaica Hills,Boro Zone,false,0.047
28,dropoff,2024,6,45387,10.722980999412945,0,Queens,Briarwood/Jamaica Hills,Boro Zone,false,0.047
28,dropoff,2025,2,46562,10.748540036809226,1,Queens,Briarwood/Jamaica Hills,Boro Zone,false,0.047
28,dropoff,2025,3,49627,10.81229031944438,1,Queens,Briarwood/Jamaica Hills,Boro Zone,false,0.047
28,dropoff,2025,4,47368,10.765702174211611,1,Queens,Briarwood/Jamaica Hills,Boro Zone,false,0.047
28,dropoff,2025,5,51139,10.842302694488955,1,Queens,Briarwood/Jamaica Hills,Boro Zone,false,0.047
28,dropoff,2025,6,47960,10.77812260914145,1,Queens,Briarwood/Jamaica Hills,Boro Zone,false,0.047
28,pickup,2024,2,47021,10.758349589413635,0,Queens,Briarwood/Jamaica Hills,Boro Zone,false,0.0322
28,pickup,2024,3,51551,10.85032688789905,0,Queens,Briarwood/Jamaica Hills,Boro Zone,false,0.0322
28,pickup,2024,4,48089,10.780808739711565,0,Queens,Briarwood/Jamaica Hills,Boro Zone,false,0.0322
28,pickup,2024,5,49676,10.813277198067922,0,Queens,Briarwood/Jamaica Hills,Boro Zone,false,0.0322
28,pickup,2024,6,48179,10.782678520453256,0,Queens,Briarwood/Jamaica Hills,Boro Zone,false,0.0322
28,pickup,2025,2,48003,10.779018787936984,1,Queens,Briarwood/Jamaica Hills,Boro Zone,false,0.0322
28,pickup,2025,3,51326,10.845952725379746,1,Queens,Briarwood/Jamaica Hills,Boro Zone,false,0.0322
28,pickup,2025,4,49592,10.811584809381756,1,Queens,Briarwood/Jamaica Hills,Boro Zone,false,0.0322
28,pickup,2025,5,53634,10.889938474315908,1,Queens,Briarwood/Jamaica Hills,Boro Zone,false,0.0322
28,pickup,2025,6,50915,10.837912854605765,1,Queens,Briarwood/Jamaica Hills,Boro Zone,false,0.0322
29,dropoff,2024,2,37088,10.521048746139478,0,Brooklyn,Brighton Beach,Boro Zone,false,0.0357
29,dropoff,2024,3,41046,10.622448667989053,0,Brooklyn,Brighton Beach,Boro Zone,false,0.0357
29,dropoff,2024,4,38128,10.548704199338523,0,Brooklyn,Brighton Beach,Boro Zone,false,0.0357
29,dropoff,2024,5,40084,10.59873253117822,0,Brooklyn,Brighton Beach,Boro Zone,false,0.0357
29,dropoff,2024,6,39360,10.58050535116619,0,Brooklyn,Brighton Beach,Boro Zone,false,0.0357
29,dropoff,2025,2,40514,10.609402872373751,1,Brooklyn,Brighton Beach,Boro Zone,false,0.0357
29,dropoff,2025,3,43333,10.676669748432332,1,Brooklyn,Brighton Beach,Boro Zone,false,0.0357
29,dropoff,2025,4,40426,10.607228421306944,1,Brooklyn,Brighton Beach,Boro Zone,false,0.0357
29,dropoff,2025,5,44458,10.702300202250855,1,Brooklyn,Brighton Beach,Boro Zone,false,0.0357
29,dropoff,2025,6,44315,10.699078499172499,1,Brooklyn,Brighton Beach,Boro Zone,false,0.0357
29,pickup,2024,2,35279,10.471043165047808,0,Brooklyn,Brighton Beach,Boro Zone,false,0.0263
29,pickup,2024,3,38343,10.554327260799823,0,Brooklyn,Brighton Beach,Boro Zone,false,0.0263
29,pickup,2024,4,35877,10.487851700636917,0,Brooklyn,Brighton Beach,Boro Zone,false,0.0263
29,pickup,2024,5,37735,10.53834332471897,0,Brooklyn,Brighton Beach,Boro Zone,false,0.0263
29,pickup,2024,6,36351,10.500976992899632,0,Brooklyn,Brighton Beach,Boro Zone,false,0.0263
29,pickup,2025,2,38497,10.558335595161871,1,Brooklyn,Brighton Beach,Boro Zone,false,0.0263
29,pickup,2025,3,41799,10.640627694781701,1,Brooklyn,Brighton Beach,Boro Zone,false,0.0263
29,pickup,2025,4,38619,10.561499662327744,1,Brooklyn,Brighton Beach,Boro Zone,false,0.0263
29,pickup,2025,5,42699,10.661930779738736,1,Brooklyn,Brighton Beach,Boro Zone,false,0.0263
29,pickup,2025,6,42016,10.645805777102522,1,Brooklyn,Brighton Beach,Boro Zone,false,0.0263
30,dropoff,2024,2,808,6.694562058521095,0,Queens,Broad Channel,Boro Zone,false,0.0461
30,dropoff,2024,3,1062,6.967909201801884,0,Queens,Broad Channel,Boro Zone,false,0.0461
30,dropoff,2024,4,949,6.855408798609928,0,Queens,Broad Channel,Boro Zone,false,0.0461
30,dropoff,2024,5,1205,7.094234845924755,0,Queens,Broad Channel,Boro Zone,false,0.0461
30,dropoff,2024,6,1512,7.321188556739478,0,Queens,Broad Channel,Boro Zone,false,0.0461
30,dropoff,2025,2,895,6.796823718274855,1,Queens,Broad Channel,Boro Zone,false,0.0461
30,dropoff,2025,3,1186,7.078341579557671,1,Queens,Broad Channel,Boro Zone,false,0.0461
30,dropoff,2025,4,1043,6.949856455000773,1,Queens,Broad Channel,Boro Zone,false,0.0461
30,dropoff,2025,5,1421,7.259116128097101,1,Queens,Broad Channel,Boro Zone,false,0.0461
30,dropoff,2025,6,1521,7.327123292259293,1,Queens,Broad Channel,Boro Zone,false,0.0461
30,pickup,2024,2,851,6.7464121285733745,0,Queens,Broad Channel,Boro Zone,false,0.0214
30,pickup,2024,3,1053,6.959398512133975,0,Queens,Broad Channel,Boro Zone,false,0.0214
30,pickup,2024,4,915,6.818924065275521,0,Queens,Broad Channel,Boro Zone,false,0.0214
30,pickup,2024,5,1171,7.065613363597717,0,Queens,Broad Channel,Boro Zone,false,0.0214
30,pickup,2024,6,1762,7.474204806496124,0,Queens,Broad Channel,Boro Zone,false,0.0214
30,pickup,2025,2,771,6.647688373563329,1,Queens,Broad Channel,Boro Zone,false,0.0214
30,pickup,2025,3,911,6.814542897259958,1,Queens,Broad Channel,Boro Zone,false,0.0214
30,pickup,2025,4,800,6.684611727667927,1,Queens,Broad Channel,Boro Zone,false,0.0214
30,pickup,2025,5,1167,7.062191632286556,1,Queens,Broad Channel,Boro Zone,false,0.0214
30,pickup,2025,6,1479,7.2991214627108,1,Queens,Broad Channel,Boro Zone,false,0.0214
31,dropoff,2024,2,5927,8.687273461787838,0,Bronx,Bronx Park,Boro Zone,false,0.0929
31,dropoff,2024,3,8710,9.072227069846548,0,Bronx,Bronx Park,Boro Zone,false,0.0929
31,dropoff,2024,4,10638,9.272187775302262,0,Bronx,Bronx Park,Boro Zone,false,0.0929
31,dropoff,2024,5,9783,9.18840146445743,0,Bronx,Bronx Park,Boro Zone,false,0.0929
31,dropoff,2024,6,11511,9.351058378915061,0,Bronx,Bronx Park,Boro Zone,false,0.0929
31,dropoff,2025,2,6142,8.722905701000768,1,Bronx,Bronx Park,Boro Zone,false,0.0929
31,dropoff,2025,3,8522,9.050406334059858,1,Bronx,Bronx Park,Boro Zone,false,0.0929
31,dropoff,2025,4,10790,9.28637505825218,1,Bronx,Bronx Park,Boro Zone,false,0.0929
31,dropoff,2025,5,10956,9.301642530382969,1,Bronx,Bronx Park,Boro Zone,false,0.0929
31,dropoff,2025,6,11074,9.312355297382913,1,Bronx,Bronx Park,Boro Zone,false,0.0929
31,pickup,2024,2,5486,8.60995467149755,0,Bronx,Bronx Park,Boro Zone,false,0.0838
31,pickup,2024,3,7815,8.963800242855577,0,Bronx,Bronx Park,Boro Zone,false,0.0838
31,pickup,2024,4,9126,9.118882761487347,0,Bronx,Bronx Park,Boro Zone,false,0.0838
31,pickup,2024,5,8533,9.051696278536586,0,Bronx,Bronx Park,Boro Zone,false,0.0838
31,pickup,2024,6,9794,9.189525232262262,0,Bronx,Bronx Park,Boro Zone,false,0.0838
31,pickup,2025,2,5630,8.635864721133736,1,Bronx,Bronx Park,Boro Zone,false,0.0838
31,pickup,2025,3,7731,8.952993499320474,1,Bronx,Bronx Park,Boro Zone,false,0.0838
31,pickup,2025,4,9368,9.145054905277552,1,Bronx,Bronx Park,Boro Zone,false,0.0838
31,pickup,2025,5,9730,9.18296917518005,1,Bronx,Bronx Park,Boro Zone,false,0.0838
31,pickup,2025,6,9914,9.20170317858052,1,Bronx,Bronx Park,Boro Zone,false,0.0838
32,dropoff,2024,2,43433,10.678974799818294,0,Bronx,Bronxdale,Boro Zone,false,0.0347
32,dropoff,2024,3,48876,10.797041757436412,0,Bronx,Bronxdale,Boro Zone,false,0.0347
32,dropoff,2024,4,43788,10.687115086224448,0,Bronx,Bronxdale,Boro Zone,false,0.0347
32,dropoff,2024,5,44269,10.698039936810567,0,Bronx,Bronxdale,Boro Zone,false,0.0347
32,dropoff,2024,6,43682,10.684691396916357,0,Bronx,Bronxdale,Boro Zone,false,0.0347
32,dropoff,2025,2,43700,10.685103381083682,1,Bronx,Bronxdale,Boro Zone,false,0.0347
32,dropoff,2025,3,47003,10.757966708442396,1,Bronx,Bronxdale,Boro Zone,false,0.0347
32,dropoff,2025,4,43395,10.678099506078345,1,Bronx,Bronxdale,Boro Zone,false,0.0347
32,dropoff,2025,5,47157,10.761237739396348,1,Bronx,Bronxdale,Boro Zone,false,0.0347
32,dropoff,2025,6,43914,10.689988454829281,1,Bronx,Bronxdale,Boro Zone,false,0.0347
32,pickup,2024,2,47077,10.759539838018519,0,Bronx,Bronxdale,Boro Zone,false,0.0294
32,pickup,2024,3,52913,10.87640433434749,0,Bronx,Bronxdale,Boro Zone,false,0.0294
32,pickup,2024,4,47169,10.761492176138386,0,Bronx,Bronxdale,Boro Zone,false,0.0294
32,pickup,2024,5,48566,10.790678976585008,0,Bronx,Bronxdale,Boro Zone,false,0.0294
32,pickup,2024,6,47910,10.777079529877168,0,Bronx,Bronxdale,Boro Zone,false,0.0294
32,pickup,2025,2,48722,10.793885952444333,1,Bronx,Bronxdale,Boro Zone,false,0.0294
32,pickup,2025,3,52598,10.870433375189227,1,Bronx,Bronxdale,Boro Zone,false,0.0294
32,pickup,2025,4,49014,10.799861250569924,1,Bronx,Bronxdale,Boro Zone,false,0.0294
32,pickup,2025,5,52340,10.865516176084137,1,Bronx,Bronxdale,Boro Zone,false,0.0294
32,pickup,2025,6,49389,10.807483006316131,1,Bronx,Bronxdale,Boro Zone,false,0.0294
33,dropoff,2024,2,86964,11.373249518897282,0,Brooklyn,Brooklyn Heights,Boro Zone,false,0.2898
33,dropoff,2024,3,95652,11.468471884215923,0,Brooklyn,Brooklyn Heights,Boro Zone,false,0.2898
33,dropoff,2024,4,92458,11.434509766332706,0,Brooklyn,Brooklyn Heights,Boro Zone,false,0.2898
33,dropoff,2024,5,98378,11.496572480807457,0,Brooklyn,Brooklyn Heights,Boro Zone,false,0.2898
33,dropoff,2024,6,96384,11.47609549171951,0,Brooklyn,Brooklyn Heights,Boro Zone,false,0.2898
33,dropoff,2025,2,89831,11.405685406299774,1,Brooklyn,Brooklyn Heights,Boro Zone,false,0.2898
33,dropoff,2025,3,93489,11.445599061296997,1,Brooklyn,Brooklyn Heights,Boro Zone,false,0.2898
33,dropoff,2025,4,93077,11.441182386557326,1,Brooklyn,Brooklyn Heights,Boro Zone,false,0.2898
33,dropoff,2025,5,100004,11.51296546417025,1,Brooklyn,Brooklyn Heights,Boro Zone,false,0.2898
33,dropoff,2025,6,93427,11.444935661670707,1,Brooklyn,Brooklyn Heights,Boro Zone,false,0.2898
33,pickup,2024,2,88300,11.388495386592052,0,Brooklyn,Brooklyn Heights,Boro Zone,false,0.2596
33,pickup,2024,3,97511,11.487720471135004,0,Brooklyn,Brooklyn Heights,Boro Zone,false,0.2596
33,pickup,2024,4,95398,11.465812892856036,0,Brooklyn,Brooklyn Heights,Boro Zone,false,0.2596
33,pickup,2024,5,103525,11.547568408413769,0,Brooklyn,Brooklyn Heights,Boro Zone,false,0.2596
33,pickup,2024,6,101142,11.524280749008362,0,Brooklyn,Brooklyn Heights,Boro Zone,false,0.2596
33,pickup,2025,2,89998,11.407542726843262,1,Brooklyn,Brooklyn Heights,Boro Zone,false,0.2596
33,pickup,2025,3,93604,11.446828396595302,1,Brooklyn,Brooklyn Heights,Boro Zone,false,0.2596
33,pickup,2025,4,94832,11.45986218402762,1,Brooklyn,Brooklyn Heights,Boro Zone,false,0.2596
33,pickup,2025,5,103508,11.54740418338647,1,Brooklyn,Brooklyn Heights,Boro Zone,false,0.2596
33,pickup,2025,6,95353,11.465341073564552,1,Brooklyn,Brooklyn Heights,Boro Zone,false,0.2596
34,dropoff,2024,2,18613,9.831615540298333,0,Brooklyn,Brooklyn Navy Yard,Boro Zone,false,0.1677
34,dropoff,2024,3,23127,10.048756045127371,0,Brooklyn,Brooklyn Navy Yard,Boro Zone,false,0.1677
34,dropoff,2024,4,21374,9.969930509084842,0,Brooklyn,Brooklyn Navy Yard,Boro Zone,false,0.1677
34,dropoff,2024,5,23437,10.062071249151874,0,Brooklyn,Brooklyn Navy Yard,Boro Zone,false,0.1677
34,dropoff,2024,6,25230,10.135789041635103,0,Brooklyn,Brooklyn Navy Yard,Boro Zone,false,0.1677
34,dropoff,2025,2,19922,9.89957992770511,1,Brooklyn,Brooklyn Navy Yard,Boro Zone,false,0.1677
34,dropoff,2025,3,20554,9.930810848185018,1,Brooklyn,Brooklyn Navy Yard,Boro Zone,false,0.1677
34,dropoff,2025,4,17392,9.763765609360991,1,Brooklyn,Brooklyn Navy Yard,Boro Zone,false,0.1677
34,dropoff,2025,5,20442,9.925346886889022,1,Brooklyn,Brooklyn Navy Yard,Boro Zone,false,0.1677
34,dropoff,2025,6,18367,9.818310855128535,1,Brooklyn,Brooklyn Navy Yard,Boro Zone,false,0.1677
34,pickup,2024,2,15667,9.659311868393488,0,Brooklyn,Brooklyn Navy Yard,Boro Zone,false,0.2156
34,pickup,2024,3,19917,9.899328917387269,0,Brooklyn,Brooklyn Navy Yard,Boro Zone,false,0.2156
34,pickup,2024,4,17863,9.790486813448885,0,Brooklyn,Brooklyn Navy Yard,Boro Zone,false,0.2156
34,pickup,2024,5,20619,9.933968259789715,0,Brooklyn,Brooklyn Navy Yard,Boro Zone,false,0.2156
34,pickup,2024,6,21540,9.977666950710379,0,Brooklyn,Brooklyn Navy Yard,Boro Zone,false,0.2156
34,pickup,2025,2,15711,9.662116382947598,1,Brooklyn,Brooklyn Navy Yard,Boro Zone,false,0.2156
34,pickup,2025,3,18991,9.851720461714246,1,Brooklyn,Brooklyn Navy Yard,Boro Zone,false,0.2156
34,pickup,2025,4,14955,9.612800971064049,1,Brooklyn,Brooklyn Navy Yard,Boro Zone,false,0.2156
34,pickup,2025,5,17899,9.7925001243465,1,Brooklyn,Brooklyn Navy Yard,Boro Zone,false,0.2156
34,pickup,2025,6,16221,9.694061978050115,1,Brooklyn,Brooklyn Navy Yard,Boro Zone,false,0.2156
35,dropoff,2024,2,110511,11.612870342496732,0,Brooklyn,Brownsville,Boro Zone,false,0.0207
35,dropoff,2024,3,129128,11.768559439453115,0,Brooklyn,Brownsville,Boro Zone,false,0.0207
35,dropoff,2024,4,110483,11.612616941950565,0,Brooklyn,Brownsville,Boro Zone,false,0.0207
35,dropoff,2024,5,114070,11.644567574021943,0,Brooklyn,Brownsville,Boro Zone,false,0.0207
35,dropoff,2024,6,112473,11.630468471822002,0,Brooklyn,Brownsville,Boro Zone,false,0.0207
35,dropoff,2025,2,111685,11.623437687767657,1,Brooklyn,Brownsville,Boro Zone,false,0.0207
35,dropoff,2025,3,122740,11.717823575943088,1,Brooklyn,Brownsville,Boro Zone,false,0.0207
35,dropoff,2025,4,112974,11.634912982724483,1,Brooklyn,Brownsville,Boro Zone,false,0.0207
35,dropoff,2025,5,117284,11.672353622950874,1,Brooklyn,Brownsville,Boro Zone,false,0.0207
35,dropoff,2025,6,112239,11.628385805256967,1,Brooklyn,Brownsville,Boro Zone,false,0.0207
35,pickup,2024,2,117764,11.67643790077713,0,Brooklyn,Brownsville,Boro Zone,false,0.0184
35,pickup,2024,3,138059,11.835436409003652,0,Brooklyn,Brownsville,Boro Zone,false,0.0184
35,pickup,2024,4,117999,11.678431428835621,0,Brooklyn,Brownsville,Boro Zone,false,0.0184
35,pickup,2024,5,121883,11.710816847171511,0,Brooklyn,Brownsville,Boro Zone,false,0.0184
35,pickup,2024,6,120886,11.702603231717443,0,Brooklyn,Brownsville,Boro Zone,false,0.0184
35,pickup,2025,2,118170,11.679879544633062,1,Brooklyn,Brownsville,Boro Zone,false,0.0184
35,pickup,2025,3,130236,11.777103468234015,1,Brooklyn,Brownsville,Boro Zone,false,0.0184
35,pickup,2025,4,120297,11.697718963995962,1,Brooklyn,Brownsville,Boro Zone,false,0.0184
35,pickup,2025,5,123689,11.725525629608425,1,Brooklyn,Brownsville,Boro Zone,false,0.0184
35,pickup,2025,6,117266,11.672200137553002,1,Brooklyn,Brownsville,Boro Zone,false,0.0184
36,dropoff,2024,2,146669,11.895933626190695,0,Brooklyn,Bushwick North,Boro Zone,false,0.1172
36,dropoff,2024,3,165154,12.014633650931318,0,Brooklyn,Bushwick North,Boro Zone,false,0.1172
36,dropoff,2024,4,150724,11.923205628736161,0,Brooklyn,Bushwick North,Boro Zone,false,0.1172
36,dropoff,2024,5,160790,11.987854444738458,0,Brooklyn,Bushwick North,Boro Zone,false,0.1172
36,dropoff,2024,6,166255,12.021278033253822,0,Brooklyn,Bushwick North,Boro Zone,false,0.1172
36,dropoff,2025,2,151255,11.926722433197929,1,Brooklyn,Bushwick North,Boro Zone,false,0.1172
36,dropoff,2025,3,156622,11.961590537984602,1,Brooklyn,Bushwick North,Boro Zone,false,0.1172
36,dropoff,2025,4,150231,11.91992938849441,1,Brooklyn,Bushwick North,Boro Zone,false,0.1172
36,dropoff,2025,5,165364,12.015904383709916,1,Brooklyn,Bushwick North,Boro Zone,false,0.1172
36,dropoff,2025,6,164837,12.012712385820992,1,Brooklyn,Bushwick North,Boro Zone,false,0.1172
36,pickup,2024,2,151077,11.92554491959985,0,Brooklyn,Bushwick North,Boro Zone,false,0.0841
36,pickup,2024,3,168185,12.032819842996096,0,Brooklyn,Bushwick North,Boro Zone,false,0.0841
36,pickup,2024,4,153739,11.943011638393871,0,Brooklyn,Bushwick North,Boro Zone,false,0.0841
36,pickup,2024,5,165783,12.01843498325395,0,Brooklyn,Bushwick North,Boro Zone,false,0.0841
36,pickup,2024,6,173605,12.06453788263694,0,Brooklyn,Bushwick North,Boro Zone,false,0.0841
36,pickup,2025,2,156350,11.959852362885988,1,Brooklyn,Bushwick North,Boro Zone,false,0.0841
36,pickup,2025,3,164148,12.008523738877445,1,Brooklyn,Bushwick North,Boro Zone,false,0.0841
36,pickup,2025,4,154304,11.946679961540843,1,Brooklyn,Bushwick North,Boro Zone,false,0.0841
36,pickup,2025,5,170830,12.048424188941103,1,Brooklyn,Bushwick North,Boro Zone,false,0.0841
36,pickup,2025,6,171247,12.05086223772285,1,Brooklyn,Bushwick North,Boro Zone,false,0.0841
37,dropoff,2024,2,215869,12.282427021200535,0,Brooklyn,Bushwick South,Boro Zone,false,0.1312
37,dropoff,2024,3,236497,12.37369080184424,0,Brooklyn,Bushwick South,Boro Zone,false,0.1312
37,dropoff,2024,4,214682,12.27691314243891,0,Brooklyn,Bushwick South,Boro Zone,false,0.1312
37,dropoff,2024,5,224659,12.322338976014995,0,Brooklyn,Bushwick South,Boro Zone,false,0.1312
37,dropoff,2024,6,230790,12.34926348512109,0,Brooklyn,Bushwick South,Boro Zone,false,0.1312
37,dropoff,2025,2,213566,12.271701197368365,1,Brooklyn,Bushwick South,Boro Zone,false,0.1312
37,dropoff,2025,3,223336,12.316432642926262,1,Brooklyn,Bushwick South,Boro Zone,false,0.1312
37,dropoff,2025,4,216345,12.28462963468572,1,Brooklyn,Bushwick South,Boro Zone,false,0.1312
37,dropoff,2025,5,238953,12.3840221588553,1,Brooklyn,Bushwick South,Boro Zone,false,0.1312
37,dropoff,2025,6,230576,12.348335805078143,1,Brooklyn,Bushwick South,Boro Zone,false,0.1312
37,pickup,2024,2,211700,12.262925457122957,0,Brooklyn,Bushwick South,Boro Zone,false,0.093
37,pickup,2024,3,232624,12.357178695171207,0,Brooklyn,Bushwick South,Boro Zone,false,0.093
37,pickup,2024,4,211575,12.262334824538307,0,Brooklyn,Bushwick South,Boro Zone,false,0.093
37,pickup,2024,5,219831,12.300614348313475,0,Brooklyn,Bushwick South,Boro Zone,false,0.093
37,pickup,2024,6,227921,12.336754356666553,0,Brooklyn,Bushwick South,Boro Zone,false,0.093
37,pickup,2025,2,209603,12.252970544303693,1,Brooklyn,Bushwick South,Boro Zone,false,0.093
37,pickup,2025,3,222502,12.312691369312079,1,Brooklyn,Bushwick South,Boro Zone,false,0.093
37,pickup,2025,4,213324,12.270567415710685,1,Brooklyn,Bushwick South,Boro Zone,false,0.093
37,pickup,2025,5,235006,12.367366324715256,1,Brooklyn,Bushwick South,Boro Zone,false,0.093
37,pickup,2025,6,228455,12.33909453337918,1,Brooklyn,Bushwick South,Boro Zone,false,0.093
38,dropoff,2024,2,16653,9.720345659358271,0,Queens,Cambria Heights,Boro Zone,false,0.026
38,dropoff,2024,3,18477,9.824281994355154,0,Queens,Cambria Heights,Boro Zone,false,0.026
38,dropoff,2024,4,17061,9.74455043597491,0,Queens,Cambria Heights,Boro Zone,false,0.026
38,dropoff,2024,5,18483,9.82460666968268,0,Queens,Cambria Heights,Boro Zone,false,0.026
38,dropoff,2024,6,18256,9.812249072101856,0,Queens,Cambria Heights,Boro Zone,false,0.026
38,dropoff,2025,2,19022,9.853351483042331,1,Queens,Cambria Heights,Boro Zone,false,0.026
38,dropoff,2025,3,20478,9.927106418134763,1,Queens,Cambria Heights,Boro Zone,false,0.026
38,dropoff,2025,4,19323,9.869051375215001,1,Queens,Cambria Heights,Boro Zone,false,0.026
38,dropoff,2025,5,21122,9.95807043030642,1,Queens,Cambria Heights,Boro Zone,false,0.026
38,dropoff,2025,6,21173,9.960482064055936,1,Queens,Cambria Heights,Boro Zone,false,0.026
38,pickup,2024,2,21809,9.990078007617226,0,Queens,Cambria Heights,Boro Zone,false,0.0181
38,pickup,2024,3,24070,10.088721530777118,0,Queens,Cambria Heights,Boro Zone,false,0.0181
38,pickup,2024,4,22460,10.019491228292434,0,Queens,Cambria Heights,Boro Zone,false,0.0181
38,pickup,2024,5,23825,10.078490728522404,0,Queens,Cambria Heights,Boro Zone,false,0.0181
38,pickup,2024,6,23703,10.073356901390843,0,Queens,Cambria Heights,Boro Zone,false,0.0181
38,pickup,2025,2,24055,10.088098154133554,1,Queens,Cambria Heights,Boro Zone,false,0.0181
38,pickup,2025,3,25988,10.165390172000421,1,Queens,Cambria Heights,Boro Zone,false,0.0181
38,pickup,2025,4,25430,10.143684858416165,1,Queens,Cambria Heights,Boro Zone,false,0.0181
38,pickup,2025,5,27264,10.213322429629041,1,Queens,Cambria Heights,Boro Zone,false,0.0181
38,pickup,2025,6,27408,10.2185902205639,1,Queens,Cambria Heights,Boro Zone,false,0.0181
39,dropoff,2024,2,131172,11.784264718081836,0,Brooklyn,Canarsie,Boro Zone,false,0.0168
39,dropoff,2024,3,148202,11.906331487029716,0,Brooklyn,Canarsie,Boro Zone,false,0.0168
39,dropoff,2024,4,136894,11.826962182704687,0,Brooklyn,Canarsie,Boro Zone,false,0.0168
39,dropoff,2024,5,142923,11.870061302681107,0,Brooklyn,Canarsie,Boro Zone,false,0.0168
39,dropoff,2024,6,141744,11.861777892651814,0,Brooklyn,Canarsie,Boro Zone,false,0.0168
39,dropoff,2025,2,133489,11.801774356423877,1,Brooklyn,Canarsie,Boro Zone,false,0.0168
39,dropoff,2025,3,145105,11.885212897272378,1,Brooklyn,Canarsie,Boro Zone,false,0.0168
39,dropoff,2025,4,139719,11.847388541723669,1,Brooklyn,Canarsie,Boro Zone,false,0.0168
39,dropoff,2025,5,148824,11.910519678697824,1,Brooklyn,Canarsie,Boro Zone,false,0.0168
39,dropoff,2025,6,145552,11.888288690061843,1,Brooklyn,Canarsie,Boro Zone,false,0.0168
39,pickup,2024,2,136568,11.824577938060589,0,Brooklyn,Canarsie,Boro Zone,false,0.0138
39,pickup,2024,3,154847,11.950192811626335,0,Brooklyn,Canarsie,Boro Zone,false,0.0138
39,pickup,2024,4,142404,11.86642336745314,0,Brooklyn,Canarsie,Boro Zone,false,0.0138
39,pickup,2024,5,148669,11.90947763727819,0,Brooklyn,Canarsie,Boro Zone,false,0.0138
39,pickup,2024,6,147977,11.904812135264175,0,Brooklyn,Canarsie,Boro Zone,false,0.0138
39,pickup,2025,2,139052,11.842603242874025,1,Brooklyn,Canarsie,Boro Zone,false,0.0138
39,pickup,2025,3,151645,11.929297541917068,1,Brooklyn,Canarsie,Boro Zone,false,0.0138
39,pickup,2025,4,145540,11.888206241901077,1,Brooklyn,Canarsie,Boro Zone,false,0.0138
39,pickup,2025,5,155756,11.956045959182175,1,Brooklyn,Canarsie,Boro Zone,false,0.0138
39,pickup,2025,6,151568,11.928789648115316,1,Brooklyn,Canarsie,Boro Zone,false,0.0138
40,dropoff,2024,2,45688,10.7295909603447,0,Brooklyn,Carroll Gardens,Boro Zone,false,0.213
40,dropoff,2024,3,49134,10.802306538498243,0,Brooklyn,Carroll Gardens,Boro Zone,false,0.213
40,dropoff,2024,4,45349,10.722143404583514,0,Brooklyn,Carroll Gardens,Boro Zone,false,0.213
40,dropoff,2024,5,47120,10.760452818325469,0,Brooklyn,Carroll Gardens,Boro Zone,false,0.213
40,dropoff,2024,6,45956,10.735439695973255,0,Brooklyn,Carroll Gardens,Boro Zone,false,0.213
40,dropoff,2025,2,47538,10.769284670193297,1,Brooklyn,Carroll Gardens,Boro Zone,false,0.213
40,dropoff,2025,3,46171,10.740107174352467,1,Brooklyn,Carroll Gardens,Boro Zone,false,0.213
40,dropoff,2025,4,45331,10.721746404137187,1,Brooklyn,Carroll Gardens,Boro Zone,false,0.213
40,dropoff,2025,5,52090,10.860728270739237,1,Brooklyn,Carroll Gardens,Boro Zone,false,0.213
40,dropoff,2025,6,45628,10.728276842147789,1,Brooklyn,Carroll Gardens,Boro Zone,false,0.213
40,pickup,2024,2,45284,10.720709048198,0,Brooklyn,Carroll Gardens,Boro Zone,false,0.1744
40,pickup,2024,3,48284,10.784855521821017,0,Brooklyn,Carroll Gardens,Boro Zone,false,0.1744
40,pickup,2024,4,44462,10.702390170761937,0,Brooklyn,Carroll Gardens,Boro Zone,false,0.1744
40,pickup,2024,5,48321,10.785621527758789,0,Brooklyn,Carroll Gardens,Boro Zone,false,0.1744
40,pickup,2024,6,46728,10.752098835720146,0,Brooklyn,Carroll Gardens,Boro Zone,false,0.1744
40,pickup,2025,2,46670,10.75085683894386,1,Brooklyn,Carroll Gardens,Boro Zone,false,0.1744
40,pickup,2025,3,48683,10.793085172154122,1,Brooklyn,Carroll Gardens,Boro Zone,false,0.1744
40,pickup,2025,4,47635,10.77132306414088,1,Brooklyn,Carroll Gardens,Boro Zone,false,0.1744
40,pickup,2025,5,54636,10.908448285122782,1,Brooklyn,Carroll Gardens,Boro Zone,false,0.1744
40,pickup,2025,6,48157,10.78222178568365,1,Brooklyn,Carroll Gardens,Boro Zone,false,0.1744
41,dropoff,2024,2,118426,11.682043571919273,0,Manhattan,Central Harlem,Boro Zone,false,0.1464
41,dropoff,2024,3,128397,11.762882305479062,0,Manhattan,Central Harlem,Boro Zone,false,0.1464
41,dropoff,2024,4,117439,11.673674328825713,0,Manhattan,Central Harlem,Boro Zone,false,0.1464
41,dropoff,2024,5,120792,11.701825337124305,0,Manhattan,Central Harlem,Boro Zone,false,0.1464
41,dropoff,2024,6,120845,11.702264011672076,0,Manhattan,Central Harlem,Boro Zone,false,0.1464
41,dropoff,2025,2,115430,11.656419564608958,1,Manhattan,Central Harlem,Boro Zone,false,0.1464
41,dropoff,2025,3,121210,11.705279857464557,1,Manhattan,Central Harlem,Boro Zone,false,0.1464
41,dropoff,2025,4,117281,11.672328043687129,1,Manhattan,Central Harlem,Boro Zone,false,0.1464
41,dropoff,2025,5,121801,11.710143844404854,1,Manhattan,Central Harlem,Boro Zone,false,0.1464
41,dropoff,2025,6,114455,11.647937011626105,1,Manhattan,Central Harlem,Boro Zone,false,0.1464
41,pickup,2024,2,127644,11.757000418039665,0,Manhattan,Central Harlem,Boro Zone,false,0.1236
41,pickup,2024,3,138835,11.841041456650789,0,Manhattan,Central Harlem,Boro Zone,false,0.1236
41,pickup,2024,4,130407,11.778415608015512,0,Manhattan,Central Harlem,Boro Zone,false,0.1236
41,pickup,2024,5,133181,11.799464384271355,0,Manhattan,Central Harlem,Boro Zone,false,0.1236
41,pickup,2024,6,132093,11.791261498947419,0,Manhattan,Central Harlem,Boro Zone,false,0.1236
41,pickup,2025,2,128155,11.760995747808296,1,Manhattan,Central Harlem,Boro Zone,false,0.1236
41,pickup,2025,3,133745,11.803690280881915,1,Manhattan,Central Harlem,Boro Zone,false,0.1236
41,pickup,2025,4,129529,11.771660073275246,1,Manhattan,Central Harlem,Boro Zone,false,0.1236
41,pickup,2025,5,133941,11.805154683465735,1,Manhattan,Central Harlem,Boro Zone,false,0.1236
41,pickup,2025,6,127826,11.758425243113374,1,Manhattan,Central Harlem,Boro Zone,false,0.1236
42,dropoff,2024,2,164390,12.009996932503556,0,Manhattan,Central Harlem North,Boro Zone,false,0.1173
42,dropoff,2024,3,179768,12.099422409651769,0,Manhattan,Central Harlem North,Boro Zone,false,0.1173
42,dropoff,2024,4,164230,12.009023163331607,0,Manhattan,Central Harlem North,Boro Zone,false,0.1173
42,dropoff,2024,5,165019,12.013815897768442,0,Manhattan,Central Harlem North,Boro Zone,false,0.1173
42,dropoff,2024,6,163615,12.00527138598935,0,Manhattan,Central Harlem North,Boro Zone,false,0.1173
42,dropoff,2025,2,156991,11.963943757846549,1,Manhattan,Central Harlem North,Boro Zone,false,0.1173
42,dropoff,2025,3,169272,12.039262167556124,1,Manhattan,Central Harlem North,Boro Zone,false,0.1173
42,dropoff,2025,4,160496,11.986024299123267,1,Manhattan,Central Harlem North,Boro Zone,false,0.1173
42,dropoff,2025,5,162278,11.99706619286682,1,Manhattan,Central Harlem North,Boro Zone,false,0.1173
42,dropoff,2025,6,153968,11.944500067596183,1,Manhattan,Central Harlem North,Boro Zone,false,0.1173
42,pickup,2024,2,178103,12.090117313605285,0,Manhattan,Central Harlem North,Boro Zone,false,0.1009
42,pickup,2024,3,195295,12.182266514898538,0,Manhattan,Central Harlem North,Boro Zone,false,0.1009
42,pickup,2024,4,180317,12.102471692045587,0,Manhattan,Central Harlem North,Boro Zone,false,0.1009
42,pickup,2024,5,183034,12.117427206916023,0,Manhattan,Central Harlem North,Boro Zone,false,0.1009
42,pickup,2024,6,179461,12.097713193108897,0,Manhattan,Central Harlem North,Boro Zone,false,0.1009
42,pickup,2025,2,174457,12.069433571920523,1,Manhattan,Central Harlem North,Boro Zone,false,0.1009
42,pickup,2025,3,188093,12.144691800348914,1,Manhattan,Central Harlem North,Boro Zone,false,0.1009
42,pickup,2025,4,179298,12.09680450504133,1,Manhattan,Central Harlem North,Boro Zone,false,0.1009
42,pickup,2025,5,182597,12.115036817654262,1,Manhattan,Central Harlem North,Boro Zone,false,0.1009
42,pickup,2025,6,172409,12.057624840025474,1,Manhattan,Central Harlem North,Boro Zone,false,0.1009
43,dropoff,2024,2,34106,10.43722860087286,0,Manhattan,Central Park,Yellow Zone,false,0.5301
43,dropoff,2024,3,40683,10.613565593756055,0,Manhattan,Central Park,Yellow Zone,false,0.5301
43,dropoff,2024,4,42463,10.656388387495186,0,Manhattan,Central Park,Yellow Zone,false,0.5301
43,dropoff,2024,5,45951,10.735330890332664,0,Manhattan,Central Park,Yellow Zone,false,0.5301
43,dropoff,2024,6,46813,10.753916221110412,0,Manhattan,Central Park,Yellow Zone,false,0.5301
43,dropoff,2025,2,34229,10.440828516957847,1,Manhattan,Central Park,Yellow Zone,false,0.5301
43,dropoff,2025,3,35964,10.490273717104664,1,Manhattan,Central Park,Yellow Zone,false,0.5301
43,dropoff,2025,4,42574,10.658999017292624,1,Manhattan,Central Park,Yellow Zone,false,0.5301
43,dropoff,2025,5,46183,10.740367043985996,1,Manhattan,Central Park,Yellow Zone,false,0.5301
43,dropoff,2025,6,43636,10.683637776717648,1,Manhattan,Central Park,Yellow Zone,false,0.5301
43,pickup,2024,2,23060,10.04585479382305,0,Manhattan,Central Park,Yellow Zone,false,0.4861
43,pickup,2024,3,28109,10.243845088739151,0,Manhattan,Central Park,Yellow Zone,false,0.4861
43,pickup,2024,4,30394,10.32200049949355,0,Manhattan,Central Park,Yellow Zone,false,0.4861
43,pickup,2024,5,34432,10.446741643521456,0,Manhattan,Central Park,Yellow Zone,false,0.4861
43,pickup,2024,6,34327,10.443687495508296,0,Manhattan,Central Park,Yellow Zone,false,0.4861
43,pickup,2025,2,23183,10.051174530434894,1,Manhattan,Central Park,Yellow Zone,false,0.4861
43,pickup,2025,3,25701,10.154285180632154,1,Manhattan,Central Park,Yellow Zone,false,0.4861
43,pickup,2025,4,30197,10.315497860680296,1,Manhattan,Central Park,Yellow Zone,false,0.4861
43,pickup,2025,5,33378,10.415652279303348,1,Manhattan,Central Park,Yellow Zone,false,0.4861
43,pickup,2025,6,31202,10.348237474307195,1,Manhattan,Central Park,Yellow Zone,false,0.4861
44,dropoff,2024,2,7178,8.878776071707552,0,Staten Island,Charleston/Tottenville,Boro Zone,false,0.0316
44,dropoff,2024,3,8204,9.012377119192271,0,Staten Island,Charleston/Tottenville,Boro Zone,false,0.0316
44,dropoff,2024,4,7800,8.961879012677683,0,Staten Island,Charleston/Tottenville,Boro Zone,false,0.0316
44,dropoff,2024,5,8368,9.032170186304704,0,Staten Island,Charleston/Tottenville,Boro Zone,false,0.0316
44,dropoff,2024,6,8586,9.057888248784506,0,Staten Island,Charleston/Tottenville,Boro Zone,false,0.0316
44,dropoff,2025,2,8078,8.996899596123358,1,Staten Island,Charleston/Tottenville,Boro Zone,false,0.0316
44,dropoff,2025,3,8978,9.102532419341877,1,Staten Island,Charleston/Tottenville,Boro Zone,false,0.0316
44,dropoff,2025,4,8479,9.045347797304004,1,Staten Island,Charleston/Tottenville,Boro Zone,false,0.0316
44,dropoff,2025,5,9699,9.179778066393542,1,Staten Island,Charleston/Tottenville,Boro Zone,false,0.0316
44,dropoff,2025,6,9899,9.200189020919808,1,Staten Island,Charleston/Tottenville,Boro Zone,false,0.0316
44,pickup,2024,2,7140,8.87346805533363,0,Staten Island,Charleston/Tottenville,Boro Zone,false,0.0161
44,pickup,2024,3,7992,8.98619632032839,0,Staten Island,Charleston/Tottenville,Boro Zone,false,0.0161
44,pickup,2024,4,7766,8.957510510291613,0,Staten Island,Charleston/Tottenville,Boro Zone,false,0.0161
44,pickup,2024,5,8287,9.022443300849043,0,Staten Island,Charleston/Tottenville,Boro Zone,false,0.0161
44,pickup,2024,6,8495,9.047233034106032,0,Staten Island,Charleston/Tottenville,Boro Zone,false,0.0161
44,pickup,2025,2,8211,9.01322999770879,1,Staten Island,Charleston/Tottenville,Boro Zone,false,0.0161
44,pickup,2025,3,9008,9.105868350379472,1,Staten Island,Charleston/Tottenville,Boro Zone,false,0.0161
44,pickup,2025,4,8342,9.02905827475689,1,Staten Island,Charleston/Tottenville,Boro Zone,false,0.0161
44,pickup,2025,5,9654,9.175127616220438,1,Staten Island,Charleston/Tottenville,Boro Zone,false,0.0161
44,pickup,2025,6,9809,9.191055610564316,1,Staten Island,Charleston/Tottenville,Boro Zone,false,0.0161
45,dropoff,2024,2,45506,10.725599464377073,0,Manhattan,Chinatown,Yellow Zone,true,1.0
45,dropoff,2024,3,46906,10.755900878021523,0,Manhattan,Chinatown,Yellow Zone,true,1.0
45,dropoff,2024,4,42240,10.651122918380143,0,Manhattan,Chinatown,Yellow Zone,true,1.0
45,dropoff,2024,5,45697,10.729787929213312,0,Manhattan,Chinatown,Yellow Zone,true,1.0
45,dropoff,2024,6,43330,10.676600514733956,0,Manhattan,Chinatown,Yellow Zone,true,1.0
45,dropoff,2025,2,42262,10.651643616126872,1,Manhattan,Chinatown,Yellow Zone,true,1.0
45,dropoff,2025,3,43280,10.675445913520363,1,Manhattan,Chinatown,Yellow Zone,true,1.0
45,dropoff,2025,4,42499,10.657235825223923,1,Manhattan,Chinatown,Yellow Zone,true,1.0
45,dropoff,2025,5,44976,10.713884293146313,1,Manhattan,Chinatown,Yellow Zone,true,1.0
45,dropoff,2025,6,41451,10.63226728572478,1,Manhattan,Chinatown,Yellow Zone,true,1.0
45,pickup,2024,2,51630,10.851858177873694,0,Manhattan,Chinatown,Yellow Zone,true,1.0
45,pickup,2024,3,54261,10.901561015825624,0,Manhattan,Chinatown,Yellow Zone,true,1.0
45,pickup,2024,4,48061,10.780226316398169,0,Manhattan,Chinatown,Yellow Zone,true,1.0
45,pickup,2024,5,52078,10.8604978736873,0,Manhattan,Chinatown,Yellow Zone,true,1.0
45,pickup,2024,6,49615,10.812048486348342,0,Manhattan,Chinatown,Yellow Zone,true,1.0
45,pickup,2025,2,48518,10.789690142092997,1,Manhattan,Chinatown,Yellow Zone,true,1.0
45,pickup,2025,3,49401,10.807725945886109,1,Manhattan,Chinatown,Yellow Zone,true,1.0
45,pickup,2025,4,49116,10.801940126280403,1,Manhattan,Chinatown,Yellow Zone,true,1.0
45,pickup,2025,5,51373,10.846868021600375,1,Manhattan,Chinatown,Yellow Zone,true,1.0
45,pickup,2025,6,47400,10.766377507683169,1,Manhattan,Chinatown,Yellow Zone,true,1.0
46,dropoff,2024,2,3146,8.053887083618223,0,Bronx,City Island,Boro Zone,false,0.0387
46,dropoff,2024,3,3946,8.28045768658256,0,Bronx,City Island,Boro Zone,false,0.0387
46,dropoff,2024,4,3848,8.255308811785596,0,Bronx,City Island,Boro Zone,false,0.0387
46,dropoff,2024,5,4929,8.502891406705377,0,Bronx,City Island,Boro Zone,false,0.0387
46,dropoff,2024,6,5927,8.687273461787838,0,Bronx,City Island,Boro Zone,false,0.0387
46,dropoff,2025,2,3390,8.128585200374497,1,Bronx,City Island,Boro Zone,false,0.0387
46,dropoff,2025,3,4220,8.347590407030058,1,Bronx,City Island,Boro Zone,false,0.0387
46,dropoff,2025,4,4191,8.340694647925071,1,Bronx,City Island,Boro Zone,false,0.0387
46,dropoff,2025,5,5194,8.555259392222693,1,Bronx,City Island,Boro Zone,false,0.0387
46,dropoff,2025,6,6019,8.70267641154777,1,Bronx,City Island,Boro Zone,false,0.0387
46,pickup,2024,2,2870,7.962067308753666,0,Bronx,City Island,Boro Zone,false,0.0338
46,pickup,2024,3,3566,8.179199798423086,0,Bronx,City Island,Boro Zone,false,0.0338
46,pickup,2024,4,3540,8.17188200612782,0,Bronx,City Island,Boro Zone,false,0.0338
46,pickup,2024,5,4613,8.43663368355782,0,Bronx,City Island,Boro Zone,false,0.0338
46,pickup,2024,6,5444,8.602269363771356,0,Bronx,City Island,Boro Zone,false,0.0338
46,pickup,2025,2,3134,8.050065422915965,1,Bronx,City Island,Boro Zone,false,0.0338
46,pickup,2025,3,3829,8.250358951477294,1,Bronx,City Island,Boro Zone,false,0.0338
46,pickup,2025,4,3702,8.216628493133443,1,Bronx,City Island,Boro Zone,false,0.0338
46,pickup,2025,5,4633,8.440959885416648,1,Bronx,City Island,Boro Zone,false,0.0338
46,pickup,2025,6,5496,8.611775833902186,1,Bronx,City Island,Boro Zone,false,0.0338
47,dropoff,2024,2,60575,11.011637545684726,0,Bronx,Claremont/Bathgate,Boro Zone,false,0.0282
47,dropoff,2024,3,69354,11.146979102522323,0,Bronx,Claremont/Bathgate,Boro Zone,false,0.0282
47,dropoff,2024,4,61363,11.024562326632154,0,Bronx,Claremont/Bathgate,Boro Zone,false,0.0282
47,dropoff,2024,5,63439,11.057834093258894,0,Bronx,Claremont/Bathgate,Boro Zone,false,0.0282
47,dropoff,2024,6,60896,11.016922770095876,0,Bronx,Claremont/Bathgate,Boro Zone,false,0.0282
47,dropoff,2025,2,62527,11.043353742439358,1,Bronx,Claremont/Bathgate,Boro Zone,false,0.0282
47,dropoff,2025,3,68701,11.13751903414526,1,Bronx,Claremont/Bathgate,Boro Zone,false,0.0282
47,dropoff,2025,4,62779,11.047375901629389,1,Bronx,Claremont/Bathgate,Boro Zone,false,0.0282
47,dropoff,2025,5,65989,11.097243340451463,1,Bronx,Claremont/Bathgate,Boro Zone,false,0.0282
47,dropoff,2025,6,61824,11.03204691757219,1,Bronx,Claremont/Bathgate,Boro Zone,false,0.0282
47,pickup,2024,2,63768,11.063006776107759,0,Bronx,Claremont/Bathgate,Boro Zone,false,0.0286
47,pickup,2024,3,72574,11.192362009948436,0,Bronx,Claremont/Bathgate,Boro Zone,false,0.0286
47,pickup,2024,4,65181,11.084923294403351,0,Bronx,Claremont/Bathgate,Boro Zone,false,0.0286
47,pickup,2024,5,67013,11.112641909402493,0,Bronx,Claremont/Bathgate,Boro Zone,false,0.0286
47,pickup,2024,6,64647,11.076696979411022,0,Bronx,Claremont/Bathgate,Boro Zone,false,0.0286
47,pickup,2025,2,65422,11.088613872315685,1,Bronx,Claremont/Bathgate,Boro Zone,false,0.0286
47,pickup,2025,3,72590,11.192582450278886,1,Bronx,Claremont/Bathgate,Boro Zone,false,0.0286
47,pickup,2025,4,66076,11.098560873675032,1,Bronx,Claremont/Bathgate,Boro Zone,false,0.0286
47,pickup,2025,5,69386,11.147440397038215,1,Bronx,Claremont/Bathgate,Boro Zone,false,0.0286
47,pickup,2025,6,64573,11.075551645746119,1,Bronx,Claremont/Bathgate,Boro Zone,false,0.0286
48,dropoff,2024,2,157761,11.968836508558766,0,Manhattan,Clinton East,Yellow Zone,true,1.0
48,dropoff,2024,3,172184,12.056318951444014,0,Manhattan,Clinton East,Yellow Zone,true,1.0
48,dropoff,2024,4,155146,11.952121888042406,0,Manhattan,Clinton East,Yellow Zone,true,1.0
48,dropoff,2024,5,162763,12.000050433992945,0,Manhattan,Clinton East,Yellow Zone,true,1.0
48,dropoff,2024,6,162507,11.998476356747222,0,Manhattan,Clinton East,Yellow Zone,true,1.0
48,dropoff,2025,2,147403,11.900925611311806,1,Manhattan,Clinton East,Yellow Zone,true,1.0
48,dropoff,2025,3,156345,11.959820382841531,1,Manhattan,Clinton East,Yellow Zone,true,1.0
48,dropoff,2025,4,148690,11.90961888069127,1,Manhattan,Clinton East,Yellow Zone,true,1.0
48,dropoff,2025,5,150867,11.924153932967497,1,Manhattan,Clinton East,Yellow Zone,true,1.0
48,dropoff,2025,6,146368,11.893879277382453,1,Manhattan,Clinton East,Yellow Zone,true,1.0
48,pickup,2024,2,188051,12.144468481618988,0,Manhattan,Clinton East,Yellow Zone,true,1.0
48,pickup,2024,3,207404,12.24242386099467,0,Manhattan,Clinton East,Yellow Zone,true,1.0
48,pickup,2024,4,189889,12.154194969898844,0,Manhattan,Clinton East,Yellow Zone,true,1.0
48,pickup,2024,5,204697,12.229286115948435,0,Manhattan,Clinton East,Yellow Zone,true,1.0
48,pickup,2024,6,204672,12.229163976753572,0,Manhattan,Clinton East,Yellow Zone,true,1.0
48,pickup,2025,2,182333,12.113589964580772,1,Manhattan,Clinton East,Yellow Zone,true,1.0
48,pickup,2025,3,196145,12.186609460616909,1,Manhattan,Clinton East,Yellow Zone,true,1.0
48,pickup,2025,4,187878,12.14354809499166,1,Manhattan,Clinton East,Yellow Zone,true,1.0
48,pickup,2025,5,198611,12.199103416773365,1,Manhattan,Clinton East,Yellow Zone,true,1.0
48,pickup,2025,6,189441,12.151832909380062,1,Manhattan,Clinton East,Yellow Zone,true,1.0
49,dropoff,2024,2,123056,11.720394815296835,0,Brooklyn,Clinton Hill,Boro Zone,false,0.1711
49,dropoff,2024,3,134649,11.810426671550452,0,Brooklyn,Clinton Hill,Boro Zone,false,0.1711
49,dropoff,2024,4,122255,11.713864306296246,0,Brooklyn,Clinton Hill,Boro Zone,false,0.1711
49,dropoff,2024,5,124745,11.734026932650213,0,Brooklyn,Clinton Hill,Boro Zone,false,0.1711
49,dropoff,2024,6,119170,11.688306324084852,0,Brooklyn,Clinton Hill,Boro Zone,false,0.1711
49,dropoff,2025,2,124675,11.733465630414324,1,Brooklyn,Clinton Hill,Boro Zone,false,0.1711
49,dropoff,2025,3,126456,11.747649700557231,1,Brooklyn,Clinton Hill,Boro Zone,false,0.1711
49,dropoff,2025,4,121613,11.708599150694699,1,Brooklyn,Clinton Hill,Boro Zone,false,0.1711
49,dropoff,2025,5,130807,11.781478233392834,1,Brooklyn,Clinton Hill,Boro Zone,false,0.1711
49,dropoff,2025,6,114091,11.644751654562082,1,Brooklyn,Clinton Hill,Boro Zone,false,0.1711
49,pickup,2024,2,121966,11.71149759634994,0,Brooklyn,Clinton Hill,Boro Zone,false,0.1469
49,pickup,2024,3,132105,11.79135233990767,0,Brooklyn,Clinton Hill,Boro Zone,false,0.1469
49,pickup,2024,4,119785,11.693453748143089,0,Brooklyn,Clinton Hill,Boro Zone,false,0.1469
49,pickup,2024,5,123873,11.727012126194182,0,Brooklyn,Clinton Hill,Boro Zone,false,0.1469
49,pickup,2024,6,117687,11.675783836850918,0,Brooklyn,Clinton Hill,Boro Zone,false,0.1469
49,pickup,2025,2,123542,11.724336458207402,1,Brooklyn,Clinton Hill,Boro Zone,false,0.1469
49,pickup,2025,3,125531,11.740308019003738,1,Brooklyn,Clinton Hill,Boro Zone,false,0.1469
49,pickup,2025,4,120015,11.695372013952333,1,Brooklyn,Clinton Hill,Boro Zone,false,0.1469
49,pickup,2025,5,131451,11.786389437584397,1,Brooklyn,Clinton Hill,Boro Zone,false,0.1469
49,pickup,2025,6,114898,11.651800057244971,1,Brooklyn,Clinton Hill,Boro Zone,false,0.1469
50,dropoff,2024,2,95042,11.462074178146098,0,Manhattan,Clinton West,Yellow Zone,true,1.0
50,dropoff,2024,3,98923,11.502097048712885,0,Manhattan,Clinton West,Yellow Zone,true,1.0
50,dropoff,2024,4,96484,11.477132470471414,0,Manhattan,Clinton West,Yellow Zone,true,1.0
50,dropoff,2024,5,101268,11.525525746945966,0,Manhattan,Clinton West,Yellow Zone,true,1.0
50,dropoff,2024,6,97352,11.486088555016636,0,Manhattan,Clinton West,Yellow Zone,true,1.0
50,dropoff,2025,2,83493,11.33251807498949,1,Manhattan,Clinton West,Yellow Zone,true,1.0
50,dropoff,2025,3,85551,11.356867968322742,1,Manhattan,Clinton West,Yellow Zone,true,1.0
50,dropoff,2025,4,88611,11.392011282385635,1,Manhattan,Clinton West,Yellow Zone,true,1.0
50,dropoff,2025,5,91390,11.422891342266247,1,Manhattan,Clinton West,Yellow Zone,true,1.0
50,dropoff,2025,6,84937,11.34966508419479,1,Manhattan,Clinton West,Yellow Zone,true,1.0
50,pickup,2024,2,113159,11.636549188331564,0,Manhattan,Clinton West,Yellow Zone,true,1.0
50,pickup,2024,3,120536,11.699703742481125,0,Manhattan,Clinton West,Yellow Zone,true,1.0
50,pickup,2024,4,114826,11.651173218060928,0,Manhattan,Clinton West,Yellow Zone,true,1.0
50,pickup,2024,5,122888,11.719028650428982,0,Manhattan,Clinton West,Yellow Zone,true,1.0
50,pickup,2024,6,119650,11.692326093336519,0,Manhattan,Clinton West,Yellow Zone,true,1.0
50,pickup,2025,2,102836,11.54089076525193,1,Manhattan,Clinton West,Yellow Zone,true,1.0
50,pickup,2025,3,106399,11.574951457349274,1,Manhattan,Clinton West,Yellow Zone,true,1.0
50,pickup,2025,4,108183,11.591579516599419,1,Manhattan,Clinton West,Yellow Zone,true,1.0
50,pickup,2025,5,110152,11.609616509124209,1,Manhattan,Clinton West,Yellow Zone,true,1.0
50,pickup,2025,6,106385,11.574819868507818,1,Manhattan,Clinton West,Yellow Zone,true,1.0
51,dropoff,2024,2,68343,11.132294422862065,0,Bronx,Co-Op City,Boro Zone,false,0.024
51,dropoff,2024,3,76258,11.241877606998933,0,Bronx,Co-Op City,Boro Zone,false,0.024
51,dropoff,2024,4,68661,11.13693663142645,0,Bronx,Co-Op City,Boro Zone,false,0.024
51,dropoff,2024,5,71550,11.178151784984596,0,Bronx,Co-Op City,Boro Zone,false,0.024
51,dropoff,2024,6,73823,11.20942561515135,0,Bronx,Co-Op City,Boro Zone,false,0.024
51,dropoff,2025,2,68667,11.137024013460758,1,Bronx,Co-Op City,Boro Zone,false,0.024
51,dropoff,2025,3,73185,11.200745760918048,1,Bronx,Co-Op City,Boro Zone,false,0.024
51,dropoff,2025,4,70918,11.169279559000872,1,Bronx,Co-Op City,Boro Zone,false,0.024
51,dropoff,2025,5,77650,11.259966828576832,1,Bronx,Co-Op City,Boro Zone,false,0.024
51,dropoff,2025,6,73197,11.200909715502995,1,Bronx,Co-Op City,Boro Zone,false,0.024
51,pickup,2024,2,72650,11.19340866899843,0,Bronx,Co-Op City,Boro Zone,false,0.0201
51,pickup,2024,3,81368,11.306737354305431,0,Bronx,Co-Op City,Boro Zone,false,0.0201
51,pickup,2024,4,74296,11.215812393455844,0,Bronx,Co-Op City,Boro Zone,false,0.0201
51,pickup,2024,5,75754,11.235246527257994,0,Bronx,Co-Op City,Boro Zone,false,0.0201
51,pickup,2024,6,77924,11.263489271701095,0,Bronx,Co-Op City,Boro Zone,false,0.0201
51,pickup,2025,2,74145,11.21377791440917,1,Bronx,Co-Op City,Boro Zone,false,0.0201
51,pickup,2025,3,79130,11.27884734860324,1,Bronx,Co-Op City,Boro Zone,false,0.0201
51,pickup,2025,4,76274,11.242087399043339,1,Bronx,Co-Op City,Boro Zone,false,0.0201
51,pickup,2025,5,83827,11.336510430280342,1,Bronx,Co-Op City,Boro Zone,false,0.0201
51,pickup,2025,6,79500,11.283512300642423,1,Bronx,Co-Op City,Boro Zone,false,0.0201
52,dropoff,2024,2,27682,10.228537661456647,0,Brooklyn,Cobble Hill,Boro Zone,false,0.2322
52,dropoff,2024,3,29540,10.293500556085371,0,Brooklyn,Cobble Hill,Boro Zone,false,0.2322
52,dropoff,2024,4,27087,10.206809186975589,0,Brooklyn,Cobble Hill,Boro Zone,false,0.2322
52,dropoff,2024,5,27892,10.2360951883409,0,Brooklyn,Cobble Hill,Boro Zone,false,0.2322
52,dropoff,2024,6,26811,10.196567530049501,0,Brooklyn,Cobble Hill,Boro Zone,false,0.2322
52,dropoff,2025,2,28443,10.255657363586069,1,Brooklyn,Cobble Hill,Boro Zone,false,0.2322
52,dropoff,2025,3,28241,10.248530101745105,1,Brooklyn,Cobble Hill,Boro Zone,false,0.2322
52,dropoff,2025,4,27628,10.226585030208863,1,Brooklyn,Cobble Hill,Boro Zone,false,0.2322
52,dropoff,2025,5,29797,10.302162996284876,1,Brooklyn,Cobble Hill,Boro Zone,false,0.2322
52,dropoff,2025,6,26426,10.182103652974162,1,Brooklyn,Cobble Hill,Boro Zone,false,0.2322
52,pickup,2024,2,31353,10.353065235262614,0,Brooklyn,Cobble Hill,Boro Zone,false,0.1998
52,pickup,2024,3,33600,10.422281345951296,0,Brooklyn,Cobble Hill,Boro Zone,false,0.1998
52,pickup,2024,4,31276,10.350606309244405,0,Brooklyn,Cobble Hill,Boro Zone,false,0.1998
52,pickup,2024,5,32026,10.374303351882421,0,Brooklyn,Cobble Hill,Boro Zone,false,0.1998
52,pickup,2024,6,30575,10.327937960555372,0,Brooklyn,Cobble Hill,Boro Zone,false,0.1998
52,pickup,2025,2,31335,10.352490962658775,1,Brooklyn,Cobble Hill,Boro Zone,false,0.1998
52,pickup,2025,3,31357,10.353192806623015,1,Brooklyn,Cobble Hill,Boro Zone,false,0.1998
52,pickup,2025,4,30754,10.333775346075639,1,Brooklyn,Cobble Hill,Boro Zone,false,0.1998
52,pickup,2025,5,33293,10.413102443661062,1,Brooklyn,Cobble Hill,Boro Zone,false,0.1998
52,pickup,2025,6,29796,10.302129435296166,1,Brooklyn,Cobble Hill,Boro Zone,false,0.1998
53,dropoff,2024,2,27793,10.232539469410996,0,Queens,College Point,Boro Zone,false,0.0385
53,dropoff,2024,3,30432,10.323249965345116,0,Queens,College Point,Boro Zone,false,0.0385
53,dropoff,2024,4,29451,10.290483144360632,0,Queens,College Point,Boro Zone,false,0.0385
53,dropoff,2024,5,31341,10.352682423505618,0,Queens,College Point,Boro Zone,false,0.0385
53,dropoff,2024,6,30092,10.312014634680112,0,Queens,College Point,Boro Zone,false,0.0385
53,dropoff,2025,2,28675,10.263780941997572,1,Queens,College Point,Boro Zone,false,0.0385
53,dropoff,2025,3,30916,10.33902912822676,1,Queens,College Point,Boro Zone,false,0.0385
53,dropoff,2025,4,30321,10.319595820742773,1,Queens,College Point,Boro Zone,false,0.0385
53,dropoff,2025,5,33699,10.42522344230968,1,Queens,College Point,Boro Zone,false,0.0385
53,dropoff,2025,6,32505,10.389149202638569,1,Queens,College Point,Boro Zone,false,0.0385
53,pickup,2024,2,26440,10.182633293965623,0,Queens,College Point,Boro Zone,false,0.0345
53,pickup,2024,3,29002,10.27512007210784,0,Queens,College Point,Boro Zone,false,0.0345
53,pickup,2024,4,28190,10.246722584108158,0,Queens,College Point,Boro Zone,false,0.0345
53,pickup,2024,5,30128,10.313210250896933,0,Queens,College Point,Boro Zone,false,0.0345
53,pickup,2024,6,29365,10.28755876795662,0,Queens,College Point,Boro Zone,false,0.0345
53,pickup,2025,2,27558,10.224048153553849,1,Queens,College Point,Boro Zone,false,0.0345
53,pickup,2025,3,29598,10.295462070461793,1,Queens,College Point,Boro Zone,false,0.0345
53,pickup,2025,4,28956,10.273532715413031,1,Queens,College Point,Boro Zone,false,0.0345
53,pickup,2025,5,32824,10.398915234122022,1,Queens,College Point,Boro Zone,false,0.0345
53,pickup,2025,6,31404,10.354690552318147,1,Queens,College Point,Boro Zone,false,0.0345
54,dropoff,2024,2,11087,9.313528529772352,0,Brooklyn,Columbia Street,Boro Zone,false,0.2165
54,dropoff,2024,3,12027,9.394909401310617,0,Brooklyn,Columbia Street,Boro Zone,false,0.2165
54,dropoff,2024,4,11397,9.341105441855735,0,Brooklyn,Columbia Street,Boro Zone,false,0.2165
54,dropoff,2024,5,12017,9.3940775929113,0,Brooklyn,Columbia Street,Boro Zone,false,0.2165
54,dropoff,2024,6,11644,9.362546304865514,0,Brooklyn,Columbia Street,Boro Zone,false,0.2165
54,dropoff,2025,2,11589,9.35781165133439,1,Brooklyn,Columbia Street,Boro Zone,false,0.2165
54,dropoff,2025,3,11511,9.351058378915061,1,Brooklyn,Columbia Street,Boro Zone,false,0.2165
54,dropoff,2025,4,11247,9.327856705404022,1,Brooklyn,Columbia Street,Boro Zone,false,0.2165
54,dropoff,2025,5,12897,9.464750005164392,1,Brooklyn,Columbia Street,Boro Zone,false,0.2165
54,dropoff,2025,6,11594,9.358243001899679,1,Brooklyn,Columbia Street,Boro Zone,false,0.2165
54,pickup,2024,2,10880,9.294681520409934,0,Brooklyn,Columbia Street,Boro Zone,false,0.2233
54,pickup,2024,3,11860,9.380926672551716,0,Brooklyn,Columbia Street,Boro Zone,false,0.2233
54,pickup,2024,4,11089,9.313708904953216,0,Brooklyn,Columbia Street,Boro Zone,false,0.2233
54,pickup,2024,5,11966,9.389824573949976,0,Brooklyn,Columbia Street,Boro Zone,false,0.2233
54,pickup,2024,6,11895,9.383873422737057,0,Brooklyn,Columbia Street,Boro Zone,false,0.2233
54,pickup,2025,2,11464,9.346966969508008,1,Brooklyn,Columbia Street,Boro Zone,false,0.2233
54,pickup,2025,3,11865,9.381348168869865,1,Brooklyn,Columbia Street,Boro Zone,false,0.2233
54,pickup,2025,4,11596,9.358415490041546,1,Brooklyn,Columbia Street,Boro Zone,false,0.2233
54,pickup,2025,5,12951,9.468928284223587,1,Brooklyn,Columbia Street,Boro Zone,false,0.2233
54,pickup,2025,6,11835,9.378816521948083,1,Brooklyn,Columbia Street,Boro Zone,false,0.2233
55,dropoff,2024,2,49346,10.806611987878524,0,Brooklyn,Coney Island,Boro Zone,false,0.0398
55,dropoff,2024,3,55656,10.926945167603478,0,Brooklyn,Coney Island,Boro Zone,false,0.0398
55,dropoff,2024,4,52304,10.864828128963993,0,Brooklyn,Coney Island,Boro Zone,false,0.0398
55,dropoff,2024,5,57479,10.959174942686024,0,Brooklyn,Coney Island,Boro Zone,false,0.0398
55,dropoff,2024,6,62446,11.042057462261363,0,Brooklyn,Coney Island,Boro Zone,false,0.0398
55,dropoff,2025,2,51785,10.85485581102298,1,Brooklyn,Coney Island,Boro Zone,false,0.0398
55,dropoff,2025,3,57505,10.959627179526683,1,Brooklyn,Coney Island,Boro Zone,false,0.0398
55,dropoff,2025,4,55124,10.917340471995036,1,Brooklyn,Coney Island,Boro Zone,false,0.0398
55,dropoff,2025,5,62473,11.04248974238561,1,Brooklyn,Coney Island,Boro Zone,false,0.0398
55,dropoff,2025,6,64758,11.078412524053402,1,Brooklyn,Coney Island,Boro Zone,false,0.0398
55,pickup,2024,2,48242,10.783985289911469,0,Brooklyn,Coney Island,Boro Zone,false,0.0366
55,pickup,2024,3,54292,10.902132165417855,0,Brooklyn,Coney Island,Boro Zone,false,0.0366
55,pickup,2024,4,50547,10.830658875506495,0,Brooklyn,Coney Island,Boro Zone,false,0.0366
55,pickup,2024,5,55565,10.925308785619746,0,Brooklyn,Coney Island,Boro Zone,false,0.0366
55,pickup,2024,6,58846,10.982679140964633,0,Brooklyn,Coney Island,Boro Zone,false,0.0366
55,pickup,2025,2,50516,10.83004539676606,1,Brooklyn,Coney Island,Boro Zone,false,0.0366
55,pickup,2025,3,56719,10.945864530585146,1,Brooklyn,Coney Island,Boro Zone,false,0.0366
55,pickup,2025,4,53529,10.887978842099539,1,Brooklyn,Coney Island,Boro Zone,false,0.0366
55,pickup,2025,5,60381,11.008429764899107,1,Brooklyn,Coney Island,Boro Zone,false,0.0366
55,pickup,2025,6,61753,11.03089783630606,1,Brooklyn,Coney Island,Boro Zone,false,0.0366
56,dropoff,2024,2,48503,10.789380930682695,0,Queens,Corona,Boro Zone,false,0.0527
56,dropoff,2024,3,53539,10.888165639275709,0,Queens,Corona,Boro Zone,false,0.0527
56,dropoff,2024,4,49624,10.812229866652954,0,Queens,Corona,Boro Zone,false,0.0527
56,dropoff,2024,5,52477,10.868130257349865,0,Queens,Corona,Boro Zone,false,0.0527
56,dropoff,2024,6,54060,10.897849819830439,0,Queens,Corona,Boro Zone,false,0.0527
56,dropoff,2025,2,50643,10.832556296769498,1,Queens,Corona,Boro Zone,false,0.0527
56,dropoff,2025,3,53477,10.887006933905731,1,Queens,Corona,Boro Zone,false,0.0527
56,dropoff,2025,4,50816,10.835966544606807,1,Queens,Corona,Boro Zone,false,0.0527
56,dropoff,2025,5,57310,10.956230407545783,1,Queens,Corona,Boro Zone,false,0.0527
56,dropoff,2025,6,55811,10.929726261557809,1,Queens,Corona,Boro Zone,false,0.0527
56,pickup,2024,2,54768,10.910861360769967,0,Queens,Corona,Boro Zone,false,0.0463
56,pickup,2024,3,59982,11.001799796195236,0,Queens,Corona,Boro Zone,false,0.0463
56,pickup,2024,4,56049,10.933981587127947,0,Queens,Corona,Boro Zone,false,0.0463
56,pickup,2024,5,59052,10.98617369065398,0,Queens,Corona,Boro Zone,false,0.0463
56,pickup,2024,6,60843,11.016052054822241,0,Queens,Corona,Boro Zone,false,0.0463
56,pickup,2025,2,56754,10.946481417441225,1,Queens,Corona,Boro Zone,false,0.0463
56,pickup,2025,3,60300,11.007087382715277,1,Queens,Corona,Boro Zone,false,0.0463
56,pickup,2025,4,58659,10.979496294994384,1,Queens,Corona,Boro Zone,false,0.0463
56,pickup,2025,5,64804,11.079122608830309,1,Queens,Corona,Boro Zone,false,0.0463
56,pickup,2025,6,64434,11.07339672308627,1,Queens,Corona,Boro Zone,false,0.0463
57,dropoff,2024,2,3444,8.144388865547622,0,Queens,Corona,Boro Zone,false,0.0315
57,dropoff,2024,3,3799,8.242493153187626,0,Queens,Corona,Boro Zone,false,0.0315
57,dropoff,2024,4,3483,8.155649270366002,0,Queens,Corona,Boro Zone,false,0.0315
57,dropoff,2024,5,3897,8.26796230533871,0,Queens,Corona,Boro Zone,false,0.0315
57,dropoff,2024,6,4097,8.318010277546872,0,Queens,Corona,Boro Zone,false,0.0315
57,dropoff,2025,2,3776,8.236420527265391,1,Queens,Corona,Boro Zone,false,0.0315
57,dropoff,2025,3,3882,8.264105763728956,1,Queens,Corona,Boro Zone,false,0.0315
57,dropoff,2025,4,3858,8.257904193465674,1,Queens,Corona,Boro Zone,false,0.0315
57,dropoff,2025,5,4055,8.307705966549513,1,Queens,Corona,Boro Zone,false,0.0315
57,dropoff,2025,6,4049,8.30622521603216,1,Queens,Corona,Boro Zone,false,0.0315
57,pickup,2024,2,3918,8.273336598504486,0,Queens,Corona,Boro Zone,false,0.0277
57,pickup,2024,3,4223,8.348301054933943,0,Queens,Corona,Boro Zone,false,0.0277
57,pickup,2024,4,4036,8.3030093814735,0,Queens,Corona,Boro Zone,false,0.0277
57,pickup,2024,5,4153,8.331586243630754,0,Queens,Corona,Boro Zone,false,0.0277
57,pickup,2024,6,4538,8.420241665339788,0,Queens,Corona,Boro Zone,false,0.0277
57,pickup,2025,2,4069,8.31115254800169,1,Queens,Corona,Boro Zone,false,0.0277
57,pickup,2025,3,4215,8.346404870435956,1,Queens,Corona,Boro Zone,false,0.0277
57,pickup,2025,4,4561,8.4252971767117,1,Queens,Corona,Boro Zone,false,0.0277
57,pickup,2025,5,5030,8.523175263093785,1,Queens,Corona,Boro Zone,false,0.0277
57,pickup,2025,6,5166,8.549853973655786,1,Queens,Corona,Boro Zone,false,0.0277
58,dropoff,2024,2,5689,8.646289764750648,0,Bronx,Country Club,Boro Zone,false,0.0613
58,dropoff,2024,3,6450,8.771835409789817,0,Bronx,Country Club,Boro Zone,false,0.0613
58,dropoff,2024,4,6026,8.703838719690246,0,Bronx,Country Club,Boro Zone,false,0.0613
58,dropoff,2024,5,6537,8.78523362361273,0,Bronx,Country Club,Boro Zone,false,0.0613
58,dropoff,2024,6,6628,8.799058378546453,0,Bronx,Country Club,Boro Zone,false,0.0613
58,dropoff,2025,2,6208,8.733594061863055,1,Bronx,Country Club,Boro Zone,false,0.0613
58,dropoff,2025,3,6718,8.812545770172237,1,Bronx,Country Club,Boro Zone,false,0.0613
58,dropoff,2025,4,6302,8.74862232231722,1,Bronx,Country Club,Boro Zone,false,0.0613
58,dropoff,2025,5,6818,8.827321452697849,1,Bronx,Country Club,Boro Zone,false,0.0613
58,dropoff,2025,6,6549,8.787067645218054,1,Bronx,Country Club,Boro Zone,false,0.0613
58,pickup,2024,2,6040,8.706159290928861,0,Bronx,Country Club,Boro Zone,false,0.0401
58,pickup,2024,3,6799,8.82453082152646,0,Bronx,Country Club,Boro Zone,false,0.0401
58,pickup,2024,4,6425,8.76795190976342,0,Bronx,Country Club,Boro Zone,false,0.0401
58,pickup,2024,5,6954,8.847072312567807,0,Bronx,Country Club,Boro Zone,false,0.0401
58,pickup,2024,6,6882,8.836664586357426,0,Bronx,Country Club,Boro Zone,false,0.0401
58,pickup,2025,2,6240,8.738735461363474,1,Bronx,Country Club,Boro Zone,false,0.0401
58,pickup,2025,3,6907,8.840290669088972,1,Bronx,Country Club,Boro Zone,false,0.0401
58,pickup,2025,4,6489,8.77786371462117,1,Bronx,Country Club,Boro Zone,false,0.0401
58,pickup,2025,5,7306,8.896451207355227,1,Bronx,Country Club,Boro Zone,false,0.0401
58,pickup,2025,6,6973,8.84980082722101,1,Bronx,Country Club,Boro Zone,false,0.0401
59,dropoff,2024,2,1976,7.588829878307813,0,Bronx,Crotona Park,Boro Zone,false,0.0348
59,dropoff,2024,3,2316,7.7475968386928855,0,Bronx,Crotona Park,Boro Zone,false,0.0348
59,dropoff,2024,4,2413,7.7886260656250315,0,Bronx,Crotona Park,Boro Zone,false,0.0348
59,dropoff,2024,5,2614,7.868636894184167,0,Bronx,Crotona Park,Boro Zone,false,0.0348
59,dropoff,2024,6,3242,8.08394570229562,0,Bronx,Crotona Park,Boro Zone,false,0.0348
59,dropoff,2025,2,2346,7.76046702921342,1,Bronx,Crotona Park,Boro Zone,false,0.0348
59,dropoff,2025,3,2917,7.978310969867722,1,Bronx,Crotona Park,Boro Zone,false,0.0348
59,dropoff,2025,4,2522,7.8328075165248645,1,Bronx,Crotona Park,Boro Zone,false,0.0348
59,dropoff,2025,5,2816,7.943072717277933,1,Bronx,Crotona Park,Boro Zone,false,0.0348
59,dropoff,2025,6,3230,8.080237416216702,1,Bronx,Crotona Park,Boro Zone,false,0.0348
59,pickup,2024,2,2013,7.607381425639791,0,Bronx,Crotona Park,Boro Zone,false,0.0401
59,pickup,2024,3,2157,7.676473646389156,0,Bronx,Crotona Park,Boro Zone,false,0.0401
59,pickup,2024,4,2158,7.67693714581808,0,Bronx,Crotona Park,Boro Zone,false,0.0401
59,pickup,2024,5,2152,7.674152921281675,0,Bronx,Crotona Park,Boro Zone,false,0.0401
59,pickup,2024,6,2553,7.845024417241484,0,Bronx,Crotona Park,Boro Zone,false,0.0401
59,pickup,2025,2,2183,7.688455356549944,1,Bronx,Crotona Park,Boro Zone,false,0.0401
59,pickup,2025,3,2644,7.880048200971577,1,Bronx,Crotona Park,Boro Zone,false,0.0401
59,pickup,2025,4,2424,7.793174347189205,1,Bronx,Crotona Park,Boro Zone,false,0.0401
59,pickup,2025,5,2499,7.823645930834952,1,Bronx,Crotona Park,Boro Zone,false,0.0401
59,pickup,2025,6,2603,7.864419904994565,1,Bronx,Crotona Park,Boro Zone,false,0.0401
60,dropoff,2024,2,39938,10.595083530603336,0,Bronx,Crotona Park East,Boro Zone,false,0.0328
60,dropoff,2024,3,44746,10.708757334233022,0,Bronx,Crotona Park East,Boro Zone,false,0.0328
60,dropoff,2024,4,40055,10.598008788649217,0,Bronx,Crotona Park East,Boro Zone,false,0.0328
60,dropoff,2024,5,41162,10.625270779632405,0,Bronx,Crotona Park East,Boro Zone,false,0.0328
60,dropoff,2024,6,40291,10.603883397931984,0,Bronx,Crotona Park East,Boro Zone,false,0.0328
60,dropoff,2025,2,40509,10.609279450629153,1,Bronx,Crotona Park East,Boro Zone,false,0.0328
60,dropoff,2025,3,44876,10.711658409664855,1,Bronx,Crotona Park East,Boro Zone,false,0.0328
60,dropoff,2025,4,40716,10.61437641457223,1,Bronx,Crotona Park East,Boro Zone,false,0.0328
60,dropoff,2025,5,43453,10.679435173189221,1,Bronx,Crotona Park East,Boro Zone,false,0.0328
60,dropoff,2025,6,41005,10.621449289470512,1,Bronx,Crotona Park East,Boro Zone,false,0.0328
60,pickup,2024,2,43365,10.677407943118556,0,Bronx,Crotona Park East,Boro Zone,false,0.0326
60,pickup,2024,3,48757,10.794604055861562,0,Bronx,Crotona Park East,Boro Zone,false,0.0326
60,pickup,2024,4,43963,10.691103650047104,0,Bronx,Crotona Park East,Boro Zone,false,0.0326
60,pickup,2024,5,45074,10.716060862578612,0,Bronx,Crotona Park East,Boro Zone,false,0.0326
60,pickup,2024,6,44138,10.695076368408106,0,Bronx,Crotona Park East,Boro Zone,false,0.0326
60,pickup,2025,2,44654,10.706699167958382,1,Bronx,Crotona Park East,Boro Zone,false,0.0326
60,pickup,2025,3,49196,10.803567598362301,1,Bronx,Crotona Park East,Boro Zone,false,0.0326
60,pickup,2025,4,45547,10.726500038828679,1,Bronx,Crotona Park East,Boro Zone,false,0.0326
60,pickup,2025,5,47658,10.771805785861186,1,Bronx,Crotona Park East,Boro Zone,false,0.0326
60,pickup,2025,6,45257,10.720112633296456,1,Bronx,Crotona Park East,Boro Zone,false,0.0326
61,dropoff,2024,2,268800,12.501722887631132,0,Brooklyn,Crown Heights North,Boro Zone,false,0.0838
61,dropoff,2024,3,303607,12.623489380891304,0,Brooklyn,Crown Heights North,Boro Zone,false,0.0838
61,dropoff,2024,4,266227,12.492104607297849,0,Brooklyn,Crown Heights North,Boro Zone,false,0.0838
61,dropoff,2024,5,280944,12.545910640199113,0,Brooklyn,Crown Heights North,Boro Zone,false,0.0838
61,dropoff,2024,6,282680,12.552070794804791,0,Brooklyn,Crown Heights North,Boro Zone,false,0.0838
61,dropoff,2025,2,266032,12.49137188128016,1,Brooklyn,Crown Heights North,Boro Zone,false,0.0838
61,dropoff,2025,3,282797,12.55248460474461,1,Brooklyn,Crown Heights North,Boro Zone,false,0.0838
61,dropoff,2025,4,265286,12.488563768284873,1,Brooklyn,Crown Heights North,Boro Zone,false,0.0838
61,dropoff,2025,5,289055,12.574372260406333,1,Brooklyn,Crown Heights North,Boro Zone,false,0.0838
61,dropoff,2025,6,279464,12.540628761850547,1,Brooklyn,Crown Heights North,Boro Zone,false,0.0838
61,pickup,2024,2,260909,12.471926966505317,0,Brooklyn,Crown Heights North,Boro Zone,false,0.057
61,pickup,2024,3,290317,12.578728708408375,0,Brooklyn,Crown Heights North,Boro Zone,false,0.057
61,pickup,2024,4,254622,12.447535371427298,0,Brooklyn,Crown Heights North,Boro Zone,false,0.057
61,pickup,2024,5,266831,12.494370778177897,0,Brooklyn,Crown Heights North,Boro Zone,false,0.057
61,pickup,2024,6,270594,12.508374821523999,0,Brooklyn,Crown Heights North,Boro Zone,false,0.057
61,pickup,2025,2,250640,12.431772925626074,1,Brooklyn,Crown Heights North,Boro Zone,false,0.057
61,pickup,2025,3,268538,12.500747709918917,1,Brooklyn,Crown Heights North,Boro Zone,false,0.057
61,pickup,2025,4,251395,12.434780686316795,1,Brooklyn,Crown Heights North,Boro Zone,false,0.057
61,pickup,2025,5,268126,12.499212298261194,1,Brooklyn,Crown Heights North,Boro Zone,false,0.057
61,pickup,2025,6,262001,12.476103599529843,1,Brooklyn,Crown Heights North,Boro Zone,false,0.057
62,dropoff,2024,2,72192,11.187084515417675,0,Brooklyn,Crown Heights South,Boro Zone,false,0.0748
62,dropoff,2024,3,79470,11.283134870934225,0,Brooklyn,Crown Heights South,Boro Zone,false,0.0748
62,dropoff,2024,4,69588,11.150347417664442,0,Brooklyn,Crown Heights South,Boro Zone,false,0.0748
62,dropoff,2024,5,72846,11.196102902772031,0,Brooklyn,Crown Heights South,Boro Zone,false,0.0748
62,dropoff,2024,6,72242,11.187776873200432,0,Brooklyn,Crown Heights South,Boro Zone,false,0.0748
62,dropoff,2025,2,74009,11.211941986412619,1,Brooklyn,Crown Heights South,Boro Zone,false,0.0748
62,dropoff,2025,3,76837,11.249441573954789,1,Brooklyn,Crown Heights South,Boro Zone,false,0.0748
62,dropoff,2025,4,70056,11.157050201202061,1,Brooklyn,Crown Heights South,Boro Zone,false,0.0748
62,dropoff,2025,5,75102,11.226602468556079,1,Brooklyn,Crown Heights South,Boro Zone,false,0.0748
62,dropoff,2025,6,73104,11.199638363803052,1,Brooklyn,Crown Heights South,Boro Zone,false,0.0748
62,pickup,2024,2,72572,11.192334451490053,0,Brooklyn,Crown Heights South,Boro Zone,false,0.0518
62,pickup,2024,3,79209,11.27984520771003,0,Brooklyn,Crown Heights South,Boro Zone,false,0.0518
62,pickup,2024,4,70977,11.170111159880399,0,Brooklyn,Crown Heights South,Boro Zone,false,0.0518
62,pickup,2024,5,73049,11.198885727831211,0,Brooklyn,Crown Heights South,Boro Zone,false,0.0518
62,pickup,2024,6,74359,11.216659993654583,0,Brooklyn,Crown Heights South,Boro Zone,false,0.0518
62,pickup,2025,2,73173,11.200581779447585,1,Brooklyn,Crown Heights South,Boro Zone,false,0.0518
62,pickup,2025,3,76257,11.241864493534683,1,Brooklyn,Crown Heights South,Boro Zone,false,0.0518
62,pickup,2025,4,69926,11.155192819004727,1,Brooklyn,Crown Heights South,Boro Zone,false,0.0518
62,pickup,2025,5,75022,11.22553668283797,1,Brooklyn,Crown Heights South,Boro Zone,false,0.0518
62,pickup,2025,6,73665,11.207283067141455,1,Brooklyn,Crown Heights South,Boro Zone,false,0.0518
63,dropoff,2024,2,56801,10.947309210188068,0,Brooklyn,Cypress Hills,Boro Zone,false,0.0308
63,dropoff,2024,3,65065,11.083142049210858,0,Brooklyn,Cypress Hills,Boro Zone,false,0.0308
63,dropoff,2024,4,59366,10.991476950900324,0,Brooklyn,Cypress Hills,Boro Zone,false,0.0308
63,dropoff,2024,5,63030,11.051366082507156,0,Brooklyn,Cypress Hills,Boro Zone,false,0.0308
63,dropoff,2024,6,61743,11.030735887740569,0,Brooklyn,Cypress Hills,Boro Zone,false,0.0308
63,dropoff,2025,2,58678,10.979820148513156,1,Brooklyn,Cypress Hills,Boro Zone,false,0.0308
63,dropoff,2025,3,64632,11.076464923159545,1,Brooklyn,Cypress Hills,Boro Zone,false,0.0308
63,dropoff,2025,4,60892,11.016857082179145,1,Brooklyn,Cypress Hills,Boro Zone,false,0.0308
63,dropoff,2025,5,65535,11.090339630053647,1,Brooklyn,Cypress Hills,Boro Zone,false,0.0308
63,dropoff,2025,6,63139,11.053093924165847,1,Brooklyn,Cypress Hills,Boro Zone,false,0.0308
63,pickup,2024,2,58527,10.97724346520537,0,Brooklyn,Cypress Hills,Boro Zone,false,0.0246
63,pickup,2024,3,67477,11.119542078054563,0,Brooklyn,Cypress Hills,Boro Zone,false,0.0246
63,pickup,2024,4,60565,11.011472447450902,0,Brooklyn,Cypress Hills,Boro Zone,false,0.0246
63,pickup,2024,5,65900,11.095893720490599,0,Brooklyn,Cypress Hills,Boro Zone,false,0.0246
63,pickup,2024,6,63409,11.057361086186503,0,Brooklyn,Cypress Hills,Boro Zone,false,0.0246
63,pickup,2025,2,60809,11.015493083315233,1,Brooklyn,Cypress Hills,Boro Zone,false,0.0246
63,pickup,2025,3,66915,11.111178436230475,1,Brooklyn,Cypress Hills,Boro Zone,false,0.0246
63,pickup,2025,4,63049,11.051667480839056,1,Brooklyn,Cypress Hills,Boro Zone,false,0.0246
63,pickup,2025,5,67289,11.116752055022747,1,Brooklyn,Cypress Hills,Boro Zone,false,0.0246
63,pickup,2025,6,65246,11.085920020623862,1,Brooklyn,Cypress Hills,Boro Zone,false,0.0246
64,dropoff,2024,2,10583,9.267004219093725,0,Queens,Douglaston,Boro Zone,false,0.0637
64,dropoff,2024,3,11652,9.363233118079325,0,Queens,Douglaston,Boro Zone,false,0.0637
64,dropoff,2024,4,11076,9.312535884290853,0,Queens,Douglaston,Boro Zone,false,0.0637
64,dropoff,2024,5,11818,9.37737907190562,0,Queens,Douglaston,Boro Zone,false,0.0637
64,dropoff,2024,6,11968,9.389991700214258,0,Queens,Douglaston,Boro Zone,false,0.0637
64,dropoff,2025,2,11130,9.31739944426959,1,Queens,Douglaston,Boro Zone,false,0.0637
64,dropoff,2025,3,12242,9.412627941411015,1,Queens,Douglaston,Boro Zone,false,0.0637
64,dropoff,2025,4,11666,9.364433907313582,1,Queens,Douglaston,Boro Zone,false,0.0637
64,dropoff,2025,5,13054,9.476849879195163,1,Queens,Douglaston,Boro Zone,false,0.0637
64,dropoff,2025,6,12424,9.427385364828522,1,Queens,Douglaston,Boro Zone,false,0.0637
64,pickup,2024,2,11583,9.357293784932345,0,Queens,Douglaston,Boro Zone,false,0.0337
64,pickup,2024,3,12848,9.460943436186543,0,Queens,Douglaston,Boro Zone,false,0.0337
64,pickup,2024,4,12159,9.405824915296419,0,Queens,Douglaston,Boro Zone,false,0.0337
64,pickup,2024,5,13166,9.485393028027822,0,Queens,Douglaston,Boro Zone,false,0.0337
64,pickup,2024,6,13470,9.50822026940441,0,Queens,Douglaston,Boro Zone,false,0.0337
64,pickup,2025,2,12266,9.414586486185929,1,Queens,Douglaston,Boro Zone,false,0.0337
64,pickup,2025,3,13325,9.497397249034046,1,Queens,Douglaston,Boro Zone,false,0.0337
64,pickup,2025,4,13019,9.474165107897397,1,Queens,Douglaston,Boro Zone,false,0.0337
64,pickup,2025,5,14835,9.604744532724922,1,Queens,Douglaston,Boro Zone,false,0.0337
64,pickup,2025,6,14374,9.573176298028388,1,Queens,Douglaston,Boro Zone,false,0.0337
65,dropoff,2024,2,81556,11.309045179836865,0,Brooklyn,Downtown Brooklyn/MetroTech,Boro Zone,false,0.2546
65,dropoff,2024,3,92461,11.434542212971508,0,Brooklyn,Downtown Brooklyn/MetroTech,Boro Zone,false,0.2546
65,dropoff,2024,4,83893,11.337297456316673,0,Brooklyn,Downtown Brooklyn/MetroTech,Boro Zone,false,0.2546
65,dropoff,2024,5,89808,11.40542933718198,0,Brooklyn,Downtown Brooklyn/MetroTech,Boro Zone,false,0.2546
65,dropoff,2024,6,88024,11.385364783549749,0,Brooklyn,Downtown Brooklyn/MetroTech,Boro Zone,false,0.2546
65,dropoff,2025,2,81458,11.307842828973675,1,Brooklyn,Downtown Brooklyn/MetroTech,Boro Zone,false,0.2546
65,dropoff,2025,3,86023,11.36236998133991,1,Brooklyn,Downtown Brooklyn/MetroTech,Boro Zone,false,0.2546
65,dropoff,2025,4,85263,11.35349587618856,1,Brooklyn,Downtown Brooklyn/MetroTech,Boro Zone,false,0.2546
65,dropoff,2025,5,90962,11.418197115869587,1,Brooklyn,Downtown Brooklyn/MetroTech,Boro Zone,false,0.2546
65,dropoff,2025,6,85777,11.359506184272073,1,Brooklyn,Downtown Brooklyn/MetroTech,Boro Zone,false,0.2546
65,pickup,2024,2,91119,11.419921623521773,0,Brooklyn,Downtown Brooklyn/MetroTech,Boro Zone,false,0.2073
65,pickup,2024,3,103299,11.545382974518763,0,Brooklyn,Downtown Brooklyn/MetroTech,Boro Zone,false,0.2073
65,pickup,2024,4,94023,11.451294712173727,0,Brooklyn,Downtown Brooklyn/MetroTech,Boro Zone,false,0.2073
65,pickup,2024,5,100950,11.522380623740984,0,Brooklyn,Downtown Brooklyn/MetroTech,Boro Zone,false,0.2073
65,pickup,2024,6,99028,11.503157917411176,0,Brooklyn,Downtown Brooklyn/MetroTech,Boro Zone,false,0.2073
65,pickup,2025,2,90055,11.408175873771158,1,Brooklyn,Downtown Brooklyn/MetroTech,Boro Zone,false,0.2073
65,pickup,2025,3,92291,11.43270190761104,1,Brooklyn,Downtown Brooklyn/MetroTech,Boro Zone,false,0.2073
65,pickup,2025,4,91710,11.42638670355299,1,Brooklyn,Downtown Brooklyn/MetroTech,Boro Zone,false,0.2073
65,pickup,2025,5,100891,11.521796005138416,1,Brooklyn,Downtown Brooklyn/MetroTech,Boro Zone,false,0.2073
65,pickup,2025,6,93210,11.442610291055203,1,Brooklyn,Downtown Brooklyn/MetroTech,Boro Zone,false,0.2073
66,dropoff,2024,2,62422,11.041673056323964,0,Brooklyn,DUMBO/Vinegar Hill,Boro Zone,false,0.3564
66,dropoff,2024,3,68208,11.130317139004992,0,Brooklyn,DUMBO/Vinegar Hill,Boro Zone,false,0.3564
66,dropoff,2024,4,64797,11.079014584972363,0,Brooklyn,DUMBO/Vinegar Hill,Boro Zone,false,0.3564
66,dropoff,2024,5,69081,11.143035008125729,0,Brooklyn,DUMBO/Vinegar Hill,Boro Zone,false,0.3564
66,dropoff,2024,6,69249,11.145463983512109,0,Brooklyn,DUMBO/Vinegar Hill,Boro Zone,false,0.3564
66,dropoff,2025,2,63202,11.054091225203859,1,Brooklyn,DUMBO/Vinegar Hill,Boro Zone,false,0.3564
66,dropoff,2025,3,67145,11.114609739015275,1,Brooklyn,DUMBO/Vinegar Hill,Boro Zone,false,0.3564
66,dropoff,2025,4,67665,11.122324338510605,1,Brooklyn,DUMBO/Vinegar Hill,Boro Zone,false,0.3564
66,dropoff,2025,5,73100,11.199583645737869,1,Brooklyn,DUMBO/Vinegar Hill,Boro Zone,false,0.3564
66,dropoff,2025,6,70059,11.157093023169736,1,Brooklyn,DUMBO/Vinegar Hill,Boro Zone,false,0.3564
66,pickup,2024,2,70455,11.162729487129205,0,Brooklyn,DUMBO/Vinegar Hill,Boro Zone,false,0.3362
66,pickup,2024,3,77108,11.252962315517482,0,Brooklyn,DUMBO/Vinegar Hill,Boro Zone,false,0.3362
66,pickup,2024,4,74322,11.216162283782255,0,Brooklyn,DUMBO/Vinegar Hill,Boro Zone,false,0.3362
66,pickup,2024,5,78182,11.266794721010012,0,Brooklyn,DUMBO/Vinegar Hill,Boro Zone,false,0.3362
66,pickup,2024,6,77552,11.258703958085157,0,Brooklyn,DUMBO/Vinegar Hill,Boro Zone,false,0.3362
66,pickup,2025,2,71015,11.170646401315228,1,Brooklyn,DUMBO/Vinegar Hill,Boro Zone,false,0.3362
66,pickup,2025,3,74461,11.218030777366073,1,Brooklyn,DUMBO/Vinegar Hill,Boro Zone,false,0.3362
66,pickup,2025,4,75611,11.233357054228645,1,Brooklyn,DUMBO/Vinegar Hill,Boro Zone,false,0.3362
66,pickup,2025,5,80409,11.294881389200718,1,Brooklyn,DUMBO/Vinegar Hill,Boro Zone,false,0.3362
66,pickup,2025,6,77683,11.260391722198877,1,Brooklyn,DUMBO/Vinegar Hill,Boro Zone,false,0.3362
67,dropoff,2024,2,32447,10.38736326793552,0,Brooklyn,Dyker Heights,Boro Zone,false,0.0841
67,dropoff,2024,3,36571,10.50701085558772,0,Brooklyn,Dyker Heights,Boro Zone,false,0.0841
67,dropoff,2024,4,34639,10.452735493899395,0,Brooklyn,Dyker Heights,Boro Zone,false,0.0841
67,dropoff,2024,5,36583,10.507338930610485,0,Brooklyn,Dyker Heights,Boro Zone,false,0.0841
67,dropoff,2024,6,35719,10.483438039077837,0,Brooklyn,Dyker Heights,Boro Zone,false,0.0841
67,dropoff,2025,2,34087,10.436671358912786,1,Brooklyn,Dyker Heights,Boro Zone,false,0.0841
67,dropoff,2025,3,36547,10.506354382465865,1,Brooklyn,Dyker Heights,Boro Zone,false,0.0841
67,dropoff,2025,4,35784,10.485256145112684,1,Brooklyn,Dyker Heights,Boro Zone,false,0.0841
67,dropoff,2025,5,39307,10.579157899044741,1,Brooklyn,Dyker Heights,Boro Zone,false,0.0841
67,dropoff,2025,6,37945,10.543893021838013,1,Brooklyn,Dyker Heights,Boro Zone,false,0.0841
67,pickup,2024,2,32030,10.374428242603203,0,Brooklyn,Dyker Heights,Boro Zone,false,0.0668
67,pickup,2024,3,35576,10.479426532190532,0,Brooklyn,Dyker Heights,Boro Zone,false,0.0668
67,pickup,2024,4,33522,10.419957218687204,0,Brooklyn,Dyker Heights,Boro Zone,false,0.0668
67,pickup,2024,5,36140,10.49515556414622,0,Brooklyn,Dyker Heights,Boro Zone,false,0.0668
67,pickup,2024,6,35285,10.47121322343493,0,Brooklyn,Dyker Heights,Boro Zone,false,0.0668
67,pickup,2025,2,34108,10.43728723986194,1,Brooklyn,Dyker Heights,Boro Zone,false,0.0668
67,pickup,2025,3,36198,10.496759147668817,1,Brooklyn,Dyker Heights,Boro Zone,false,0.0668
67,pickup,2025,4,35346,10.472940510749742,1,Brooklyn,Dyker Heights,Boro Zone,false,0.0668
67,pickup,2025,5,38643,10.562120925064198,1,Brooklyn,Dyker Heights,Boro Zone,false,0.0668
67,pickup,2025,6,37431,10.53025451707913,1,Brooklyn,Dyker Heights,Boro Zone,false,0.0668
68,dropoff,2024,2,209297,12.25150957483877,0,Manhattan,East Chelsea,Yellow Zone,true,1.0
68,dropoff,2024,3,225629,12.32664733644399,0,Manhattan,East Chelsea,Yellow Zone,true,1.0
68,dropoff,2024,4,213532,12.271541983323477,0,Manhattan,East Chelsea,Yellow Zone,true,1.0
68,dropoff,2024,5,223122,12.315473986047499,0,Manhattan,East Chelsea,Yellow Zone,true,1.0
68,dropoff,2024,6,219341,12.298382875435749,0,Manhattan,East Chelsea,Yellow Zone,true,1.0
68,dropoff,2025,2,202987,12.220897216564447,1,Manhattan,East Chelsea,Yellow Zone,true,1.0
68,dropoff,2025,3,207442,12.242607061508144,1,Manhattan,East Chelsea,Yellow Zone,true,1.0
68,dropoff,2025,4,203428,12.223067412906035,1,Manhattan,East Chelsea,Yellow Zone,true,1.0
68,dropoff,2025,5,208692,12.248614759795842,1,Manhattan,East Chelsea,Yellow Zone,true,1.0
68,dropoff,2025,6,201290,12.212501933295078,1,Manhattan,East Chelsea,Yellow Zone,true,1.0
68,pickup,2024,2,215289,12.279736590547007,0,Manhattan,East Chelsea,Yellow Zone,true,1.0
68,pickup,2024,3,231199,12.35103409051149,0,Manhattan,East Chelsea,Yellow Zone,true,1.0
68,pickup,2024,4,218803,12.295927060587703,0,Manhattan,East Chelsea,Yellow Zone,true,1.0
68,pickup,2024,5,240176,12.389127266899957,0,Manhattan,East Chelsea,Yellow Zone,true,1.0
68,pickup,2024,6,229884,12.345330112853102,0,Manhattan,East Chelsea,Yellow Zone,true,1.0
68,pickup,2025,2,209631,12.253104121256143,1,Manhattan,East Chelsea,Yellow Zone,true,1.0
68,pickup,2025,3,211562,12.26227337871814,1,Manhattan,East Chelsea,Yellow Zone,true,1.0
68,pickup,2025,4,205464,12.233026115090432,1,Manhattan,East Chelsea,Yellow Zone,true,1.0
68,pickup,2025,5,215077,12.278751382528029,1,Manhattan,East Chelsea,Yellow Zone,true,1.0
68,pickup,2025,6,203425,12.223052665564857,1,Manhattan,East Chelsea,Yellow Zone,true,1.0
69,dropoff,2024,2,97757,11.490240086536845,0,Bronx,East Concourse/Concourse Village,Boro Zone,false,0.0492
69,dropoff,2024,3,109454,11.603259648651411,0,Bronx,East Concourse/Concourse Village,Boro Zone,false,0.0492
69,dropoff,2024,4,98530,11.49811634931652,0,Bronx,East Concourse/Concourse Village,Boro Zone,false,0.0492
69,dropoff,2024,5,100029,11.513215422928356,0,Bronx,East Concourse/Concourse Village,Boro Zone,false,0.0492
69,dropoff,2024,6,97186,11.484381947152983,0,Bronx,East Concourse/Concourse Village,Boro Zone,false,0.0492
69,dropoff,2025,2,98698,11.499819961791749,1,Bronx,East Concourse/Concourse Village,Boro Zone,false,0.0492
69,dropoff,2025,3,107904,11.588997221921472,1,Bronx,East Concourse/Concourse Village,Boro Zone,false,0.0492
69,dropoff,2025,4,100626,11.519165952559682,1,Bronx,East Concourse/Concourse Village,Boro Zone,false,0.0492
69,dropoff,2025,5,105772,11.569041113096716,1,Bronx,East Concourse/Concourse Village,Boro Zone,false,0.0492
69,dropoff,2025,6,99049,11.503369956164576,1,Bronx,East Concourse/Concourse Village,Boro Zone,false,0.0492
69,pickup,2024,2,98931,11.502177916423465,0,Bronx,East Concourse/Concourse Village,Boro Zone,false,0.0449
69,pickup,2024,3,110890,11.616293997947261,0,Bronx,East Concourse/Concourse Village,Boro Zone,false,0.0449
69,pickup,2024,4,99702,11.509941015929268,0,Bronx,East Concourse/Concourse Village,Boro Zone,false,0.0449
69,pickup,2024,5,101813,11.530893076320679,0,Bronx,East Concourse/Concourse Village,Boro Zone,false,0.0449
69,pickup,2024,6,98076,11.49349796730413,0,Bronx,East Concourse/Concourse Village,Boro Zone,false,0.0449
69,pickup,2025,2,98842,11.501277894620612,1,Bronx,East Concourse/Concourse Village,Boro Zone,false,0.0449
69,pickup,2025,3,107901,11.588969419043872,1,Bronx,East Concourse/Concourse Village,Boro Zone,false,0.0449
69,pickup,2025,4,102064,11.533355346481736,1,Bronx,East Concourse/Concourse Village,Boro Zone,false,0.0449
69,pickup,2025,5,107271,11.583113621818928,1,Bronx,East Concourse/Concourse Village,Boro Zone,false,0.0449
69,pickup,2025,6,100632,11.519225577518709,1,Bronx,East Concourse/Concourse Village,Boro Zone,false,0.0449
70,dropoff,2024,2,33261,10.412140818440461,0,Queens,East Elmhurst,Boro Zone,false,0.0678
70,dropoff,2024,3,38759,10.565118265878281,0,Queens,East Elmhurst,Boro Zone,false,0.0678
70,dropoff,2024,4,35777,10.485060507823594,0,Queens,East Elmhurst,Boro Zone,false,0.0678
70,dropoff,2024,5,40217,10.602045070788348,0,Queens,East Elmhurst,Boro Zone,false,0.0678
70,dropoff,2024,6,39686,10.588753759645197,0,Queens,East Elmhurst,Boro Zone,false,0.0678
70,dropoff,2025,2,35341,10.472799042021169,1,Queens,East Elmhurst,Boro Zone,false,0.0678
70,dropoff,2025,3,39369,10.580733983564397,1,Queens,East Elmhurst,Boro Zone,false,0.0678
70,dropoff,2025,4,38457,10.557296012980244,1,Queens,East Elmhurst,Boro Zone,false,0.0678
70,dropoff,2025,5,44106,10.694351106602143,1,Queens,East Elmhurst,Boro Zone,false,0.0678
70,dropoff,2025,6,43059,10.67032654723949,1,Queens,East Elmhurst,Boro Zone,false,0.0678
70,pickup,2024,2,43568,10.68207821491354,0,Queens,East Elmhurst,Boro Zone,false,0.0665
70,pickup,2024,3,48857,10.796652943008546,0,Queens,East Elmhurst,Boro Zone,false,0.0665
70,pickup,2024,4,45732,10.73055355066186,0,Queens,East Elmhurst,Boro Zone,false,0.0665
70,pickup,2024,5,51761,10.854392248926331,0,Queens,East Elmhurst,Boro Zone,false,0.0665
70,pickup,2024,6,50040,10.820577964580847,0,Queens,East Elmhurst,Boro Zone,false,0.0665
70,pickup,2025,2,42713,10.662258602530038,1,Queens,East Elmhurst,Boro Zone,false,0.0665
70,pickup,2025,3,47034,10.758626023416777,1,Queens,East Elmhurst,Boro Zone,false,0.0665
70,pickup,2025,4,47515,10.768800729645415,1,Queens,East Elmhurst,Boro Zone,false,0.0665
70,pickup,2025,5,52043,10.859825578927968,1,Queens,East Elmhurst,Boro Zone,false,0.0665
70,pickup,2025,6,50635,10.832398315766385,1,Queens,East Elmhurst,Boro Zone,false,0.0665
71,dropoff,2024,2,79747,11.286614402384673,0,Brooklyn,East Flatbush/Farragut,Boro Zone,false,0.034
71,dropoff,2024,3,91520,11.424312806613624,0,Brooklyn,East Flatbush/Farragut,Boro Zone,false,0.034
71,dropoff,2024,4,83706,11.335065938496163,0,Brooklyn,East Flatbush/Farragut,Boro Zone,false,0.034
71,dropoff,2024,5,88005,11.38514891002807,0,Brooklyn,East Flatbush/Farragut,Boro Zone,false,0.034
71,dropoff,2024,6,88238,11.387792988212677,0,Brooklyn,East Flatbush/Farragut,Boro Zone,false,0.034
71,dropoff,2025,2,80850,11.300350865005253,1,Brooklyn,East Flatbush/Farragut,Boro Zone,false,0.034
71,dropoff,2025,3,86097,11.36322984660321,1,Brooklyn,East Flatbush/Farragut,Boro Zone,false,0.034
71,dropoff,2025,4,83087,11.327643530579362,1,Brooklyn,East Flatbush/Farragut,Boro Zone,false,0.034
71,dropoff,2025,5,89072,11.397200310423289,1,Brooklyn,East Flatbush/Farragut,Boro Zone,false,0.034
71,dropoff,2025,6,86471,11.367564376592126,1,Brooklyn,East Flatbush/Farragut,Boro Zone,false,0.034
71,pickup,2024,2,81341,11.3064054734599,0,Brooklyn,East Flatbush/Farragut,Boro Zone,false,0.027
71,pickup,2024,3,92422,11.434120324527697,0,Brooklyn,East Flatbush/Farragut,Boro Zone,false,0.027
71,pickup,2024,4,84568,11.3453112234485,0,Brooklyn,East Flatbush/Farragut,Boro Zone,false,0.027
71,pickup,2024,5,88826,11.394434678917609,0,Brooklyn,East Flatbush/Farragut,Boro Zone,false,0.027
71,pickup,2024,6,89284,11.399577579478903,0,Brooklyn,East Flatbush/Farragut,Boro Zone,false,0.027
71,pickup,2025,2,81828,11.312374762308654,1,Brooklyn,East Flatbush/Farragut,Boro Zone,false,0.027
71,pickup,2025,3,87681,11.381460507226294,1,Brooklyn,East Flatbush/Farragut,Boro Zone,false,0.027
71,pickup,2025,4,84395,11.343263437123028,1,Brooklyn,East Flatbush/Farragut,Boro Zone,false,0.027
71,pickup,2025,5,89656,11.403735403731863,1,Brooklyn,East Flatbush/Farragut,Boro Zone,false,0.027
71,pickup,2025,6,87104,11.374858086011137,1,Brooklyn,East Flatbush/Farragut,Boro Zone,false,0.027
72,dropoff,2024,2,91403,11.423033579660698,0,Brooklyn,East Flatbush/Remsen Village,Boro Zone,false,0.0245
72,dropoff,2024,3,105393,11.565451499221675,0,Brooklyn,East Flatbush/Remsen Village,Boro Zone,false,0.0245
72,dropoff,2024,4,93689,11.447736065390567,0,Brooklyn,East Flatbush/Remsen Village,Boro Zone,false,0.0245
72,dropoff,2024,5,98950,11.502369951030712,0,Brooklyn,East Flatbush/Remsen Village,Boro Zone,false,0.0245
72,dropoff,2024,6,99336,11.506263322096679,0,Brooklyn,East Flatbush/Remsen Village,Boro Zone,false,0.0245
72,dropoff,2025,2,90205,11.409840136886903,1,Brooklyn,East Flatbush/Remsen Village,Boro Zone,false,0.0245
72,dropoff,2025,3,98741,11.500255539369428,1,Brooklyn,East Flatbush/Remsen Village,Boro Zone,false,0.0245
72,dropoff,2025,4,94318,11.454427330575918,1,Brooklyn,East Flatbush/Remsen Village,Boro Zone,false,0.0245
72,dropoff,2025,5,100709,11.519990449092345,1,Brooklyn,East Flatbush/Remsen Village,Boro Zone,false,0.0245
72,dropoff,2025,6,96552,11.477837002297735,1,Brooklyn,East Flatbush/Remsen Village,Boro Zone,false,0.0245
72,pickup,2024,2,95800,11.470017963958952,0,Brooklyn,East Flatbush/Remsen Village,Boro Zone,false,0.0194
72,pickup,2024,3,109318,11.602016344960637,0,Brooklyn,East Flatbush/Remsen Village,Boro Zone,false,0.0194
72,pickup,2024,4,98019,11.492916616411906,0,Brooklyn,East Flatbush/Remsen Village,Boro Zone,false,0.0194
72,pickup,2024,5,103116,11.543609847101223,0,Brooklyn,East Flatbush/Remsen Village,Boro Zone,false,0.0194
72,pickup,2024,6,103178,11.544210931009303,0,Brooklyn,East Flatbush/Remsen Village,Boro Zone,false,0.0194
72,pickup,2025,2,93991,11.450954311987475,1,Brooklyn,East Flatbush/Remsen Village,Boro Zone,false,0.0194
72,pickup,2025,3,101976,11.532492770462758,1,Brooklyn,East Flatbush/Remsen Village,Boro Zone,false,0.0194
72,pickup,2025,4,97871,11.491405564003305,1,Brooklyn,East Flatbush/Remsen Village,Boro Zone,false,0.0194
72,pickup,2025,5,104196,11.554029019848645,1,Brooklyn,East Flatbush/Remsen Village,Boro Zone,false,0.0194
72,pickup,2025,6,100183,11.514753792560258,1,Brooklyn,East Flatbush/Remsen Village,Boro Zone,false,0.0194
73,dropoff,2024,2,17813,9.787683806792485,0,Queens,East Flushing,Boro Zone,false,0.0467
73,dropoff,2024,3,19729,9.889844913494969,0,Queens,East Flushing,Boro Zone,false,0.0467
73,dropoff,2024,4,18079,9.802506322682014,0,Queens,East Flushing,Boro Zone,false,0.0467
73,dropoff,2024,5,19187,9.861988245358098,0,Queens,East Flushing,Boro Zone,false,0.0467
73,dropoff,2024,6,18522,9.826714493730215,0,Queens,East Flushing,Boro Zone,false,0.0467
73,dropoff,2025,2,18850,9.844268192876157,1,Queens,East Flushing,Boro Zone,false,0.0467
73,dropoff,2025,3,19500,9.878169744551839,1,Queens,East Flushing,Boro Zone,false,0.0467
73,dropoff,2025,4,18976,9.850930301797453,1,Queens,East Flushing,Boro Zone,false,0.0467
73,dropoff,2025,5,20271,9.916946572220285,1,Queens,East Flushing,Boro Zone,false,0.0467
73,dropoff,2025,6,19568,9.881650857926953,1,Queens,East Flushing,Boro Zone,false,0.0467
73,pickup,2024,2,18933,9.84866171025235,0,Queens,East Flushing,Boro Zone,false,0.0297
73,pickup,2024,3,20897,9.947360886980098,0,Queens,East Flushing,Boro Zone,false,0.0297
73,pickup,2024,4,19062,9.855452103497571,0,Queens,East Flushing,Boro Zone,false,0.0297
73,pickup,2024,5,20133,9.910115538826348,0,Queens,East Flushing,Boro Zone,false,0.0297
73,pickup,2024,6,19689,9.887815383141833,0,Queens,East Flushing,Boro Zone,false,0.0297
73,pickup,2025,2,19890,9.897972371848018,1,Queens,East Flushing,Boro Zone,false,0.0297
73,pickup,2025,3,20684,9.937115733516112,1,Queens,East Flushing,Boro Zone,false,0.0297
73,pickup,2025,4,20095,9.908226306883302,1,Queens,East Flushing,Boro Zone,false,0.0297
73,pickup,2025,5,21647,9.982622155699856,1,Queens,East Flushing,Boro Zone,false,0.0297
73,pickup,2025,6,20862,9.945684601235916,1,Queens,East Flushing,Boro Zone,false,0.0297
74,dropoff,2024,2,133110,11.798931133041064,0,Manhattan,East Harlem North,Boro Zone,false,0.1148
74,dropoff,2024,3,148297,11.906972298656406,0,Manhattan,East Harlem North,Boro Zone,false,0.1148
74,dropoff,2024,4,132845,11.796938314047624,0,Manhattan,East Harlem North,Boro Zone,false,0.1148
74,dropoff,2024,5,136939,11.827290850180157,0,Manhattan,East Harlem North,Boro Zone,false,0.1148
74,dropoff,2024,6,133669,11.803121873827338,0,Manhattan,East Harlem North,Boro Zone,false,0.1148
74,dropoff,2025,2,128162,11.761050367673555,1,Manhattan,East Harlem North,Boro Zone,false,0.1148
74,dropoff,2025,3,140259,11.851245992449059,1,Manhattan,East Harlem North,Boro Zone,false,0.1148
74,dropoff,2025,4,133424,11.801287306326767,1,Manhattan,East Harlem North,Boro Zone,false,0.1148
74,dropoff,2025,5,133355,11.800770024220315,1,Manhattan,East Harlem North,Boro Zone,false,0.1148
74,dropoff,2025,6,126270,11.746177750432725,1,Manhattan,East Harlem North,Boro Zone,false,0.1148
74,pickup,2024,2,137918,11.834414584632285,0,Manhattan,East Harlem North,Boro Zone,false,0.1151
74,pickup,2024,3,153246,11.939799752315892,0,Manhattan,East Harlem North,Boro Zone,false,0.1151
74,pickup,2024,4,137339,11.830207600948217,0,Manhattan,East Harlem North,Boro Zone,false,0.1151
74,pickup,2024,5,143426,11.873574501730932,0,Manhattan,East Harlem North,Boro Zone,false,0.1151
74,pickup,2024,6,141254,11.858314967191795,0,Manhattan,East Harlem North,Boro Zone,false,0.1151
74,pickup,2025,2,135059,11.813466998984733,1,Manhattan,East Harlem North,Boro Zone,false,0.1151
74,pickup,2025,3,148301,11.906999271191623,1,Manhattan,East Harlem North,Boro Zone,false,0.1151
74,pickup,2025,4,141102,11.857238312084887,1,Manhattan,East Harlem North,Boro Zone,false,0.1151
74,pickup,2025,5,139945,11.84900476726,1,Manhattan,East Harlem North,Boro Zone,false,0.1151
74,pickup,2025,6,133003,11.798126963340478,1,Manhattan,East Harlem North,Boro Zone,false,0.1151
75,dropoff,2024,2,133616,11.80272529339301,0,Manhattan,East Harlem South,Boro Zone,false,0.186
75,dropoff,2024,3,141471,11.859850028064457,0,Manhattan,East Harlem South,Boro Zone,false,0.186
75,dropoff,2024,4,131603,11.787545093966104,0,Manhattan,East Harlem South,Boro Zone,false,0.186
75,dropoff,2024,5,134189,11.807004532947108,0,Manhattan,East Harlem South,Boro Zone,false,0.186
75,dropoff,2024,6,126647,11.749158967821993,0,Manhattan,East Harlem South,Boro Zone,false,0.186
75,dropoff,2025,2,124281,11.73030040982157,1,Manhattan,East Harlem South,Boro Zone,false,0.186
75,dropoff,2025,3,129782,11.773611398751438,1,Manhattan,East Harlem South,Boro Zone,false,0.186
75,dropoff,2025,4,125496,11.740029164536077,1,Manhattan,East Harlem South,Boro Zone,false,0.186
75,dropoff,2025,5,124164,11.72935855139295,1,Manhattan,East Harlem South,Boro Zone,false,0.186
75,dropoff,2025,6,117445,11.673725417873936,1,Manhattan,East Harlem South,Boro Zone,false,0.186
75,pickup,2024,2,131654,11.787932548055743,0,Manhattan,East Harlem South,Boro Zone,false,0.1711
75,pickup,2024,3,140911,11.855883764392377,0,Manhattan,East Harlem South,Boro Zone,false,0.1711
75,pickup,2024,4,130083,11.775927987246325,0,Manhattan,East Harlem South,Boro Zone,false,0.1711
75,pickup,2024,5,133351,11.80074002864466,0,Manhattan,East Harlem South,Boro Zone,false,0.1711
75,pickup,2024,6,125585,11.7407380991327,0,Manhattan,East Harlem South,Boro Zone,false,0.1711
75,pickup,2025,2,124255,11.730091184597901,1,Manhattan,East Harlem South,Boro Zone,false,0.1711
75,pickup,2025,3,128481,11.763536312462877,1,Manhattan,East Harlem South,Boro Zone,false,0.1711
75,pickup,2025,4,124895,11.735228663286746,1,Manhattan,East Harlem South,Boro Zone,false,0.1711
75,pickup,2025,5,123767,11.726156044733402,1,Manhattan,East Harlem South,Boro Zone,false,0.1711
75,pickup,2025,6,114504,11.648365035864053,1,Manhattan,East Harlem South,Boro Zone,false,0.1711
76,dropoff,2024,2,209256,12.251313661775761,0,Brooklyn,East New York,Boro Zone,false,0.0149
76,dropoff,2024,3,237790,12.379143210209943,0,Brooklyn,East New York,Boro Zone,false,0.0149
76,dropoff,2024,4,213462,12.27121410986096,0,Brooklyn,East New York,Boro Zone,false,0.0149
76,dropoff,2024,5,220187,12.302232464289077,0,Brooklyn,East New York,Boro Zone,false,0.0149
76,dropoff,2024,6,214146,12.274413304372692,0,Brooklyn,East New York,Boro Zone,false,0.0149
76,dropoff,2025,2,206288,12.237028529650619,1,Brooklyn,East New York,Boro Zone,false,0.0149
76,dropoff,2025,3,229144,12.342105905872018,1,Brooklyn,East New York,Boro Zone,false,0.0149
76,dropoff,2025,4,215973,12.28290867885315,1,Brooklyn,East New York,Boro Zone,false,0.0149
76,dropoff,2025,5,225899,12.327843275708803,1,Brooklyn,East New York,Boro Zone,false,0.0149
76,dropoff,2025,6,217842,12.291525308355808,1,Brooklyn,East New York,Boro Zone,false,0.0149
76,pickup,2024,2,208763,12.248954916223168,0,Brooklyn,East New York,Boro Zone,false,0.0132
76,pickup,2024,3,238004,12.380042759235069,0,Brooklyn,East New York,Boro Zone,false,0.0132
76,pickup,2024,4,213506,12.271420214300429,0,Brooklyn,East New York,Boro Zone,false,0.0132
76,pickup,2024,5,220618,12.304187978121027,0,Brooklyn,East New York,Boro Zone,false,0.0132
76,pickup,2024,6,214550,12.27629809041967,0,Brooklyn,East New York,Boro Zone,false,0.0132
76,pickup,2025,2,208577,12.248063556601204,1,Brooklyn,East New York,Boro Zone,false,0.0132
76,pickup,2025,3,230775,12.349198488858352,1,Brooklyn,East New York,Boro Zone,false,0.0132
76,pickup,2025,4,216990,12.287606548511436,1,Brooklyn,East New York,Boro Zone,false,0.0132
76,pickup,2025,5,228583,12.339654661873293,1,Brooklyn,East New York,Boro Zone,false,0.0132
76,pickup,2025,6,221092,12.306334183468177,1,Brooklyn,East New York,Boro Zone,false,0.0132
77,dropoff,2024,2,54753,10.91058744069813,0,Brooklyn,East New York/Pennsylvania Avenue,Boro Zone,false,0.021
77,dropoff,2024,3,63622,11.060714601464154,0,Brooklyn,East New York/Pennsylvania Avenue,Boro Zone,false,0.021
77,dropoff,2024,4,57736,10.963636174752109,0,Brooklyn,East New York/Pennsylvania Avenue,Boro Zone,false,0.021
77,dropoff,2024,5,60087,11.003548790969342,0,Brooklyn,East New York/Pennsylvania Avenue,Boro Zone,false,0.021
77,dropoff,2024,6,59117,10.987273810085565,0,Brooklyn,East New York/Pennsylvania Avenue,Boro Zone,false,0.021
77,dropoff,2025,2,54938,10.913960555637539,1,Brooklyn,East New York/Pennsylvania Avenue,Boro Zone,false,0.021
77,dropoff,2025,3,60297,11.007037630233862,1,Brooklyn,East New York/Pennsylvania Avenue,Boro Zone,false,0.021
77,dropoff,2025,4,56864,10.948417730954377,1,Brooklyn,East New York/Pennsylvania Avenue,Boro Zone,false,0.021
77,dropoff,2025,5,59218,10.988980828711085,1,Brooklyn,East New York/Pennsylvania Avenue,Boro Zone,false,0.021
77,dropoff,2025,6,58669,10.979666757288538,1,Brooklyn,East New York/Pennsylvania Avenue,Boro Zone,false,0.021
77,pickup,2024,2,55699,10.927717472432848,0,Brooklyn,East New York/Pennsylvania Avenue,Boro Zone,false,0.0178
77,pickup,2024,3,64349,11.072076672887986,0,Brooklyn,East New York/Pennsylvania Avenue,Boro Zone,false,0.0178
77,pickup,2024,4,58724,10.98060378085935,0,Brooklyn,East New York/Pennsylvania Avenue,Boro Zone,false,0.0178
77,pickup,2024,5,60356,11.008015641633541,0,Brooklyn,East New York/Pennsylvania Avenue,Boro Zone,false,0.0178
77,pickup,2024,6,59668,10.996551142273821,0,Brooklyn,East New York/Pennsylvania Avenue,Boro Zone,false,0.0178
77,pickup,2025,2,55663,10.9270709322979,1,Brooklyn,East New York/Pennsylvania Avenue,Boro Zone,false,0.0178
77,pickup,2025,3,61035,11.0192027491039,1,Brooklyn,East New York/Pennsylvania Avenue,Boro Zone,false,0.0178
77,pickup,2025,4,57835,10.965349407729502,1,Brooklyn,East New York/Pennsylvania Avenue,Boro Zone,false,0.0178
77,pickup,2025,5,59737,10.997706872899512,1,Brooklyn,East New York/Pennsylvania Avenue,Boro Zone,false,0.0178
77,pickup,2025,6,59763,10.998142019349894,1,Brooklyn,East New York/Pennsylvania Avenue,Boro Zone,false,0.0178
78,dropoff,2024,2,79837,11.287742335129082,0,Bronx,East Tremont,Boro Zone,false,0.0289
78,dropoff,2024,3,89907,11.406531081722104,0,Bronx,East Tremont,Boro Zone,false,0.0289
78,dropoff,2024,4,82246,11.317470035226188,0,Bronx,East Tremont,Boro Zone,false,0.0289
78,dropoff,2024,5,82489,11.32042023009976,0,Bronx,East Tremont,Boro Zone,false,0.0289
78,dropoff,2024,6,79643,11.285309426981462,0,Bronx,East Tremont,Boro Zone,false,0.0289
78,dropoff,2025,2,82959,11.326101788828831,1,Bronx,East Tremont,Boro Zone,false,0.0289
78,dropoff,2025,3,89686,11.40406996005754,1,Bronx,East Tremont,Boro Zone,false,0.0289
78,dropoff,2025,4,84337,11.342575956357265,1,Bronx,East Tremont,Boro Zone,false,0.0289
78,dropoff,2025,5,87532,11.37975971977425,1,Bronx,East Tremont,Boro Zone,false,0.0289
78,dropoff,2025,6,80784,11.299534205098697,1,Bronx,East Tremont,Boro Zone,false,0.0289
78,pickup,2024,2,85082,11.35137077632514,0,Bronx,East Tremont,Boro Zone,false,0.0315
78,pickup,2024,3,95860,11.470644072713622,0,Bronx,East Tremont,Boro Zone,false,0.0315
78,pickup,2024,4,86794,11.371292773835275,0,Bronx,East Tremont,Boro Zone,false,0.0315
78,pickup,2024,5,88538,11.391187117370512,0,Bronx,East Tremont,Boro Zone,false,0.0315
78,pickup,2024,6,84185,11.3407720370919,0,Bronx,East Tremont,Boro Zone,false,0.0315
78,pickup,2025,2,86312,11.365723917231175,1,Bronx,East Tremont,Boro Zone,false,0.0315
78,pickup,2025,3,95344,11.465246682986761,1,Bronx,East Tremont,Boro Zone,false,0.0315
78,pickup,2025,4,89396,11.400831217431314,1,Bronx,East Tremont,Boro Zone,false,0.0315
78,pickup,2025,5,93194,11.442438620918947,1,Bronx,East Tremont,Boro Zone,false,0.0315
78,pickup,2025,6,85408,11.35519505220425,1,Bronx,East Tremont,Boro Zone,false,0.0315
79,dropoff,2024,2,230574,12.348327131110887,0,Manhattan,East Village,Yellow Zone,true,1.0
79,dropoff,2024,3,245938,12.412834750628642,0,Manhattan,East Village,Yellow Zone,true,1.0
79,dropoff,2024,4,216339,12.284601900819895,0,Manhattan,East Village,Yellow Zone,true,1.0
79,dropoff,2024,5,214453,12.275845879122066,0,Manhattan,East Village,Yellow Zone,true,1.0
79,dropoff,2024,6,211948,12.264096240548483,0,Manhattan,East Village,Yellow Zone,true,1.0
79,dropoff,2025,2,207889,12.244759562393408,1,Manhattan,East Village,Yellow Zone,true,1.0
79,dropoff,2025,3,204414,12.227902628116823,1,Manhattan,East Village,Yellow Zone,true,1.0
79,dropoff,2025,4,197069,12.191309200202687,1,Manhattan,East Village,Yellow Zone,true,1.0
79,dropoff,2025,5,200228,12.2072119962236,1,Manhattan,East Village,Yellow Zone,true,1.0
79,dropoff,2025,6,181243,12.107593951281467,1,Manhattan,East Village,Yellow Zone,true,1.0
79,pickup,2024,2,275549,12.52652075019937,0,Manhattan,East Village,Yellow Zone,true,1.0
79,pickup,2024,3,297386,12.602786237253206,0,Manhattan,East Village,Yellow Zone,true,1.0
79,pickup,2024,4,265536,12.48950570369254,0,Manhattan,East Village,Yellow Zone,true,1.0
79,pickup,2024,5,266830,12.494367030480388,0,Manhattan,East Village,Yellow Zone,true,1.0
79,pickup,2024,6,262083,12.476416526467773,0,Manhattan,East Village,Yellow Zone,true,1.0
79,pickup,2025,2,248640,12.42376134616142,1,Manhattan,East Village,Yellow Zone,true,1.0
79,pickup,2025,3,251773,12.436283166884358,1,Manhattan,East Village,Yellow Zone,true,1.0
79,pickup,2025,4,241472,12.394508803323982,1,Manhattan,East Village,Yellow Zone,true,1.0
79,pickup,2025,5,246878,12.416649566462423,1,Manhattan,East Village,Yellow Zone,true,1.0
79,pickup,2025,6,222342,12.311972015979675,1,Manhattan,East Village,Yellow Zone,true,1.0
80,dropoff,2024,2,143852,11.87654027225461,0,Brooklyn,East Williamsburg,Boro Zone,false,0.186
80,dropoff,2024,3,159942,11.982566528496957,0,Brooklyn,East Williamsburg,Boro Zone,false,0.186
80,dropoff,2024,4,147542,11.901868159992343,0,Brooklyn,East Williamsburg,Boro Zone,false,0.186
80,dropoff,2024,5,165187,12.01483344447865,0,Brooklyn,East Williamsburg,Boro Zone,false,0.186
80,dropoff,2024,6,175305,12.074282593035367,0,Brooklyn,East Williamsburg,Boro Zone,false,0.186
80,dropoff,2025,2,145610,11.88868709370495,1,Brooklyn,East Williamsburg,Boro Zone,false,0.186
80,dropoff,2025,3,150745,11.923344946543525,1,Brooklyn,East Williamsburg,Boro Zone,false,0.186
80,dropoff,2025,4,146185,11.892628221854952,1,Brooklyn,East Williamsburg,Boro Zone,false,0.186
80,dropoff,2025,5,164567,12.011073061098365,1,Brooklyn,East Williamsburg,Boro Zone,false,0.186
80,dropoff,2025,6,156664,11.961858663596672,1,Brooklyn,East Williamsburg,Boro Zone,false,0.186
80,pickup,2024,2,150450,11.921386082058191,0,Brooklyn,East Williamsburg,Boro Zone,false,0.1593
80,pickup,2024,3,165738,12.018163507237189,0,Brooklyn,East Williamsburg,Boro Zone,false,0.1593
80,pickup,2024,4,153111,11.938918427529853,0,Brooklyn,East Williamsburg,Boro Zone,false,0.1593
80,pickup,2024,5,174292,12.068487332577549,0,Brooklyn,East Williamsburg,Boro Zone,false,0.1593
80,pickup,2024,6,185446,12.130519013529012,0,Brooklyn,East Williamsburg,Boro Zone,false,0.1593
80,pickup,2025,2,147947,11.904609380502123,1,Brooklyn,East Williamsburg,Boro Zone,false,0.1593
80,pickup,2025,3,153985,11.944610474054423,1,Brooklyn,East Williamsburg,Boro Zone,false,0.1593
80,pickup,2025,4,149021,11.91184251459386,1,Brooklyn,East Williamsburg,Boro Zone,false,0.1593
80,pickup,2025,5,170435,12.046109271346886,1,Brooklyn,East Williamsburg,Boro Zone,false,0.1593
80,pickup,2025,6,167625,12.029484620583979,1,Brooklyn,East Williamsburg,Boro Zone,false,0.1593
81,dropoff,2024,2,47874,10.776327838536336,0,Bronx,Eastchester,Boro Zone,false,0.0218
81,dropoff,2024,3,53990,10.896554123212333,0,Bronx,Eastchester,Boro Zone,false,0.0218
81,dropoff,2024,4,49371,10.807118486263493,0,Bronx,Eastchester,Boro Zone,false,0.0218
81,dropoff,2024,5,51654,10.85232291588601,0,Bronx,Eastchester,Boro Zone,false,0.0218
81,dropoff,2024,6,50340,10.826555268689306,0,Bronx,Eastchester,Boro Zone,false,0.0218
81,dropoff,2025,2,49113,10.801879044522451,1,Bronx,Eastchester,Boro Zone,false,0.0218
81,dropoff,2025,3,53191,10.88164448808605,1,Bronx,Eastchester,Boro Zone,false,0.0218
81,dropoff,2025,4,50263,10.825024498930237,1,Bronx,Eastchester,Boro Zone,false,0.0218
81,dropoff,2025,5,54481,10.905607296014702,1,Bronx,Eastchester,Boro Zone,false,0.0218
81,dropoff,2025,6,52076,10.860459469017288,1,Bronx,Eastchester,Boro Zone,false,0.0218
81,pickup,2024,2,52327,10.865267769230652,0,Bronx,Eastchester,Boro Zone,false,0.0173
81,pickup,2024,3,58744,10.980944299131446,0,Bronx,Eastchester,Boro Zone,false,0.0173
81,pickup,2024,4,54122,10.898996036516913,0,Bronx,Eastchester,Boro Zone,false,0.0173
81,pickup,2024,5,56120,10.935247534216398,0,Bronx,Eastchester,Boro Zone,false,0.0173
81,pickup,2024,6,55549,10.925020793105562,0,Bronx,Eastchester,Boro Zone,false,0.0173
81,pickup,2025,2,54766,10.910824842428626,1,Bronx,Eastchester,Boro Zone,false,0.0173
81,pickup,2025,3,60045,11.002849560094784,1,Bronx,Eastchester,Boro Zone,false,0.0173
81,pickup,2025,4,56839,10.94797798881208,1,Bronx,Eastchester,Boro Zone,false,0.0173
81,pickup,2025,5,61135,11.02083981257829,1,Bronx,Eastchester,Boro Zone,false,0.0173
81,pickup,2025,6,59067,10.986427671809942,1,Bronx,Eastchester,Boro Zone,false,0.0173
82,dropoff,2024,2,124916,11.735396790391233,0,Queens,Elmhurst,Boro Zone,false,0.0566
82,dropoff,2024,3,136742,11.825851217658906,0,Queens,Elmhurst,Boro Zone,false,0.0566
82,dropoff,2024,4,127082,11.752587826377331,0,Queens,Elmhurst,Boro Zone,false,0.0566
82,dropoff,2024,5,133059,11.798547917861054,0,Queens,Elmhurst,Boro Zone,false,0.0566
82,dropoff,2024,6,131290,11.785163895928155,0,Queens,Elmhurst,Boro Zone,false,0.0566
82,dropoff,2025,2,131677,11.788107233148335,1,Queens,Elmhurst,Boro Zone,false,0.0566
82,dropoff,2025,3,138104,11.835762303496384,1,Queens,Elmhurst,Boro Zone,false,0.0566
82,dropoff,2025,4,133412,11.801197363440439,1,Queens,Elmhurst,Boro Zone,false,0.0566
82,dropoff,2025,5,143691,11.875420439625579,1,Queens,Elmhurst,Boro Zone,false,0.0566
82,dropoff,2025,6,141793,11.862123526558413,1,Queens,Elmhurst,Boro Zone,false,0.0566
82,pickup,2024,2,127896,11.758972712644727,0,Queens,Elmhurst,Boro Zone,false,0.0398
82,pickup,2024,3,139954,11.849069076171451,0,Queens,Elmhurst,Boro Zone,false,0.0398
82,pickup,2024,4,129828,11.773965776475574,0,Queens,Elmhurst,Boro Zone,false,0.0398
82,pickup,2024,5,137534,11.831626438249174,0,Queens,Elmhurst,Boro Zone,false,0.0398
82,pickup,2024,6,137197,11.829173128145648,0,Queens,Elmhurst,Boro Zone,false,0.0398
82,pickup,2025,2,136683,11.82541965506649,1,Queens,Elmhurst,Boro Zone,false,0.0398
82,pickup,2025,3,142268,11.865467881768936,1,Queens,Elmhurst,Boro Zone,false,0.0398
82,pickup,2025,4,136845,11.826604177447685,1,Queens,Elmhurst,Boro Zone,false,0.0398
82,pickup,2025,5,150156,11.919430032653056,1,Queens,Elmhurst,Boro Zone,false,0.0398
82,pickup,2025,6,148338,11.907248732659548,1,Queens,Elmhurst,Boro Zone,false,0.0398
83,dropoff,2024,2,40380,10.606089891866828,0,Queens,Elmhurst/Maspeth,Boro Zone,false,0.0809
83,dropoff,2024,3,44457,10.702277708858288,0,Queens,Elmhurst/Maspeth,Boro Zone,false,0.0809
83,dropoff,2024,4,41440,10.632001876933364,0,Queens,Elmhurst/Maspeth,Boro Zone,false,0.0809
83,dropoff,2024,5,42797,10.664223285655282,0,Queens,Elmhurst/Maspeth,Boro Zone,false,0.0809
83,dropoff,2024,6,43076,10.670721276448772,0,Queens,Elmhurst/Maspeth,Boro Zone,false,0.0809
83,dropoff,2025,2,42922,10.667139793981427,1,Queens,Elmhurst/Maspeth,Boro Zone,false,0.0809
83,dropoff,2025,3,46932,10.756455024543515,1,Queens,Elmhurst/Maspeth,Boro Zone,false,0.0809
83,dropoff,2025,4,45146,10.717656961343524,1,Queens,Elmhurst/Maspeth,Boro Zone,false,0.0809
83,dropoff,2025,5,48742,10.794296360395592,1,Queens,Elmhurst/Maspeth,Boro Zone,false,0.0809
83,dropoff,2025,6,47890,10.776661993336655,1,Queens,Elmhurst/Maspeth,Boro Zone,false,0.0809
83,pickup,2024,2,39986,10.596284671831778,0,Queens,Elmhurst/Maspeth,Boro Zone,false,0.0629
83,pickup,2024,3,44623,10.706004700150416,0,Queens,Elmhurst/Maspeth,Boro Zone,false,0.0629
83,pickup,2024,4,41634,10.636672420127605,0,Queens,Elmhurst/Maspeth,Boro Zone,false,0.0629
83,pickup,2024,5,43103,10.67134787923793,0,Queens,Elmhurst/Maspeth,Boro Zone,false,0.0629
83,pickup,2024,6,43675,10.684531135002258,0,Queens,Elmhurst/Maspeth,Boro Zone,false,0.0629
83,pickup,2025,2,44026,10.692535647473276,1,Queens,Elmhurst/Maspeth,Boro Zone,false,0.0629
83,pickup,2025,3,47649,10.771616922503265,1,Queens,Elmhurst/Maspeth,Boro Zone,false,0.0629
83,pickup,2025,4,45521,10.725929036924466,1,Queens,Elmhurst/Maspeth,Boro Zone,false,0.0629
83,pickup,2025,5,50005,10.819878279410617,1,Queens,Elmhurst/Maspeth,Boro Zone,false,0.0629
83,pickup,2025,6,49513,10.809990540339168,1,Queens,Elmhurst/Maspeth,Boro Zone,false,0.0629
84,dropoff,2024,2,7754,8.955964118230874,0,Staten Island,Eltingville/Annadale/Prince's Bay,Boro Zone,false,0.0459
84,dropoff,2024,3,8774,9.07954808172616,0,Staten Island,Eltingville/Annadale/Prince's Bay,Boro Zone,false,0.0459
84,dropoff,2024,4,7879,8.971956271245688,0,Staten Island,Eltingville/Annadale/Prince's Bay,Boro Zone,false,0.0459
84,dropoff,2024,5,8850,9.088172738001974,0,Staten Island,Eltingville/Annadale/Prince's Bay,Boro Zone,false,0.0459
84,dropoff,2024,6,8701,9.071193240566025,0,Staten Island,Eltingville/Annadale/Prince's Bay,Boro Zone,false,0.0459
84,dropoff,2025,2,8288,9.022563964499264,1,Staten Island,Eltingville/Annadale/Prince's Bay,Boro Zone,false,0.0459
84,dropoff,2025,3,9418,9.1503780308035,1,Staten Island,Eltingville/Annadale/Prince's Bay,Boro Zone,false,0.0459
84,dropoff,2025,4,8572,9.056256356593467,1,Staten Island,Eltingville/Annadale/Prince's Bay,Boro Zone,false,0.0459
84,dropoff,2025,5,9896,9.199885914072324,1,Staten Island,Eltingville/Annadale/Prince's Bay,Boro Zone,false,0.0459
84,dropoff,2025,6,9550,9.164296433474776,1,Staten Island,Eltingville/Annadale/Prince's Bay,Boro Zone,false,0.0459
84,pickup,2024,2,8089,8.998260393017953,0,Staten Island,Eltingville/Annadale/Prince's Bay,Boro Zone,false,0.0189
84,pickup,2024,3,8992,9.104090572133472,0,Staten Island,Eltingville/Annadale/Prince's Bay,Boro Zone,false,0.0189
84,pickup,2024,4,8368,9.032170186304704,0,Staten Island,Eltingville/Annadale/Prince's Bay,Boro Zone,false,0.0189
84,pickup,2024,5,9194,9.126306376366173,0,Staten Island,Eltingville/Annadale/Prince's Bay,Boro Zone,false,0.0189
84,pickup,2024,6,9142,9.12063445889169,0,Staten Island,Eltingville/Annadale/Prince's Bay,Boro Zone,false,0.0189
84,pickup,2025,2,8545,9.053101595549691,1,Staten Island,Eltingville/Annadale/Prince's Bay,Boro Zone,false,0.0189
84,pickup,2025,3,9956,9.205930663487482,1,Staten Island,Eltingville/Annadale/Prince's Bay,Boro Zone,false,0.0189
84,pickup,2025,4,9233,9.130539301772627,1,Staten Island,Eltingville/Annadale/Prince's Bay,Boro Zone,false,0.0189
84,pickup,2025,5,10436,9.253016646256619,1,Staten Island,Eltingville/Annadale/Prince's Bay,Boro Zone,false,0.0189
84,pickup,2025,6,9989,9.20923976653215,1,Staten Island,Eltingville/Annadale/Prince's Bay,Boro Zone,false,0.0189
85,dropoff,2024,2,59652,10.996282955882673,0,Brooklyn,Erasmus,Boro Zone,false,0.0648
85,dropoff,2024,3,68360,11.132543137229527,0,Brooklyn,Erasmus,Boro Zone,false,0.0648
85,dropoff,2024,4,60398,11.008711270791892,0,Brooklyn,Erasmus,Boro Zone,false,0.0648
85,dropoff,2024,5,63108,11.052602823377345,0,Brooklyn,Erasmus,Boro Zone,false,0.0648
85,dropoff,2024,6,63935,11.065622221245269,0,Brooklyn,Erasmus,Boro Zone,false,0.0648
85,dropoff,2025,2,60933,11.017530178859595,1,Brooklyn,Erasmus,Boro Zone,false,0.0648
85,dropoff,2025,3,64409,11.073008653880901,1,Brooklyn,Erasmus,Boro Zone,false,0.0648
85,dropoff,2025,4,61740,11.03068729805615,1,Brooklyn,Erasmus,Boro Zone,false,0.0648
85,dropoff,2025,5,65893,11.095787493300891,1,Brooklyn,Erasmus,Boro Zone,false,0.0648
85,dropoff,2025,6,64083,11.067934397125784,1,Brooklyn,Erasmus,Boro Zone,false,0.0648
85,pickup,2024,2,59683,10.996802501710759,0,Brooklyn,Erasmus,Boro Zone,false,0.0431
85,pickup,2024,3,67783,11.124066705025466,0,Brooklyn,Erasmus,Boro Zone,false,0.0431
85,pickup,2024,4,60006,11.002199836204571,0,Brooklyn,Erasmus,Boro Zone,false,0.0431
85,pickup,2024,5,63884,11.0648242177762,0,Brooklyn,Erasmus,Boro Zone,false,0.0431
85,pickup,2024,6,63877,11.06471463817042,0,Brooklyn,Erasmus,Boro Zone,false,0.0431
85,pickup,2025,2,61226,11.022327214884207,1,Brooklyn,Erasmus,Boro Zone,false,0.0431
85,pickup,2025,3,64586,11.075752948017643,1,Brooklyn,Erasmus,Boro Zone,false,0.0431
85,pickup,2025,4,61029,11.019104440020062,1,Brooklyn,Erasmus,Boro Zone,false,0.0431
85,pickup,2025,5,66249,11.101175649394925,1,Brooklyn,Erasmus,Boro Zone,false,0.0431
85,pickup,2025,6,64098,11.068168441173942,1,Brooklyn,Erasmus,Boro Zone,false,0.0431
86,dropoff,2024,2,32951,10.402776888483789,0,Queens,Far Rockaway,Boro Zone,false,0.017
86,dropoff,2024,3,37931,10.543523998690803,0,Queens,Far Rockaway,Boro Zone,false,0.017
86,dropoff,2024,4,33536,10.420374767680714,0,Queens,Far Rockaway,Boro Zone,false,0.017
86,dropoff,2024,5,34645,10.452908694061481,0,Queens,Far Rockaway,Boro Zone,false,0.017
86,dropoff,2024,6,33520,10.41989755459602,0,Queens,Far Rockaway,Boro Zone,false,0.017
86,dropoff,2025,2,37983,10.544893970188363,1,Queens,Far Rockaway,Boro Zone,false,0.017
86,dropoff,2025,3,41959,10.644448230005079,1,Queens,Far Rockaway,Boro Zone,false,0.017
86,dropoff,2025,4,38170,10.549805145739276,1,Queens,Far Rockaway,Boro Zone,false,0.017
86,dropoff,2025,5,38965,10.570419086277662,1,Queens,Far Rockaway,Boro Zone,false,0.017
86,dropoff,2025,6,36873,10.51523485488309,1,Queens,Far Rockaway,Boro Zone,false,0.017
86,pickup,2024,2,40443,10.607648854359173,0,Queens,Far Rockaway,Boro Zone,false,0.0105
86,pickup,2024,3,45518,10.725863131103859,0,Queens,Far Rockaway,Boro Zone,false,0.0105
86,pickup,2024,4,40621,10.612040453245921,0,Queens,Far Rockaway,Boro Zone,false,0.0105
86,pickup,2024,5,41866,10.642229320654465,0,Queens,Far Rockaway,Boro Zone,false,0.0105
86,pickup,2024,6,40817,10.616853940277469,0,Queens,Far Rockaway,Boro Zone,false,0.0105
86,pickup,2025,2,45145,10.717634810741579,1,Queens,Far Rockaway,Boro Zone,false,0.0105
86,pickup,2025,3,50544,10.830599523041867,1,Queens,Far Rockaway,Boro Zone,false,0.0105
86,pickup,2025,4,46028,10.73700518594335,1,Queens,Far Rockaway,Boro Zone,false,0.0105
86,pickup,2025,5,47869,10.776223392258185,1,Queens,Far Rockaway,Boro Zone,false,0.0105
86,pickup,2025,6,44804,10.71005270013163,1,Queens,Far Rockaway,Boro Zone,false,0.0105
87,dropoff,2024,2,108647,11.595859373706498,0,Manhattan,Financial District North,Yellow Zone,true,1.0
87,dropoff,2024,3,114959,11.652330822037271,0,Manhattan,Financial District North,Yellow Zone,true,1.0
87,dropoff,2024,4,111812,11.624574168469136,0,Manhattan,Financial District North,Yellow Zone,true,1.0
87,dropoff,2024,5,120965,11.703256526537889,0,Manhattan,Financial District North,Yellow Zone,true,1.0
87,dropoff,2024,6,121717,11.70945395697697,0,Manhattan,Financial District North,Yellow Zone,true,1.0
87,dropoff,2025,2,106044,11.571609381306004,1,Manhattan,Financial District North,Yellow Zone,true,1.0
87,dropoff,2025,3,108629,11.595693685825267,1,Manhattan,Financial District North,Yellow Zone,true,1.0
87,dropoff,2025,4,110683,11.614425538701576,1,Manhattan,Financial District North,Yellow Zone,true,1.0
87,dropoff,2025,5,118876,11.685836212009995,1,Manhattan,Financial District North,Yellow Zone,true,1.0
87,dropoff,2025,6,111840,11.624824557467637,1,Manhattan,Financial District North,Yellow Zone,true,1.0
87,pickup,2024,2,115397,11.656133636184425,0,Manhattan,Financial District North,Yellow Zone,true,1.0
87,pickup,2024,3,123070,11.720508578166383,0,Manhattan,Financial District North,Yellow Zone,true,1.0
87,pickup,2024,4,119639,11.692234154300394,0,Manhattan,Financial District North,Yellow Zone,true,1.0
87,pickup,2024,5,131542,11.787081471240286,0,Manhattan,Financial District North,Yellow Zone,true,1.0
87,pickup,2024,6,129334,11.77015348456319,0,Manhattan,Financial District North,Yellow Zone,true,1.0
87,pickup,2025,2,115693,11.658695410055035,1,Manhattan,Financial District North,Yellow Zone,true,1.0
87,pickup,2025,3,119651,11.69233445101158,1,Manhattan,Financial District North,Yellow Zone,true,1.0
87,pickup,2025,4,122076,11.712399080581749,1,Manhattan,Financial District North,Yellow Zone,true,1.0
87,pickup,2025,5,133221,11.79976468231942,1,Manhattan,Financial District North,Yellow Zone,true,1.0
87,pickup,2025,6,123543,11.72434455258788,1,Manhattan,Financial District North,Yellow Zone,true,1.0
88,dropoff,2024,2,46193,10.740583550438735,0,Manhattan,Financial District South,Yellow Zone,true,1.0
88,dropoff,2024,3,52603,10.870528431319944,0,Manhattan,Financial District South,Yellow Zone,true,1.0
88,dropoff,2024,4,51241,10.84429527182336,0,Manhattan,Financial District South,Yellow Zone,true,1.0
88,dropoff,2024,5,55957,10.932338817621135,0,Manhattan,Financial District South,Yellow Zone,true,1.0
88,dropoff,2024,6,54103,10.898644916162183,0,Manhattan,Financial District South,Yellow Zone,true,1.0
88,dropoff,2025,2,42669,10.661227940238337,1,Manhattan,Financial District South,Yellow Zone,true,1.0
88,dropoff,2025,3,48043,10.77985172220416,1,Manhattan,Financial District South,Yellow Zone,true,1.0
88,dropoff,2025,4,48728,10.79400909251632,1,Manhattan,Financial District South,Yellow Zone,true,1.0
88,dropoff,2025,5,52497,10.868511304089857,1,Manhattan,Financial District South,Yellow Zone,true,1.0
88,dropoff,2025,6,48338,10.785973279797922,1,Manhattan,Financial District South,Yellow Zone,true,1.0
88,pickup,2024,2,47980,10.778539536393685,0,Manhattan,Financial District South,Yellow Zone,true,1.0
88,pickup,2024,3,54030,10.897294726838112,0,Manhattan,Financial District South,Yellow Zone,true,1.0
88,pickup,2024,4,51867,10.856438028772885,0,Manhattan,Financial District South,Yellow Zone,true,1.0
88,pickup,2024,5,56324,10.938876011037202,0,Manhattan,Financial District South,Yellow Zone,true,1.0
88,pickup,2024,6,54629,10.908320156261581,0,Manhattan,Financial District South,Yellow Zone,true,1.0
88,pickup,2025,2,45238,10.719692720587927,1,Manhattan,Financial District South,Yellow Zone,true,1.0
88,pickup,2025,3,49829,10.816352422842092,1,Manhattan,Financial District South,Yellow Zone,true,1.0
88,pickup,2025,4,48782,10.795116671339422,1,Manhattan,Financial District South,Yellow Zone,true,1.0
88,pickup,2025,5,53536,10.88810960378655,1,Manhattan,Financial District South,Yellow Zone,true,1.0
88,pickup,2025,6,48984,10.799248993157791,1,Manhattan,Financial District South,Yellow Zone,true,1.0
89,dropoff,2024,2,154723,11.949391700364703,0,Brooklyn,Flatbush/Ditmas Park,Boro Zone,false,0.0696
89,dropoff,2024,3,181256,12.107665675617291,0,Brooklyn,Flatbush/Ditmas Park,Boro Zone,false,0.0696
89,dropoff,2024,4,155407,11.953802760946232,0,Brooklyn,Flatbush/Ditmas Park,Boro Zone,false,0.0696
89,dropoff,2024,5,163854,12.006731066401453,0,Brooklyn,Flatbush/Ditmas Park,Boro Zone,false,0.0696
89,dropoff,2024,6,160483,11.98594329693928,0,Brooklyn,Flatbush/Ditmas Park,Boro Zone,false,0.0696
89,dropoff,2025,2,158346,11.97253779114884,1,Brooklyn,Flatbush/Ditmas Park,Boro Zone,false,0.0696
89,dropoff,2025,3,168055,12.032046585760327,1,Brooklyn,Flatbush/Ditmas Park,Boro Zone,false,0.0696
89,dropoff,2025,4,160911,11.98860669608804,1,Brooklyn,Flatbush/Ditmas Park,Boro Zone,false,0.0696
89,dropoff,2025,5,169976,12.043412529595475,1,Brooklyn,Flatbush/Ditmas Park,Boro Zone,false,0.0696
89,dropoff,2025,6,160337,11.985033129181165,1,Brooklyn,Flatbush/Ditmas Park,Boro Zone,false,0.0696
89,pickup,2024,2,148438,11.907922641626477,0,Brooklyn,Flatbush/Ditmas Park,Boro Zone,false,0.0546
89,pickup,2024,3,173588,12.06443995439522,0,Brooklyn,Flatbush/Ditmas Park,Boro Zone,false,0.0546
89,pickup,2024,4,149855,11.917423438888187,0,Brooklyn,Flatbush/Ditmas Park,Boro Zone,false,0.0546
89,pickup,2024,5,157852,11.969413164162443,0,Brooklyn,Flatbush/Ditmas Park,Boro Zone,false,0.0546
89,pickup,2024,6,158309,11.972304098327514,0,Brooklyn,Flatbush/Ditmas Park,Boro Zone,false,0.0546
89,pickup,2025,2,155358,11.953487410115823,1,Brooklyn,Flatbush/Ditmas Park,Boro Zone,false,0.0546
89,pickup,2025,3,162088,11.995894676605987,1,Brooklyn,Flatbush/Ditmas Park,Boro Zone,false,0.0546
89,pickup,2025,4,156476,11.960657922569734,1,Brooklyn,Flatbush/Ditmas Park,Boro Zone,false,0.0546
89,pickup,2025,5,164850,12.012791248499877,1,Brooklyn,Flatbush/Ditmas Park,Boro Zone,false,0.0546
89,pickup,2025,6,158541,11.973768513927707,1,Brooklyn,Flatbush/Ditmas Park,Boro Zone,false,0.0546
90,dropoff,2024,2,119159,11.688214014714127,0,Manhattan,Flatiron,Yellow Zone,true,1.0
90,dropoff,2024,3,125760,11.742130607663034,0,Manhattan,Flatiron,Yellow Zone,true,1.0
90,dropoff,2024,4,115519,11.65719029757949,0,Manhattan,Flatiron,Yellow Zone,true,1.0
90,dropoff,2024,5,116497,11.665620800583365,0,Manhattan,Flatiron,Yellow Zone,true,1.0
90,dropoff,2024,6,111465,11.621465919259679,0,Manhattan,Flatiron,Yellow Zone,true,1.0
90,dropoff,2025,2,114121,11.645014567994968,1,Manhattan,Flatiron,Yellow Zone,true,1.0
90,dropoff,2025,3,114795,11.650903207912132,1,Manhattan,Flatiron,Yellow Zone,true,1.0
90,dropoff,2025,4,110336,11.61128553458331,1,Manhattan,Flatiron,Yellow Zone,true,1.0
90,dropoff,2025,5,111064,11.617861890714638,1,Manhattan,Flatiron,Yellow Zone,true,1.0
90,dropoff,2025,6,100046,11.513385359202662,1,Manhattan,Flatiron,Yellow Zone,true,1.0
90,pickup,2024,2,136262,11.822334782041752,0,Manhattan,Flatiron,Yellow Zone,true,1.0
90,pickup,2024,3,144584,11.881615932515475,0,Manhattan,Flatiron,Yellow Zone,true,1.0
90,pickup,2024,4,133770,11.803877186289633,0,Manhattan,Flatiron,Yellow Zone,true,1.0
90,pickup,2024,5,139674,11.847066414824361,0,Manhattan,Flatiron,Yellow Zone,true,1.0
90,pickup,2024,6,135907,11.819726107274825,0,Manhattan,Flatiron,Yellow Zone,true,1.0
90,pickup,2025,2,132997,11.798081850558514,1,Manhattan,Flatiron,Yellow Zone,true,1.0
90,pickup,2025,3,134438,11.80885840520354,1,Manhattan,Flatiron,Yellow Zone,true,1.0
90,pickup,2025,4,131159,11.784165606653826,1,Manhattan,Flatiron,Yellow Zone,true,1.0
90,pickup,2025,5,133351,11.80074002864466,1,Manhattan,Flatiron,Yellow Zone,true,1.0
90,pickup,2025,6,123480,11.723834478616096,1,Manhattan,Flatiron,Yellow Zone,true,1.0
91,dropoff,2024,2,85014,11.350571227792281,0,Brooklyn,Flatlands,Boro Zone,false,0.0268
91,dropoff,2024,3,96837,11.480784431637813,0,Brooklyn,Flatlands,Boro Zone,false,0.0268
91,dropoff,2024,4,87464,11.37898255911432,0,Brooklyn,Flatlands,Boro Zone,false,0.0268
91,dropoff,2024,5,94200,11.453175460564454,0,Brooklyn,Flatlands,Boro Zone,false,0.0268
91,dropoff,2024,6,92606,11.436109213351592,0,Brooklyn,Flatlands,Boro Zone,false,0.0268
91,dropoff,2025,2,86771,11.371027743441651,1,Brooklyn,Flatlands,Boro Zone,false,0.0268
91,dropoff,2025,3,93120,11.441644262965264,1,Brooklyn,Flatlands,Boro Zone,false,0.0268
91,dropoff,2025,4,89116,11.397694170850414,1,Brooklyn,Flatlands,Boro Zone,false,0.0268
91,dropoff,2025,5,96561,11.477930211972966,1,Brooklyn,Flatlands,Boro Zone,false,0.0268
91,dropoff,2025,6,92759,11.437760010802517,1,Brooklyn,Flatlands,Boro Zone,false,0.0268
91,pickup,2024,2,91733,11.426637462645683,0,Brooklyn,Flatlands,Boro Zone,false,0.0196
91,pickup,2024,3,104900,11.560762794384388,0,Brooklyn,Flatlands,Boro Zone,false,0.0196
91,pickup,2024,4,93786,11.448770870123527,0,Brooklyn,Flatlands,Boro Zone,false,0.0196
91,pickup,2024,5,100821,11.521101946254364,0,Brooklyn,Flatlands,Boro Zone,false,0.0196
91,pickup,2024,6,99800,11.510923462299555,0,Brooklyn,Flatlands,Boro Zone,false,0.0196
91,pickup,2025,2,93300,11.443575386835436,1,Brooklyn,Flatlands,Boro Zone,false,0.0196
91,pickup,2025,3,100512,11.518032402338372,1,Brooklyn,Flatlands,Boro Zone,false,0.0196
91,pickup,2025,4,95388,11.465708063361113,1,Brooklyn,Flatlands,Boro Zone,false,0.0196
91,pickup,2025,5,102407,11.53671034862615,1,Brooklyn,Flatlands,Boro Zone,false,0.0196
91,pickup,2025,6,100203,11.514953407304466,1,Brooklyn,Flatlands,Boro Zone,false,0.0196
92,dropoff,2024,2,94688,11.458342555199936,0,Queens,Flushing,Boro Zone,false,0.0643
92,dropoff,2024,3,103236,11.544772908409348,0,Queens,Flushing,Boro Zone,false,0.0643
92,dropoff,2024,4,94398,11.455275165468478,0,Queens,Flushing,Boro Zone,false,0.0643
92,dropoff,2024,5,102276,11.535430320310297,0,Queens,Flushing,Boro Zone,false,0.0643
92,dropoff,2024,6,97845,11.491139872898305,0,Queens,Flushing,Boro Zone,false,0.0643
92,dropoff,2025,2,97374,11.486314513543936,1,Queens,Flushing,Boro Zone,false,0.0643
92,dropoff,2025,3,102756,11.540112524814193,1,Queens,Flushing,Boro Zone,false,0.0643
92,dropoff,2025,4,99496,11.507872721333577,1,Queens,Flushing,Boro Zone,false,0.0643
92,dropoff,2025,5,108397,11.593555692327962,1,Queens,Flushing,Boro Zone,false,0.0643
92,dropoff,2025,6,106399,11.574951457349274,1,Queens,Flushing,Boro Zone,false,0.0643
92,pickup,2024,2,96891,11.481341914308347,0,Queens,Flushing,Boro Zone,false,0.0571
92,pickup,2024,3,104258,11.554623875325904,0,Queens,Flushing,Boro Zone,false,0.0571
92,pickup,2024,4,95325,11.465047384725764,0,Queens,Flushing,Boro Zone,false,0.0571
92,pickup,2024,5,104664,11.558510498190712,0,Queens,Flushing,Boro Zone,false,0.0571
92,pickup,2024,6,99037,11.503248796668048,0,Queens,Flushing,Boro Zone,false,0.0571
92,pickup,2025,2,98813,11.500984454027577,1,Queens,Flushing,Boro Zone,false,0.0571
92,pickup,2025,3,105668,11.568057382408227,1,Queens,Flushing,Boro Zone,false,0.0571
92,pickup,2025,4,102412,11.536759172221625,1,Queens,Flushing,Boro Zone,false,0.0571
92,pickup,2025,5,111959,11.625888011828158,1,Queens,Flushing,Boro Zone,false,0.0571
92,pickup,2025,6,110651,11.614136382944006,1,Queens,Flushing,Boro Zone,false,0.0571
93,dropoff,2024,2,7716,8.951051374025619,0,Queens,Flushing Meadows-Corona Park,Boro Zone,false,0.1077
93,dropoff,2024,3,11966,9.389824573949976,0,Queens,Flushing Meadows-Corona Park,Boro Zone,false,0.1077
93,dropoff,2024,4,18800,9.84161214881804,0,Queens,Flushing Meadows-Corona Park,Boro Zone,false,0.1077
93,dropoff,2024,5,29799,10.302230114883466,0,Queens,Flushing Meadows-Corona Park,Boro Zone,false,0.1077
93,dropoff,2024,6,39207,10.576610581265145,0,Queens,Flushing Meadows-Corona Park,Boro Zone,false,0.1077
93,dropoff,2025,2,7618,8.938269147038548,1,Queens,Flushing Meadows-Corona Park,Boro Zone,false,0.1077
93,dropoff,2025,3,9935,9.203819154985917,1,Queens,Flushing Meadows-Corona Park,Boro Zone,false,0.1077
93,dropoff,2025,4,20960,9.950371138434978,1,Queens,Flushing Meadows-Corona Park,Boro Zone,false,0.1077
93,dropoff,2025,5,27919,10.237062739615967,1,Queens,Flushing Meadows-Corona Park,Boro Zone,false,0.1077
93,dropoff,2025,6,41749,10.639430777896337,1,Queens,Flushing Meadows-Corona Park,Boro Zone,false,0.1077
93,pickup,2024,2,5331,8.581294116822761,0,Queens,Flushing Meadows-Corona Park,Boro Zone,false,0.1174
93,pickup,2024,3,7752,8.955706153570603,0,Queens,Flushing Meadows-Corona Park,Boro Zone,false,0.1174
93,pickup,2024,4,13167,9.485468978356344,0,Queens,Flushing Meadows-Corona Park,Boro Zone,false,0.1174
93,pickup,2024,5,21144,9.959111456284125,0,Queens,Flushing Meadows-Corona Park,Boro Zone,false,0.1174
93,pickup,2024,6,25033,10.127950233416236,0,Queens,Flushing Meadows-Corona Park,Boro Zone,false,0.1174
93,pickup,2025,2,5403,8.594709633844065,1,Queens,Flushing Meadows-Corona Park,Boro Zone,false,0.1174
93,pickup,2025,3,6643,8.80131894766524,1,Queens,Flushing Meadows-Corona Park,Boro Zone,false,0.1174
93,pickup,2025,4,12953,9.469082700530256,1,Queens,Flushing Meadows-Corona Park,Boro Zone,false,0.1174
93,pickup,2025,5,18288,9.814000386034591,1,Queens,Flushing Meadows-Corona Park,Boro Zone,false,0.1174
93,pickup,2025,6,23999,10.085767441795337,1,Queens,Flushing Meadows-Corona Park,Boro Zone,false,0.1174
94,dropoff,2024,2,38681,10.563103802387129,0,Bronx,Fordham South,Boro Zone,false,0.0354
94,dropoff,2024,3,43240,10.674521271753145,0,Bronx,Fordham South,Boro Zone,false,0.0354
94,dropoff,2024,4,38342,10.554301180079994,0,Bronx,Fordham South,Boro Zone,false,0.0354
94,dropoff,2024,5,38328,10.553935978562958,0,Bronx,Fordham South,Boro Zone,false,0.0354
94,dropoff,2024,6,37832,10.540910584323711,0,Bronx,Fordham South,Boro Zone,false,0.0354
94,dropoff,2025,2,37479,10.53153605509994,1,Bronx,Fordham South,Boro Zone,false,0.0354
94,dropoff,2025,3,41330,10.629343907505778,1,Bronx,Fordham South,Boro Zone,false,0.0354
94,dropoff,2025,4,37579,10.534200662714523,1,Bronx,Fordham South,Boro Zone,false,0.0354
94,dropoff,2025,5,39296,10.578878011506815,1,Bronx,Fordham South,Boro Zone,false,0.0354
94,dropoff,2025,6,36926,10.516671188955689,1,Bronx,Fordham South,Boro Zone,false,0.0354
94,pickup,2024,2,41562,10.63494156725066,0,Bronx,Fordham South,Boro Zone,false,0.0294
94,pickup,2024,3,46928,10.756369791217232,0,Bronx,Fordham South,Boro Zone,false,0.0294
94,pickup,2024,4,41785,10.640292702435536,0,Bronx,Fordham South,Boro Zone,false,0.0294
94,pickup,2024,5,41644,10.636912579594643,0,Bronx,Fordham South,Boro Zone,false,0.0294
94,pickup,2024,6,40781,10.615971565652215,0,Bronx,Fordham South,Boro Zone,false,0.0294
94,pickup,2025,2,40911,10.619154254525943,1,Bronx,Fordham South,Boro Zone,false,0.0294
94,pickup,2025,3,45422,10.723751848155539,1,Bronx,Fordham South,Boro Zone,false,0.0294
94,pickup,2025,4,41286,10.628278738430534,1,Bronx,Fordham South,Boro Zone,false,0.0294
94,pickup,2025,5,43724,10.685652429413727,1,Bronx,Fordham South,Boro Zone,false,0.0294
94,pickup,2025,6,40866,10.618053700469373,1,Bronx,Fordham South,Boro Zone,false,0.0294
95,dropoff,2024,2,127734,11.757705255603794,0,Queens,Forest Hills,Boro Zone,false,0.0774
95,dropoff,2024,3,140464,11.85270650716599,0,Queens,Forest Hills,Boro Zone,false,0.0774
95,dropoff,2024,4,129332,11.77013802060581,0,Queens,Forest Hills,Boro Zone,false,0.0774
95,dropoff,2024,5,141764,11.861918982145113,0,Queens,Forest Hills,Boro Zone,false,0.0774
95,dropoff,2024,6,138607,11.839397869513109,0,Queens,Forest Hills,Boro Zone,false,0.0774
95,dropoff,2025,2,134063,11.806065117701248,1,Queens,Forest Hills,Boro Zone,false,0.0774
95,dropoff,2025,3,141692,11.861410966780834,1,Queens,Forest Hills,Boro Zone,false,0.0774
95,dropoff,2025,4,136826,11.826465324591295,1,Queens,Forest Hills,Boro Zone,false,0.0774
95,dropoff,2025,5,149958,11.918110533871074,1,Queens,Forest Hills,Boro Zone,false,0.0774
95,dropoff,2025,6,142913,11.86999133248838,1,Queens,Forest Hills,Boro Zone,false,0.0774
95,pickup,2024,2,123828,11.726648784903714,0,Queens,Forest Hills,Boro Zone,false,0.0525
95,pickup,2024,3,135024,11.813207819397748,0,Queens,Forest Hills,Boro Zone,false,0.0525
95,pickup,2024,4,124470,11.731820001995024,0,Queens,Forest Hills,Boro Zone,false,0.0525
95,pickup,2024,5,136851,11.826648021712861,0,Queens,Forest Hills,Boro Zone,false,0.0525
95,pickup,2024,6,136330,11.822833696180176,0,Queens,Forest Hills,Boro Zone,false,0.0525
95,pickup,2025,2,129288,11.76979775302848,1,Queens,Forest Hills,Boro Zone,false,0.0525
95,pickup,2025,3,136924,11.82718130635704,1,Queens,Forest Hills,Boro Zone,false,0.0525
95,pickup,2025,4,133173,11.799404313838753,1,Queens,Forest Hills,Boro Zone,false,0.0525
95,pickup,2025,5,146349,11.893749459161942,1,Queens,Forest Hills,Boro Zone,false,0.0525
95,pickup,2025,6,141352,11.859008512296485,1,Queens,Forest Hills,Boro Zone,false,0.0525
96,dropoff,2024,2,2460,7.807916628926408,0,Queens,Forest Park/Highland Park,Boro Zone,false,0.0711
96,dropoff,2024,3,3120,8.045588280803528,0,Queens,Forest Park/Highland Park,Boro Zone,false,0.0711
96,dropoff,2024,4,3335,8.112227958349724,0,Queens,Forest Park/Highland Park,Boro Zone,false,0.0711
96,dropoff,2024,5,3848,8.255308811785596,0,Queens,Forest Park/Highland Park,Boro Zone,false,0.0711
96,dropoff,2024,6,4788,8.473868066677865,0,Queens,Forest Park/Highland Park,Boro Zone,false,0.0711
96,dropoff,2025,2,2130,7.6638772587034705,1,Queens,Forest Park/Highland Park,Boro Zone,false,0.0711
96,dropoff,2025,3,2916,7.977968093128549,1,Queens,Forest Park/Highland Park,Boro Zone,false,0.0711
96,dropoff,2025,4,3295,8.100161446936607,1,Queens,Forest Park/Highland Park,Boro Zone,false,0.0711
96,dropoff,2025,5,4168,8.335191583433202,1,Queens,Forest Park/Highland Park,Boro Zone,false,0.0711
96,dropoff,2025,6,4247,8.353968130313271,1,Queens,Forest Park/Highland Park,Boro Zone,false,0.0711
96,pickup,2024,2,2134,7.665753431861699,0,Queens,Forest Park/Highland Park,Boro Zone,false,0.0578
96,pickup,2024,3,2647,7.881182202227102,0,Queens,Forest Park/Highland Park,Boro Zone,false,0.0578
96,pickup,2024,4,2904,7.973844375944687,0,Queens,Forest Park/Highland Park,Boro Zone,false,0.0578
96,pickup,2024,5,3340,8.113726085970747,0,Queens,Forest Park/Highland Park,Boro Zone,false,0.0578
96,pickup,2024,6,3903,8.269500767180615,0,Queens,Forest Park/Highland Park,Boro Zone,false,0.0578
96,pickup,2025,2,2003,7.602401335665818,1,Queens,Forest Park/Highland Park,Boro Zone,false,0.0578
96,pickup,2025,3,2739,7.915348169263078,1,Queens,Forest Park/Highland Park,Boro Zone,false,0.0578
96,pickup,2025,4,2926,7.98139158158007,1,Queens,Forest Park/Highland Park,Boro Zone,false,0.0578
96,pickup,2025,5,3614,8.192570471152173,1,Queens,Forest Park/Highland Park,Boro Zone,false,0.0578
96,pickup,2025,6,3754,8.230577217146454,1,Queens,Forest Park/Highland Park,Boro Zone,false,0.0578
97,dropoff,2024,2,118719,11.684514635185138,0,Brooklyn,Fort Greene,Boro Zone,false,0.164
97,dropoff,2024,3,135499,11.816719539200859,0,Brooklyn,Fort Greene,Boro Zone,false,0.164
97,dropoff,2024,4,123842,11.726761838563947,0,Brooklyn,Fort Greene,Boro Zone,false,0.164
97,dropoff,2024,5,128328,11.762344765296676,0,Brooklyn,Fort Greene,Boro Zone,false,0.164
97,dropoff,2024,6,128613,11.764563174323511,0,Brooklyn,Fort Greene,Boro Zone,false,0.164
97,dropoff,2025,2,118115,11.679414005127859,1,Brooklyn,Fort Greene,Boro Zone,false,0.164
97,dropoff,2025,3,126010,11.744116547863738,1,Brooklyn,Fort Greene,Boro Zone,false,0.164
97,dropoff,2025,4,121625,11.708697819488306,1,Brooklyn,Fort Greene,Boro Zone,false,0.164
97,dropoff,2025,5,130207,11.776880770752264,1,Brooklyn,Fort Greene,Boro Zone,false,0.164
97,dropoff,2025,6,118990,11.6867947349492,1,Brooklyn,Fort Greene,Boro Zone,false,0.164
97,pickup,2024,2,125265,11.738186772255439,0,Brooklyn,Fort Greene,Boro Zone,false,0.1517
97,pickup,2024,3,139930,11.848897576549758,0,Brooklyn,Fort Greene,Boro Zone,false,0.1517
97,pickup,2024,4,129446,11.771019084740894,0,Brooklyn,Fort Greene,Boro Zone,false,0.1517
97,pickup,2024,5,133499,11.801849266157681,0,Brooklyn,Fort Greene,Boro Zone,false,0.1517
97,pickup,2024,6,133184,11.799486909753305,0,Brooklyn,Fort Greene,Boro Zone,false,0.1517
97,pickup,2025,2,128272,11.761908288282733,1,Brooklyn,Fort Greene,Boro Zone,false,0.1517
97,pickup,2025,3,137244,11.829515642569216,1,Brooklyn,Fort Greene,Boro Zone,false,0.1517
97,pickup,2025,4,130396,11.778331253157582,1,Brooklyn,Fort Greene,Boro Zone,false,0.1517
97,pickup,2025,5,139543,11.846128076473818,1,Brooklyn,Fort Greene,Boro Zone,false,0.1517
97,pickup,2025,6,126495,11.74795806067685,1,Brooklyn,Fort Greene,Boro Zone,false,0.1517
98,dropoff,2024,2,16010,9.68096880599076,0,Queens,Fresh Meadows,Boro Zone,false,0.0401
98,dropoff,2024,3,18115,9.804495603329178,0,Queens,Fresh Meadows,Boro Zone,false,0.0401
98,dropoff,2024,4,17112,9.747535250762242,0,Queens,Fresh Meadows,Boro Zone,false,0.0401
98,dropoff,2024,5,18731,9.837935184295892,0,Queens,Fresh Meadows,Boro Zone,false,0.0401
98,dropoff,2024,6,18821,9.842728546690564,0,Queens,Fresh Meadows,Boro Zone,false,0.0401
98,dropoff,2025,2,17358,9.76180877420419,1,Queens,Fresh Meadows,Boro Zone,false,0.0401
98,dropoff,2025,3,18254,9.812139513076822,1,Queens,Fresh Meadows,Boro Zone,false,0.0401
98,dropoff,2025,4,18202,9.8092867571373,1,Queens,Fresh Meadows,Boro Zone,false,0.0401
98,dropoff,2025,5,20823,9.943813424007693,1,Queens,Fresh Meadows,Boro Zone,false,0.0401
98,dropoff,2025,6,19073,9.856029001376427,1,Queens,Fresh Meadows,Boro Zone,false,0.0401
98,pickup,2024,2,16203,9.692951689261001,0,Queens,Fresh Meadows,Boro Zone,false,0.0273
98,pickup,2024,3,18319,9.81569405158546,0,Queens,Fresh Meadows,Boro Zone,false,0.0273
98,pickup,2024,4,16909,9.735601303538429,0,Queens,Fresh Meadows,Boro Zone,false,0.0273
98,pickup,2024,5,18271,9.813070382411665,0,Queens,Fresh Meadows,Boro Zone,false,0.0273
98,pickup,2024,6,18052,9.801011760946892,0,Queens,Fresh Meadows,Boro Zone,false,0.0273
98,pickup,2025,2,18192,9.808737215990318,1,Queens,Fresh Meadows,Boro Zone,false,0.0273
98,pickup,2025,3,19103,9.857600669763652,1,Queens,Fresh Meadows,Boro Zone,false,0.0273
98,pickup,2025,4,18576,9.829625703937673,1,Queens,Fresh Meadows,Boro Zone,false,0.0273
98,pickup,2025,5,20940,9.949416484424528,1,Queens,Fresh Meadows,Boro Zone,false,0.0273
98,pickup,2025,6,19174,9.861310473636943,1,Queens,Fresh Meadows,Boro Zone,false,0.0273
99,dropoff,2024,2,527,6.267200548541362,0,Staten Island,Freshkills Park,Boro Zone,false,0.0183
99,dropoff,2024,3,576,6.3561076606958915,0,Staten Island,Freshkills Park,Boro Zone,false,0.0183
99,dropoff,2024,4,491,6.19644412779452,0,Staten Island,Freshkills Park,Boro Zone,false,0.0183
99,dropoff,2024,5,491,6.19644412779452,0,Staten Island,Freshkills Park,Boro Zone,false,0.0183
99,dropoff,2024,6,535,6.282266746896006,0,Staten Island,Freshkills Park,Boro Zone,false,0.0183
99,dropoff,2025,2,476,6.16541785423142,1,Staten Island,Freshkills Park,Boro Zone,false,0.0183
99,dropoff,2025,3,560,6.327936783729195,1,Staten Island,Freshkills Park,Boro Zone,false,0.0183
99,dropoff,2025,4,574,6.352629396319567,1,Staten Island,Freshkills Park,Boro Zone,false,0.0183
99,dropoff,2025,5,628,6.4425401664681985,1,Staten Island,Freshkills Park,Boro Zone,false,0.0183
99,dropoff,2025,6,557,6.322565239927284,1,Staten Island,Freshkills Park,Boro Zone,false,0.0183
99,pickup,2024,2,418,6.035481432524756,0,Staten Island,Freshkills Park,Boro Zone,false,0.011
99,pickup,2024,3,448,6.104793232414985,0,Staten Island,Freshkills Park,Boro Zone,false,0.011
99,pickup,2024,4,427,6.056784013228625,0,Staten Island,Freshkills Park,Boro Zone,false,0.011
99,pickup,2024,5,436,6.077642243349034,0,Staten Island,Freshkills Park,Boro Zone,false,0.011
99,pickup,2024,6,460,6.131226489483141,0,Staten Island,Freshkills Park,Boro Zone,false,0.011
99,pickup,2025,2,382,5.945420608606575,1,Staten Island,Freshkills Park,Boro Zone,false,0.011
99,pickup,2025,3,462,6.135564891081739,1,Staten Island,Freshkills Park,Boro Zone,false,0.011
99,pickup,2025,4,526,6.26530121273771,1,Staten Island,Freshkills Park,Boro Zone,false,0.011
99,pickup,2025,5,581,6.364750756851911,1,Staten Island,Freshkills Park,Boro Zone,false,0.011
99,pickup,2025,6,543,6.297109319933935,1,Staten Island,Freshkills Park,Boro Zone,false,0.011
100,dropoff,2024,2,91012,11.418746644937018,0,Manhattan,Garment District,Yellow Zone,true,1.0
100,dropoff,2024,3,97868,11.491374910939784,0,Manhattan,Garment District,Yellow Zone,true,1.0
100,dropoff,2024,4,89141,11.3979746647459,0,Manhattan,Garment District,Yellow Zone,true,1.0
100,dropoff,2024,5,95014,11.46177952814607,0,Manhattan,Garment District,Yellow Zone,true,1.0
100,dropoff,2024,6,92790,11.438094154347224,0,Manhattan,Garment District,Yellow Zone,true,1.0
100,dropoff,2025,2,88074,11.385932649185289,1,Manhattan,Garment District,Yellow Zone,true,1.0
100,dropoff,2025,3,88057,11.385739611048301,1,Manhattan,Garment District,Yellow Zone,true,1.0
100,dropoff,2025,4,85400,11.355101379776661,1,Manhattan,Garment District,Yellow Zone,true,1.0
100,dropoff,2025,5,89727,11.40452700609895,1,Manhattan,Garment District,Yellow Zone,true,1.0
100,dropoff,2025,6,86033,11.36248622256383,1,Manhattan,Garment District,Yellow Zone,true,1.0
100,pickup,2024,2,110134,11.609453085211294,0,Manhattan,Garment District,Yellow Zone,true,1.0
100,pickup,2024,3,119209,11.688633534118857,0,Manhattan,Garment District,Yellow Zone,true,1.0
100,pickup,2024,4,108169,11.591450097874198,0,Manhattan,Garment District,Yellow Zone,true,1.0
100,pickup,2024,5,118343,11.681342466593831,0,Manhattan,Garment District,Yellow Zone,true,1.0
100,pickup,2024,6,115603,11.657917186440772,0,Manhattan,Garment District,Yellow Zone,true,1.0
100,pickup,2025,2,105376,11.56529018517609,1,Manhattan,Garment District,Yellow Zone,true,1.0
100,pickup,2025,3,108166,11.591422363110981,1,Manhattan,Garment District,Yellow Zone,true,1.0
100,pickup,2025,4,104057,11.552694104907285,1,Manhattan,Garment District,Yellow Zone,true,1.0
100,pickup,2025,5,112168,11.627753026400967,1,Manhattan,Garment District,Yellow Zone,true,1.0
100,pickup,2025,6,106153,11.57263672862559,1,Manhattan,Garment District,Yellow Zone,true,1.0
101,dropoff,2024,2,12001,9.392745258631441,0,Queens,Glen Oaks,Boro Zone,false,0.0399
101,dropoff,2024,3,12826,9.459229639708807,0,Queens,Glen Oaks,Boro Zone,false,0.0399
101,dropoff,2024,4,11987,9.3915780082071,0,Queens,Glen Oaks,Boro Zone,false,0.0399
101,dropoff,2024,5,12541,9.43675855582405,0,Queens,Glen Oaks,Boro Zone,false,0.0399
101,dropoff,2024,6,12090,9.400133943608838,0,Queens,Glen Oaks,Boro Zone,false,0.0399
101,dropoff,2025,2,12850,9.461099090323366,1,Queens,Glen Oaks,Boro Zone,false,0.0399
101,dropoff,2025,3,13647,9.521274996238114,1,Queens,Glen Oaks,Boro Zone,false,0.0399
101,dropoff,2025,4,13544,9.51369892381297,1,Queens,Glen Oaks,Boro Zone,false,0.0399
101,dropoff,2025,5,14007,9.547312483639047,1,Queens,Glen Oaks,Boro Zone,false,0.0399
101,dropoff,2025,6,13585,9.516721521860449,1,Queens,Glen Oaks,Boro Zone,false,0.0399
101,pickup,2024,2,16086,9.685704607464015,0,Queens,Glen Oaks,Boro Zone,false,0.02
101,pickup,2024,3,17236,9.75475549873573,0,Queens,Glen Oaks,Boro Zone,false,0.02
101,pickup,2024,4,16638,9.719444514843833,0,Queens,Glen Oaks,Boro Zone,false,0.02
101,pickup,2024,5,17247,9.7553934942914,0,Queens,Glen Oaks,Boro Zone,false,0.02
101,pickup,2024,6,16682,9.722085572801557,0,Queens,Glen Oaks,Boro Zone,false,0.02
101,pickup,2025,2,17648,9.778377741493284,1,Queens,Glen Oaks,Boro Zone,false,0.02
101,pickup,2025,3,19055,9.855084813307961,1,Queens,Glen Oaks,Boro Zone,false,0.02
101,pickup,2025,4,18926,9.848291917068178,1,Queens,Glen Oaks,Boro Zone,false,0.02
101,pickup,2025,5,19650,9.885832617297407,1,Queens,Glen Oaks,Boro Zone,false,0.02
101,pickup,2025,6,19387,9.872358017339208,1,Queens,Glen Oaks,Boro Zone,false,0.02
102,dropoff,2024,2,42840,10.665227524561685,0,Queens,Glendale,Boro Zone,false,0.0437
102,dropoff,2024,3,48353,10.786283546526374,0,Queens,Glendale,Boro Zone,false,0.0437
102,dropoff,2024,4,44164,10.695665256559028,0,Queens,Glendale,Boro Zone,false,0.0437
102,dropoff,2024,5,46832,10.754322008931666,0,Queens,Glendale,Boro Zone,false,0.0437
102,dropoff,2024,6,47175,10.761619370236751,0,Queens,Glendale,Boro Zone,false,0.0437
102,dropoff,2025,2,44802,10.710008060263757,1,Queens,Glendale,Boro Zone,false,0.0437
102,dropoff,2025,3,47485,10.768169150677053,1,Queens,Glendale,Boro Zone,false,0.0437
102,dropoff,2025,4,46140,10.739435531727745,1,Queens,Glendale,Boro Zone,false,0.0437
102,dropoff,2025,5,50918,10.837971774602247,1,Queens,Glendale,Boro Zone,false,0.0437
102,dropoff,2025,6,47934,10.777580343710097,1,Queens,Glendale,Boro Zone,false,0.0437
102,pickup,2024,2,43470,10.679826323982837,0,Queens,Glendale,Boro Zone,false,0.032
102,pickup,2024,3,49521,10.810152101015651,0,Queens,Glendale,Boro Zone,false,0.032
102,pickup,2024,4,44920,10.71263840885238,0,Queens,Glendale,Boro Zone,false,0.032
102,pickup,2024,5,48217,10.783466934951127,0,Queens,Glendale,Boro Zone,false,0.032
102,pickup,2024,6,47631,10.771239088745622,0,Queens,Glendale,Boro Zone,false,0.032
102,pickup,2025,2,45355,10.722275703049045,1,Queens,Glendale,Boro Zone,false,0.032
102,pickup,2025,3,47840,10.775617388624513,1,Queens,Glendale,Boro Zone,false,0.032
102,pickup,2025,4,46512,10.747465622798657,1,Queens,Glendale,Boro Zone,false,0.032
102,pickup,2025,5,51458,10.848521219942494,1,Queens,Glendale,Boro Zone,false,0.032
102,pickup,2025,6,48944,10.798432066390685,1,Queens,Glendale,Boro Zone,false,0.032
104,dropoff,2024,3,1,0.0,0,Manhattan,Governor's Island/Ellis Island/Liberty Island,Yellow Zone,false,1.0
104,dropoff,2025,5,1,0.0,1,Manhattan,Governor's Island/Ellis Island/Liberty Island,Yellow Zone,false,1.0
104,dropoff,2025,6,1,0.0,1,Manhattan,Governor's Island/Ellis Island/Liberty Island,Yellow Zone,false,1.0
105,dropoff,2024,2,7,1.9459101490553132,0,Manhattan,Governor's Island/Ellis Island/Liberty Island,Yellow Zone,false,0.4286
105,dropoff,2024,3,10,2.302585092994046,0,Manhattan,Governor's Island/Ellis Island/Liberty Island,Yellow Zone,false,0.4286
105,dropoff,2024,4,9,2.1972245773362196,0,Manhattan,Governor's Island/Ellis Island/Liberty Island,Yellow Zone,false,0.4286
105,dropoff,2024,5,6,1.791759469228055,0,Manhattan,Governor's Island/Ellis Island/Liberty Island,Yellow Zone,false,0.4286
105,dropoff,2024,6,3,1.0986122886681098,0,Manhattan,Governor's Island/Ellis Island/Liberty Island,Yellow Zone,false,0.4286
105,dropoff,2025,2,8,2.0794415416798357,1,Manhattan,Governor's Island/Ellis Island/Liberty Island,Yellow Zone,false,0.4286
105,dropoff,2025,3,8,2.0794415416798357,1,Manhattan,Governor's Island/Ellis Island/Liberty Island,Yellow Zone,false,0.4286
105,dropoff,2025,4,8,2.0794415416798357,1,Manhattan,Governor's Island/Ellis Island/Liberty Island,Yellow Zone,false,0.4286
105,dropoff,2025,5,10,2.302585092994046,1,Manhattan,Governor's Island/Ellis Island/Liberty Island,Yellow Zone,false,0.4286
105,dropoff,2025,6,6,1.791759469228055,1,Manhattan,Governor's Island/Ellis Island/Liberty Island,Yellow Zone,false,0.4286
105,pickup,2024,2,3,1.0986122886681098,0,Manhattan,Governor's Island/Ellis Island/Liberty Island,Yellow Zone,false,0.5833
105,pickup,2024,3,2,0.6931471805599453,0,Manhattan,Governor's Island/Ellis Island/Liberty Island,Yellow Zone,false,0.5833
105,pickup,2024,4,1,0.0,0,Manhattan,Governor's Island/Ellis Island/Liberty Island,Yellow Zone,false,0.5833
105,pickup,2024,5,1,0.0,0,Manhattan,Governor's Island/Ellis Island/Liberty Island,Yellow Zone,false,0.5833
105,pickup,2024,6,5,1.6094379124341003,0,Manhattan,Governor's Island/Ellis Island/Liberty Island,Yellow Zone,false,0.5833
105,pickup,2025,2,2,0.6931471805599453,1,Manhattan,Governor's Island/Ellis Island/Liberty Island,Yellow Zone,false,0.5833
105,pickup,2025,3,2,0.6931471805599453,1,Manhattan,Governor's Island/Ellis Island/Liberty Island,Yellow Zone,false,0.5833
105,pickup,2025,4,2,0.6931471805599453,1,Manhattan,Governor's Island/Ellis Island/Liberty Island,Yellow Zone,false,0.5833
105,pickup,2025,5,5,1.6094379124341003,1,Manhattan,Governor's Island/Ellis Island/Liberty Island,Yellow Zone,false,0.5833
105,pickup,2025,6,4,1.3862943611198906,1,Manhattan,Governor's Island/Ellis Island/Liberty Island,Yellow Zone,false,0.5833
106,dropoff,2024,2,35994,10.491107536881149,0,Brooklyn,Gowanus,Boro Zone,false,0.1186
106,dropoff,2024,3,40055,10.598008788649217,0,Brooklyn,Gowanus,Boro Zone,false,0.1186
106,dropoff,2024,4,36745,10.511757440962972,0,Brooklyn,Gowanus,Boro Zone,false,0.1186
106,dropoff,2024,5,38361,10.554796597479278,0,Brooklyn,Gowanus,Boro Zone,false,0.1186
106,dropoff,2024,6,37593,10.534573141833395,0,Brooklyn,Gowanus,Boro Zone,false,0.1186
106,dropoff,2025,2,38542,10.559503834757866,1,Brooklyn,Gowanus,Boro Zone,false,0.1186
106,dropoff,2025,3,39768,10.590817847774508,1,Brooklyn,Gowanus,Boro Zone,false,0.1186
106,dropoff,2025,4,38848,10.56741187441917,1,Brooklyn,Gowanus,Boro Zone,false,0.1186
106,dropoff,2025,5,44616,10.70584781806939,1,Brooklyn,Gowanus,Boro Zone,false,0.1186
106,dropoff,2025,6,42006,10.645567744205252,1,Brooklyn,Gowanus,Boro Zone,false,0.1186
106,pickup,2024,2,38729,10.564343952397511,0,Brooklyn,Gowanus,Boro Zone,false,0.099
106,pickup,2024,3,44231,10.697181179695644,0,Brooklyn,Gowanus,Boro Zone,false,0.099
106,pickup,2024,4,40903,10.618958688974192,0,Brooklyn,Gowanus,Boro Zone,false,0.099
106,pickup,2024,5,41583,10.635446708881462,0,Brooklyn,Gowanus,Boro Zone,false,0.099
106,pickup,2024,6,40600,10.611523345589823,0,Brooklyn,Gowanus,Boro Zone,false,0.099
106,pickup,2025,2,40918,10.619325343015772,1,Brooklyn,Gowanus,Boro Zone,false,0.099
106,pickup,2025,3,42988,10.668676285961045,1,Brooklyn,Gowanus,Boro Zone,false,0.099
106,pickup,2025,4,42122,10.648325448501428,1,Brooklyn,Gowanus,Boro Zone,false,0.099
106,pickup,2025,5,47094,10.759900883354868,1,Brooklyn,Gowanus,Boro Zone,false,0.099
106,pickup,2025,6,45218,10.719250516636261,1,Brooklyn,Gowanus,Boro Zone,false,0.099
107,dropoff,2024,2,143182,11.871871827283963,0,Manhattan,Gramercy,Yellow Zone,true,1.0
107,dropoff,2024,3,151536,11.928578499465882,0,Manhattan,Gramercy,Yellow Zone,true,1.0
107,dropoff,2024,4,140033,11.849633388100909,0,Manhattan,Gramercy,Yellow Zone,true,1.0
107,dropoff,2024,5,139301,11.844392338493027,0,Manhattan,Gramercy,Yellow Zone,true,1.0
107,dropoff,2024,6,132101,11.791322060504474,0,Manhattan,Gramercy,Yellow Zone,true,1.0
107,dropoff,2025,2,132343,11.793152316192295,1,Manhattan,Gramercy,Yellow Zone,true,1.0
107,dropoff,2025,3,131573,11.787317109650438,1,Manhattan,Gramercy,Yellow Zone,true,1.0
107,dropoff,2025,4,129140,11.768652366180458,1,Manhattan,Gramercy,Yellow Zone,true,1.0
107,dropoff,2025,5,126402,11.747222583354525,1,Manhattan,Gramercy,Yellow Zone,true,1.0
107,dropoff,2025,6,113958,11.643585238440291,1,Manhattan,Gramercy,Yellow Zone,true,1.0
107,pickup,2024,2,161510,11.992322339232558,0,Manhattan,Gramercy,Yellow Zone,true,1.0
107,pickup,2024,3,171086,12.049921633037528,0,Manhattan,Gramercy,Yellow Zone,true,1.0
107,pickup,2024,4,159168,11.977715527163076,0,Manhattan,Gramercy,Yellow Zone,true,1.0
107,pickup,2024,5,162488,11.998359431871322,0,Manhattan,Gramercy,Yellow Zone,true,1.0
107,pickup,2024,6,154015,11.944805279249843,0,Manhattan,Gramercy,Yellow Zone,true,1.0
107,pickup,2025,2,149964,11.918150544273784,1,Manhattan,Gramercy,Yellow Zone,true,1.0
107,pickup,2025,3,150871,11.924180446035127,1,Manhattan,Gramercy,Yellow Zone,true,1.0
107,pickup,2025,4,148429,11.907862008413606,1,Manhattan,Gramercy,Yellow Zone,true,1.0
107,pickup,2025,5,147226,11.899724100114376,1,Manhattan,Gramercy,Yellow Zone,true,1.0
107,pickup,2025,6,130937,11.78247157047555,1,Manhattan,Gramercy,Yellow Zone,true,1.0
108,dropoff,2024,2,26358,10.179527113203834,0,Brooklyn,Gravesend,Boro Zone,false,0.0339
108,dropoff,2024,3,29744,10.300382709961225,0,Brooklyn,Gravesend,Boro Zone,false,0.0339
108,dropoff,2024,4,26404,10.181270792808661,0,Brooklyn,Gravesend,Boro Zone,false,0.0339
108,dropoff,2024,5,28261,10.249238041316636,0,Brooklyn,Gravesend,Boro Zone,false,0.0339
108,dropoff,2024,6,27165,10.209684658985623,0,Brooklyn,Gravesend,Boro Zone,false,0.0339
108,dropoff,2025,2,27466,10.220704155090226,1,Brooklyn,Gravesend,Boro Zone,false,0.0339
108,dropoff,2025,3,29558,10.294109713774517,1,Brooklyn,Gravesend,Boro Zone,false,0.0339
108,dropoff,2025,4,27570,10.224483504017842,1,Brooklyn,Gravesend,Boro Zone,false,0.0339
108,dropoff,2025,5,30037,10.310185234046838,1,Brooklyn,Gravesend,Boro Zone,false,0.0339
108,dropoff,2025,6,29248,10.283566474253876,1,Brooklyn,Gravesend,Boro Zone,false,0.0339
108,pickup,2024,2,26049,10.167734658728754,0,Brooklyn,Gravesend,Boro Zone,false,0.0296
108,pickup,2024,3,29752,10.300651635604906,0,Brooklyn,Gravesend,Boro Zone,false,0.0296
108,pickup,2024,4,26711,10.192830744564542,0,Brooklyn,Gravesend,Boro Zone,false,0.0296
108,pickup,2024,5,28220,10.247786225406806,0,Brooklyn,Gravesend,Boro Zone,false,0.0296
108,pickup,2024,6,26953,10.201849887396012,0,Brooklyn,Gravesend,Boro Zone,false,0.0296
108,pickup,2025,2,27855,10.234767762454917,1,Brooklyn,Gravesend,Boro Zone,false,0.0296
108,pickup,2025,3,30480,10.324826009800583,1,Brooklyn,Gravesend,Boro Zone,false,0.0296
108,pickup,2025,4,27851,10.23462415135353,1,Brooklyn,Gravesend,Boro Zone,false,0.0296
108,pickup,2025,5,31196,10.348045160450388,1,Brooklyn,Gravesend,Boro Zone,false,0.0296
108,pickup,2025,6,29955,10.307451534518025,1,Brooklyn,Gravesend,Boro Zone,false,0.0296
109,dropoff,2024,2,11068,9.311813340906816,0,Staten Island,Great Kills,Boro Zone,false,0.0373
109,dropoff,2024,3,12912,9.46591239050973,0,Staten Island,Great Kills,Boro Zone,false,0.0373
109,dropoff,2024,4,11470,9.347490210123416,0,Staten Island,Great Kills,Boro Zone,false,0.0373
109,dropoff,2024,5,12620,9.443038136095204,0,Staten Island,Great Kills,Boro Zone,false,0.0373
109,dropoff,2024,6,12856,9.461565907417349,0,Staten Island,Great Kills,Boro Zone,false,0.0373
109,dropoff,2025,2,11665,9.36434818445553,1,Staten Island,Great Kills,Boro Zone,false,0.0373
109,dropoff,2025,3,13137,9.483187955469509,1,Staten Island,Great Kills,Boro Zone,false,0.0373
109,dropoff,2025,4,12459,9.430198532298864,1,Staten Island,Great Kills,Boro Zone,false,0.0373
109,dropoff,2025,5,13787,9.531481398171628,1,Staten Island,Great Kills,Boro Zone,false,0.0373
109,dropoff,2025,6,13592,9.517236663351769,1,Staten Island,Great Kills,Boro Zone,false,0.0373
109,pickup,2024,2,11950,9.388486557359657,0,Staten Island,Great Kills,Boro Zone,false,0.0211
109,pickup,2024,3,13980,9.5453830157878,0,Staten Island,Great Kills,Boro Zone,false,0.0211
109,pickup,2024,4,12506,9.433963808127244,0,Staten Island,Great Kills,Boro Zone,false,0.0211
109,pickup,2024,5,13605,9.518192651217346,0,Staten Island,Great Kills,Boro Zone,false,0.0211
109,pickup,2024,6,13751,9.528866827722945,0,Staten Island,Great Kills,Boro Zone,false,0.0211
109,pickup,2025,2,12834,9.45985317831046,1,Staten Island,Great Kills,Boro Zone,false,0.0211
109,pickup,2025,3,14283,9.566825297862628,1,Staten Island,Great Kills,Boro Zone,false,0.0211
109,pickup,2025,4,13646,9.52120171737537,1,Staten Island,Great Kills,Boro Zone,false,0.0211
109,pickup,2025,5,15005,9.616138757874468,1,Staten Island,Great Kills,Boro Zone,false,0.0211
109,pickup,2025,6,14887,9.608243627877057,1,Staten Island,Great Kills,Boro Zone,false,0.0211
110,dropoff,2024,2,53,3.970291913552122,0,Staten Island,Great Kills Park,Boro Zone,false,0.0028
110,dropoff,2024,3,60,4.0943445622221,0,Staten Island,Great Kills Park,Boro Zone,false,0.0028
110,dropoff,2024,4,63,4.143134726391533,0,Staten Island,Great Kills Park,Boro Zone,false,0.0028
110,dropoff,2024,5,86,4.454347296253507,0,Staten Island,Great Kills Park,Boro Zone,false,0.0028
110,dropoff,2024,6,101,4.61512051684126,0,Staten Island,Great Kills Park,Boro Zone,false,0.0028
110,dropoff,2025,2,48,3.871201010907891,1,Staten Island,Great Kills Park,Boro Zone,false,0.0028
110,dropoff,2025,3,58,4.060443010546419,1,Staten Island,Great Kills Park,Boro Zone,false,0.0028
110,dropoff,2025,4,85,4.442651256490317,1,Staten Island,Great Kills Park,Boro Zone,false,0.0028
110,dropoff,2025,5,93,4.532599493153256,1,Staten Island,Great Kills Park,Boro Zone,false,0.0028
110,dropoff,2025,6,89,4.48863636973214,1,Staten Island,Great Kills Park,Boro Zone,false,0.0028
110,pickup,2024,2,25,3.2188758248682006,0,Staten Island,Great Kills Park,Boro Zone,false,0.0291
110,pickup,2024,3,26,3.258096538021482,0,Staten Island,Great Kills Park,Boro Zone,false,0.0291
110,pickup,2024,4,37,3.6109179126442243,0,Staten Island,Great Kills Park,Boro Zone,false,0.0291
110,pickup,2024,5,47,3.8501476017100584,0,Staten Island,Great Kills Park,Boro Zone,false,0.0291
110,pickup,2024,6,71,4.2626798770413155,0,Staten Island,Great Kills Park,Boro Zone,false,0.0291
110,pickup,2025,2,22,3.091042453358316,1,Staten Island,Great Kills Park,Boro Zone,false,0.0291
110,pickup,2025,3,26,3.258096538021482,1,Staten Island,Great Kills Park,Boro Zone,false,0.0291
110,pickup,2025,4,46,3.828641396489095,1,Staten Island,Great Kills Park,Boro Zone,false,0.0291
110,pickup,2025,5,47,3.8501476017100584,1,Staten Island,Great Kills Park,Boro Zone,false,0.0291
110,pickup,2025,6,68,4.219507705176107,1,Staten Island,Great Kills Park,Boro Zone,false,0.0291
111,dropoff,2024,2,754,6.625392368007956,0,Brooklyn,Green-Wood Cemetery,Boro Zone,false,0.1047
111,dropoff,2024,3,892,6.79346613258001,0,Brooklyn,Green-Wood Cemetery,Boro Zone,false,0.1047
111,dropoff,2024,4,933,6.838405200847344,0,Brooklyn,Green-Wood Cemetery,Boro Zone,false,0.1047
111,dropoff,2024,5,1003,6.910750787961936,0,Brooklyn,Green-Wood Cemetery,Boro Zone,false,0.1047
111,dropoff,2024,6,928,6.833031732786201,0,Brooklyn,Green-Wood Cemetery,Boro Zone,false,0.1047
111,dropoff,2025,2,654,6.483107351457199,1,Brooklyn,Green-Wood Cemetery,Boro Zone,false,0.1047
111,dropoff,2025,3,732,6.595780513961311,1,Brooklyn,Green-Wood Cemetery,Boro Zone,false,0.1047
111,dropoff,2025,4,860,6.756932389247553,1,Brooklyn,Green-Wood Cemetery,Boro Zone,false,0.1047
111,dropoff,2025,5,1037,6.9440872082295275,1,Brooklyn,Green-Wood Cemetery,Boro Zone,false,0.1047
111,dropoff,2025,6,937,6.842683282238422,1,Brooklyn,Green-Wood Cemetery,Boro Zone,false,0.1047
111,pickup,2024,2,577,6.3578422665081,0,Brooklyn,Green-Wood Cemetery,Boro Zone,false,0.0685
111,pickup,2024,3,754,6.625392368007956,0,Brooklyn,Green-Wood Cemetery,Boro Zone,false,0.0685
111,pickup,2024,4,864,6.761572768804055,0,Brooklyn,Green-Wood Cemetery,Boro Zone,false,0.0685
111,pickup,2024,5,973,6.880384082186005,0,Brooklyn,Green-Wood Cemetery,Boro Zone,false,0.0685
111,pickup,2024,6,906,6.80903930604298,0,Brooklyn,Green-Wood Cemetery,Boro Zone,false,0.0685
111,pickup,2025,2,551,6.311734809152915,1,Brooklyn,Green-Wood Cemetery,Boro Zone,false,0.0685
111,pickup,2025,3,665,6.499787040655854,1,Brooklyn,Green-Wood Cemetery,Boro Zone,false,0.0685
111,pickup,2025,4,735,6.5998704992128365,1,Brooklyn,Green-Wood Cemetery,Boro Zone,false,0.0685
111,pickup,2025,5,888,6.78897174299217,1,Brooklyn,Green-Wood Cemetery,Boro Zone,false,0.0685
111,pickup,2025,6,896,6.79794041297493,1,Brooklyn,Green-Wood Cemetery,Boro Zone,false,0.0685
112,dropoff,2024,2,177874,12.088830713450841,0,Brooklyn,Greenpoint,Boro Zone,false,0.2229
112,dropoff,2024,3,194037,12.175804141509888,0,Brooklyn,Greenpoint,Boro Zone,false,0.2229
112,dropoff,2024,4,179261,12.096598123385139,0,Brooklyn,Greenpoint,Boro Zone,false,0.2229
112,dropoff,2024,5,192316,12.1668951314438,0,Brooklyn,Greenpoint,Boro Zone,false,0.2229
112,dropoff,2024,6,193466,12.172857065418743,0,Brooklyn,Greenpoint,Boro Zone,false,0.2229
112,dropoff,2025,2,186506,12.136218689130283,1,Brooklyn,Greenpoint,Boro Zone,false,0.2229
112,dropoff,2025,3,192595,12.168344817469203,1,Brooklyn,Greenpoint,Boro Zone,false,0.2229
112,dropoff,2025,4,184878,12.127451427061969,1,Brooklyn,Greenpoint,Boro Zone,false,0.2229
112,dropoff,2025,5,208515,12.247766260079302,1,Brooklyn,Greenpoint,Boro Zone,false,0.2229
112,dropoff,2025,6,191367,12.161948329342922,1,Brooklyn,Greenpoint,Boro Zone,false,0.2229
112,pickup,2024,2,178587,12.092831156421472,0,Brooklyn,Greenpoint,Boro Zone,false,0.2012
112,pickup,2024,3,197445,12.193215343527617,0,Brooklyn,Greenpoint,Boro Zone,false,0.2012
112,pickup,2024,4,180540,12.103707638852146,0,Brooklyn,Greenpoint,Boro Zone,false,0.2012
112,pickup,2024,5,196197,12.18687453547662,0,Brooklyn,Greenpoint,Boro Zone,false,0.2012
112,pickup,2024,6,198808,12.200094813843638,0,Brooklyn,Greenpoint,Boro Zone,false,0.2012
112,pickup,2025,2,188178,12.145143602382268,1,Brooklyn,Greenpoint,Boro Zone,false,0.2012
112,pickup,2025,3,195997,12.185854631973065,1,Brooklyn,Greenpoint,Boro Zone,false,0.2012
112,pickup,2025,4,187840,12.143345815621869,1,Brooklyn,Greenpoint,Boro Zone,false,0.2012
112,pickup,2025,5,211882,12.26378479491918,1,Brooklyn,Greenpoint,Boro Zone,false,0.2012
112,pickup,2025,6,200378,12.207960861727411,1,Brooklyn,Greenpoint,Boro Zone,false,0.2012
113,dropoff,2024,2,116529,11.665895448049325,0,Manhattan,Greenwich Village North,Yellow Zone,true,1.0
113,dropoff,2024,3,118253,11.680581676011226,0,Manhattan,Greenwich Village North,Yellow Zone,true,1.0
113,dropoff,2024,4,117017,11.670074502370294,0,Manhattan,Greenwich Village North,Yellow Zone,true,1.0
113,dropoff,2024,5,105998,11.571175504991674,0,Manhattan,Greenwich Village North,Yellow Zone,true,1.0
113,dropoff,2024,6,91551,11.424651473035901,0,Manhattan,Greenwich Village North,Yellow Zone,true,1.0
113,dropoff,2025,2,106869,11.579359064312255,1,Manhattan,Greenwich Village North,Yellow Zone,true,1.0
113,dropoff,2025,3,102459,11.53721799753926,1,Manhattan,Greenwich Village North,Yellow Zone,true,1.0
113,dropoff,2025,4,106039,11.571562229954875,1,Manhattan,Greenwich Village North,Yellow Zone,true,1.0
113,dropoff,2025,5,98778,11.500630186876077,1,Manhattan,Greenwich Village North,Yellow Zone,true,1.0
113,dropoff,2025,6,81618,11.309805104861486,1,Manhattan,Greenwich Village North,Yellow Zone,true,1.0
113,pickup,2024,2,133336,11.800627537222011,0,Manhattan,Greenwich Village North,Yellow Zone,true,1.0
113,pickup,2024,3,136284,11.822496222679646,0,Manhattan,Greenwich Village North,Yellow Zone,true,1.0
113,pickup,2024,4,133738,11.803637941107038,0,Manhattan,Greenwich Village North,Yellow Zone,true,1.0
113,pickup,2024,5,128264,11.761845918868673,0,Manhattan,Greenwich Village North,Yellow Zone,true,1.0
113,pickup,2024,6,113027,11.635382007206424,0,Manhattan,Greenwich Village North,Yellow Zone,true,1.0
113,pickup,2025,2,120712,11.701162822193487,1,Manhattan,Greenwich Village North,Yellow Zone,true,1.0
113,pickup,2025,3,118687,11.684245054802219,1,Manhattan,Greenwich Village North,Yellow Zone,true,1.0
113,pickup,2025,4,122107,11.71265298851282,1,Manhattan,Greenwich Village North,Yellow Zone,true,1.0
113,pickup,2025,5,119296,11.689363078605208,1,Manhattan,Greenwich Village North,Yellow Zone,true,1.0
113,pickup,2025,6,101856,11.531315330081819,1,Manhattan,Greenwich Village North,Yellow Zone,true,1.0
114,dropoff,2024,2,122419,11.715204865771796,0,Manhattan,Greenwich Village South,Yellow Zone,true,1.0
114,dropoff,2024,3,128025,11.759980836330751,0,Manhattan,Greenwich Village South,Yellow Zone,true,1.0
114,dropoff,2024,4,120288,11.697644146363904,0,Manhattan,Greenwich Village South,Yellow Zone,true,1.0
114,dropoff,2024,5,113262,11.637458997996788,0,Manhattan,Greenwich Village South,Yellow Zone,true,1.0
114,dropoff,2024,6,105103,11.56269610070124,0,Manhattan,Greenwich Village South,Yellow Zone,true,1.0
114,dropoff,2025,2,112045,11.626655855297251,1,Manhattan,Greenwich Village South,Yellow Zone,true,1.0
114,dropoff,2025,3,109531,11.603962893194858,1,Manhattan,Greenwich Village South,Yellow Zone,true,1.0
114,dropoff,2025,4,110456,11.612372530595989,1,Manhattan,Greenwich Village South,Yellow Zone,true,1.0
114,dropoff,2025,5,105523,11.566684217616318,1,Manhattan,Greenwich Village South,Yellow Zone,true,1.0
114,dropoff,2025,6,91616,11.425361207897842,1,Manhattan,Greenwich Village South,Yellow Zone,true,1.0
114,pickup,2024,2,137261,11.82963950187977,0,Manhattan,Greenwich Village South,Yellow Zone,true,1.0
114,pickup,2024,3,145253,11.886232328545617,0,Manhattan,Greenwich Village South,Yellow Zone,true,1.0
114,pickup,2024,4,135209,11.814577008422784,0,Manhattan,Greenwich Village South,Yellow Zone,true,1.0
114,pickup,2024,5,131744,11.788615924569632,0,Manhattan,Greenwich Village South,Yellow Zone,true,1.0
114,pickup,2024,6,119877,11.694221496092444,0,Manhattan,Greenwich Village South,Yellow Zone,true,1.0
114,pickup,2025,2,125687,11.741549968386757,1,Manhattan,Greenwich Village South,Yellow Zone,true,1.0
114,pickup,2025,3,126580,11.748629798329297,1,Manhattan,Greenwich Village South,Yellow Zone,true,1.0
114,pickup,2025,4,124181,11.729495457713002,1,Manhattan,Greenwich Village South,Yellow Zone,true,1.0
114,pickup,2025,5,123444,11.723542890919031,1,Manhattan,Greenwich Village South,Yellow Zone,true,1.0
114,pickup,2025,6,106530,11.576181914605243,1,Manhattan,Greenwich Village South,Yellow Zone,true,1.0
115,dropoff,2024,2,14212,9.561841957140917,0,Staten Island,Grymes Hill/Clifton,Boro Zone,false,0.04
115,dropoff,2024,3,16144,9.68930374259339,0,Staten Island,Grymes Hill/Clifton,Boro Zone,false,0.04
115,dropoff,2024,4,14589,9.588023099071895,0,Staten Island,Grymes Hill/Clifton,Boro Zone,false,0.04
115,dropoff,2024,5,14947,9.612265889785814,0,Staten Island,Grymes Hill/Clifton,Boro Zone,false,0.04
115,dropoff,2024,6,13848,9.535896096856046,0,Staten Island,Grymes Hill/Clifton,Boro Zone,false,0.04
115,dropoff,2025,2,15515,9.64956257688248,1,Staten Island,Grymes Hill/Clifton,Boro Zone,false,0.04
115,dropoff,2025,3,16682,9.722085572801557,1,Staten Island,Grymes Hill/Clifton,Boro Zone,false,0.04
115,dropoff,2025,4,15267,9.633448915256942,1,Staten Island,Grymes Hill/Clifton,Boro Zone,false,0.04
115,dropoff,2025,5,16114,9.68744373833714,1,Staten Island,Grymes Hill/Clifton,Boro Zone,false,0.04
115,dropoff,2025,6,15005,9.616138757874468,1,Staten Island,Grymes Hill/Clifton,Boro Zone,false,0.04
115,pickup,2024,2,15856,9.67130325656977,0,Staten Island,Grymes Hill/Clifton,Boro Zone,false,0.0197
115,pickup,2024,3,17645,9.77820773610937,0,Staten Island,Grymes Hill/Clifton,Boro Zone,false,0.0197
115,pickup,2024,4,16019,9.681530796701484,0,Staten Island,Grymes Hill/Clifton,Boro Zone,false,0.0197
115,pickup,2024,5,16492,9.71063069382679,0,Staten Island,Grymes Hill/Clifton,Boro Zone,false,0.0197
115,pickup,2024,6,15558,9.652330254766719,0,Staten Island,Grymes Hill/Clifton,Boro Zone,false,0.0197
115,pickup,2025,2,17029,9.742673052026605,1,Staten Island,Grymes Hill/Clifton,Boro Zone,false,0.0197
115,pickup,2025,3,18460,9.823361508056843,1,Staten Island,Grymes Hill/Clifton,Boro Zone,false,0.0197
115,pickup,2025,4,17202,9.752780935111424,1,Staten Island,Grymes Hill/Clifton,Boro Zone,false,0.0197
115,pickup,2025,5,17828,9.788525534066446,1,Staten Island,Grymes Hill/Clifton,Boro Zone,false,0.0197
115,pickup,2025,6,16845,9.731809155840653,1,Staten Island,Grymes Hill/Clifton,Boro Zone,false,0.0197
116,dropoff,2024,2,85810,11.359890828801166,0,Manhattan,Hamilton Heights,Boro Zone,false,0.1444
116,dropoff,2024,3,92172,11.431411675786682,0,Manhattan,Hamilton Heights,Boro Zone,false,0.1444
116,dropoff,2024,4,83923,11.337654990762967,0,Manhattan,Hamilton Heights,Boro Zone,false,0.1444
116,dropoff,2024,5,87151,11.37539752535164,0,Manhattan,Hamilton Heights,Boro Zone,false,0.1444
116,dropoff,2024,6,85526,11.356575702265026,0,Manhattan,Hamilton Heights,Boro Zone,false,0.1444
116,dropoff,2025,2,81423,11.307413067361962,1,Manhattan,Hamilton Heights,Boro Zone,false,0.1444
116,dropoff,2025,3,87400,11.378250561643627,1,Manhattan,Hamilton Heights,Boro Zone,false,0.1444
116,dropoff,2025,4,83273,11.329879645961704,1,Manhattan,Hamilton Heights,Boro Zone,false,0.1444
116,dropoff,2025,5,85572,11.357113405816303,1,Manhattan,Hamilton Heights,Boro Zone,false,0.1444
116,dropoff,2025,6,79300,11.280993407622939,1,Manhattan,Hamilton Heights,Boro Zone,false,0.1444
116,pickup,2024,2,90615,11.414375041240952,0,Manhattan,Hamilton Heights,Boro Zone,false,0.1231
116,pickup,2024,3,95429,11.466137794471349,0,Manhattan,Hamilton Heights,Boro Zone,false,0.1231
116,pickup,2024,4,89315,11.399924725882984,0,Manhattan,Hamilton Heights,Boro Zone,false,0.1231
116,pickup,2024,5,92517,11.43514769039813,0,Manhattan,Hamilton Heights,Boro Zone,false,0.1231
116,pickup,2024,6,91053,11.41919703354211,0,Manhattan,Hamilton Heights,Boro Zone,false,0.1231
116,pickup,2025,2,87759,11.38234970017134,1,Manhattan,Hamilton Heights,Boro Zone,false,0.1231
116,pickup,2025,3,93706,11.447917500327963,1,Manhattan,Hamilton Heights,Boro Zone,false,0.1231
116,pickup,2025,4,89989,11.407442719620436,1,Manhattan,Hamilton Heights,Boro Zone,false,0.1231
116,pickup,2025,5,91852,11.42793386503876,1,Manhattan,Hamilton Heights,Boro Zone,false,0.1231
116,pickup,2025,6,86618,11.369262925146247,1,Manhattan,Hamilton Heights,Boro Zone,false,0.1231
117,dropoff,2024,2,26456,10.183238254661628,0,Queens,Hammels/Arverne,Boro Zone,false,0.0216
117,dropoff,2024,3,30686,10.331561803505151,0,Queens,Hammels/Arverne,Boro Zone,false,0.0216
117,dropoff,2024,4,26534,10.186182208476863,0,Queens,Hammels/Arverne,Boro Zone,false,0.0216
117,dropoff,2024,5,27514,10.22245024502094,0,Queens,Hammels/Arverne,Boro Zone,false,0.0216
117,dropoff,2024,6,28341,10.252064798437244,0,Queens,Hammels/Arverne,Boro Zone,false,0.0216
117,dropoff,2025,2,28353,10.252488123663166,1,Queens,Hammels/Arverne,Boro Zone,false,0.0216
117,dropoff,2025,3,31612,10.361292074324865,1,Queens,Hammels/Arverne,Boro Zone,false,0.0216
117,dropoff,2025,4,28631,10.262245325878965,1,Queens,Hammels/Arverne,Boro Zone,false,0.0216
117,dropoff,2025,5,30378,10.321473941197965,1,Queens,Hammels/Arverne,Boro Zone,false,0.0216
117,dropoff,2025,6,29770,10.301256454009822,1,Queens,Hammels/Arverne,Boro Zone,false,0.0216
117,pickup,2024,2,29524,10.292958770889943,0,Queens,Hammels/Arverne,Boro Zone,false,0.0144
117,pickup,2024,3,34557,10.450365413594616,0,Queens,Hammels/Arverne,Boro Zone,false,0.0144
117,pickup,2024,4,29865,10.304442505166406,0,Queens,Hammels/Arverne,Boro Zone,false,0.0144
117,pickup,2024,5,30973,10.340871136212566,0,Queens,Hammels/Arverne,Boro Zone,false,0.0144
117,pickup,2024,6,32369,10.38495645364112,0,Queens,Hammels/Arverne,Boro Zone,false,0.0144
117,pickup,2025,2,31890,10.370047760004104,1,Queens,Hammels/Arverne,Boro Zone,false,0.0144
117,pickup,2025,3,35887,10.488130391904537,1,Queens,Hammels/Arverne,Boro Zone,false,0.0144
117,pickup,2025,4,31815,10.367693155666892,1,Queens,Hammels/Arverne,Boro Zone,false,0.0144
117,pickup,2025,5,33487,10.418912582797015,1,Queens,Hammels/Arverne,Boro Zone,false,0.0144
117,pickup,2025,6,33439,10.417478162445276,1,Queens,Hammels/Arverne,Boro Zone,false,0.0144
118,dropoff,2024,2,20038,9.905385749819208,0,Staten Island,Heartland Village/Todt Hill,Boro Zone,false,0.0402
118,dropoff,2024,3,22178,10.006856085513162,0,Staten Island,Heartland Village/Todt Hill,Boro Zone,false,0.0402
118,dropoff,2024,4,20125,9.909718102286764,0,Staten Island,Heartland Village/Todt Hill,Boro Zone,false,0.0402
118,dropoff,2024,5,22391,10.016414371391338,0,Staten Island,Heartland Village/Todt Hill,Boro Zone,false,0.0402
118,dropoff,2024,6,21834,9.991223666840215,0,Staten Island,Heartland Village/Todt Hill,Boro Zone,false,0.0402
118,dropoff,2025,2,20379,9.922260237859412,1,Staten Island,Heartland Village/Todt Hill,Boro Zone,false,0.0402
118,dropoff,2025,3,21464,9.97413239210546,1,Staten Island,Heartland Village/Todt Hill,Boro Zone,false,0.0402
118,dropoff,2025,4,21300,9.966462351697517,1,Staten Island,Heartland Village/Todt Hill,Boro Zone,false,0.0402
118,dropoff,2025,5,23812,10.077944934273281,1,Staten Island,Heartland Village/Todt Hill,Boro Zone,false,0.0402
118,dropoff,2025,6,22410,10.017262566794972,1,Staten Island,Heartland Village/Todt Hill,Boro Zone,false,0.0402
118,pickup,2024,2,18973,9.850772194864133,0,Staten Island,Heartland Village/Todt Hill,Boro Zone,false,0.028
118,pickup,2024,3,21127,9.958307122300235,0,Staten Island,Heartland Village/Todt Hill,Boro Zone,false,0.028
118,pickup,2024,4,19131,9.85906533498338,0,Staten Island,Heartland Village/Todt Hill,Boro Zone,false,0.028
118,pickup,2024,5,20997,9.95213484935765,0,Staten Island,Heartland Village/Todt Hill,Boro Zone,false,0.028
118,pickup,2024,6,20542,9.93022684972575,0,Staten Island,Heartland Village/Todt Hill,Boro Zone,false,0.028
118,pickup,2025,2,19590,9.882774510938587,1,Staten Island,Heartland Village/Todt Hill,Boro Zone,false,0.028
118,pickup,2025,3,20526,9.92944765420566,1,Staten Island,Heartland Village/Todt Hill,Boro Zone,false,0.028
118,pickup,2025,4,20434,9.924955459151368,1,Staten Island,Heartland Village/Todt Hill,Boro Zone,false,0.028
118,pickup,2025,5,22524,10.022336686374508,1,Staten Island,Heartland Village/Todt Hill,Boro Zone,false,0.028
118,pickup,2025,6,21507,9.976133742520982,1,Staten Island,Heartland Village/Todt Hill,Boro Zone,false,0.028
119,dropoff,2024,2,59989,11.001916491063295,0,Bronx,Highbridge,Boro Zone,false,0.063
119,dropoff,2024,3,68018,11.127527655012177,0,Bronx,Highbridge,Boro Zone,false,0.063
119,dropoff,2024,4,64970,11.081680903874577,0,Bronx,Highbridge,Boro Zone,false,0.063
119,dropoff,2024,5,68073,11.12833593774938,0,Bronx,Highbridge,Boro Zone,false,0.063
119,dropoff,2024,6,65562,11.0907515387988,0,Bronx,Highbridge,Boro Zone,false,0.063
119,dropoff,2025,2,60785,11.015098326989895,1,Bronx,Highbridge,Boro Zone,false,0.063
119,dropoff,2025,3,68939,11.140977334598666,1,Bronx,Highbridge,Boro Zone,false,0.063
119,dropoff,2025,4,65159,11.084585715759665,1,Bronx,Highbridge,Boro Zone,false,0.063
119,dropoff,2025,5,69648,11.15120926379208,1,Bronx,Highbridge,Boro Zone,false,0.063
119,dropoff,2025,6,65788,11.09419272986116,1,Bronx,Highbridge,Boro Zone,false,0.063
119,pickup,2024,2,63082,11.052190746344808,0,Bronx,Highbridge,Boro Zone,false,0.0554
119,pickup,2024,3,71453,11.176795169880346,0,Bronx,Highbridge,Boro Zone,false,0.0554
119,pickup,2024,4,66550,11.105708823823258,0,Bronx,Highbridge,Boro Zone,false,0.0554
119,pickup,2024,5,68535,11.13509984266548,0,Bronx,Highbridge,Boro Zone,false,0.0554
119,pickup,2024,6,65294,11.086655427428875,0,Bronx,Highbridge,Boro Zone,false,0.0554
119,pickup,2025,2,64226,11.07016339211767,1,Bronx,Highbridge,Boro Zone,false,0.0554
119,pickup,2025,3,71472,11.1770610435919,1,Bronx,Highbridge,Boro Zone,false,0.0554
119,pickup,2025,4,67429,11.118830471424383,1,Bronx,Highbridge,Boro Zone,false,0.0554
119,pickup,2025,5,71029,11.170843523334396,1,Bronx,Highbridge,Boro Zone,false,0.0554
119,pickup,2025,6,67104,11.113998933701646,1,Bronx,Highbridge,Boro Zone,false,0.0554
120,dropoff,2024,2,2749,7.918992488165245,0,Manhattan,Highbridge Park,Boro Zone,false,0.1411
120,dropoff,2024,3,2981,8.000014093678072,0,Manhattan,Highbridge Park,Boro Zone,false,0.1411
120,dropoff,2024,4,2863,7.959625305098115,0,Manhattan,Highbridge Park,Boro Zone,false,0.1411
120,dropoff,2024,5,3417,8.136518252115291,0,Manhattan,Highbridge Park,Boro Zone,false,0.1411
120,dropoff,2024,6,3239,8.08301991917133,0,Manhattan,Highbridge Park,Boro Zone,false,0.1411
120,dropoff,2025,2,2499,7.823645930834952,1,Manhattan,Highbridge Park,Boro Zone,false,0.1411
120,dropoff,2025,3,2783,7.931284761525891,1,Manhattan,Highbridge Park,Boro Zone,false,0.1411
120,dropoff,2025,4,2637,7.877397186353287,1,Manhattan,Highbridge Park,Boro Zone,false,0.1411
120,dropoff,2025,5,2559,7.847371836159788,1,Manhattan,Highbridge Park,Boro Zone,false,0.1411
120,dropoff,2025,6,2576,7.853993087224244,1,Manhattan,Highbridge Park,Boro Zone,false,0.1411
120,pickup,2024,2,1802,7.496652438168283,0,Manhattan,Highbridge Park,Boro Zone,false,0.0886
120,pickup,2024,3,1958,7.579678823090456,0,Manhattan,Highbridge Park,Boro Zone,false,0.0886
120,pickup,2024,4,1992,7.596894438144544,0,Manhattan,Highbridge Park,Boro Zone,false,0.0886
120,pickup,2024,5,2285,7.734121303328305,0,Manhattan,Highbridge Park,Boro Zone,false,0.0886
120,pickup,2024,6,2318,7.748460023899697,0,Manhattan,Highbridge Park,Boro Zone,false,0.0886
120,pickup,2025,2,1721,7.450660796211539,1,Manhattan,Highbridge Park,Boro Zone,false,0.0886
120,pickup,2025,3,2076,7.638198244285779,1,Manhattan,Highbridge Park,Boro Zone,false,0.0886
120,pickup,2025,4,1890,7.5443321080536885,1,Manhattan,Highbridge Park,Boro Zone,false,0.0886
120,pickup,2025,5,1952,7.5766097669730375,1,Manhattan,Highbridge Park,Boro Zone,false,0.0886
120,pickup,2025,6,1852,7.524021415206125,1,Manhattan,Highbridge Park,Boro Zone,false,0.0886
121,dropoff,2024,2,42404,10.654997976392988,0,Queens,Hillcrest/Pomonok,Boro Zone,false,0.0444
121,dropoff,2024,3,47501,10.768506042432708,0,Queens,Hillcrest/Pomonok,Boro Zone,false,0.0444
121,dropoff,2024,4,45494,10.725335728111807,0,Queens,Hillcrest/Pomonok,Boro Zone,false,0.0444
121,dropoff,2024,5,41907,10.64320815639566,0,Queens,Hillcrest/Pomonok,Boro Zone,false,0.0444
121,dropoff,2024,6,40575,10.610907392382792,0,Queens,Hillcrest/Pomonok,Boro Zone,false,0.0444
121,dropoff,2025,2,45351,10.722187506016818,1,Queens,Hillcrest/Pomonok,Boro Zone,false,0.0444
121,dropoff,2025,3,47875,10.776348726482947,1,Queens,Hillcrest/Pomonok,Boro Zone,false,0.0444
121,dropoff,2025,4,45857,10.73328313778719,1,Queens,Hillcrest/Pomonok,Boro Zone,false,0.0444
121,dropoff,2025,5,44898,10.712148529308413,1,Queens,Hillcrest/Pomonok,Boro Zone,false,0.0444
121,dropoff,2025,6,41679,10.637752683816972,1,Queens,Hillcrest/Pomonok,Boro Zone,false,0.0444
121,pickup,2024,2,43991,10.691740346523579,0,Queens,Hillcrest/Pomonok,Boro Zone,false,0.0314
121,pickup,2024,3,48390,10.787048459787364,0,Queens,Hillcrest/Pomonok,Boro Zone,false,0.0314
121,pickup,2024,4,46053,10.73754818614131,0,Queens,Hillcrest/Pomonok,Boro Zone,false,0.0314
121,pickup,2024,5,42620,10.660078905652608,0,Queens,Hillcrest/Pomonok,Boro Zone,false,0.0314
121,pickup,2024,6,39422,10.582079315086874,0,Queens,Hillcrest/Pomonok,Boro Zone,false,0.0314
121,pickup,2025,2,46388,10.744796084076594,1,Queens,Hillcrest/Pomonok,Boro Zone,false,0.0314
121,pickup,2025,3,48599,10.791358233545207,1,Queens,Hillcrest/Pomonok,Boro Zone,false,0.0314
121,pickup,2025,4,46483,10.746841933332771,1,Queens,Hillcrest/Pomonok,Boro Zone,false,0.0314
121,pickup,2025,5,46778,10.753168285910839,1,Queens,Hillcrest/Pomonok,Boro Zone,false,0.0314
121,pickup,2025,6,41875,10.642444269127367,1,Queens,Hillcrest/Pomonok,Boro Zone,false,0.0314
122,dropoff,2024,2,18928,9.848397586218168,0,Queens,Hollis,Boro Zone,false,0.0217
122,dropoff,2024,3,21975,9.997660722553377,0,Queens,Hollis,Boro Zone,false,0.0217
122,dropoff,2024,4,20425,9.924514919728203,0,Queens,Hollis,Boro Zone,false,0.0217
122,dropoff,2024,5,21515,9.9765056452727,0,Queens,Hollis,Boro Zone,false,0.0217
122,dropoff,2024,6,20976,9.95113420600348,0,Queens,Hollis,Boro Zone,false,0.0217
122,dropoff,2025,2,20926,9.948747683940992,1,Queens,Hollis,Boro Zone,false,0.0217
122,dropoff,2025,3,23237,10.053501114853614,1,Queens,Hollis,Boro Zone,false,0.0217
122,dropoff,2025,4,21653,9.98289929196029,1,Queens,Hollis,Boro Zone,false,0.0217
122,dropoff,2025,5,24068,10.088638436340242,1,Queens,Hollis,Boro Zone,false,0.0217
122,dropoff,2025,6,22781,10.033682134193954,1,Queens,Hollis,Boro Zone,false,0.0217
122,pickup,2024,2,21071,9.955652966516807,0,Queens,Hollis,Boro Zone,false,0.0165
122,pickup,2024,3,24594,10.110257789732392,0,Queens,Hollis,Boro Zone,false,0.0165
122,pickup,2024,4,23197,10.05177823894827,0,Queens,Hollis,Boro Zone,false,0.0165
122,pickup,2024,5,23859,10.079916783625245,0,Queens,Hollis,Boro Zone,false,0.0165
122,pickup,2024,6,23476,10.063733901678225,0,Queens,Hollis,Boro Zone,false,0.0165
122,pickup,2025,2,23078,10.046635061754612,1,Queens,Hollis,Boro Zone,false,0.0165
122,pickup,2025,3,26268,10.176106747310863,1,Queens,Hollis,Boro Zone,false,0.0165
122,pickup,2025,4,24950,10.124629101179664,1,Queens,Hollis,Boro Zone,false,0.0165
122,pickup,2025,5,26655,10.19073202925686,1,Queens,Hollis,Boro Zone,false,0.0165
122,pickup,2025,6,25287,10.138045708665592,1,Queens,Hollis,Boro Zone,false,0.0165
123,dropoff,2024,2,58868,10.983052928284003,0,Brooklyn,Homecrest,Boro Zone,false,0.0344
123,dropoff,2024,3,65923,11.096242673256556,0,Brooklyn,Homecrest,Boro Zone,false,0.0344
123,dropoff,2024,4,56123,10.935300989665748,0,Brooklyn,Homecrest,Boro Zone,false,0.0344
123,dropoff,2024,5,59326,10.990802937461941,0,Brooklyn,Homecrest,Boro Zone,false,0.0344
123,dropoff,2024,6,52634,10.871117577739867,0,Brooklyn,Homecrest,Boro Zone,false,0.0344
123,dropoff,2025,2,63761,11.062896997155411,1,Brooklyn,Homecrest,Boro Zone,false,0.0344
123,dropoff,2025,3,68631,11.136499606683893,1,Brooklyn,Homecrest,Boro Zone,false,0.0344
123,dropoff,2025,4,57350,10.956928122557517,1,Brooklyn,Homecrest,Boro Zone,false,0.0344
123,dropoff,2025,5,65053,11.082957601247717,1,Brooklyn,Homecrest,Boro Zone,false,0.0344
123,dropoff,2025,6,56996,10.95073636891568,1,Brooklyn,Homecrest,Boro Zone,false,0.0344
123,pickup,2024,2,57200,10.95430917736789,0,Brooklyn,Homecrest,Boro Zone,false,0.0315
123,pickup,2024,3,64213,11.069960961391109,0,Brooklyn,Homecrest,Boro Zone,false,0.0315
123,pickup,2024,4,54986,10.91483388635787,0,Brooklyn,Homecrest,Boro Zone,false,0.0315
123,pickup,2024,5,58371,10.974574470139485,0,Brooklyn,Homecrest,Boro Zone,false,0.0315
123,pickup,2024,6,50187,10.823511307999391,0,Brooklyn,Homecrest,Boro Zone,false,0.0315
123,pickup,2025,2,61702,11.030071624278987,1,Brooklyn,Homecrest,Boro Zone,false,0.0315
123,pickup,2025,3,66708,11.10808016474147,1,Brooklyn,Homecrest,Boro Zone,false,0.0315
123,pickup,2025,4,55823,10.92994124982386,1,Brooklyn,Homecrest,Boro Zone,false,0.0315
123,pickup,2025,5,63709,11.06208111886429,1,Brooklyn,Homecrest,Boro Zone,false,0.0315
123,pickup,2025,6,55833,10.930120371412073,1,Brooklyn,Homecrest,Boro Zone,false,0.0315
124,dropoff,2024,2,25528,10.14753116795808,0,Queens,Howard Beach,Boro Zone,false,0.029
124,dropoff,2024,3,28555,10.259587331098963,0,Queens,Howard Beach,Boro Zone,false,0.029
124,dropoff,2024,4,26847,10.197909361850968,0,Queens,Howard Beach,Boro Zone,false,0.029
124,dropoff,2024,5,28995,10.274878680310541,0,Queens,Howard Beach,Boro Zone,false,0.029
124,dropoff,2024,6,29436,10.28997369404649,0,Queens,Howard Beach,Boro Zone,false,0.029
124,dropoff,2025,2,27182,10.210310268515293,1,Queens,Howard Beach,Boro Zone,false,0.029
124,dropoff,2025,3,30093,10.312047865551595,1,Queens,Howard Beach,Boro Zone,false,0.029
124,dropoff,2025,4,29608,10.295799874065992,1,Queens,Howard Beach,Boro Zone,false,0.029
124,dropoff,2025,5,31348,10.352905748172756,1,Queens,Howard Beach,Boro Zone,false,0.029
124,dropoff,2025,6,30671,10.331072861728375,1,Queens,Howard Beach,Boro Zone,false,0.029
124,pickup,2024,2,27314,10.21515467023837,0,Queens,Howard Beach,Boro Zone,false,0.0238
124,pickup,2024,3,30446,10.3237099016192,0,Queens,Howard Beach,Boro Zone,false,0.0238
124,pickup,2024,4,28745,10.266219118057391,0,Queens,Howard Beach,Boro Zone,false,0.0238
124,pickup,2024,5,30332,10.319958539820826,0,Queens,Howard Beach,Boro Zone,false,0.0238
124,pickup,2024,6,31222,10.348878253516611,0,Queens,Howard Beach,Boro Zone,false,0.0238
124,pickup,2025,2,28577,10.260357477464831,1,Queens,Howard Beach,Boro Zone,false,0.0238
124,pickup,2025,3,31420,10.355199911809612,1,Queens,Howard Beach,Boro Zone,false,0.0238
124,pickup,2025,4,31254,10.349902646973247,1,Queens,Howard Beach,Boro Zone,false,0.0238
124,pickup,2025,5,32774,10.39739079710617,1,Queens,Howard Beach,Boro Zone,false,0.0238
124,pickup,2025,6,31861,10.369137970290991,1,Queens,Howard Beach,Boro Zone,false,0.0238
125,dropoff,2024,2,61238,11.022523190845115,0,Manhattan,Hudson Sq,Yellow Zone,true,1.0
125,dropoff,2024,3,64442,11.0735208734325,0,Manhattan,Hudson Sq,Yellow Zone,true,1.0
125,dropoff,2024,4,62382,11.041032051206026,0,Manhattan,Hudson Sq,Yellow Zone,true,1.0
125,dropoff,2024,5,62271,11.03925110683503,0,Manhattan,Hudson Sq,Yellow Zone,true,1.0
125,dropoff,2024,6,58337,10.97399181940497,0,Manhattan,Hudson Sq,Yellow Zone,true,1.0
125,dropoff,2025,2,63295,11.055561616070928,1,Manhattan,Hudson Sq,Yellow Zone,true,1.0
125,dropoff,2025,3,61544,11.02750764513877,1,Manhattan,Hudson Sq,Yellow Zone,true,1.0
125,dropoff,2025,4,62374,11.040903800861177,1,Manhattan,Hudson Sq,Yellow Zone,true,1.0
125,dropoff,2025,5,64153,11.069026134343924,1,Manhattan,Hudson Sq,Yellow Zone,true,1.0
125,dropoff,2025,6,57692,10.9628737947034,1,Manhattan,Hudson Sq,Yellow Zone,true,1.0
125,pickup,2024,2,72193,11.187098367272093,0,Manhattan,Hudson Sq,Yellow Zone,true,1.0
125,pickup,2024,3,75244,11.228491445212912,0,Manhattan,Hudson Sq,Yellow Zone,true,1.0
125,pickup,2024,4,72272,11.188192057894385,0,Manhattan,Hudson Sq,Yellow Zone,true,1.0
125,pickup,2024,5,73348,11.202970516669055,0,Manhattan,Hudson Sq,Yellow Zone,true,1.0
125,pickup,2024,6,69858,11.154219889265072,0,Manhattan,Hudson Sq,Yellow Zone,true,1.0
125,pickup,2025,2,72818,11.195718456370107,1,Manhattan,Hudson Sq,Yellow Zone,true,1.0
125,pickup,2025,3,72070,11.185393147918488,1,Manhattan,Hudson Sq,Yellow Zone,true,1.0
125,pickup,2025,4,71951,11.183740610759584,1,Manhattan,Hudson Sq,Yellow Zone,true,1.0
125,pickup,2025,5,73763,11.208612529854566,1,Manhattan,Hudson Sq,Yellow Zone,true,1.0
125,pickup,2025,6,67326,11.11730177089292,1,Manhattan,Hudson Sq,Yellow Zone,true,1.0
126,dropoff,2024,2,64809,11.079199761585086,0,Bronx,Hunts Point,Boro Zone,false,0.0317
126,dropoff,2024,3,71782,11.181389027227896,0,Bronx,Hunts Point,Boro Zone,false,0.0317
126,dropoff,2024,4,64667,11.077006304003246,0,Bronx,Hunts Point,Boro Zone,false,0.0317
126,dropoff,2024,5,64948,11.081342228707005,0,Bronx,Hunts Point,Boro Zone,false,0.0317
126,dropoff,2024,6,63241,11.054708103975111,0,Bronx,Hunts Point,Boro Zone,false,0.0317
126,dropoff,2025,2,65136,11.08423267074276,1,Bronx,Hunts Point,Boro Zone,false,0.0317
126,dropoff,2025,3,71761,11.181096431975604,1,Bronx,Hunts Point,Boro Zone,false,0.0317
126,dropoff,2025,4,66465,11.104430772301699,1,Bronx,Hunts Point,Boro Zone,false,0.0317
126,dropoff,2025,5,68804,11.139017161766281,1,Bronx,Hunts Point,Boro Zone,false,0.0317
126,dropoff,2025,6,65894,11.095802669304595,1,Bronx,Hunts Point,Boro Zone,false,0.0317
126,pickup,2024,2,59519,10.994050868290564,0,Bronx,Hunts Point,Boro Zone,false,0.0331
126,pickup,2024,3,66401,11.103467395592086,0,Bronx,Hunts Point,Boro Zone,false,0.0331
126,pickup,2024,4,59719,10.99740550670382,0,Bronx,Hunts Point,Boro Zone,false,0.0331
126,pickup,2024,5,61473,11.026353333004943,0,Bronx,Hunts Point,Boro Zone,false,0.0331
126,pickup,2024,6,60506,11.01049781265528,0,Bronx,Hunts Point,Boro Zone,false,0.0331
126,pickup,2025,2,61190,11.021739056456585,1,Bronx,Hunts Point,Boro Zone,false,0.0331
126,pickup,2025,3,69333,11.14667626231148,1,Bronx,Hunts Point,Boro Zone,false,0.0331
126,pickup,2025,4,62491,11.042777825355497,1,Bronx,Hunts Point,Boro Zone,false,0.0331
126,pickup,2025,5,63157,11.053378968824774,1,Bronx,Hunts Point,Boro Zone,false,0.0331
126,pickup,2025,6,60262,11.006457001645646,1,Bronx,Hunts Point,Boro Zone,false,0.0331
127,dropoff,2024,2,69017,11.142108130045209,0,Manhattan,Inwood,Boro Zone,false,0.0847
127,dropoff,2024,3,76019,11.238738588023676,0,Manhattan,Inwood,Boro Zone,false,0.0847
127,dropoff,2024,4,68749,11.138217469968486,0,Manhattan,Inwood,Boro Zone,false,0.0847
127,dropoff,2024,5,77720,11.260867903491377,0,Manhattan,Inwood,Boro Zone,false,0.0847
127,dropoff,2024,6,70326,11.160896852951236,0,Manhattan,Inwood,Boro Zone,false,0.0847
127,dropoff,2025,2,66304,11.1020055061791,1,Manhattan,Inwood,Boro Zone,false,0.0847
127,dropoff,2025,3,74252,11.215219992329114,1,Manhattan,Inwood,Boro Zone,false,0.0847
127,dropoff,2025,4,68931,11.140861283245814,1,Manhattan,Inwood,Boro Zone,false,0.0847
127,dropoff,2025,5,72804,11.195526177730299,1,Manhattan,Inwood,Boro Zone,false,0.0847
127,dropoff,2025,6,66681,11.107675333752876,1,Manhattan,Inwood,Boro Zone,false,0.0847
127,pickup,2024,2,69228,11.145160684044889,0,Manhattan,Inwood,Boro Zone,false,0.0751
127,pickup,2024,3,77143,11.253416121335281,0,Manhattan,Inwood,Boro Zone,false,0.0751
127,pickup,2024,4,70481,11.163098448931654,0,Manhattan,Inwood,Boro Zone,false,0.0751
127,pickup,2024,5,77371,11.256367312366269,0,Manhattan,Inwood,Boro Zone,false,0.0751
127,pickup,2024,6,72153,11.186544143379171,0,Manhattan,Inwood,Boro Zone,false,0.0751
127,pickup,2025,2,68595,11.135974924760266,1,Manhattan,Inwood,Boro Zone,false,0.0751
127,pickup,2025,3,78397,11.26954094030024,1,Manhattan,Inwood,Boro Zone,false,0.0751
127,pickup,2025,4,71801,11.181653682515929,1,Manhattan,Inwood,Boro Zone,false,0.0751
127,pickup,2025,5,76538,11.245542628510258,1,Manhattan,Inwood,Boro Zone,false,0.0751
127,pickup,2025,6,72698,11.194069152826826,1,Manhattan,Inwood,Boro Zone,false,0.0751
128,dropoff,2024,2,6254,8.740976538017787,0,Manhattan,Inwood Hill Park,Boro Zone,false,0.0726
128,dropoff,2024,3,6495,8.7787879291047,0,Manhattan,Inwood Hill Park,Boro Zone,false,0.0726
128,dropoff,2024,4,6530,8.784162222270476,0,Manhattan,Inwood Hill Park,Boro Zone,false,0.0726
128,dropoff,2024,5,8111,9.000976444070345,0,Manhattan,Inwood Hill Park,Boro Zone,false,0.0726
128,dropoff,2024,6,6630,8.799360083179907,0,Manhattan,Inwood Hill Park,Boro Zone,false,0.0726
128,dropoff,2025,2,6345,8.755422380148488,1,Manhattan,Inwood Hill Park,Boro Zone,false,0.0726
128,dropoff,2025,3,6735,8.815073088844464,1,Manhattan,Inwood Hill Park,Boro Zone,false,0.0726
128,dropoff,2025,4,7144,8.874028122556336,1,Manhattan,Inwood Hill Park,Boro Zone,false,0.0726
128,dropoff,2025,5,7080,8.865029186687766,1,Manhattan,Inwood Hill Park,Boro Zone,false,0.0726
128,dropoff,2025,6,6543,8.78615105486974,1,Manhattan,Inwood Hill Park,Boro Zone,false,0.0726
128,pickup,2024,2,5436,8.600798775271034,0,Manhattan,Inwood Hill Park,Boro Zone,false,0.0838
128,pickup,2024,3,5651,8.639587799629844,0,Manhattan,Inwood Hill Park,Boro Zone,false,0.0838
128,pickup,2024,4,5388,8.591929537530255,0,Manhattan,Inwood Hill Park,Boro Zone,false,0.0838
128,pickup,2024,5,6184,8.729720590267258,0,Manhattan,Inwood Hill Park,Boro Zone,false,0.0838
128,pickup,2024,6,5327,8.580543506917,0,Manhattan,Inwood Hill Park,Boro Zone,false,0.0838
128,pickup,2025,2,5455,8.604287898267172,1,Manhattan,Inwood Hill Park,Boro Zone,false,0.0838
128,pickup,2025,3,5978,8.695841342843883,1,Manhattan,Inwood Hill Park,Boro Zone,false,0.0838
128,pickup,2025,4,6213,8.734399150063695,1,Manhattan,Inwood Hill Park,Boro Zone,false,0.0838
128,pickup,2025,5,6045,8.706986763048892,1,Manhattan,Inwood Hill Park,Boro Zone,false,0.0838
128,pickup,2025,6,5495,8.611593866837723,1,Manhattan,Inwood Hill Park,Boro Zone,false,0.0838
129,dropoff,2024,2,130889,11.782104914753525,0,Queens,Jackson Heights,Boro Zone,false,0.0676
129,dropoff,2024,3,144848,11.883440195715222,0,Queens,Jackson Heights,Boro Zone,false,0.0676
129,dropoff,2024,4,135147,11.814118353899955,0,Queens,Jackson Heights,Boro Zone,false,0.0676
129,dropoff,2024,5,141578,11.86060608093938,0,Queens,Jackson Heights,Boro Zone,false,0.0676
129,dropoff,2024,6,140222,11.850982159959766,0,Queens,Jackson Heights,Boro Zone,false,0.0676
129,dropoff,2025,2,134019,11.805736859926425,1,Queens,Jackson Heights,Boro Zone,false,0.0676
129,dropoff,2025,3,141933,11.863110394250217,1,Queens,Jackson Heights,Boro Zone,false,0.0676
129,dropoff,2025,4,135648,11.817818574152364,1,Queens,Jackson Heights,Boro Zone,false,0.0676
129,dropoff,2025,5,149314,11.913806750062074,1,Queens,Jackson Heights,Boro Zone,false,0.0676
129,dropoff,2025,6,144162,11.878692946219847,1,Queens,Jackson Heights,Boro Zone,false,0.0676
129,pickup,2024,2,143954,11.877249083080448,0,Queens,Jackson Heights,Boro Zone,false,0.0501
129,pickup,2024,3,158780,11.975274875279105,0,Queens,Jackson Heights,Boro Zone,false,0.0501
129,pickup,2024,4,148374,11.907491392209392,0,Queens,Jackson Heights,Boro Zone,false,0.0501
129,pickup,2024,5,155602,11.95505674411426,0,Queens,Jackson Heights,Boro Zone,false,0.0501
129,pickup,2024,6,154851,11.950218643242945,0,Queens,Jackson Heights,Boro Zone,false,0.0501
129,pickup,2025,2,145828,11.890183124014374,1,Queens,Jackson Heights,Boro Zone,false,0.0501
129,pickup,2025,3,154814,11.949979675324865,1,Queens,Jackson Heights,Boro Zone,false,0.0501
129,pickup,2025,4,148602,11.909026870125427,1,Queens,Jackson Heights,Boro Zone,false,0.0501
129,pickup,2025,5,163455,12.004293002079097,1,Queens,Jackson Heights,Boro Zone,false,0.0501
129,pickup,2025,6,160506,11.986086604031044,1,Queens,Jackson Heights,Boro Zone,false,0.0501
130,dropoff,2024,2,142611,11.867875922837214,0,Queens,Jamaica,Boro Zone,false,0.0156
130,dropoff,2024,3,158738,11.975010323346647,0,Queens,Jamaica,Boro Zone,false,0.0156
130,dropoff,2024,4,149538,11.915305820116469,0,Queens,Jamaica,Boro Zone,false,0.0156
130,dropoff,2024,5,155687,11.955602860437757,0,Queens,Jamaica,Boro Zone,false,0.0156
130,dropoff,2024,6,150241,11.919995950436977,0,Queens,Jamaica,Boro Zone,false,0.0156
130,dropoff,2025,2,152160,11.932687877779218,1,Queens,Jamaica,Boro Zone,false,0.0156
130,dropoff,2025,3,165438,12.016351781254274,1,Queens,Jamaica,Boro Zone,false,0.0156
130,dropoff,2025,4,160126,11.983716284300534,1,Queens,Jamaica,Boro Zone,false,0.0156
130,dropoff,2025,5,168867,12.036866701823595,1,Queens,Jamaica,Boro Zone,false,0.0156
130,dropoff,2025,6,160620,11.986796605742454,1,Queens,Jamaica,Boro Zone,false,0.0156
130,pickup,2024,2,139097,11.84292681046113,0,Queens,Jamaica,Boro Zone,false,0.0162
130,pickup,2024,3,154340,11.946913240011593,0,Queens,Jamaica,Boro Zone,false,0.0162
130,pickup,2024,4,144593,11.881678178129773,0,Queens,Jamaica,Boro Zone,false,0.0162
130,pickup,2024,5,149751,11.916729193751726,0,Queens,Jamaica,Boro Zone,false,0.0162
130,pickup,2024,6,146331,11.893626457931774,0,Queens,Jamaica,Boro Zone,false,0.0162
130,pickup,2025,2,147835,11.90385206595727,1,Queens,Jamaica,Boro Zone,false,0.0162
130,pickup,2025,3,160508,11.986099064546785,1,Queens,Jamaica,Boro Zone,false,0.0162
130,pickup,2025,4,154383,11.947191806884021,1,Queens,Jamaica,Boro Zone,false,0.0162
130,pickup,2025,5,170125,12.044288739953767,1,Queens,Jamaica,Boro Zone,false,0.0162
130,pickup,2025,6,165502,12.016738558318382,1,Queens,Jamaica,Boro Zone,false,0.0162
131,dropoff,2024,2,28520,10.258360874528233,0,Queens,Jamaica Estates,Boro Zone,false,0.042
131,dropoff,2024,3,31620,10.361545110763464,0,Queens,Jamaica Estates,Boro Zone,false,0.042
131,dropoff,2024,4,29828,10.303202828663686,0,Queens,Jamaica Estates,Boro Zone,false,0.042
131,dropoff,2024,5,29960,10.307618437631156,0,Queens,Jamaica Estates,Boro Zone,false,0.042
131,dropoff,2024,6,29097,10.278390355061653,0,Queens,Jamaica Estates,Boro Zone,false,0.042
131,dropoff,2025,2,29989,10.308585926738967,1,Queens,Jamaica Estates,Boro Zone,false,0.042
131,dropoff,2025,3,32628,10.39292609442047,1,Queens,Jamaica Estates,Boro Zone,false,0.042
131,dropoff,2025,4,30941,10.339837444225314,1,Queens,Jamaica Estates,Boro Zone,false,0.042
131,dropoff,2025,5,32827,10.39900662648473,1,Queens,Jamaica Estates,Boro Zone,false,0.042
131,dropoff,2025,6,31345,10.352810043708068,1,Queens,Jamaica Estates,Boro Zone,false,0.042
131,pickup,2024,2,29538,10.293432848986255,0,Queens,Jamaica Estates,Boro Zone,false,0.0295
131,pickup,2024,3,32406,10.386098869820946,0,Queens,Jamaica Estates,Boro Zone,false,0.0295
131,pickup,2024,4,30579,10.328068777836522,0,Queens,Jamaica Estates,Boro Zone,false,0.0295
131,pickup,2024,5,30523,10.326235776766852,0,Queens,Jamaica Estates,Boro Zone,false,0.0295
131,pickup,2024,6,29832,10.303336921858657,0,Queens,Jamaica Estates,Boro Zone,false,0.0295
131,pickup,2025,2,30541,10.326825322178923,1,Queens,Jamaica Estates,Boro Zone,false,0.0295
131,pickup,2025,3,33363,10.415202780486952,1,Queens,Jamaica Estates,Boro Zone,false,0.0295
131,pickup,2025,4,31498,10.357679330734525,1,Queens,Jamaica Estates,Boro Zone,false,0.0295
131,pickup,2025,5,33242,10.411569415631055,1,Queens,Jamaica Estates,Boro Zone,false,0.0295
131,pickup,2025,6,31672,10.363188288785967,1,Queens,Jamaica Estates,Boro Zone,false,0.0295
132,dropoff,2024,2,386691,12.865381203468846,0,Queens,JFK Airport,Airports,false,0.2792
132,dropoff,2024,3,437611,12.989085666885494,0,Queens,JFK Airport,Airports,false,0.2792
132,dropoff,2024,4,417456,12.941934428497657,0,Queens,JFK Airport,Airports,false,0.2792
132,dropoff,2024,5,485020,13.091945406182797,0,Queens,JFK Airport,Airports,false,0.2792
132,dropoff,2024,6,452623,13.022814828389304,0,Queens,JFK Airport,Airports,false,0.2792
132,dropoff,2025,2,376737,12.839302610253064,1,Queens,JFK Airport,Airports,false,0.2792
132,dropoff,2025,3,426671,12.963768503426115,1,Queens,JFK Airport,Airports,false,0.2792
132,dropoff,2025,4,405369,12.912553042389998,1,Queens,JFK Airport,Airports,false,0.2792
132,dropoff,2025,5,487007,13.096033775678059,1,Queens,JFK Airport,Airports,false,0.2792
132,dropoff,2025,6,459114,13.037053824218022,1,Queens,JFK Airport,Airports,false,0.2792
132,pickup,2024,2,314153,12.657635407363722,0,Queens,JFK Airport,Airports,false,0.2511
132,pickup,2024,3,370981,12.82390612734014,0,Queens,JFK Airport,Airports,false,0.2511
132,pickup,2024,4,364581,12.80650402796537,0,Queens,JFK Airport,Airports,false,0.2511
132,pickup,2024,5,395196,12.887137123347138,0,Queens,JFK Airport,Airports,false,0.2511
132,pickup,2024,6,375744,12.836663339423858,0,Queens,JFK Airport,Airports,false,0.2511
132,pickup,2025,2,316459,12.664948970310958,1,Queens,JFK Airport,Airports,false,0.2511
132,pickup,2025,3,366902,12.812850061405104,1,Queens,JFK Airport,Airports,false,0.2511
132,pickup,2025,4,351212,12.769145308724287,1,Queens,JFK Airport,Airports,false,0.2511
132,pickup,2025,5,372484,12.82794936285911,1,Queens,JFK Airport,Airports,false,0.2511
132,pickup,2025,6,344195,12.748963636215949,1,Queens,JFK Airport,Airports,false,0.2511
133,dropoff,2024,2,38885,10.568363851129044,0,Brooklyn,Kensington,Boro Zone,false,0.0832
133,dropoff,2024,3,43063,10.670419438719087,0,Brooklyn,Kensington,Boro Zone,false,0.0832
133,dropoff,2024,4,37096,10.521264426071296,0,Brooklyn,Kensington,Boro Zone,false,0.0832
133,dropoff,2024,5,38216,10.551009555069799,0,Brooklyn,Kensington,Boro Zone,false,0.0832
133,dropoff,2024,6,38980,10.570803973061551,0,Brooklyn,Kensington,Boro Zone,false,0.0832
133,dropoff,2025,2,38748,10.564834420546276,1,Brooklyn,Kensington,Boro Zone,false,0.0832
133,dropoff,2025,3,40271,10.603386885918606,1,Brooklyn,Kensington,Boro Zone,false,0.0832
133,dropoff,2025,4,36471,10.504272703223904,1,Brooklyn,Kensington,Boro Zone,false,0.0832
133,dropoff,2025,5,39999,10.596609732783568,1,Brooklyn,Kensington,Boro Zone,false,0.0832
133,dropoff,2025,6,39091,10.573647540450066,1,Brooklyn,Kensington,Boro Zone,false,0.0832
133,pickup,2024,2,37792,10.53985271899709,0,Brooklyn,Kensington,Boro Zone,false,0.0668
133,pickup,2024,3,41700,10.638256407786892,0,Brooklyn,Kensington,Boro Zone,false,0.0668
133,pickup,2024,4,36170,10.495985324946144,0,Brooklyn,Kensington,Boro Zone,false,0.0668
133,pickup,2024,5,37462,10.531082364855838,0,Brooklyn,Kensington,Boro Zone,false,0.0668
133,pickup,2024,6,37363,10.528436188904791,0,Brooklyn,Kensington,Boro Zone,false,0.0668
133,pickup,2025,2,38051,10.546682644153423,1,Brooklyn,Kensington,Boro Zone,false,0.0668
133,pickup,2025,3,39628,10.58729121809292,1,Brooklyn,Kensington,Boro Zone,false,0.0668
133,pickup,2025,4,35966,10.490329326725142,1,Brooklyn,Kensington,Boro Zone,false,0.0668
133,pickup,2025,5,39963,10.595709305019572,1,Brooklyn,Kensington,Boro Zone,false,0.0668
133,pickup,2025,6,38342,10.554301180079994,1,Brooklyn,Kensington,Boro Zone,false,0.0668
134,dropoff,2024,2,41616,10.636239987688432,0,Queens,Kew Gardens,Boro Zone,false,0.0423
134,dropoff,2024,3,45355,10.722275703049045,0,Queens,Kew Gardens,Boro Zone,false,0.0423
134,dropoff,2024,4,42299,10.652518724092985,0,Queens,Kew Gardens,Boro Zone,false,0.0423
134,dropoff,2024,5,44722,10.708220829548091,0,Queens,Kew Gardens,Boro Zone,false,0.0423
134,dropoff,2024,6,42975,10.66837383025105,0,Queens,Kew Gardens,Boro Zone,false,0.0423
134,dropoff,2025,2,43771,10.686726776622612,1,Queens,Kew Gardens,Boro Zone,false,0.0423
134,dropoff,2025,3,47157,10.761237739396348,1,Queens,Kew Gardens,Boro Zone,false,0.0423
134,dropoff,2025,4,45556,10.726697617394242,1,Queens,Kew Gardens,Boro Zone,false,0.0423
134,dropoff,2025,5,47981,10.778560378194001,1,Queens,Kew Gardens,Boro Zone,false,0.0423
134,dropoff,2025,6,46170,10.740085515501034,1,Queens,Kew Gardens,Boro Zone,false,0.0423
134,pickup,2024,2,41534,10.634267647902924,0,Queens,Kew Gardens,Boro Zone,false,0.0261
134,pickup,2024,3,45033,10.715150833328286,0,Queens,Kew Gardens,Boro Zone,false,0.0261
134,pickup,2024,4,41948,10.644186034954295,0,Queens,Kew Gardens,Boro Zone,false,0.0261
134,pickup,2024,5,44675,10.70716934002763,0,Queens,Kew Gardens,Boro Zone,false,0.0261
134,pickup,2024,6,43313,10.676208099877172,0,Queens,Kew Gardens,Boro Zone,false,0.0261
134,pickup,2025,2,43257,10.674914348974756,1,Queens,Kew Gardens,Boro Zone,false,0.0261
134,pickup,2025,3,47262,10.76346186893138,1,Queens,Kew Gardens,Boro Zone,false,0.0261
134,pickup,2025,4,45775,10.731493369542711,1,Queens,Kew Gardens,Boro Zone,false,0.0261
134,pickup,2025,5,49035,10.800289607826421,1,Queens,Kew Gardens,Boro Zone,false,0.0261
134,pickup,2025,6,47877,10.776390501067295,1,Queens,Kew Gardens,Boro Zone,false,0.0261
135,dropoff,2024,2,34658,10.45328385820019,0,Queens,Kew Gardens Hills,Boro Zone,false,0.0478
135,dropoff,2024,3,38628,10.56173268108681,0,Queens,Kew Gardens Hills,Boro Zone,false,0.0478
135,dropoff,2024,4,33318,10.413853070469662,0,Queens,Kew Gardens Hills,Boro Zone,false,0.0478
135,dropoff,2024,5,37611,10.535051839784135,0,Queens,Kew Gardens Hills,Boro Zone,false,0.0478
135,dropoff,2024,6,31009,10.342032763912483,0,Queens,Kew Gardens Hills,Boro Zone,false,0.0478
135,dropoff,2025,2,35204,10.468914991493703,1,Queens,Kew Gardens Hills,Boro Zone,false,0.0478
135,dropoff,2025,3,38053,10.546735203808643,1,Queens,Kew Gardens Hills,Boro Zone,false,0.0478
135,dropoff,2025,4,34273,10.442113151159798,1,Queens,Kew Gardens Hills,Boro Zone,false,0.0478
135,dropoff,2025,5,38832,10.566999927966382,1,Queens,Kew Gardens Hills,Boro Zone,false,0.0478
135,dropoff,2025,6,32279,10.382172142969702,1,Queens,Kew Gardens Hills,Boro Zone,false,0.0478
135,pickup,2024,2,34301,10.442929787247998,0,Queens,Kew Gardens Hills,Boro Zone,false,0.0367
135,pickup,2024,3,37918,10.543181212361983,0,Queens,Kew Gardens Hills,Boro Zone,false,0.0367
135,pickup,2024,4,33818,10.428748484098374,0,Queens,Kew Gardens Hills,Boro Zone,false,0.0367
135,pickup,2024,5,36971,10.517889100523476,0,Queens,Kew Gardens Hills,Boro Zone,false,0.0367
135,pickup,2024,6,33214,10.4107267527667,0,Queens,Kew Gardens Hills,Boro Zone,false,0.0367
135,pickup,2025,2,35361,10.473364796894678,1,Queens,Kew Gardens Hills,Boro Zone,false,0.0367
135,pickup,2025,3,38559,10.559944814778241,1,Queens,Kew Gardens Hills,Boro Zone,false,0.0367
135,pickup,2025,4,35072,10.465158370307687,1,Queens,Kew Gardens Hills,Boro Zone,false,0.0367
135,pickup,2025,5,39207,10.576610581265145,1,Queens,Kew Gardens Hills,Boro Zone,false,0.0367
135,pickup,2025,6,34806,10.45754506469412,1,Queens,Kew Gardens Hills,Boro Zone,false,0.0367
136,dropoff,2024,2,49533,10.810394393099942,0,Bronx,Kingsbridge Heights,Boro Zone,false,0.0373
136,dropoff,2024,3,55079,10.916523797267468,0,Bronx,Kingsbridge Heights,Boro Zone,false,0.0373
136,dropoff,2024,4,48489,10.78909224707792,0,Bronx,Kingsbridge Heights,Boro Zone,false,0.0373
136,dropoff,2024,5,49464,10.809000411238404,0,Bronx,Kingsbridge Heights,Boro Zone,false,0.0373
136,dropoff,2024,6,46838,10.754450118251796,0,Bronx,Kingsbridge Heights,Boro Zone,false,0.0373
136,dropoff,2025,2,50406,10.827865494592903,1,Bronx,Kingsbridge Heights,Boro Zone,false,0.0373
136,dropoff,2025,3,54286,10.902021645791299,1,Bronx,Kingsbridge Heights,Boro Zone,false,0.0373
136,dropoff,2025,4,50497,10.829669207558254,1,Bronx,Kingsbridge Heights,Boro Zone,false,0.0373
136,dropoff,2025,5,52855,10.875307594202763,1,Bronx,Kingsbridge Heights,Boro Zone,false,0.0373
136,dropoff,2025,6,48805,10.795588045609065,1,Bronx,Kingsbridge Heights,Boro Zone,false,0.0373
136,pickup,2024,2,50915,10.837912854605765,0,Bronx,Kingsbridge Heights,Boro Zone,false,0.0347
136,pickup,2024,3,56335,10.939071290598266,0,Bronx,Kingsbridge Heights,Boro Zone,false,0.0347
136,pickup,2024,4,51018,10.839933790613847,0,Bronx,Kingsbridge Heights,Boro Zone,false,0.0347
136,pickup,2024,5,52082,10.860574678602852,0,Bronx,Kingsbridge Heights,Boro Zone,false,0.0347
136,pickup,2024,6,50017,10.82011822662338,0,Bronx,Kingsbridge Heights,Boro Zone,false,0.0347
136,pickup,2025,2,51878,10.856650087186134,1,Bronx,Kingsbridge Heights,Boro Zone,false,0.0347
136,pickup,2025,3,57150,10.953434669222956,1,Bronx,Kingsbridge Heights,Boro Zone,false,0.0347
136,pickup,2025,4,52863,10.87545894023684,1,Bronx,Kingsbridge Heights,Boro Zone,false,0.0347
136,pickup,2025,5,55288,10.92031116577123,1,Bronx,Kingsbridge Heights,Boro Zone,false,0.0347
136,pickup,2025,6,52260,10.863986539074604,1,Bronx,Kingsbridge Heights,Boro Zone,false,0.0347
137,dropoff,2024,2,111977,11.62604877204571,0,Manhattan,Kips Bay,Yellow Zone,true,1.0
137,dropoff,2024,3,119373,11.69000832371598,0,Manhattan,Kips Bay,Yellow Zone,true,1.0
137,dropoff,2024,4,107205,11.58249816832219,0,Manhattan,Kips Bay,Yellow Zone,true,1.0
137,dropoff,2024,5,108945,11.598598446708378,0,Manhattan,Kips Bay,Yellow Zone,true,1.0
137,dropoff,2024,6,105094,11.562610466748279,0,Manhattan,Kips Bay,Yellow Zone,true,1.0
137,dropoff,2025,2,105172,11.563352384163151,1,Manhattan,Kips Bay,Yellow Zone,true,1.0
137,dropoff,2025,3,106167,11.572768605038743,1,Manhattan,Kips Bay,Yellow Zone,true,1.0
137,dropoff,2025,4,102308,11.535743150250674,1,Manhattan,Kips Bay,Yellow Zone,true,1.0
137,dropoff,2025,5,102035,11.533071170663186,1,Manhattan,Kips Bay,Yellow Zone,true,1.0
137,dropoff,2025,6,93988,11.450922393528495,1,Manhattan,Kips Bay,Yellow Zone,true,1.0
137,pickup,2024,2,112920,11.634434882367426,0,Manhattan,Kips Bay,Yellow Zone,true,1.0
137,pickup,2024,3,120433,11.698848860680785,0,Manhattan,Kips Bay,Yellow Zone,true,1.0
137,pickup,2024,4,107759,11.58765253115997,0,Manhattan,Kips Bay,Yellow Zone,true,1.0
137,pickup,2024,5,110524,11.612987970926754,0,Manhattan,Kips Bay,Yellow Zone,true,1.0
137,pickup,2024,6,106459,11.575515213483309,0,Manhattan,Kips Bay,Yellow Zone,true,1.0
137,pickup,2025,2,105727,11.56861557916342,1,Manhattan,Kips Bay,Yellow Zone,true,1.0
137,pickup,2025,3,106178,11.572872210021293,1,Manhattan,Kips Bay,Yellow Zone,true,1.0
137,pickup,2025,4,103074,11.5432024558545,1,Manhattan,Kips Bay,Yellow Zone,true,1.0
137,pickup,2025,5,104651,11.55838628349022,1,Manhattan,Kips Bay,Yellow Zone,true,1.0
137,pickup,2025,6,94496,11.45631278454365,1,Manhattan,Kips Bay,Yellow Zone,true,1.0
138,dropoff,2024,2,375732,12.836631402276161,0,Queens,LaGuardia Airport,Airports,false,0.4122
138,dropoff,2024,3,429164,12.969594409240381,0,Queens,LaGuardia Airport,Airports,false,0.4122
138,dropoff,2024,4,423370,12.956001780189101,0,Queens,LaGuardia Airport,Airports,false,0.4122
138,dropoff,2024,5,478340,13.078077055692855,0,Queens,LaGuardia Airport,Airports,false,0.4122
138,dropoff,2024,6,446793,13.00985067908937,0,Queens,LaGuardia Airport,Airports,false,0.4122
138,dropoff,2025,2,370394,12.822322582918858,1,Queens,LaGuardia Airport,Airports,false,0.4122
138,dropoff,2025,3,434526,12.98201106079259,1,Queens,LaGuardia Airport,Airports,false,0.4122
138,dropoff,2025,4,433077,12.978670820274214,1,Queens,LaGuardia Airport,Airports,false,0.4122
138,dropoff,2025,5,489191,13.100508285242437,1,Queens,LaGuardia Airport,Airports,false,0.4122
138,dropoff,2025,6,461198,13.041582730854195,1,Queens,LaGuardia Airport,Airports,false,0.4122
138,pickup,2024,2,336448,12.72619888417912,0,Queens,LaGuardia Airport,Airports,false,0.394
138,pickup,2024,3,388313,12.869566994427947,0,Queens,LaGuardia Airport,Airports,false,0.394
138,pickup,2024,4,393019,12.881613235738746,0,Queens,LaGuardia Airport,Airports,false,0.394
138,pickup,2024,5,434596,12.982172142896488,0,Queens,LaGuardia Airport,Airports,false,0.394
138,pickup,2024,6,407189,12.917032730101116,0,Queens,LaGuardia Airport,Airports,false,0.394
138,pickup,2025,2,339126,12.73412699872209,1,Queens,LaGuardia Airport,Airports,false,0.394
138,pickup,2025,3,403147,12.907056538686497,1,Queens,LaGuardia Airport,Airports,false,0.394
138,pickup,2025,4,404713,12.91093345290796,1,Queens,LaGuardia Airport,Airports,false,0.394
138,pickup,2025,5,465312,13.050463427313213,1,Queens,LaGuardia Airport,Airports,false,0.394
138,pickup,2025,6,436697,12.986994869745454,1,Queens,LaGuardia Airport,Airports,false,0.394
139,dropoff,2024,2,28084,10.24295529813714,0,Queens,Laurelton,Boro Zone,false,0.0143
139,dropoff,2024,3,32194,10.379535378766175,0,Queens,Laurelton,Boro Zone,false,0.0143
139,dropoff,2024,4,29571,10.294549430333548,0,Queens,Laurelton,Boro Zone,false,0.0143
139,dropoff,2024,5,31850,10.36879266100031,0,Queens,Laurelton,Boro Zone,false,0.0143
139,dropoff,2024,6,31169,10.347179290116486,0,Queens,Laurelton,Boro Zone,false,0.0143
139,dropoff,2025,2,30179,10.314901597246703,1,Queens,Laurelton,Boro Zone,false,0.0143
139,dropoff,2025,3,33680,10.424659468356262,1,Queens,Laurelton,Boro Zone,false,0.0143
139,dropoff,2025,4,32239,10.38093217876979,1,Queens,Laurelton,Boro Zone,false,0.0143
139,dropoff,2025,5,35651,10.481532475939918,1,Queens,Laurelton,Boro Zone,false,0.0143
139,dropoff,2025,6,34605,10.451753459275963,1,Queens,Laurelton,Boro Zone,false,0.0143
139,pickup,2024,2,34312,10.443250426196716,0,Queens,Laurelton,Boro Zone,false,0.0099
139,pickup,2024,3,38941,10.569802959130607,0,Queens,Laurelton,Boro Zone,false,0.0099
139,pickup,2024,4,36304,10.499683207019624,0,Queens,Laurelton,Boro Zone,false,0.0099
139,pickup,2024,5,38843,10.567283159381214,0,Queens,Laurelton,Boro Zone,false,0.0099
139,pickup,2024,6,38165,10.54967414423257,0,Queens,Laurelton,Boro Zone,false,0.0099
139,pickup,2025,2,37512,10.532416160769422,1,Queens,Laurelton,Boro Zone,false,0.0099
139,pickup,2025,3,41219,10.626654594082241,1,Queens,Laurelton,Boro Zone,false,0.0099
139,pickup,2025,4,39310,10.579234218415905,1,Queens,Laurelton,Boro Zone,false,0.0099
139,pickup,2025,5,42993,10.66879259072618,1,Queens,Laurelton,Boro Zone,false,0.0099
139,pickup,2025,6,42428,10.65556380062536,1,Queens,Laurelton,Boro Zone,false,0.0099
140,dropoff,2024,2,123225,11.721767231573578,0,Manhattan,Lenox Hill East,Yellow Zone,false,0.3776
140,dropoff,2024,3,128356,11.762562932382362,0,Manhattan,Lenox Hill East,Yellow Zone,false,0.3776
140,dropoff,2024,4,120261,11.697419659875802,0,Manhattan,Lenox Hill East,Yellow Zone,false,0.3776
140,dropoff,2024,5,123033,11.720207891053436,0,Manhattan,Lenox Hill East,Yellow Zone,false,0.3776
140,dropoff,2024,6,111841,11.624833498772443,0,Manhattan,Lenox Hill East,Yellow Zone,false,0.3776
140,dropoff,2025,2,120570,11.699985776111356,1,Manhattan,Lenox Hill East,Yellow Zone,false,0.3776
140,dropoff,2025,3,120616,11.700367224458754,1,Manhattan,Lenox Hill East,Yellow Zone,false,0.3776
140,dropoff,2025,4,119088,11.687617994599693,1,Manhattan,Lenox Hill East,Yellow Zone,false,0.3776
140,dropoff,2025,5,117783,11.6765992273917,1,Manhattan,Lenox Hill East,Yellow Zone,false,0.3776
140,dropoff,2025,6,107986,11.58975686807408,1,Manhattan,Lenox Hill East,Yellow Zone,false,0.3776
140,pickup,2024,2,119738,11.69306130148366,0,Manhattan,Lenox Hill East,Yellow Zone,false,0.384
140,pickup,2024,3,125768,11.742194218871349,0,Manhattan,Lenox Hill East,Yellow Zone,false,0.384
140,pickup,2024,4,118205,11.680175684243897,0,Manhattan,Lenox Hill East,Yellow Zone,false,0.384
140,pickup,2024,5,120956,11.703182122083508,0,Manhattan,Lenox Hill East,Yellow Zone,false,0.384
140,pickup,2024,6,111408,11.620954417182327,0,Manhattan,Lenox Hill East,Yellow Zone,false,0.384
140,pickup,2025,2,116214,11.663188598070294,1,Manhattan,Lenox Hill East,Yellow Zone,false,0.384
140,pickup,2025,3,116006,11.661397192888785,1,Manhattan,Lenox Hill East,Yellow Zone,false,0.384
140,pickup,2025,4,113310,11.637882704374611,1,Manhattan,Lenox Hill East,Yellow Zone,false,0.384
140,pickup,2025,5,115649,11.658315020843126,1,Manhattan,Lenox Hill East,Yellow Zone,false,0.384
140,pickup,2025,6,105468,11.566162868352645,1,Manhattan,Lenox Hill East,Yellow Zone,false,0.384
141,dropoff,2024,2,115049,11.65311340355264,0,Manhattan,Lenox Hill West,Yellow Zone,false,0.449
141,dropoff,2024,3,121722,11.709495035029384,0,Manhattan,Lenox Hill West,Yellow Zone,false,0.449
141,dropoff,2024,4,111069,11.617906908789402,0,Manhattan,Lenox Hill West,Yellow Zone,false,0.449
141,dropoff,2024,5,113256,11.637406022074334,0,Manhattan,Lenox Hill West,Yellow Zone,false,0.449
141,dropoff,2024,6,106303,11.574048785944976,0,Manhattan,Lenox Hill West,Yellow Zone,false,0.449
141,dropoff,2025,2,108407,11.593647941548522,1,Manhattan,Lenox Hill West,Yellow Zone,false,0.449
141,dropoff,2025,3,108925,11.598414850985643,1,Manhattan,Lenox Hill West,Yellow Zone,false,0.449
141,dropoff,2025,4,108058,11.590423398990612,1,Manhattan,Lenox Hill West,Yellow Zone,false,0.449
141,dropoff,2025,5,109061,11.59966263770264,1,Manhattan,Lenox Hill West,Yellow Zone,false,0.449
141,dropoff,2025,6,99410,11.50700799120619,1,Manhattan,Lenox Hill West,Yellow Zone,false,0.449
141,pickup,2024,2,131171,11.784257094474574,0,Manhattan,Lenox Hill West,Yellow Zone,false,0.418
141,pickup,2024,3,140751,11.854747650772435,0,Manhattan,Lenox Hill West,Yellow Zone,false,0.418
141,pickup,2024,4,130114,11.776166268242235,0,Manhattan,Lenox Hill West,Yellow Zone,false,0.418
141,pickup,2024,5,137133,11.828706536805575,0,Manhattan,Lenox Hill West,Yellow Zone,false,0.418
141,pickup,2024,6,128665,11.764967406327086,0,Manhattan,Lenox Hill West,Yellow Zone,false,0.418
141,pickup,2025,2,127794,11.758174871466656,1,Manhattan,Lenox Hill West,Yellow Zone,false,0.418
141,pickup,2025,3,129105,11.768381305751685,1,Manhattan,Lenox Hill West,Yellow Zone,false,0.418
141,pickup,2025,4,128681,11.765091752538185,1,Manhattan,Lenox Hill West,Yellow Zone,false,0.418
141,pickup,2025,5,132197,11.792048513252674,1,Manhattan,Lenox Hill West,Yellow Zone,false,0.418
141,pickup,2025,6,120507,11.69946312151192,1,Manhattan,Lenox Hill West,Yellow Zone,false,0.418
142,dropoff,2024,2,127330,11.75453742056748,0,Manhattan,Lincoln Square East,Yellow Zone,false,0.4428
142,dropoff,2024,3,137336,11.830185756950765,0,Manhattan,Lincoln Square East,Yellow Zone,false,0.4428
142,dropoff,2024,4,135648,11.817818574152364,0,Manhattan,Lincoln Square East,Yellow Zone,false,0.4428
142,dropoff,2024,5,138400,11.837903322165706,0,Manhattan,Lincoln Square East,Yellow Zone,false,0.4428
142,dropoff,2024,6,123439,11.723502385902478,0,Manhattan,Lincoln Square East,Yellow Zone,false,0.4428
142,dropoff,2025,2,119812,11.69367912659202,1,Manhattan,Lincoln Square East,Yellow Zone,false,0.4428
142,dropoff,2025,3,119921,11.694588471634306,1,Manhattan,Lincoln Square East,Yellow Zone,false,0.4428
142,dropoff,2025,4,123538,11.724304080030292,1,Manhattan,Lincoln Square East,Yellow Zone,false,0.4428
142,dropoff,2025,5,128773,11.765806443348318,1,Manhattan,Lincoln Square East,Yellow Zone,false,0.4428
142,dropoff,2025,6,110416,11.612010329860382,1,Manhattan,Lincoln Square East,Yellow Zone,false,0.4428
142,pickup,2024,2,133759,11.803794952214027,0,Manhattan,Lincoln Square East,Yellow Zone,false,0.4218
142,pickup,2024,3,147514,11.901678365512081,0,Manhattan,Lincoln Square East,Yellow Zone,false,0.4218
142,pickup,2024,4,145675,11.889133392011274,0,Manhattan,Lincoln Square East,Yellow Zone,false,0.4218
142,pickup,2024,5,151046,11.925339705166598,0,Manhattan,Lincoln Square East,Yellow Zone,false,0.4218
142,pickup,2024,6,133406,11.801152388963446,0,Manhattan,Lincoln Square East,Yellow Zone,false,0.4218
142,pickup,2025,2,124925,11.735468836212405,1,Manhattan,Lincoln Square East,Yellow Zone,false,0.4218
142,pickup,2025,3,127216,11.753641708141265,1,Manhattan,Lincoln Square East,Yellow Zone,false,0.4218
142,pickup,2025,4,132469,11.794103934770822,1,Manhattan,Lincoln Square East,Yellow Zone,false,0.4218
142,pickup,2025,5,139052,11.842603242874025,1,Manhattan,Lincoln Square East,Yellow Zone,false,0.4218
142,pickup,2025,6,119893,11.694354957326324,1,Manhattan,Lincoln Square East,Yellow Zone,false,0.4218
143,dropoff,2024,2,81621,11.309841860783788,0,Manhattan,Lincoln Square West,Yellow Zone,false,0.4605
143,dropoff,2024,3,83467,11.33220662314222,0,Manhattan,Lincoln Square West,Yellow Zone,false,0.4605
143,dropoff,2024,4,79943,11.28906915970726,0,Manhattan,Lincoln Square West,Yellow Zone,false,0.4605
143,dropoff,2024,5,80683,11.298283175313381,0,Manhattan,Lincoln Square West,Yellow Zone,false,0.4605
143,dropoff,2024,6,71923,11.183351381289999,0,Manhattan,Lincoln Square West,Yellow Zone,false,0.4605
143,dropoff,2025,2,77266,11.25500929305476,1,Manhattan,Lincoln Square West,Yellow Zone,false,0.4605
143,dropoff,2025,3,76558,11.245803902483631,1,Manhattan,Lincoln Square West,Yellow Zone,false,0.4605
143,dropoff,2025,4,76864,11.249792905439655,1,Manhattan,Lincoln Square West,Yellow Zone,false,0.4605
143,dropoff,2025,5,77454,11.257439490734765,1,Manhattan,Lincoln Square West,Yellow Zone,false,0.4605
143,dropoff,2025,6,66465,11.104430772301699,1,Manhattan,Lincoln Square West,Yellow Zone,false,0.4605
143,pickup,2024,2,104769,11.55951320558446,0,Manhattan,Lincoln Square West,Yellow Zone,false,0.4461
143,pickup,2024,3,107865,11.588635724204703,0,Manhattan,Lincoln Square West,Yellow Zone,false,0.4461
143,pickup,2024,4,105064,11.562324967264995,0,Manhattan,Lincoln Square West,Yellow Zone,false,0.4461
143,pickup,2024,5,106822,11.578919176804051,0,Manhattan,Lincoln Square West,Yellow Zone,false,0.4461
143,pickup,2024,6,96806,11.480464254814846,0,Manhattan,Lincoln Square West,Yellow Zone,false,0.4461
143,pickup,2025,2,99441,11.507319782449395,1,Manhattan,Lincoln Square West,Yellow Zone,false,0.4461
143,pickup,2025,3,100107,11.513994892928249,1,Manhattan,Lincoln Square West,Yellow Zone,false,0.4461
143,pickup,2025,4,101968,11.532414317554075,1,Manhattan,Lincoln Square West,Yellow Zone,false,0.4461
143,pickup,2025,5,101745,11.53022496204829,1,Manhattan,Lincoln Square West,Yellow Zone,false,0.4461
143,pickup,2025,6,88357,11.389140704943184,1,Manhattan,Lincoln Square West,Yellow Zone,false,0.4461
144,dropoff,2024,2,126605,11.7488272823831,0,Manhattan,Little Italy/NoLiTa,Yellow Zone,true,1.0
144,dropoff,2024,3,130786,11.781317678637583,0,Manhattan,Little Italy/NoLiTa,Yellow Zone,true,1.0
144,dropoff,2024,4,117751,11.676327504411605,0,Manhattan,Little Italy/NoLiTa,Yellow Zone,true,1.0
144,dropoff,2024,5,122898,11.71911002202871,0,Manhattan,Little Italy/NoLiTa,Yellow Zone,true,1.0
144,dropoff,2024,6,120290,11.697660772988119,0,Manhattan,Little Italy/NoLiTa,Yellow Zone,true,1.0
144,dropoff,2025,2,117708,11.675962260352316,1,Manhattan,Little Italy/NoLiTa,Yellow Zone,true,1.0
144,dropoff,2025,3,113885,11.642944446293964,1,Manhattan,Little Italy/NoLiTa,Yellow Zone,true,1.0
144,dropoff,2025,4,111576,11.62246125203853,1,Manhattan,Little Italy/NoLiTa,Yellow Zone,true,1.0
144,dropoff,2025,5,114787,11.650833516037304,1,Manhattan,Little Italy/NoLiTa,Yellow Zone,true,1.0
144,dropoff,2025,6,106157,11.572674409375441,1,Manhattan,Little Italy/NoLiTa,Yellow Zone,true,1.0
144,pickup,2024,2,151602,11.929013944715523,0,Manhattan,Little Italy/NoLiTa,Yellow Zone,true,1.0
144,pickup,2024,3,157203,11.965293242764613,0,Manhattan,Little Italy/NoLiTa,Yellow Zone,true,1.0
144,pickup,2024,4,142463,11.866837595853365,0,Manhattan,Little Italy/NoLiTa,Yellow Zone,true,1.0
144,pickup,2024,5,150914,11.924465417125745,0,Manhattan,Little Italy/NoLiTa,Yellow Zone,true,1.0
144,pickup,2024,6,144866,11.883564456192955,0,Manhattan,Little Italy/NoLiTa,Yellow Zone,true,1.0
144,pickup,2025,2,138125,11.835914351254154,1,Manhattan,Little Italy/NoLiTa,Yellow Zone,true,1.0
144,pickup,2025,3,136267,11.822371475384482,1,Manhattan,Little Italy/NoLiTa,Yellow Zone,true,1.0
144,pickup,2025,4,133445,11.801444686914571,1,Manhattan,Little Italy/NoLiTa,Yellow Zone,true,1.0
144,pickup,2025,5,139383,11.844980818652393,1,Manhattan,Little Italy/NoLiTa,Yellow Zone,true,1.0
144,pickup,2025,6,128280,11.761970653807092,1,Manhattan,Little Italy/NoLiTa,Yellow Zone,true,1.0
145,dropoff,2024,2,150889,11.924299746141314,0,Queens,Long Island City/Hunters Point,Boro Zone,false,0.2501
145,dropoff,2024,3,170101,12.04414765726144,0,Queens,Long Island City/Hunters Point,Boro Zone,false,0.2501
145,dropoff,2024,4,156026,11.957777939010995,0,Queens,Long Island City/Hunters Point,Boro Zone,false,0.2501
145,dropoff,2024,5,166245,12.021217882877863,0,Queens,Long Island City/Hunters Point,Boro Zone,false,0.2501
145,dropoff,2024,6,161254,11.990736040551901,0,Queens,Long Island City/Hunters Point,Boro Zone,false,0.2501
145,dropoff,2025,2,160121,11.98368505840302,1,Queens,Long Island City/Hunters Point,Boro Zone,false,0.2501
145,dropoff,2025,3,168994,12.037618490316385,1,Queens,Long Island City/Hunters Point,Boro Zone,false,0.2501
145,dropoff,2025,4,161777,11.993974122698685,1,Queens,Long Island City/Hunters Point,Boro Zone,false,0.2501
145,dropoff,2025,5,176944,12.08358857731514,1,Queens,Long Island City/Hunters Point,Boro Zone,false,0.2501
145,dropoff,2025,6,168331,12.033687558107179,1,Queens,Long Island City/Hunters Point,Boro Zone,false,0.2501
145,pickup,2024,2,151421,11.927819315782894,0,Queens,Long Island City/Hunters Point,Boro Zone,false,0.1924
145,pickup,2024,3,175143,12.073358062083333,0,Queens,Long Island City/Hunters Point,Boro Zone,false,0.1924
145,pickup,2024,4,157707,11.968494160044639,0,Queens,Long Island City/Hunters Point,Boro Zone,false,0.1924
145,pickup,2024,5,170268,12.045128945295314,0,Queens,Long Island City/Hunters Point,Boro Zone,false,0.1924
145,pickup,2024,6,167261,12.027310745633416,0,Queens,Long Island City/Hunters Point,Boro Zone,false,0.1924
145,pickup,2025,2,163615,12.00527138598935,1,Queens,Long Island City/Hunters Point,Boro Zone,false,0.1924
145,pickup,2025,3,171448,12.052035292614512,1,Queens,Long Island City/Hunters Point,Boro Zone,false,0.1924
145,pickup,2025,4,163503,12.004586617774965,1,Queens,Long Island City/Hunters Point,Boro Zone,false,0.1924
145,pickup,2025,5,181106,12.106837774189614,1,Queens,Long Island City/Hunters Point,Boro Zone,false,0.1924
145,pickup,2025,6,173903,12.066252951487419,1,Queens,Long Island City/Hunters Point,Boro Zone,false,0.1924
146,dropoff,2024,2,48673,10.792879740541583,0,Queens,Long Island City/Queens Plaza,Boro Zone,false,0.2092
146,dropoff,2024,3,55447,10.923182888519593,0,Queens,Long Island City/Queens Plaza,Boro Zone,false,0.2092
146,dropoff,2024,4,49221,10.804075640682992,0,Queens,Long Island City/Queens Plaza,Boro Zone,false,0.2092
146,dropoff,2024,5,52831,10.874853418618248,0,Queens,Long Island City/Queens Plaza,Boro Zone,false,0.2092
146,dropoff,2024,6,51519,10.849705950651972,0,Queens,Long Island City/Queens Plaza,Boro Zone,false,0.2092
146,dropoff,2025,2,50629,10.832279813633209,1,Queens,Long Island City/Queens Plaza,Boro Zone,false,0.2092
146,dropoff,2025,3,53895,10.894792988215729,1,Queens,Long Island City/Queens Plaza,Boro Zone,false,0.2092
146,dropoff,2025,4,50779,10.835238162272326,1,Queens,Long Island City/Queens Plaza,Boro Zone,false,0.2092
146,dropoff,2025,5,57786,10.964501810788919,1,Queens,Long Island City/Queens Plaza,Boro Zone,false,0.2092
146,dropoff,2025,6,53349,10.88461051241177,1,Queens,Long Island City/Queens Plaza,Boro Zone,false,0.2092
146,pickup,2024,2,46350,10.743976570994,0,Queens,Long Island City/Queens Plaza,Boro Zone,false,0.1587
146,pickup,2024,3,53914,10.895145463430168,0,Queens,Long Island City/Queens Plaza,Boro Zone,false,0.1587
146,pickup,2024,4,47538,10.769284670193297,0,Queens,Long Island City/Queens Plaza,Boro Zone,false,0.1587
146,pickup,2024,5,49950,10.8187777840767,0,Queens,Long Island City/Queens Plaza,Boro Zone,false,0.1587
146,pickup,2024,6,50587,10.831449905270684,0,Queens,Long Island City/Queens Plaza,Boro Zone,false,0.1587
146,pickup,2025,2,47847,10.775763698990863,1,Queens,Long Island City/Queens Plaza,Boro Zone,false,0.1587
146,pickup,2025,3,50086,10.821496806904248,1,Queens,Long Island City/Queens Plaza,Boro Zone,false,0.1587
146,pickup,2025,4,47853,10.775889090840558,1,Queens,Long Island City/Queens Plaza,Boro Zone,false,0.1587
146,pickup,2025,5,56062,10.934213500143766,1,Queens,Long Island City/Queens Plaza,Boro Zone,false,0.1587
146,pickup,2025,6,51535,10.850016467470892,1,Queens,Long Island City/Queens Plaza,Boro Zone,false,0.1587
147,dropoff,2024,2,38065,10.547050503740312,0,Bronx,Longwood,Boro Zone,false,0.0436
147,dropoff,2024,3,43407,10.67837599740519,0,Bronx,Longwood,Boro Zone,false,0.0436
147,dropoff,2024,4,38589,10.560722540746825,0,Bronx,Longwood,Boro Zone,false,0.0436
147,dropoff,2024,5,39758,10.590566357694467,0,Bronx,Longwood,Boro Zone,false,0.0436
147,dropoff,2024,6,38176,10.549962324897642,0,Bronx,Longwood,Boro Zone,false,0.0436
147,dropoff,2025,2,38766,10.56529885278622,1,Bronx,Longwood,Boro Zone,false,0.0436
147,dropoff,2025,3,43372,10.677569350592073,1,Bronx,Longwood,Boro Zone,false,0.0436
147,dropoff,2025,4,39684,10.588703362769794,1,Bronx,Longwood,Boro Zone,false,0.0436
147,dropoff,2025,5,41734,10.63907142329333,1,Bronx,Longwood,Boro Zone,false,0.0436
147,dropoff,2025,6,39029,10.572060238529494,1,Bronx,Longwood,Boro Zone,false,0.0436
147,pickup,2024,2,39919,10.59460768001144,0,Bronx,Longwood,Boro Zone,false,0.0385
147,pickup,2024,3,45609,10.727860344448946,0,Bronx,Longwood,Boro Zone,false,0.0385
147,pickup,2024,4,41100,10.623763400484325,0,Bronx,Longwood,Boro Zone,false,0.0385
147,pickup,2024,5,43188,10.673317957867031,0,Bronx,Longwood,Boro Zone,false,0.0385
147,pickup,2024,6,41022,10.62186378714185,0,Bronx,Longwood,Boro Zone,false,0.0385
147,pickup,2025,2,41153,10.625052107457568,1,Bronx,Longwood,Boro Zone,false,0.0385
147,pickup,2025,3,45513,10.725753278416203,1,Bronx,Longwood,Boro Zone,false,0.0385
147,pickup,2025,4,42452,10.656129304881713,1,Bronx,Longwood,Boro Zone,false,0.0385
147,pickup,2025,5,44516,10.703603954093316,1,Bronx,Longwood,Boro Zone,false,0.0385
147,pickup,2025,6,41838,10.641560296449066,1,Bronx,Longwood,Boro Zone,false,0.0385
148,dropoff,2024,2,168042,12.031969227140603,0,Manhattan,Lower East Side,Yellow Zone,true,1.0
148,dropoff,2024,3,172191,12.056359604801552,0,Manhattan,Lower East Side,Yellow Zone,true,1.0
148,dropoff,2024,4,153615,11.942204751177648,0,Manhattan,Lower East Side,Yellow Zone,true,1.0
148,dropoff,2024,5,161063,11.989550871774846,0,Manhattan,Lower East Side,Yellow Zone,true,1.0
148,dropoff,2024,6,163605,12.005210265030954,0,Manhattan,Lower East Side,Yellow Zone,true,1.0
148,dropoff,2025,2,155052,11.95151582351022,1,Manhattan,Lower East Side,Yellow Zone,true,1.0
148,dropoff,2025,3,150867,11.924153932967497,1,Manhattan,Lower East Side,Yellow Zone,true,1.0
148,dropoff,2025,4,149725,11.916555557132662,1,Manhattan,Lower East Side,Yellow Zone,true,1.0
148,dropoff,2025,5,161023,11.989302490906347,1,Manhattan,Lower East Side,Yellow Zone,true,1.0
148,dropoff,2025,6,145151,11.885529858853777,1,Manhattan,Lower East Side,Yellow Zone,true,1.0
148,pickup,2024,2,215008,12.278430515719876,0,Manhattan,Lower East Side,Yellow Zone,true,1.0
148,pickup,2024,3,223664,12.31790020471091,0,Manhattan,Lower East Side,Yellow Zone,true,1.0
148,pickup,2024,4,199590,12.204020541404043,0,Manhattan,Lower East Side,Yellow Zone,true,1.0
148,pickup,2024,5,209650,12.253194752598908,0,Manhattan,Lower East Side,Yellow Zone,true,1.0
148,pickup,2024,6,212694,12.267609792045743,0,Manhattan,Lower East Side,Yellow Zone,true,1.0
148,pickup,2025,2,198867,12.200391538558206,1,Manhattan,Lower East Side,Yellow Zone,true,1.0
148,pickup,2025,3,199564,12.203890265871108,1,Manhattan,Lower East Side,Yellow Zone,true,1.0
148,pickup,2025,4,194155,12.176412088111746,1,Manhattan,Lower East Side,Yellow Zone,true,1.0
148,pickup,2025,5,212597,12.267153633783838,1,Manhattan,Lower East Side,Yellow Zone,true,1.0
148,pickup,2025,6,193623,12.17366824842115,1,Manhattan,Lower East Side,Yellow Zone,true,1.0
149,dropoff,2024,2,45432,10.723971981557268,0,Brooklyn,Madison,Boro Zone,false,0.0344
149,dropoff,2024,3,50381,10.827369398856096,0,Brooklyn,Madison,Boro Zone,false,0.0344
149,dropoff,2024,4,46231,10.741405847723883,0,Brooklyn,Madison,Boro Zone,false,0.0344
149,dropoff,2024,5,47900,10.776870783399007,0,Brooklyn,Madison,Boro Zone,false,0.0344
149,dropoff,2024,6,43877,10.68914554377483,0,Brooklyn,Madison,Boro Zone,false,0.0344
149,dropoff,2025,2,46781,10.753232416566384,1,Brooklyn,Madison,Boro Zone,false,0.0344
149,dropoff,2025,3,52581,10.870110116741285,1,Brooklyn,Madison,Boro Zone,false,0.0344
149,dropoff,2025,4,46077,10.738069189083738,1,Brooklyn,Madison,Boro Zone,false,0.0344
149,dropoff,2025,5,51359,10.846595467769308,1,Brooklyn,Madison,Boro Zone,false,0.0344
149,dropoff,2025,6,46866,10.755047744838352,1,Brooklyn,Madison,Boro Zone,false,0.0344
149,pickup,2024,2,45315,10.721393382488882,0,Brooklyn,Madison,Boro Zone,false,0.0238
149,pickup,2024,3,50264,10.825044394082783,0,Brooklyn,Madison,Boro Zone,false,0.0238
149,pickup,2024,4,46697,10.75143520176483,0,Brooklyn,Madison,Boro Zone,false,0.0238
149,pickup,2024,5,48150,10.782076417226271,0,Brooklyn,Madison,Boro Zone,false,0.0238
149,pickup,2024,6,45097,10.716571004431286,0,Brooklyn,Madison,Boro Zone,false,0.0238
149,pickup,2025,2,47377,10.76589215785248,1,Brooklyn,Madison,Boro Zone,false,0.0238
149,pickup,2025,3,53190,10.881625687736364,1,Brooklyn,Madison,Boro Zone,false,0.0238
149,pickup,2025,4,46924,10.756284550625612,1,Brooklyn,Madison,Boro Zone,false,0.0238
149,pickup,2025,5,52710,10.872560469849253,1,Brooklyn,Madison,Boro Zone,false,0.0238
149,pickup,2025,6,47674,10.772141454894674,1,Brooklyn,Madison,Boro Zone,false,0.0238
150,dropoff,2024,2,20201,9.913487387114461,0,Brooklyn,Manhattan Beach,Boro Zone,false,0.0275
150,dropoff,2024,3,26004,10.16600565132436,0,Brooklyn,Manhattan Beach,Boro Zone,false,0.0275
150,dropoff,2024,4,23632,10.07035700477116,0,Brooklyn,Manhattan Beach,Boro Zone,false,0.0275
150,dropoff,2024,5,25966,10.164543268920198,0,Brooklyn,Manhattan Beach,Boro Zone,false,0.0275
150,dropoff,2024,6,25803,10.15824604321959,0,Brooklyn,Manhattan Beach,Boro Zone,false,0.0275
150,dropoff,2025,2,21657,9.983084006807271,1,Brooklyn,Manhattan Beach,Boro Zone,false,0.0275
150,dropoff,2025,3,25408,10.142819364046863,1,Brooklyn,Manhattan Beach,Boro Zone,false,0.0275
150,dropoff,2025,4,23803,10.077566902136047,1,Brooklyn,Manhattan Beach,Boro Zone,false,0.0275
150,dropoff,2025,5,27028,10.204628644672065,1,Brooklyn,Manhattan Beach,Boro Zone,false,0.0275
150,dropoff,2025,6,25833,10.159408023364275,1,Brooklyn,Manhattan Beach,Boro Zone,false,0.0275
150,pickup,2024,2,18332,9.816403445629014,0,Brooklyn,Manhattan Beach,Boro Zone,false,0.026
150,pickup,2024,3,22119,10.00419224665776,0,Brooklyn,Manhattan Beach,Boro Zone,false,0.026
150,pickup,2024,4,20841,9.94467747936099,0,Brooklyn,Manhattan Beach,Boro Zone,false,0.026
150,pickup,2024,5,22463,10.019624790165171,0,Brooklyn,Manhattan Beach,Boro Zone,false,0.026
150,pickup,2024,6,22395,10.0165929986414,0,Brooklyn,Manhattan Beach,Boro Zone,false,0.026
150,pickup,2025,2,20001,9.90353755128617,1,Brooklyn,Manhattan Beach,Boro Zone,false,0.026
150,pickup,2025,3,22011,9.999297607382104,1,Brooklyn,Manhattan Beach,Boro Zone,false,0.026
150,pickup,2025,4,20647,9.93532530938488,1,Brooklyn,Manhattan Beach,Boro Zone,false,0.026
150,pickup,2025,5,23480,10.063904273942033,1,Brooklyn,Manhattan Beach,Boro Zone,false,0.026
150,pickup,2025,6,22802,10.034603530393666,1,Brooklyn,Manhattan Beach,Boro Zone,false,0.026
151,dropoff,2024,2,53250,10.882753083571671,0,Manhattan,Manhattan Valley,Yellow Zone,false,0.2534
151,dropoff,2024,3,56394,10.940118048848356,0,Manhattan,Manhattan Valley,Yellow Zone,false,0.2534
151,dropoff,2024,4,53319,10.884048019428102,0,Manhattan,Manhattan Valley,Yellow Zone,false,0.2534
151,dropoff,2024,5,55906,10.931426987909191,0,Manhattan,Manhattan Valley,Yellow Zone,false,0.2534
151,dropoff,2024,6,52510,10.868758906631905,0,Manhattan,Manhattan Valley,Yellow Zone,false,0.2534
151,dropoff,2025,2,49793,10.81562969088395,1,Manhattan,Manhattan Valley,Yellow Zone,false,0.2534
151,dropoff,2025,3,51209,10.843670576829885,1,Manhattan,Manhattan Valley,Yellow Zone,false,0.2534
151,dropoff,2025,4,49647,10.812693244687052,1,Manhattan,Manhattan Valley,Yellow Zone,false,0.2534
151,dropoff,2025,5,51405,10.847490722976818,1,Manhattan,Manhattan Valley,Yellow Zone,false,0.2534
151,dropoff,2025,6,46802,10.753681216035357,1,Manhattan,Manhattan Valley,Yellow Zone,false,0.2534
151,pickup,2024,2,59948,11.001232798764887,0,Manhattan,Manhattan Valley,Yellow Zone,false,0.2112
151,pickup,2024,3,62426,11.041737134242736,0,Manhattan,Manhattan Valley,Yellow Zone,false,0.2112
151,pickup,2024,4,60840,11.016002746373228,0,Manhattan,Manhattan Valley,Yellow Zone,false,0.2112
151,pickup,2024,5,61973,11.034454085305622,0,Manhattan,Manhattan Valley,Yellow Zone,false,0.2112
151,pickup,2024,6,58437,10.975704529844705,0,Manhattan,Manhattan Valley,Yellow Zone,false,0.2112
151,pickup,2025,2,55433,10.922930363265726,1,Manhattan,Manhattan Valley,Yellow Zone,false,0.2112
151,pickup,2025,3,57160,10.953609632043804,1,Manhattan,Manhattan Valley,Yellow Zone,false,0.2112
151,pickup,2025,4,56249,10.937543542130863,1,Manhattan,Manhattan Valley,Yellow Zone,false,0.2112
151,pickup,2025,5,56716,10.94581163685745,1,Manhattan,Manhattan Valley,Yellow Zone,false,0.2112
151,pickup,2025,6,50647,10.832635277912791,1,Manhattan,Manhattan Valley,Yellow Zone,false,0.2112
152,dropoff,2024,2,48329,10.785787073542922,0,Manhattan,Manhattanville,Boro Zone,false,0.1431
152,dropoff,2024,3,50360,10.826952488158284,0,Manhattan,Manhattanville,Boro Zone,false,0.1431
152,dropoff,2024,4,47874,10.776327838536336,0,Manhattan,Manhattanville,Boro Zone,false,0.1431
152,dropoff,2024,5,47921,10.777309100685118,0,Manhattan,Manhattanville,Boro Zone,false,0.1431
152,dropoff,2024,6,44271,10.69808511413156,0,Manhattan,Manhattanville,Boro Zone,false,0.1431
152,dropoff,2025,2,46357,10.744127584402122,1,Manhattan,Manhattanville,Boro Zone,false,0.1431
152,dropoff,2025,3,47253,10.763271422969845,1,Manhattan,Manhattanville,Boro Zone,false,0.1431
152,dropoff,2025,4,47115,10.760346700640856,1,Manhattan,Manhattanville,Boro Zone,false,0.1431
152,dropoff,2025,5,46560,10.74849708240532,1,Manhattan,Manhattanville,Boro Zone,false,0.1431
152,dropoff,2025,6,40733,10.614793853711983,1,Manhattan,Manhattanville,Boro Zone,false,0.1431
152,pickup,2024,2,45957,10.735461455680806,0,Manhattan,Manhattanville,Boro Zone,false,0.1403
152,pickup,2024,3,47275,10.763736893526659,0,Manhattan,Manhattanville,Boro Zone,false,0.1403
152,pickup,2024,4,47226,10.762699867370506,0,Manhattan,Manhattanville,Boro Zone,false,0.1403
152,pickup,2024,5,46864,10.755005069067515,0,Manhattan,Manhattanville,Boro Zone,false,0.1403
152,pickup,2024,6,44339,10.69961992991643,0,Manhattan,Manhattanville,Boro Zone,false,0.1403
152,pickup,2025,2,43599,10.68278949329428,1,Manhattan,Manhattanville,Boro Zone,false,0.1403
152,pickup,2025,3,45668,10.729153112796217,1,Manhattan,Manhattanville,Boro Zone,false,0.1403
152,pickup,2025,4,44787,10.709673197721699,1,Manhattan,Manhattanville,Boro Zone,false,0.1403
152,pickup,2025,5,45332,10.72176846385284,1,Manhattan,Manhattanville,Boro Zone,false,0.1403
152,pickup,2025,6,40040,10.597634233429156,1,Manhattan,Manhattanville,Boro Zone,false,0.1403
153,dropoff,2024,2,15222,9.630497028827337,0,Manhattan,Marble Hill,Boro Zone,false,0.0392
153,dropoff,2024,3,16836,9.731274729890462,0,Manhattan,Marble Hill,Boro Zone,false,0.0392
153,dropoff,2024,4,14840,9.605081516721372,0,Manhattan,Marble Hill,Boro Zone,false,0.0392
153,dropoff,2024,5,15596,9.654769750102489,0,Manhattan,Marble Hill,Boro Zone,false,0.0392
153,dropoff,2024,6,15230,9.631022445889208,0,Manhattan,Marble Hill,Boro Zone,false,0.0392
153,dropoff,2025,2,14867,9.60689927061335,1,Manhattan,Marble Hill,Boro Zone,false,0.0392
153,dropoff,2025,3,16299,9.698859035219632,1,Manhattan,Marble Hill,Boro Zone,false,0.0392
153,dropoff,2025,4,14966,9.613536240640304,1,Manhattan,Marble Hill,Boro Zone,false,0.0392
153,dropoff,2025,5,15948,9.677088708501246,1,Manhattan,Marble Hill,Boro Zone,false,0.0392
153,dropoff,2025,6,15361,9.639587108749145,1,Manhattan,Marble Hill,Boro Zone,false,0.0392
153,pickup,2024,2,19161,9.860632242229698,0,Manhattan,Marble Hill,Boro Zone,false,0.0285
153,pickup,2024,3,20296,9.918179101279117,0,Manhattan,Marble Hill,Boro Zone,false,0.0285
153,pickup,2024,4,18438,9.82216903135854,0,Manhattan,Marble Hill,Boro Zone,false,0.0285
153,pickup,2024,5,19184,9.861831877267296,0,Manhattan,Marble Hill,Boro Zone,false,0.0285
153,pickup,2024,6,18778,9.840441250818493,0,Manhattan,Marble Hill,Boro Zone,false,0.0285
153,pickup,2025,2,18272,9.813125112455737,1,Manhattan,Marble Hill,Boro Zone,false,0.0285
153,pickup,2025,3,20117,9.909320507728571,1,Manhattan,Marble Hill,Boro Zone,false,0.0285
153,pickup,2025,4,18410,9.820649274227124,1,Manhattan,Marble Hill,Boro Zone,false,0.0285
153,pickup,2025,5,19851,9.89600966268017,1,Manhattan,Marble Hill,Boro Zone,false,0.0285
153,pickup,2025,6,18529,9.827092351282415,1,Manhattan,Marble Hill,Boro Zone,false,0.0285
154,dropoff,2024,2,2388,7.778211474512493,0,Brooklyn,Marine Park/Floyd Bennett Field,Boro Zone,false,0.0577
154,dropoff,2024,3,3071,8.029758520440822,0,Brooklyn,Marine Park/Floyd Bennett Field,Boro Zone,false,0.0577
154,dropoff,2024,4,2878,7.964850887447313,0,Brooklyn,Marine Park/Floyd Bennett Field,Boro Zone,false,0.0577
154,dropoff,2024,5,3621,8.19450550976564,0,Brooklyn,Marine Park/Floyd Bennett Field,Boro Zone,false,0.0577
154,dropoff,2024,6,4047,8.305731144875866,0,Brooklyn,Marine Park/Floyd Bennett Field,Boro Zone,false,0.0577
154,dropoff,2025,2,1539,7.338888133838879,1,Brooklyn,Marine Park/Floyd Bennett Field,Boro Zone,false,0.0577
154,dropoff,2025,3,2069,7.634820677745543,1,Brooklyn,Marine Park/Floyd Bennett Field,Boro Zone,false,0.0577
154,dropoff,2025,4,2307,7.7437032581737535,1,Brooklyn,Marine Park/Floyd Bennett Field,Boro Zone,false,0.0577
154,dropoff,2025,5,2649,7.88193748927207,1,Brooklyn,Marine Park/Floyd Bennett Field,Boro Zone,false,0.0577
154,dropoff,2025,6,2723,7.909489492673759,1,Brooklyn,Marine Park/Floyd Bennett Field,Boro Zone,false,0.0577
154,pickup,2024,2,1705,7.4413203897176174,0,Brooklyn,Marine Park/Floyd Bennett Field,Boro Zone,false,0.0632
154,pickup,2024,3,2075,7.637716432664798,0,Brooklyn,Marine Park/Floyd Bennett Field,Boro Zone,false,0.0632
154,pickup,2024,4,1999,7.6004023345004,0,Brooklyn,Marine Park/Floyd Bennett Field,Boro Zone,false,0.0632
154,pickup,2024,5,2436,7.798112628829788,0,Brooklyn,Marine Park/Floyd Bennett Field,Boro Zone,false,0.0632
154,pickup,2024,6,2706,7.903226808730733,0,Brooklyn,Marine Park/Floyd Bennett Field,Boro Zone,false,0.0632
154,pickup,2025,2,1176,7.069874128458572,1,Brooklyn,Marine Park/Floyd Bennett Field,Boro Zone,false,0.0632
154,pickup,2025,3,1537,7.337587743538596,1,Brooklyn,Marine Park/Floyd Bennett Field,Boro Zone,false,0.0632
154,pickup,2025,4,1749,7.466799475018602,1,Brooklyn,Marine Park/Floyd Bennett Field,Boro Zone,false,0.0632
154,pickup,2025,5,1991,7.596392304064196,1,Brooklyn,Marine Park/Floyd Bennett Field,Boro Zone,false,0.0632
154,pickup,2025,6,2341,7.75833346749091,1,Brooklyn,Marine Park/Floyd Bennett Field,Boro Zone,false,0.0632
155,dropoff,2024,2,54016,10.897035577955629,0,Brooklyn,Marine Park/Mill Basin,Boro Zone,false,0.0261
155,dropoff,2024,3,59745,10.997840784283854,0,Brooklyn,Marine Park/Mill Basin,Boro Zone,false,0.0261
155,dropoff,2024,4,54888,10.913050024370726,0,Brooklyn,Marine Park/Mill Basin,Boro Zone,false,0.0261
155,dropoff,2024,5,59244,10.989419788046863,0,Brooklyn,Marine Park/Mill Basin,Boro Zone,false,0.0261
155,dropoff,2024,6,58646,10.979274650562294,0,Brooklyn,Marine Park/Mill Basin,Boro Zone,false,0.0261
155,dropoff,2025,2,55306,10.920636680720666,1,Brooklyn,Marine Park/Mill Basin,Boro Zone,false,0.0261
155,dropoff,2025,3,58736,10.980808105736616,1,Brooklyn,Marine Park/Mill Basin,Boro Zone,false,0.0261
155,dropoff,2025,4,54692,10.909472725428973,1,Brooklyn,Marine Park/Mill Basin,Boro Zone,false,0.0261
155,dropoff,2025,5,60321,11.007435580793757,1,Brooklyn,Marine Park/Mill Basin,Boro Zone,false,0.0261
155,dropoff,2025,6,58887,10.983375632205957,1,Brooklyn,Marine Park/Mill Basin,Boro Zone,false,0.0261
155,pickup,2024,2,52128,10.861457511401772,0,Brooklyn,Marine Park/Mill Basin,Boro Zone,false,0.0195
155,pickup,2024,3,57712,10.96322040314332,0,Brooklyn,Marine Park/Mill Basin,Boro Zone,false,0.0195
155,pickup,2024,4,53365,10.884910379348065,0,Brooklyn,Marine Park/Mill Basin,Boro Zone,false,0.0195
155,pickup,2024,5,57313,10.956282753061092,0,Brooklyn,Marine Park/Mill Basin,Boro Zone,false,0.0195
155,pickup,2024,6,56255,10.937650205005172,0,Brooklyn,Marine Park/Mill Basin,Boro Zone,false,0.0195
155,pickup,2025,2,53487,10.88719391270288,1,Brooklyn,Marine Park/Mill Basin,Boro Zone,false,0.0195
155,pickup,2025,3,56580,10.943410844855558,1,Brooklyn,Marine Park/Mill Basin,Boro Zone,false,0.0195
155,pickup,2025,4,52854,10.87528867433785,1,Brooklyn,Marine Park/Mill Basin,Boro Zone,false,0.0195
155,pickup,2025,5,58170,10.971125036904807,1,Brooklyn,Marine Park/Mill Basin,Boro Zone,false,0.0195
155,pickup,2025,6,57344,10.956823496334602,1,Brooklyn,Marine Park/Mill Basin,Boro Zone,false,0.0195
156,dropoff,2024,2,22275,10.01122025233901,0,Staten Island,Mariners Harbor,Boro Zone,false,0.0163
156,dropoff,2024,3,24617,10.111192540161147,0,Staten Island,Mariners Harbor,Boro Zone,false,0.0163
156,dropoff,2024,4,21987,9.99820664859396,0,Staten Island,Mariners Harbor,Boro Zone,false,0.0163
156,dropoff,2024,5,23063,10.045984880764673,0,Staten Island,Mariners Harbor,Boro Zone,false,0.0163
156,dropoff,2024,6,22205,10.008072767726203,0,Staten Island,Mariners Harbor,Boro Zone,false,0.0163
156,dropoff,2025,2,22877,10.037887318015784,1,Staten Island,Mariners Harbor,Boro Zone,false,0.0163
156,dropoff,2025,3,24320,10.099054336080103,1,Staten Island,Mariners Harbor,Boro Zone,false,0.0163
156,dropoff,2025,4,23056,10.045681318239303,1,Staten Island,Mariners Harbor,Boro Zone,false,0.0163
156,dropoff,2025,5,25062,10.129108033725231,1,Staten Island,Mariners Harbor,Boro Zone,false,0.0163
156,dropoff,2025,6,24313,10.098766465702033,1,Staten Island,Mariners Harbor,Boro Zone,false,0.0163
156,pickup,2024,2,26190,10.173132937501757,0,Staten Island,Mariners Harbor,Boro Zone,false,0.0124
156,pickup,2024,3,28718,10.265279382854322,0,Staten Island,Mariners Harbor,Boro Zone,false,0.0124
156,pickup,2024,4,25677,10.153350928549719,0,Staten Island,Mariners Harbor,Boro Zone,false,0.0124
156,pickup,2024,5,27111,10.207694828570066,0,Staten Island,Mariners Harbor,Boro Zone,false,0.0124
156,pickup,2024,6,26193,10.173247478478917,0,Staten Island,Mariners Harbor,Boro Zone,false,0.0124
156,pickup,2025,2,27050,10.205442284274628,1,Staten Island,Mariners Harbor,Boro Zone,false,0.0124
156,pickup,2025,3,29068,10.277393191736527,1,Staten Island,Mariners Harbor,Boro Zone,false,0.0124
156,pickup,2025,4,27604,10.225715968740493,1,Staten Island,Mariners Harbor,Boro Zone,false,0.0124
156,pickup,2025,5,30230,10.316590087773504,1,Staten Island,Mariners Harbor,Boro Zone,false,0.0124
156,pickup,2025,6,28983,10.274464730185619,1,Staten Island,Mariners Harbor,Boro Zone,false,0.0124
157,dropoff,2024,2,56527,10.942473679094304,0,Queens,Maspeth,Boro Zone,false,0.0864
157,dropoff,2024,3,63424,11.05759761768966,0,Queens,Maspeth,Boro Zone,false,0.0864
157,dropoff,2024,4,56279,10.938076742769116,0,Queens,Maspeth,Boro Zone,false,0.0864
157,dropoff,2024,5,62446,11.042057462261363,0,Queens,Maspeth,Boro Zone,false,0.0864
157,dropoff,2024,6,64471,11.0739707892748,0,Queens,Maspeth,Boro Zone,false,0.0864
157,dropoff,2025,2,59051,10.986156756283131,1,Queens,Maspeth,Boro Zone,false,0.0864
157,dropoff,2025,3,62843,11.048394831522833,1,Queens,Maspeth,Boro Zone,false,0.0864
157,dropoff,2025,4,56685,10.9452649044517,1,Queens,Maspeth,Boro Zone,false,0.0864
157,dropoff,2025,5,75399,11.230549291308629,1,Queens,Maspeth,Boro Zone,false,0.0864
157,dropoff,2025,6,68237,11.130742218713836,1,Queens,Maspeth,Boro Zone,false,0.0864
157,pickup,2024,2,60062,11.003132641016187,0,Queens,Maspeth,Boro Zone,false,0.0943
157,pickup,2024,3,66995,11.112373268722708,0,Queens,Maspeth,Boro Zone,false,0.0943
157,pickup,2024,4,58840,10.982577174715374,0,Queens,Maspeth,Boro Zone,false,0.0943
157,pickup,2024,5,65554,11.09062950945059,0,Queens,Maspeth,Boro Zone,false,0.0943
157,pickup,2024,6,67621,11.121673864676634,0,Queens,Maspeth,Boro Zone,false,0.0943
157,pickup,2025,2,60710,11.01386370812448,1,Queens,Maspeth,Boro Zone,false,0.0943
157,pickup,2025,3,66064,11.098379248125871,1,Queens,Maspeth,Boro Zone,false,0.0943
157,pickup,2025,4,58792,10.981761070208707,1,Queens,Maspeth,Boro Zone,false,0.0943
157,pickup,2025,5,77727,11.260957966342442,1,Queens,Maspeth,Boro Zone,false,0.0943
157,pickup,2025,6,71495,11.177382796166947,1,Queens,Maspeth,Boro Zone,false,0.0943
158,dropoff,2024,2,104172,11.553798658179808,0,Manhattan,Meatpacking/West Village West,Yellow Zone,true,1.0
158,dropoff,2024,3,111777,11.624261094030896,0,Manhattan,Meatpacking/West Village West,Yellow Zone,true,1.0
158,dropoff,2024,4,108676,11.59612625756299,0,Manhattan,Meatpacking/West Village West,Yellow Zone,true,1.0
158,dropoff,2024,5,114130,11.645093428547646,0,Manhattan,Meatpacking/West Village West,Yellow Zone,true,1.0
158,dropoff,2024,6,112920,11.634434882367426,0,Manhattan,Meatpacking/West Village West,Yellow Zone,true,1.0
158,dropoff,2025,2,98498,11.497791522385512,1,Manhattan,Meatpacking/West Village West,Yellow Zone,true,1.0
158,dropoff,2025,3,101069,11.523558730886982,1,Manhattan,Meatpacking/West Village West,Yellow Zone,true,1.0
158,dropoff,2025,4,107031,11.580873791109585,1,Manhattan,Meatpacking/West Village West,Yellow Zone,true,1.0
158,dropoff,2025,5,111179,11.618896794043552,1,Manhattan,Meatpacking/West Village West,Yellow Zone,true,1.0
158,dropoff,2025,6,101133,11.524191761244122,1,Manhattan,Meatpacking/West Village West,Yellow Zone,true,1.0
158,pickup,2024,2,117439,11.673674328825713,0,Manhattan,Meatpacking/West Village West,Yellow Zone,true,1.0
158,pickup,2024,3,126393,11.747151379414543,0,Manhattan,Meatpacking/West Village West,Yellow Zone,true,1.0
158,pickup,2024,4,121968,11.711513994228055,0,Manhattan,Meatpacking/West Village West,Yellow Zone,true,1.0
158,pickup,2024,5,130395,11.778323584181274,0,Manhattan,Meatpacking/West Village West,Yellow Zone,true,1.0
158,pickup,2024,6,127300,11.754301784545499,0,Manhattan,Meatpacking/West Village West,Yellow Zone,true,1.0
158,pickup,2025,2,110853,11.615960278277704,1,Manhattan,Meatpacking/West Village West,Yellow Zone,true,1.0
158,pickup,2025,3,114445,11.647849637226749,1,Manhattan,Meatpacking/West Village West,Yellow Zone,true,1.0
158,pickup,2025,4,119199,11.688549644316451,1,Manhattan,Meatpacking/West Village West,Yellow Zone,true,1.0
158,pickup,2025,5,125301,11.738474121698282,1,Manhattan,Meatpacking/West Village West,Yellow Zone,true,1.0
158,pickup,2025,6,113895,11.643032250315445,1,Manhattan,Meatpacking/West Village West,Yellow Zone,true,1.0
159,dropoff,2024,2,90392,11.411911046889083,0,Bronx,Melrose South,Boro Zone,false,0.0393
159,dropoff,2024,3,101145,11.524310409836792,0,Bronx,Melrose South,Boro Zone,false,0.0393
159,dropoff,2024,4,91814,11.427520070427432,0,Bronx,Melrose South,Boro Zone,false,0.0393
159,dropoff,2024,5,92476,11.434704430375628,0,Bronx,Melrose South,Boro Zone,false,0.0393
159,dropoff,2024,6,86987,11.373513961184294,0,Bronx,Melrose South,Boro Zone,false,0.0393
159,dropoff,2025,2,92381,11.433676608779873,1,Bronx,Melrose South,Boro Zone,false,0.0393
159,dropoff,2025,3,101412,11.526946706332483,1,Bronx,Melrose South,Boro Zone,false,0.0393
159,dropoff,2025,4,92675,11.436854028018933,1,Bronx,Melrose South,Boro Zone,false,0.0393
159,dropoff,2025,5,96337,11.475607739985847,1,Bronx,Melrose South,Boro Zone,false,0.0393
159,dropoff,2025,6,88534,11.391141938008436,1,Bronx,Melrose South,Boro Zone,false,0.0393
159,pickup,2024,2,88109,11.38632996334682,0,Bronx,Melrose South,Boro Zone,false,0.0421
159,pickup,2024,3,97503,11.487638425743345,0,Bronx,Melrose South,Boro Zone,false,0.0421
159,pickup,2024,4,89370,11.400540334375437,0,Bronx,Melrose South,Boro Zone,false,0.0421
159,pickup,2024,5,89952,11.407031473706258,0,Bronx,Melrose South,Boro Zone,false,0.0421
159,pickup,2024,6,85321,11.354175893097942,0,Bronx,Melrose South,Boro Zone,false,0.0421
159,pickup,2025,2,90368,11.41164550141286,1,Bronx,Melrose South,Boro Zone,false,0.0421
159,pickup,2025,3,97437,11.486961294292419,1,Bronx,Melrose South,Boro Zone,false,0.0421
159,pickup,2025,4,89836,11.405741064823614,1,Bronx,Melrose South,Boro Zone,false,0.0421
159,pickup,2025,5,94624,11.457666422652204,1,Bronx,Melrose South,Boro Zone,false,0.0421
159,pickup,2025,6,87647,11.38107266272426,1,Bronx,Melrose South,Boro Zone,false,0.0421
160,dropoff,2024,2,40395,10.606461293913808,0,Queens,Middle Village,Boro Zone,false,0.074
160,dropoff,2024,3,44799,10.709941096725379,0,Queens,Middle Village,Boro Zone,false,0.074
160,dropoff,2024,4,41983,10.645020053422533,0,Queens,Middle Village,Boro Zone,false,0.074
160,dropoff,2024,5,44912,10.712460298601664,0,Queens,Middle Village,Boro Zone,false,0.074
160,dropoff,2024,6,44040,10.692853590836616,0,Queens,Middle Village,Boro Zone,false,0.074
160,dropoff,2025,2,42773,10.66366234138441,1,Queens,Middle Village,Boro Zone,false,0.074
160,dropoff,2025,3,45757,10.731100064464005,1,Queens,Middle Village,Boro Zone,false,0.074
160,dropoff,2025,4,44660,10.70683352539415,1,Queens,Middle Village,Boro Zone,false,0.074
160,dropoff,2025,5,49271,10.805090951658405,1,Queens,Middle Village,Boro Zone,false,0.074
160,dropoff,2025,6,47497,10.768421830133452,1,Queens,Middle Village,Boro Zone,false,0.074
160,pickup,2024,2,39554,10.585422105881971,0,Queens,Middle Village,Boro Zone,false,0.0558
160,pickup,2024,3,44150,10.695348206032106,0,Queens,Middle Village,Boro Zone,false,0.0558
160,pickup,2024,4,40969,10.620570962139544,0,Queens,Middle Village,Boro Zone,false,0.0558
160,pickup,2024,5,43860,10.688758021971879,0,Queens,Middle Village,Boro Zone,false,0.0558
160,pickup,2024,6,43129,10.671950903655498,0,Queens,Middle Village,Boro Zone,false,0.0558
160,pickup,2025,2,41547,10.634580595510828,1,Queens,Middle Village,Boro Zone,false,0.0558
160,pickup,2025,3,44332,10.699462042895544,1,Queens,Middle Village,Boro Zone,false,0.0558
160,pickup,2025,4,43856,10.688666818542567,1,Queens,Middle Village,Boro Zone,false,0.0558
160,pickup,2025,5,48121,10.781473951252568,1,Queens,Middle Village,Boro Zone,false,0.0558
160,pickup,2025,6,46747,10.752505361534784,1,Queens,Middle Village,Boro Zone,false,0.0558
161,dropoff,2024,2,207010,12.2405223802594,0,Manhattan,Midtown Center,Yellow Zone,true,1.0
161,dropoff,2024,3,218869,12.296228656305502,0,Manhattan,Midtown Center,Yellow Zone,true,1.0
161,dropoff,2024,4,212093,12.264780136707824,0,Manhattan,Midtown Center,Yellow Zone,true,1.0
161,dropoff,2024,5,220568,12.303961316349284,0,Manhattan,Midtown Center,Yellow Zone,true,1.0
161,dropoff,2024,6,203554,12.223686604929396,0,Manhattan,Midtown Center,Yellow Zone,true,1.0
161,dropoff,2025,2,202372,12.21786286690465,1,Manhattan,Midtown Center,Yellow Zone,true,1.0
161,dropoff,2025,3,206674,12.238897951594595,1,Manhattan,Midtown Center,Yellow Zone,true,1.0
161,dropoff,2025,4,210891,12.259096691303094,1,Manhattan,Midtown Center,Yellow Zone,true,1.0
161,dropoff,2025,5,210795,12.258641376202956,1,Manhattan,Midtown Center,Yellow Zone,true,1.0
161,dropoff,2025,6,202579,12.218885212907152,1,Manhattan,Midtown Center,Yellow Zone,true,1.0
161,pickup,2024,2,232689,12.357458077008477,0,Manhattan,Midtown Center,Yellow Zone,true,1.0
161,pickup,2024,3,240815,12.391784282835518,0,Manhattan,Midtown Center,Yellow Zone,true,1.0
161,pickup,2024,4,237322,12.377173147776812,0,Manhattan,Midtown Center,Yellow Zone,true,1.0
161,pickup,2024,5,245637,12.41161011537413,0,Manhattan,Midtown Center,Yellow Zone,true,1.0
161,pickup,2024,6,226957,12.332515851207145,0,Manhattan,Midtown Center,Yellow Zone,true,1.0
161,pickup,2025,2,228961,12.341306962355862,1,Manhattan,Midtown Center,Yellow Zone,true,1.0
161,pickup,2025,3,238715,12.383025650737968,1,Manhattan,Midtown Center,Yellow Zone,true,1.0
161,pickup,2025,4,235033,12.367481208799468,1,Manhattan,Midtown Center,Yellow Zone,true,1.0
161,pickup,2025,5,239074,12.384528406421168,1,Manhattan,Midtown Center,Yellow Zone,true,1.0
161,pickup,2025,6,224857,12.323219923579956,1,Manhattan,Midtown Center,Yellow Zone,true,1.0
162,dropoff,2024,2,154488,11.947871702400562,0,Manhattan,Midtown East,Yellow Zone,true,1.0
162,dropoff,2024,3,170096,12.044118262528386,0,Manhattan,Midtown East,Yellow Zone,true,1.0
162,dropoff,2024,4,161846,11.994400544807407,0,Manhattan,Midtown East,Yellow Zone,true,1.0
162,dropoff,2024,5,169781,12.042264650249875,0,Manhattan,Midtown East,Yellow Zone,true,1.0
162,dropoff,2024,6,171321,12.05129426874239,0,Manhattan,Midtown East,Yellow Zone,true,1.0
162,dropoff,2025,2,146993,11.898140245579432,1,Manhattan,Midtown East,Yellow Zone,true,1.0
162,dropoff,2025,3,155328,11.953294289086273,1,Manhattan,Midtown East,Yellow Zone,true,1.0
162,dropoff,2025,4,156796,11.962700876368972,1,Manhattan,Midtown East,Yellow Zone,true,1.0
162,dropoff,2025,5,161636,11.9931021725363,1,Manhattan,Midtown East,Yellow Zone,true,1.0
162,dropoff,2025,6,162406,11.997854651840044,1,Manhattan,Midtown East,Yellow Zone,true,1.0
162,pickup,2024,2,156941,11.963625217523022,0,Manhattan,Midtown East,Yellow Zone,true,1.0
162,pickup,2024,3,168143,12.032570086804412,0,Manhattan,Midtown East,Yellow Zone,true,1.0
162,pickup,2024,4,159100,11.977288214325878,0,Manhattan,Midtown East,Yellow Zone,true,1.0
162,pickup,2024,5,164692,12.01183234182269,0,Manhattan,Midtown East,Yellow Zone,true,1.0
162,pickup,2024,6,157216,11.965375934968375,0,Manhattan,Midtown East,Yellow Zone,true,1.0
162,pickup,2025,2,152337,11.933850450940435,1,Manhattan,Midtown East,Yellow Zone,true,1.0
162,pickup,2025,3,157849,11.969394158837785,1,Manhattan,Midtown East,Yellow Zone,true,1.0
162,pickup,2025,4,158497,11.97349094467555,1,Manhattan,Midtown East,Yellow Zone,true,1.0
162,pickup,2025,5,162566,11.998839352139935,1,Manhattan,Midtown East,Yellow Zone,true,1.0
162,pickup,2025,6,157005,11.964032930957094,1,Manhattan,Midtown East,Yellow Zone,true,1.0
163,dropoff,2024,2,139034,11.842473786518617,0,Manhattan,Midtown North,Yellow Zone,true,1.0
163,dropoff,2024,3,147529,11.901780045606257,0,Manhattan,Midtown North,Yellow Zone,true,1.0
163,dropoff,2024,4,142333,11.865924661619536,0,Manhattan,Midtown North,Yellow Zone,true,1.0
163,dropoff,2024,5,147799,11.903608521573485,0,Manhattan,Midtown North,Yellow Zone,true,1.0
163,dropoff,2024,6,138549,11.838979332654107,0,Manhattan,Midtown North,Yellow Zone,true,1.0
163,dropoff,2025,2,135158,11.814199743441444,1,Manhattan,Midtown North,Yellow Zone,true,1.0
163,dropoff,2025,3,138002,11.835023456787946,1,Manhattan,Midtown North,Yellow Zone,true,1.0
163,dropoff,2025,4,138901,11.841516728140565,1,Manhattan,Midtown North,Yellow Zone,true,1.0
163,dropoff,2025,5,144108,11.878318297448685,1,Manhattan,Midtown North,Yellow Zone,true,1.0
163,dropoff,2025,6,132917,11.797480152246928,1,Manhattan,Midtown North,Yellow Zone,true,1.0
163,pickup,2024,2,163001,12.001511614739405,0,Manhattan,Midtown North,Yellow Zone,true,1.0
163,pickup,2024,3,173694,12.065050409318262,0,Manhattan,Midtown North,Yellow Zone,true,1.0
163,pickup,2024,4,166069,12.020158643625495,0,Manhattan,Midtown North,Yellow Zone,true,1.0
163,pickup,2024,5,175905,12.077699355563274,0,Manhattan,Midtown North,Yellow Zone,true,1.0
163,pickup,2024,6,162266,11.996992242955525,0,Manhattan,Midtown North,Yellow Zone,true,1.0
163,pickup,2025,2,156987,11.963918278354354,1,Manhattan,Midtown North,Yellow Zone,true,1.0
163,pickup,2025,3,162188,11.99651143518923,1,Manhattan,Midtown North,Yellow Zone,true,1.0
163,pickup,2025,4,163786,12.00631597666286,1,Manhattan,Midtown North,Yellow Zone,true,1.0
163,pickup,2025,5,173385,12.063269834396477,1,Manhattan,Midtown North,Yellow Zone,true,1.0
163,pickup,2025,6,159639,11.980670295048839,1,Manhattan,Midtown North,Yellow Zone,true,1.0
164,dropoff,2024,2,175209,12.073734826028055,0,Manhattan,Midtown South,Yellow Zone,true,1.0
164,dropoff,2024,3,189770,12.153568091548024,0,Manhattan,Midtown South,Yellow Zone,true,1.0
164,dropoff,2024,4,173999,12.066804831053714,0,Manhattan,Midtown South,Yellow Zone,true,1.0
164,dropoff,2024,5,185033,12.128289466531308,0,Manhattan,Midtown South,Yellow Zone,true,1.0
164,dropoff,2024,6,174555,12.069995157210286,0,Manhattan,Midtown South,Yellow Zone,true,1.0
164,dropoff,2025,2,163815,12.006493021299939,1,Manhattan,Midtown South,Yellow Zone,true,1.0
164,dropoff,2025,3,167623,12.029472689118318,1,Manhattan,Midtown South,Yellow Zone,true,1.0
164,dropoff,2025,4,162384,11.9977191796886,1,Manhattan,Midtown South,Yellow Zone,true,1.0
164,dropoff,2025,5,172788,12.05982068849627,1,Manhattan,Midtown South,Yellow Zone,true,1.0
164,dropoff,2025,6,160052,11.983254041414904,1,Manhattan,Midtown South,Yellow Zone,true,1.0
164,pickup,2024,2,205218,12.231828107729884,0,Manhattan,Midtown South,Yellow Zone,true,1.0
164,pickup,2024,3,223041,12.315110890044963,0,Manhattan,Midtown South,Yellow Zone,true,1.0
164,pickup,2024,4,203271,12.222295343106017,0,Manhattan,Midtown South,Yellow Zone,true,1.0
164,pickup,2024,5,220229,12.302423193055185,0,Manhattan,Midtown South,Yellow Zone,true,1.0
164,pickup,2024,6,208807,12.249165659332888,0,Manhattan,Midtown South,Yellow Zone,true,1.0
164,pickup,2025,2,193319,12.172096953175105,1,Manhattan,Midtown South,Yellow Zone,true,1.0
164,pickup,2025,3,201612,12.214100337217403,1,Manhattan,Midtown South,Yellow Zone,true,1.0
164,pickup,2025,4,193437,12.172707157043495,1,Manhattan,Midtown South,Yellow Zone,true,1.0
164,pickup,2025,5,206705,12.239047935024127,1,Manhattan,Midtown South,Yellow Zone,true,1.0
164,pickup,2025,6,191678,12.163572159798026,1,Manhattan,Midtown South,Yellow Zone,true,1.0
165,dropoff,2024,2,58248,10.972465036074547,0,Brooklyn,Midwood,Boro Zone,false,0.0469
165,dropoff,2024,3,66295,11.101869758548819,0,Brooklyn,Midwood,Boro Zone,false,0.0469
165,dropoff,2024,4,53985,10.896461509181242,0,Brooklyn,Midwood,Boro Zone,false,0.0469
165,dropoff,2024,5,60808,11.015476638245877,0,Brooklyn,Midwood,Boro Zone,false,0.0469
165,dropoff,2024,6,55869,10.930764943599616,0,Brooklyn,Midwood,Boro Zone,false,0.0469
165,dropoff,2025,2,59863,10.999813897090403,1,Brooklyn,Midwood,Boro Zone,false,0.0469
165,dropoff,2025,3,64678,11.077176391753472,1,Brooklyn,Midwood,Boro Zone,false,0.0469
165,dropoff,2025,4,55056,10.916106128037262,1,Brooklyn,Midwood,Boro Zone,false,0.0469
165,dropoff,2025,5,62571,11.044057190964745,1,Brooklyn,Midwood,Boro Zone,false,0.0469
165,dropoff,2025,6,58374,10.974625864203484,1,Brooklyn,Midwood,Boro Zone,false,0.0469
165,pickup,2024,2,59039,10.985953521461534,0,Brooklyn,Midwood,Boro Zone,false,0.0376
165,pickup,2024,3,67004,11.112507598083578,0,Brooklyn,Midwood,Boro Zone,false,0.0376
165,pickup,2024,4,55875,10.93087233191587,0,Brooklyn,Midwood,Boro Zone,false,0.0376
165,pickup,2024,5,62562,11.043913344017648,0,Brooklyn,Midwood,Boro Zone,false,0.0376
165,pickup,2024,6,56409,10.940383999223585,0,Brooklyn,Midwood,Boro Zone,false,0.0376
165,pickup,2025,2,61489,11.026613576008314,1,Brooklyn,Midwood,Boro Zone,false,0.0376
165,pickup,2025,3,66394,11.1033619699359,1,Brooklyn,Midwood,Boro Zone,false,0.0376
165,pickup,2025,4,57516,10.959818448947631,1,Brooklyn,Midwood,Boro Zone,false,0.0376
165,pickup,2025,5,64967,11.081634727650705,1,Brooklyn,Midwood,Boro Zone,false,0.0376
165,pickup,2025,6,60078,11.003398996935857,1,Brooklyn,Midwood,Boro Zone,false,0.0376
166,dropoff,2024,2,100677,11.51967265142747,0,Manhattan,Morningside Heights,Boro Zone,false,0.2056
166,dropoff,2024,3,99950,11.512425339928546,0,Manhattan,Morningside Heights,Boro Zone,false,0.2056
166,dropoff,2024,4,102487,11.537491240248796,0,Manhattan,Morningside Heights,Boro Zone,false,0.2056
166,dropoff,2024,5,89448,11.401412729827204,0,Manhattan,Morningside Heights,Boro Zone,false,0.2056
166,dropoff,2024,6,74806,11.222653374649349,0,Manhattan,Morningside Heights,Boro Zone,false,0.2056
166,dropoff,2025,2,96061,11.472738685324947,1,Manhattan,Morningside Heights,Boro Zone,false,0.2056
166,dropoff,2025,3,92918,11.439472662761183,1,Manhattan,Morningside Heights,Boro Zone,false,0.2056
166,dropoff,2025,4,100054,11.513465319222695,1,Manhattan,Morningside Heights,Boro Zone,false,0.2056
166,dropoff,2025,5,96077,11.47290523228637,1,Manhattan,Morningside Heights,Boro Zone,false,0.2056
166,dropoff,2025,6,68456,11.13394648209789,1,Manhattan,Morningside Heights,Boro Zone,false,0.2056
166,pickup,2024,2,95370,11.465519342572959,0,Manhattan,Morningside Heights,Boro Zone,false,0.1919
166,pickup,2024,3,94138,11.452517069775134,0,Manhattan,Morningside Heights,Boro Zone,false,0.1919
166,pickup,2024,4,101662,11.529408864228582,0,Manhattan,Morningside Heights,Boro Zone,false,0.1919
166,pickup,2024,5,93462,11.445310215554661,0,Manhattan,Morningside Heights,Boro Zone,false,0.1919
166,pickup,2024,6,69205,11.144828393330803,0,Manhattan,Morningside Heights,Boro Zone,false,0.1919
166,pickup,2025,2,88268,11.38813292000297,1,Manhattan,Morningside Heights,Boro Zone,false,0.1919
166,pickup,2025,3,88487,11.39061092755087,1,Manhattan,Morningside Heights,Boro Zone,false,0.1919
166,pickup,2025,4,92962,11.43994608648425,1,Manhattan,Morningside Heights,Boro Zone,false,0.1919
166,pickup,2025,5,93872,11.449687431165641,1,Manhattan,Morningside Heights,Boro Zone,false,0.1919
166,pickup,2025,6,63338,11.056240743970491,1,Manhattan,Morningside Heights,Boro Zone,false,0.1919
167,dropoff,2024,2,67013,11.112641909402493,0,Bronx,Morrisania/Melrose,Boro Zone,false,0.0363
167,dropoff,2024,3,77028,11.251924271099778,0,Bronx,Morrisania/Melrose,Boro Zone,false,0.0363
167,dropoff,2024,4,69241,11.14534845170463,0,Bronx,Morrisania/Melrose,Boro Zone,false,0.0363
167,dropoff,2024,5,69937,11.155350115788332,0,Bronx,Morrisania/Melrose,Boro Zone,false,0.0363
167,dropoff,2024,6,68162,11.129642503795713,0,Bronx,Morrisania/Melrose,Boro Zone,false,0.0363
167,dropoff,2025,2,69889,11.154663548170214,1,Bronx,Morrisania/Melrose,Boro Zone,false,0.0363
167,dropoff,2025,3,76902,11.250287162957878,1,Bronx,Morrisania/Melrose,Boro Zone,false,0.0363
167,dropoff,2025,4,69782,11.153131375837628,1,Bronx,Morrisania/Melrose,Boro Zone,false,0.0363
167,dropoff,2025,5,73890,11.210332779782693,1,Bronx,Morrisania/Melrose,Boro Zone,false,0.0363
167,dropoff,2025,6,69806,11.15347524494151,1,Bronx,Morrisania/Melrose,Boro Zone,false,0.0363
167,pickup,2024,2,70964,11.16992798518054,0,Bronx,Morrisania/Melrose,Boro Zone,false,0.0376
167,pickup,2024,3,81090,11.303314927938603,0,Bronx,Morrisania/Melrose,Boro Zone,false,0.0376
167,pickup,2024,4,72882,11.196596973928326,0,Bronx,Morrisania/Melrose,Boro Zone,false,0.0376
167,pickup,2024,5,73974,11.211468959096608,0,Bronx,Morrisania/Melrose,Boro Zone,false,0.0376
167,pickup,2024,6,71928,11.18342089766461,0,Bronx,Morrisania/Melrose,Boro Zone,false,0.0376
167,pickup,2025,2,72898,11.196816482778157,1,Bronx,Morrisania/Melrose,Boro Zone,false,0.0376
167,pickup,2025,3,80832,11.300128205710163,1,Bronx,Morrisania/Melrose,Boro Zone,false,0.0376
167,pickup,2025,4,74224,11.214842826991525,1,Bronx,Morrisania/Melrose,Boro Zone,false,0.0376
167,pickup,2025,5,77205,11.254219500754965,1,Bronx,Morrisania/Melrose,Boro Zone,false,0.0376
167,pickup,2025,6,73561,11.205870272970607,1,Bronx,Morrisania/Melrose,Boro Zone,false,0.0376
168,dropoff,2024,2,117883,11.677447886137568,0,Bronx,Mott Haven/Port Morris,Boro Zone,false,0.0723
168,dropoff,2024,3,133763,11.803824856296684,0,Bronx,Mott Haven/Port Morris,Boro Zone,false,0.0723
168,dropoff,2024,4,119421,11.690410343872657,0,Bronx,Mott Haven/Port Morris,Boro Zone,false,0.0723
168,dropoff,2024,5,123177,11.721377624341436,0,Bronx,Mott Haven/Port Morris,Boro Zone,false,0.0723
168,dropoff,2024,6,121228,11.705428349037934,0,Bronx,Mott Haven/Port Morris,Boro Zone,false,0.0723
168,dropoff,2025,2,124660,11.733345310362841,1,Bronx,Mott Haven/Port Morris,Boro Zone,false,0.0723
168,dropoff,2025,3,140360,11.851965829697152,1,Bronx,Mott Haven/Port Morris,Boro Zone,false,0.0723
168,dropoff,2025,4,131926,11.78999643830957,1,Bronx,Mott Haven/Port Morris,Boro Zone,false,0.0723
168,dropoff,2025,5,136230,11.822099912760107,1,Bronx,Mott Haven/Port Morris,Boro Zone,false,0.0723
168,dropoff,2025,6,128509,11.763754219775308,1,Bronx,Mott Haven/Port Morris,Boro Zone,false,0.0723
168,pickup,2024,2,116846,11.668612107459811,0,Bronx,Mott Haven/Port Morris,Boro Zone,false,0.0638
168,pickup,2024,3,131804,11.78907124960368,0,Bronx,Mott Haven/Port Morris,Boro Zone,false,0.0638
168,pickup,2024,4,118160,11.679794917205262,0,Bronx,Mott Haven/Port Morris,Boro Zone,false,0.0638
168,pickup,2024,5,123317,11.722513554749916,0,Bronx,Mott Haven/Port Morris,Boro Zone,false,0.0638
168,pickup,2024,6,121879,11.710784028274388,0,Bronx,Mott Haven/Port Morris,Boro Zone,false,0.0638
168,pickup,2025,2,124550,11.732462520690326,1,Bronx,Mott Haven/Port Morris,Boro Zone,false,0.0638
168,pickup,2025,3,140573,11.853482205778382,1,Bronx,Mott Haven/Port Morris,Boro Zone,false,0.0638
168,pickup,2025,4,132453,11.793983144500332,1,Bronx,Mott Haven/Port Morris,Boro Zone,false,0.0638
168,pickup,2025,5,134828,11.811755171024073,1,Bronx,Mott Haven/Port Morris,Boro Zone,false,0.0638
168,pickup,2025,6,128661,11.764936317358227,1,Bronx,Mott Haven/Port Morris,Boro Zone,false,0.0638
169,dropoff,2024,2,86883,11.372317664958343,0,Bronx,Mount Hope,Boro Zone,false,0.0401
169,dropoff,2024,3,95207,11.463808747488066,0,Bronx,Mount Hope,Boro Zone,false,0.0401
169,dropoff,2024,4,88420,11.389853467380235,0,Bronx,Mount Hope,Boro Zone,false,0.0401
169,dropoff,2024,5,87930,11.384296322373048,0,Bronx,Mount Hope,Boro Zone,false,0.0401
169,dropoff,2024,6,85972,11.361776940827166,0,Bronx,Mount Hope,Boro Zone,false,0.0401
169,dropoff,2025,2,85840,11.36024037730458,1,Bronx,Mount Hope,Boro Zone,false,0.0401
169,dropoff,2025,3,92756,11.437727668404326,1,Bronx,Mount Hope,Boro Zone,false,0.0401
169,dropoff,2025,4,86238,11.364866194779287,1,Bronx,Mount Hope,Boro Zone,false,0.0401
169,dropoff,2025,5,89461,11.401558055104555,1,Bronx,Mount Hope,Boro Zone,false,0.0401
169,dropoff,2025,6,84119,11.339987741966613,1,Bronx,Mount Hope,Boro Zone,false,0.0401
169,pickup,2024,2,91718,11.426473931239112,0,Bronx,Mount Hope,Boro Zone,false,0.0326
169,pickup,2024,3,102187,11.534559747095377,0,Bronx,Mount Hope,Boro Zone,false,0.0326
169,pickup,2024,4,93901,11.44999631476691,0,Bronx,Mount Hope,Boro Zone,false,0.0326
169,pickup,2024,5,94434,11.455656456779655,0,Bronx,Mount Hope,Boro Zone,false,0.0326
169,pickup,2024,6,92747,11.437630634933093,0,Bronx,Mount Hope,Boro Zone,false,0.0326
169,pickup,2025,2,91456,11.423613261289539,1,Bronx,Mount Hope,Boro Zone,false,0.0326
169,pickup,2025,3,101658,11.529369517386161,1,Bronx,Mount Hope,Boro Zone,false,0.0326
169,pickup,2025,4,92462,11.434553028283828,1,Bronx,Mount Hope,Boro Zone,false,0.0326
169,pickup,2025,5,96011,11.472218047219139,1,Bronx,Mount Hope,Boro Zone,false,0.0326
169,pickup,2025,6,90538,11.413524931061852,1,Bronx,Mount Hope,Boro Zone,false,0.0326
170,dropoff,2024,2,177887,12.088903796222734,0,Manhattan,Murray Hill,Yellow Zone,true,1.0
170,dropoff,2024,3,193143,12.17118612617443,0,Manhattan,Murray Hill,Yellow Zone,true,1.0
170,dropoff,2024,4,179701,12.09904963758644,0,Manhattan,Murray Hill,Yellow Zone,true,1.0
170,dropoff,2024,5,186964,12.138671363934662,0,Manhattan,Murray Hill,Yellow Zone,true,1.0
170,dropoff,2024,6,182266,12.113222437512656,0,Manhattan,Murray Hill,Yellow Zone,true,1.0
170,dropoff,2025,2,171086,12.049921633037528,1,Manhattan,Murray Hill,Yellow Zone,true,1.0
170,dropoff,2025,3,175429,12.07498968162767,1,Manhattan,Murray Hill,Yellow Zone,true,1.0
170,dropoff,2025,4,170656,12.047405113400329,1,Manhattan,Murray Hill,Yellow Zone,true,1.0
170,dropoff,2025,5,173187,12.062127214556778,1,Manhattan,Murray Hill,Yellow Zone,true,1.0
170,dropoff,2025,6,163132,12.002314968015801,1,Manhattan,Murray Hill,Yellow Zone,true,1.0
170,pickup,2024,2,183480,12.119860948711109,0,Manhattan,Murray Hill,Yellow Zone,true,1.0
170,pickup,2024,3,196457,12.188198856828242,0,Manhattan,Murray Hill,Yellow Zone,true,1.0
170,pickup,2024,4,180005,12.10073990726433,0,Manhattan,Murray Hill,Yellow Zone,true,1.0
170,pickup,2024,5,187529,12.141688779099614,0,Manhattan,Murray Hill,Yellow Zone,true,1.0
170,pickup,2024,6,181211,12.107417377150224,0,Manhattan,Murray Hill,Yellow Zone,true,1.0
170,pickup,2025,2,177113,12.084543225932935,1,Manhattan,Murray Hill,Yellow Zone,true,1.0
170,pickup,2025,3,181194,12.107323559460001,1,Manhattan,Murray Hill,Yellow Zone,true,1.0
170,pickup,2025,4,175253,12.0739859231526,1,Manhattan,Murray Hill,Yellow Zone,true,1.0
170,pickup,2025,5,179195,12.09622987734799,1,Manhattan,Murray Hill,Yellow Zone,true,1.0
170,pickup,2025,6,166427,12.022312053821961,1,Manhattan,Murray Hill,Yellow Zone,true,1.0
171,dropoff,2024,2,35327,10.47240282307672,0,Queens,Murray Hill-Queens,Boro Zone,false,0.05
171,dropoff,2024,3,38652,10.5623537991192,0,Queens,Murray Hill-Queens,Boro Zone,false,0.05
171,dropoff,2024,4,36135,10.495017203717081,0,Queens,Murray Hill-Queens,Boro Zone,false,0.05
171,dropoff,2024,5,38536,10.559348148310058,0,Queens,Murray Hill-Queens,Boro Zone,false,0.05
171,dropoff,2024,6,37423,10.530040767646089,0,Queens,Murray Hill-Queens,Boro Zone,false,0.05
171,dropoff,2025,2,37058,10.52023953184236,1,Queens,Murray Hill-Queens,Boro Zone,false,0.05
171,dropoff,2025,3,39171,10.575691956076149,1,Queens,Murray Hill-Queens,Boro Zone,false,0.05
171,dropoff,2025,4,37585,10.53436031361157,1,Queens,Murray Hill-Queens,Boro Zone,false,0.05
171,dropoff,2025,5,41529,10.634147257355846,1,Queens,Murray Hill-Queens,Boro Zone,false,0.05
171,dropoff,2025,6,39695,10.588980514159214,1,Queens,Murray Hill-Queens,Boro Zone,false,0.05
171,pickup,2024,2,36055,10.49280082935086,0,Queens,Murray Hill-Queens,Boro Zone,false,0.0338
171,pickup,2024,3,39194,10.576278952838999,0,Queens,Murray Hill-Queens,Boro Zone,false,0.0338
171,pickup,2024,4,36239,10.497891165957215,0,Queens,Murray Hill-Queens,Boro Zone,false,0.0338
171,pickup,2024,5,38917,10.569186452136844,0,Queens,Murray Hill-Queens,Boro Zone,false,0.0338
171,pickup,2024,6,37643,10.535902292967453,0,Queens,Murray Hill-Queens,Boro Zone,false,0.0338
171,pickup,2025,2,38030,10.546130600922305,1,Queens,Murray Hill-Queens,Boro Zone,false,0.0338
171,pickup,2025,3,39834,10.592476097947214,1,Queens,Murray Hill-Queens,Boro Zone,false,0.0338
171,pickup,2025,4,38662,10.562612484481637,1,Queens,Murray Hill-Queens,Boro Zone,false,0.0338
171,pickup,2025,5,41919,10.643494463748558,1,Queens,Murray Hill-Queens,Boro Zone,false,0.0338
171,pickup,2025,6,40785,10.616069645734681,1,Queens,Murray Hill-Queens,Boro Zone,false,0.0338
172,dropoff,2024,2,10598,9.268420583052707,0,Staten Island,New Dorp/Midland Beach,Boro Zone,false,0.0304
172,dropoff,2024,3,12296,9.417029285218431,0,Staten Island,New Dorp/Midland Beach,Boro Zone,false,0.0304
172,dropoff,2024,4,11228,9.326165937481774,0,Staten Island,New Dorp/Midland Beach,Boro Zone,false,0.0304
172,dropoff,2024,5,12246,9.4129546320379,0,Staten Island,New Dorp/Midland Beach,Boro Zone,false,0.0304
172,dropoff,2024,6,11760,9.372459221452617,0,Staten Island,New Dorp/Midland Beach,Boro Zone,false,0.0304
172,dropoff,2025,2,11574,9.356516482133785,1,Staten Island,New Dorp/Midland Beach,Boro Zone,false,0.0304
172,dropoff,2025,3,12790,9.456418894572888,1,Staten Island,New Dorp/Midland Beach,Boro Zone,false,0.0304
172,dropoff,2025,4,12286,9.416215681723873,1,Staten Island,New Dorp/Midland Beach,Boro Zone,false,0.0304
172,dropoff,2025,5,13502,9.510593101601815,1,Staten Island,New Dorp/Midland Beach,Boro Zone,false,0.0304
172,dropoff,2025,6,12879,9.46335335689267,1,Staten Island,New Dorp/Midland Beach,Boro Zone,false,0.0304
172,pickup,2024,2,11128,9.31721973360328,0,Staten Island,New Dorp/Midland Beach,Boro Zone,false,0.0222
172,pickup,2024,3,13045,9.47616019757083,0,Staten Island,New Dorp/Midland Beach,Boro Zone,false,0.0222
172,pickup,2024,4,11842,9.37940781309172,0,Staten Island,New Dorp/Midland Beach,Boro Zone,false,0.0222
172,pickup,2024,5,12524,9.435402082446297,0,Staten Island,New Dorp/Midland Beach,Boro Zone,false,0.0222
172,pickup,2024,6,11981,9.3910773406399,0,Staten Island,New Dorp/Midland Beach,Boro Zone,false,0.0222
172,pickup,2025,2,12319,9.418898064961974,1,Staten Island,New Dorp/Midland Beach,Boro Zone,false,0.0222
172,pickup,2025,3,13251,9.491828300264636,1,Staten Island,New Dorp/Midland Beach,Boro Zone,false,0.0222
172,pickup,2025,4,12856,9.461565907417349,1,Staten Island,New Dorp/Midland Beach,Boro Zone,false,0.0222
172,pickup,2025,5,14071,9.551871220788255,1,Staten Island,New Dorp/Midland Beach,Boro Zone,false,0.0222
172,pickup,2025,6,13357,9.499795870977106,1,Staten Island,New Dorp/Midland Beach,Boro Zone,false,0.0222
173,dropoff,2024,2,40225,10.602243971860585,0,Queens,North Corona,Boro Zone,false,0.0357
173,dropoff,2024,3,44897,10.712126256353349,0,Queens,North Corona,Boro Zone,false,0.0357
173,dropoff,2024,4,40829,10.617147892218444,0,Queens,North Corona,Boro Zone,false,0.0357
173,dropoff,2024,5,43786,10.68706941056728,0,Queens,North Corona,Boro Zone,false,0.0357
173,dropoff,2024,6,44196,10.696389566233066,0,Queens,North Corona,Boro Zone,false,0.0357
173,dropoff,2025,2,43412,10.678491179565906,1,Queens,North Corona,Boro Zone,false,0.0357
173,dropoff,2025,3,45496,10.725379688986635,1,Queens,North Corona,Boro Zone,false,0.0357
173,dropoff,2025,4,43709,10.685309309535713,1,Queens,North Corona,Boro Zone,false,0.0357
173,dropoff,2025,5,48945,10.79845249769553,1,Queens,North Corona,Boro Zone,false,0.0357
173,dropoff,2025,6,48233,10.783798713077552,1,Queens,North Corona,Boro Zone,false,0.0357
173,pickup,2024,2,43781,10.68695521229612,0,Queens,North Corona,Boro Zone,false,0.0282
173,pickup,2024,3,48503,10.789380930682695,0,Queens,North Corona,Boro Zone,false,0.0282
173,pickup,2024,4,44217,10.696864609504868,0,Queens,North Corona,Boro Zone,false,0.0282
173,pickup,2024,5,46971,10.757285668979632,0,Queens,North Corona,Boro Zone,false,0.0282
173,pickup,2024,6,47404,10.766461892308339,0,Queens,North Corona,Boro Zone,false,0.0282
173,pickup,2025,2,47243,10.76305977379872,1,Queens,North Corona,Boro Zone,false,0.0282
173,pickup,2025,3,49013,10.799840848027767,1,Queens,North Corona,Boro Zone,false,0.0282
173,pickup,2025,4,47985,10.778643741051727,1,Queens,North Corona,Boro Zone,false,0.0282
173,pickup,2025,5,53601,10.889323003601277,1,Queens,North Corona,Boro Zone,false,0.0282
173,pickup,2025,6,52856,10.875326513709721,1,Queens,North Corona,Boro Zone,false,0.0282
174,dropoff,2024,2,79805,11.287341438116659,0,Bronx,Norwood,Boro Zone,false,0.0312
174,dropoff,2024,3,86870,11.372168027253966,0,Bronx,Norwood,Boro Zone,false,0.0312
174,dropoff,2024,4,81146,11.30400528029226,0,Bronx,Norwood,Boro Zone,false,0.0312
174,dropoff,2024,5,82185,11.316728082640626,0,Bronx,Norwood,Boro Zone,false,0.0312
174,dropoff,2024,6,77870,11.262796048571031,0,Bronx,Norwood,Boro Zone,false,0.0312
174,dropoff,2025,2,80953,11.301624018332607,1,Bronx,Norwood,Boro Zone,false,0.0312
174,dropoff,2025,3,86702,11.37023223055332,1,Bronx,Norwood,Boro Zone,false,0.0312
174,dropoff,2025,4,82433,11.319741121161568,1,Bronx,Norwood,Boro Zone,false,0.0312
174,dropoff,2025,5,85292,11.353835942446125,1,Bronx,Norwood,Boro Zone,false,0.0312
174,dropoff,2025,6,80571,11.2968940622618,1,Bronx,Norwood,Boro Zone,false,0.0312
174,pickup,2024,2,82471,11.320201995375324,0,Bronx,Norwood,Boro Zone,false,0.0237
174,pickup,2024,3,90633,11.41457366412296,0,Bronx,Norwood,Boro Zone,false,0.0237
174,pickup,2024,4,83001,11.326607934898927,0,Bronx,Norwood,Boro Zone,false,0.0237
174,pickup,2024,5,84087,11.339607256129176,0,Bronx,Norwood,Boro Zone,false,0.0237
174,pickup,2024,6,79555,11.284203885341958,0,Bronx,Norwood,Boro Zone,false,0.0237
174,pickup,2025,2,84541,11.344991902770955,1,Bronx,Norwood,Boro Zone,false,0.0237
174,pickup,2025,3,89713,11.404370965082139,1,Bronx,Norwood,Boro Zone,false,0.0237
174,pickup,2025,4,84725,11.347165996475253,1,Bronx,Norwood,Boro Zone,false,0.0237
174,pickup,2025,5,89517,11.402183830359922,1,Bronx,Norwood,Boro Zone,false,0.0237
174,pickup,2025,6,84608,11.345784103771303,1,Bronx,Norwood,Boro Zone,false,0.0237
175,dropoff,2024,2,15510,9.649240256170584,0,Queens,Oakland Gardens,Boro Zone,false,0.0509
175,dropoff,2024,3,16818,9.730205020392843,0,Queens,Oakland Gardens,Boro Zone,false,0.0509
175,dropoff,2024,4,14665,9.593218981411551,0,Queens,Oakland Gardens,Boro Zone,false,0.0509
175,dropoff,2024,5,16052,9.683588731386807,0,Queens,Oakland Gardens,Boro Zone,false,0.0509
175,dropoff,2024,6,13502,9.510593101601815,0,Queens,Oakland Gardens,Boro Zone,false,0.0509
175,dropoff,2025,2,15966,9.678216740205745,1,Queens,Oakland Gardens,Boro Zone,false,0.0509
175,dropoff,2025,3,17246,9.75533551151227,1,Queens,Oakland Gardens,Boro Zone,false,0.0509
175,dropoff,2025,4,15685,9.660460120624778,1,Queens,Oakland Gardens,Boro Zone,false,0.0509
175,dropoff,2025,5,17076,9.745429247877853,1,Queens,Oakland Gardens,Boro Zone,false,0.0509
175,dropoff,2025,6,14302,9.568154666608342,1,Queens,Oakland Gardens,Boro Zone,false,0.0509
175,pickup,2024,2,15124,9.624038165010823,0,Queens,Oakland Gardens,Boro Zone,false,0.0343
175,pickup,2024,3,16594,9.716796463224231,0,Queens,Oakland Gardens,Boro Zone,false,0.0343
175,pickup,2024,4,15074,9.620726684403415,0,Queens,Oakland Gardens,Boro Zone,false,0.0343
175,pickup,2024,5,16135,9.688746104486063,0,Queens,Oakland Gardens,Boro Zone,false,0.0343
175,pickup,2024,6,14500,9.581903928408666,0,Queens,Oakland Gardens,Boro Zone,false,0.0343
175,pickup,2025,2,15415,9.64309634032025,1,Queens,Oakland Gardens,Boro Zone,false,0.0343
175,pickup,2025,3,16583,9.716133353214099,1,Queens,Oakland Gardens,Boro Zone,false,0.0343
175,pickup,2025,4,16090,9.685953239986429,1,Queens,Oakland Gardens,Boro Zone,false,0.0343
175,pickup,2025,5,17403,9.764397884134175,1,Queens,Oakland Gardens,Boro Zone,false,0.0343
175,pickup,2025,6,15317,9.636718601664555,1,Queens,Oakland Gardens,Boro Zone,false,0.0343
176,dropoff,2024,2,5674,8.643649615368796,0,Staten Island,Oakwood,Boro Zone,false,0.05
176,dropoff,2024,3,6435,8.769507120030227,0,Staten Island,Oakwood,Boro Zone,false,0.05
176,dropoff,2024,4,5774,8.661120360222881,0,Staten Island,Oakwood,Boro Zone,false,0.05
176,dropoff,2024,5,6186,8.730043953245016,0,Staten Island,Oakwood,Boro Zone,false,0.05
176,dropoff,2024,6,6116,8.718663567048953,0,Staten Island,Oakwood,Boro Zone,false,0.05
176,dropoff,2025,2,6059,8.70930004894499,1,Staten Island,Oakwood,Boro Zone,false,0.05
176,dropoff,2025,3,6859,8.83331693749932,1,Staten Island,Oakwood,Boro Zone,false,0.05
176,dropoff,2025,4,6430,8.768729817231666,1,Staten Island,Oakwood,Boro Zone,false,0.05
176,dropoff,2025,5,7058,8.861917004235215,1,Staten Island,Oakwood,Boro Zone,false,0.05
176,dropoff,2025,6,6781,8.821879862683842,1,Staten Island,Oakwood,Boro Zone,false,0.05
176,pickup,2024,2,6162,8.726156679156613,0,Staten Island,Oakwood,Boro Zone,false,0.0307
176,pickup,2024,3,7049,8.860641041773876,0,Staten Island,Oakwood,Boro Zone,false,0.0307
176,pickup,2024,4,6303,8.74878098951311,0,Staten Island,Oakwood,Boro Zone,false,0.0307
176,pickup,2024,5,6728,8.814033201652784,0,Staten Island,Oakwood,Boro Zone,false,0.0307
176,pickup,2024,6,6649,8.802221746402456,0,Staten Island,Oakwood,Boro Zone,false,0.0307
176,pickup,2025,2,6743,8.816260208734581,1,Staten Island,Oakwood,Boro Zone,false,0.0307
176,pickup,2025,3,7331,8.899867211223587,1,Staten Island,Oakwood,Boro Zone,false,0.0307
176,pickup,2025,4,7063,8.862625169408922,1,Staten Island,Oakwood,Boro Zone,false,0.0307
176,pickup,2025,5,7783,8.959697146959389,1,Staten Island,Oakwood,Boro Zone,false,0.0307
176,pickup,2025,6,7266,8.890961212781146,1,Staten Island,Oakwood,Boro Zone,false,0.0307
177,dropoff,2024,2,80517,11.296223621235495,0,Brooklyn,Ocean Hill,Boro Zone,false,0.0478
177,dropoff,2024,3,90819,11.416623793800747,0,Brooklyn,Ocean Hill,Boro Zone,false,0.0478
177,dropoff,2024,4,82021,11.314730591019984,0,Brooklyn,Ocean Hill,Boro Zone,false,0.0478
177,dropoff,2024,5,87578,11.380285103830651,0,Brooklyn,Ocean Hill,Boro Zone,false,0.0478
177,dropoff,2024,6,84947,11.34978281158538,0,Brooklyn,Ocean Hill,Boro Zone,false,0.0478
177,dropoff,2025,2,77614,11.25950310227009,1,Brooklyn,Ocean Hill,Boro Zone,false,0.0478
177,dropoff,2025,3,86216,11.364611054276669,1,Brooklyn,Ocean Hill,Boro Zone,false,0.0478
177,dropoff,2025,4,81479,11.308100597315011,1,Brooklyn,Ocean Hill,Boro Zone,false,0.0478
177,dropoff,2025,5,84928,11.349559117691879,1,Brooklyn,Ocean Hill,Boro Zone,false,0.0478
177,dropoff,2025,6,82025,11.314779357829302,1,Brooklyn,Ocean Hill,Boro Zone,false,0.0478
177,pickup,2024,2,80781,11.299497068342589,0,Brooklyn,Ocean Hill,Boro Zone,false,0.033
177,pickup,2024,3,92555,11.435558341393785,0,Brooklyn,Ocean Hill,Boro Zone,false,0.033
177,pickup,2024,4,83757,11.335675028284077,0,Brooklyn,Ocean Hill,Boro Zone,false,0.033
177,pickup,2024,5,89279,11.399521576835564,0,Brooklyn,Ocean Hill,Boro Zone,false,0.033
177,pickup,2024,6,85792,11.359681041035685,0,Brooklyn,Ocean Hill,Boro Zone,false,0.033
177,pickup,2025,2,78826,11.27499817066327,1,Brooklyn,Ocean Hill,Boro Zone,false,0.033
177,pickup,2025,3,86519,11.368119321978934,1,Brooklyn,Ocean Hill,Boro Zone,false,0.033
177,pickup,2025,4,82439,11.319813904896861,1,Brooklyn,Ocean Hill,Boro Zone,false,0.033
177,pickup,2025,5,86465,11.367494986760022,1,Brooklyn,Ocean Hill,Boro Zone,false,0.033
177,pickup,2025,6,85495,11.356213173682693,1,Brooklyn,Ocean Hill,Boro Zone,false,0.033
178,dropoff,2024,2,20202,9.91353688838913,0,Brooklyn,Ocean Parkway South,Boro Zone,false,0.0481
178,dropoff,2024,3,22767,10.033067398072022,0,Brooklyn,Ocean Parkway South,Boro Zone,false,0.0481
178,dropoff,2024,4,18504,9.825742203911275,0,Brooklyn,Ocean Parkway South,Boro Zone,false,0.0481
178,dropoff,2024,5,20146,9.910761036502626,0,Brooklyn,Ocean Parkway South,Boro Zone,false,0.0481
178,dropoff,2024,6,17078,9.745546364467552,0,Brooklyn,Ocean Parkway South,Boro Zone,false,0.0481
178,dropoff,2025,2,20178,9.912348180968324,1,Brooklyn,Ocean Parkway South,Boro Zone,false,0.0481
178,dropoff,2025,3,22129,10.004644244495866,1,Brooklyn,Ocean Parkway South,Boro Zone,false,0.0481
178,dropoff,2025,4,17256,9.755915188068993,1,Brooklyn,Ocean Parkway South,Boro Zone,false,0.0481
178,dropoff,2025,5,20655,9.935712699830864,1,Brooklyn,Ocean Parkway South,Boro Zone,false,0.0481
178,dropoff,2025,6,18584,9.830056274450245,1,Brooklyn,Ocean Parkway South,Boro Zone,false,0.0481
178,pickup,2024,2,21103,9.957170489452313,0,Brooklyn,Ocean Parkway South,Boro Zone,false,0.0392
178,pickup,2024,3,23721,10.074116010739036,0,Brooklyn,Ocean Parkway South,Boro Zone,false,0.0392
178,pickup,2024,4,19133,9.859169871885003,0,Brooklyn,Ocean Parkway South,Boro Zone,false,0.0392
178,pickup,2024,5,21353,9.968947524007914,0,Brooklyn,Ocean Parkway South,Boro Zone,false,0.0392
178,pickup,2024,6,17713,9.782054112252597,0,Brooklyn,Ocean Parkway South,Boro Zone,false,0.0392
178,pickup,2025,2,21078,9.955985121493882,1,Brooklyn,Ocean Parkway South,Boro Zone,false,0.0392
178,pickup,2025,3,24031,10.087099942513005,1,Brooklyn,Ocean Parkway South,Boro Zone,false,0.0392
178,pickup,2025,4,18698,9.836171845251261,1,Brooklyn,Ocean Parkway South,Boro Zone,false,0.0392
178,pickup,2025,5,21790,9.989206427938665,1,Brooklyn,Ocean Parkway South,Boro Zone,false,0.0392
178,pickup,2025,6,19178,9.861519067713626,1,Brooklyn,Ocean Parkway South,Boro Zone,false,0.0392
179,dropoff,2024,2,68898,11.140382429004244,0,Queens,Old Astoria,Boro Zone,false,0.1372
179,dropoff,2024,3,78579,11.271859767147028,0,Queens,Old Astoria,Boro Zone,false,0.1372
179,dropoff,2024,4,71241,11.173823774362912,0,Queens,Old Astoria,Boro Zone,false,0.1372
179,dropoff,2024,5,73191,11.20082774157066,0,Queens,Old Astoria,Boro Zone,false,0.1372
179,dropoff,2024,6,73253,11.201674481672054,0,Queens,Old Astoria,Boro Zone,false,0.1372
179,dropoff,2025,2,71970,11.18400464450185,1,Queens,Old Astoria,Boro Zone,false,0.1372
179,dropoff,2025,3,76235,11.241575953806008,1,Queens,Old Astoria,Boro Zone,false,0.1372
179,dropoff,2025,4,72132,11.186253052827162,1,Queens,Old Astoria,Boro Zone,false,0.1372
179,dropoff,2025,5,79278,11.280715941642272,1,Queens,Old Astoria,Boro Zone,false,0.1372
179,dropoff,2025,6,73649,11.20706584406608,1,Queens,Old Astoria,Boro Zone,false,0.1372
179,pickup,2024,2,65211,11.085383445340975,0,Queens,Old Astoria,Boro Zone,false,0.1083
179,pickup,2024,3,73429,11.204074231940831,0,Queens,Old Astoria,Boro Zone,false,0.1083
179,pickup,2024,4,68258,11.13104992229515,0,Queens,Old Astoria,Boro Zone,false,0.1083
179,pickup,2024,5,70072,11.157278563842924,0,Queens,Old Astoria,Boro Zone,false,0.1083
179,pickup,2024,6,70559,11.164204518244643,0,Queens,Old Astoria,Boro Zone,false,0.1083
179,pickup,2025,2,67916,11.126026926435902,1,Queens,Old Astoria,Boro Zone,false,0.1083
179,pickup,2025,3,71248,11.173922027561483,1,Queens,Old Astoria,Boro Zone,false,0.1083
179,pickup,2025,4,68758,11.138348372395459,1,Queens,Old Astoria,Boro Zone,false,0.1083
179,pickup,2025,5,74752,11.221931246747845,1,Queens,Old Astoria,Boro Zone,false,0.1083
179,pickup,2025,6,72188,11.187029106081189,1,Queens,Old Astoria,Boro Zone,false,0.1083
180,dropoff,2024,2,27646,10.227236331024303,0,Queens,Ozone Park,Boro Zone,false,0.0288
180,dropoff,2024,3,31096,10.344834472532058,0,Queens,Ozone Park,Boro Zone,false,0.0288
180,dropoff,2024,4,28780,10.267435980441359,0,Queens,Ozone Park,Boro Zone,false,0.0288
180,dropoff,2024,5,29985,10.30845253560261,0,Queens,Ozone Park,Boro Zone,false,0.0288
180,dropoff,2024,6,28947,10.273221850688493,0,Queens,Ozone Park,Boro Zone,false,0.0288
180,dropoff,2025,2,28626,10.262070674744162,1,Queens,Ozone Park,Boro Zone,false,0.0288
180,dropoff,2025,3,31220,10.348814194069423,1,Queens,Ozone Park,Boro Zone,false,0.0288
180,dropoff,2025,4,30146,10.313807523370475,1,Queens,Ozone Park,Boro Zone,false,0.0288
180,dropoff,2025,5,32192,10.37947325345941,1,Queens,Ozone Park,Boro Zone,false,0.0288
180,dropoff,2025,6,30875,10.337702073930279,1,Queens,Ozone Park,Boro Zone,false,0.0288
180,pickup,2024,2,31160,10.346890499984685,0,Queens,Ozone Park,Boro Zone,false,0.02
180,pickup,2024,3,35014,10.463503260492878,0,Queens,Ozone Park,Boro Zone,false,0.02
180,pickup,2024,4,32485,10.388533723314632,0,Queens,Ozone Park,Boro Zone,false,0.02
180,pickup,2024,5,34937,10.461301718524922,0,Queens,Ozone Park,Boro Zone,false,0.02
180,pickup,2024,6,33451,10.417836960475736,0,Queens,Ozone Park,Boro Zone,false,0.02
180,pickup,2025,2,32500,10.388995368317829,1,Queens,Ozone Park,Boro Zone,false,0.02
180,pickup,2025,3,35385,10.474043280509886,1,Queens,Ozone Park,Boro Zone,false,0.02
180,pickup,2025,4,33944,10.432467386882161,1,Queens,Ozone Park,Boro Zone,false,0.02
180,pickup,2025,5,36638,10.508841232145404,1,Queens,Ozone Park,Boro Zone,false,0.02
180,pickup,2025,6,35548,10.478639174858365,1,Queens,Ozone Park,Boro Zone,false,0.02
181,dropoff,2024,2,185368,12.130098317432585,0,Brooklyn,Park Slope,Boro Zone,false,0.1443
181,dropoff,2024,3,207919,12.244903859761674,0,Brooklyn,Park Slope,Boro Zone,false,0.1443
181,dropoff,2024,4,189989,12.154721454729817,0,Brooklyn,Park Slope,Boro Zone,false,0.1443
181,dropoff,2024,5,196893,12.190415712954126,0,Brooklyn,Park Slope,Boro Zone,false,0.1443
181,dropoff,2024,6,196995,12.19093362668737,0,Brooklyn,Park Slope,Boro Zone,false,0.1443
181,dropoff,2025,2,194100,12.176128769157101,1,Brooklyn,Park Slope,Boro Zone,false,0.1443
181,dropoff,2025,3,202288,12.217447703551679,1,Brooklyn,Park Slope,Boro Zone,false,0.1443
181,dropoff,2025,4,194131,12.176288467893503,1,Brooklyn,Park Slope,Boro Zone,false,0.1443
181,dropoff,2025,5,216960,12.287468283734167,1,Brooklyn,Park Slope,Boro Zone,false,0.1443
181,dropoff,2025,6,195294,12.182261394426636,1,Brooklyn,Park Slope,Boro Zone,false,0.1443
181,pickup,2024,2,185868,12.132792023335758,0,Brooklyn,Park Slope,Boro Zone,false,0.1101
181,pickup,2024,3,210601,12.25772062700882,0,Brooklyn,Park Slope,Boro Zone,false,0.1101
181,pickup,2024,4,192365,12.167149887983712,0,Brooklyn,Park Slope,Boro Zone,false,0.1101
181,pickup,2024,5,195604,12.183847486271508,0,Brooklyn,Park Slope,Boro Zone,false,0.1101
181,pickup,2024,6,196323,12.187516541001576,0,Brooklyn,Park Slope,Boro Zone,false,0.1101
181,pickup,2025,2,192010,12.165302732986962,1,Brooklyn,Park Slope,Boro Zone,false,0.1101
181,pickup,2025,3,197995,12.195997056832569,1,Brooklyn,Park Slope,Boro Zone,false,0.1101
181,pickup,2025,4,190604,12.157953256340894,1,Brooklyn,Park Slope,Boro Zone,false,0.1101
181,pickup,2025,5,209812,12.25396717063942,1,Brooklyn,Park Slope,Boro Zone,false,0.1101
181,pickup,2025,6,195763,12.184660022886746,1,Brooklyn,Park Slope,Boro Zone,false,0.1101
182,dropoff,2024,2,43815,10.687731503489951,0,Bronx,Parkchester,Boro Zone,false,0.0471
182,dropoff,2024,3,48924,10.798023352607254,0,Bronx,Parkchester,Boro Zone,false,0.0471
182,dropoff,2024,4,44728,10.708354982706481,0,Bronx,Parkchester,Boro Zone,false,0.0471
182,dropoff,2024,5,45921,10.734677807759818,0,Bronx,Parkchester,Boro Zone,false,0.0471
182,dropoff,2024,6,44391,10.700792025170644,0,Bronx,Parkchester,Boro Zone,false,0.0471
182,dropoff,2025,2,44796,10.709874128702584,1,Bronx,Parkchester,Boro Zone,false,0.0471
182,dropoff,2025,3,49452,10.808757781126818,1,Bronx,Parkchester,Boro Zone,false,0.0471
182,dropoff,2025,4,46190,10.74051860342465,1,Bronx,Parkchester,Boro Zone,false,0.0471
182,dropoff,2025,5,47518,10.768863865608733,1,Bronx,Parkchester,Boro Zone,false,0.0471
182,dropoff,2025,6,44697,10.707661664255449,1,Bronx,Parkchester,Boro Zone,false,0.0471
182,pickup,2024,2,49565,10.811040218466998,0,Bronx,Parkchester,Boro Zone,false,0.0396
182,pickup,2024,3,56276,10.938023435497104,0,Bronx,Parkchester,Boro Zone,false,0.0396
182,pickup,2024,4,51045,10.840462875603116,0,Bronx,Parkchester,Boro Zone,false,0.0396
182,pickup,2024,5,52091,10.860747468097681,0,Bronx,Parkchester,Boro Zone,false,0.0396
182,pickup,2024,6,50614,10.831983496848645,0,Bronx,Parkchester,Boro Zone,false,0.0396
182,pickup,2025,2,52078,10.8604978736873,1,Bronx,Parkchester,Boro Zone,false,0.0396
182,pickup,2025,3,56340,10.939160041430364,1,Bronx,Parkchester,Boro Zone,false,0.0396
182,pickup,2025,4,52511,10.86877795044219,1,Bronx,Parkchester,Boro Zone,false,0.0396
182,pickup,2025,5,55025,10.915542906394663,1,Bronx,Parkchester,Boro Zone,false,0.0396
182,pickup,2025,6,52721,10.872769137130032,1,Bronx,Parkchester,Boro Zone,false,0.0396
183,dropoff,2024,2,21830,9.99104044954399,0,Bronx,Pelham Bay,Boro Zone,false,0.0417
183,dropoff,2024,3,23917,10.082344782138865,0,Bronx,Pelham Bay,Boro Zone,false,0.0417
183,dropoff,2024,4,22720,10.031000872835088,0,Bronx,Pelham Bay,Boro Zone,false,0.0417
183,dropoff,2024,5,23578,10.068069352852072,0,Bronx,Pelham Bay,Boro Zone,false,0.0417
183,dropoff,2024,6,22975,10.042161947223887,0,Bronx,Pelham Bay,Boro Zone,false,0.0417
183,dropoff,2025,2,22180,10.006946260904359,1,Bronx,Pelham Bay,Boro Zone,false,0.0417
183,dropoff,2025,3,24435,10.103771809704256,1,Bronx,Pelham Bay,Boro Zone,false,0.0417
183,dropoff,2025,4,23225,10.05298456368204,1,Bronx,Pelham Bay,Boro Zone,false,0.0417
183,dropoff,2025,5,24810,10.119002076685847,1,Bronx,Pelham Bay,Boro Zone,false,0.0417
183,dropoff,2025,6,23583,10.068281392461866,1,Bronx,Pelham Bay,Boro Zone,false,0.0417
183,pickup,2024,2,24497,10.106305940055739,0,Bronx,Pelham Bay,Boro Zone,false,0.0301
183,pickup,2024,3,27552,10.223830407227457,0,Bronx,Pelham Bay,Boro Zone,false,0.0301
183,pickup,2024,4,25327,10.13962629934515,0,Bronx,Pelham Bay,Boro Zone,false,0.0301
183,pickup,2024,5,26190,10.173132937501757,0,Bronx,Pelham Bay,Boro Zone,false,0.0301
183,pickup,2024,6,26041,10.167427498042906,0,Bronx,Pelham Bay,Boro Zone,false,0.0301
183,pickup,2025,2,24647,10.112410468210365,1,Bronx,Pelham Bay,Boro Zone,false,0.0301
183,pickup,2025,3,26718,10.193092774549758,1,Bronx,Pelham Bay,Boro Zone,false,0.0301
183,pickup,2025,4,25276,10.137610607893345,1,Bronx,Pelham Bay,Boro Zone,false,0.0301
183,pickup,2025,5,27809,10.23311498829311,1,Bronx,Pelham Bay,Boro Zone,false,0.0301
183,pickup,2025,6,27034,10.204850612043773,1,Bronx,Pelham Bay,Boro Zone,false,0.0301
184,dropoff,2024,2,3492,8.158229916959494,0,Bronx,Pelham Bay Park,Boro Zone,false,0.0397
184,dropoff,2024,3,4267,8.358666283188,0,Bronx,Pelham Bay Park,Boro Zone,false,0.0397
184,dropoff,2024,4,5030,8.523175263093785,0,Bronx,Pelham Bay Park,Boro Zone,false,0.0397
184,dropoff,2024,5,6431,8.768885326134862,0,Bronx,Pelham Bay Park,Boro Zone,false,0.0397
184,dropoff,2024,6,10739,9.281637253858216,0,Bronx,Pelham Bay Park,Boro Zone,false,0.0397
184,dropoff,2025,2,3425,8.138856750696325,1,Bronx,Pelham Bay Park,Boro Zone,false,0.0397
184,dropoff,2025,3,3942,8.279443487712665,1,Bronx,Pelham Bay Park,Boro Zone,false,0.0397
184,dropoff,2025,4,4450,8.400659375160286,1,Bronx,Pelham Bay Park,Boro Zone,false,0.0397
184,dropoff,2025,5,5731,8.653645314551737,1,Bronx,Pelham Bay Park,Boro Zone,false,0.0397
184,dropoff,2025,6,9629,9.172534657240284,1,Bronx,Pelham Bay Park,Boro Zone,false,0.0397
184,pickup,2024,2,3093,8.03689677268507,0,Bronx,Pelham Bay Park,Boro Zone,false,0.0425
184,pickup,2024,3,3916,8.272826003650401,0,Bronx,Pelham Bay Park,Boro Zone,false,0.0425
184,pickup,2024,4,4095,8.31752199628717,0,Bronx,Pelham Bay Park,Boro Zone,false,0.0425
184,pickup,2024,5,5249,8.5657928612523,0,Bronx,Pelham Bay Park,Boro Zone,false,0.0425
184,pickup,2024,6,8269,9.020268861722167,0,Bronx,Pelham Bay Park,Boro Zone,false,0.0425
184,pickup,2025,2,3284,8.096817470572319,1,Bronx,Pelham Bay Park,Boro Zone,false,0.0425
184,pickup,2025,3,4058,8.30844552038576,1,Bronx,Pelham Bay Park,Boro Zone,false,0.0425
184,pickup,2025,4,4256,8.35608503102148,1,Bronx,Pelham Bay Park,Boro Zone,false,0.0425
184,pickup,2025,5,5604,8.631235907456897,1,Bronx,Pelham Bay Park,Boro Zone,false,0.0425
184,pickup,2025,6,8062,8.994916943677111,1,Bronx,Pelham Bay Park,Boro Zone,false,0.0425
185,dropoff,2024,2,57744,10.96377472688257,0,Bronx,Pelham Parkway,Boro Zone,false,0.0414
185,dropoff,2024,3,63528,11.059236032575047,0,Bronx,Pelham Parkway,Boro Zone,false,0.0414
185,dropoff,2024,4,60323,11.007468736193116,0,Bronx,Pelham Parkway,Boro Zone,false,0.0414
185,dropoff,2024,5,61062,11.019645020419986,0,Bronx,Pelham Parkway,Boro Zone,false,0.0414
185,dropoff,2024,6,58055,10.969146116061106,0,Bronx,Pelham Parkway,Boro Zone,false,0.0414
185,dropoff,2025,2,60271,11.006606338342099,1,Bronx,Pelham Parkway,Boro Zone,false,0.0414
185,dropoff,2025,3,64644,11.076650572468534,1,Bronx,Pelham Parkway,Boro Zone,false,0.0414
185,dropoff,2025,4,61321,11.023877640745798,1,Bronx,Pelham Parkway,Boro Zone,false,0.0414
185,dropoff,2025,5,64593,11.075861324766292,1,Bronx,Pelham Parkway,Boro Zone,false,0.0414
185,dropoff,2025,6,60512,11.010596971458185,1,Bronx,Pelham Parkway,Boro Zone,false,0.0414
185,pickup,2024,2,60165,11.004846066872263,0,Bronx,Pelham Parkway,Boro Zone,false,0.0314
185,pickup,2024,3,66429,11.103888987106272,0,Bronx,Pelham Parkway,Boro Zone,false,0.0314
185,pickup,2024,4,62064,11.035921389679748,0,Bronx,Pelham Parkway,Boro Zone,false,0.0314
185,pickup,2024,5,62806,11.047805889293775,0,Bronx,Pelham Parkway,Boro Zone,false,0.0314
185,pickup,2024,6,60300,11.007087382715277,0,Bronx,Pelham Parkway,Boro Zone,false,0.0314
185,pickup,2025,2,63378,11.056872077051217,1,Bronx,Pelham Parkway,Boro Zone,false,0.0314
185,pickup,2025,3,67539,11.120460487789083,1,Bronx,Pelham Parkway,Boro Zone,false,0.0314
185,pickup,2025,4,63546,11.059519332071725,1,Bronx,Pelham Parkway,Boro Zone,false,0.0314
185,pickup,2025,5,67431,11.118860131812937,1,Bronx,Pelham Parkway,Boro Zone,false,0.0314
185,pickup,2025,6,63614,11.060588850890252,1,Bronx,Pelham Parkway,Boro Zone,false,0.0314
186,dropoff,2024,2,153948,11.944370162037341,0,Manhattan,Penn Station/Madison Sq West,Yellow Zone,true,1.0
186,dropoff,2024,3,170790,12.048190010613236,0,Manhattan,Penn Station/Madison Sq West,Yellow Zone,true,1.0
186,dropoff,2024,4,157081,11.96451687485452,0,Manhattan,Penn Station/Madison Sq West,Yellow Zone,true,1.0
186,dropoff,2024,5,168438,12.03432300854116,0,Manhattan,Penn Station/Madison Sq West,Yellow Zone,true,1.0
186,dropoff,2024,6,164967,12.01350073288005,0,Manhattan,Penn Station/Madison Sq West,Yellow Zone,true,1.0
186,dropoff,2025,2,141893,11.862828531416897,1,Manhattan,Penn Station/Madison Sq West,Yellow Zone,true,1.0
186,dropoff,2025,3,151883,11.930865766586795,1,Manhattan,Penn Station/Madison Sq West,Yellow Zone,true,1.0
186,dropoff,2025,4,146080,11.891909695828796,1,Manhattan,Penn Station/Madison Sq West,Yellow Zone,true,1.0
186,dropoff,2025,5,149494,11.915011537228231,1,Manhattan,Penn Station/Madison Sq West,Yellow Zone,true,1.0
186,dropoff,2025,6,141146,11.85755009463326,1,Manhattan,Penn Station/Madison Sq West,Yellow Zone,true,1.0
186,pickup,2024,2,118243,11.680497107984655,0,Manhattan,Penn Station/Madison Sq West,Yellow Zone,true,1.0
186,pickup,2024,3,132199,11.792063642074593,0,Manhattan,Penn Station/Madison Sq West,Yellow Zone,true,1.0
186,pickup,2024,4,120763,11.701585226175334,0,Manhattan,Penn Station/Madison Sq West,Yellow Zone,true,1.0
186,pickup,2024,5,132725,11.796034597451872,0,Manhattan,Penn Station/Madison Sq West,Yellow Zone,true,1.0
186,pickup,2024,6,129053,11.767978451680122,0,Manhattan,Penn Station/Madison Sq West,Yellow Zone,true,1.0
186,pickup,2025,2,118238,11.680454821289311,1,Manhattan,Penn Station/Madison Sq West,Yellow Zone,true,1.0
186,pickup,2025,3,126911,11.751241332372883,1,Manhattan,Penn Station/Madison Sq West,Yellow Zone,true,1.0
186,pickup,2025,4,119876,11.694213154173886,1,Manhattan,Penn Station/Madison Sq West,Yellow Zone,true,1.0
186,pickup,2025,5,128871,11.766567183010226,1,Manhattan,Penn Station/Madison Sq West,Yellow Zone,true,1.0
186,pickup,2025,6,118833,11.685474425115356,1,Manhattan,Penn Station/Madison Sq West,Yellow Zone,true,1.0
187,dropoff,2024,2,12175,9.40713994795079,0,Staten Island,Port Richmond,Boro Zone,false,0.019
187,dropoff,2024,3,13492,9.50985219618154,0,Staten Island,Port Richmond,Boro Zone,false,0.019
187,dropoff,2024,4,11921,9.386056829718001,0,Staten Island,Port Richmond,Boro Zone,false,0.019
187,dropoff,2024,5,12672,9.447150114054207,0,Staten Island,Port Richmond,Boro Zone,false,0.019
187,dropoff,2024,6,12465,9.430679995957659,0,Staten Island,Port Richmond,Boro Zone,false,0.019
187,dropoff,2025,2,12765,9.454462329675584,1,Staten Island,Port Richmond,Boro Zone,false,0.019
187,dropoff,2025,3,13637,9.520541965857834,1,Staten Island,Port Richmond,Boro Zone,false,0.019
187,dropoff,2025,4,12815,9.458371638798171,1,Staten Island,Port Richmond,Boro Zone,false,0.019
187,dropoff,2025,5,14235,9.563458999712138,1,Staten Island,Port Richmond,Boro Zone,false,0.019
187,dropoff,2025,6,13840,9.535318229171661,1,Staten Island,Port Richmond,Boro Zone,false,0.019
187,pickup,2024,2,13567,9.515395652485308,0,Staten Island,Port Richmond,Boro Zone,false,0.0136
187,pickup,2024,3,15097,9.622251327567737,0,Staten Island,Port Richmond,Boro Zone,false,0.0136
187,pickup,2024,4,13332,9.497922439427631,0,Staten Island,Port Richmond,Boro Zone,false,0.0136
187,pickup,2024,5,14681,9.59430941973946,0,Staten Island,Port Richmond,Boro Zone,false,0.0136
187,pickup,2024,6,14385,9.573941275985648,0,Staten Island,Port Richmond,Boro Zone,false,0.0136
187,pickup,2025,2,14469,9.579763708737081,1,Staten Island,Port Richmond,Boro Zone,false,0.0136
187,pickup,2025,3,15521,9.649949224651184,1,Staten Island,Port Richmond,Boro Zone,false,0.0136
187,pickup,2025,4,14538,9.584521190044581,1,Staten Island,Port Richmond,Boro Zone,false,0.0136
187,pickup,2025,5,16215,9.693692018741418,1,Staten Island,Port Richmond,Boro Zone,false,0.0136
187,pickup,2025,6,15670,9.659503335350067,1,Staten Island,Port Richmond,Boro Zone,false,0.0136
188,dropoff,2024,2,149813,11.917143128676386,0,Brooklyn,Prospect-Lefferts Gardens,Boro Zone,false,0.0728
188,dropoff,2024,3,169653,12.041510453521985,0,Brooklyn,Prospect-Lefferts Gardens,Boro Zone,false,0.0728
188,dropoff,2024,4,151942,11.931254148061274,0,Brooklyn,Prospect-Lefferts Gardens,Boro Zone,false,0.0728
188,dropoff,2024,5,158959,11.97640158631512,0,Brooklyn,Prospect-Lefferts Gardens,Boro Zone,false,0.0728
188,dropoff,2024,6,159250,11.97823057343441,0,Brooklyn,Prospect-Lefferts Gardens,Boro Zone,false,0.0728
188,dropoff,2025,2,152619,11.935699898600955,1,Brooklyn,Prospect-Lefferts Gardens,Boro Zone,false,0.0728
188,dropoff,2025,3,159421,11.979303780700919,1,Brooklyn,Prospect-Lefferts Gardens,Boro Zone,false,0.0728
188,dropoff,2025,4,151581,11.928875414520668,1,Brooklyn,Prospect-Lefferts Gardens,Boro Zone,false,0.0728
188,dropoff,2025,5,162797,12.000259304862361,1,Brooklyn,Prospect-Lefferts Gardens,Boro Zone,false,0.0728
188,dropoff,2025,6,158054,11.970692025770205,1,Brooklyn,Prospect-Lefferts Gardens,Boro Zone,false,0.0728
188,pickup,2024,2,144193,11.878907958965382,0,Brooklyn,Prospect-Lefferts Gardens,Boro Zone,false,0.0511
188,pickup,2024,3,163835,12.006615102789484,0,Brooklyn,Prospect-Lefferts Gardens,Boro Zone,false,0.0511
188,pickup,2024,4,145317,11.886672842026258,0,Brooklyn,Prospect-Lefferts Gardens,Boro Zone,false,0.0511
188,pickup,2024,5,153010,11.938258557715859,0,Brooklyn,Prospect-Lefferts Gardens,Boro Zone,false,0.0511
188,pickup,2024,6,155393,11.953712670856081,0,Brooklyn,Prospect-Lefferts Gardens,Boro Zone,false,0.0511
188,pickup,2025,2,146919,11.897636693485174,1,Brooklyn,Prospect-Lefferts Gardens,Boro Zone,false,0.0511
188,pickup,2025,3,153204,11.93952564560835,1,Brooklyn,Prospect-Lefferts Gardens,Boro Zone,false,0.0511
188,pickup,2025,4,146037,11.891615293241404,1,Brooklyn,Prospect-Lefferts Gardens,Boro Zone,false,0.0511
188,pickup,2025,5,156548,11.96111795120185,1,Brooklyn,Prospect-Lefferts Gardens,Boro Zone,false,0.0511
188,pickup,2025,6,152699,11.936223942396806,1,Brooklyn,Prospect-Lefferts Gardens,Boro Zone,false,0.0511
189,dropoff,2024,2,72150,11.186502564202017,0,Brooklyn,Prospect Heights,Boro Zone,false,0.1444
189,dropoff,2024,3,81788,11.311885812562945,0,Brooklyn,Prospect Heights,Boro Zone,false,0.1444
189,dropoff,2024,4,72730,11.194509233148587,0,Brooklyn,Prospect Heights,Boro Zone,false,0.1444
189,dropoff,2024,5,75602,11.233238016844151,0,Brooklyn,Prospect Heights,Boro Zone,false,0.1444
189,dropoff,2024,6,72910,11.196981082800477,0,Brooklyn,Prospect Heights,Boro Zone,false,0.1444
189,dropoff,2025,2,73611,11.206549750071193,1,Brooklyn,Prospect Heights,Boro Zone,false,0.1444
189,dropoff,2025,3,76651,11.247017930529275,1,Brooklyn,Prospect Heights,Boro Zone,false,0.1444
189,dropoff,2025,4,72998,11.198187322494942,1,Brooklyn,Prospect Heights,Boro Zone,false,0.1444
189,dropoff,2025,5,78541,11.271376060416618,1,Brooklyn,Prospect Heights,Boro Zone,false,0.1444
189,dropoff,2025,6,71806,11.181723317004527,1,Brooklyn,Prospect Heights,Boro Zone,false,0.1444
189,pickup,2024,2,72905,11.196912502750386,0,Brooklyn,Prospect Heights,Boro Zone,false,0.1108
189,pickup,2024,3,80297,11.293487539336581,0,Brooklyn,Prospect Heights,Boro Zone,false,0.1108
189,pickup,2024,4,74278,11.215570089956065,0,Brooklyn,Prospect Heights,Boro Zone,false,0.1108
189,pickup,2024,5,73655,11.20714730824904,0,Brooklyn,Prospect Heights,Boro Zone,false,0.1108
189,pickup,2024,6,73253,11.201674481672054,0,Brooklyn,Prospect Heights,Boro Zone,false,0.1108
189,pickup,2025,2,72946,11.197474720370833,1,Brooklyn,Prospect Heights,Boro Zone,false,0.1108
189,pickup,2025,3,75968,11.23806747796934,1,Brooklyn,Prospect Heights,Boro Zone,false,0.1108
189,pickup,2025,4,73516,11.205258348585364,1,Brooklyn,Prospect Heights,Boro Zone,false,0.1108
189,pickup,2025,5,76966,11.251119044878626,1,Brooklyn,Prospect Heights,Boro Zone,false,0.1108
189,pickup,2025,6,71435,11.176543224299259,1,Brooklyn,Prospect Heights,Boro Zone,false,0.1108
190,dropoff,2024,2,14755,9.59933728737704,0,Brooklyn,Prospect Park,Boro Zone,false,0.1102
190,dropoff,2024,3,17272,9.756841972194643,0,Brooklyn,Prospect Park,Boro Zone,false,0.1102
190,dropoff,2024,4,20833,9.944293546928382,0,Brooklyn,Prospect Park,Boro Zone,false,0.1102
190,dropoff,2024,5,18915,9.84771053706713,0,Brooklyn,Prospect Park,Boro Zone,false,0.1102
190,dropoff,2024,6,22023,9.99984264077889,0,Brooklyn,Prospect Park,Boro Zone,false,0.1102
190,dropoff,2025,2,12752,9.453443401029997,1,Brooklyn,Prospect Park,Boro Zone,false,0.1102
190,dropoff,2025,3,14396,9.574705669198922,1,Brooklyn,Prospect Park,Boro Zone,false,0.1102
190,dropoff,2025,4,19054,9.855032332266724,1,Brooklyn,Prospect Park,Boro Zone,false,0.1102
190,dropoff,2025,5,18752,9.83905569237674,1,Brooklyn,Prospect Park,Boro Zone,false,0.1102
190,dropoff,2025,6,17751,9.784197131344804,1,Brooklyn,Prospect Park,Boro Zone,false,0.1102
190,pickup,2024,2,9805,9.190647738630446,0,Brooklyn,Prospect Park,Boro Zone,false,0.0932
190,pickup,2024,3,11869,9.381685238056505,0,Brooklyn,Prospect Park,Boro Zone,false,0.0932
190,pickup,2024,4,14853,9.605957144029533,0,Brooklyn,Prospect Park,Boro Zone,false,0.0932
190,pickup,2024,5,13980,9.5453830157878,0,Brooklyn,Prospect Park,Boro Zone,false,0.0932
190,pickup,2024,6,15854,9.671177113397102,0,Brooklyn,Prospect Park,Boro Zone,false,0.0932
190,pickup,2025,2,8958,9.100302266767246,1,Brooklyn,Prospect Park,Boro Zone,false,0.0932
190,pickup,2025,3,10461,9.25540933534376,1,Brooklyn,Prospect Park,Boro Zone,false,0.0932
190,pickup,2025,4,14248,9.564371824969498,1,Brooklyn,Prospect Park,Boro Zone,false,0.0932
190,pickup,2025,5,13883,9.538420349034803,1,Brooklyn,Prospect Park,Boro Zone,false,0.0932
190,pickup,2025,6,13512,9.511333458487636,1,Brooklyn,Prospect Park,Boro Zone,false,0.0932
191,dropoff,2024,2,42381,10.654455427579775,0,Queens,Queens Village,Boro Zone,false,0.0226
191,dropoff,2024,3,47525,10.76901116735663,0,Queens,Queens Village,Boro Zone,false,0.0226
191,dropoff,2024,4,43718,10.685515195589948,0,Queens,Queens Village,Boro Zone,false,0.0226
191,dropoff,2024,5,46356,10.744106012454282,0,Queens,Queens Village,Boro Zone,false,0.0226
191,dropoff,2024,6,46169,10.740063856180486,0,Queens,Queens Village,Boro Zone,false,0.0226
191,dropoff,2025,2,44492,10.70306467671192,1,Queens,Queens Village,Boro Zone,false,0.0226
191,dropoff,2025,3,49373,10.807158995053905,1,Queens,Queens Village,Boro Zone,false,0.0226
191,dropoff,2025,4,47383,10.766018793563921,1,Queens,Queens Village,Boro Zone,false,0.0226
191,dropoff,2025,5,50980,10.839188677930107,1,Queens,Queens Village,Boro Zone,false,0.0226
191,dropoff,2025,6,49365,10.80699695004555,1,Queens,Queens Village,Boro Zone,false,0.0226
191,pickup,2024,2,52040,10.859767932626442,0,Queens,Queens Village,Boro Zone,false,0.0144
191,pickup,2024,3,58813,10.982118197885645,0,Queens,Queens Village,Boro Zone,false,0.0144
191,pickup,2024,4,54146,10.899439380817963,0,Queens,Queens Village,Boro Zone,false,0.0144
191,pickup,2024,5,57383,10.95750337119409,0,Queens,Queens Village,Boro Zone,false,0.0144
191,pickup,2024,6,56989,10.950613545737037,0,Queens,Queens Village,Boro Zone,false,0.0144
191,pickup,2025,2,56247,10.937507985311061,1,Queens,Queens Village,Boro Zone,false,0.0144
191,pickup,2025,3,62372,11.040871735704776,1,Queens,Queens Village,Boro Zone,false,0.0144
191,pickup,2025,4,60588,11.011852132646917,1,Queens,Queens Village,Boro Zone,false,0.0144
191,pickup,2025,5,64322,11.071656997896786,1,Queens,Queens Village,Boro Zone,false,0.0144
191,pickup,2025,6,61668,11.02952043678023,1,Queens,Queens Village,Boro Zone,false,0.0144
192,dropoff,2024,2,23042,10.045073916598,0,Queens,Queensboro Hill,Boro Zone,false,0.0451
192,dropoff,2024,3,24590,10.110095135210239,0,Queens,Queensboro Hill,Boro Zone,false,0.0451
192,dropoff,2024,4,23372,10.059294003674328,0,Queens,Queensboro Hill,Boro Zone,false,0.0451
192,dropoff,2024,5,24628,10.111639286031101,0,Queens,Queensboro Hill,Boro Zone,false,0.0451
192,dropoff,2024,6,24402,10.10242037513528,0,Queens,Queensboro Hill,Boro Zone,false,0.0451
192,dropoff,2025,2,23587,10.068450991783875,1,Queens,Queensboro Hill,Boro Zone,false,0.0451
192,dropoff,2025,3,25284,10.137927063592189,1,Queens,Queensboro Hill,Boro Zone,false,0.0451
192,dropoff,2025,4,24054,10.088056581870562,1,Queens,Queensboro Hill,Boro Zone,false,0.0451
192,dropoff,2025,5,26063,10.168271963009412,1,Queens,Queensboro Hill,Boro Zone,false,0.0451
192,dropoff,2025,6,25924,10.162924459547607,1,Queens,Queensboro Hill,Boro Zone,false,0.0451
192,pickup,2024,2,24123,10.090921021216259,0,Queens,Queensboro Hill,Boro Zone,false,0.0352
192,pickup,2024,3,25665,10.152883474994404,0,Queens,Queensboro Hill,Boro Zone,false,0.0352
192,pickup,2024,4,24108,10.090299014602934,0,Queens,Queensboro Hill,Boro Zone,false,0.0352
192,pickup,2024,5,25709,10.15459640413204,0,Queens,Queensboro Hill,Boro Zone,false,0.0352
192,pickup,2024,6,25340,10.14013945387513,0,Queens,Queensboro Hill,Boro Zone,false,0.0352
192,pickup,2025,2,24953,10.12474933443232,1,Queens,Queensboro Hill,Boro Zone,false,0.0352
192,pickup,2025,3,26390,10.18074042949737,1,Queens,Queensboro Hill,Boro Zone,false,0.0352
192,pickup,2025,4,24843,10.12033130170181,1,Queens,Queensboro Hill,Boro Zone,false,0.0352
192,pickup,2025,5,27734,10.23041437631381,1,Queens,Queensboro Hill,Boro Zone,false,0.0352
192,pickup,2025,6,27196,10.21082518264635,1,Queens,Queensboro Hill,Boro Zone,false,0.0352
193,dropoff,2024,2,25775,10.15716030888516,0,Queens,Queensbridge/Ravenswood,Boro Zone,false,0.1051
193,dropoff,2024,3,30135,10.313442565917144,0,Queens,Queensbridge/Ravenswood,Boro Zone,false,0.1051
193,dropoff,2024,4,26595,10.188478507176418,0,Queens,Queensbridge/Ravenswood,Boro Zone,false,0.1051
193,dropoff,2024,5,29203,10.282026722705035,0,Queens,Queensbridge/Ravenswood,Boro Zone,false,0.1051
193,dropoff,2024,6,29804,10.302397891673618,0,Queens,Queensbridge/Ravenswood,Boro Zone,false,0.1051
193,dropoff,2025,2,27730,10.230270138609823,1,Queens,Queensbridge/Ravenswood,Boro Zone,false,0.1051
193,dropoff,2025,3,31599,10.360880753504652,1,Queens,Queensbridge/Ravenswood,Boro Zone,false,0.1051
193,dropoff,2025,4,30538,10.326727088743457,1,Queens,Queensbridge/Ravenswood,Boro Zone,false,0.1051
193,dropoff,2025,5,35205,10.468943396953234,1,Queens,Queensbridge/Ravenswood,Boro Zone,false,0.1051
193,dropoff,2025,6,34983,10.462617508188442,1,Queens,Queensbridge/Ravenswood,Boro Zone,false,0.1051
193,pickup,2024,2,25913,10.16250005226458,0,Queens,Queensbridge/Ravenswood,Boro Zone,false,0.1083
193,pickup,2024,3,30006,10.309152640646959,0,Queens,Queensbridge/Ravenswood,Boro Zone,false,0.1083
193,pickup,2024,4,27061,10.205848855956967,0,Queens,Queensbridge/Ravenswood,Boro Zone,false,0.1083
193,pickup,2024,5,28629,10.262175469085363,0,Queens,Queensbridge/Ravenswood,Boro Zone,false,0.1083
193,pickup,2024,6,30162,10.31433813292063,0,Queens,Queensbridge/Ravenswood,Boro Zone,false,0.1083
193,pickup,2025,2,27767,10.231603544216687,1,Queens,Queensbridge/Ravenswood,Boro Zone,false,0.1083
193,pickup,2025,3,31839,10.368447232429933,1,Queens,Queensbridge/Ravenswood,Boro Zone,false,0.1083
193,pickup,2025,4,30437,10.323414252585296,1,Queens,Queensbridge/Ravenswood,Boro Zone,false,0.1083
193,pickup,2025,5,35142,10.467152275317837,1,Queens,Queensbridge/Ravenswood,Boro Zone,false,0.1083
193,pickup,2025,6,35017,10.463588936836263,1,Queens,Queensbridge/Ravenswood,Boro Zone,false,0.1083
194,dropoff,2024,2,4863,8.489410810403786,0,Manhattan,Randalls Island,Yellow Zone,false,0.1291
194,dropoff,2024,3,5915,8.685246776412487,0,Manhattan,Randalls Island,Yellow Zone,false,0.1291
194,dropoff,2024,4,9043,9.10974625674048,0,Manhattan,Randalls Island,Yellow Zone,false,0.1291
194,dropoff,2024,5,8863,9.089640586738398,0,Manhattan,Randalls Island,Yellow Zone,false,0.1291
194,dropoff,2024,6,9210,9.128045129249353,0,Manhattan,Randalls Island,Yellow Zone,false,0.1291
194,dropoff,2025,2,5869,8.677439540558334,1,Manhattan,Randalls Island,Yellow Zone,false,0.1291
194,dropoff,2025,3,10306,9.24048152888817,1,Manhattan,Randalls Island,Yellow Zone,false,0.1291
194,dropoff,2025,4,12261,9.414178772232386,1,Manhattan,Randalls Island,Yellow Zone,false,0.1291
194,dropoff,2025,5,9126,9.118882761487347,1,Manhattan,Randalls Island,Yellow Zone,false,0.1291
194,dropoff,2025,6,8022,8.989943046329998,1,Manhattan,Randalls Island,Yellow Zone,false,0.1291
194,pickup,2024,2,2111,7.65491704784832,0,Manhattan,Randalls Island,Yellow Zone,false,0.2038
194,pickup,2024,3,2522,7.8328075165248645,0,Manhattan,Randalls Island,Yellow Zone,false,0.2038
194,pickup,2024,4,4203,8.343553835005117,0,Manhattan,Randalls Island,Yellow Zone,false,0.2038
194,pickup,2024,5,4021,8.299285906897275,0,Manhattan,Randalls Island,Yellow Zone,false,0.2038
194,pickup,2024,6,4372,8.382975849296429,0,Manhattan,Randalls Island,Yellow Zone,false,0.2038
194,pickup,2025,2,2794,7.935229539816907,1,Manhattan,Randalls Island,Yellow Zone,false,0.2038
194,pickup,2025,3,5762,8.659039915644474,1,Manhattan,Randalls Island,Yellow Zone,false,0.2038
194,pickup,2025,4,7156,8.87570644462861,1,Manhattan,Randalls Island,Yellow Zone,false,0.2038
194,pickup,2025,5,4730,8.46168048148598,1,Manhattan,Randalls Island,Yellow Zone,false,0.2038
194,pickup,2025,6,4202,8.343315881404946,1,Manhattan,Randalls Island,Yellow Zone,false,0.2038
195,dropoff,2024,2,33604,10.422400386484737,0,Brooklyn,Red Hook,Boro Zone,false,0.1545
195,dropoff,2024,3,38093,10.547785817200792,0,Brooklyn,Red Hook,Boro Zone,false,0.1545
195,dropoff,2024,4,35637,10.48113970295765,0,Brooklyn,Red Hook,Boro Zone,false,0.1545
195,dropoff,2024,5,40632,10.612311212481082,0,Brooklyn,Red Hook,Boro Zone,false,0.1545
195,dropoff,2024,6,41816,10.641034320392757,0,Brooklyn,Red Hook,Boro Zone,false,0.1545
195,dropoff,2025,2,36350,10.500949482961666,1,Brooklyn,Red Hook,Boro Zone,false,0.1545
195,dropoff,2025,3,40454,10.607920805113041,1,Brooklyn,Red Hook,Boro Zone,false,0.1545
195,dropoff,2025,4,38551,10.559737318992255,1,Brooklyn,Red Hook,Boro Zone,false,0.1545
195,dropoff,2025,5,49539,10.810515517131098,1,Brooklyn,Red Hook,Boro Zone,false,0.1545
195,dropoff,2025,6,43788,10.687115086224448,1,Brooklyn,Red Hook,Boro Zone,false,0.1545
195,pickup,2024,2,31814,10.367661723458307,0,Brooklyn,Red Hook,Boro Zone,false,0.1667
195,pickup,2024,3,36704,10.510641019929098,0,Brooklyn,Red Hook,Boro Zone,false,0.1667
195,pickup,2024,4,34868,10.459324782131466,0,Brooklyn,Red Hook,Boro Zone,false,0.1667
195,pickup,2024,5,39249,10.577681245178987,0,Brooklyn,Red Hook,Boro Zone,false,0.1667
195,pickup,2024,6,40904,10.618983136759836,0,Brooklyn,Red Hook,Boro Zone,false,0.1667
195,pickup,2025,2,33856,10.429871515217972,1,Brooklyn,Red Hook,Boro Zone,false,0.1667
195,pickup,2025,3,39050,10.572598155267832,1,Brooklyn,Red Hook,Boro Zone,false,0.1667
195,pickup,2025,4,37611,10.535051839784135,1,Brooklyn,Red Hook,Boro Zone,false,0.1667
195,pickup,2025,5,48067,10.78035114995359,1,Brooklyn,Red Hook,Boro Zone,false,0.1667
195,pickup,2025,6,43149,10.672414521272,1,Brooklyn,Red Hook,Boro Zone,false,0.1667
196,dropoff,2024,2,43820,10.687845613149458,0,Queens,Rego Park,Boro Zone,false,0.0777
196,dropoff,2024,3,47380,10.765955477712776,0,Queens,Rego Park,Boro Zone,false,0.0777
196,dropoff,2024,4,43715,10.68544657161499,0,Queens,Rego Park,Boro Zone,false,0.0777
196,dropoff,2024,5,46228,10.741340954095332,0,Queens,Rego Park,Boro Zone,false,0.0777
196,dropoff,2024,6,45786,10.731733646517688,0,Queens,Rego Park,Boro Zone,false,0.0777
196,dropoff,2025,2,47197,10.762085610231633,1,Queens,Rego Park,Boro Zone,false,0.0777
196,dropoff,2025,3,48950,10.798554647958657,1,Queens,Rego Park,Boro Zone,false,0.0777
196,dropoff,2025,4,47356,10.765448806531527,1,Queens,Rego Park,Boro Zone,false,0.0777
196,dropoff,2025,5,51314,10.845718898410636,1,Queens,Rego Park,Boro Zone,false,0.0777
196,dropoff,2025,6,50083,10.821436908133153,1,Queens,Rego Park,Boro Zone,false,0.0777
196,pickup,2024,2,46796,10.753553008167492,0,Queens,Rego Park,Boro Zone,false,0.0529
196,pickup,2024,3,50354,10.82683333888396,0,Queens,Rego Park,Boro Zone,false,0.0529
196,pickup,2024,4,46918,10.756156676112958,0,Queens,Rego Park,Boro Zone,false,0.0529
196,pickup,2024,5,49315,10.805983573388094,0,Queens,Rego Park,Boro Zone,false,0.0529
196,pickup,2024,6,49681,10.813377845229255,0,Queens,Rego Park,Boro Zone,false,0.0529
196,pickup,2025,2,49704,10.813840691743529,1,Queens,Rego Park,Boro Zone,false,0.0529
196,pickup,2025,3,52014,10.859268192096696,1,Queens,Rego Park,Boro Zone,false,0.0529
196,pickup,2025,4,50254,10.824845424743302,1,Queens,Rego Park,Boro Zone,false,0.0529
196,pickup,2025,5,54835,10.912083955194309,1,Queens,Rego Park,Boro Zone,false,0.0529
196,pickup,2025,6,53738,10.891875665250666,1,Queens,Rego Park,Boro Zone,false,0.0529
197,dropoff,2024,2,73155,11.200335756812263,0,Queens,Richmond Hill,Boro Zone,false,0.0256
197,dropoff,2024,3,82333,11.318527278350814,0,Queens,Richmond Hill,Boro Zone,false,0.0256
197,dropoff,2024,4,77213,11.25432311561861,0,Queens,Richmond Hill,Boro Zone,false,0.0256
197,dropoff,2024,5,81237,11.305126087390619,0,Queens,Richmond Hill,Boro Zone,false,0.0256
197,dropoff,2024,6,78447,11.270178516512194,0,Queens,Richmond Hill,Boro Zone,false,0.0256
197,dropoff,2025,2,77342,11.255992424666598,1,Queens,Richmond Hill,Boro Zone,false,0.0256
197,dropoff,2025,3,83263,11.329759551807744,1,Queens,Richmond Hill,Boro Zone,false,0.0256
197,dropoff,2025,4,80396,11.294719702685642,1,Queens,Richmond Hill,Boro Zone,false,0.0256
197,dropoff,2025,5,86445,11.367263652538876,1,Queens,Richmond Hill,Boro Zone,false,0.0256
197,dropoff,2025,6,82327,11.318454400906349,1,Queens,Richmond Hill,Boro Zone,false,0.0256
197,pickup,2024,2,80455,11.29545330089325,0,Queens,Richmond Hill,Boro Zone,false,0.0188
197,pickup,2024,3,90426,11.41228711564773,0,Queens,Richmond Hill,Boro Zone,false,0.0188
197,pickup,2024,4,84845,11.348581341406927,0,Queens,Richmond Hill,Boro Zone,false,0.0188
197,pickup,2024,5,89215,11.39880446586553,0,Queens,Richmond Hill,Boro Zone,false,0.0188
197,pickup,2024,6,85881,11.360717896079558,0,Queens,Richmond Hill,Boro Zone,false,0.0188
197,pickup,2025,2,83960,11.338095773934569,1,Queens,Richmond Hill,Boro Zone,false,0.0188
197,pickup,2025,3,90506,11.413171425832921,1,Queens,Richmond Hill,Boro Zone,false,0.0188
197,pickup,2025,4,88001,11.385103457032141,1,Queens,Richmond Hill,Boro Zone,false,0.0188
197,pickup,2025,5,93656,11.447383774159508,1,Queens,Richmond Hill,Boro Zone,false,0.0188
197,pickup,2025,6,89233,11.399006205308515,1,Queens,Richmond Hill,Boro Zone,false,0.0188
198,dropoff,2024,2,121511,11.70776007264412,0,Queens,Ridgewood,Boro Zone,false,0.0985
198,dropoff,2024,3,134283,11.807704792220635,0,Queens,Ridgewood,Boro Zone,false,0.0985
198,dropoff,2024,4,123153,11.721182763787903,0,Queens,Ridgewood,Boro Zone,false,0.0985
198,dropoff,2024,5,131515,11.786876192535711,0,Queens,Ridgewood,Boro Zone,false,0.0985
198,dropoff,2024,6,129309,11.769960167906039,0,Queens,Ridgewood,Boro Zone,false,0.0985
198,dropoff,2025,2,125550,11.740459364585732,1,Queens,Ridgewood,Boro Zone,false,0.0985
198,dropoff,2025,3,130448,11.778729958902693,1,Queens,Ridgewood,Boro Zone,false,0.0985
198,dropoff,2025,4,124141,11.729173295356498,1,Queens,Ridgewood,Boro Zone,false,0.0985
198,dropoff,2025,5,138503,11.838647265024761,1,Queens,Ridgewood,Boro Zone,false,0.0985
198,dropoff,2025,6,134041,11.805901002282981,1,Queens,Ridgewood,Boro Zone,false,0.0985
198,pickup,2024,2,116625,11.666718938149645,0,Queens,Ridgewood,Boro Zone,false,0.0668
198,pickup,2024,3,130106,11.776104781807662,0,Queens,Ridgewood,Boro Zone,false,0.0668
198,pickup,2024,4,117404,11.673376257345966,0,Queens,Ridgewood,Boro Zone,false,0.0668
198,pickup,2024,5,124831,11.734716101507827,0,Queens,Ridgewood,Boro Zone,false,0.0668
198,pickup,2024,6,124611,11.732952163942832,0,Queens,Ridgewood,Boro Zone,false,0.0668
198,pickup,2025,2,123341,11.722708156182472,1,Queens,Ridgewood,Boro Zone,false,0.0668
198,pickup,2025,3,127599,11.756647812871522,1,Queens,Ridgewood,Boro Zone,false,0.0668
198,pickup,2025,4,120599,11.700226271366882,1,Queens,Ridgewood,Boro Zone,false,0.0668
198,pickup,2025,5,134636,11.810330119570132,1,Queens,Ridgewood,Boro Zone,false,0.0668
198,pickup,2025,6,131056,11.783379991755384,1,Queens,Ridgewood,Boro Zone,false,0.0668
199,dropoff,2024,2,1,0.0,0,Bronx,Rikers Island,Boro Zone,false,0.0
199,dropoff,2024,3,1,0.0,0,Bronx,Rikers Island,Boro Zone,false,0.0
199,dropoff,2024,4,1,0.0,0,Bronx,Rikers Island,Boro Zone,false,0.0
199,dropoff,2025,2,1,0.0,1,Bronx,Rikers Island,Boro Zone,false,0.0
199,pickup,2024,2,5,1.6094379124341003,0,Bronx,Rikers Island,Boro Zone,false,0.0645
199,pickup,2024,3,7,1.9459101490553132,0,Bronx,Rikers Island,Boro Zone,false,0.0645
199,pickup,2024,4,8,2.0794415416798357,0,Bronx,Rikers Island,Boro Zone,false,0.0645
199,pickup,2024,5,1,0.0,0,Bronx,Rikers Island,Boro Zone,false,0.0645
199,pickup,2024,6,10,2.302585092994046,0,Bronx,Rikers Island,Boro Zone,false,0.0645
199,pickup,2025,2,4,1.3862943611198906,1,Bronx,Rikers Island,Boro Zone,false,0.0645
199,pickup,2025,3,9,2.1972245773362196,1,Bronx,Rikers Island,Boro Zone,false,0.0645
199,pickup,2025,4,7,1.9459101490553132,1,Bronx,Rikers Island,Boro Zone,false,0.0645
199,pickup,2025,5,8,2.0794415416798357,1,Bronx,Rikers Island,Boro Zone,false,0.0645
199,pickup,2025,6,8,2.0794415416798357,1,Bronx,Rikers Island,Boro Zone,false,0.0645
200,dropoff,2024,2,37136,10.522342128514218,0,Bronx,Riverdale/North Riverdale/Fieldston,Boro Zone,false,0.093
200,dropoff,2024,3,37785,10.53966747745482,0,Bronx,Riverdale/North Riverdale/Fieldston,Boro Zone,false,0.093
200,dropoff,2024,4,38366,10.554926929696283,0,Bronx,Riverdale/North Riverdale/Fieldston,Boro Zone,false,0.093
200,dropoff,2024,5,42325,10.653133207001336,0,Bronx,Riverdale/North Riverdale/Fieldston,Boro Zone,false,0.093
200,dropoff,2024,6,36506,10.50523190962273,0,Bronx,Riverdale/North Riverdale/Fieldston,Boro Zone,false,0.093
200,dropoff,2025,2,38070,10.547181849376543,1,Bronx,Riverdale/North Riverdale/Fieldston,Boro Zone,false,0.093
200,dropoff,2025,3,39534,10.584916340141875,1,Bronx,Riverdale/North Riverdale/Fieldston,Boro Zone,false,0.093
200,dropoff,2025,4,39710,10.589358324125298,1,Bronx,Riverdale/North Riverdale/Fieldston,Boro Zone,false,0.093
200,dropoff,2025,5,43816,10.687754326463557,1,Bronx,Riverdale/North Riverdale/Fieldston,Boro Zone,false,0.093
200,dropoff,2025,6,38618,10.561473768002484,1,Bronx,Riverdale/North Riverdale/Fieldston,Boro Zone,false,0.093
200,pickup,2024,2,39056,10.572751792632742,0,Bronx,Riverdale/North Riverdale/Fieldston,Boro Zone,false,0.0819
200,pickup,2024,3,40220,10.602119663326643,0,Bronx,Riverdale/North Riverdale/Fieldston,Boro Zone,false,0.0819
200,pickup,2024,4,40324,10.604702104173832,0,Bronx,Riverdale/North Riverdale/Fieldston,Boro Zone,false,0.0819
200,pickup,2024,5,44066,10.693443789024133,0,Bronx,Riverdale/North Riverdale/Fieldston,Boro Zone,false,0.0819
200,pickup,2024,6,37832,10.540910584323711,0,Bronx,Riverdale/North Riverdale/Fieldston,Boro Zone,false,0.0819
200,pickup,2025,2,40040,10.597634233429156,1,Bronx,Riverdale/North Riverdale/Fieldston,Boro Zone,false,0.0819
200,pickup,2025,3,42106,10.647945527330501,1,Bronx,Riverdale/North Riverdale/Fieldston,Boro Zone,false,0.0819
200,pickup,2025,4,42837,10.665157494098406,1,Bronx,Riverdale/North Riverdale/Fieldston,Boro Zone,false,0.0819
200,pickup,2025,5,46707,10.751649325357784,1,Bronx,Riverdale/North Riverdale/Fieldston,Boro Zone,false,0.0819
200,pickup,2025,6,41333,10.629416491370417,1,Bronx,Riverdale/North Riverdale/Fieldston,Boro Zone,false,0.0819
201,dropoff,2024,2,10645,9.27284557732758,0,Queens,Rockaway Park,Boro Zone,false,0.0534
201,dropoff,2024,3,13667,9.5227394469648,0,Queens,Rockaway Park,Boro Zone,false,0.0534
201,dropoff,2024,4,11392,9.340666633651757,0,Queens,Rockaway Park,Boro Zone,false,0.0534
201,dropoff,2024,5,14565,9.586376669393536,0,Queens,Rockaway Park,Boro Zone,false,0.0534
201,dropoff,2024,6,17964,9.796125034207629,0,Queens,Rockaway Park,Boro Zone,false,0.0534
201,dropoff,2025,2,10801,9.287394001418473,1,Queens,Rockaway Park,Boro Zone,false,0.0534
201,dropoff,2025,3,13079,9.478763169489152,1,Queens,Rockaway Park,Boro Zone,false,0.0534
201,dropoff,2025,4,11365,9.338293736286644,1,Queens,Rockaway Park,Boro Zone,false,0.0534
201,dropoff,2025,5,14663,9.59308259297708,1,Queens,Rockaway Park,Boro Zone,false,0.0534
201,dropoff,2025,6,17100,9.746833742490752,1,Queens,Rockaway Park,Boro Zone,false,0.0534
201,pickup,2024,2,9948,9.205126804923296,0,Queens,Rockaway Park,Boro Zone,false,0.0267
201,pickup,2024,3,12942,9.468233115617211,0,Queens,Rockaway Park,Boro Zone,false,0.0267
201,pickup,2024,4,10895,9.29605924737872,0,Queens,Rockaway Park,Boro Zone,false,0.0267
201,pickup,2024,5,14151,9.557540571952371,0,Queens,Rockaway Park,Boro Zone,false,0.0267
201,pickup,2024,6,18292,9.814219084777946,0,Queens,Rockaway Park,Boro Zone,false,0.0267
201,pickup,2025,2,10221,9.232199706329077,1,Queens,Rockaway Park,Boro Zone,false,0.0267
201,pickup,2025,3,12834,9.45985317831046,1,Queens,Rockaway Park,Boro Zone,false,0.0267
201,pickup,2025,4,11153,9.319463798994537,1,Queens,Rockaway Park,Boro Zone,false,0.0267
201,pickup,2025,5,14364,9.572480355345974,1,Queens,Rockaway Park,Boro Zone,false,0.0267
201,pickup,2025,6,17559,9.773321917959331,1,Queens,Rockaway Park,Boro Zone,false,0.0267
202,dropoff,2024,2,16425,9.706559843352812,0,Manhattan,Roosevelt Island,Boro Zone,false,0.2491
202,dropoff,2024,3,18802,9.841718526138497,0,Manhattan,Roosevelt Island,Boro Zone,false,0.2491
202,dropoff,2024,4,14914,9.61005564810374,0,Manhattan,Roosevelt Island,Boro Zone,false,0.2491
202,dropoff,2024,5,16478,9.709781436875536,0,Manhattan,Roosevelt Island,Boro Zone,false,0.2491
202,dropoff,2024,6,15850,9.670924779305427,0,Manhattan,Roosevelt Island,Boro Zone,false,0.2491
202,dropoff,2025,2,13904,9.539931847505173,1,Manhattan,Roosevelt Island,Boro Zone,false,0.2491
202,dropoff,2025,3,14912,9.609921536925372,1,Manhattan,Roosevelt Island,Boro Zone,false,0.2491
202,dropoff,2025,4,14763,9.599879329534089,1,Manhattan,Roosevelt Island,Boro Zone,false,0.2491
202,dropoff,2025,5,16353,9.70216664573239,1,Manhattan,Roosevelt Island,Boro Zone,false,0.2491
202,dropoff,2025,6,15169,9.627009150591672,1,Manhattan,Roosevelt Island,Boro Zone,false,0.2491
202,pickup,2024,2,13891,9.53899642739739,0,Manhattan,Roosevelt Island,Boro Zone,false,0.1958
202,pickup,2024,3,15579,9.653679132512428,0,Manhattan,Roosevelt Island,Boro Zone,false,0.1958
202,pickup,2024,4,13112,9.481283120423665,0,Manhattan,Roosevelt Island,Boro Zone,false,0.1958
202,pickup,2024,5,14053,9.550591175100745,0,Manhattan,Roosevelt Island,Boro Zone,false,0.1958
202,pickup,2024,6,14073,9.552013346996567,0,Manhattan,Roosevelt Island,Boro Zone,false,0.1958
202,pickup,2025,2,12570,9.439068301584292,1,Manhattan,Roosevelt Island,Boro Zone,false,0.1958
202,pickup,2025,3,13444,9.506288188844996,1,Manhattan,Roosevelt Island,Boro Zone,false,0.1958
202,pickup,2025,4,13030,9.47500967011889,1,Manhattan,Roosevelt Island,Boro Zone,false,0.1958
202,pickup,2025,5,14641,9.591581091193483,1,Manhattan,Roosevelt Island,Boro Zone,false,0.1958
202,pickup,2025,6,13957,9.543736453508645,1,Manhattan,Roosevelt Island,Boro Zone,false,0.1958
203,dropoff,2024,2,26926,10.20084764153918,0,Queens,Rosedale,Boro Zone,false,0.0142
203,dropoff,2024,3,29890,10.305279255277984,0,Queens,Rosedale,Boro Zone,false,0.0142
203,dropoff,2024,4,27507,10.22219579671801,0,Queens,Rosedale,Boro Zone,false,0.0142
203,dropoff,2024,5,28959,10.273636315516725,0,Queens,Rosedale,Boro Zone,false,0.0142
203,dropoff,2024,6,27921,10.23713437285382,0,Queens,Rosedale,Boro Zone,false,0.0142
203,dropoff,2025,2,27167,10.20975828042422,1,Queens,Rosedale,Boro Zone,false,0.0142
203,dropoff,2025,3,30307,10.319133987918043,1,Queens,Rosedale,Boro Zone,false,0.0142
203,dropoff,2025,4,28533,10.258816591150495,1,Queens,Rosedale,Boro Zone,false,0.0142
203,dropoff,2025,5,31439,10.355804439421526,1,Queens,Rosedale,Boro Zone,false,0.0142
203,dropoff,2025,6,30648,10.330322686380486,1,Queens,Rosedale,Boro Zone,false,0.0142
203,pickup,2024,2,35678,10.482289531311213,0,Queens,Rosedale,Boro Zone,false,0.0076
203,pickup,2024,3,39440,10.582535808716571,0,Queens,Rosedale,Boro Zone,false,0.0076
203,pickup,2024,4,36744,10.51173022600563,0,Queens,Rosedale,Boro Zone,false,0.0076
203,pickup,2024,5,38337,10.554170766276814,0,Queens,Rosedale,Boro Zone,false,0.0076
203,pickup,2024,6,37943,10.543840312582256,0,Queens,Rosedale,Boro Zone,false,0.0076
203,pickup,2025,2,38104,10.548074542480697,1,Queens,Rosedale,Boro Zone,false,0.0076
203,pickup,2025,3,41802,10.640699464258175,1,Queens,Rosedale,Boro Zone,false,0.0076
203,pickup,2025,4,39685,10.588728561524976,1,Queens,Rosedale,Boro Zone,false,0.0076
203,pickup,2025,5,43104,10.67137107921009,1,Queens,Rosedale,Boro Zone,false,0.0076
203,pickup,2025,6,42099,10.647779266419246,1,Queens,Rosedale,Boro Zone,false,0.0076
204,dropoff,2024,2,4156,8.332308352219117,0,Staten Island,Rossville/Woodrow,Boro Zone,false,0.0554
204,dropoff,2024,3,4934,8.503905297089302,0,Staten Island,Rossville/Woodrow,Boro Zone,false,0.0554
204,dropoff,2024,4,4501,8.412054873292933,0,Staten Island,Rossville/Woodrow,Boro Zone,false,0.0554
204,dropoff,2024,5,4998,8.516793111394898,0,Staten Island,Rossville/Woodrow,Boro Zone,false,0.0554
204,dropoff,2024,6,5223,8.560827228436299,0,Staten Island,Rossville/Woodrow,Boro Zone,false,0.0554
204,dropoff,2025,2,4645,8.443546651247939,1,Staten Island,Rossville/Woodrow,Boro Zone,false,0.0554
204,dropoff,2025,3,5294,8.574329382787047,1,Staten Island,Rossville/Woodrow,Boro Zone,false,0.0554
204,dropoff,2025,4,5026,8.522379718103538,1,Staten Island,Rossville/Woodrow,Boro Zone,false,0.0554
204,dropoff,2025,5,5572,8.625509334899697,1,Staten Island,Rossville/Woodrow,Boro Zone,false,0.0554
204,dropoff,2025,6,5533,8.618485442898109,1,Staten Island,Rossville/Woodrow,Boro Zone,false,0.0554
204,pickup,2024,2,4501,8.412054873292933,0,Staten Island,Rossville/Woodrow,Boro Zone,false,0.0246
204,pickup,2024,3,5221,8.560444233410552,0,Staten Island,Rossville/Woodrow,Boro Zone,false,0.0246
204,pickup,2024,4,4890,8.494947582468917,0,Staten Island,Rossville/Woodrow,Boro Zone,false,0.0246
204,pickup,2024,5,5292,8.573951525234847,0,Staten Island,Rossville/Woodrow,Boro Zone,false,0.0246
204,pickup,2024,6,5471,8.607216694063826,0,Staten Island,Rossville/Woodrow,Boro Zone,false,0.0246
204,pickup,2025,2,4983,8.513787398281405,1,Staten Island,Rossville/Woodrow,Boro Zone,false,0.0246
204,pickup,2025,3,5573,8.625688787569537,1,Staten Island,Rossville/Woodrow,Boro Zone,false,0.0246
204,pickup,2025,4,5173,8.551208070003515,1,Staten Island,Rossville/Woodrow,Boro Zone,false,0.0246
204,pickup,2025,5,5701,8.648396877031582,1,Staten Island,Rossville/Woodrow,Boro Zone,false,0.0246
204,pickup,2025,6,5870,8.677609912822142,1,Staten Island,Rossville/Woodrow,Boro Zone,false,0.0246
205,dropoff,2024,2,64761,11.078458849302987,0,Queens,Saint Albans,Boro Zone,false,0.0152
205,dropoff,2024,3,73577,11.206087755878668,0,Queens,Saint Albans,Boro Zone,false,0.0152
205,dropoff,2024,4,68657,11.13687837249461,0,Queens,Saint Albans,Boro Zone,false,0.0152
205,dropoff,2024,5,72333,11.189035735548938,0,Queens,Saint Albans,Boro Zone,false,0.0152
205,dropoff,2024,6,72261,11.188039843520903,0,Queens,Saint Albans,Boro Zone,false,0.0152
205,dropoff,2025,2,69244,11.14539177769662,1,Queens,Saint Albans,Boro Zone,false,0.0152
205,dropoff,2025,3,76867,11.249831934653027,1,Queens,Saint Albans,Boro Zone,false,0.0152
205,dropoff,2025,4,73164,11.200458775695816,1,Queens,Saint Albans,Boro Zone,false,0.0152
205,dropoff,2025,5,77931,11.263579098784021,1,Queens,Saint Albans,Boro Zone,false,0.0152
205,dropoff,2025,6,75769,11.235444517002772,1,Queens,Saint Albans,Boro Zone,false,0.0152
205,pickup,2024,2,75001,11.225256725762893,0,Queens,Saint Albans,Boro Zone,false,0.0105
205,pickup,2024,3,85954,11.361567548413387,0,Queens,Saint Albans,Boro Zone,false,0.0105
205,pickup,2024,4,80092,11.29093125291254,0,Queens,Saint Albans,Boro Zone,false,0.0105
205,pickup,2024,5,84528,11.344838119404097,0,Queens,Saint Albans,Boro Zone,false,0.0105
205,pickup,2024,6,84625,11.345985010214577,0,Queens,Saint Albans,Boro Zone,false,0.0105
205,pickup,2025,2,80680,11.298245992068148,1,Queens,Saint Albans,Boro Zone,false,0.0105
205,pickup,2025,3,89569,11.402764556954535,1,Queens,Saint Albans,Boro Zone,false,0.0105
205,pickup,2025,4,85198,11.35273323836348,1,Queens,Saint Albans,Boro Zone,false,0.0105
205,pickup,2025,5,91320,11.422125100643731,1,Queens,Saint Albans,Boro Zone,false,0.0105
205,pickup,2025,6,88081,11.386012124647282,1,Queens,Saint Albans,Boro Zone,false,0.0105
206,dropoff,2024,2,41686,10.637920620001616,0,Staten Island,Saint George/New Brighton,Boro Zone,false,0.017
206,dropoff,2024,3,47167,10.761449774510156,0,Staten Island,Saint George/New Brighton,Boro Zone,false,0.017
206,dropoff,2024,4,41964,10.644567386851376,0,Staten Island,Saint George/New Brighton,Boro Zone,false,0.017
206,dropoff,2024,5,44521,10.703716266952133,0,Staten Island,Saint George/New Brighton,Boro Zone,false,0.017
206,dropoff,2024,6,42951,10.667815210028436,0,Staten Island,Saint George/New Brighton,Boro Zone,false,0.017
206,dropoff,2025,2,41755,10.63957448358733,1,Staten Island,Saint George/New Brighton,Boro Zone,false,0.017
206,dropoff,2025,3,45449,10.724346097163354,1,Staten Island,Saint George/New Brighton,Boro Zone,false,0.017
206,dropoff,2025,4,43399,10.678191678348384,1,Staten Island,Saint George/New Brighton,Boro Zone,false,0.017
206,dropoff,2025,5,46991,10.757711372994065,1,Staten Island,Saint George/New Brighton,Boro Zone,false,0.017
206,dropoff,2025,6,46155,10.739760576424253,1,Staten Island,Saint George/New Brighton,Boro Zone,false,0.017
206,pickup,2024,2,39269,10.578190682516476,0,Staten Island,Saint George/New Brighton,Boro Zone,false,0.0127
206,pickup,2024,3,44242,10.697429843130967,0,Staten Island,Saint George/New Brighton,Boro Zone,false,0.0127
206,pickup,2024,4,39797,10.591546811547127,0,Staten Island,Saint George/New Brighton,Boro Zone,false,0.0127
206,pickup,2024,5,42123,10.648349188782753,0,Staten Island,Saint George/New Brighton,Boro Zone,false,0.0127
206,pickup,2024,6,40284,10.603709646768035,0,Staten Island,Saint George/New Brighton,Boro Zone,false,0.0127
206,pickup,2025,2,39451,10.58281467449521,1,Staten Island,Saint George/New Brighton,Boro Zone,false,0.0127
206,pickup,2025,3,43380,10.677753784380865,1,Staten Island,Saint George/New Brighton,Boro Zone,false,0.0127
206,pickup,2025,4,40983,10.620912625555597,1,Staten Island,Saint George/New Brighton,Boro Zone,false,0.0127
206,pickup,2025,5,44459,10.70232269513748,1,Staten Island,Saint George/New Brighton,Boro Zone,false,0.0127
206,pickup,2025,6,43472,10.679872331666129,1,Staten Island,Saint George/New Brighton,Boro Zone,false,0.0127
207,dropoff,2024,2,3176,8.063377822367027,0,Queens,Saint Michaels Cemetery/Woodside,Boro Zone,false,0.0143
207,dropoff,2024,3,3464,8.150179269682326,0,Queens,Saint Michaels Cemetery/Woodside,Boro Zone,false,0.0143
207,dropoff,2024,4,3253,8.087332926473351,0,Queens,Saint Michaels Cemetery/Woodside,Boro Zone,false,0.0143
207,dropoff,2024,5,3649,8.202208436436448,0,Queens,Saint Michaels Cemetery/Woodside,Boro Zone,false,0.0143
207,dropoff,2024,6,3776,8.236420527265391,0,Queens,Saint Michaels Cemetery/Woodside,Boro Zone,false,0.0143
207,dropoff,2025,2,3465,8.150467911624004,1,Queens,Saint Michaels Cemetery/Woodside,Boro Zone,false,0.0143
207,dropoff,2025,3,3723,8.222285073872717,1,Queens,Saint Michaels Cemetery/Woodside,Boro Zone,false,0.0143
207,dropoff,2025,4,3673,8.208764045819667,1,Queens,Saint Michaels Cemetery/Woodside,Boro Zone,false,0.0143
207,dropoff,2025,5,3976,8.288031567776464,1,Queens,Saint Michaels Cemetery/Woodside,Boro Zone,false,0.0143
207,dropoff,2025,6,4041,8.304247465078474,1,Queens,Saint Michaels Cemetery/Woodside,Boro Zone,false,0.0143
207,pickup,2024,2,2789,7.933438387627489,0,Queens,Saint Michaels Cemetery/Woodside,Boro Zone,false,0.0145
207,pickup,2024,3,3076,8.031385330625534,0,Queens,Saint Michaels Cemetery/Woodside,Boro Zone,false,0.0145
207,pickup,2024,4,2937,7.98514393119862,0,Queens,Saint Michaels Cemetery/Woodside,Boro Zone,false,0.0145
207,pickup,2024,5,3209,8.073714641109857,0,Queens,Saint Michaels Cemetery/Woodside,Boro Zone,false,0.0145
207,pickup,2024,6,3459,8.148734808937169,0,Queens,Saint Michaels Cemetery/Woodside,Boro Zone,false,0.0145
207,pickup,2025,2,3076,8.031385330625534,1,Queens,Saint Michaels Cemetery/Woodside,Boro Zone,false,0.0145
207,pickup,2025,3,3304,8.102889134640868,1,Queens,Saint Michaels Cemetery/Woodside,Boro Zone,false,0.0145
207,pickup,2025,4,3273,8.09346227450118,1,Queens,Saint Michaels Cemetery/Woodside,Boro Zone,false,0.0145
207,pickup,2025,5,3567,8.17948018535889,1,Queens,Saint Michaels Cemetery/Woodside,Boro Zone,false,0.0145
207,pickup,2025,6,3636,8.19863945529737,1,Queens,Saint Michaels Cemetery/Woodside,Boro Zone,false,0.0145
208,dropoff,2024,2,60388,11.008545688687626,0,Bronx,Schuylerville/Edgewater Park,Boro Zone,false,0.0416
208,dropoff,2024,3,68542,11.135201975043723,0,Bronx,Schuylerville/Edgewater Park,Boro Zone,false,0.0416
208,dropoff,2024,4,63022,11.05123915076453,0,Bronx,Schuylerville/Edgewater Park,Boro Zone,false,0.0416
208,dropoff,2024,5,68265,11.131152469118852,0,Bronx,Schuylerville/Edgewater Park,Boro Zone,false,0.0416
208,dropoff,2024,6,66710,11.108110145703561,0,Bronx,Schuylerville/Edgewater Park,Boro Zone,false,0.0416
208,dropoff,2025,2,60564,11.011455936128263,1,Bronx,Schuylerville/Edgewater Park,Boro Zone,false,0.0416
208,dropoff,2025,3,68432,11.13359583046669,1,Bronx,Schuylerville/Edgewater Park,Boro Zone,false,0.0416
208,dropoff,2025,4,63915,11.065309354602123,1,Bronx,Schuylerville/Edgewater Park,Boro Zone,false,0.0416
208,dropoff,2025,5,70116,11.157906292342437,1,Bronx,Schuylerville/Edgewater Park,Boro Zone,false,0.0416
208,dropoff,2025,6,66497,11.104912112844378,1,Bronx,Schuylerville/Edgewater Park,Boro Zone,false,0.0416
208,pickup,2024,2,61396,11.025099965433299,0,Bronx,Schuylerville/Edgewater Park,Boro Zone,false,0.0323
208,pickup,2024,3,69118,11.143570467874122,0,Bronx,Schuylerville/Edgewater Park,Boro Zone,false,0.0323
208,pickup,2024,4,63529,11.0592517735417,0,Bronx,Schuylerville/Edgewater Park,Boro Zone,false,0.0323
208,pickup,2024,5,66909,11.111088766216067,0,Bronx,Schuylerville/Edgewater Park,Boro Zone,false,0.0323
208,pickup,2024,6,65873,11.095483924851465,0,Bronx,Schuylerville/Edgewater Park,Boro Zone,false,0.0323
208,pickup,2025,2,61571,11.027946259449502,1,Bronx,Schuylerville/Edgewater Park,Boro Zone,false,0.0323
208,pickup,2025,3,69467,11.148607098646218,1,Bronx,Schuylerville/Edgewater Park,Boro Zone,false,0.0323
208,pickup,2025,4,64446,11.073582942826102,1,Bronx,Schuylerville/Edgewater Park,Boro Zone,false,0.0323
208,pickup,2025,5,70912,11.1691949506669,1,Bronx,Schuylerville/Edgewater Park,Boro Zone,false,0.0323
208,pickup,2025,6,68185,11.129979878291934,1,Bronx,Schuylerville/Edgewater Park,Boro Zone,false,0.0323
209,dropoff,2024,2,40745,10.61508841175432,0,Manhattan,Seaport,Yellow Zone,true,1.0
209,dropoff,2024,3,44023,10.692467503598817,0,Manhattan,Seaport,Yellow Zone,true,1.0
209,dropoff,2024,4,41557,10.634821257814647,0,Manhattan,Seaport,Yellow Zone,true,1.0
209,dropoff,2024,5,42774,10.663685720345683,0,Manhattan,Seaport,Yellow Zone,true,1.0
209,dropoff,2024,6,41604,10.635951595473024,0,Manhattan,Seaport,Yellow Zone,true,1.0
209,dropoff,2025,2,36253,10.498277415479205,1,Manhattan,Seaport,Yellow Zone,true,1.0
209,dropoff,2025,3,36886,10.51558735424275,1,Manhattan,Seaport,Yellow Zone,true,1.0
209,dropoff,2025,4,37445,10.530628468683467,1,Manhattan,Seaport,Yellow Zone,true,1.0
209,dropoff,2025,5,40381,10.606114656295205,1,Manhattan,Seaport,Yellow Zone,true,1.0
209,dropoff,2025,6,37083,10.520913922555932,1,Manhattan,Seaport,Yellow Zone,true,1.0
209,pickup,2024,2,44704,10.707818262056689,0,Manhattan,Seaport,Yellow Zone,true,1.0
209,pickup,2024,3,49369,10.807077975832051,0,Manhattan,Seaport,Yellow Zone,true,1.0
209,pickup,2024,4,46096,10.73848145732431,0,Manhattan,Seaport,Yellow Zone,true,1.0
209,pickup,2024,5,48396,10.787172444661369,0,Manhattan,Seaport,Yellow Zone,true,1.0
209,pickup,2024,6,47617,10.770945119316325,0,Manhattan,Seaport,Yellow Zone,true,1.0
209,pickup,2025,2,39945,10.595258786916142,1,Manhattan,Seaport,Yellow Zone,true,1.0
209,pickup,2025,3,41977,10.644877128219813,1,Manhattan,Seaport,Yellow Zone,true,1.0
209,pickup,2025,4,41939,10.643971460585572,1,Manhattan,Seaport,Yellow Zone,true,1.0
209,pickup,2025,5,46307,10.743048416551554,1,Manhattan,Seaport,Yellow Zone,true,1.0
209,pickup,2025,6,42109,10.648016773545576,1,Manhattan,Seaport,Yellow Zone,true,1.0
210,dropoff,2024,2,57925,10.966904349300577,0,Brooklyn,Sheepshead Bay,Boro Zone,false,0.0316
210,dropoff,2024,3,65045,11.08283461703566,0,Brooklyn,Sheepshead Bay,Boro Zone,false,0.0316
210,dropoff,2024,4,58695,10.980109823312622,0,Brooklyn,Sheepshead Bay,Boro Zone,false,0.0316
210,dropoff,2024,5,61471,11.02632079786699,0,Brooklyn,Sheepshead Bay,Boro Zone,false,0.0316
210,dropoff,2024,6,60172,11.004962406817715,0,Brooklyn,Sheepshead Bay,Boro Zone,false,0.0316
210,dropoff,2025,2,60491,11.010249872622438,1,Brooklyn,Sheepshead Bay,Boro Zone,false,0.0316
210,dropoff,2025,3,64944,11.08128063907868,1,Brooklyn,Sheepshead Bay,Boro Zone,false,0.0316
210,dropoff,2025,4,62056,11.035792482170708,1,Brooklyn,Sheepshead Bay,Boro Zone,false,0.0316
210,dropoff,2025,5,67803,11.124361720737193,1,Brooklyn,Sheepshead Bay,Boro Zone,false,0.0316
210,dropoff,2025,6,62776,11.047328113807309,1,Brooklyn,Sheepshead Bay,Boro Zone,false,0.0316
210,pickup,2024,2,58356,10.974317460191786,0,Brooklyn,Sheepshead Bay,Boro Zone,false,0.0218
210,pickup,2024,3,65956,11.096743132020858,0,Brooklyn,Sheepshead Bay,Boro Zone,false,0.0218
210,pickup,2024,4,59976,11.001699761182898,0,Brooklyn,Sheepshead Bay,Boro Zone,false,0.0218
210,pickup,2024,5,61709,11.030185066354774,0,Brooklyn,Sheepshead Bay,Boro Zone,false,0.0218
210,pickup,2024,6,60852,11.01619996558302,0,Brooklyn,Sheepshead Bay,Boro Zone,false,0.0218
210,pickup,2025,2,61390,11.025002234421542,1,Brooklyn,Sheepshead Bay,Boro Zone,false,0.0218
210,pickup,2025,3,65982,11.09713725653899,1,Brooklyn,Sheepshead Bay,Boro Zone,false,0.0218
210,pickup,2025,4,62560,11.043881375219193,1,Brooklyn,Sheepshead Bay,Boro Zone,false,0.0218
210,pickup,2025,5,68937,11.140948323023046,1,Brooklyn,Sheepshead Bay,Boro Zone,false,0.0218
210,pickup,2025,6,64175,11.069369005739341,1,Brooklyn,Sheepshead Bay,Boro Zone,false,0.0218
211,dropoff,2024,2,107906,11.58901575674377,0,Manhattan,SoHo,Yellow Zone,true,1.0
211,dropoff,2024,3,110572,11.613422171461853,0,Manhattan,SoHo,Yellow Zone,true,1.0
211,dropoff,2024,4,103090,11.54335767209043,0,Manhattan,SoHo,Yellow Zone,true,1.0
211,dropoff,2024,5,107249,11.58290851273747,0,Manhattan,SoHo,Yellow Zone,true,1.0
211,dropoff,2024,6,101034,11.523212372838364,0,Manhattan,SoHo,Yellow Zone,true,1.0
211,dropoff,2025,2,104703,11.55888304974326,1,Manhattan,SoHo,Yellow Zone,true,1.0
211,dropoff,2025,3,100397,11.516887605315247,1,Manhattan,SoHo,Yellow Zone,true,1.0
211,dropoff,2025,4,100241,11.515332565577651,1,Manhattan,SoHo,Yellow Zone,true,1.0
211,dropoff,2025,5,102559,11.538193521716947,1,Manhattan,SoHo,Yellow Zone,true,1.0
211,dropoff,2025,6,92239,11.432138313600566,1,Manhattan,SoHo,Yellow Zone,true,1.0
211,pickup,2024,2,117744,11.67626805516638,0,Manhattan,SoHo,Yellow Zone,true,1.0
211,pickup,2024,3,122103,11.712620229821528,0,Manhattan,SoHo,Yellow Zone,true,1.0
211,pickup,2024,4,113443,11.63905578711444,0,Manhattan,SoHo,Yellow Zone,true,1.0
211,pickup,2024,5,119373,11.69000832371598,0,Manhattan,SoHo,Yellow Zone,true,1.0
211,pickup,2024,6,111166,11.618779858650225,0,Manhattan,SoHo,Yellow Zone,true,1.0
211,pickup,2025,2,114217,11.645855426771487,1,Manhattan,SoHo,Yellow Zone,true,1.0
211,pickup,2025,3,110772,11.615229313778151,1,Manhattan,SoHo,Yellow Zone,true,1.0
211,pickup,2025,4,111620,11.622855524342425,1,Manhattan,SoHo,Yellow Zone,true,1.0
211,pickup,2025,5,114126,11.645058380180895,1,Manhattan,SoHo,Yellow Zone,true,1.0
211,pickup,2025,6,103951,11.551674913249506,1,Manhattan,SoHo,Yellow Zone,true,1.0
212,dropoff,2024,2,46632,10.750042279725387,0,Bronx,Soundview/Bruckner,Boro Zone,false,0.0377
212,dropoff,2024,3,51661,10.852458423798911,0,Bronx,Soundview/Bruckner,Boro Zone,false,0.0377
212,dropoff,2024,4,47215,10.76246691769717,0,Bronx,Soundview/Bruckner,Boro Zone,false,0.0377
212,dropoff,2024,5,48527,10.78987562305597,0,Bronx,Soundview/Bruckner,Boro Zone,false,0.0377
212,dropoff,2024,6,48355,10.786324908151064,0,Bronx,Soundview/Bruckner,Boro Zone,false,0.0377
212,dropoff,2025,2,48460,10.788493994370517,1,Bronx,Soundview/Bruckner,Boro Zone,false,0.0377
212,dropoff,2025,3,53843,10.89382768342006,1,Bronx,Soundview/Bruckner,Boro Zone,false,0.0377
212,dropoff,2025,4,50183,10.823431602908185,1,Bronx,Soundview/Bruckner,Boro Zone,false,0.0377
212,dropoff,2025,5,51402,10.8474323611921,1,Bronx,Soundview/Bruckner,Boro Zone,false,0.0377
212,dropoff,2025,6,48596,10.791296501974633,1,Bronx,Soundview/Bruckner,Boro Zone,false,0.0377
212,pickup,2024,2,49923,10.818237097391455,0,Bronx,Soundview/Bruckner,Boro Zone,false,0.0351
212,pickup,2024,3,56395,10.940135781074018,0,Bronx,Soundview/Bruckner,Boro Zone,false,0.0351
212,pickup,2024,4,50425,10.828242362822413,0,Bronx,Soundview/Bruckner,Boro Zone,false,0.0351
212,pickup,2024,5,52004,10.859075917682059,0,Bronx,Soundview/Bruckner,Boro Zone,false,0.0351
212,pickup,2024,6,50965,10.838894401602513,0,Bronx,Soundview/Bruckner,Boro Zone,false,0.0351
212,pickup,2025,2,52235,10.863508047271608,1,Bronx,Soundview/Bruckner,Boro Zone,false,0.0351
212,pickup,2025,3,57196,10.954239244852738,1,Bronx,Soundview/Bruckner,Boro Zone,false,0.0351
212,pickup,2025,4,52844,10.875099455998244,1,Bronx,Soundview/Bruckner,Boro Zone,false,0.0351
212,pickup,2025,5,55699,10.927717472432848,1,Bronx,Soundview/Bruckner,Boro Zone,false,0.0351
212,pickup,2025,6,52776,10.873811820902707,1,Bronx,Soundview/Bruckner,Boro Zone,false,0.0351
213,dropoff,2024,2,88359,11.38916334013185,0,Bronx,Soundview/Castle Hill,Boro Zone,false,0.0307
213,dropoff,2024,3,99585,11.508766829821369,0,Bronx,Soundview/Castle Hill,Boro Zone,false,0.0307
213,dropoff,2024,4,89896,11.406408725587738,0,Bronx,Soundview/Castle Hill,Boro Zone,false,0.0307
213,dropoff,2024,5,93828,11.449218597912514,0,Bronx,Soundview/Castle Hill,Boro Zone,false,0.0307
213,dropoff,2024,6,91919,11.428663033438221,0,Bronx,Soundview/Castle Hill,Boro Zone,false,0.0307
213,dropoff,2025,2,91955,11.429054605933082,1,Bronx,Soundview/Castle Hill,Boro Zone,false,0.0307
213,dropoff,2025,3,100736,11.520258512337021,1,Bronx,Soundview/Castle Hill,Boro Zone,false,0.0307
213,dropoff,2025,4,93608,11.446871128898794,1,Bronx,Soundview/Castle Hill,Boro Zone,false,0.0307
213,dropoff,2025,5,97922,11.49192652237417,1,Bronx,Soundview/Castle Hill,Boro Zone,false,0.0307
213,dropoff,2025,6,93779,11.448696229332299,1,Bronx,Soundview/Castle Hill,Boro Zone,false,0.0307
213,pickup,2024,2,91466,11.423722597509459,0,Bronx,Soundview/Castle Hill,Boro Zone,false,0.0285
213,pickup,2024,3,102405,11.53669081852049,0,Bronx,Soundview/Castle Hill,Boro Zone,false,0.0285
213,pickup,2024,4,92557,11.435579949933482,0,Bronx,Soundview/Castle Hill,Boro Zone,false,0.0285
213,pickup,2024,5,95769,11.46969432077795,0,Bronx,Soundview/Castle Hill,Boro Zone,false,0.0285
213,pickup,2024,6,93703,11.44788548478975,0,Bronx,Soundview/Castle Hill,Boro Zone,false,0.0285
213,pickup,2025,2,94492,11.45627045381365,1,Bronx,Soundview/Castle Hill,Boro Zone,false,0.0285
213,pickup,2025,3,103111,11.54356135684533,1,Bronx,Soundview/Castle Hill,Boro Zone,false,0.0285
213,pickup,2025,4,96002,11.472124303566297,1,Bronx,Soundview/Castle Hill,Boro Zone,false,0.0285
213,pickup,2025,5,100262,11.515542038753383,1,Bronx,Soundview/Castle Hill,Boro Zone,false,0.0285
213,pickup,2025,6,96596,11.478292611475785,1,Bronx,Soundview/Castle Hill,Boro Zone,false,0.0285
214,dropoff,2024,2,15974,9.678717679477334,0,Staten Island,South Beach/Dongan Hills,Boro Zone,false,0.0341
214,dropoff,2024,3,17543,9.772410288929185,0,Staten Island,South Beach/Dongan Hills,Boro Zone,false,0.0341
214,dropoff,2024,4,15943,9.676775140407365,0,Staten Island,South Beach/Dongan Hills,Boro Zone,false,0.0341
214,dropoff,2024,5,16749,9.72609383397847,0,Staten Island,South Beach/Dongan Hills,Boro Zone,false,0.0341
214,dropoff,2024,6,16273,9.697262571660614,0,Staten Island,South Beach/Dongan Hills,Boro Zone,false,0.0341
214,dropoff,2025,2,16798,9.729015110685573,1,Staten Island,South Beach/Dongan Hills,Boro Zone,false,0.0341
214,dropoff,2025,3,18018,9.799126537211386,1,Staten Island,South Beach/Dongan Hills,Boro Zone,false,0.0341
214,dropoff,2025,4,17138,9.749053499229063,1,Staten Island,South Beach/Dongan Hills,Boro Zone,false,0.0341
214,dropoff,2025,5,18170,9.807527161390217,1,Staten Island,South Beach/Dongan Hills,Boro Zone,false,0.0341
214,dropoff,2025,6,17482,9.768927059140433,1,Staten Island,South Beach/Dongan Hills,Boro Zone,false,0.0341
214,pickup,2024,2,16022,9.681718056775063,0,Staten Island,South Beach/Dongan Hills,Boro Zone,false,0.0254
214,pickup,2024,3,17307,9.758866322925,0,Staten Island,South Beach/Dongan Hills,Boro Zone,false,0.0254
214,pickup,2024,4,15840,9.670293665368417,0,Staten Island,South Beach/Dongan Hills,Boro Zone,false,0.0254
214,pickup,2024,5,16746,9.725914702764378,0,Staten Island,South Beach/Dongan Hills,Boro Zone,false,0.0254
214,pickup,2024,6,16191,9.692210811286753,0,Staten Island,South Beach/Dongan Hills,Boro Zone,false,0.0254
214,pickup,2025,2,16980,9.739791459865339,1,Staten Island,South Beach/Dongan Hills,Boro Zone,false,0.0254
214,pickup,2025,3,17836,9.788974165747367,1,Staten Island,South Beach/Dongan Hills,Boro Zone,false,0.0254
214,pickup,2025,4,16994,9.740615619563487,1,Staten Island,South Beach/Dongan Hills,Boro Zone,false,0.0254
214,pickup,2025,5,17794,9.786616600804713,1,Staten Island,South Beach/Dongan Hills,Boro Zone,false,0.0254
214,pickup,2025,6,17280,9.757305042358047,1,Staten Island,South Beach/Dongan Hills,Boro Zone,false,0.0254
215,dropoff,2024,2,49452,10.808757781126818,0,Queens,South Jamaica,Boro Zone,false,0.0151
215,dropoff,2024,3,56356,10.939443991173167,0,Queens,South Jamaica,Boro Zone,false,0.0151
215,dropoff,2024,4,51454,10.848443483624047,0,Queens,South Jamaica,Boro Zone,false,0.0151
215,dropoff,2024,5,52906,10.876272032964748,0,Queens,South Jamaica,Boro Zone,false,0.0151
215,dropoff,2024,6,51672,10.852671327712308,0,Queens,South Jamaica,Boro Zone,false,0.0151
215,dropoff,2025,2,50373,10.827210596227578,1,Queens,South Jamaica,Boro Zone,false,0.0151
215,dropoff,2025,3,55214,10.918971823296669,1,Queens,South Jamaica,Boro Zone,false,0.0151
215,dropoff,2025,4,52871,10.875610263368761,1,Queens,South Jamaica,Boro Zone,false,0.0151
215,dropoff,2025,5,56269,10.937899040810374,1,Queens,South Jamaica,Boro Zone,false,0.0151
215,dropoff,2025,6,53607,10.88943493554677,1,Queens,South Jamaica,Boro Zone,false,0.0151
215,pickup,2024,2,59716,10.99735527017348,0,Queens,South Jamaica,Boro Zone,false,0.0112
215,pickup,2024,3,67386,11.11819256019109,0,Queens,South Jamaica,Boro Zone,false,0.0112
215,pickup,2024,4,62030,11.035373417967163,0,Queens,South Jamaica,Boro Zone,false,0.0112
215,pickup,2024,5,64673,11.077099082726058,0,Queens,South Jamaica,Boro Zone,false,0.0112
215,pickup,2024,6,62870,11.048824381377107,0,Queens,South Jamaica,Boro Zone,false,0.0112
215,pickup,2025,2,60263,11.006473595713269,1,Queens,South Jamaica,Boro Zone,false,0.0112
215,pickup,2025,3,66505,11.105032411787397,1,Queens,South Jamaica,Boro Zone,false,0.0112
215,pickup,2025,4,64037,11.067216320291932,1,Queens,South Jamaica,Boro Zone,false,0.0112
215,pickup,2025,5,67580,11.121067360268281,1,Queens,South Jamaica,Boro Zone,false,0.0112
215,pickup,2025,6,64161,11.069150828453848,1,Queens,South Jamaica,Boro Zone,false,0.0112
216,dropoff,2024,2,95700,11.468973577441046,0,Queens,South Ozone Park,Boro Zone,false,0.021
216,dropoff,2024,3,108330,11.592937402939613,0,Queens,South Ozone Park,Boro Zone,false,0.021
216,dropoff,2024,4,104568,11.557592856465387,0,Queens,South Ozone Park,Boro Zone,false,0.021
216,dropoff,2024,5,111601,11.622685289462678,0,Queens,South Ozone Park,Boro Zone,false,0.021
216,dropoff,2024,6,109650,11.605048753846035,0,Queens,South Ozone Park,Boro Zone,false,0.021
216,dropoff,2025,2,102637,11.538953770491355,1,Queens,South Ozone Park,Boro Zone,false,0.021
216,dropoff,2025,3,111179,11.618896794043552,1,Queens,South Ozone Park,Boro Zone,false,0.021
216,dropoff,2025,4,108860,11.59781793198819,1,Queens,South Ozone Park,Boro Zone,false,0.021
216,dropoff,2025,5,119369,11.689974814739761,1,Queens,South Ozone Park,Boro Zone,false,0.021
216,dropoff,2025,6,114087,11.644716594214456,1,Queens,South Ozone Park,Boro Zone,false,0.021
216,pickup,2024,2,118641,11.68385740563671,0,Queens,South Ozone Park,Boro Zone,false,0.0146
216,pickup,2024,3,132890,11.797276997325554,0,Queens,South Ozone Park,Boro Zone,false,0.0146
216,pickup,2024,4,127780,11.758065314156335,0,Queens,South Ozone Park,Boro Zone,false,0.0146
216,pickup,2024,5,134161,11.806795850255835,0,Queens,South Ozone Park,Boro Zone,false,0.0146
216,pickup,2024,6,130198,11.776811647655522,0,Queens,South Ozone Park,Boro Zone,false,0.0146
216,pickup,2025,2,123346,11.722748693381439,1,Queens,South Ozone Park,Boro Zone,false,0.0146
216,pickup,2025,3,136299,11.822606280900557,1,Queens,South Ozone Park,Boro Zone,false,0.0146
216,pickup,2025,4,134611,11.810144416479128,1,Queens,South Ozone Park,Boro Zone,false,0.0146
216,pickup,2025,5,146023,11.891519422529832,1,Queens,South Ozone Park,Boro Zone,false,0.0146
216,pickup,2025,6,141231,11.85815212668663,1,Queens,South Ozone Park,Boro Zone,false,0.0146
217,dropoff,2024,2,37440,10.530494930591528,0,Brooklyn,South Williamsburg,Boro Zone,false,0.0715
217,dropoff,2024,3,40986,10.620985823959904,0,Brooklyn,South Williamsburg,Boro Zone,false,0.0715
217,dropoff,2024,4,32816,10.398671480312162,0,Brooklyn,South Williamsburg,Boro Zone,false,0.0715
217,dropoff,2024,5,35454,10.47599136057373,0,Brooklyn,South Williamsburg,Boro Zone,false,0.0715
217,dropoff,2024,6,33627,10.423084594689206,0,Brooklyn,South Williamsburg,Boro Zone,false,0.0715
217,dropoff,2025,2,41093,10.623593069677154,1,Brooklyn,South Williamsburg,Boro Zone,false,0.0715
217,dropoff,2025,3,41669,10.637512726048387,1,Brooklyn,South Williamsburg,Boro Zone,false,0.0715
217,dropoff,2025,4,32213,10.380125376764875,1,Brooklyn,South Williamsburg,Boro Zone,false,0.0715
217,dropoff,2025,5,35866,10.48754505050837,1,Brooklyn,South Williamsburg,Boro Zone,false,0.0715
217,dropoff,2025,6,36400,10.502324053624832,1,Brooklyn,South Williamsburg,Boro Zone,false,0.0715
217,pickup,2024,2,34849,10.458779721372386,0,Brooklyn,South Williamsburg,Boro Zone,false,0.0606
217,pickup,2024,3,39096,10.57377543894999,0,Brooklyn,South Williamsburg,Boro Zone,false,0.0606
217,pickup,2024,4,31608,10.361165532091226,0,Brooklyn,South Williamsburg,Boro Zone,false,0.0606
217,pickup,2024,5,32330,10.383750870719478,0,Brooklyn,South Williamsburg,Boro Zone,false,0.0606
217,pickup,2024,6,32602,10.392128915166236,0,Brooklyn,South Williamsburg,Boro Zone,false,0.0606
217,pickup,2025,2,38775,10.56553098804474,1,Brooklyn,South Williamsburg,Boro Zone,false,0.0606
217,pickup,2025,3,38740,10.564627936960987,1,Brooklyn,South Williamsburg,Boro Zone,false,0.0606
217,pickup,2025,4,30710,10.332343613434867,1,Brooklyn,South Williamsburg,Boro Zone,false,0.0606
217,pickup,2025,5,34179,10.439366699366225,1,Brooklyn,South Williamsburg,Boro Zone,false,0.0606
217,pickup,2025,6,35333,10.47257265041933,1,Brooklyn,South Williamsburg,Boro Zone,false,0.0606
218,dropoff,2024,2,31496,10.357615832623573,0,Queens,Springfield Gardens North,Boro Zone,false,0.0151
218,dropoff,2024,3,35529,10.478104543389605,0,Queens,Springfield Gardens North,Boro Zone,false,0.0151
218,dropoff,2024,4,32573,10.391239003331517,0,Queens,Springfield Gardens North,Boro Zone,false,0.0151
218,dropoff,2024,5,34266,10.441908887892918,0,Queens,Springfield Gardens North,Boro Zone,false,0.0151
218,dropoff,2024,6,34155,10.438664267165949,0,Queens,Springfield Gardens North,Boro Zone,false,0.0151
218,dropoff,2025,2,33442,10.417567874022614,1,Queens,Springfield Gardens North,Boro Zone,false,0.0151
218,dropoff,2025,3,36615,10.50821327149517,1,Queens,Springfield Gardens North,Boro Zone,false,0.0151
218,dropoff,2025,4,34801,10.457401400981889,1,Queens,Springfield Gardens North,Boro Zone,false,0.0151
218,dropoff,2025,5,37191,10.523822075506256,1,Queens,Springfield Gardens North,Boro Zone,false,0.0151
218,dropoff,2025,6,35802,10.485759036750137,1,Queens,Springfield Gardens North,Boro Zone,false,0.0151
218,pickup,2024,2,40972,10.620644185556426,0,Queens,Springfield Gardens North,Boro Zone,false,0.0104
218,pickup,2024,3,45907,10.734372889867487,0,Queens,Springfield Gardens North,Boro Zone,false,0.0104
218,pickup,2024,4,42189,10.649914802538357,0,Queens,Springfield Gardens North,Boro Zone,false,0.0104
218,pickup,2024,5,44385,10.70065685350242,0,Queens,Springfield Gardens North,Boro Zone,false,0.0104
218,pickup,2024,6,43936,10.690489308567697,0,Queens,Springfield Gardens North,Boro Zone,false,0.0104
218,pickup,2025,2,40760,10.615456487336662,1,Queens,Springfield Gardens North,Boro Zone,false,0.0104
218,pickup,2025,3,44621,10.705959879210065,1,Queens,Springfield Gardens North,Boro Zone,false,0.0104
218,pickup,2025,4,42531,10.657988500785741,1,Queens,Springfield Gardens North,Boro Zone,false,0.0104
218,pickup,2025,5,45687,10.729569072519801,1,Queens,Springfield Gardens North,Boro Zone,false,0.0104
218,pickup,2025,6,44680,10.707281253183137,1,Queens,Springfield Gardens North,Boro Zone,false,0.0104
219,dropoff,2024,2,27496,10.22179581852967,0,Queens,Springfield Gardens South,Boro Zone,false,0.0165
219,dropoff,2024,3,31098,10.344898787417762,0,Queens,Springfield Gardens South,Boro Zone,false,0.0165
219,dropoff,2024,4,29397,10.288647907303929,0,Queens,Springfield Gardens South,Boro Zone,false,0.0165
219,dropoff,2024,5,30487,10.32505564222569,0,Queens,Springfield Gardens South,Boro Zone,false,0.0165
219,dropoff,2024,6,30252,10.31731757697592,0,Queens,Springfield Gardens South,Boro Zone,false,0.0165
219,dropoff,2025,2,29953,10.307384765472131,1,Queens,Springfield Gardens South,Boro Zone,false,0.0165
219,dropoff,2025,3,33039,10.405443960833054,1,Queens,Springfield Gardens South,Boro Zone,false,0.0165
219,dropoff,2025,4,31403,10.35465870873383,1,Queens,Springfield Gardens South,Boro Zone,false,0.0165
219,dropoff,2025,5,33607,10.422489657586254,1,Queens,Springfield Gardens South,Boro Zone,false,0.0165
219,dropoff,2025,6,32082,10.376050404176787,1,Queens,Springfield Gardens South,Boro Zone,false,0.0165
219,pickup,2024,2,34927,10.46101544805463,0,Queens,Springfield Gardens South,Boro Zone,false,0.0108
219,pickup,2024,3,38826,10.56684540428532,0,Queens,Springfield Gardens South,Boro Zone,false,0.0108
219,pickup,2024,4,36590,10.507530258013253,0,Queens,Springfield Gardens South,Boro Zone,false,0.0108
219,pickup,2024,5,38243,10.551715815970995,0,Queens,Springfield Gardens South,Boro Zone,false,0.0108
219,pickup,2024,6,37912,10.543022963647424,0,Queens,Springfield Gardens South,Boro Zone,false,0.0108
219,pickup,2025,2,36031,10.49213495800589,1,Queens,Springfield Gardens South,Boro Zone,false,0.0108
219,pickup,2025,3,40253,10.602939814230668,1,Queens,Springfield Gardens South,Boro Zone,false,0.0108
219,pickup,2025,4,38357,10.554692319474022,1,Queens,Springfield Gardens South,Boro Zone,false,0.0108
219,pickup,2025,5,41646,10.636960604567639,1,Queens,Springfield Gardens South,Boro Zone,false,0.0108
219,pickup,2025,6,40369,10.605817442670727,1,Queens,Springfield Gardens South,Boro Zone,false,0.0108
220,dropoff,2024,2,60324,11.007485313480576,0,Bronx,Spuyten Duyvil/Kingsbridge,Boro Zone,false,0.0654
220,dropoff,2024,3,65307,11.086854507069045,0,Bronx,Spuyten Duyvil/Kingsbridge,Boro Zone,false,0.0654
220,dropoff,2024,4,61228,11.022359880211598,0,Bronx,Spuyten Duyvil/Kingsbridge,Boro Zone,false,0.0654
220,dropoff,2024,5,64494,11.074327475201118,0,Bronx,Spuyten Duyvil/Kingsbridge,Boro Zone,false,0.0654
220,dropoff,2024,6,60696,11.01363307701791,0,Bronx,Spuyten Duyvil/Kingsbridge,Boro Zone,false,0.0654
220,dropoff,2025,2,62517,11.0431937987392,1,Bronx,Spuyten Duyvil/Kingsbridge,Boro Zone,false,0.0654
220,dropoff,2025,3,67668,11.122368673595183,1,Bronx,Spuyten Duyvil/Kingsbridge,Boro Zone,false,0.0654
220,dropoff,2025,4,64322,11.071656997896786,1,Bronx,Spuyten Duyvil/Kingsbridge,Boro Zone,false,0.0654
220,dropoff,2025,5,68922,11.140730709373459,1,Bronx,Spuyten Duyvil/Kingsbridge,Boro Zone,false,0.0654
220,dropoff,2025,6,64370,11.072402965046662,1,Bronx,Spuyten Duyvil/Kingsbridge,Boro Zone,false,0.0654
220,pickup,2024,2,66505,11.105032411787397,0,Bronx,Spuyten Duyvil/Kingsbridge,Boro Zone,false,0.0504
220,pickup,2024,3,72158,11.186613438166152,0,Bronx,Spuyten Duyvil/Kingsbridge,Boro Zone,false,0.0504
220,pickup,2024,4,68141,11.129334366775014,0,Bronx,Spuyten Duyvil/Kingsbridge,Boro Zone,false,0.0504
220,pickup,2024,5,70738,11.166738189812438,0,Bronx,Spuyten Duyvil/Kingsbridge,Boro Zone,false,0.0504
220,pickup,2024,6,67478,11.119556897809296,0,Bronx,Spuyten Duyvil/Kingsbridge,Boro Zone,false,0.0504
220,pickup,2025,2,68705,11.137577255765875,1,Bronx,Spuyten Duyvil/Kingsbridge,Boro Zone,false,0.0504
220,pickup,2025,3,74432,11.217641235878336,1,Bronx,Spuyten Duyvil/Kingsbridge,Boro Zone,false,0.0504
220,pickup,2025,4,71101,11.171856680390034,1,Bronx,Spuyten Duyvil/Kingsbridge,Boro Zone,false,0.0504
220,pickup,2025,5,78412,11.269732255850315,1,Bronx,Spuyten Duyvil/Kingsbridge,Boro Zone,false,0.0504
220,pickup,2025,6,72015,11.18462970963315,1,Bronx,Spuyten Duyvil/Kingsbridge,Boro Zone,false,0.0504
221,dropoff,2024,2,22547,10.023357298386513,0,Staten Island,Stapleton,Boro Zone,false,0.0316
221,dropoff,2024,3,25653,10.152415802824065,0,Staten Island,Stapleton,Boro Zone,false,0.0316
221,dropoff,2024,4,22414,10.017441042611972,0,Staten Island,Stapleton,Boro Zone,false,0.0316
221,dropoff,2024,5,23272,10.055006200175038,0,Staten Island,Stapleton,Boro Zone,false,0.0316
221,dropoff,2024,6,22252,10.010187171195184,0,Staten Island,Stapleton,Boro Zone,false,0.0316
221,dropoff,2025,2,23530,10.066031481721408,1,Staten Island,Stapleton,Boro Zone,false,0.0316
221,dropoff,2025,3,25186,10.134043563565792,1,Staten Island,Stapleton,Boro Zone,false,0.0316
221,dropoff,2025,4,23394,10.060234858210652,1,Staten Island,Stapleton,Boro Zone,false,0.0316
221,dropoff,2025,5,25560,10.14878390849147,1,Staten Island,Stapleton,Boro Zone,false,0.0316
221,dropoff,2025,6,23765,10.07596918904811,1,Staten Island,Stapleton,Boro Zone,false,0.0316
221,pickup,2024,2,26886,10.199360984014199,0,Staten Island,Stapleton,Boro Zone,false,0.0203
221,pickup,2024,3,30619,10.32937601028517,0,Staten Island,Stapleton,Boro Zone,false,0.0203
221,pickup,2024,4,26669,10.191257121160007,0,Staten Island,Stapleton,Boro Zone,false,0.0203
221,pickup,2024,5,28014,10.240459664198992,0,Staten Island,Stapleton,Boro Zone,false,0.0203
221,pickup,2024,6,26772,10.195111844220532,0,Staten Island,Stapleton,Boro Zone,false,0.0203
221,pickup,2025,2,28079,10.242777244969993,1,Staten Island,Stapleton,Boro Zone,false,0.0203
221,pickup,2025,3,30324,10.319694757176194,1,Staten Island,Stapleton,Boro Zone,false,0.0203
221,pickup,2025,4,28468,10.256535928419162,1,Staten Island,Stapleton,Boro Zone,false,0.0203
221,pickup,2025,5,31243,10.3495506300728,1,Staten Island,Stapleton,Boro Zone,false,0.0203
221,pickup,2025,6,28839,10.269483916733925,1,Staten Island,Stapleton,Boro Zone,false,0.0203
222,dropoff,2024,2,21643,9.982437355514529,0,Brooklyn,Starrett City,Boro Zone,false,0.0227
222,dropoff,2024,3,24560,10.108874382261078,0,Brooklyn,Starrett City,Boro Zone,false,0.0227
222,dropoff,2024,4,21810,9.990123859195675,0,Brooklyn,Starrett City,Boro Zone,false,0.0227
222,dropoff,2024,5,22999,10.043206015705211,0,Brooklyn,Starrett City,Boro Zone,false,0.0227
222,dropoff,2024,6,22890,10.038455412946613,0,Brooklyn,Starrett City,Boro Zone,false,0.0227
222,dropoff,2025,2,22397,10.01668230030247,1,Brooklyn,Starrett City,Boro Zone,false,0.0227
222,dropoff,2025,3,24898,10.122542757941732,1,Brooklyn,Starrett City,Boro Zone,false,0.0227
222,dropoff,2025,4,23500,10.06475570013225,1,Brooklyn,Starrett City,Boro Zone,false,0.0227
222,dropoff,2025,5,25144,10.132374578477403,1,Brooklyn,Starrett City,Boro Zone,false,0.0227
222,dropoff,2025,6,24218,10.094851437314311,1,Brooklyn,Starrett City,Boro Zone,false,0.0227
222,pickup,2024,2,23154,10.049922830765674,0,Brooklyn,Starrett City,Boro Zone,false,0.0151
222,pickup,2024,3,26318,10.178008394710085,0,Brooklyn,Starrett City,Boro Zone,false,0.0151
222,pickup,2024,4,23592,10.068662950495112,0,Brooklyn,Starrett City,Boro Zone,false,0.0151
222,pickup,2024,5,24313,10.098766465702033,0,Brooklyn,Starrett City,Boro Zone,false,0.0151
222,pickup,2024,6,24002,10.085892439191387,0,Brooklyn,Starrett City,Boro Zone,false,0.0151
222,pickup,2025,2,23600,10.069001991013701,1,Brooklyn,Starrett City,Boro Zone,false,0.0151
222,pickup,2025,3,26026,10.166851317336702,1,Brooklyn,Starrett City,Boro Zone,false,0.0151
222,pickup,2025,4,24653,10.112653875919479,1,Brooklyn,Starrett City,Boro Zone,false,0.0151
222,pickup,2025,5,25913,10.16250005226458,1,Brooklyn,Starrett City,Boro Zone,false,0.0151
222,pickup,2025,6,25052,10.128708943645304,1,Brooklyn,Starrett City,Boro Zone,false,0.0151
223,dropoff,2024,2,95708,11.469057168513567,0,Queens,Steinway,Boro Zone,false,0.1086
223,dropoff,2024,3,109020,11.599286630618272,0,Queens,Steinway,Boro Zone,false,0.1086
223,dropoff,2024,4,99650,11.509419325640941,0,Queens,Steinway,Boro Zone,false,0.1086
223,dropoff,2024,5,103187,11.544298155102592,0,Queens,Steinway,Boro Zone,false,0.1086
223,dropoff,2024,6,104598,11.557879709971271,0,Queens,Steinway,Boro Zone,false,0.1086
223,dropoff,2025,2,96969,11.482146618777644,1,Queens,Steinway,Boro Zone,false,0.1086
223,dropoff,2025,3,105423,11.565736107602467,1,Queens,Steinway,Boro Zone,false,0.1086
223,dropoff,2025,4,99546,11.50837512787141,1,Queens,Steinway,Boro Zone,false,0.1086
223,dropoff,2025,5,111009,11.617366558088658,1,Queens,Steinway,Boro Zone,false,0.1086
223,dropoff,2025,6,104818,11.559980791845943,1,Queens,Steinway,Boro Zone,false,0.1086
223,pickup,2024,2,90989,11.418493899071638,0,Queens,Steinway,Boro Zone,false,0.0812
223,pickup,2024,3,102597,11.538563971525233,0,Queens,Steinway,Boro Zone,false,0.0812
223,pickup,2024,4,95273,11.464501733656077,0,Queens,Steinway,Boro Zone,false,0.0812
223,pickup,2024,5,99271,11.505608763069848,0,Queens,Steinway,Boro Zone,false,0.0812
223,pickup,2024,6,100030,11.513225419979227,0,Queens,Steinway,Boro Zone,false,0.0812
223,pickup,2025,2,93655,11.447373096729992,1,Queens,Steinway,Boro Zone,false,0.0812
223,pickup,2025,3,100306,11.515980792699235,1,Queens,Steinway,Boro Zone,false,0.0812
223,pickup,2025,4,95053,11.462189909754109,1,Queens,Steinway,Boro Zone,false,0.0812
223,pickup,2025,5,106078,11.571929951546633,1,Queens,Steinway,Boro Zone,false,0.0812
223,pickup,2025,6,101039,11.52326185990493,1,Queens,Steinway,Boro Zone,false,0.0812
224,dropoff,2024,2,36956,10.517483294790635,0,Manhattan,Stuy Town/Peter Cooper Village,Yellow Zone,true,1.0
224,dropoff,2024,3,39507,10.58423315037833,0,Manhattan,Stuy Town/Peter Cooper Village,Yellow Zone,true,1.0
224,dropoff,2024,4,36159,10.495681159256453,0,Manhattan,Stuy Town/Peter Cooper Village,Yellow Zone,true,1.0
224,dropoff,2024,5,37883,10.542257741629742,0,Manhattan,Stuy Town/Peter Cooper Village,Yellow Zone,true,1.0
224,dropoff,2024,6,36617,10.508267892425925,0,Manhattan,Stuy Town/Peter Cooper Village,Yellow Zone,true,1.0
224,dropoff,2025,2,33151,10.408828161071545,1,Manhattan,Stuy Town/Peter Cooper Village,Yellow Zone,true,1.0
224,dropoff,2025,3,32662,10.393967601636689,1,Manhattan,Stuy Town/Peter Cooper Village,Yellow Zone,true,1.0
224,dropoff,2025,4,32892,10.400984746090787,1,Manhattan,Stuy Town/Peter Cooper Village,Yellow Zone,true,1.0
224,dropoff,2025,5,34276,10.442200679789009,1,Manhattan,Stuy Town/Peter Cooper Village,Yellow Zone,true,1.0
224,dropoff,2025,6,30536,10.326661594425065,1,Manhattan,Stuy Town/Peter Cooper Village,Yellow Zone,true,1.0
224,pickup,2024,2,44863,10.71136868055954,0,Manhattan,Stuy Town/Peter Cooper Village,Yellow Zone,true,1.0
224,pickup,2024,3,48561,10.79057601860207,0,Manhattan,Stuy Town/Peter Cooper Village,Yellow Zone,true,1.0
224,pickup,2024,4,45155,10.7178562946849,0,Manhattan,Stuy Town/Peter Cooper Village,Yellow Zone,true,1.0
224,pickup,2024,5,46779,10.753189663252995,0,Manhattan,Stuy Town/Peter Cooper Village,Yellow Zone,true,1.0
224,pickup,2024,6,45397,10.723201302550953,0,Manhattan,Stuy Town/Peter Cooper Village,Yellow Zone,true,1.0
224,pickup,2025,2,39928,10.594833111149445,1,Manhattan,Stuy Town/Peter Cooper Village,Yellow Zone,true,1.0
224,pickup,2025,3,40715,10.614351853901232,1,Manhattan,Stuy Town/Peter Cooper Village,Yellow Zone,true,1.0
224,pickup,2025,4,41067,10.622960158263622,1,Manhattan,Stuy Town/Peter Cooper Village,Yellow Zone,true,1.0
224,pickup,2025,5,41979,10.644924772223822,1,Manhattan,Stuy Town/Peter Cooper Village,Yellow Zone,true,1.0
224,pickup,2025,6,38114,10.548336947688322,1,Manhattan,Stuy Town/Peter Cooper Village,Yellow Zone,true,1.0
225,dropoff,2024,2,165241,12.015160293295827,0,Brooklyn,Stuyvesant Heights,Boro Zone,false,0.112
225,dropoff,2024,3,183547,12.120226044471062,0,Brooklyn,Stuyvesant Heights,Boro Zone,false,0.112
225,dropoff,2024,4,163146,12.002400784405559,0,Brooklyn,Stuyvesant Heights,Boro Zone,false,0.112
225,dropoff,2024,5,174158,12.067718212149336,0,Brooklyn,Stuyvesant Heights,Boro Zone,false,0.112
225,dropoff,2024,6,174014,12.066891034730068,0,Brooklyn,Stuyvesant Heights,Boro Zone,false,0.112
225,dropoff,2025,2,162238,11.996819671892798,1,Brooklyn,Stuyvesant Heights,Boro Zone,false,0.112
225,dropoff,2025,3,171909,12.054720546021354,1,Brooklyn,Stuyvesant Heights,Boro Zone,false,0.112
225,dropoff,2025,4,163557,12.00491683241748,1,Brooklyn,Stuyvesant Heights,Boro Zone,false,0.112
225,dropoff,2025,5,176727,12.082361447993083,1,Brooklyn,Stuyvesant Heights,Boro Zone,false,0.112
225,dropoff,2025,6,166436,12.022366130123638,1,Brooklyn,Stuyvesant Heights,Boro Zone,false,0.112
225,pickup,2024,2,156011,11.957681796566275,0,Brooklyn,Stuyvesant Heights,Boro Zone,false,0.0768
225,pickup,2024,3,175122,12.073238152871593,0,Brooklyn,Stuyvesant Heights,Boro Zone,false,0.0768
225,pickup,2024,4,155329,11.953300727054836,0,Brooklyn,Stuyvesant Heights,Boro Zone,false,0.0768
225,pickup,2024,5,164980,12.013579533414722,0,Brooklyn,Stuyvesant Heights,Boro Zone,false,0.0768
225,pickup,2024,6,165624,12.017475437968548,0,Brooklyn,Stuyvesant Heights,Boro Zone,false,0.0768
225,pickup,2025,2,154198,11.945992769858641,1,Brooklyn,Stuyvesant Heights,Boro Zone,false,0.0768
225,pickup,2025,3,164062,12.007999684144389,1,Brooklyn,Stuyvesant Heights,Boro Zone,false,0.0768
225,pickup,2025,4,155332,11.953320040711846,1,Brooklyn,Stuyvesant Heights,Boro Zone,false,0.0768
225,pickup,2025,5,166811,12.024616713974567,1,Brooklyn,Stuyvesant Heights,Boro Zone,false,0.0768
225,pickup,2025,6,158911,11.97609957605706,1,Brooklyn,Stuyvesant Heights,Boro Zone,false,0.0768
226,dropoff,2024,2,113431,11.638950001524101,0,Queens,Sunnyside,Boro Zone,false,0.125
226,dropoff,2024,3,132108,11.791375048858404,0,Queens,Sunnyside,Boro Zone,false,0.125
226,dropoff,2024,4,119636,11.692209078550732,0,Queens,Sunnyside,Boro Zone,false,0.125
226,dropoff,2024,5,122091,11.712521947308366,0,Queens,Sunnyside,Boro Zone,false,0.125
226,dropoff,2024,6,118531,11.682929808720655,0,Queens,Sunnyside,Boro Zone,false,0.125
226,dropoff,2025,2,120987,11.703438380790471,1,Queens,Sunnyside,Boro Zone,false,0.125
226,dropoff,2025,3,128583,11.764329889201377,1,Queens,Sunnyside,Boro Zone,false,0.125
226,dropoff,2025,4,121869,11.710701976319044,1,Queens,Sunnyside,Boro Zone,false,0.125
226,dropoff,2025,5,131488,11.786670871683135,1,Queens,Sunnyside,Boro Zone,false,0.125
226,dropoff,2025,6,128934,11.767055924510617,1,Queens,Sunnyside,Boro Zone,false,0.125
226,pickup,2024,2,111963,11.625923738554432,0,Queens,Sunnyside,Boro Zone,false,0.1128
226,pickup,2024,3,130125,11.77625080591727,0,Queens,Sunnyside,Boro Zone,false,0.1128
226,pickup,2024,4,117480,11.674023385312557,0,Queens,Sunnyside,Boro Zone,false,0.1128
226,pickup,2024,5,119981,11.695088675894803,0,Queens,Sunnyside,Boro Zone,false,0.1128
226,pickup,2024,6,116022,11.661535107278647,0,Queens,Sunnyside,Boro Zone,false,0.1128
226,pickup,2025,2,116447,11.665191512850969,1,Queens,Sunnyside,Boro Zone,false,0.1128
226,pickup,2025,3,123645,11.725169835415437,1,Queens,Sunnyside,Boro Zone,false,0.1128
226,pickup,2025,4,118819,11.68535660578275,1,Queens,Sunnyside,Boro Zone,false,0.1128
226,pickup,2025,5,127731,11.757681769020502,1,Queens,Sunnyside,Boro Zone,false,0.1128
226,pickup,2025,6,126233,11.745884684605668,1,Queens,Sunnyside,Boro Zone,false,0.1128
227,dropoff,2024,2,48222,10.783570627440774,0,Brooklyn,Sunset Park East,Boro Zone,false,0.0675
227,dropoff,2024,3,52646,10.87134554126669,0,Brooklyn,Sunset Park East,Boro Zone,false,0.0675
227,dropoff,2024,4,49412,10.807948588656703,0,Brooklyn,Sunset Park East,Boro Zone,false,0.0675
227,dropoff,2024,5,51147,10.842459118633341,0,Brooklyn,Sunset Park East,Boro Zone,false,0.0675
227,dropoff,2024,6,49740,10.814564717357396,0,Brooklyn,Sunset Park East,Boro Zone,false,0.0675
227,dropoff,2025,2,51186,10.84322133613675,1,Brooklyn,Sunset Park East,Boro Zone,false,0.0675
227,dropoff,2025,3,52946,10.877027805210977,1,Brooklyn,Sunset Park East,Boro Zone,false,0.0675
227,dropoff,2025,4,50515,10.830025600861832,1,Brooklyn,Sunset Park East,Boro Zone,false,0.0675
227,dropoff,2025,5,55384,10.922046022357861,1,Brooklyn,Sunset Park East,Boro Zone,false,0.0675
227,dropoff,2025,6,56106,10.934998037663501,1,Brooklyn,Sunset Park East,Boro Zone,false,0.0675
227,pickup,2024,2,45728,10.730466080729594,0,Brooklyn,Sunset Park East,Boro Zone,false,0.0507
227,pickup,2024,3,48899,10.79751222535611,0,Brooklyn,Sunset Park East,Boro Zone,false,0.0507
227,pickup,2024,4,45288,10.720797375716495,0,Brooklyn,Sunset Park East,Boro Zone,false,0.0507
227,pickup,2024,5,47488,10.768232326527052,0,Brooklyn,Sunset Park East,Boro Zone,false,0.0507
227,pickup,2024,6,46801,10.753659849198824,0,Brooklyn,Sunset Park East,Boro Zone,false,0.0507
227,pickup,2025,2,48934,10.798227730379839,1,Brooklyn,Sunset Park East,Boro Zone,false,0.0507
227,pickup,2025,3,50593,10.831568505784759,1,Brooklyn,Sunset Park East,Boro Zone,false,0.0507
227,pickup,2025,4,47407,10.766525176104544,1,Brooklyn,Sunset Park East,Boro Zone,false,0.0507
227,pickup,2025,5,51831,10.855743704842892,1,Brooklyn,Sunset Park East,Boro Zone,false,0.0507
227,pickup,2025,6,51977,10.858556592024357,1,Brooklyn,Sunset Park East,Boro Zone,false,0.0507
228,dropoff,2024,2,98021,11.492937020411091,0,Brooklyn,Sunset Park West,Boro Zone,false,0.0931
228,dropoff,2024,3,103596,11.548253998023522,0,Brooklyn,Sunset Park West,Boro Zone,false,0.0931
228,dropoff,2024,4,99340,11.506303588661341,0,Brooklyn,Sunset Park West,Boro Zone,false,0.0931
228,dropoff,2024,5,102005,11.53277711067283,0,Brooklyn,Sunset Park West,Boro Zone,false,0.0931
228,dropoff,2024,6,104031,11.552444210630487,0,Brooklyn,Sunset Park West,Boro Zone,false,0.0931
228,dropoff,2025,2,100191,11.51483364323953,1,Brooklyn,Sunset Park West,Boro Zone,false,0.0931
228,dropoff,2025,3,103951,11.551674913249506,1,Brooklyn,Sunset Park West,Boro Zone,false,0.0931
228,dropoff,2025,4,99591,11.508827078044066,1,Brooklyn,Sunset Park West,Boro Zone,false,0.0931
228,dropoff,2025,5,110679,11.614389398804029,1,Brooklyn,Sunset Park West,Boro Zone,false,0.0931
228,dropoff,2025,6,112311,11.629027087844074,1,Brooklyn,Sunset Park West,Boro Zone,false,0.0931
228,pickup,2024,2,93866,11.449623512299967,0,Brooklyn,Sunset Park West,Boro Zone,false,0.0797
228,pickup,2024,3,97026,11.482734262805998,0,Brooklyn,Sunset Park West,Boro Zone,false,0.0797
228,pickup,2024,4,93064,11.441042707496603,0,Brooklyn,Sunset Park West,Boro Zone,false,0.0797
228,pickup,2024,5,96842,11.480836063461615,0,Brooklyn,Sunset Park West,Boro Zone,false,0.0797
228,pickup,2024,6,100479,11.517704029423202,0,Brooklyn,Sunset Park West,Boro Zone,false,0.0797
228,pickup,2025,2,97592,11.488550801828573,1,Brooklyn,Sunset Park West,Boro Zone,false,0.0797
228,pickup,2025,3,98272,11.49549442324055,1,Brooklyn,Sunset Park West,Boro Zone,false,0.0797
228,pickup,2025,4,94086,11.451964536609086,1,Brooklyn,Sunset Park West,Boro Zone,false,0.0797
228,pickup,2025,5,107231,11.582740664919099,1,Brooklyn,Sunset Park West,Boro Zone,false,0.0797
228,pickup,2025,6,111086,11.618059955086206,1,Brooklyn,Sunset Park West,Boro Zone,false,0.0797
229,dropoff,2024,2,95621,11.468147740188575,0,Manhattan,Sutton Place/Turtle Bay North,Yellow Zone,true,1.0
229,dropoff,2024,3,102181,11.534501029487908,0,Manhattan,Sutton Place/Turtle Bay North,Yellow Zone,true,1.0
229,dropoff,2024,4,93394,11.444582382324773,0,Manhattan,Sutton Place/Turtle Bay North,Yellow Zone,true,1.0
229,dropoff,2024,5,97304,11.485595377298273,0,Manhattan,Sutton Place/Turtle Bay North,Yellow Zone,true,1.0
229,dropoff,2024,6,91583,11.425000943918706,0,Manhattan,Sutton Place/Turtle Bay North,Yellow Zone,true,1.0
229,dropoff,2025,2,87158,11.37547784248964,1,Manhattan,Sutton Place/Turtle Bay North,Yellow Zone,true,1.0
229,dropoff,2025,3,87939,11.384398671280563,1,Manhattan,Sutton Place/Turtle Bay North,Yellow Zone,true,1.0
229,dropoff,2025,4,86801,11.371373421319406,1,Manhattan,Sutton Place/Turtle Bay North,Yellow Zone,true,1.0
229,dropoff,2025,5,89011,11.3965152365826,1,Manhattan,Sutton Place/Turtle Bay North,Yellow Zone,true,1.0
229,dropoff,2025,6,79735,11.286463915182072,1,Manhattan,Sutton Place/Turtle Bay North,Yellow Zone,true,1.0
229,pickup,2024,2,118039,11.678770357316484,0,Manhattan,Sutton Place/Turtle Bay North,Yellow Zone,true,1.0
229,pickup,2024,3,127327,11.75451385946372,0,Manhattan,Sutton Place/Turtle Bay North,Yellow Zone,true,1.0
229,pickup,2024,4,118003,11.678465326853438,0,Manhattan,Sutton Place/Turtle Bay North,Yellow Zone,true,1.0
229,pickup,2024,5,126513,11.748100348667986,0,Manhattan,Sutton Place/Turtle Bay North,Yellow Zone,true,1.0
229,pickup,2024,6,118356,11.681452310741994,0,Manhattan,Sutton Place/Turtle Bay North,Yellow Zone,true,1.0
229,pickup,2025,2,112195,11.627993707797904,1,Manhattan,Sutton Place/Turtle Bay North,Yellow Zone,true,1.0
229,pickup,2025,3,114164,11.64539129007928,1,Manhattan,Sutton Place/Turtle Bay North,Yellow Zone,true,1.0
229,pickup,2025,4,113717,11.641468184833071,1,Manhattan,Sutton Place/Turtle Bay North,Yellow Zone,true,1.0
229,pickup,2025,5,117987,11.678329727887172,1,Manhattan,Sutton Place/Turtle Bay North,Yellow Zone,true,1.0
229,pickup,2025,6,105593,11.567347360178372,1,Manhattan,Sutton Place/Turtle Bay North,Yellow Zone,true,1.0
230,dropoff,2024,2,199872,12.20543244064275,0,Manhattan,Times Sq/Theatre District,Yellow Zone,true,1.0
230,dropoff,2024,3,224970,12.323722338963545,0,Manhattan,Times Sq/Theatre District,Yellow Zone,true,1.0
230,dropoff,2024,4,212285,12.265684990461317,0,Manhattan,Times Sq/Theatre District,Yellow Zone,true,1.0
230,dropoff,2024,5,222481,12.312596983683793,0,Manhattan,Times Sq/Theatre District,Yellow Zone,true,1.0
230,dropoff,2024,6,218370,12.293946150780414,0,Manhattan,Times Sq/Theatre District,Yellow Zone,true,1.0
230,dropoff,2025,2,194776,12.179605459315002,1,Manhattan,Times Sq/Theatre District,Yellow Zone,true,1.0
230,dropoff,2025,3,208353,12.246989035595028,1,Manhattan,Times Sq/Theatre District,Yellow Zone,true,1.0
230,dropoff,2025,4,199186,12.201994340538302,1,Manhattan,Times Sq/Theatre District,Yellow Zone,true,1.0
230,dropoff,2025,5,211316,12.261109922460072,1,Manhattan,Times Sq/Theatre District,Yellow Zone,true,1.0
230,dropoff,2025,6,201974,12.215894255227843,1,Manhattan,Times Sq/Theatre District,Yellow Zone,true,1.0
230,pickup,2024,2,233076,12.359119859620133,0,Manhattan,Times Sq/Theatre District,Yellow Zone,true,1.0
230,pickup,2024,3,259270,12.465625268728548,0,Manhattan,Times Sq/Theatre District,Yellow Zone,true,1.0
230,pickup,2024,4,241881,12.396201148660065,0,Manhattan,Times Sq/Theatre District,Yellow Zone,true,1.0
230,pickup,2024,5,255147,12.449595128633458,0,Manhattan,Times Sq/Theatre District,Yellow Zone,true,1.0
230,pickup,2024,6,247881,12.420704071278008,0,Manhattan,Times Sq/Theatre District,Yellow Zone,true,1.0
230,pickup,2025,2,229698,12.344520681630142,1,Manhattan,Times Sq/Theatre District,Yellow Zone,true,1.0
230,pickup,2025,3,247169,12.417827592171124,1,Manhattan,Times Sq/Theatre District,Yellow Zone,true,1.0
230,pickup,2025,4,228750,12.340384983137767,1,Manhattan,Times Sq/Theatre District,Yellow Zone,true,1.0
230,pickup,2025,5,246833,12.416467273582077,1,Manhattan,Times Sq/Theatre District,Yellow Zone,true,1.0
230,pickup,2025,6,234491,12.365172486601042,1,Manhattan,Times Sq/Theatre District,Yellow Zone,true,1.0
231,dropoff,2024,2,197396,12.192967142351694,0,Manhattan,TriBeCa/Civic Center,Yellow Zone,true,1.0
231,dropoff,2024,3,201707,12.214571428347535,0,Manhattan,TriBeCa/Civic Center,Yellow Zone,true,1.0
231,dropoff,2024,4,198680,12.199450769221286,0,Manhattan,TriBeCa/Civic Center,Yellow Zone,true,1.0
231,dropoff,2024,5,202874,12.220340375661182,0,Manhattan,TriBeCa/Civic Center,Yellow Zone,true,1.0
231,dropoff,2024,6,190527,12.157549195789287,0,Manhattan,TriBeCa/Civic Center,Yellow Zone,true,1.0
231,dropoff,2025,2,190190,12.155778851475707,1,Manhattan,TriBeCa/Civic Center,Yellow Zone,true,1.0
231,dropoff,2025,3,186449,12.135913022224388,1,Manhattan,TriBeCa/Civic Center,Yellow Zone,true,1.0
231,dropoff,2025,4,189920,12.154358209843496,1,Manhattan,TriBeCa/Civic Center,Yellow Zone,true,1.0
231,dropoff,2025,5,192608,12.168412314347497,1,Manhattan,TriBeCa/Civic Center,Yellow Zone,true,1.0
231,dropoff,2025,6,177140,12.084695659363573,1,Manhattan,TriBeCa/Civic Center,Yellow Zone,true,1.0
231,pickup,2024,2,231345,12.351665381825825,0,Manhattan,TriBeCa/Civic Center,Yellow Zone,true,1.0
231,pickup,2024,3,238886,12.383741729671248,0,Manhattan,TriBeCa/Civic Center,Yellow Zone,true,1.0
231,pickup,2024,4,234919,12.366996052859134,0,Manhattan,TriBeCa/Civic Center,Yellow Zone,true,1.0
231,pickup,2024,5,241460,12.394459106886378,0,Manhattan,TriBeCa/Civic Center,Yellow Zone,true,1.0
231,pickup,2024,6,228630,12.339860255328272,0,Manhattan,TriBeCa/Civic Center,Yellow Zone,true,1.0
231,pickup,2025,2,222524,12.312790239939943,1,Manhattan,TriBeCa/Civic Center,Yellow Zone,true,1.0
231,pickup,2025,3,219495,12.299084732194636,1,Manhattan,TriBeCa/Civic Center,Yellow Zone,true,1.0
231,pickup,2025,4,225701,12.32696639345598,1,Manhattan,TriBeCa/Civic Center,Yellow Zone,true,1.0
231,pickup,2025,5,230614,12.34850059616245,1,Manhattan,TriBeCa/Civic Center,Yellow Zone,true,1.0
231,pickup,2025,6,212611,12.267219483908978,1,Manhattan,TriBeCa/Civic Center,Yellow Zone,true,1.0
232,dropoff,2024,2,81382,11.306909397316609,0,Manhattan,Two Bridges/Seward Park,Yellow Zone,true,1.0
232,dropoff,2024,3,83162,11.328545791706802,0,Manhattan,Two Bridges/Seward Park,Yellow Zone,true,1.0
232,dropoff,2024,4,78935,11.276380007965827,0,Manhattan,Two Bridges/Seward Park,Yellow Zone,true,1.0
232,dropoff,2024,5,79728,11.286376120521187,0,Manhattan,Two Bridges/Seward Park,Yellow Zone,true,1.0
232,dropoff,2024,6,76853,11.249649785290046,0,Manhattan,Two Bridges/Seward Park,Yellow Zone,true,1.0
232,dropoff,2025,2,71369,11.17561888037753,1,Manhattan,Two Bridges/Seward Park,Yellow Zone,true,1.0
232,dropoff,2025,3,72858,11.196267620281874,1,Manhattan,Two Bridges/Seward Park,Yellow Zone,true,1.0
232,dropoff,2025,4,71752,11.180971007797838,1,Manhattan,Two Bridges/Seward Park,Yellow Zone,true,1.0
232,dropoff,2025,5,76144,11.240381563360891,1,Manhattan,Two Bridges/Seward Park,Yellow Zone,true,1.0
232,dropoff,2025,6,68231,11.130654286011607,1,Manhattan,Two Bridges/Seward Park,Yellow Zone,true,1.0
232,pickup,2024,2,92860,11.438848261573913,0,Manhattan,Two Bridges/Seward Park,Yellow Zone,true,1.0
232,pickup,2024,3,96074,11.472874006843877,0,Manhattan,Two Bridges/Seward Park,Yellow Zone,true,1.0
232,pickup,2024,4,90992,11.41852686954658,0,Manhattan,Two Bridges/Seward Park,Yellow Zone,true,1.0
232,pickup,2024,5,92176,11.431455071972165,0,Manhattan,Two Bridges/Seward Park,Yellow Zone,true,1.0
232,pickup,2024,6,90185,11.4096183951043,0,Manhattan,Two Bridges/Seward Park,Yellow Zone,true,1.0
232,pickup,2025,2,83438,11.331859120068113,1,Manhattan,Two Bridges/Seward Park,Yellow Zone,true,1.0
232,pickup,2025,3,84626,11.345996826983754,1,Manhattan,Two Bridges/Seward Park,Yellow Zone,true,1.0
232,pickup,2025,4,84238,11.34140140483561,1,Manhattan,Two Bridges/Seward Park,Yellow Zone,true,1.0
232,pickup,2025,5,90063,11.408264704426676,1,Manhattan,Two Bridges/Seward Park,Yellow Zone,true,1.0
232,pickup,2025,6,81652,11.310221592893475,1,Manhattan,Two Bridges/Seward Park,Yellow Zone,true,1.0
233,dropoff,2024,2,102988,11.542367755570186,0,Manhattan,UN/Turtle Bay South,Yellow Zone,true,1.0
233,dropoff,2024,3,112605,11.631641398675212,0,Manhattan,UN/Turtle Bay South,Yellow Zone,true,1.0
233,dropoff,2024,4,104238,11.554432025121955,0,Manhattan,UN/Turtle Bay South,Yellow Zone,true,1.0
233,dropoff,2024,5,105118,11.562838807662253,0,Manhattan,UN/Turtle Bay South,Yellow Zone,true,1.0
233,dropoff,2024,6,100990,11.522776781020603,0,Manhattan,UN/Turtle Bay South,Yellow Zone,true,1.0
233,dropoff,2025,2,95003,11.461663749031441,1,Manhattan,UN/Turtle Bay South,Yellow Zone,true,1.0
233,dropoff,2025,3,99458,11.507490723480183,1,Manhattan,UN/Turtle Bay South,Yellow Zone,true,1.0
233,dropoff,2025,4,96012,11.472228462638125,1,Manhattan,UN/Turtle Bay South,Yellow Zone,true,1.0
233,dropoff,2025,5,95580,11.46771887213215,1,Manhattan,UN/Turtle Bay South,Yellow Zone,true,1.0
233,dropoff,2025,6,89014,11.396548939714185,1,Manhattan,UN/Turtle Bay South,Yellow Zone,true,1.0
233,pickup,2024,2,112905,11.634302036136742,0,Manhattan,UN/Turtle Bay South,Yellow Zone,true,1.0
233,pickup,2024,3,123217,11.721702307575212,0,Manhattan,UN/Turtle Bay South,Yellow Zone,true,1.0
233,pickup,2024,4,113128,11.636275199987612,0,Manhattan,UN/Turtle Bay South,Yellow Zone,true,1.0
233,pickup,2024,5,116949,11.669493221313092,0,Manhattan,UN/Turtle Bay South,Yellow Zone,true,1.0
233,pickup,2024,6,113271,11.637538456618753,0,Manhattan,UN/Turtle Bay South,Yellow Zone,true,1.0
233,pickup,2025,2,107829,11.588301917976118,1,Manhattan,UN/Turtle Bay South,Yellow Zone,true,1.0
233,pickup,2025,3,111510,11.621869551959408,1,Manhattan,UN/Turtle Bay South,Yellow Zone,true,1.0
233,pickup,2025,4,110203,11.610079398560895,1,Manhattan,UN/Turtle Bay South,Yellow Zone,true,1.0
233,pickup,2025,5,110477,11.61256263347843,1,Manhattan,UN/Turtle Bay South,Yellow Zone,true,1.0
233,pickup,2025,6,103434,11.546689007123033,1,Manhattan,UN/Turtle Bay South,Yellow Zone,true,1.0
234,dropoff,2024,2,190444,12.157113467078632,0,Manhattan,Union Sq,Yellow Zone,true,1.0
234,dropoff,2024,3,196914,12.19052236418186,0,Manhattan,Union Sq,Yellow Zone,true,1.0
234,dropoff,2024,4,185256,12.1294939312978,0,Manhattan,Union Sq,Yellow Zone,true,1.0
234,dropoff,2024,5,185393,12.130233175198304,0,Manhattan,Union Sq,Yellow Zone,true,1.0
234,dropoff,2024,6,177525,12.086866723050294,0,Manhattan,Union Sq,Yellow Zone,true,1.0
234,dropoff,2025,2,189445,12.151854023910554,1,Manhattan,Union Sq,Yellow Zone,true,1.0
234,dropoff,2025,3,186389,12.135591166616763,1,Manhattan,Union Sq,Yellow Zone,true,1.0
234,dropoff,2025,4,185479,12.130696947073998,1,Manhattan,Union Sq,Yellow Zone,true,1.0
234,dropoff,2025,5,185026,12.128251634726105,1,Manhattan,Union Sq,Yellow Zone,true,1.0
234,dropoff,2025,6,174417,12.069204262770656,1,Manhattan,Union Sq,Yellow Zone,true,1.0
234,pickup,2024,2,216113,12.283556698020165,0,Manhattan,Union Sq,Yellow Zone,true,1.0
234,pickup,2024,3,222330,12.311918043613515,0,Manhattan,Union Sq,Yellow Zone,true,1.0
234,pickup,2024,4,208429,12.247353734650375,0,Manhattan,Union Sq,Yellow Zone,true,1.0
234,pickup,2024,5,212516,12.266772558629796,0,Manhattan,Union Sq,Yellow Zone,true,1.0
234,pickup,2024,6,200898,12.21055259555188,0,Manhattan,Union Sq,Yellow Zone,true,1.0
234,pickup,2025,2,213245,12.270197018420196,1,Manhattan,Union Sq,Yellow Zone,true,1.0
234,pickup,2025,3,211609,12.262495511143062,1,Manhattan,Union Sq,Yellow Zone,true,1.0
234,pickup,2025,4,209577,12.25284649258351,1,Manhattan,Union Sq,Yellow Zone,true,1.0
234,pickup,2025,5,211580,12.262358456540765,1,Manhattan,Union Sq,Yellow Zone,true,1.0
234,pickup,2025,6,195101,12.181272652174695,1,Manhattan,Union Sq,Yellow Zone,true,1.0
235,dropoff,2024,2,77660,11.260095603285658,0,Bronx,University Heights/Morris Heights,Boro Zone,false,0.0422
235,dropoff,2024,3,86331,11.365944024621301,0,Bronx,University Heights/Morris Heights,Boro Zone,false,0.0422
235,dropoff,2024,4,77783,11.261678177292485,0,Bronx,University Heights/Morris Heights,Boro Zone,false,0.0422
235,dropoff,2024,5,79205,11.279794707122951,0,Bronx,University Heights/Morris Heights,Boro Zone,false,0.0422
235,dropoff,2024,6,76167,11.240683577006326,0,Bronx,University Heights/Morris Heights,Boro Zone,false,0.0422
235,dropoff,2025,2,79158,11.279201134111831,1,Bronx,University Heights/Morris Heights,Boro Zone,false,0.0422
235,dropoff,2025,3,87037,11.374088594584007,1,Bronx,University Heights/Morris Heights,Boro Zone,false,0.0422
235,dropoff,2025,4,79242,11.28026174027186,1,Bronx,University Heights/Morris Heights,Boro Zone,false,0.0422
235,dropoff,2025,5,82825,11.324485227168097,1,Bronx,University Heights/Morris Heights,Boro Zone,false,0.0422
235,dropoff,2025,6,75884,11.236961137472436,1,Bronx,University Heights/Morris Heights,Boro Zone,false,0.0422
235,pickup,2024,2,81271,11.305544528335016,0,Bronx,University Heights/Morris Heights,Boro Zone,false,0.0435
235,pickup,2024,3,90176,11.409518595258351,0,Bronx,University Heights/Morris Heights,Boro Zone,false,0.0435
235,pickup,2024,4,81649,11.310184850926182,0,Bronx,University Heights/Morris Heights,Boro Zone,false,0.0435
235,pickup,2024,5,83129,11.328148897101162,0,Bronx,University Heights/Morris Heights,Boro Zone,false,0.0435
235,pickup,2024,6,80501,11.296024885689746,0,Bronx,University Heights/Morris Heights,Boro Zone,false,0.0435
235,pickup,2025,2,83383,11.331199730638811,1,Bronx,University Heights/Morris Heights,Boro Zone,false,0.0435
235,pickup,2025,3,91727,11.426572053292123,1,Bronx,University Heights/Morris Heights,Boro Zone,false,0.0435
235,pickup,2025,4,83893,11.337297456316673,1,Bronx,University Heights/Morris Heights,Boro Zone,false,0.0435
235,pickup,2025,5,86325,11.365874522258194,1,Bronx,University Heights/Morris Heights,Boro Zone,false,0.0435
235,pickup,2025,6,80565,11.296819591007669,1,Bronx,University Heights/Morris Heights,Boro Zone,false,0.0435
236,dropoff,2024,2,147286,11.900131553806112,0,Manhattan,Upper East Side North,Yellow Zone,false,0.3616
236,dropoff,2024,3,147175,11.899377633896462,0,Manhattan,Upper East Side North,Yellow Zone,false,0.3616
236,dropoff,2024,4,147884,11.904183461643367,0,Manhattan,Upper East Side North,Yellow Zone,false,0.3616
236,dropoff,2024,5,154312,11.946731805904076,0,Manhattan,Upper East Side North,Yellow Zone,false,0.3616
236,dropoff,2024,6,132152,11.791708054234977,0,Manhattan,Upper East Side North,Yellow Zone,false,0.3616
236,dropoff,2025,2,137580,11.831960845080005,1,Manhattan,Upper East Side North,Yellow Zone,false,0.3616
236,dropoff,2025,3,132064,11.791041932552309,1,Manhattan,Upper East Side North,Yellow Zone,false,0.3616
236,dropoff,2025,4,141182,11.85780511716163,1,Manhattan,Upper East Side North,Yellow Zone,false,0.3616
236,dropoff,2025,5,146369,11.893886109453561,1,Manhattan,Upper East Side North,Yellow Zone,false,0.3616
236,dropoff,2025,6,123313,11.722481117495727,1,Manhattan,Upper East Side North,Yellow Zone,false,0.3616
236,pickup,2024,2,148114,11.905737526510627,0,Manhattan,Upper East Side North,Yellow Zone,false,0.3499
236,pickup,2024,3,149790,11.916989592162764,0,Manhattan,Upper East Side North,Yellow Zone,false,0.3499
236,pickup,2024,4,150133,11.919276846888375,0,Manhattan,Upper East Side North,Yellow Zone,false,0.3499
236,pickup,2024,5,160473,11.985880983101847,0,Manhattan,Upper East Side North,Yellow Zone,false,0.3499
236,pickup,2024,6,137752,11.833210245966022,0,Manhattan,Upper East Side North,Yellow Zone,false,0.3499
236,pickup,2025,2,139427,11.8452964457846,1,Manhattan,Upper East Side North,Yellow Zone,false,0.3499
236,pickup,2025,3,133905,11.804885872281572,1,Manhattan,Upper East Side North,Yellow Zone,false,0.3499
236,pickup,2025,4,144260,11.879372506057663,1,Manhattan,Upper East Side North,Yellow Zone,false,0.3499
236,pickup,2025,5,150856,11.924081018406758,1,Manhattan,Upper East Side North,Yellow Zone,false,0.3499
236,pickup,2025,6,126682,11.74943528833976,1,Manhattan,Upper East Side North,Yellow Zone,false,0.3499
237,dropoff,2024,2,154048,11.945019521142743,0,Manhattan,Upper East Side South,Yellow Zone,false,0.4475
237,dropoff,2024,3,156876,11.96321096334986,0,Manhattan,Upper East Side South,Yellow Zone,false,0.4475
237,dropoff,2024,4,162041,11.995604668613309,0,Manhattan,Upper East Side South,Yellow Zone,false,0.4475
237,dropoff,2024,5,171213,12.050663674386334,0,Manhattan,Upper East Side South,Yellow Zone,false,0.4475
237,dropoff,2024,6,146189,11.892655584069106,0,Manhattan,Upper East Side South,Yellow Zone,false,0.4475
237,dropoff,2025,2,154058,11.945084433867608,1,Manhattan,Upper East Side South,Yellow Zone,false,0.4475
237,dropoff,2025,3,150900,11.924372644755941,1,Manhattan,Upper East Side South,Yellow Zone,false,0.4475
237,dropoff,2025,4,163202,12.002743976339014,1,Manhattan,Upper East Side South,Yellow Zone,false,0.4475
237,dropoff,2025,5,174178,12.067833043806253,1,Manhattan,Upper East Side South,Yellow Zone,false,0.4475
237,dropoff,2025,6,147323,11.900382734185493,1,Manhattan,Upper East Side South,Yellow Zone,false,0.4475
237,pickup,2024,2,158972,11.976483365065901,0,Manhattan,Upper East Side South,Yellow Zone,false,0.4329
237,pickup,2024,3,163278,12.003209548511109,0,Manhattan,Upper East Side South,Yellow Zone,false,0.4329
237,pickup,2024,4,167232,12.027137348880284,0,Manhattan,Upper East Side South,Yellow Zone,false,0.4329
237,pickup,2024,5,180107,12.10130639770468,0,Manhattan,Upper East Side South,Yellow Zone,false,0.4329
237,pickup,2024,6,154915,11.95063185838541,0,Manhattan,Upper East Side South,Yellow Zone,false,0.4329
237,pickup,2025,2,160161,11.9839348382858,1,Manhattan,Upper East Side South,Yellow Zone,false,0.4329
237,pickup,2025,3,156795,11.962694498634917,1,Manhattan,Upper East Side South,Yellow Zone,false,0.4329
237,pickup,2025,4,170047,12.043830148409684,1,Manhattan,Upper East Side South,Yellow Zone,false,0.4329
237,pickup,2025,5,184654,12.126239082651006,1,Manhattan,Upper East Side South,Yellow Zone,false,0.4329
237,pickup,2025,6,155187,11.952386120336351,1,Manhattan,Upper East Side South,Yellow Zone,false,0.4329
238,dropoff,2024,2,96496,11.477256835690769,0,Manhattan,Upper West Side North,Yellow Zone,false,0.2909
238,dropoff,2024,3,97940,11.492110325256307,0,Manhattan,Upper West Side North,Yellow Zone,false,0.2909
238,dropoff,2024,4,96958,11.482033174027695,0,Manhattan,Upper West Side North,Yellow Zone,false,0.2909
238,dropoff,2024,5,99203,11.50492353475117,0,Manhattan,Upper West Side North,Yellow Zone,false,0.2909
238,dropoff,2024,6,88983,11.396200619233353,0,Manhattan,Upper West Side North,Yellow Zone,false,0.2909
238,dropoff,2025,2,90389,11.411877857560555,1,Manhattan,Upper West Side North,Yellow Zone,false,0.2909
238,dropoff,2025,3,88945,11.39577348015937,1,Manhattan,Upper West Side North,Yellow Zone,false,0.2909
238,dropoff,2025,4,90313,11.411036693605743,1,Manhattan,Upper West Side North,Yellow Zone,false,0.2909
238,dropoff,2025,5,91445,11.423492977638675,1,Manhattan,Upper West Side North,Yellow Zone,false,0.2909
238,dropoff,2025,6,80830,11.30010346272789,1,Manhattan,Upper West Side North,Yellow Zone,false,0.2909
238,pickup,2024,2,104809,11.559894925044382,0,Manhattan,Upper West Side North,Yellow Zone,false,0.2509
238,pickup,2024,3,107496,11.585208916555246,0,Manhattan,Upper West Side North,Yellow Zone,false,0.2509
238,pickup,2024,4,108244,11.592143217076858,0,Manhattan,Upper West Side North,Yellow Zone,false,0.2509
238,pickup,2024,5,110447,11.61229104686779,0,Manhattan,Upper West Side North,Yellow Zone,false,0.2509
238,pickup,2024,6,100839,11.521280464552962,0,Manhattan,Upper West Side North,Yellow Zone,false,0.2509
238,pickup,2025,2,99434,11.507249386471992,1,Manhattan,Upper West Side North,Yellow Zone,false,0.2509
238,pickup,2025,3,97807,11.490751428103692,1,Manhattan,Upper West Side North,Yellow Zone,false,0.2509
238,pickup,2025,4,100056,11.513485308228743,1,Manhattan,Upper West Side North,Yellow Zone,false,0.2509
238,pickup,2025,5,101772,11.5304902961497,1,Manhattan,Upper West Side North,Yellow Zone,false,0.2509
238,pickup,2025,6,90661,11.414882554656819,1,Manhattan,Upper West Side North,Yellow Zone,false,0.2509
239,dropoff,2024,2,116073,11.66197458250061,0,Manhattan,Upper West Side South,Yellow Zone,false,0.3623
239,dropoff,2024,3,125485,11.739941508498312,0,Manhattan,Upper West Side South,Yellow Zone,false,0.3623
239,dropoff,2024,4,116296,11.66389394410616,0,Manhattan,Upper West Side South,Yellow Zone,false,0.3623
239,dropoff,2024,5,119109,11.687794319238998,0,Manhattan,Upper West Side South,Yellow Zone,false,0.3623
239,dropoff,2024,6,111159,11.618716887774234,0,Manhattan,Upper West Side South,Yellow Zone,false,0.3623
239,dropoff,2025,2,107624,11.586398950165378,1,Manhattan,Upper West Side South,Yellow Zone,false,0.3623
239,dropoff,2025,3,108809,11.597349330571056,1,Manhattan,Upper West Side South,Yellow Zone,false,0.3623
239,dropoff,2025,4,110374,11.611629877842569,1,Manhattan,Upper West Side South,Yellow Zone,false,0.3623
239,dropoff,2025,5,113960,11.643602788611844,1,Manhattan,Upper West Side South,Yellow Zone,false,0.3623
239,dropoff,2025,6,100816,11.521052352181837,1,Manhattan,Upper West Side South,Yellow Zone,false,0.3623
239,pickup,2024,2,128328,11.762344765296676,0,Manhattan,Upper West Side South,Yellow Zone,false,0.3445
239,pickup,2024,3,137994,11.834965484933266,0,Manhattan,Upper West Side South,Yellow Zone,false,0.3445
239,pickup,2024,4,129636,11.772485802104985,0,Manhattan,Upper West Side South,Yellow Zone,false,0.3445
239,pickup,2024,5,134431,11.80880633523637,0,Manhattan,Upper West Side South,Yellow Zone,false,0.3445
239,pickup,2024,6,124743,11.734010899814967,0,Manhattan,Upper West Side South,Yellow Zone,false,0.3445
239,pickup,2025,2,117815,11.676870876558473,1,Manhattan,Upper West Side South,Yellow Zone,false,0.3445
239,pickup,2025,3,120996,11.703512766181216,1,Manhattan,Upper West Side South,Yellow Zone,false,0.3445
239,pickup,2025,4,122602,11.716698615564892,1,Manhattan,Upper West Side South,Yellow Zone,false,0.3445
239,pickup,2025,5,125984,11.743910193743464,1,Manhattan,Upper West Side South,Yellow Zone,false,0.3445
239,pickup,2025,6,112013,11.626370214970036,1,Manhattan,Upper West Side South,Yellow Zone,false,0.3445
240,dropoff,2024,2,10378,9.247443459927686,0,Bronx,Van Cortlandt Park,Boro Zone,false,0.0421
240,dropoff,2024,3,11533,9.35296777022594,0,Bronx,Van Cortlandt Park,Boro Zone,false,0.0421
240,dropoff,2024,4,11733,9.370160663423624,0,Bronx,Van Cortlandt Park,Boro Zone,false,0.0421
240,dropoff,2024,5,12309,9.418085981110297,0,Bronx,Van Cortlandt Park,Boro Zone,false,0.0421
240,dropoff,2024,6,13262,9.492658081928813,0,Bronx,Van Cortlandt Park,Boro Zone,false,0.0421
240,dropoff,2025,2,9879,9.198166571044474,1,Bronx,Van Cortlandt Park,Boro Zone,false,0.0421
240,dropoff,2025,3,11522,9.352013530292329,1,Bronx,Van Cortlandt Park,Boro Zone,false,0.0421
240,dropoff,2025,4,11571,9.356257246876337,1,Bronx,Van Cortlandt Park,Boro Zone,false,0.0421
240,dropoff,2025,5,12695,9.448963494138779,1,Bronx,Van Cortlandt Park,Boro Zone,false,0.0421
240,dropoff,2025,6,12788,9.456262510179732,1,Bronx,Van Cortlandt Park,Boro Zone,false,0.0421
240,pickup,2024,2,11417,9.342858751676328,0,Bronx,Van Cortlandt Park,Boro Zone,false,0.0314
240,pickup,2024,3,12933,9.467537463415244,0,Bronx,Van Cortlandt Park,Boro Zone,false,0.0314
240,pickup,2024,4,13090,9.479603858903946,0,Bronx,Van Cortlandt Park,Boro Zone,false,0.0314
240,pickup,2024,5,13123,9.482121694896287,0,Bronx,Van Cortlandt Park,Boro Zone,false,0.0314
240,pickup,2024,6,13984,9.545669097895317,0,Bronx,Van Cortlandt Park,Boro Zone,false,0.0314
240,pickup,2025,2,12578,9.439704535103449,1,Bronx,Van Cortlandt Park,Boro Zone,false,0.0314
240,pickup,2025,3,13873,9.537699784080726,1,Bronx,Van Cortlandt Park,Boro Zone,false,0.0314
240,pickup,2025,4,14516,9.583006768332961,1,Bronx,Van Cortlandt Park,Boro Zone,false,0.0314
240,pickup,2025,5,15772,9.665991494997519,1,Bronx,Van Cortlandt Park,Boro Zone,false,0.0314
240,pickup,2025,6,15917,9.675142999429854,1,Bronx,Van Cortlandt Park,Boro Zone,false,0.0314
241,dropoff,2024,2,69479,11.148779827620494,0,Bronx,Van Cortlandt Village,Boro Zone,false,0.045
241,dropoff,2024,3,77690,11.260481827944467,0,Bronx,Van Cortlandt Village,Boro Zone,false,0.045
241,dropoff,2024,4,69801,11.153403615295403,0,Bronx,Van Cortlandt Village,Boro Zone,false,0.045
241,dropoff,2024,5,75698,11.234507018997263,0,Bronx,Van Cortlandt Village,Boro Zone,false,0.045
241,dropoff,2024,6,69598,11.150491110277452,0,Bronx,Van Cortlandt Village,Boro Zone,false,0.045
241,dropoff,2025,2,71067,11.171378373026236,1,Bronx,Van Cortlandt Village,Boro Zone,false,0.045
241,dropoff,2025,3,78545,11.27142698793404,1,Bronx,Van Cortlandt Village,Boro Zone,false,0.045
241,dropoff,2025,4,72239,11.187735345248655,1,Bronx,Van Cortlandt Village,Boro Zone,false,0.045
241,dropoff,2025,5,78876,11.275632278051576,1,Bronx,Van Cortlandt Village,Boro Zone,false,0.045
241,dropoff,2025,6,71560,11.178291537622655,1,Bronx,Van Cortlandt Village,Boro Zone,false,0.045
241,pickup,2024,2,71905,11.18310108232048,0,Bronx,Van Cortlandt Village,Boro Zone,false,0.0392
241,pickup,2024,3,80920,11.301216291281682,0,Bronx,Van Cortlandt Village,Boro Zone,false,0.0392
241,pickup,2024,4,73785,11.20891073789755,0,Bronx,Van Cortlandt Village,Boro Zone,false,0.0392
241,pickup,2024,5,77361,11.25623805662067,0,Bronx,Van Cortlandt Village,Boro Zone,false,0.0392
241,pickup,2024,6,72899,11.19683020048154,0,Bronx,Van Cortlandt Village,Boro Zone,false,0.0392
241,pickup,2025,2,73453,11.204401024879566,1,Bronx,Van Cortlandt Village,Boro Zone,false,0.0392
241,pickup,2025,3,80542,11.296534066478552,1,Bronx,Van Cortlandt Village,Boro Zone,false,0.0392
241,pickup,2025,4,75476,11.231570003907605,1,Bronx,Van Cortlandt Village,Boro Zone,false,0.0392
241,pickup,2025,5,81505,11.30841964704039,1,Bronx,Van Cortlandt Village,Boro Zone,false,0.0392
241,pickup,2025,6,75499,11.231874690116287,1,Bronx,Van Cortlandt Village,Boro Zone,false,0.0392
242,dropoff,2024,2,74946,11.224523133193964,0,Bronx,Van Nest/Morris Park,Boro Zone,false,0.022
242,dropoff,2024,3,81705,11.310870478485885,0,Bronx,Van Nest/Morris Park,Boro Zone,false,0.022
242,dropoff,2024,4,77273,11.255099885073665,0,Bronx,Van Nest/Morris Park,Boro Zone,false,0.022
242,dropoff,2024,5,79021,11.277468918909353,0,Bronx,Van Nest/Morris Park,Boro Zone,false,0.022
242,dropoff,2024,6,75868,11.236750267104213,0,Bronx,Van Nest/Morris Park,Boro Zone,false,0.022
242,dropoff,2025,2,77853,11.262577712165138,1,Bronx,Van Nest/Morris Park,Boro Zone,false,0.022
242,dropoff,2025,3,83559,11.333308248150352,1,Bronx,Van Nest/Morris Park,Boro Zone,false,0.022
242,dropoff,2025,4,79618,11.284995476922058,1,Bronx,Van Nest/Morris Park,Boro Zone,false,0.022
242,dropoff,2025,5,83231,11.329375153566437,1,Bronx,Van Nest/Morris Park,Boro Zone,false,0.022
242,dropoff,2025,6,78702,11.273423847043201,1,Bronx,Van Nest/Morris Park,Boro Zone,false,0.022
242,pickup,2024,2,76000,11.238488619268468,0,Bronx,Van Nest/Morris Park,Boro Zone,false,0.0196
242,pickup,2024,3,82483,11.320347490483307,0,Bronx,Van Nest/Morris Park,Boro Zone,false,0.0196
242,pickup,2024,4,77384,11.256535319862383,0,Bronx,Van Nest/Morris Park,Boro Zone,false,0.0196
242,pickup,2024,5,78098,11.26571972730526,0,Bronx,Van Nest/Morris Park,Boro Zone,false,0.0196
242,pickup,2024,6,75309,11.22935492855816,0,Bronx,Van Nest/Morris Park,Boro Zone,false,0.0196
242,pickup,2025,2,77954,11.263874188114833,1,Bronx,Van Nest/Morris Park,Boro Zone,false,0.0196
242,pickup,2025,3,83752,11.335615329999191,1,Bronx,Van Nest/Morris Park,Boro Zone,false,0.0196
242,pickup,2025,4,79158,11.279201134111831,1,Bronx,Van Nest/Morris Park,Boro Zone,false,0.0196
242,pickup,2025,5,82876,11.325100793780374,1,Bronx,Van Nest/Morris Park,Boro Zone,false,0.0196
242,pickup,2025,6,78579,11.271859767147028,1,Bronx,Van Nest/Morris Park,Boro Zone,false,0.0196
243,dropoff,2024,2,94967,11.46128474181524,0,Manhattan,Washington Heights North,Boro Zone,false,0.1265
243,dropoff,2024,3,103741,11.549652687342256,0,Manhattan,Washington Heights North,Boro Zone,false,0.1265
243,dropoff,2024,4,94744,11.45893379640133,0,Manhattan,Washington Heights North,Boro Zone,false,0.1265
243,dropoff,2024,5,101966,11.53239470336517,0,Manhattan,Washington Heights North,Boro Zone,false,0.1265
243,dropoff,2024,6,97749,11.490158247616256,0,Manhattan,Washington Heights North,Boro Zone,false,0.1265
243,dropoff,2025,2,92766,11.437835472330649,1,Manhattan,Washington Heights North,Boro Zone,false,0.1265
243,dropoff,2025,3,100984,11.522717367432698,1,Manhattan,Washington Heights North,Boro Zone,false,0.1265
243,dropoff,2025,4,94329,11.454543950506396,1,Manhattan,Washington Heights North,Boro Zone,false,0.1265
243,dropoff,2025,5,98508,11.497893042136267,1,Manhattan,Washington Heights North,Boro Zone,false,0.1265
243,dropoff,2025,6,91325,11.422179851663483,1,Manhattan,Washington Heights North,Boro Zone,false,0.1265
243,pickup,2024,2,103431,11.546660002699857,0,Manhattan,Washington Heights North,Boro Zone,false,0.1094
243,pickup,2024,3,112429,11.630077190281053,0,Manhattan,Washington Heights North,Boro Zone,false,0.1094
243,pickup,2024,4,103994,11.552088484151552,0,Manhattan,Washington Heights North,Boro Zone,false,0.1094
243,pickup,2024,5,110958,11.616907030312932,0,Manhattan,Washington Heights North,Boro Zone,false,0.1094
243,pickup,2024,6,107080,11.581331497634288,0,Manhattan,Washington Heights North,Boro Zone,false,0.1094
243,pickup,2025,2,103749,11.549729799492276,1,Manhattan,Washington Heights North,Boro Zone,false,0.1094
243,pickup,2025,3,115509,11.65710372798614,1,Manhattan,Washington Heights North,Boro Zone,false,0.1094
243,pickup,2025,4,106721,11.577973231420392,1,Manhattan,Washington Heights North,Boro Zone,false,0.1094
243,pickup,2025,5,113961,11.64361156358212,1,Manhattan,Washington Heights North,Boro Zone,false,0.1094
243,pickup,2025,6,106625,11.57707328479398,1,Manhattan,Washington Heights North,Boro Zone,false,0.1094
244,dropoff,2024,2,150991,11.924975511371747,0,Manhattan,Washington Heights South,Boro Zone,false,0.1275
244,dropoff,2024,3,161946,11.995018225313283,0,Manhattan,Washington Heights South,Boro Zone,false,0.1275
244,dropoff,2024,4,150217,11.91983619433096,0,Manhattan,Washington Heights South,Boro Zone,false,0.1275
244,dropoff,2024,5,156952,11.963695305100664,0,Manhattan,Washington Heights South,Boro Zone,false,0.1275
244,dropoff,2024,6,149175,11.912875392390283,0,Manhattan,Washington Heights South,Boro Zone,false,0.1275
244,dropoff,2025,2,145511,11.888006964110614,1,Manhattan,Washington Heights South,Boro Zone,false,0.1275
244,dropoff,2025,3,154266,11.946433664103036,1,Manhattan,Washington Heights South,Boro Zone,false,0.1275
244,dropoff,2025,4,144092,11.878207263444406,1,Manhattan,Washington Heights South,Boro Zone,false,0.1275
244,dropoff,2025,5,149132,11.912587098784716,1,Manhattan,Washington Heights South,Boro Zone,false,0.1275
244,dropoff,2025,6,137920,11.83442908589752,1,Manhattan,Washington Heights South,Boro Zone,false,0.1275
244,pickup,2024,2,150082,11.918937090377272,0,Manhattan,Washington Heights South,Boro Zone,false,0.1102
244,pickup,2024,3,161146,11.990066065340736,0,Manhattan,Washington Heights South,Boro Zone,false,0.1102
244,pickup,2024,4,150999,11.925028493258576,0,Manhattan,Washington Heights South,Boro Zone,false,0.1102
244,pickup,2024,5,158635,11.97436124479481,0,Manhattan,Washington Heights South,Boro Zone,false,0.1102
244,pickup,2024,6,150014,11.918483902056442,0,Manhattan,Washington Heights South,Boro Zone,false,0.1102
244,pickup,2025,2,148304,11.907019500115615,1,Manhattan,Washington Heights South,Boro Zone,false,0.1102
244,pickup,2025,3,159916,11.98240395635521,1,Manhattan,Washington Heights South,Boro Zone,false,0.1102
244,pickup,2025,4,150053,11.918743844004204,1,Manhattan,Washington Heights South,Boro Zone,false,0.1102
244,pickup,2025,5,158049,11.970660390512075,1,Manhattan,Washington Heights South,Boro Zone,false,0.1102
244,pickup,2025,6,145368,11.887023737328892,1,Manhattan,Washington Heights South,Boro Zone,false,0.1102
245,dropoff,2024,2,13251,9.491828300264636,0,Staten Island,West Brighton,Boro Zone,false,0.0367
245,dropoff,2024,3,16273,9.697262571660614,0,Staten Island,West Brighton,Boro Zone,false,0.0367
245,dropoff,2024,4,13815,9.533510237357516,0,Staten Island,West Brighton,Boro Zone,false,0.0367
245,dropoff,2024,5,14701,9.595670797663967,0,Staten Island,West Brighton,Boro Zone,false,0.0367
245,dropoff,2024,6,14470,9.57983281962553,0,Staten Island,West Brighton,Boro Zone,false,0.0367
245,dropoff,2025,2,13947,9.543019710358694,1,Staten Island,West Brighton,Boro Zone,false,0.0367
245,dropoff,2025,3,16593,9.716736198662788,1,Staten Island,West Brighton,Boro Zone,false,0.0367
245,dropoff,2025,4,14621,9.590214130417438,1,Staten Island,West Brighton,Boro Zone,false,0.0367
245,dropoff,2025,5,16444,9.70771594801777,1,Staten Island,West Brighton,Boro Zone,false,0.0367
245,dropoff,2025,6,15922,9.675457079648524,1,Staten Island,West Brighton,Boro Zone,false,0.0367
245,pickup,2024,2,13831,9.534667728624708,0,Staten Island,West Brighton,Boro Zone,false,0.0214
245,pickup,2024,3,17145,9.74946186489702,0,Staten Island,West Brighton,Boro Zone,false,0.0214
245,pickup,2024,4,14606,9.589187682180055,0,Staten Island,West Brighton,Boro Zone,false,0.0214
245,pickup,2024,5,15642,9.657714883161557,0,Staten Island,West Brighton,Boro Zone,false,0.0214
245,pickup,2024,6,15210,9.62970838525334,0,Staten Island,West Brighton,Boro Zone,false,0.0214
245,pickup,2025,2,14634,9.591102867443976,1,Staten Island,West Brighton,Boro Zone,false,0.0214
245,pickup,2025,3,17699,9.781263419790754,1,Staten Island,West Brighton,Boro Zone,false,0.0214
245,pickup,2025,4,15583,9.653935855445614,1,Staten Island,West Brighton,Boro Zone,false,0.0214
245,pickup,2025,5,17423,9.765546451422905,1,Staten Island,West Brighton,Boro Zone,false,0.0214
245,pickup,2025,6,16654,9.720405706795765,1,Staten Island,West Brighton,Boro Zone,false,0.0214
246,dropoff,2024,2,204998,12.230755501975393,0,Manhattan,West Chelsea/Hudson Yards,Yellow Zone,true,1.0
246,dropoff,2024,3,211016,12.259689238967187,0,Manhattan,West Chelsea/Hudson Yards,Yellow Zone,true,1.0
246,dropoff,2024,4,207684,12.243772972713,0,Manhattan,West Chelsea/Hudson Yards,Yellow Zone,true,1.0
246,dropoff,2024,5,224339,12.320913579669444,0,Manhattan,West Chelsea/Hudson Yards,Yellow Zone,true,1.0
246,dropoff,2024,6,209331,12.251672010223288,0,Manhattan,West Chelsea/Hudson Yards,Yellow Zone,true,1.0
246,dropoff,2025,2,190374,12.156745837393123,1,Manhattan,West Chelsea/Hudson Yards,Yellow Zone,true,1.0
246,dropoff,2025,3,190494,12.15737597698989,1,Manhattan,West Chelsea/Hudson Yards,Yellow Zone,true,1.0
246,dropoff,2025,4,187192,12.139890107069725,1,Manhattan,West Chelsea/Hudson Yards,Yellow Zone,true,1.0
246,dropoff,2025,5,199441,12.20327373222418,1,Manhattan,West Chelsea/Hudson Yards,Yellow Zone,true,1.0
246,dropoff,2025,6,193153,12.17123789994378,1,Manhattan,West Chelsea/Hudson Yards,Yellow Zone,true,1.0
246,pickup,2024,2,210672,12.258057700596124,0,Manhattan,West Chelsea/Hudson Yards,Yellow Zone,true,1.0
246,pickup,2024,3,221046,12.306126103637148,0,Manhattan,West Chelsea/Hudson Yards,Yellow Zone,true,1.0
246,pickup,2024,4,217593,12.290381624328841,0,Manhattan,West Chelsea/Hudson Yards,Yellow Zone,true,1.0
246,pickup,2024,5,236857,12.375211862485573,0,Manhattan,West Chelsea/Hudson Yards,Yellow Zone,true,1.0
246,pickup,2024,6,219731,12.30015934992087,0,Manhattan,West Chelsea/Hudson Yards,Yellow Zone,true,1.0
246,pickup,2025,2,202955,12.22073955857357,1,Manhattan,West Chelsea/Hudson Yards,Yellow Zone,true,1.0
246,pickup,2025,3,202133,12.216681175564313,1,Manhattan,West Chelsea/Hudson Yards,Yellow Zone,true,1.0
246,pickup,2025,4,202119,12.216611911837699,1,Manhattan,West Chelsea/Hudson Yards,Yellow Zone,true,1.0
246,pickup,2025,5,215034,12.278551434141946,1,Manhattan,West Chelsea/Hudson Yards,Yellow Zone,true,1.0
246,pickup,2025,6,203430,12.223077244345998,1,Manhattan,West Chelsea/Hudson Yards,Yellow Zone,true,1.0
247,dropoff,2024,2,88530,11.391096756605094,0,Bronx,West Concourse,Boro Zone,false,0.0542
247,dropoff,2024,3,98380,11.49659281034933,0,Bronx,West Concourse,Boro Zone,false,0.0542
247,dropoff,2024,4,93781,11.448717555841151,0,Bronx,West Concourse,Boro Zone,false,0.0542
247,dropoff,2024,5,96206,11.474247004771236,0,Bronx,West Concourse,Boro Zone,false,0.0542
247,dropoff,2024,6,94411,11.455412870768761,0,Bronx,West Concourse,Boro Zone,false,0.0542
247,dropoff,2025,2,92237,11.432116630563204,1,Bronx,West Concourse,Boro Zone,false,0.0542
247,dropoff,2025,3,104017,11.55230962630359,1,Bronx,West Concourse,Boro Zone,false,0.0542
247,dropoff,2025,4,98924,11.502107157534349,1,Bronx,West Concourse,Boro Zone,false,0.0542
247,dropoff,2025,5,103289,11.545286163474483,1,Bronx,West Concourse,Boro Zone,false,0.0542
247,dropoff,2025,6,99209,11.504984014964078,1,Bronx,West Concourse,Boro Zone,false,0.0542
247,pickup,2024,2,94884,11.460410371858927,0,Bronx,West Concourse,Boro Zone,false,0.053
247,pickup,2024,3,102857,11.541094953047072,0,Bronx,West Concourse,Boro Zone,false,0.053
247,pickup,2024,4,99800,11.510923462299555,0,Bronx,West Concourse,Boro Zone,false,0.053
247,pickup,2024,5,101933,11.532071013692459,0,Bronx,West Concourse,Boro Zone,false,0.053
247,pickup,2024,6,102124,11.533943040192698,0,Bronx,West Concourse,Boro Zone,false,0.053
247,pickup,2025,2,95715,11.469130304970557,1,Bronx,West Concourse,Boro Zone,false,0.053
247,pickup,2025,3,110516,11.612915585838051,1,Bronx,West Concourse,Boro Zone,false,0.053
247,pickup,2025,4,103649,11.548765469964032,1,Bronx,West Concourse,Boro Zone,false,0.053
247,pickup,2025,5,109110,11.600111826649144,1,Bronx,West Concourse,Boro Zone,false,0.053
247,pickup,2025,6,106446,11.575393093288703,1,Bronx,West Concourse,Boro Zone,false,0.053
248,dropoff,2024,2,43520,10.680975881529823,0,Bronx,West Farms/Bronx River,Boro Zone,false,0.0399
248,dropoff,2024,3,48211,10.783342489769069,0,Bronx,West Farms/Bronx River,Boro Zone,false,0.0399
248,dropoff,2024,4,42784,10.66391947990167,0,Bronx,West Farms/Bronx River,Boro Zone,false,0.0399
248,dropoff,2024,5,44581,10.705063038271945,0,Bronx,West Farms/Bronx River,Boro Zone,false,0.0399
248,dropoff,2024,6,43139,10.67218273933141,0,Bronx,West Farms/Bronx River,Boro Zone,false,0.0399
248,dropoff,2025,2,43811,10.687640206386288,1,Bronx,West Farms/Bronx River,Boro Zone,false,0.0399
248,dropoff,2025,3,48571,10.79078192396869,1,Bronx,West Farms/Bronx River,Boro Zone,false,0.0399
248,dropoff,2025,4,45099,10.716615352295944,1,Bronx,West Farms/Bronx River,Boro Zone,false,0.0399
248,dropoff,2025,5,46574,10.748797724493182,1,Bronx,West Farms/Bronx River,Boro Zone,false,0.0399
248,dropoff,2025,6,43433,10.678974799818294,1,Bronx,West Farms/Bronx River,Boro Zone,false,0.0399
248,pickup,2024,2,47561,10.769768376656003,0,Bronx,West Farms/Bronx River,Boro Zone,false,0.0381
248,pickup,2024,3,53890,10.894700210927542,0,Bronx,West Farms/Bronx River,Boro Zone,false,0.0381
248,pickup,2024,4,47267,10.763567656573366,0,Bronx,West Farms/Bronx River,Boro Zone,false,0.0381
248,pickup,2024,5,48724,10.79392700081985,0,Bronx,West Farms/Bronx River,Boro Zone,false,0.0381
248,pickup,2024,6,46768,10.752954487351028,0,Bronx,West Farms/Bronx River,Boro Zone,false,0.0381
248,pickup,2025,2,47947,10.777851513182249,1,Bronx,West Farms/Bronx River,Boro Zone,false,0.0381
248,pickup,2025,3,52759,10.873489652898783,1,Bronx,West Farms/Bronx River,Boro Zone,false,0.0381
248,pickup,2025,4,49120,10.802021562821023,1,Bronx,West Farms/Bronx River,Boro Zone,false,0.0381
248,pickup,2025,5,51321,10.845855304120402,1,Bronx,West Farms/Bronx River,Boro Zone,false,0.0381
248,pickup,2025,6,48263,10.784420500529187,1,Bronx,West Farms/Bronx River,Boro Zone,false,0.0381
249,dropoff,2024,2,168901,12.03706802344148,0,Manhattan,West Village,Yellow Zone,true,1.0
249,dropoff,2024,3,178650,12.093183863451555,0,Manhattan,West Village,Yellow Zone,true,1.0
249,dropoff,2024,4,161484,11.992161345529542,0,Manhattan,West Village,Yellow Zone,true,1.0
249,dropoff,2024,5,161025,11.989314911415091,0,Manhattan,West Village,Yellow Zone,true,1.0
249,dropoff,2024,6,154428,11.947483247281665,0,Manhattan,West Village,Yellow Zone,true,1.0
249,dropoff,2025,2,154456,11.947664545115652,1,Manhattan,West Village,Yellow Zone,true,1.0
249,dropoff,2025,3,153658,11.942484632587863,1,Manhattan,West Village,Yellow Zone,true,1.0
249,dropoff,2025,4,150933,11.924591308719997,1,Manhattan,West Village,Yellow Zone,true,1.0
249,dropoff,2025,5,150398,11.921040392537119,1,Manhattan,West Village,Yellow Zone,true,1.0
249,dropoff,2025,6,137928,11.834487088855687,1,Manhattan,West Village,Yellow Zone,true,1.0
249,pickup,2024,2,193271,12.171848628074887,0,Manhattan,West Village,Yellow Zone,true,1.0
249,pickup,2024,3,209090,12.250520060265469,0,Manhattan,West Village,Yellow Zone,true,1.0
249,pickup,2024,4,190799,12.158975796892442,0,Manhattan,West Village,Yellow Zone,true,1.0
249,pickup,2024,5,191833,12.164380480854994,0,Manhattan,West Village,Yellow Zone,true,1.0
249,pickup,2024,6,183556,12.120275077031415,0,Manhattan,West Village,Yellow Zone,true,1.0
249,pickup,2025,2,177122,12.084594039658297,1,Manhattan,West Village,Yellow Zone,true,1.0
249,pickup,2025,3,181075,12.106666589063527,1,Manhattan,West Village,Yellow Zone,true,1.0
249,pickup,2025,4,175896,12.077648190273797,1,Manhattan,West Village,Yellow Zone,true,1.0
249,pickup,2025,5,176247,12.079641699253056,1,Manhattan,West Village,Yellow Zone,true,1.0
249,pickup,2025,6,163331,12.003534095602372,1,Manhattan,West Village,Yellow Zone,true,1.0
250,dropoff,2024,2,45736,10.730641012943806,0,Bronx,Westchester Village/Unionport,Boro Zone,false,0.0327
250,dropoff,2024,3,51369,10.84679015665708,0,Bronx,Westchester Village/Unionport,Boro Zone,false,0.0327
250,dropoff,2024,4,46947,10.756774584831282,0,Bronx,Westchester Village/Unionport,Boro Zone,false,0.0327
250,dropoff,2024,5,49347,10.806632252740268,0,Bronx,Westchester Village/Unionport,Boro Zone,false,0.0327
250,dropoff,2024,6,47961,10.778143459633002,0,Bronx,Westchester Village/Unionport,Boro Zone,false,0.0327
250,dropoff,2025,2,49239,10.804441271400046,1,Bronx,Westchester Village/Unionport,Boro Zone,false,0.0327
250,dropoff,2025,3,53904,10.894959965646335,1,Bronx,Westchester Village/Unionport,Boro Zone,false,0.0327
250,dropoff,2025,4,51255,10.844568453217502,1,Bronx,Westchester Village/Unionport,Boro Zone,false,0.0327
250,dropoff,2025,5,51854,10.856187356294447,1,Bronx,Westchester Village/Unionport,Boro Zone,false,0.0327
250,dropoff,2025,6,49236,10.804380342230186,1,Bronx,Westchester Village/Unionport,Boro Zone,false,0.0327
250,pickup,2024,2,46659,10.75062111371267,0,Bronx,Westchester Village/Unionport,Boro Zone,false,0.0303
250,pickup,2024,3,52418,10.867005322772965,0,Bronx,Westchester Village/Unionport,Boro Zone,false,0.0303
250,pickup,2024,4,47085,10.759709757944163,0,Bronx,Westchester Village/Unionport,Boro Zone,false,0.0303
250,pickup,2024,5,47940,10.777705507988376,0,Bronx,Westchester Village/Unionport,Boro Zone,false,0.0303
250,pickup,2024,6,46567,10.748647414747458,0,Bronx,Westchester Village/Unionport,Boro Zone,false,0.0303
250,pickup,2025,2,48730,10.794050135837551,1,Bronx,Westchester Village/Unionport,Boro Zone,false,0.0303
250,pickup,2025,3,52966,10.877405477245077,1,Bronx,Westchester Village/Unionport,Boro Zone,false,0.0303
250,pickup,2025,4,49273,10.805131542663444,1,Bronx,Westchester Village/Unionport,Boro Zone,false,0.0303
250,pickup,2025,5,51411,10.847607436328959,1,Bronx,Westchester Village/Unionport,Boro Zone,false,0.0303
250,pickup,2025,6,48886,10.797246335903196,1,Bronx,Westchester Village/Unionport,Boro Zone,false,0.0303
251,dropoff,2024,2,12829,9.45946351224934,0,Staten Island,Westerleigh,Boro Zone,false,0.0388
251,dropoff,2024,3,14397,9.574775130526355,0,Staten Island,Westerleigh,Boro Zone,false,0.0388
251,dropoff,2024,4,13129,9.48257880293411,0,Staten Island,Westerleigh,Boro Zone,false,0.0388
251,dropoff,2024,5,13738,9.527920994773828,0,Staten Island,Westerleigh,Boro Zone,false,0.0388
251,dropoff,2024,6,13813,9.53336545669996,0,Staten Island,Westerleigh,Boro Zone,false,0.0388
251,dropoff,2025,2,13063,9.477539085486564,1,Staten Island,Westerleigh,Boro Zone,false,0.0388
251,dropoff,2025,3,14532,9.584108393341092,1,Staten Island,Westerleigh,Boro Zone,false,0.0388
251,dropoff,2025,4,13584,9.516647908551128,1,Staten Island,Westerleigh,Boro Zone,false,0.0388
251,dropoff,2025,5,15266,9.633383412358416,1,Staten Island,Westerleigh,Boro Zone,false,0.0388
251,dropoff,2025,6,14877,9.607571675157244,1,Staten Island,Westerleigh,Boro Zone,false,0.0388
251,pickup,2024,2,14382,9.57373270366244,0,Staten Island,Westerleigh,Boro Zone,false,0.0235
251,pickup,2024,3,15994,9.679968930891835,0,Staten Island,Westerleigh,Boro Zone,false,0.0235
251,pickup,2024,4,14569,9.586651262653996,0,Staten Island,Westerleigh,Boro Zone,false,0.0235
251,pickup,2024,5,15625,9.656627474604603,0,Staten Island,Westerleigh,Boro Zone,false,0.0235
251,pickup,2024,6,15366,9.63991255542758,0,Staten Island,Westerleigh,Boro Zone,false,0.0235
251,pickup,2025,2,14968,9.613669867953925,1,Staten Island,Westerleigh,Boro Zone,false,0.0235
251,pickup,2025,3,16322,9.700269170029188,1,Staten Island,Westerleigh,Boro Zone,false,0.0235
251,pickup,2025,4,15562,9.652587324176876,1,Staten Island,Westerleigh,Boro Zone,false,0.0235
251,pickup,2025,5,17563,9.773549695421735,1,Staten Island,Westerleigh,Boro Zone,false,0.0235
251,pickup,2025,6,16644,9.719805070102831,1,Staten Island,Westerleigh,Boro Zone,false,0.0235
252,dropoff,2024,2,22591,10.025306875857222,0,Queens,Whitestone,Boro Zone,false,0.0485
252,dropoff,2024,3,24895,10.122422259076282,0,Queens,Whitestone,Boro Zone,false,0.0485
252,dropoff,2024,4,23721,10.074116010739036,0,Queens,Whitestone,Boro Zone,false,0.0485
252,dropoff,2024,5,26245,10.1752307736864,0,Queens,Whitestone,Boro Zone,false,0.0485
252,dropoff,2024,6,25680,10.153467757803897,0,Queens,Whitestone,Boro Zone,false,0.0485
252,dropoff,2025,2,24582,10.109769746774926,1,Queens,Whitestone,Boro Zone,false,0.0485
252,dropoff,2025,3,26134,10.170992427549091,1,Queens,Whitestone,Boro Zone,false,0.0485
252,dropoff,2025,4,25800,10.158129770909708,1,Queens,Whitestone,Boro Zone,false,0.0485
252,dropoff,2025,5,28497,10.257554097558293,1,Queens,Whitestone,Boro Zone,false,0.0485
252,dropoff,2025,6,27797,10.232683380186565,1,Queens,Whitestone,Boro Zone,false,0.0485
252,pickup,2024,2,21950,9.996522418503318,0,Queens,Whitestone,Boro Zone,false,0.0357
252,pickup,2024,3,24165,10.092660584279184,0,Queens,Whitestone,Boro Zone,false,0.0357
252,pickup,2024,4,23201,10.05195066017375,0,Queens,Whitestone,Boro Zone,false,0.0357
252,pickup,2024,5,25457,10.144746033275508,0,Queens,Whitestone,Boro Zone,false,0.0357
252,pickup,2024,6,25359,10.140888975597038,0,Queens,Whitestone,Boro Zone,false,0.0357
252,pickup,2025,2,24676,10.113586390329528,1,Queens,Whitestone,Boro Zone,false,0.0357
252,pickup,2025,3,25801,10.158168529848494,1,Queens,Whitestone,Boro Zone,false,0.0357
252,pickup,2025,4,25528,10.14753116795808,1,Queens,Whitestone,Boro Zone,false,0.0357
252,pickup,2025,5,28267,10.249450325495184,1,Queens,Whitestone,Boro Zone,false,0.0357
252,pickup,2025,6,27832,10.233941716831778,1,Queens,Whitestone,Boro Zone,false,0.0357
253,dropoff,2024,2,540,6.29156913955832,0,Queens,Willets Point,Boro Zone,false,0.03
253,dropoff,2024,3,769,6.645090969505644,0,Queens,Willets Point,Boro Zone,false,0.03
253,dropoff,2024,4,839,6.732210706467206,0,Queens,Willets Point,Boro Zone,false,0.03
253,dropoff,2024,5,1014,6.921658184151129,0,Queens,Willets Point,Boro Zone,false,0.03
253,dropoff,2024,6,1176,7.069874128458572,0,Queens,Willets Point,Boro Zone,false,0.03
253,dropoff,2025,2,551,6.311734809152915,1,Queens,Willets Point,Boro Zone,false,0.03
253,dropoff,2025,3,541,6.293419278846481,1,Queens,Willets Point,Boro Zone,false,0.03
253,dropoff,2025,4,1064,6.96979066990159,1,Queens,Willets Point,Boro Zone,false,0.03
253,dropoff,2025,5,1102,7.004881989712859,1,Queens,Willets Point,Boro Zone,false,0.03
253,dropoff,2025,6,1551,7.346655163176539,1,Queens,Willets Point,Boro Zone,false,0.03
253,pickup,2024,2,422,6.045005314036012,0,Queens,Willets Point,Boro Zone,false,0.0587
253,pickup,2024,3,644,6.467698726104354,0,Queens,Willets Point,Boro Zone,false,0.0587
253,pickup,2024,4,762,6.635946555686647,0,Queens,Willets Point,Boro Zone,false,0.0587
253,pickup,2024,5,882,6.782192056006791,0,Queens,Willets Point,Boro Zone,false,0.0587
253,pickup,2024,6,970,6.877296071497429,0,Queens,Willets Point,Boro Zone,false,0.0587
253,pickup,2025,2,327,5.7899601708972535,1,Queens,Willets Point,Boro Zone,false,0.0587
253,pickup,2025,3,414,6.025865973825314,1,Queens,Willets Point,Boro Zone,false,0.0587
253,pickup,2025,4,766,6.641182169740591,1,Queens,Willets Point,Boro Zone,false,0.0587
253,pickup,2025,5,860,6.756932389247553,1,Queens,Willets Point,Boro Zone,false,0.0587
253,pickup,2025,6,1130,7.029972911706386,1,Queens,Willets Point,Boro Zone,false,0.0587
254,dropoff,2024,2,78120,11.266001384990615,0,Bronx,Williamsbridge/Olinville,Boro Zone,false,0.0257
254,dropoff,2024,3,89212,11.398770838667849,0,Bronx,Williamsbridge/Olinville,Boro Zone,false,0.0257
254,dropoff,2024,4,81092,11.303339591588085,0,Bronx,Williamsbridge/Olinville,Boro Zone,false,0.0257
254,dropoff,2024,5,83005,11.326656125928176,0,Bronx,Williamsbridge/Olinville,Boro Zone,false,0.0257
254,dropoff,2024,6,81276,11.305606049002904,0,Bronx,Williamsbridge/Olinville,Boro Zone,false,0.0257
254,dropoff,2025,2,82457,11.320032224323306,1,Bronx,Williamsbridge/Olinville,Boro Zone,false,0.0257
254,dropoff,2025,3,90068,11.40832021957955,1,Bronx,Williamsbridge/Olinville,Boro Zone,false,0.0257
254,dropoff,2025,4,83190,11.328882427277934,1,Bronx,Williamsbridge/Olinville,Boro Zone,false,0.0257
254,dropoff,2025,5,89705,11.404281787853485,1,Bronx,Williamsbridge/Olinville,Boro Zone,false,0.0257
254,dropoff,2025,6,85045,11.350935807148192,1,Bronx,Williamsbridge/Olinville,Boro Zone,false,0.0257
254,pickup,2024,2,91666,11.42590681522688,0,Bronx,Williamsbridge/Olinville,Boro Zone,false,0.0218
254,pickup,2024,3,103614,11.548427734812725,0,Bronx,Williamsbridge/Olinville,Boro Zone,false,0.0218
254,pickup,2024,4,93840,11.449346483327357,0,Bronx,Williamsbridge/Olinville,Boro Zone,false,0.0218
254,pickup,2024,5,95607,11.468001318116233,0,Bronx,Williamsbridge/Olinville,Boro Zone,false,0.0218
254,pickup,2024,6,94974,11.461358448913794,0,Bronx,Williamsbridge/Olinville,Boro Zone,false,0.0218
254,pickup,2025,2,95624,11.468179113557817,1,Bronx,Williamsbridge/Olinville,Boro Zone,false,0.0218
254,pickup,2025,3,105511,11.566570491865843,1,Bronx,Williamsbridge/Olinville,Boro Zone,false,0.0218
254,pickup,2025,4,98323,11.496013256386295,1,Bronx,Williamsbridge/Olinville,Boro Zone,false,0.0218
254,pickup,2025,5,104648,11.558357616368063,1,Bronx,Williamsbridge/Olinville,Boro Zone,false,0.0218
254,pickup,2025,6,99843,11.511354231228744,1,Bronx,Williamsbridge/Olinville,Boro Zone,false,0.0218
255,dropoff,2024,2,172780,12.059774387912876,0,Brooklyn,Williamsburg (North Side),Boro Zone,false,0.2387
255,dropoff,2024,3,199528,12.203709856340986,0,Brooklyn,Williamsburg (North Side),Boro Zone,false,0.2387
255,dropoff,2024,4,186005,12.133528834054461,0,Brooklyn,Williamsburg (North Side),Boro Zone,false,0.2387
255,dropoff,2024,5,189359,12.151399963227576,0,Brooklyn,Williamsburg (North Side),Boro Zone,false,0.2387
255,dropoff,2024,6,201014,12.211129836356937,0,Brooklyn,Williamsburg (North Side),Boro Zone,false,0.2387
255,dropoff,2025,2,179496,12.097908202539614,1,Brooklyn,Williamsburg (North Side),Boro Zone,false,0.2387
255,dropoff,2025,3,184972,12.127959741254339,1,Brooklyn,Williamsburg (North Side),Boro Zone,false,0.2387
255,dropoff,2025,4,180845,12.105395589776599,1,Brooklyn,Williamsburg (North Side),Boro Zone,false,0.2387
255,dropoff,2025,5,197337,12.192668206106488,1,Brooklyn,Williamsburg (North Side),Boro Zone,false,0.2387
255,dropoff,2025,6,185111,12.12871092413243,1,Brooklyn,Williamsburg (North Side),Boro Zone,false,0.2387
255,pickup,2024,2,188241,12.145478335754325,0,Brooklyn,Williamsburg (North Side),Boro Zone,false,0.2126
255,pickup,2024,3,217963,12.292080602595705,0,Brooklyn,Williamsburg (North Side),Boro Zone,false,0.2126
255,pickup,2024,4,203621,12.224015701758056,0,Brooklyn,Williamsburg (North Side),Boro Zone,false,0.2126
255,pickup,2024,5,209262,12.251342334377657,0,Brooklyn,Williamsburg (North Side),Boro Zone,false,0.2126
255,pickup,2024,6,223879,12.318861006316743,0,Brooklyn,Williamsburg (North Side),Boro Zone,false,0.2126
255,pickup,2025,2,194081,12.17603087667903,1,Brooklyn,Williamsburg (North Side),Boro Zone,false,0.2126
255,pickup,2025,3,203069,12.221301101748336,1,Brooklyn,Williamsburg (North Side),Boro Zone,false,0.2126
255,pickup,2025,4,195005,12.180780478242799,1,Brooklyn,Williamsburg (North Side),Boro Zone,false,0.2126
255,pickup,2025,5,218845,12.2961189956594,1,Brooklyn,Williamsburg (North Side),Boro Zone,false,0.2126
255,pickup,2025,6,204495,12.22829880428834,1,Brooklyn,Williamsburg (North Side),Boro Zone,false,0.2126
256,dropoff,2024,2,154213,11.946090042653786,0,Brooklyn,Williamsburg (South Side),Boro Zone,false,0.2606
256,dropoff,2024,3,169268,12.039238536670556,0,Brooklyn,Williamsburg (South Side),Boro Zone,false,0.2606
256,dropoff,2024,4,151724,11.929818359810692,0,Brooklyn,Williamsburg (South Side),Boro Zone,false,0.2606
256,dropoff,2024,5,161648,11.993176410667514,0,Brooklyn,Williamsburg (South Side),Boro Zone,false,0.2606
256,dropoff,2024,6,164684,12.011783765120066,0,Brooklyn,Williamsburg (South Side),Boro Zone,false,0.2606
256,dropoff,2025,2,158547,11.973806358311604,1,Brooklyn,Williamsburg (South Side),Boro Zone,false,0.2606
256,dropoff,2025,3,163761,12.006163326813839,1,Brooklyn,Williamsburg (South Side),Boro Zone,false,0.2606
256,dropoff,2025,4,154732,11.949449867141796,1,Brooklyn,Williamsburg (South Side),Boro Zone,false,0.2606
256,dropoff,2025,5,173422,12.063483209559841,1,Brooklyn,Williamsburg (South Side),Boro Zone,false,0.2606
256,dropoff,2025,6,159645,11.980707879143255,1,Brooklyn,Williamsburg (South Side),Boro Zone,false,0.2606
256,pickup,2024,2,162316,11.997300331514937,0,Brooklyn,Williamsburg (South Side),Boro Zone,false,0.2158
256,pickup,2024,3,178320,12.091334968059751,0,Brooklyn,Williamsburg (South Side),Boro Zone,false,0.2158
256,pickup,2024,4,161312,11.991095656882358,0,Brooklyn,Williamsburg (South Side),Boro Zone,false,0.2158
256,pickup,2024,5,172899,12.060462887964663,0,Brooklyn,Williamsburg (South Side),Boro Zone,false,0.2158
256,pickup,2024,6,179711,12.099105284031202,0,Brooklyn,Williamsburg (South Side),Boro Zone,false,0.2158
256,pickup,2025,2,163643,12.005442504801223,1,Brooklyn,Williamsburg (South Side),Boro Zone,false,0.2158
256,pickup,2025,3,169642,12.041445613191277,1,Brooklyn,Williamsburg (South Side),Boro Zone,false,0.2158
256,pickup,2025,4,161430,11.991826891151575,1,Brooklyn,Williamsburg (South Side),Boro Zone,false,0.2158
256,pickup,2025,5,182168,12.112684617208501,1,Brooklyn,Williamsburg (South Side),Boro Zone,false,0.2158
256,pickup,2025,6,171144,12.050260586376249,1,Brooklyn,Williamsburg (South Side),Boro Zone,false,0.2158
257,dropoff,2024,2,30543,10.326890805775305,0,Brooklyn,Windsor Terrace,Boro Zone,false,0.1426
257,dropoff,2024,3,34293,10.442696530693889,0,Brooklyn,Windsor Terrace,Boro Zone,false,0.1426
257,dropoff,2024,4,31015,10.342226237407218,0,Brooklyn,Windsor Terrace,Boro Zone,false,0.1426
257,dropoff,2024,5,32982,10.403717237088715,0,Brooklyn,Windsor Terrace,Boro Zone,false,0.1426
257,dropoff,2024,6,34408,10.446044374463572,0,Brooklyn,Windsor Terrace,Boro Zone,false,0.1426
257,dropoff,2025,2,32418,10.386469103072121,1,Brooklyn,Windsor Terrace,Boro Zone,false,0.1426
257,dropoff,2025,3,33056,10.405958371919365,1,Brooklyn,Windsor Terrace,Boro Zone,false,0.1426
257,dropoff,2025,4,33220,10.410907383167286,1,Brooklyn,Windsor Terrace,Boro Zone,false,0.1426
257,dropoff,2025,5,36617,10.508267892425925,1,Brooklyn,Windsor Terrace,Boro Zone,false,0.1426
257,dropoff,2025,6,34316,10.443366996692856,1,Brooklyn,Windsor Terrace,Boro Zone,false,0.1426
257,pickup,2024,2,27655,10.227561822428779,0,Brooklyn,Windsor Terrace,Boro Zone,false,0.1114
257,pickup,2024,3,31090,10.344641503052799,0,Brooklyn,Windsor Terrace,Boro Zone,false,0.1114
257,pickup,2024,4,28025,10.24085224794036,0,Brooklyn,Windsor Terrace,Boro Zone,false,0.1114
257,pickup,2024,5,30241,10.316953898529778,0,Brooklyn,Windsor Terrace,Boro Zone,false,0.1114
257,pickup,2024,6,29959,10.307585059236986,0,Brooklyn,Windsor Terrace,Boro Zone,false,0.1114
257,pickup,2025,2,29290,10.285001439821778,1,Brooklyn,Windsor Terrace,Boro Zone,false,0.1114
257,pickup,2025,3,31046,10.343225254586388,1,Brooklyn,Windsor Terrace,Boro Zone,false,0.1114
257,pickup,2025,4,31083,10.34441632491986,1,Brooklyn,Windsor Terrace,Boro Zone,false,0.1114
257,pickup,2025,5,34257,10.441646202369757,1,Brooklyn,Windsor Terrace,Boro Zone,false,0.1114
257,pickup,2025,6,31779,10.366560973264606,1,Brooklyn,Windsor Terrace,Boro Zone,false,0.1114
258,dropoff,2024,2,55277,10.920112187793817,0,Queens,Woodhaven,Boro Zone,false,0.0382
258,dropoff,2024,3,62581,11.044216996641383,0,Queens,Woodhaven,Boro Zone,false,0.0382
258,dropoff,2024,4,57089,10.952366732602407,0,Queens,Woodhaven,Boro Zone,false,0.0382
258,dropoff,2024,5,60579,11.011703577346932,0,Queens,Woodhaven,Boro Zone,false,0.0382
258,dropoff,2024,6,58368,10.974523073434003,0,Queens,Woodhaven,Boro Zone,false,0.0382
258,dropoff,2025,2,55997,10.933053396853715,1,Queens,Woodhaven,Boro Zone,false,0.0382
258,dropoff,2025,3,61088,11.020070726525475,1,Queens,Woodhaven,Boro Zone,false,0.0382
258,dropoff,2025,4,58082,10.969611084167505,1,Queens,Woodhaven,Boro Zone,false,0.0382
258,dropoff,2025,5,63069,11.051984644133235,1,Queens,Woodhaven,Boro Zone,false,0.0382
258,dropoff,2025,6,60721,11.014044880972106,1,Queens,Woodhaven,Boro Zone,false,0.0382
258,pickup,2024,2,60405,11.008827161953665,0,Queens,Woodhaven,Boro Zone,false,0.029
258,pickup,2024,3,68704,11.137562700678508,0,Queens,Woodhaven,Boro Zone,false,0.029
258,pickup,2024,4,62676,11.045733878224299,0,Queens,Woodhaven,Boro Zone,false,0.029
258,pickup,2024,5,65903,11.09593924297492,0,Queens,Woodhaven,Boro Zone,false,0.029
258,pickup,2024,6,63746,11.062661715954077,0,Queens,Woodhaven,Boro Zone,false,0.029
258,pickup,2025,2,62001,11.034905792929415,1,Queens,Woodhaven,Boro Zone,false,0.029
258,pickup,2025,3,67020,11.112746361291302,1,Queens,Woodhaven,Boro Zone,false,0.029
258,pickup,2025,4,64011,11.066810222572993,1,Queens,Woodhaven,Boro Zone,false,0.029
258,pickup,2025,5,69503,11.149125196088907,1,Queens,Woodhaven,Boro Zone,false,0.029
258,pickup,2025,6,67401,11.118415133585586,1,Queens,Woodhaven,Boro Zone,false,0.029
259,dropoff,2024,2,48554,10.790431859615053,0,Bronx,Woodlawn/Wakefield,Boro Zone,false,0.0411
259,dropoff,2024,3,54070,10.898034782376051,0,Bronx,Woodlawn/Wakefield,Boro Zone,false,0.0411
259,dropoff,2024,4,50732,10.83431215418732,0,Bronx,Woodlawn/Wakefield,Boro Zone,false,0.0411
259,dropoff,2024,5,50820,10.836045256874154,0,Bronx,Woodlawn/Wakefield,Boro Zone,false,0.0411
259,dropoff,2024,6,49757,10.814906436206515,0,Bronx,Woodlawn/Wakefield,Boro Zone,false,0.0411
259,dropoff,2025,2,50362,10.826992201428478,1,Bronx,Woodlawn/Wakefield,Boro Zone,false,0.0411
259,dropoff,2025,3,55308,10.920672842508509,1,Bronx,Woodlawn/Wakefield,Boro Zone,false,0.0411
259,dropoff,2025,4,51986,10.858729730545223,1,Bronx,Woodlawn/Wakefield,Boro Zone,false,0.0411
259,dropoff,2025,5,56194,10.936565268616524,1,Bronx,Woodlawn/Wakefield,Boro Zone,false,0.0411
259,dropoff,2025,6,52801,10.874285408908944,1,Bronx,Woodlawn/Wakefield,Boro Zone,false,0.0411
259,pickup,2024,2,61312,11.023730861330533,0,Bronx,Woodlawn/Wakefield,Boro Zone,false,0.0236
259,pickup,2024,3,68556,11.135406208512462,0,Bronx,Woodlawn/Wakefield,Boro Zone,false,0.0236
259,pickup,2024,4,63501,11.05881093278828,0,Bronx,Woodlawn/Wakefield,Boro Zone,false,0.0236
259,pickup,2024,5,65202,11.085245422290907,0,Bronx,Woodlawn/Wakefield,Boro Zone,false,0.0236
259,pickup,2024,6,64192,11.069633871321608,0,Bronx,Woodlawn/Wakefield,Boro Zone,false,0.0236
259,pickup,2025,2,64605,11.07604708615632,1,Bronx,Woodlawn/Wakefield,Boro Zone,false,0.0236
259,pickup,2025,3,72118,11.186058945374214,1,Bronx,Woodlawn/Wakefield,Boro Zone,false,0.0236
259,pickup,2025,4,67389,11.11823707883328,1,Bronx,Woodlawn/Wakefield,Boro Zone,false,0.0236
259,pickup,2025,5,73151,11.200281076894816,1,Bronx,Woodlawn/Wakefield,Boro Zone,false,0.0236
259,pickup,2025,6,69981,11.155979055616665,1,Bronx,Woodlawn/Wakefield,Boro Zone,false,0.0236
260,dropoff,2024,2,81091,11.303327259839381,0,Queens,Woodside,Boro Zone,false,0.0758
260,dropoff,2024,3,91450,11.423547653819012,0,Queens,Woodside,Boro Zone,false,0.0758
260,dropoff,2024,4,84111,11.33989263407853,0,Queens,Woodside,Boro Zone,false,0.0758
260,dropoff,2024,5,89453,11.401468626664016,0,Queens,Woodside,Boro Zone,false,0.0758
260,dropoff,2024,6,89545,11.40249657120084,0,Queens,Woodside,Boro Zone,false,0.0758
260,dropoff,2025,2,83416,11.33159541646943,1,Queens,Woodside,Boro Zone,false,0.0758
260,dropoff,2025,3,89404,11.400920702889985,1,Queens,Woodside,Boro Zone,false,0.0758
260,dropoff,2025,4,86481,11.367680015613487,1,Queens,Woodside,Boro Zone,false,0.0758
260,dropoff,2025,5,95175,11.463472581250699,1,Queens,Woodside,Boro Zone,false,0.0758
260,dropoff,2025,6,92858,11.438826723543134,1,Queens,Woodside,Boro Zone,false,0.0758
260,pickup,2024,2,78749,11.274020858194556,0,Queens,Woodside,Boro Zone,false,0.0645
260,pickup,2024,3,89276,11.399487973744076,0,Queens,Woodside,Boro Zone,false,0.0645
260,pickup,2024,4,81656,11.310270580083335,0,Queens,Woodside,Boro Zone,false,0.0645
260,pickup,2024,5,87104,11.374858086011137,0,Queens,Woodside,Boro Zone,false,0.0645
260,pickup,2024,6,86594,11.36898580808561,0,Queens,Woodside,Boro Zone,false,0.0645
260,pickup,2025,2,82951,11.326005351001017,1,Queens,Woodside,Boro Zone,false,0.0645
260,pickup,2025,3,87960,11.384637444668698,1,Queens,Woodside,Boro Zone,false,0.0645
260,pickup,2025,4,85712,11.358748118120742,1,Queens,Woodside,Boro Zone,false,0.0645
260,pickup,2025,5,94215,11.45333468355659,1,Queens,Woodside,Boro Zone,false,0.0645
260,pickup,2025,6,93342,11.444025446315177,1,Queens,Woodside,Boro Zone,false,0.0645
261,dropoff,2024,2,68900,11.14041145700175,0,Manhattan,World Trade Center,Yellow Zone,true,1.0
261,dropoff,2024,3,76938,11.25075518168717,0,Manhattan,World Trade Center,Yellow Zone,true,1.0
261,dropoff,2024,4,71642,11.179436773149567,0,Manhattan,World Trade Center,Yellow Zone,true,1.0
261,dropoff,2024,5,75062,11.226069717684418,0,Manhattan,World Trade Center,Yellow Zone,true,1.0
261,dropoff,2024,6,72650,11.19340866899843,0,Manhattan,World Trade Center,Yellow Zone,true,1.0
261,dropoff,2025,2,65920,11.096197164583353,1,Manhattan,World Trade Center,Yellow Zone,true,1.0
261,dropoff,2025,3,70952,11.169758871056288,1,Manhattan,World Trade Center,Yellow Zone,true,1.0
261,dropoff,2025,4,72382,11.189712928678503,1,Manhattan,World Trade Center,Yellow Zone,true,1.0
261,dropoff,2025,5,73755,11.208504068514149,1,Manhattan,World Trade Center,Yellow Zone,true,1.0
261,dropoff,2025,6,68813,11.139147959560345,1,Manhattan,World Trade Center,Yellow Zone,true,1.0
261,pickup,2024,2,69066,11.142817848143117,0,Manhattan,World Trade Center,Yellow Zone,true,1.0
261,pickup,2024,3,77696,11.260559054979115,0,Manhattan,World Trade Center,Yellow Zone,true,1.0
261,pickup,2024,4,72888,11.196679295393695,0,Manhattan,World Trade Center,Yellow Zone,true,1.0
261,pickup,2024,5,77845,11.262474949123774,0,Manhattan,World Trade Center,Yellow Zone,true,1.0
261,pickup,2024,6,75794,11.235774412824664,0,Manhattan,World Trade Center,Yellow Zone,true,1.0
261,pickup,2025,2,69237,11.145290680795155,1,Manhattan,World Trade Center,Yellow Zone,true,1.0
261,pickup,2025,3,73361,11.203147738244201,1,Manhattan,World Trade Center,Yellow Zone,true,1.0
261,pickup,2025,4,74376,11.216888588135694,1,Manhattan,World Trade Center,Yellow Zone,true,1.0
261,pickup,2025,5,76046,11.239093699328496,1,Manhattan,World Trade Center,Yellow Zone,true,1.0
261,pickup,2025,6,70222,11.159416931230806,1,Manhattan,World Trade Center,Yellow Zone,true,1.0
262,dropoff,2024,2,61940,11.033921453527194,0,Manhattan,Yorkville East,Yellow Zone,false,0.3776
262,dropoff,2024,3,64048,11.067388081232355,0,Manhattan,Yorkville East,Yellow Zone,false,0.3776
262,dropoff,2024,4,62366,11.040775534066068,0,Manhattan,Yorkville East,Yellow Zone,false,0.3776
262,dropoff,2024,5,64070,11.067731514633067,0,Manhattan,Yorkville East,Yellow Zone,false,0.3776
262,dropoff,2024,6,59668,10.996551142273821,0,Manhattan,Yorkville East,Yellow Zone,false,0.3776
262,dropoff,2025,2,58268,10.97280833656884,1,Manhattan,Yorkville East,Yellow Zone,false,0.3776
262,dropoff,2025,3,57823,10.965141899385193,1,Manhattan,Yorkville East,Yellow Zone,false,0.3776
262,dropoff,2025,4,59068,10.986444601593664,1,Manhattan,Yorkville East,Yellow Zone,false,0.3776
262,dropoff,2025,5,60371,11.008264136172082,1,Manhattan,Yorkville East,Yellow Zone,false,0.3776
262,dropoff,2025,6,53627,10.889807951572134,1,Manhattan,Yorkville East,Yellow Zone,false,0.3776
262,pickup,2024,2,73716,11.207975150951928,0,Manhattan,Yorkville East,Yellow Zone,false,0.3694
262,pickup,2024,3,75796,11.235800799789505,0,Manhattan,Yorkville East,Yellow Zone,false,0.3694
262,pickup,2024,4,74036,11.212306740376608,0,Manhattan,Yorkville East,Yellow Zone,false,0.3694
262,pickup,2024,5,76851,11.249623761243825,0,Manhattan,Yorkville East,Yellow Zone,false,0.3694
262,pickup,2024,6,71187,11.173065496459866,0,Manhattan,Yorkville East,Yellow Zone,false,0.3694
262,pickup,2025,2,68481,11.134311613512741,1,Manhattan,Yorkville East,Yellow Zone,false,0.3694
262,pickup,2025,3,69046,11.142528228122558,1,Manhattan,Yorkville East,Yellow Zone,false,0.3694
262,pickup,2025,4,70755,11.166978484386473,1,Manhattan,Yorkville East,Yellow Zone,false,0.3694
262,pickup,2025,5,72542,11.191920983452134,1,Manhattan,Yorkville East,Yellow Zone,false,0.3694
262,pickup,2025,6,65261,11.086149893352006,1,Manhattan,Yorkville East,Yellow Zone,false,0.3694
263,dropoff,2024,2,100890,11.521786093402424,0,Manhattan,Yorkville West,Yellow Zone,false,0.3738
263,dropoff,2024,3,104673,11.558596483945792,0,Manhattan,Yorkville West,Yellow Zone,false,0.3738
263,dropoff,2024,4,97776,11.490434427134696,0,Manhattan,Yorkville West,Yellow Zone,false,0.3738
263,dropoff,2024,5,99519,11.508103859691012,0,Manhattan,Yorkville West,Yellow Zone,false,0.3738
263,dropoff,2024,6,95415,11.465991077781014,0,Manhattan,Yorkville West,Yellow Zone,false,0.3738
263,dropoff,2025,2,96334,11.475576598817739,1,Manhattan,Yorkville West,Yellow Zone,false,0.3738
263,dropoff,2025,3,96486,11.47715319908208,1,Manhattan,Yorkville West,Yellow Zone,false,0.3738
263,dropoff,2025,4,95629,11.468231400319343,1,Manhattan,Yorkville West,Yellow Zone,false,0.3738
263,dropoff,2025,5,97102,11.483517251389642,1,Manhattan,Yorkville West,Yellow Zone,false,0.3738
263,dropoff,2025,6,87997,11.385058001970144,1,Manhattan,Yorkville West,Yellow Zone,false,0.3738
263,pickup,2024,2,108649,11.595877781776597,0,Manhattan,Yorkville West,Yellow Zone,false,0.3214
263,pickup,2024,3,114543,11.648705577328267,0,Manhattan,Yorkville West,Yellow Zone,false,0.3214
263,pickup,2024,4,107009,11.580668222056348,0,Manhattan,Yorkville West,Yellow Zone,false,0.3214
263,pickup,2024,5,110675,11.614353257600342,0,Manhattan,Yorkville West,Yellow Zone,false,0.3214
263,pickup,2024,6,106459,11.575515213483309,0,Manhattan,Yorkville West,Yellow Zone,false,0.3214
263,pickup,2025,2,105190,11.56352351773332,1,Manhattan,Yorkville West,Yellow Zone,false,0.3214
263,pickup,2025,3,106351,11.57450022349908,1,Manhattan,Yorkville West,Yellow Zone,false,0.3214
263,pickup,2025,4,105839,11.569674350520469,1,Manhattan,Yorkville West,Yellow Zone,false,0.3214
263,pickup,2025,5,109118,11.600185144463573,1,Manhattan,Yorkville West,Yellow Zone,false,0.3214
263,pickup,2025,6,98296,11.495738613547408,1,Manhattan,Yorkville West,Yellow Zone,false,0.3214
264,dropoff,2025,2,1,0.0,1,Unknown,Unknown Zone 264,Unknown Service Zone,false,
264,dropoff,2025,6,563,6.333279628139691,1,Unknown,Unknown Zone 264,Unknown Service Zone,false,
264,pickup,2025,2,5,1.6094379124341003,1,Unknown,Unknown Zone 264,Unknown Service Zone,false,
265,dropoff,2024,2,753417,13.53237413836034,0,Unknown,Outside of NYC,Unknown Service Zone,false,0.3493
265,dropoff,2024,3,832945,13.632722892558576,0,Unknown,Outside of NYC,Unknown Service Zone,false,0.3493
265,dropoff,2024,4,805532,13.59925820768779,0,Unknown,Outside of NYC,Unknown Service Zone,false,0.3493
265,dropoff,2024,5,872692,13.679337966156252,0,Unknown,Outside of NYC,Unknown Service Zone,false,0.3493
265,dropoff,2024,6,864311,13.669687936722104,0,Unknown,Outside of NYC,Unknown Service Zone,false,0.3493
265,dropoff,2025,2,804424,13.597881772338088,1,Unknown,Outside of NYC,Unknown Service Zone,false,0.3493
265,dropoff,2025,3,905115,13.715817286432328,1,Unknown,Outside of NYC,Unknown Service Zone,false,0.3493
265,dropoff,2025,4,875097,13.68209001633841,1,Unknown,Outside of NYC,Unknown Service Zone,false,0.3493
265,dropoff,2025,5,973600,13.788755820655455,1,Unknown,Outside of NYC,Unknown Service Zone,false,0.3493
265,dropoff,2025,6,929176,13.742053450875002,1,Unknown,Outside of NYC,Unknown Service Zone,false,0.3493
265,pickup,2024,2,737,6.602587892189336,0,Unknown,Outside of NYC,Unknown Service Zone,false,0.0222
265,pickup,2024,3,796,6.679599185844383,0,Unknown,Outside of NYC,Unknown Service Zone,false,0.0222
265,pickup,2024,4,769,6.645090969505644,0,Unknown,Outside of NYC,Unknown Service Zone,false,0.0222
265,pickup,2024,5,841,6.734591659972948,0,Unknown,Outside of NYC,Unknown Service Zone,false,0.0222
265,pickup,2024,6,859,6.755768921984255,0,Unknown,Outside of NYC,Unknown Service Zone,false,0.0222
265,pickup,2025,2,704,6.556778356158042,1,Unknown,Outside of NYC,Unknown Service Zone,false,0.0222
265,pickup,2025,3,803,6.688354713946762,1,Unknown,Outside of NYC,Unknown Service Zone,false,0.0222
265,pickup,2025,4,846,6.740519359606223,1,Unknown,Outside of NYC,Unknown Service Zone,false,0.0222
265,pickup,2025,5,862,6.759255270663693,1,Unknown,Outside of NYC,Unknown Service Zone,false,0.0222
265,pickup,2025,6,912,6.815639990074331,1,Unknown,Outside of NYC,Unknown Service Zone,false,0.0222
