denominator_floor,zone,direction,Borough,zone_name,service_zone,N_z,DS_z_mean,DS_z_median,rank_mean,rank_median
0.50,4,dropoff,Manhattan,Alphabet City,Yellow Zone,239359,0.06382706530917291,0.05931198102016608,1,2
0.50,224,dropoff,Manhattan,Stuy Town/Peter Cooper Village,Yellow Zone,160441,0.06306317244247367,0.05942947702060222,2,1
0.50,79,dropoff,Manhattan,East Village,Yellow Zone,983598,0.06251807808931115,0.057803468208092484,3,4
0.50,249,dropoff,Manhattan,West Village,Yellow Zone,742529,0.06194545722409377,0.05884660651235779,4,3
0.50,114,dropoff,Manhattan,Greenwich Village South,Yellow Zone,526220,0.061742450932106306,0.057625816365731844,5,5
0.50,137,dropoff,Manhattan,Kips Bay,Yellow Zone,499683,0.06151866184213063,0.05688282138794084,6,7
0.50,232,dropoff,Manhattan,Two Bridges/Seward Park,Yellow Zone,353806,0.06139988183653457,0.05662514156285391,7,9
0.50,113,dropoff,Manhattan,Greenwich Village North,Yellow Zone,492654,0.06135678437194609,0.05705591479650057,8,6
0.50,107,dropoff,Manhattan,Gramercy,Yellow Zone,628489,0.06098797639604014,0.05662514156285391,9,8
0.50,45,dropoff,Manhattan,Chinatown,Yellow Zone,212931,0.06049010794572225,0.05504587155963303,10,13
0.50,90,dropoff,Manhattan,Flatiron,Yellow Zone,545771,0.06019438608560323,0.05649717514124294,11,10
0.50,229,dropoff,Manhattan,Sutton Place/Turtle Bay North,Yellow Zone,427328,0.060161487551185014,0.055741360089186176,12,11
0.50,50,dropoff,Manhattan,Clinton West,Yellow Zone,424844,0.05998827981678172,0.054684651841049946,13,14
0.50,170,dropoff,Manhattan,Murray Hill,Yellow Zone,848190,0.0590765799442148,0.05557613931085587,14,12
0.50,148,dropoff,Manhattan,Lower East Side,Yellow Zone,756595,0.05882788367706772,0.05438723712835388,15,17
0.50,233,dropoff,Manhattan,UN/Turtle Bay South,Yellow Zone,466376,0.05835771457212212,0.05456529647144417,16,15
0.50,105,dropoff,Manhattan,Governor's Island/Ellis Island/Liberty Island,Yellow Zone,28,0.058282267088746835,0.046775279221216375,17,41
0.50,234,dropoff,Manhattan,Union Sq,Yellow Zone,915567,0.05803862809936213,0.05382131324004306,18,18
0.50,158,dropoff,Manhattan,Meatpacking/West Village West,Yellow Zone,513158,0.057947398996980565,0.0544464609800363,19,16
0.50,246,dropoff,Manhattan,West Chelsea/Hudson Yards,Yellow Zone,946566,0.05784699975433503,0.053229240596167494,20,20
0.50,144,dropoff,Manhattan,Little Italy/NoLiTa,Yellow Zone,561051,0.057183574086602545,0.05276116778051354,21,21
0.50,48,dropoff,Manhattan,Clinton East,Yellow Zone,744937,0.057179941345099385,0.051617343427391604,22,25
0.50,186,dropoff,Manhattan,Penn Station/Madison Sq West,Yellow Zone,727033,0.05716474951580781,0.05357142857142857,23,19
0.50,211,dropoff,Manhattan,SoHo,Yellow Zone,497705,0.05675777716306903,0.05246589716684155,24,22
0.50,125,dropoff,Manhattan,Hudson Sq,Yellow Zone,307059,0.05654026595563543,0.05147563486616335,25,26
0.50,68,dropoff,Manhattan,East Chelsea,Yellow Zone,1018393,0.05611512854175986,0.05122950819672131,26,27
0.50,141,dropoff,Manhattan,Lenox Hill West,Yellow Zone,281784,0.05611292778175276,0.05179558011049724,27,24
0.50,143,dropoff,Manhattan,Lincoln Square West,Yellow Zone,240017,0.05609655859806145,0.05088195386702849,28,28
0.50,140,dropoff,Manhattan,Lenox Hill East,Yellow Zone,279977,0.055671005123427056,0.051939058171745156,29,23
0.50,231,dropoff,Manhattan,TriBeCa/Civic Center,Yellow Zone,924430,0.0555690617845863,0.05016722408026756,30,29
0.50,142,dropoff,Manhattan,Lincoln Square East,Yellow Zone,390443,0.054885496232949124,0.0491480996068152,31,32
0.50,162,dropoff,Manhattan,Midtown East,Yellow Zone,779524,0.05430868460706696,0.049800796812749,32,31
0.50,164,dropoff,Manhattan,Midtown South,Yellow Zone,821147,0.054003584686266384,0.050066755674232306,33,30
0.50,209,dropoff,Manhattan,Seaport,Yellow Zone,183251,0.05350835687724076,0.04772510340439071,34,35
0.50,100,dropoff,Manhattan,Garment District,Yellow Zone,435184,0.05241603499473497,0.04748338081671415,35,36
0.50,161,dropoff,Manhattan,Midtown Center,Yellow Zone,1029583,0.05224633757455622,0.04801536491677337,36,34
0.50,13,dropoff,Manhattan,Battery Park City,Yellow Zone,375152,0.05211250612640596,0.046918986549890525,37,39
0.50,237,dropoff,Manhattan,Upper East Side South,Yellow Zone,465556,0.05186854772885594,0.047036688617121354,38,38
0.50,163,dropoff,Manhattan,Midtown North,Yellow Zone,685343,0.051835331682608586,0.04681647940074907,39,40
0.50,87,dropoff,Manhattan,Financial District North,Yellow Zone,545580,0.05068135870513468,0.04564820450395618,40,43
0.50,65,dropoff,Brooklyn,Downtown Brooklyn/MetroTech,Boro Zone,110021,0.05055346128280592,0.04810776138550353,41,33
0.50,146,dropoff,Queens,Long Island City/Queens Plaza,Boro Zone,75577,0.04941716248978155,0.04706620646375902,42,37
0.50,239,dropoff,Manhattan,Upper West Side South,Yellow Zone,217112,0.049350823344307154,0.045126353790613714,43,48
0.50,230,dropoff,Manhattan,Times Sq/Theatre District,Yellow Zone,1010324,0.049330051108228426,0.04426084390675716,44,53
0.50,261,dropoff,Manhattan,World Trade Center,Yellow Zone,337468,0.048803661172633364,0.04299226139294927,45,56
0.50,43,dropoff,Manhattan,Central Park,Yellow Zone,134840,0.04863887621629995,0.045454545454545456,46,45
0.50,12,dropoff,Manhattan,Battery Park,Yellow Zone,16477,0.04819790751461468,0.04159733777038269,47,65
0.50,88,dropoff,Manhattan,Financial District South,Yellow Zone,227651,0.04819732449571955,0.0429553264604811,48,57
0.50,263,dropoff,Manhattan,Yorkville West,Yellow Zone,187738,0.04819158252059094,0.045676004872107184,49,42
0.50,256,dropoff,Brooklyn,Williamsburg (South Side),Boro Zone,233031,0.047781440293264366,0.04478948939982084,50,51
0.50,262,dropoff,Manhattan,Yorkville East,Yellow Zone,114019,0.04773213109468884,0.045358330813426065,51,46
0.50,66,dropoff,Brooklyn,DUMBO/Vinegar Hill,Boro Zone,124286,0.04764011797866411,0.04549590536851684,52,44
0.50,145,dropoff,Queens,Long Island City/Hunters Point,Boro Zone,273616,0.04754060603258527,0.045167118337850046,53,47
0.50,217,dropoff,Brooklyn,South Williamsburg,Boro Zone,14818,0.04665370838061689,0.04337140469426953,54,55
0.50,193,dropoff,Queens,Queensbridge/Ravenswood,Boro Zone,26593,0.0465406278105494,0.04478948939982084,55,50
0.50,226,dropoff,Queens,Sunnyside,Boro Zone,110091,0.04631334196366984,0.04466944609886837,56,52
0.50,75,dropoff,Manhattan,East Harlem South,Boro Zone,121956,0.045990179933060135,0.044856459330143546,57,49
0.50,238,dropoff,Manhattan,Upper West Side North,Yellow Zone,138111,0.045396837179293346,0.04260153365521158,58,60
0.50,97,dropoff,Brooklyn,Fort Greene,Boro Zone,104797,0.045076893651563726,0.04373177842565598,59,54
0.50,151,dropoff,Manhattan,Manhattan Valley,Yellow Zone,65329,0.045037858895449034,0.042735042735042736,60,59
0.50,33,dropoff,Brooklyn,Brooklyn Heights,Boro Zone,137635,0.04497861477797076,0.04291845493562232,61,58
0.50,236,dropoff,Manhattan,Upper East Side North,Yellow Zone,265886,0.04428181039545677,0.04160887656033287,62,64
0.50,80,dropoff,Brooklyn,East Williamsburg,Boro Zone,150890,0.04411892870819245,0.041666666666666664,63,63
0.50,7,dropoff,Queens,Astoria,Boro Zone,161165,0.04396647981772162,0.042444821731748725,64,62
0.50,74,dropoff,Manhattan,East Harlem North,Boro Zone,69492,0.04351042791353035,0.04246885617214043,65,61
0.50,24,dropoff,Manhattan,Bloomingdale,Yellow Zone,29399,0.04322593347328352,0.041413583655438985,66,66
0.50,25,dropoff,Brooklyn,Boerum Hill,Boro Zone,110068,0.04277149946663248,0.04126547455295736,67,67
0.50,152,dropoff,Manhattan,Manhattanville,Boro Zone,33734,0.042560623201516184,0.04077194889915738,68,69
0.50,112,dropoff,Brooklyn,Greenpoint,Boro Zone,257808,0.042103575066701024,0.040983606557377046,69,68
0.50,260,dropoff,Queens,Woodside,Boro Zone,42887,0.04167481527766568,0.040518638573743916,70,70
0.50,34,dropoff,Brooklyn,Brooklyn Navy Yard,Boro Zone,17525,0.041371701928095944,0.03864983251739242,71,76
0.50,179,dropoff,Queens,Old Astoria,Boro Zone,60760,0.04131068707092233,0.040171397964649164,72,71
0.50,255,dropoff,Brooklyn,Williamsburg (North Side),Boro Zone,242618,0.04079606748926269,0.03861003861003861,73,77
0.50,49,dropoff,Brooklyn,Clinton Hill,Boro Zone,107243,0.04064327869328048,0.039515279241306635,74,72
0.50,202,dropoff,Manhattan,Roosevelt Island,Boro Zone,25998,0.04051967820070093,0.03947887948352059,75,73
0.50,166,dropoff,Manhattan,Morningside Heights,Boro Zone,96598,0.040197107540746166,0.0384122919334187,76,81
0.50,52,dropoff,Brooklyn,Cobble Hill,Boro Zone,31984,0.04018418547985552,0.03897116134060795,77,74
0.50,168,dropoff,Bronx,Mott Haven/Port Morris,Boro Zone,47902,0.039905274946482966,0.03897116134060795,78,75
0.50,54,dropoff,Brooklyn,Columbia Street,Boro Zone,12671,0.03983640519718526,0.038560411311053984,79,78
0.50,17,dropoff,Brooklyn,Bedford,Boro Zone,101837,0.03970348297460054,0.03792667509481669,80,83
0.50,41,dropoff,Manhattan,Central Harlem,Boro Zone,81141,0.039513852064281346,0.03855050115651504,81,79
0.50,83,dropoff,Queens,Elmhurst/Maspeth,Boro Zone,22466,0.0394181685002069,0.038109756097560975,82,82
0.50,42,dropoff,Manhattan,Central Harlem North,Boro Zone,88757,0.03910464853681871,0.038520801232665644,83,80
0.50,8,dropoff,Queens,Astoria Park,Boro Zone,413,0.03902388732218873,0.03710116250309176,84,85
0.50,116,dropoff,Manhattan,Hamilton Heights,Boro Zone,55959,0.038566250619946875,0.0375751503006012,85,84
0.50,37,dropoff,Brooklyn,Bushwick South,Boro Zone,155003,0.03822719981740372,0.03627569528415961,86,89
0.50,244,dropoff,Manhattan,Washington Heights South,Boro Zone,90222,0.03780646736216899,0.03675569713305562,87,86
0.50,159,dropoff,Bronx,Melrose South,Boro Zone,19593,0.03767276197905808,0.036683785766691124,88,87
0.50,189,dropoff,Brooklyn,Prospect Heights,Boro Zone,55127,0.03746198988652898,0.0366121552355382,89,88
0.50,40,dropoff,Brooklyn,Carroll Gardens,Boro Zone,50138,0.03737985827876495,0.0362406378352259,90,90
0.50,106,dropoff,Brooklyn,Gowanus,Boro Zone,24619,0.036765801317307174,0.03550295857988166,91,91
0.50,225,dropoff,Brooklyn,Stuyvesant Heights,Boro Zone,102996,0.03637811823014962,0.03460207612456747,92,95
0.50,264,dropoff,Unknown,N/A,N/A,182,0.036273171243312974,0.030785562900986302,93,123
0.50,157,dropoff,Queens,Maspeth,Boro Zone,33193,0.036200209999441874,0.03527751646284101,94,92
0.50,36,dropoff,Brooklyn,Bushwick North,Boro Zone,95455,0.03619316480885092,0.03473830477072719,95,94
0.50,82,dropoff,Queens,Elmhurst,Boro Zone,45817,0.036151295550177216,0.0350140056022409,96,93
0.50,129,dropoff,Queens,Jackson Heights,Boro Zone,53236,0.03556851489595829,0.034570177460244295,97,96
0.50,61,dropoff,Brooklyn,Crown Heights North,Boro Zone,118645,0.03530741549431187,0.03399818676337262,98,101
0.50,69,dropoff,Bronx,East Concourse/Concourse Village,Boro Zone,24351,0.03523848950554761,0.034324942791762014,99,97
0.50,223,dropoff,Queens,Steinway,Boro Zone,62150,0.03521085689036594,0.03412581092957606,100,99
0.50,147,dropoff,Bronx,Longwood,Boro Zone,8931,0.03519982821099187,0.033821871476888386,101,105
0.50,120,dropoff,Manhattan,Highbridge Park,Boro Zone,1556,0.035022224857251726,0.03403676145299307,102,100
0.50,198,dropoff,Queens,Ridgewood,Boro Zone,69762,0.03501328543055664,0.033852403520649964,103,104
0.50,235,dropoff,Bronx,University Heights/Morris Heights,Boro Zone,16621,0.034951659514856265,0.03396739130434783,104,102
0.50,62,dropoff,Brooklyn,Crown Heights South,Boro Zone,27883,0.03473122070309873,0.03345973678340397,105,108
0.50,195,dropoff,Brooklyn,Red Hook,Boro Zone,32171,0.03469559088915955,0.033400133600534405,106,109
0.50,181,dropoff,Brooklyn,Park Slope,Boro Zone,144482,0.03468025373741908,0.03331852509995557,107,110
0.50,243,dropoff,Manhattan,Washington Heights North,Boro Zone,55918,0.034446516437950415,0.033715441672285906,108,106
0.50,190,dropoff,Brooklyn,Prospect Park,Boro Zone,8613,0.03420176622701668,0.03351206434316354,109,107
0.50,207,dropoff,Queens,Saint Michaels Cemetery/Woodside,Boro Zone,277,0.03417936685870739,0.03414523104939677,110,98
0.50,119,dropoff,Bronx,Highbridge,Boro Zone,20380,0.03417768030985117,0.033905967450271246,111,103
0.50,167,dropoff,Bronx,Morrisania/Melrose,Boro Zone,13321,0.03395654594179581,0.032996040475142985,112,112
0.50,127,dropoff,Manhattan,Inwood,Boro Zone,26062,0.033594200596111165,0.03279405334499344,113,113
0.50,160,dropoff,Queens,Middle Village,Boro Zone,20383,0.03353275521218912,0.032369443245576175,114,116
0.50,247,dropoff,Bronx,West Concourse,Boro Zone,27164,0.033475022698268096,0.033017829627999117,115,111
0.50,196,dropoff,Queens,Rego Park,Boro Zone,21190,0.03344969571006757,0.03248862897985705,116,114
0.50,169,dropoff,Bronx,Mount Hope,Boro Zone,16269,0.03334272862212946,0.03244646333549643,117,115
0.50,56,dropoff,Queens,Corona,Boro Zone,15127,0.033191701110715434,0.03226500322650032,118,117
0.50,126,dropoff,Bronx,Hunts Point,Boro Zone,10799,0.03315710396287858,0.03224419604471195,119,118
0.50,188,dropoff,Brooklyn,Prospect-Lefferts Gardens,Boro Zone,54076,0.032552247594021484,0.03141032387066221,120,119
0.50,133,dropoff,Brooklyn,Kensington,Boro Zone,15590,0.0322096582729907,0.030886441179852515,121,121
0.50,128,dropoff,Manhattan,Inwood Hill Park,Boro Zone,2479,0.03176919184158525,0.031269543464665414,122,120
0.50,228,dropoff,Brooklyn,Sunset Park West,Boro Zone,49437,0.03174721270799948,0.03060599877576005,123,128
0.50,257,dropoff,Brooklyn,Windsor Terrace,Boro Zone,24429,0.03165589067461928,0.03061849357011635,124,127
0.50,136,dropoff,Bronx,Kingsbridge Heights,Boro Zone,10276,0.031629622406000306,0.030662305805396566,125,125
0.50,212,dropoff,Bronx,Soundview/Bruckner,Boro Zone,9198,0.03158528772628289,0.030816641311304696,126,122
0.50,60,dropoff,Bronx,Crotona Park East,Boro Zone,6234,0.031532899083799165,0.030543678725196866,127,129
0.50,47,dropoff,Bronx,Claremont/Bathgate,Boro Zone,8044,0.03146361013159924,0.030696820655770108,128,124
0.50,227,dropoff,Brooklyn,Sunset Park East,Boro Zone,17078,0.03139259601126952,0.030108390204737052,129,131
0.50,94,dropoff,Bronx,Fordham South,Boro Zone,6799,0.03133935416626058,0.030637254901960783,130,126
0.50,248,dropoff,Bronx,West Farms/Bronx River,Boro Zone,8792,0.031031964141757178,0.03013863773357444,131,130
0.50,173,dropoff,Queens,North Corona,Boro Zone,8324,0.03073443877933894,0.029856687898089172,132,132
0.50,177,dropoff,Brooklyn,Ocean Hill,Boro Zone,19675,0.030486305200124252,0.029211295034079845,133,133
0.50,78,dropoff,Bronx,East Tremont,Boro Zone,11818,0.0298633419052647,0.029123386353484007,134,134
0.50,213,dropoff,Bronx,Soundview/Castle Hill,Boro Zone,14067,0.029777644604368846,0.02874664622460713,135,138
0.50,85,dropoff,Brooklyn,Erasmus,Boro Zone,18963,0.02968483705300412,0.028275212064090484,136,141
0.50,59,dropoff,Bronx,Crotona Park,Boro Zone,464,0.029654670934370887,0.028840608641646705,137,136
0.50,111,dropoff,Brooklyn,Green-Wood Cemetery,Boro Zone,446,0.029636487767824436,0.028068886846984754,138,144
0.50,102,dropoff,Queens,Glendale,Boro Zone,12037,0.02959399208430284,0.02895752895752896,139,135
0.50,57,dropoff,Queens,Corona,Boro Zone,568,0.029385088005548426,0.028749401318169006,140,137
0.50,89,dropoff,Brooklyn,Flatbush/Ditmas Park,Boro Zone,54012,0.029354330032340607,0.028053113895642415,141,145
0.50,241,dropoff,Bronx,Van Cortlandt Village,Boro Zone,16136,0.02916174886529324,0.028694404853616726,142,140
0.50,194,dropoff,Manhattan,Randalls Island,Yellow Zone,7575,0.029135194675495597,0.02870264064293915,143,139
0.50,153,dropoff,Manhattan,Marble Hill,Boro Zone,2878,0.0288135067859665,0.02823529436775901,144,142
0.50,95,dropoff,Queens,Forest Hills,Boro Zone,58330,0.028767986063053103,0.028206092515983452,145,143
0.50,250,dropoff,Bronx,Westchester Village/Unionport,Boro Zone,7885,0.028698908057736075,0.02791736460078169,146,147
0.50,182,dropoff,Bronx,Parkchester,Boro Zone,10839,0.02847737592911638,0.02791736460078169,147,146
0.50,18,dropoff,Bronx,Bedford Park,Boro Zone,14246,0.028399732886423563,0.02774181616423155,148,148
0.50,192,dropoff,Queens,Queensboro Hill,Boro Zone,6098,0.028080267232327264,0.027583670467083484,149,149
0.50,220,dropoff,Bronx,Spuyten Duyvil/Kingsbridge,Boro Zone,20830,0.02763639592926596,0.027183762232693004,150,150
0.50,71,dropoff,Brooklyn,East Flatbush/Farragut,Boro Zone,14508,0.02740850989484067,0.026093763787911197,151,156
0.50,35,dropoff,Brooklyn,Brownsville,Boro Zone,11662,0.027364963340941073,0.02619629758994062,152,155
0.50,67,dropoff,Brooklyn,Dyker Heights,Boro Zone,14663,0.027324647842978275,0.026334269662921347,153,152
0.50,70,dropoff,Queens,East Elmhurst,Boro Zone,14262,0.027188383337799243,0.02660046107465863,154,151
0.50,14,dropoff,Brooklyn,Bay Ridge,Boro Zone,48776,0.027129562150585967,0.026200873362445413,155,154
0.50,72,dropoff,Brooklyn,East Flatbush/Remsen Village,Boro Zone,11267,0.02706726838310047,0.02590673575129534,156,157
0.50,32,dropoff,Bronx,Bronxdale,Boro Zone,7627,0.02695994499939839,0.02631578947368421,157,153
0.50,26,dropoff,Brooklyn,Borough Park,Boro Zone,13967,0.026663894257822084,0.025649794801641587,158,159
0.50,63,dropoff,Brooklyn,Cypress Hills,Boro Zone,10333,0.026543288953965367,0.02565856996236743,159,158
0.50,185,dropoff,Bronx,Pelham Parkway,Boro Zone,12670,0.02621558344584918,0.02545824847250509,160,163
0.50,135,dropoff,Queens,Kew Gardens Hills,Boro Zone,9115,0.0261340407750513,0.025627883136852894,161,160
0.50,28,dropoff,Queens,Briarwood/Jamaica Hills,Boro Zone,11822,0.026037852928396946,0.025453928389614796,162,164
0.50,174,dropoff,Bronx,Norwood,Boro Zone,12629,0.025998066042147768,0.025505866349260328,163,162
0.50,20,dropoff,Bronx,Belmont,Boro Zone,14121,0.025940349937543045,0.02544529262086514,164,165
0.50,240,dropoff,Bronx,Van Cortlandt Park,Boro Zone,2740,0.025878641445319192,0.025514543289675114,165,161
0.50,258,dropoff,Queens,Woodhaven,Boro Zone,11602,0.025852178406508584,0.02528871298421394,166,166
0.50,77,dropoff,Brooklyn,East New York/Pennsylvania Avenue,Boro Zone,6602,0.02578633305726864,0.024473813020068527,167,177
0.50,96,dropoff,Queens,Forest Park/Highland Park,Boro Zone,1192,0.025768036156049678,0.025201615748751634,168,168
0.50,242,dropoff,Bronx,Van Nest/Morris Park,Boro Zone,9061,0.025738786887889907,0.0250501002004008,169,170
0.50,134,dropoff,Queens,Kew Gardens,Boro Zone,10131,0.025683610160720963,0.025214321734745335,170,167
0.50,121,dropoff,Queens,Hillcrest/Pomonok,Boro Zone,9640,0.025546598926274793,0.025068939758906922,171,169
0.50,73,dropoff,Queens,East Flushing,Boro Zone,4770,0.02539000865854892,0.02490039909255186,172,174
0.50,259,dropoff,Bronx,Woodlawn/Wakefield,Boro Zone,9948,0.025381351443372425,0.02492108323641801,173,173
0.50,22,dropoff,Brooklyn,Bensonhurst West,Boro Zone,16852,0.02536223471052652,0.024422012373819604,174,178
0.50,92,dropoff,Queens,Flushing,Boro Zone,32258,0.025329571675203465,0.024975024975024972,175,172
0.50,183,dropoff,Bronx,Pelham Bay,Boro Zone,5533,0.025282964385712908,0.025025025025025027,176,171
0.50,254,dropoff,Bronx,Williamsbridge/Olinville,Boro Zone,10231,0.02520360348316937,0.02461437479488021,177,175
0.50,208,dropoff,Bronx,Schuylerville/Edgewater Park,Boro Zone,13124,0.024942081914982664,0.024602263408233557,178,176
0.50,11,dropoff,Brooklyn,Bath Beach,Boro Zone,6377,0.024689214780120903,0.023839796567069294,179,181
0.50,197,dropoff,Queens,Richmond Hill,Boro Zone,11170,0.024642677050446163,0.02422871910838314,180,179
0.50,200,dropoff,Bronx,Riverdale/North Riverdale/Fieldston,Boro Zone,18631,0.024257189060219796,0.02403846153846154,181,180
0.50,21,dropoff,Brooklyn,Bensonhurst East,Boro Zone,11243,0.024199470189970183,0.02336448598130841,182,188
0.50,3,dropoff,Bronx,Allerton/Pelham Gardens,Boro Zone,5886,0.024190806660421695,0.023809523809523808,183,182
0.50,58,dropoff,Bronx,Country Club,Boro Zone,2079,0.0241626855426034,0.023711666139740753,184,184
0.50,165,dropoff,Brooklyn,Midwood,Boro Zone,13199,0.02413649307340798,0.023342670401493928,185,189
0.50,53,dropoff,Queens,College Point,Boro Zone,6015,0.024082466319057375,0.02363693665300977,186,186
0.50,130,dropoff,Queens,Jamaica,Boro Zone,13078,0.024080193014283404,0.0236929395040278,187,185
0.50,171,dropoff,Queens,Murray Hill-Queens,Boro Zone,9754,0.023980980387509607,0.02375861264604199,188,183
0.50,31,dropoff,Bronx,Bronx Park,Boro Zone,4230,0.023925782008832084,0.023450324539440244,189,187
0.50,76,dropoff,Brooklyn,East New York,Boro Zone,17514,0.023756676003721017,0.022813688212927757,190,196
0.50,178,dropoff,Brooklyn,Ocean Parkway South,Boro Zone,4928,0.023529342999336428,0.022561480160692985,191,197
0.50,98,dropoff,Queens,Fresh Meadows,Boro Zone,3627,0.023466775742327747,0.022984983144345692,192,192
0.50,51,dropoff,Bronx,Co-Op City,Boro Zone,8099,0.023460679040905565,0.02310180194055136,193,190
0.50,81,dropoff,Bronx,Eastchester,Boro Zone,5030,0.023373035108118223,0.022967386311437757,194,193
0.50,9,dropoff,Queens,Auburndale,Boro Zone,4504,0.023323012181656028,0.022937533584659997,195,194
0.50,180,dropoff,Queens,Ozone Park,Boro Zone,4435,0.023214951073484816,0.023080473919064474,196,191
0.50,131,dropoff,Queens,Jamaica Estates,Boro Zone,6787,0.02301345113188438,0.022834525803014157,197,195
0.50,91,dropoff,Brooklyn,Flatlands,Boro Zone,11669,0.022826570351158516,0.022088057723457517,198,199
0.50,122,dropoff,Queens,Hollis,Boro Zone,2273,0.02267612781841975,0.022344704305079698,199,198
0.50,93,dropoff,Queens,Flushing Meadows-Corona Park,Boro Zone,11340,0.022554858591071848,0.022053958804767845,200,200
0.50,215,dropoff,Queens,South Jamaica,Boro Zone,3911,0.022343386477064343,0.021961932650073207,201,201
0.50,184,dropoff,Bronx,Pelham Bay Park,Boro Zone,1244,0.02224222404015244,0.021728118162522486,202,202
0.50,108,dropoff,Brooklyn,Gravesend,Boro Zone,4572,0.02200733634061052,0.021341680409633947,203,205
0.50,252,dropoff,Queens,Whitestone,Boro Zone,6063,0.021951949890887355,0.02152080344332855,204,203
0.50,175,dropoff,Queens,Oakland Gardens,Boro Zone,4130,0.021878549417135306,0.021471516217295435,205,204
0.50,149,dropoff,Brooklyn,Madison,Boro Zone,7849,0.02185574032721699,0.021334091878822358,206,206
0.50,123,dropoff,Brooklyn,Homecrest,Boro Zone,10088,0.02141158887927372,0.020889910274676404,207,209
0.50,253,dropoff,Queens,Willets Point,Boro Zone,194,0.021385478147546273,0.020816371925341078,208,211
0.50,16,dropoff,Queens,Bayside,Boro Zone,8723,0.02124069871663001,0.020943870427254957,209,208
0.50,216,dropoff,Queens,South Ozone Park,Boro Zone,11846,0.021188498724585624,0.02096436099651006,210,207
0.50,138,dropoff,Queens,LaGuardia Airport,Airports,999638,0.021029476803551505,0.02082465639316951,211,210
0.50,191,dropoff,Queens,Queens Village,Boro Zone,5400,0.020877752800813932,0.02049040375654137,212,212
0.50,39,dropoff,Brooklyn,Canarsie,Boro Zone,11449,0.020872345022003434,0.020080321285140562,213,214
0.50,55,dropoff,Brooklyn,Coney Island,Boro Zone,10873,0.020429816511533166,0.020139634801288935,214,213
0.50,205,dropoff,Queens,Saint Albans,Boro Zone,5292,0.02024335733729031,0.019883351007423118,215,215
0.50,15,dropoff,Queens,Bay Terrace/Fort Totten,Boro Zone,4096,0.020207726534429076,0.019872814339276405,216,216
0.50,29,dropoff,Brooklyn,Brighton Beach,Boro Zone,7017,0.019959096620229207,0.019605280355509083,217,217
0.50,210,dropoff,Brooklyn,Sheepshead Bay,Boro Zone,8933,0.01986412214032745,0.01937483854301214,218,220
0.50,222,dropoff,Brooklyn,Starrett City,Boro Zone,2485,0.019827950191280985,0.019399896533885155,219,219
0.50,19,dropoff,Queens,Bellerose,Boro Zone,2389,0.019802317922613107,0.01956436676666232,220,218
0.50,265,dropoff,N/A,Outside of NYC,N/A,1865277,0.019339212767709387,0.018118130208962434,221,228
0.50,218,dropoff,Queens,Springfield Gardens North,Boro Zone,2679,0.01925118045327229,0.01902587519025875,222,221
0.50,124,dropoff,Queens,Howard Beach,Boro Zone,4572,0.019021470947664567,0.018945374246695547,223,222
0.50,10,dropoff,Queens,Baisley Park,Boro Zone,7117,0.018826733603380493,0.018188432157148052,224,227
0.50,64,dropoff,Queens,Douglaston,Boro Zone,3965,0.018771484164210175,0.018425254882692546,225,223
0.50,46,dropoff,Bronx,City Island,Boro Zone,808,0.018542117934248262,0.018282665043066082,226,224
0.50,155,dropoff,Brooklyn,Marine Park/Mill Basin,Boro Zone,7586,0.01848408520179549,0.01771793054571226,227,230
0.50,150,dropoff,Brooklyn,Manhattan Beach,Boro Zone,3255,0.018466076208868552,0.01820388349514563,228,226
0.50,219,dropoff,Queens,Springfield Gardens South,Boro Zone,2838,0.01841598814691694,0.0182570593962999,229,225
0.50,38,dropoff,Queens,Cambria Heights,Boro Zone,2811,0.017995073309297022,0.017661603673613562,230,231
0.50,101,dropoff,Queens,Glen Oaks,Boro Zone,2757,0.017962496690037598,0.017545911802550006,231,233
0.50,221,dropoff,Staten Island,Stapleton,Boro Zone,3403,0.017800093432175985,0.017734689051785293,232,229
0.50,139,dropoff,Queens,Laurelton,Boro Zone,2354,0.017660411506344377,0.01760150223720009,233,232
0.50,203,dropoff,Queens,Rosedale,Boro Zone,2119,0.017619545436896717,0.017339035949601202,234,235
0.50,6,dropoff,Staten Island,Arrochar/Fort Wadsworth,Boro Zone,2435,0.01759217437332436,0.017478443253320906,235,234
0.50,115,dropoff,Staten Island,Grymes Hill/Clifton,Boro Zone,2605,0.01728136795475181,0.01716050795103535,236,237
0.50,154,dropoff,Brooklyn,Marine Park/Floyd Bennett Field,Boro Zone,546,0.01727941103584046,0.017189028772698817,237,236
0.50,214,dropoff,Staten Island,South Beach/Dongan Hills,Boro Zone,2876,0.01608457659365787,0.01598636121284534,238,238
0.50,206,dropoff,Staten Island,Saint George/New Brighton,Boro Zone,3977,0.01600609776771825,0.0158144438587243,239,239
0.50,245,dropoff,Staten Island,West Brighton,Boro Zone,2543,0.01562776726429434,0.015613615072343084,240,240
0.50,86,dropoff,Queens,Far Rockaway,Boro Zone,3224,0.015399952093895025,0.015239256953462543,241,242
0.50,187,dropoff,Staten Island,Port Richmond,Boro Zone,1281,0.015332805105791712,0.015113350125944584,242,244
0.50,30,dropoff,Queens,Broad Channel,Boro Zone,289,0.015277206894780208,0.014977533699450823,243,246
0.50,156,dropoff,Staten Island,Mariners Harbor,Boro Zone,1948,0.015229852146743867,0.01505117459773322,244,245
0.50,251,dropoff,Staten Island,Westerleigh,Boro Zone,2729,0.015218336539405446,0.01483386075949367,245,247
0.50,110,dropoff,Staten Island,Great Kills Park,Boro Zone,1,0.015137753557372086,0.015137753557372086,246,243
0.50,172,dropoff,Staten Island,New Dorp/Midland Beach,Boro Zone,1854,0.014691165464735747,0.01446898934707226,247,249
0.50,1,dropoff,EWR,Newark Airport,EWR,606948,0.014613095599510429,0.014625585023400936,248,248
0.50,2,dropoff,Queens,Jamaica Bay,Boro Zone,11,0.014547307039565615,0.015267175572519083,249,241
0.50,117,dropoff,Queens,Hammels/Arverne,Boro Zone,3449,0.014292451616077373,0.014150943396226415,250,250
0.50,118,dropoff,Staten Island,Heartland Village/Todt Hill,Boro Zone,4273,0.014251505652967006,0.013895321908290875,251,252
0.50,23,dropoff,Staten Island,Bloomfield/Emerson Hill,Boro Zone,3998,0.014245290606564629,0.01396453012382009,252,251
0.50,132,dropoff,Queens,JFK Airport,Airports,658207,0.013782055681293433,0.013556258472661545,253,253
0.50,201,dropoff,Queens,Rockaway Park,Boro Zone,3490,0.013612841746494839,0.013341634794983544,254,255
0.50,104,dropoff,Manhattan,Governor's Island/Ellis Island/Liberty Island,Yellow Zone,1,0.013438451890342233,0.013438451890342233,255,254
0.50,176,dropoff,Staten Island,Oakwood,Boro Zone,1630,0.013375878491168008,0.013222266938561765,256,256
0.50,27,dropoff,Queens,Breezy Point/Fort Tilden/Riis Beach,Boro Zone,678,0.013162203098242467,0.013029882747278489,257,257
0.50,109,dropoff,Staten Island,Great Kills,Boro Zone,2255,0.012273202061930553,0.012025012025012025,258,258
0.50,5,dropoff,Staten Island,Arden Heights,Boro Zone,1126,0.011561477895057884,0.011334441848712042,259,260
0.50,99,dropoff,Staten Island,Freshkills Park,Boro Zone,44,0.011217903464355711,0.011505734068834244,260,259
0.50,204,dropoff,Staten Island,Rossville/Woodrow,Boro Zone,1521,0.010863584348261117,0.01065340909090909,261,261
0.50,84,dropoff,Staten Island,Eltingville/Annadale/Prince's Bay,Boro Zone,2149,0.010787550364229303,0.010405105438401776,262,262
0.50,44,dropoff,Staten Island,Charleston/Tottenville,Boro Zone,1460,0.010226376895004436,0.010055641621435643,263,263
0.50,4,pickup,Manhattan,Alphabet City,Yellow Zone,284804,0.06016269244103931,0.056179775280898875,1,2
0.50,137,pickup,Manhattan,Kips Bay,Yellow Zone,509959,0.05937255174390817,0.055637982195845696,2,3
0.50,224,pickup,Manhattan,Stuy Town/Peter Cooper Village,Yellow Zone,200590,0.059055438221215936,0.0574052812858783,3,1
0.50,50,pickup,Manhattan,Clinton West,Yellow Zone,523676,0.05896634185789734,0.05522827687776141,4,4
0.50,232,pickup,Manhattan,Two Bridges/Seward Park,Yellow Zone,419629,0.05811030118093522,0.05385996409335727,5,5
0.50,79,pickup,Manhattan,East Village,Yellow Zone,1205360,0.05790479858443567,0.053229240596167494,6,8
0.50,107,pickup,Manhattan,Gramercy,Yellow Zone,723385,0.05751026982689381,0.05384063173007897,7,6
0.50,45,pickup,Manhattan,Chinatown,Yellow Zone,244354,0.057338413950979675,0.05167068549776094,8,13
0.50,143,pickup,Manhattan,Lincoln Square West,Yellow Zone,320105,0.05661994678665147,0.05274261603375527,9,9
0.50,90,pickup,Manhattan,Flatiron,Yellow Zone,651650,0.056599297592076714,0.05228302544440571,10,11
0.50,233,pickup,Manhattan,UN/Turtle Bay South,Yellow Zone,539278,0.05652633213772451,0.05368647100930565,11,7
0.50,113,pickup,Manhattan,Greenwich Village North,Yellow Zone,579711,0.05650161727116464,0.05170630816959669,12,12
0.50,229,pickup,Manhattan,Sutton Place/Turtle Bay North,Yellow Zone,560765,0.05597572324950648,0.052521008403361345,13,10
0.50,249,pickup,Manhattan,West Village,Yellow Zone,869191,0.055724483440367734,0.05115961800818554,14,15
0.50,114,pickup,Manhattan,Greenwich Village South,Yellow Zone,603422,0.055225188540988325,0.04973474801061008,15,18
0.50,170,pickup,Manhattan,Murray Hill,Yellow Zone,874712,0.05513196350767089,0.05129958960328317,16,14
0.50,148,pickup,Manhattan,Lower East Side,Yellow Zone,994186,0.05497280131675091,0.0501002004008016,17,17
0.50,144,pickup,Manhattan,Little Italy/NoLiTa,Yellow Zone,672094,0.05473898139239055,0.04952129415648729,18,19
0.50,48,pickup,Manhattan,Clinton East,Yellow Zone,950455,0.05378011724146455,0.04793863854266539,19,24
0.50,234,pickup,Manhattan,Union Sq,Yellow Zone,1035751,0.05339893249994855,0.04849660523763337,20,22
0.50,140,pickup,Manhattan,Lenox Hill East,Yellow Zone,308002,0.05314556752842689,0.05052206130010104,21,16
0.50,211,pickup,Manhattan,SoHo,Yellow Zone,551970,0.05308752596549323,0.047785919082510356,22,25
0.50,141,pickup,Manhattan,Lenox Hill West,Yellow Zone,380423,0.05278600126500493,0.04940711462450593,23,20
0.50,158,pickup,Manhattan,Meatpacking/West Village West,Yellow Zone,577946,0.05268978659362967,0.048575129533678756,24,21
0.50,125,pickup,Manhattan,Hudson Sq,Yellow Zone,356076,0.052285001918643145,0.04659832246039143,25,29
0.50,246,pickup,Manhattan,West Chelsea/Hudson Yards,Yellow Zone,1008397,0.052088351142695014,0.04803073967339097,26,23
0.50,231,pickup,Manhattan,TriBeCa/Civic Center,Yellow Zone,1101506,0.05200518942194452,0.04638218923933209,27,30
0.50,142,pickup,Manhattan,Lincoln Square East,Yellow Zone,451503,0.051521187001506624,0.0462962962962963,28,31
0.50,186,pickup,Manhattan,Penn Station/Madison Sq West,Yellow Zone,609881,0.05124235943229886,0.046097111247695145,29,32
0.50,68,pickup,Manhattan,East Chelsea,Yellow Zone,1039930,0.05056005656910558,0.0453035336756267,30,35
0.50,164,pickup,Manhattan,Midtown South,Yellow Zone,982552,0.050465202780218876,0.04497751124437781,31,37
0.50,209,pickup,Manhattan,Seaport,Yellow Zone,209919,0.049969851387180825,0.045018007202881155,32,36
0.50,262,pickup,Manhattan,Yorkville East,Yellow Zone,146869,0.04973520906137777,0.04775549188156638,33,26
0.50,146,pickup,Queens,Long Island City/Queens Plaza,Boro Zone,61214,0.04957634827726212,0.046918986549890525,34,27
0.50,65,pickup,Brooklyn,Downtown Brooklyn/MetroTech,Boro Zone,106023,0.04954542939643995,0.046831095847642834,35,28
0.50,237,pickup,Manhattan,Upper East Side South,Yellow Zone,545643,0.04939894994544349,0.044682752457551385,36,38
0.50,162,pickup,Manhattan,Midtown East,Yellow Zone,784170,0.04817067904515207,0.0436046511627907,37,40
0.50,66,pickup,Brooklyn,DUMBO/Vinegar Hill,Boro Zone,136927,0.047661560222104965,0.0453035336756267,38,34
0.50,13,pickup,Manhattan,Battery Park City,Yellow Zone,420003,0.04756367553703557,0.042265426880811495,39,48
0.50,43,pickup,Manhattan,Central Park,Yellow Zone,93544,0.04735083818558734,0.043834015195791935,40,39
0.50,263,pickup,Manhattan,Yorkville West,Yellow Zone,211319,0.04727381739147825,0.045551169146674765,41,33
0.50,100,pickup,Manhattan,Garment District,Yellow Zone,533661,0.0469897198000329,0.039936102236421724,42,62
0.50,12,pickup,Manhattan,Battery Park,Yellow Zone,9615,0.04679620771998361,0.04056246619794484,43,58
0.50,87,pickup,Manhattan,Financial District North,Yellow Zone,607147,0.04674031466580654,0.04246885617214043,44,46
0.50,163,pickup,Manhattan,Midtown North,Yellow Zone,812565,0.04672677201834345,0.041724617524339355,45,51
0.50,239,pickup,Manhattan,Upper West Side South,Yellow Zone,257928,0.04628482585389837,0.043153049482163405,46,42
0.50,161,pickup,Manhattan,Midtown Center,Yellow Zone,1160949,0.04563968777744661,0.04110715264456015,47,54
0.50,97,pickup,Brooklyn,Fort Greene,Boro Zone,114234,0.045129757780737766,0.04357931435212086,48,41
0.50,230,pickup,Manhattan,Times Sq/Theatre District,Yellow Zone,1182587,0.04502460311330549,0.038839979285344384,49,70
0.50,256,pickup,Brooklyn,Williamsburg (South Side),Boro Zone,213996,0.04470389410695303,0.04239683436970039,50,47
0.50,261,pickup,Manhattan,World Trade Center,Yellow Zone,351716,0.04413280315506337,0.03851091142490372,51,72
0.50,226,pickup,Queens,Sunnyside,Boro Zone,93027,0.04406597834014389,0.04258943781942078,52,44
0.50,75,pickup,Manhattan,East Harlem South,Boro Zone,122352,0.04397038992510044,0.0430045871559633,53,43
0.50,145,pickup,Queens,Long Island City/Hunters Point,Boro Zone,207331,0.04391076009372662,0.04256526674233825,54,45
0.50,7,pickup,Queens,Astoria,Boro Zone,125748,0.04366833403017981,0.04212299915754002,55,49
0.50,193,pickup,Queens,Queensbridge/Ravenswood,Boro Zone,22605,0.043625354479826566,0.04152823920265781,56,52
0.50,236,pickup,Manhattan,Upper East Side North,Yellow Zone,292168,0.043393398349202535,0.04082743603701687,57,56
0.50,88,pickup,Manhattan,Financial District South,Yellow Zone,236455,0.0433887973916876,0.038540596094552924,58,71
0.50,74,pickup,Manhattan,East Harlem North,Boro Zone,79084,0.04297107659988707,0.04180602006688963,59,50
0.50,238,pickup,Manhattan,Upper West Side North,Yellow Zone,147717,0.04292320079048215,0.04110715264456015,60,55
0.50,33,pickup,Brooklyn,Brooklyn Heights,Boro Zone,132467,0.042629452142939374,0.04120879120879121,61,53
0.50,217,pickup,Brooklyn,South Williamsburg,Boro Zone,12422,0.04261316645292003,0.04034969810719485,62,59
0.50,54,pickup,Brooklyn,Columbia Street,Boro Zone,13729,0.04196131609622918,0.04033342296316214,63,60
0.50,151,pickup,Manhattan,Manhattan Valley,Yellow Zone,67152,0.04192000641102974,0.04059539918809201,64,57
0.50,152,pickup,Manhattan,Manhattanville,Boro Zone,34346,0.04159979982363637,0.04019292604501608,65,61
0.50,80,pickup,Brooklyn,East Williamsburg,Boro Zone,130454,0.041303397202334474,0.03949447077409163,66,66
0.50,34,pickup,Brooklyn,Brooklyn Navy Yard,Boro Zone,20761,0.04097533690219631,0.03800354699771979,67,74
0.50,25,pickup,Brooklyn,Boerum Hill,Boro Zone,103494,0.040810885411127935,0.039619651347068144,68,64
0.50,24,pickup,Manhattan,Bloomingdale,Yellow Zone,30358,0.04072492756687469,0.03990422984836392,69,63
0.50,179,pickup,Queens,Old Astoria,Boro Zone,44415,0.04068731196405808,0.03912363067292644,70,69
0.50,260,pickup,Queens,Woodside,Boro Zone,36418,0.04064247745910758,0.03933910306845004,71,68
0.50,49,pickup,Brooklyn,Clinton Hill,Boro Zone,96946,0.04052507123823784,0.039619651347068144,72,65
0.50,112,pickup,Brooklyn,Greenpoint,Boro Zone,220820,0.04024640173197041,0.039359748097612175,73,67
0.50,255,pickup,Brooklyn,Williamsburg (North Side),Boro Zone,237461,0.040195410119457944,0.038061405734585135,74,73
0.50,52,pickup,Brooklyn,Cobble Hill,Boro Zone,32565,0.039141494577550735,0.03798429982273993,75,76
0.50,116,pickup,Manhattan,Hamilton Heights,Boro Zone,56445,0.03902367928553904,0.03800354699771979,76,75
0.50,42,pickup,Manhattan,Central Harlem North,Boro Zone,91886,0.03845903071051156,0.03788835564536499,77,77
0.50,83,pickup,Queens,Elmhurst/Maspeth,Boro Zone,17904,0.03814657144067795,0.037267080745341616,78,79
0.50,41,pickup,Manhattan,Central Harlem,Boro Zone,80629,0.038145084509542564,0.03753753753753754,79,78
0.50,105,pickup,Manhattan,Governor's Island/Ellis Island/Liberty Island,Yellow Zone,12,0.03800392023688976,0.034884326954639125,80,88
0.50,166,pickup,Manhattan,Morningside Heights,Boro Zone,91592,0.037990289207736005,0.03687315634218289,81,81
0.50,17,pickup,Brooklyn,Bedford,Boro Zone,78448,0.03797774288061885,0.036891293654697496,82,80
0.50,244,pickup,Manhattan,Washington Heights South,Boro Zone,88427,0.03766821679318763,0.03665689149560117,83,82
0.50,168,pickup,Bronx,Mott Haven/Port Morris,Boro Zone,43611,0.03706389362870721,0.036118468576932336,84,85
0.50,189,pickup,Brooklyn,Prospect Heights,Boro Zone,46406,0.036962711099147304,0.03636363636363636,85,83
0.50,8,pickup,Queens,Astoria Park,Boro Zone,306,0.036844006206084405,0.03602770555218657,86,86
0.50,202,pickup,Manhattan,Roosevelt Island,Boro Zone,16060,0.03678417368351071,0.036153289949385395,87,84
0.50,40,pickup,Brooklyn,Carroll Gardens,Boro Zone,47371,0.0363490892669535,0.03542749173358526,88,87
0.50,37,pickup,Brooklyn,Bushwick South,Boro Zone,116254,0.036010496859296186,0.03428571428571429,89,89
0.50,159,pickup,Bronx,Melrose South,Boro Zone,19790,0.03518867438719326,0.03389447563319981,90,93
0.50,106,pickup,Brooklyn,Gowanus,Boro Zone,24031,0.03512109371569523,0.033913633280578795,91,92
0.50,120,pickup,Manhattan,Highbridge Park,Boro Zone,866,0.0350602200794837,0.03384104443426478,92,94
0.50,243,pickup,Manhattan,Washington Heights North,Boro Zone,62950,0.034804847898544586,0.033952014486192846,93,91
0.50,82,pickup,Queens,Elmhurst,Boro Zone,32901,0.034740897420890926,0.034106412005457026,94,90
0.50,129,pickup,Queens,Jackson Heights,Boro Zone,44268,0.03431582746219656,0.033415014479839605,95,95
0.50,195,pickup,Brooklyn,Red Hook,Boro Zone,36922,0.03393806720442523,0.03271537622682661,96,98
0.50,36,pickup,Brooklyn,Bushwick North,Boro Zone,75703,0.03383952788624643,0.0326512842838485,97,99
0.50,127,pickup,Manhattan,Inwood,Boro Zone,29797,0.033762690373878745,0.032996040475142985,98,97
0.50,157,pickup,Queens,Maspeth,Boro Zone,36413,0.033725424685511006,0.03328894806924101,99,96
0.50,225,pickup,Brooklyn,Stuyvesant Heights,Boro Zone,71185,0.03369062033099232,0.032411408815903195,100,101
0.50,181,pickup,Brooklyn,Park Slope,Boro Zone,120522,0.033639680590877054,0.03234850118611171,101,103
0.50,207,pickup,Queens,Saint Michaels Cemetery/Woodside,Boro Zone,234,0.03342180766549748,0.03228236643328658,102,104
0.50,61,pickup,Brooklyn,Crown Heights North,Boro Zone,81759,0.03336293123800334,0.03248862897985705,103,100
0.50,223,pickup,Queens,Steinway,Boro Zone,42675,0.0332923561110814,0.032037590773173856,104,107
0.50,235,pickup,Bronx,University Heights/Morris Heights,Boro Zone,18836,0.03324668230002127,0.032390412437918376,105,102
0.50,69,pickup,Bronx,East Concourse/Concourse Village,Boro Zone,21965,0.032990796413992086,0.03216123499142367,106,105
0.50,198,pickup,Queens,Ridgewood,Boro Zone,47778,0.03286501016228691,0.0320786997433704,107,106
0.50,169,pickup,Bronx,Mount Hope,Boro Zone,15365,0.03249294585777955,0.03164556962025317,108,109
0.50,147,pickup,Bronx,Longwood,Boro Zone,8775,0.03230928528944944,0.03095975232198142,109,115
0.50,167,pickup,Bronx,Morrisania/Melrose,Boro Zone,14233,0.032304107545627334,0.031017369727047148,110,114
0.50,62,pickup,Brooklyn,Crown Heights South,Boro Zone,20684,0.03224860167222514,0.03136762860727729,111,111
0.50,160,pickup,Queens,Middle Village,Boro Zone,14935,0.03218111895884026,0.031321779077051574,112,112
0.50,56,pickup,Queens,Corona,Boro Zone,15935,0.032161818717456186,0.0316055625790139,113,110
0.50,119,pickup,Bronx,Highbridge,Boro Zone,19171,0.03214532447579668,0.03199658703071672,114,108
0.50,196,pickup,Queens,Rego Park,Boro Zone,15868,0.03172571019510391,0.031168831505280017,115,113
0.50,190,pickup,Brooklyn,Prospect Park,Boro Zone,5322,0.031699342613520844,0.030624744793793388,116,117
0.50,128,pickup,Manhattan,Inwood Hill Park,Boro Zone,2848,0.03146638233200291,0.03062161918195487,117,118
0.50,247,pickup,Bronx,West Concourse,Boro Zone,27872,0.031139469394557053,0.030953363598844406,118,116
0.50,153,pickup,Manhattan,Marble Hill,Boro Zone,2926,0.030931838069272417,0.03000900300108041,119,119
0.50,136,pickup,Bronx,Kingsbridge Heights,Boro Zone,10283,0.030721076693346963,0.0298804780876494,120,120
0.50,47,pickup,Bronx,Claremont/Bathgate,Boro Zone,8834,0.030523210252599426,0.029597474348855565,121,123
0.50,94,pickup,Bronx,Fordham South,Boro Zone,6122,0.030412609784755778,0.029827003380393718,122,121
0.50,188,pickup,Brooklyn,Prospect-Lefferts Gardens,Boro Zone,39741,0.030408786729666404,0.029371450949676914,123,124
0.50,212,pickup,Bronx,Soundview/Bruckner,Boro Zone,9403,0.030284450438903463,0.028951939779965255,124,128
0.50,60,pickup,Bronx,Crotona Park East,Boro Zone,7556,0.030280800194473774,0.028851702250432775,125,129
0.50,126,pickup,Bronx,Hunts Point,Boro Zone,10027,0.030250318559506988,0.02913187026607108,126,127
0.50,257,pickup,Brooklyn,Windsor Terrace,Boro Zone,20380,0.030233216630753984,0.02917720287881735,127,126
0.50,173,pickup,Queens,North Corona,Boro Zone,7583,0.030188064568378685,0.029785544082605243,128,122
0.50,133,pickup,Brooklyn,Kensington,Boro Zone,14531,0.030157909690707082,0.029205607476635514,129,125
0.50,227,pickup,Brooklyn,Sunset Park East,Boro Zone,14494,0.02976703379792109,0.02840371141829199,130,134
0.50,177,pickup,Brooklyn,Ocean Hill,Boro Zone,14476,0.029726108368613714,0.02883783550630291,131,130
0.50,228,pickup,Brooklyn,Sunset Park West,Boro Zone,45069,0.029605709112569357,0.02862595419847328,132,132
0.50,248,pickup,Bronx,West Farms/Bronx River,Boro Zone,9621,0.02959283813523983,0.028735632183908046,133,131
0.50,78,pickup,Bronx,East Tremont,Boro Zone,13444,0.029540943744175725,0.028333962976955045,134,135
0.50,111,pickup,Brooklyn,Green-Wood Cemetery,Boro Zone,302,0.029324058873388476,0.02841883696454841,135,133
0.50,241,pickup,Bronx,Van Cortlandt Village,Boro Zone,14797,0.028569505429820594,0.027767493520918177,136,138
0.50,89,pickup,Brooklyn,Flatbush/Ditmas Park,Boro Zone,46229,0.028533439352694017,0.027362276541408246,137,141
0.50,85,pickup,Brooklyn,Erasmus,Boro Zone,14458,0.02847313218563073,0.02751283932501834,138,140
0.50,95,pickup,Queens,Forest Hills,Boro Zone,40194,0.0282382618349923,0.027757216876387863,139,139
0.50,102,pickup,Queens,Glendale,Boro Zone,8710,0.028217341781110475,0.027793218454697056,140,137
0.50,18,pickup,Bronx,Bedford Park,Boro Zone,11971,0.02779929019037647,0.02682403433476395,141,144
0.50,57,pickup,Queens,Corona,Boro Zone,731,0.027752331108509422,0.028222013170272814,142,136
0.50,59,pickup,Bronx,Crotona Park,Boro Zone,550,0.0277145360640919,0.02657455180680901,143,146
0.50,192,pickup,Queens,Queensboro Hill,Boro Zone,5167,0.02769368824721316,0.027357286157213206,144,142
0.50,220,pickup,Bronx,Spuyten Duyvil/Kingsbridge,Boro Zone,19313,0.02760076739852305,0.02706604114038253,145,143
0.50,250,pickup,Bronx,Westchester Village/Unionport,Boro Zone,7055,0.027557161543010675,0.026586316908897553,146,145
0.50,14,pickup,Brooklyn,Bay Ridge,Boro Zone,40288,0.02730410402704779,0.02612330198537095,147,149
0.50,213,pickup,Bronx,Soundview/Castle Hill,Boro Zone,13902,0.02715557560669532,0.02617344268016053,148,148
0.50,182,pickup,Bronx,Parkchester,Boro Zone,10308,0.027134132240874978,0.02633195842282455,149,147
0.50,35,pickup,Brooklyn,Brownsville,Boro Zone,11725,0.026786187721113176,0.025826446280991736,150,150
0.50,67,pickup,Brooklyn,Dyker Heights,Boro Zone,13024,0.02674711804075327,0.02579092159559835,151,151
0.50,199,pickup,Bronx,Rikers Island,Boro Zone,3,0.0263799310098872,0.025782055689240288,152,152
0.50,258,pickup,Queens,Woodhaven,Boro Zone,9794,0.025997528771203253,0.025534088192467344,153,153
0.50,71,pickup,Brooklyn,East Flatbush/Farragut,Boro Zone,12826,0.025989096131836427,0.02518045996306866,154,154
0.50,32,pickup,Bronx,Bronxdale,Boro Zone,6978,0.025618642569377775,0.024807740184521067,155,157
0.50,63,pickup,Brooklyn,Cypress Hills,Boro Zone,8564,0.025554768000149497,0.024826216484607744,156,156
0.50,72,pickup,Brooklyn,East Flatbush/Remsen Village,Boro Zone,9662,0.025510828815303636,0.024557956777996073,157,160
0.50,22,pickup,Brooklyn,Bensonhurst West,Boro Zone,14622,0.025274535393188552,0.024181847493148476,158,168
0.50,200,pickup,Bronx,Riverdale/North Riverdale/Fieldston,Boro Zone,18731,0.025266270338915025,0.02495425054067543,159,155
0.50,174,pickup,Bronx,Norwood,Boro Zone,10427,0.02519891846323758,0.024634586960091968,160,159
0.50,26,pickup,Brooklyn,Borough Park,Boro Zone,13828,0.025023171553305718,0.02436845113958287,161,164
0.50,77,pickup,Brooklyn,East New York/Pennsylvania Avenue,Boro Zone,5942,0.025018807033188005,0.023919630651303585,162,175
0.50,194,pickup,Manhattan,Randalls Island,Yellow Zone,6004,0.02499803232571942,0.02412933463096137,163,170
0.50,135,pickup,Queens,Kew Gardens Hills,Boro Zone,6779,0.02498096369391673,0.024650780608052588,164,158
0.50,73,pickup,Queens,East Flushing,Boro Zone,3428,0.024963056072217056,0.024495795051861398,165,161
0.50,242,pickup,Bronx,Van Nest/Morris Park,Boro Zone,8116,0.02484110513156732,0.024096385542168676,166,171
0.50,20,pickup,Bronx,Belmont,Boro Zone,12429,0.024754721275742568,0.024177949709864605,167,169
0.50,121,pickup,Queens,Hillcrest/Pomonok,Boro Zone,7397,0.024643986274667563,0.024213075060532687,168,167
0.50,96,pickup,Queens,Forest Park/Highland Park,Boro Zone,949,0.024580490031842945,0.02439421044072207,169,163
0.50,70,pickup,Queens,East Elmhurst,Boro Zone,16649,0.024578890010520167,0.023957834211787255,170,174
0.50,134,pickup,Queens,Kew Gardens,Boro Zone,6822,0.02457335383600263,0.024479804324564345,171,162
0.50,183,pickup,Bronx,Pelham Bay,Boro Zone,4348,0.024553355237417872,0.024301336732970157,172,165
0.50,28,pickup,Queens,Briarwood/Jamaica Hills,Boro Zone,8310,0.02450476913020859,0.024273808719480483,173,166
0.50,185,pickup,Bronx,Pelham Parkway,Boro Zone,10197,0.024500479329574887,0.023670506548840148,174,176
0.50,92,pickup,Queens,Flushing,Boro Zone,32004,0.024352281380302234,0.02406159769008662,175,173
0.50,11,pickup,Brooklyn,Bath Beach,Boro Zone,5015,0.024337416328152797,0.02352572145545797,176,178
0.50,197,pickup,Queens,Richmond Hill,Boro Zone,9145,0.024228290460636064,0.024077046548956663,177,172
0.50,254,pickup,Bronx,Williamsbridge/Olinville,Boro Zone,9783,0.02399851929726578,0.023180343069077423,178,182
0.50,21,pickup,Brooklyn,Bensonhurst East,Boro Zone,9501,0.02382106835362391,0.023045014595175908,179,185
0.50,130,pickup,Queens,Jamaica,Boro Zone,13922,0.023816357203135505,0.023386342944518267,180,179
0.50,240,pickup,Bronx,Van Cortlandt Park,Boro Zone,2349,0.02377928747105405,0.02328108024212323,181,180
0.50,178,pickup,Brooklyn,Ocean Parkway South,Boro Zone,4892,0.02375241429939276,0.02311070039136802,182,183
0.50,180,pickup,Queens,Ozone Park,Boro Zone,3424,0.023708998318647707,0.02360532038054399,183,177
0.50,171,pickup,Queens,Murray Hill-Queens,Boro Zone,6728,0.023588109727619683,0.023237800154918668,184,181
0.50,53,pickup,Queens,College Point,Boro Zone,5435,0.023424771173221486,0.02310536044362292,185,184
0.50,165,pickup,Brooklyn,Midwood,Boro Zone,11843,0.023420650024433165,0.022593764121102575,186,189
0.50,208,pickup,Bronx,Schuylerville/Edgewater Park,Boro Zone,10904,0.023399872709860617,0.022974421810384435,187,186
0.50,259,pickup,Bronx,Woodlawn/Wakefield,Boro Zone,7359,0.023232973596581042,0.022597167821633023,188,188
0.50,76,pickup,Brooklyn,East New York,Boro Zone,14963,0.02317661150497945,0.022418173666118667,189,190
0.50,3,pickup,Bronx,Allerton/Pelham Gardens,Boro Zone,4676,0.023136080971823247,0.022627847337456628,190,187
0.50,91,pickup,Brooklyn,Flatlands,Boro Zone,10238,0.022961742839650724,0.02221235201496042,191,193
0.50,98,pickup,Queens,Fresh Meadows,Boro Zone,2578,0.022763756985918596,0.022331398440465826,192,191
0.50,81,pickup,Bronx,Eastchester,Boro Zone,4870,0.022690924722857348,0.022237047042345824,193,192
0.50,9,pickup,Queens,Auburndale,Boro Zone,2931,0.022293060529552596,0.022000586682311526,194,194
0.50,131,pickup,Queens,Jamaica Estates,Boro Zone,4557,0.02209987108860996,0.021853146853146852,195,195
0.50,122,pickup,Queens,Hollis,Boro Zone,1707,0.022004288499929983,0.021673168617251843,196,197
0.50,31,pickup,Bronx,Bronx Park,Boro Zone,3712,0.021952053340371626,0.021493051021589753,197,201
0.50,58,pickup,Bronx,Country Club,Boro Zone,1324,0.02193601495258476,0.021765944584828383,198,196
0.50,108,pickup,Brooklyn,Gravesend,Boro Zone,4266,0.021878633343286113,0.021522347481457645,199,200
0.50,215,pickup,Queens,South Jamaica,Boro Zone,3326,0.021773444572217342,0.0215998273133541,200,198
0.50,51,pickup,Bronx,Co-Op City,Boro Zone,7105,0.021653724382058814,0.021234428086070217,201,203
0.50,6,pickup,Staten Island,Arrochar/Fort Wadsworth,Boro Zone,2011,0.021649299077619196,0.02105854274884178,202,204
0.50,149,pickup,Brooklyn,Madison,Boro Zone,6295,0.0215114775417856,0.021014289717007566,203,206
0.50,175,pickup,Queens,Oakland Gardens,Boro Zone,2813,0.02148877721796298,0.02158273381294964,204,199
0.50,123,pickup,Brooklyn,Homecrest,Boro Zone,10119,0.021442583892237004,0.02102017937219731,205,205
0.50,16,pickup,Queens,Bayside,Boro Zone,5565,0.021310987680441883,0.021279614129663782,206,202
0.50,39,pickup,Brooklyn,Canarsie,Boro Zone,9706,0.021137857556521422,0.020426227370516047,207,210
0.50,252,pickup,Queens,Whitestone,Boro Zone,4485,0.02104629796733769,0.02085360767412762,208,207
0.50,216,pickup,Queens,South Ozone Park,Boro Zone,9693,0.021015680013496883,0.020830440216636575,209,208
0.50,221,pickup,Staten Island,Stapleton,Boro Zone,3308,0.0208234557644836,0.02051843709488682,210,209
0.50,93,pickup,Queens,Flushing Meadows-Corona Park,Boro Zone,8221,0.020716937261355213,0.02021018593371059,211,212
0.50,138,pickup,Queens,LaGuardia Airport,Airports,867230,0.020507948100522762,0.02021563342318059,212,211
0.50,191,pickup,Queens,Queens Village,Boro Zone,4419,0.020129527832484492,0.01996007984031936,213,213
0.50,115,pickup,Staten Island,Grymes Hill/Clifton,Boro Zone,1880,0.020093552422913868,0.019589919058865188,214,214
0.50,15,pickup,Queens,Bay Terrace/Fort Totten,Boro Zone,2760,0.019872014921430852,0.019538882375928098,215,215
0.50,205,pickup,Queens,Saint Albans,Boro Zone,4679,0.019754073374505066,0.01949317738791423,216,216
0.50,64,pickup,Queens,Douglaston,Boro Zone,2435,0.01973019586781255,0.01948811225152657,217,217
0.50,55,pickup,Brooklyn,Coney Island,Boro Zone,10903,0.01959755336387083,0.01931496265773886,218,219
0.50,210,pickup,Brooklyn,Sheepshead Bay,Boro Zone,6995,0.019490861584294056,0.019083969465648856,219,221
0.50,19,pickup,Queens,Bellerose,Boro Zone,1672,0.019480773907076393,0.01920491842620433,220,220
0.50,29,pickup,Brooklyn,Brighton Beach,Boro Zone,5894,0.01944591963997864,0.01905972045743329,221,222
0.50,184,pickup,Bronx,Pelham Bay Park,Boro Zone,1158,0.019410858704351355,0.018475181952894312,222,225
0.50,222,pickup,Brooklyn,Starrett City,Boro Zone,1905,0.01940746141470026,0.018894067262879455,223,223
0.50,265,pickup,N/A,Outside of NYC,N/A,152,0.019404108044144507,0.018170807972222064,224,230
0.50,124,pickup,Queens,Howard Beach,Boro Zone,3610,0.01932844016624151,0.019412450176302328,225,218
0.50,218,pickup,Queens,Springfield Gardens North,Boro Zone,2423,0.019005436507206788,0.018536826495304002,226,224
0.50,214,pickup,Staten Island,South Beach/Dongan Hills,Boro Zone,2286,0.018952486329677522,0.01834189315759765,227,226
0.50,155,pickup,Brooklyn,Marine Park/Mill Basin,Boro Zone,5924,0.01895123998434398,0.01826150501865316,228,227
0.50,10,pickup,Queens,Baisley Park,Boro Zone,6387,0.01887453345340526,0.018245955479868632,229,228
0.50,150,pickup,Brooklyn,Manhattan Beach,Boro Zone,3001,0.01848554585529531,0.01820830298616169,230,229
0.50,206,pickup,Staten Island,Saint George/New Brighton,Boro Zone,3033,0.018075218674915478,0.017644982943183153,231,233
0.50,101,pickup,Queens,Glen Oaks,Boro Zone,1910,0.0180121637531312,0.017791484060045784,232,231
0.50,219,pickup,Queens,Springfield Gardens South,Boro Zone,2218,0.01791747246871797,0.017459117100891743,233,234
0.50,245,pickup,Staten Island,West Brighton,Boro Zone,1927,0.0179008177014391,0.017341040462427744,234,236
0.50,253,pickup,Queens,Willets Point,Boro Zone,215,0.01786372138370013,0.017267180844940715,235,237
0.50,46,pickup,Bronx,City Island,Boro Zone,677,0.017782566165027797,0.017694939247375252,236,232
0.50,251,pickup,Staten Island,Westerleigh,Boro Zone,1941,0.017761949943801928,0.01741755689735253,237,235
0.50,156,pickup,Staten Island,Mariners Harbor,Boro Zone,1883,0.017285044905110965,0.016304347826086956,238,244
0.50,172,pickup,Staten Island,New Dorp/Midland Beach,Boro Zone,1419,0.01725988861063929,0.016795431642593214,239,241
0.50,139,pickup,Queens,Laurelton,Boro Zone,1843,0.017222410906530632,0.016808606006275213,240,239
0.50,203,pickup,Queens,Rosedale,Boro Zone,1631,0.01716317294815739,0.017084282460136675,241,238
0.50,187,pickup,Staten Island,Port Richmond,Boro Zone,1060,0.01710932750566221,0.01609615228898029,242,245
0.50,38,pickup,Queens,Cambria Heights,Boro Zone,2641,0.016931487694055534,0.01678040049222508,243,242
0.50,1,pickup,EWR,Newark Airport,EWR,1,0.016795431642593214,0.016795431642593214,244,240
0.50,2,pickup,Queens,Jamaica Bay,Boro Zone,12,0.01669337608746792,0.016053946805305537,245,247
0.50,154,pickup,Brooklyn,Marine Park/Floyd Bennett Field,Boro Zone,411,0.016559031524563294,0.016311439756415833,246,243
0.50,23,pickup,Staten Island,Bloomfield/Emerson Hill,Boro Zone,3145,0.01651530919706091,0.015807777426493835,247,248
0.50,118,pickup,Staten Island,Heartland Village/Todt Hill,Boro Zone,3158,0.016223087956212447,0.015305342560130842,248,250
0.50,30,pickup,Queens,Broad Channel,Boro Zone,122,0.016178186894363004,0.016090234599446335,249,246
0.50,176,pickup,Staten Island,Oakwood,Boro Zone,1203,0.016037284186967236,0.015589274579089587,250,249
0.50,117,pickup,Queens,Hammels/Arverne,Boro Zone,2767,0.014997745827723466,0.014892772041302621,251,251
0.50,132,pickup,Queens,JFK Airport,Airports,445811,0.014942532747968577,0.014771048744460858,252,252
0.50,86,pickup,Queens,Far Rockaway,Boro Zone,2325,0.014829535400901228,0.014403687343960053,253,253
0.50,110,pickup,Staten Island,Great Kills Park,Boro Zone,3,0.014450062197754484,0.013137151865475564,254,257
0.50,201,pickup,Queens,Rockaway Park,Boro Zone,1998,0.01427400209888739,0.014083845859874296,255,254
0.50,109,pickup,Staten Island,Great Kills,Boro Zone,1423,0.014197735801175908,0.013547687861271676,256,256
0.50,27,pickup,Queens,Breezy Point/Fort Tilden/Riis Beach,Boro Zone,315,0.013973686498790912,0.013865779256794232,257,255
0.50,5,pickup,Staten Island,Arden Heights,Boro Zone,600,0.012768869143226447,0.011905708002187421,258,258
0.50,204,pickup,Staten Island,Rossville/Woodrow,Boro Zone,768,0.01217349804571053,0.01121413990363888,259,260
0.50,84,pickup,Staten Island,Eltingville/Annadale/Prince's Bay,Boro Zone,1173,0.011829015688619078,0.011390386513782368,260,259
0.50,44,pickup,Staten Island,Charleston/Tottenville,Boro Zone,777,0.011431590236758797,0.01088850174216028,261,261
0.50,99,pickup,Staten Island,Freshkills Park,Boro Zone,31,0.010790469706296308,0.009367974019485385,262,262
1.00,4,dropoff,Manhattan,Alphabet City,Yellow Zone,239356,0.0638062691634129,0.05931198102016608,1,2
1.00,224,dropoff,Manhattan,Stuy Town/Peter Cooper Village,Yellow Zone,160441,0.06306317244247361,0.05942947702060222,2,1
1.00,79,dropoff,Manhattan,East Village,Yellow Zone,983593,0.06250639708589889,0.057803468208092484,3,4
1.00,249,dropoff,Manhattan,West Village,Yellow Zone,742528,0.061942847148052455,0.05884660651235779,4,3
1.00,114,dropoff,Manhattan,Greenwich Village South,Yellow Zone,526218,0.061734326809369015,0.057625816365731844,5,5
1.00,137,dropoff,Manhattan,Kips Bay,Yellow Zone,499679,0.06150122141551676,0.05688282138794084,6,7
1.00,232,dropoff,Manhattan,Two Bridges/Seward Park,Yellow Zone,353805,0.06139475584872162,0.05662514156285391,7,9
1.00,113,dropoff,Manhattan,Greenwich Village North,Yellow Zone,492654,0.06135678437194616,0.05705591479650057,8,6
1.00,107,dropoff,Manhattan,Gramercy,Yellow Zone,628489,0.06098797639604021,0.05662514156285391,9,8
1.00,45,dropoff,Manhattan,Chinatown,Yellow Zone,212931,0.06049010794572223,0.05504587155963303,10,13
1.00,90,dropoff,Manhattan,Flatiron,Yellow Zone,545771,0.06019438608560339,0.05649717514124294,11,10
1.00,229,dropoff,Manhattan,Sutton Place/Turtle Bay North,Yellow Zone,427328,0.060161487551184986,0.055741360089186176,12,11
1.00,50,dropoff,Manhattan,Clinton West,Yellow Zone,424843,0.05998290427400428,0.054684651841049946,13,14
1.00,170,dropoff,Manhattan,Murray Hill,Yellow Zone,848187,0.05906934203937683,0.05557613931085587,14,12
1.00,148,dropoff,Manhattan,Lower East Side,Yellow Zone,756594,0.05882565611755388,0.05438723712835388,15,17
1.00,233,dropoff,Manhattan,UN/Turtle Bay South,Yellow Zone,466376,0.05835771457212216,0.05456529647144417,16,15
1.00,105,dropoff,Manhattan,Governor's Island/Ellis Island/Liberty Island,Yellow Zone,28,0.05828226708874683,0.046775279221216375,17,41
1.00,234,dropoff,Manhattan,Union Sq,Yellow Zone,915567,0.05803862809936224,0.05382131324004306,18,18
1.00,158,dropoff,Manhattan,Meatpacking/West Village West,Yellow Zone,513156,0.05794063787177206,0.0544464609800363,19,16
1.00,246,dropoff,Manhattan,West Chelsea/Hudson Yards,Yellow Zone,946566,0.05784699975433497,0.053229240596167494,20,20
1.00,144,dropoff,Manhattan,Little Italy/NoLiTa,Yellow Zone,561050,0.05718053064607447,0.05276116778051354,21,21
1.00,48,dropoff,Manhattan,Clinton East,Yellow Zone,744936,0.057177333308894,0.051617343427391604,22,25
1.00,186,dropoff,Manhattan,Penn Station/Madison Sq West,Yellow Zone,727032,0.057162113429004235,0.05357142857142857,23,19
1.00,211,dropoff,Manhattan,SoHo,Yellow Zone,497703,0.05674963183337939,0.05246589716684155,24,22
1.00,125,dropoff,Manhattan,Hudson Sq,Yellow Zone,307059,0.05654026595563546,0.05147563486616335,25,26
1.00,68,dropoff,Manhattan,East Chelsea,Yellow Zone,1018392,0.05611268718543261,0.05122950819672131,26,27
1.00,141,dropoff,Manhattan,Lenox Hill West,Yellow Zone,281783,0.05610763903535993,0.05179558011049724,27,24
1.00,143,dropoff,Manhattan,Lincoln Square West,Yellow Zone,240016,0.05608477388860028,0.05088195386702849,28,28
1.00,140,dropoff,Manhattan,Lenox Hill East,Yellow Zone,279977,0.05567100512342704,0.051939058171745156,29,23
1.00,231,dropoff,Manhattan,TriBeCa/Civic Center,Yellow Zone,924429,0.055566001467003336,0.05016722408026756,30,29
1.00,142,dropoff,Manhattan,Lincoln Square East,Yellow Zone,390442,0.05488116959659776,0.0491480996068152,31,32
1.00,162,dropoff,Manhattan,Midtown East,Yellow Zone,779524,0.054308684607066914,0.049800796812749,32,31
1.00,164,dropoff,Manhattan,Midtown South,Yellow Zone,821146,0.05400104085903196,0.050066755674232306,33,30
1.00,209,dropoff,Manhattan,Seaport,Yellow Zone,183251,0.053508356877240724,0.04772510340439071,34,35
1.00,100,dropoff,Manhattan,Garment District,Yellow Zone,435184,0.052416034994734996,0.04748338081671415,35,36
1.00,161,dropoff,Manhattan,Midtown Center,Yellow Zone,1029583,0.05224633757455628,0.04801536491677337,36,34
1.00,13,dropoff,Manhattan,Battery Park City,Yellow Zone,375151,0.052106850269064836,0.046918986549890525,37,39
1.00,237,dropoff,Manhattan,Upper East Side South,Yellow Zone,465556,0.05186854772885595,0.047036688617121354,38,38
1.00,163,dropoff,Manhattan,Midtown North,Yellow Zone,685343,0.05183533168260855,0.04681647940074907,39,40
1.00,87,dropoff,Manhattan,Financial District North,Yellow Zone,545580,0.05068135870513472,0.04564820450395618,40,43
1.00,65,dropoff,Brooklyn,Downtown Brooklyn/MetroTech,Boro Zone,110021,0.050553461282805925,0.04810776138550353,41,33
1.00,146,dropoff,Queens,Long Island City/Queens Plaza,Boro Zone,75576,0.04939390362779929,0.04706620646375902,42,37
1.00,239,dropoff,Manhattan,Upper West Side South,Yellow Zone,217111,0.0493426251532006,0.045126353790613714,43,48
1.00,230,dropoff,Manhattan,Times Sq/Theatre District,Yellow Zone,1010322,0.049325885536446824,0.04426084390675716,44,53
1.00,261,dropoff,Manhattan,World Trade Center,Yellow Zone,337466,0.04879152225604608,0.04299226139294927,45,56
1.00,43,dropoff,Manhattan,Central Park,Yellow Zone,134840,0.048638876216299975,0.045454545454545456,46,45
1.00,12,dropoff,Manhattan,Battery Park,Yellow Zone,16477,0.048197907514614675,0.04159733777038269,47,65
1.00,88,dropoff,Manhattan,Financial District South,Yellow Zone,227651,0.04819732449571956,0.0429553264604811,48,57
1.00,263,dropoff,Manhattan,Yorkville West,Yellow Zone,187738,0.04819158252059099,0.045676004872107184,49,42
1.00,256,dropoff,Brooklyn,Williamsburg (South Side),Boro Zone,233031,0.04778144029326441,0.04478948939982084,50,51
1.00,262,dropoff,Manhattan,Yorkville East,Yellow Zone,114019,0.04773213109468873,0.045358330813426065,51,46
1.00,66,dropoff,Brooklyn,DUMBO/Vinegar Hill,Boro Zone,124286,0.047640117978664104,0.04549590536851684,52,44
1.00,145,dropoff,Queens,Long Island City/Hunters Point,Boro Zone,273615,0.0475324734862457,0.045167118337850046,53,47
1.00,217,dropoff,Brooklyn,South Williamsburg,Boro Zone,14818,0.04665370838061689,0.04337140469426953,54,55
1.00,193,dropoff,Queens,Queensbridge/Ravenswood,Boro Zone,26593,0.0465406278105494,0.04478948939982084,55,50
1.00,226,dropoff,Queens,Sunnyside,Boro Zone,110091,0.04631334196366985,0.04466944609886837,56,52
1.00,75,dropoff,Manhattan,East Harlem South,Boro Zone,121956,0.04599017993306015,0.044856459330143546,57,49
1.00,238,dropoff,Manhattan,Upper West Side North,Yellow Zone,138111,0.04539683717929339,0.04260153365521158,58,60
1.00,97,dropoff,Brooklyn,Fort Greene,Boro Zone,104797,0.045076893651563685,0.04373177842565598,59,54
1.00,151,dropoff,Manhattan,Manhattan Valley,Yellow Zone,65329,0.045037858895449034,0.042735042735042736,60,59
1.00,33,dropoff,Brooklyn,Brooklyn Heights,Boro Zone,137634,0.04496683216573912,0.04291845493562232,61,58
1.00,236,dropoff,Manhattan,Upper East Side North,Yellow Zone,265886,0.04428181039545672,0.04160887656033287,62,64
1.00,80,dropoff,Brooklyn,East Williamsburg,Boro Zone,150890,0.04411892870819242,0.041666666666666664,63,63
1.00,7,dropoff,Queens,Astoria,Boro Zone,161165,0.043966479817721574,0.042444821731748725,64,62
1.00,74,dropoff,Manhattan,East Harlem North,Boro Zone,69492,0.04351042791353033,0.04246885617214043,65,61
1.00,24,dropoff,Manhattan,Bloomingdale,Yellow Zone,29399,0.04322593347328352,0.041413583655438985,66,66
1.00,25,dropoff,Brooklyn,Boerum Hill,Boro Zone,110068,0.042771499466632515,0.04126547455295736,67,67
1.00,152,dropoff,Manhattan,Manhattanville,Boro Zone,33734,0.042560623201516184,0.04077194889915738,68,69
1.00,112,dropoff,Brooklyn,Greenpoint,Boro Zone,257808,0.04210357506670105,0.040983606557377046,69,68
1.00,260,dropoff,Queens,Woodside,Boro Zone,42887,0.0416748152776657,0.040518638573743916,70,70
1.00,34,dropoff,Brooklyn,Brooklyn Navy Yard,Boro Zone,17525,0.04137170192809596,0.03864983251739242,71,76
1.00,179,dropoff,Queens,Old Astoria,Boro Zone,60760,0.04131068707092233,0.040171397964649164,72,71
1.00,255,dropoff,Brooklyn,Williamsburg (North Side),Boro Zone,242618,0.04079606748926269,0.03861003861003861,73,77
1.00,49,dropoff,Brooklyn,Clinton Hill,Boro Zone,107243,0.040643278693280514,0.039515279241306635,74,72
1.00,202,dropoff,Manhattan,Roosevelt Island,Boro Zone,25998,0.040519678200700925,0.03947887948352059,75,73
1.00,166,dropoff,Manhattan,Morningside Heights,Boro Zone,96598,0.040197107540746214,0.0384122919334187,76,81
1.00,52,dropoff,Brooklyn,Cobble Hill,Boro Zone,31984,0.040184185479855514,0.03897116134060795,77,74
1.00,168,dropoff,Bronx,Mott Haven/Port Morris,Boro Zone,47902,0.03990527494648299,0.03897116134060795,78,75
1.00,54,dropoff,Brooklyn,Columbia Street,Boro Zone,12671,0.03983640519718525,0.038560411311053984,79,78
1.00,17,dropoff,Brooklyn,Bedford,Boro Zone,101837,0.039703482974600524,0.03792667509481669,80,83
1.00,41,dropoff,Manhattan,Central Harlem,Boro Zone,81141,0.039513852064281346,0.03855050115651504,81,79
1.00,83,dropoff,Queens,Elmhurst/Maspeth,Boro Zone,22466,0.0394181685002069,0.038109756097560975,82,82
1.00,42,dropoff,Manhattan,Central Harlem North,Boro Zone,88757,0.039104648536818706,0.038520801232665644,83,80
1.00,8,dropoff,Queens,Astoria Park,Boro Zone,413,0.03902388732218873,0.03710116250309176,84,85
1.00,116,dropoff,Manhattan,Hamilton Heights,Boro Zone,55959,0.03856625061994688,0.0375751503006012,85,84
1.00,37,dropoff,Brooklyn,Bushwick South,Boro Zone,155003,0.038227199817403704,0.03627569528415961,86,89
1.00,244,dropoff,Manhattan,Washington Heights South,Boro Zone,90222,0.03780646736216899,0.03675569713305562,87,86
1.00,159,dropoff,Bronx,Melrose South,Boro Zone,19593,0.03767276197905808,0.036683785766691124,88,87
1.00,189,dropoff,Brooklyn,Prospect Heights,Boro Zone,55127,0.037461989886528956,0.0366121552355382,89,88
1.00,40,dropoff,Brooklyn,Carroll Gardens,Boro Zone,50138,0.03737985827876496,0.0362406378352259,90,90
1.00,106,dropoff,Brooklyn,Gowanus,Boro Zone,24619,0.03676580131730717,0.03550295857988166,91,91
1.00,225,dropoff,Brooklyn,Stuyvesant Heights,Boro Zone,102995,0.036351991771495895,0.03460207612456747,92,95
1.00,264,dropoff,Unknown,N/A,N/A,182,0.03627317124331299,0.030785562900986302,93,123
1.00,157,dropoff,Queens,Maspeth,Boro Zone,33193,0.03620020999944187,0.03527751646284101,94,92
1.00,36,dropoff,Brooklyn,Bushwick North,Boro Zone,95455,0.03619316480885091,0.03473830477072719,95,94
1.00,82,dropoff,Queens,Elmhurst,Boro Zone,45817,0.03615129555017721,0.0350140056022409,96,93
1.00,129,dropoff,Queens,Jackson Heights,Boro Zone,53236,0.0355685148959583,0.034570177460244295,97,96
1.00,61,dropoff,Brooklyn,Crown Heights North,Boro Zone,118645,0.03530741549431188,0.03399818676337262,98,101
1.00,69,dropoff,Bronx,East Concourse/Concourse Village,Boro Zone,24351,0.03523848950554761,0.034324942791762014,99,97
1.00,223,dropoff,Queens,Steinway,Boro Zone,62150,0.03521085689036595,0.03412581092957606,100,99
1.00,147,dropoff,Bronx,Longwood,Boro Zone,8931,0.03519982821099187,0.033821871476888386,101,105
1.00,120,dropoff,Manhattan,Highbridge Park,Boro Zone,1556,0.03502222485725173,0.03403676145299307,102,100
1.00,198,dropoff,Queens,Ridgewood,Boro Zone,69762,0.035013285430556616,0.033852403520649964,103,104
1.00,235,dropoff,Bronx,University Heights/Morris Heights,Boro Zone,16621,0.03495165951485626,0.03396739130434783,104,102
1.00,62,dropoff,Brooklyn,Crown Heights South,Boro Zone,27883,0.03473122070309873,0.03345973678340397,105,108
1.00,195,dropoff,Brooklyn,Red Hook,Boro Zone,32171,0.034695590889159536,0.033400133600534405,106,109
1.00,181,dropoff,Brooklyn,Park Slope,Boro Zone,144482,0.03468025373741911,0.03331852509995557,107,110
1.00,243,dropoff,Manhattan,Washington Heights North,Boro Zone,55918,0.034446516437950415,0.033715441672285906,108,106
1.00,190,dropoff,Brooklyn,Prospect Park,Boro Zone,8613,0.03420176622701668,0.03351206434316354,109,107
1.00,207,dropoff,Queens,Saint Michaels Cemetery/Woodside,Boro Zone,277,0.03417936685870739,0.03414523104939677,110,98
1.00,119,dropoff,Bronx,Highbridge,Boro Zone,20380,0.03417768030985117,0.033905967450271246,111,103
1.00,167,dropoff,Bronx,Morrisania/Melrose,Boro Zone,13321,0.0339565459417958,0.032996040475142985,112,112
1.00,127,dropoff,Manhattan,Inwood,Boro Zone,26062,0.03359420059611118,0.03279405334499344,113,113
1.00,160,dropoff,Queens,Middle Village,Boro Zone,20383,0.033532755212189125,0.032369443245576175,114,116
1.00,247,dropoff,Bronx,West Concourse,Boro Zone,27164,0.033475022698268096,0.033017829627999117,115,111
1.00,196,dropoff,Queens,Rego Park,Boro Zone,21190,0.033449695710067576,0.03248862897985705,116,114
1.00,169,dropoff,Bronx,Mount Hope,Boro Zone,16269,0.033342728622129454,0.03244646333549643,117,115
1.00,56,dropoff,Queens,Corona,Boro Zone,15127,0.03319170111071542,0.03226500322650032,118,117
1.00,126,dropoff,Bronx,Hunts Point,Boro Zone,10799,0.03315710396287858,0.03224419604471195,119,118
1.00,188,dropoff,Brooklyn,Prospect-Lefferts Gardens,Boro Zone,54076,0.03255224759402149,0.03141032387066221,120,119
1.00,133,dropoff,Brooklyn,Kensington,Boro Zone,15590,0.032209658272990695,0.030886441179852515,121,121
1.00,128,dropoff,Manhattan,Inwood Hill Park,Boro Zone,2479,0.03176919184158524,0.031269543464665414,122,120
1.00,228,dropoff,Brooklyn,Sunset Park West,Boro Zone,49437,0.03174721270799951,0.03060599877576005,123,128
1.00,257,dropoff,Brooklyn,Windsor Terrace,Boro Zone,24429,0.03165589067461928,0.03061849357011635,124,127
1.00,136,dropoff,Bronx,Kingsbridge Heights,Boro Zone,10276,0.0316296224060003,0.030662305805396566,125,125
1.00,212,dropoff,Bronx,Soundview/Bruckner,Boro Zone,9198,0.03158528772628289,0.030816641311304696,126,122
1.00,60,dropoff,Bronx,Crotona Park East,Boro Zone,6234,0.031532899083799165,0.030543678725196866,127,129
1.00,47,dropoff,Bronx,Claremont/Bathgate,Boro Zone,8044,0.03146361013159924,0.030696820655770108,128,124
1.00,227,dropoff,Brooklyn,Sunset Park East,Boro Zone,17078,0.03139259601126953,0.030108390204737052,129,131
1.00,94,dropoff,Bronx,Fordham South,Boro Zone,6799,0.03133935416626058,0.030637254901960783,130,126
1.00,248,dropoff,Bronx,West Farms/Bronx River,Boro Zone,8792,0.03103196414175717,0.03013863773357444,131,130
1.00,173,dropoff,Queens,North Corona,Boro Zone,8324,0.030734438779338936,0.029856687898089172,132,132
1.00,177,dropoff,Brooklyn,Ocean Hill,Boro Zone,19675,0.030486305200124245,0.029211295034079845,133,133
1.00,78,dropoff,Bronx,East Tremont,Boro Zone,11818,0.02986334190526471,0.029123386353484007,134,134
1.00,213,dropoff,Bronx,Soundview/Castle Hill,Boro Zone,14067,0.029777644604368846,0.02874664622460713,135,138
1.00,85,dropoff,Brooklyn,Erasmus,Boro Zone,18963,0.029684837053004114,0.028275212064090484,136,141
1.00,59,dropoff,Bronx,Crotona Park,Boro Zone,464,0.029654670934370894,0.028840608641646705,137,136
1.00,111,dropoff,Brooklyn,Green-Wood Cemetery,Boro Zone,446,0.02963648776782444,0.028068886846984754,138,144
1.00,102,dropoff,Queens,Glendale,Boro Zone,12037,0.02959399208430285,0.02895752895752896,139,135
1.00,57,dropoff,Queens,Corona,Boro Zone,568,0.029385088005548433,0.028749401318169006,140,137
1.00,89,dropoff,Brooklyn,Flatbush/Ditmas Park,Boro Zone,54012,0.029354330032340604,0.028053113895642415,141,145
1.00,241,dropoff,Bronx,Van Cortlandt Village,Boro Zone,16136,0.029161748865293245,0.028694404853616726,142,140
1.00,194,dropoff,Manhattan,Randalls Island,Yellow Zone,7575,0.029135194675495593,0.02870264064293915,143,139
1.00,153,dropoff,Manhattan,Marble Hill,Boro Zone,2878,0.028813506785966492,0.02823529436775901,144,142
1.00,95,dropoff,Queens,Forest Hills,Boro Zone,58330,0.028767986063053103,0.028206092515983452,145,143
1.00,250,dropoff,Bronx,Westchester Village/Unionport,Boro Zone,7885,0.02869890805773607,0.02791736460078169,146,147
1.00,182,dropoff,Bronx,Parkchester,Boro Zone,10839,0.028477375929116373,0.02791736460078169,147,146
1.00,18,dropoff,Bronx,Bedford Park,Boro Zone,14246,0.028399732886423563,0.02774181616423155,148,148
1.00,192,dropoff,Queens,Queensboro Hill,Boro Zone,6098,0.028080267232327264,0.027583670467083484,149,149
1.00,220,dropoff,Bronx,Spuyten Duyvil/Kingsbridge,Boro Zone,20830,0.027636395929265978,0.027183762232693004,150,150
1.00,71,dropoff,Brooklyn,East Flatbush/Farragut,Boro Zone,14508,0.027408509894840682,0.026093763787911197,151,156
1.00,35,dropoff,Brooklyn,Brownsville,Boro Zone,11662,0.027364963340941066,0.02619629758994062,152,155
1.00,67,dropoff,Brooklyn,Dyker Heights,Boro Zone,14663,0.027324647842978275,0.026334269662921347,153,152
1.00,70,dropoff,Queens,East Elmhurst,Boro Zone,14262,0.027188383337799243,0.02660046107465863,154,151
1.00,14,dropoff,Brooklyn,Bay Ridge,Boro Zone,48776,0.027129562150585977,0.026200873362445413,155,154
1.00,72,dropoff,Brooklyn,East Flatbush/Remsen Village,Boro Zone,11267,0.027067268383100463,0.02590673575129534,156,157
1.00,32,dropoff,Bronx,Bronxdale,Boro Zone,7627,0.0269599449993984,0.02631578947368421,157,153
1.00,26,dropoff,Brooklyn,Borough Park,Boro Zone,13967,0.02666389425782209,0.025649794801641587,158,159
1.00,63,dropoff,Brooklyn,Cypress Hills,Boro Zone,10333,0.02654328895396537,0.02565856996236743,159,158
1.00,185,dropoff,Bronx,Pelham Parkway,Boro Zone,12670,0.02621558344584919,0.02545824847250509,160,163
1.00,135,dropoff,Queens,Kew Gardens Hills,Boro Zone,9115,0.026134040775051298,0.025627883136852894,161,160
1.00,28,dropoff,Queens,Briarwood/Jamaica Hills,Boro Zone,11822,0.02603785292839695,0.025453928389614796,162,164
1.00,174,dropoff,Bronx,Norwood,Boro Zone,12629,0.02599806604214778,0.025505866349260328,163,162
1.00,20,dropoff,Bronx,Belmont,Boro Zone,14121,0.025940349937543045,0.02544529262086514,164,165
1.00,240,dropoff,Bronx,Van Cortlandt Park,Boro Zone,2740,0.025878641445319185,0.025514543289675114,165,161
1.00,258,dropoff,Queens,Woodhaven,Boro Zone,11602,0.02585217840650858,0.02528871298421394,166,166
1.00,77,dropoff,Brooklyn,East New York/Pennsylvania Avenue,Boro Zone,6602,0.025786333057268643,0.024473813020068527,167,177
1.00,96,dropoff,Queens,Forest Park/Highland Park,Boro Zone,1192,0.025768036156049674,0.025201615748751634,168,168
1.00,242,dropoff,Bronx,Van Nest/Morris Park,Boro Zone,9061,0.02573878688788991,0.0250501002004008,169,170
1.00,121,dropoff,Queens,Hillcrest/Pomonok,Boro Zone,9640,0.025546598926274797,0.025068939758906922,170,169
1.00,134,dropoff,Queens,Kew Gardens,Boro Zone,10130,0.025521617756327494,0.025214321734745335,171,167
1.00,73,dropoff,Queens,East Flushing,Boro Zone,4770,0.025390008658548915,0.02490039909255186,172,174
1.00,259,dropoff,Bronx,Woodlawn/Wakefield,Boro Zone,9948,0.025381351443372425,0.02492108323641801,173,173
1.00,22,dropoff,Brooklyn,Bensonhurst West,Boro Zone,16852,0.025362234710526527,0.024422012373819604,174,178
1.00,92,dropoff,Queens,Flushing,Boro Zone,32258,0.025329571675203454,0.024975024975024972,175,172
1.00,183,dropoff,Bronx,Pelham Bay,Boro Zone,5533,0.025282964385712908,0.025025025025025027,176,171
1.00,254,dropoff,Bronx,Williamsbridge/Olinville,Boro Zone,10231,0.025203603483169378,0.02461437479488021,177,175
1.00,208,dropoff,Bronx,Schuylerville/Edgewater Park,Boro Zone,13124,0.024942081914982664,0.024602263408233557,178,176
1.00,11,dropoff,Brooklyn,Bath Beach,Boro Zone,6377,0.024689214780120903,0.023839796567069294,179,181
1.00,197,dropoff,Queens,Richmond Hill,Boro Zone,11170,0.024642677050446156,0.02422871910838314,180,179
1.00,200,dropoff,Bronx,Riverdale/North Riverdale/Fieldston,Boro Zone,18631,0.02425718906021979,0.02403846153846154,181,180
1.00,21,dropoff,Brooklyn,Bensonhurst East,Boro Zone,11243,0.02419947018997019,0.02336448598130841,182,188
1.00,3,dropoff,Bronx,Allerton/Pelham Gardens,Boro Zone,5886,0.024190806660421706,0.023809523809523808,183,182
1.00,58,dropoff,Bronx,Country Club,Boro Zone,2079,0.0241626855426034,0.023711666139740753,184,184
1.00,165,dropoff,Brooklyn,Midwood,Boro Zone,13199,0.024136493073407976,0.023342670401493928,185,189
1.00,53,dropoff,Queens,College Point,Boro Zone,6015,0.024082466319057364,0.02363693665300977,186,186
1.00,130,dropoff,Queens,Jamaica,Boro Zone,13078,0.024080193014283404,0.0236929395040278,187,185
1.00,171,dropoff,Queens,Murray Hill-Queens,Boro Zone,9754,0.023980980387509617,0.02375861264604199,188,183
1.00,31,dropoff,Bronx,Bronx Park,Boro Zone,4230,0.02392578200883209,0.023450324539440244,189,187
1.00,76,dropoff,Brooklyn,East New York,Boro Zone,17514,0.023756676003721007,0.022813688212927757,190,196
1.00,178,dropoff,Brooklyn,Ocean Parkway South,Boro Zone,4928,0.02352934299933643,0.022561480160692985,191,197
1.00,98,dropoff,Queens,Fresh Meadows,Boro Zone,3627,0.02346677574232774,0.022984983144345692,192,192
1.00,51,dropoff,Bronx,Co-Op City,Boro Zone,8099,0.023460679040905572,0.02310180194055136,193,190
1.00,81,dropoff,Bronx,Eastchester,Boro Zone,5030,0.023373035108118223,0.022967386311437757,194,193
1.00,9,dropoff,Queens,Auburndale,Boro Zone,4504,0.023323012181656024,0.022937533584659997,195,194
1.00,180,dropoff,Queens,Ozone Park,Boro Zone,4435,0.023214951073484816,0.023080473919064474,196,191
1.00,131,dropoff,Queens,Jamaica Estates,Boro Zone,6787,0.02301345113188438,0.022834525803014157,197,195
1.00,91,dropoff,Brooklyn,Flatlands,Boro Zone,11669,0.022826570351158527,0.022088057723457517,198,199
1.00,122,dropoff,Queens,Hollis,Boro Zone,2273,0.022676127818419746,0.022344704305079698,199,198
1.00,93,dropoff,Queens,Flushing Meadows-Corona Park,Boro Zone,11340,0.02255485859107185,0.022053958804767845,200,200
1.00,215,dropoff,Queens,South Jamaica,Boro Zone,3911,0.022343386477064343,0.021961932650073207,201,201
1.00,184,dropoff,Bronx,Pelham Bay Park,Boro Zone,1244,0.02224222404015244,0.021728118162522486,202,202
1.00,108,dropoff,Brooklyn,Gravesend,Boro Zone,4572,0.022007336340610528,0.021341680409633947,203,205
1.00,252,dropoff,Queens,Whitestone,Boro Zone,6063,0.02195194989088734,0.02152080344332855,204,203
1.00,175,dropoff,Queens,Oakland Gardens,Boro Zone,4130,0.021878549417135303,0.021471516217295435,205,204
1.00,149,dropoff,Brooklyn,Madison,Boro Zone,7849,0.021855740327216985,0.021334091878822358,206,206
1.00,123,dropoff,Brooklyn,Homecrest,Boro Zone,10088,0.02141158887927372,0.020889910274676404,207,209
1.00,253,dropoff,Queens,Willets Point,Boro Zone,194,0.021385478147546266,0.020816371925341078,208,211
1.00,16,dropoff,Queens,Bayside,Boro Zone,8723,0.021240698716630004,0.020943870427254957,209,208
1.00,216,dropoff,Queens,South Ozone Park,Boro Zone,11846,0.02118849872458562,0.02096436099651006,210,207
1.00,138,dropoff,Queens,LaGuardia Airport,Airports,999638,0.021029476803551484,0.02082465639316951,211,210
1.00,191,dropoff,Queens,Queens Village,Boro Zone,5400,0.02087775280081393,0.02049040375654137,212,212
1.00,39,dropoff,Brooklyn,Canarsie,Boro Zone,11449,0.020872345022003445,0.020080321285140562,213,214
1.00,55,dropoff,Brooklyn,Coney Island,Boro Zone,10873,0.020429816511533166,0.020139634801288935,214,213
1.00,205,dropoff,Queens,Saint Albans,Boro Zone,5292,0.020243357337290307,0.019883351007423118,215,215
1.00,15,dropoff,Queens,Bay Terrace/Fort Totten,Boro Zone,4096,0.020207726534429076,0.019872814339276405,216,216
1.00,29,dropoff,Brooklyn,Brighton Beach,Boro Zone,7017,0.019959096620229204,0.019605280355509083,217,217
1.00,210,dropoff,Brooklyn,Sheepshead Bay,Boro Zone,8933,0.019864122140327446,0.01937483854301214,218,220
1.00,222,dropoff,Brooklyn,Starrett City,Boro Zone,2485,0.019827950191280985,0.019399896533885155,219,219
1.00,19,dropoff,Queens,Bellerose,Boro Zone,2389,0.019802317922613107,0.01956436676666232,220,218
1.00,265,dropoff,N/A,Outside of NYC,N/A,1865277,0.019339212767709373,0.018118130208962434,221,228
1.00,218,dropoff,Queens,Springfield Gardens North,Boro Zone,2679,0.01925118045327229,0.01902587519025875,222,221
1.00,124,dropoff,Queens,Howard Beach,Boro Zone,4572,0.019021470947664564,0.018945374246695547,223,222
1.00,10,dropoff,Queens,Baisley Park,Boro Zone,7117,0.018826733603380493,0.018188432157148052,224,227
1.00,64,dropoff,Queens,Douglaston,Boro Zone,3965,0.01877148416421017,0.018425254882692546,225,223
1.00,46,dropoff,Bronx,City Island,Boro Zone,808,0.01854211793424826,0.018282665043066082,226,224
1.00,155,dropoff,Brooklyn,Marine Park/Mill Basin,Boro Zone,7586,0.01848408520179549,0.01771793054571226,227,230
1.00,150,dropoff,Brooklyn,Manhattan Beach,Boro Zone,3255,0.018466076208868545,0.01820388349514563,228,226
1.00,219,dropoff,Queens,Springfield Gardens South,Boro Zone,2838,0.01841598814691694,0.0182570593962999,229,225
1.00,38,dropoff,Queens,Cambria Heights,Boro Zone,2811,0.01799507330929702,0.017661603673613562,230,231
1.00,101,dropoff,Queens,Glen Oaks,Boro Zone,2757,0.017962496690037594,0.017545911802550006,231,233
1.00,221,dropoff,Staten Island,Stapleton,Boro Zone,3403,0.017800093432175985,0.017734689051785293,232,229
1.00,139,dropoff,Queens,Laurelton,Boro Zone,2354,0.01766041150634437,0.01760150223720009,233,232
1.00,203,dropoff,Queens,Rosedale,Boro Zone,2119,0.017619545436896714,0.017339035949601202,234,235
1.00,6,dropoff,Staten Island,Arrochar/Fort Wadsworth,Boro Zone,2435,0.017592174373324363,0.017478443253320906,235,234
1.00,115,dropoff,Staten Island,Grymes Hill/Clifton,Boro Zone,2605,0.017281367954751804,0.01716050795103535,236,237
1.00,154,dropoff,Brooklyn,Marine Park/Floyd Bennett Field,Boro Zone,546,0.017279411035840464,0.017189028772698817,237,236
1.00,214,dropoff,Staten Island,South Beach/Dongan Hills,Boro Zone,2876,0.016084576593657873,0.01598636121284534,238,238
1.00,206,dropoff,Staten Island,Saint George/New Brighton,Boro Zone,3977,0.016006097767718254,0.0158144438587243,239,239
1.00,245,dropoff,Staten Island,West Brighton,Boro Zone,2543,0.01562776726429434,0.015613615072343084,240,240
1.00,86,dropoff,Queens,Far Rockaway,Boro Zone,3224,0.01539995209389502,0.015239256953462543,241,242
1.00,187,dropoff,Staten Island,Port Richmond,Boro Zone,1281,0.015332805105791714,0.015113350125944584,242,244
1.00,30,dropoff,Queens,Broad Channel,Boro Zone,289,0.015277206894780208,0.014977533699450823,243,246
1.00,156,dropoff,Staten Island,Mariners Harbor,Boro Zone,1948,0.015229852146743866,0.01505117459773322,244,245
1.00,251,dropoff,Staten Island,Westerleigh,Boro Zone,2729,0.015218336539405446,0.01483386075949367,245,247
1.00,110,dropoff,Staten Island,Great Kills Park,Boro Zone,1,0.015137753557372086,0.015137753557372086,246,243
1.00,172,dropoff,Staten Island,New Dorp/Midland Beach,Boro Zone,1854,0.014691165464735745,0.01446898934707226,247,249
1.00,1,dropoff,EWR,Newark Airport,EWR,606948,0.014613095599510458,0.014625585023400936,248,248
1.00,2,dropoff,Queens,Jamaica Bay,Boro Zone,11,0.014547307039565615,0.015267175572519083,249,241
1.00,117,dropoff,Queens,Hammels/Arverne,Boro Zone,3449,0.014292451616077376,0.014150943396226415,250,250
1.00,118,dropoff,Staten Island,Heartland Village/Todt Hill,Boro Zone,4273,0.014251505652967001,0.013895321908290875,251,252
1.00,23,dropoff,Staten Island,Bloomfield/Emerson Hill,Boro Zone,3998,0.01424529060656463,0.01396453012382009,252,251
1.00,132,dropoff,Queens,JFK Airport,Airports,658207,0.013782055681293445,0.013556258472661545,253,253
1.00,201,dropoff,Queens,Rockaway Park,Boro Zone,3490,0.013612841746494839,0.013341634794983544,254,255
1.00,104,dropoff,Manhattan,Governor's Island/Ellis Island/Liberty Island,Yellow Zone,1,0.013438451890342233,0.013438451890342233,255,254
1.00,176,dropoff,Staten Island,Oakwood,Boro Zone,1630,0.013375878491168006,0.013222266938561765,256,256
1.00,27,dropoff,Queens,Breezy Point/Fort Tilden/Riis Beach,Boro Zone,678,0.013162203098242467,0.013029882747278489,257,257
1.00,109,dropoff,Staten Island,Great Kills,Boro Zone,2255,0.012273202061930553,0.012025012025012025,258,258
1.00,5,dropoff,Staten Island,Arden Heights,Boro Zone,1126,0.01156147789505788,0.011334441848712042,259,260
1.00,99,dropoff,Staten Island,Freshkills Park,Boro Zone,44,0.011217903464355715,0.011505734068834244,260,259
1.00,204,dropoff,Staten Island,Rossville/Woodrow,Boro Zone,1521,0.010863584348261119,0.01065340909090909,261,261
1.00,84,dropoff,Staten Island,Eltingville/Annadale/Prince's Bay,Boro Zone,2149,0.010787550364229306,0.010405105438401776,262,262
1.00,44,dropoff,Staten Island,Charleston/Tottenville,Boro Zone,1460,0.010226376895004436,0.010055641621435643,263,263
1.00,4,pickup,Manhattan,Alphabet City,Yellow Zone,284803,0.060156779499974576,0.056179775280898875,1,2
1.00,137,pickup,Manhattan,Kips Bay,Yellow Zone,509958,0.05936916648132968,0.055637982195845696,2,3
1.00,224,pickup,Manhattan,Stuy Town/Peter Cooper Village,Yellow Zone,200589,0.05904261337284867,0.0574052812858783,3,1
1.00,50,pickup,Manhattan,Clinton West,Yellow Zone,523676,0.05896634185789729,0.05522827687776141,4,4
1.00,232,pickup,Manhattan,Two Bridges/Seward Park,Yellow Zone,419627,0.05810098146026743,0.05385996409335727,5,5
1.00,79,pickup,Manhattan,East Village,Yellow Zone,1205358,0.05790092732158224,0.053229240596167494,6,8
1.00,107,pickup,Manhattan,Gramercy,Yellow Zone,723383,0.057504982898474034,0.05384063173007897,7,6
1.00,45,pickup,Manhattan,Chinatown,Yellow Zone,244352,0.05732171917410266,0.05167068549776094,8,13
1.00,143,pickup,Manhattan,Lincoln Square West,Yellow Zone,320105,0.0566199467866514,0.05274261603375527,9,9
1.00,90,pickup,Manhattan,Flatiron,Yellow Zone,651649,0.056596315310660714,0.05228302544440571,10,11
1.00,233,pickup,Manhattan,UN/Turtle Bay South,Yellow Zone,539276,0.05652032302920862,0.05368647100930565,11,7
1.00,113,pickup,Manhattan,Greenwich Village North,Yellow Zone,579709,0.056492225562269266,0.05170630816959669,12,12
1.00,229,pickup,Manhattan,Sutton Place/Turtle Bay North,Yellow Zone,560764,0.055972850934337536,0.052521008403361345,13,10
1.00,249,pickup,Manhattan,West Village,Yellow Zone,869190,0.055722183517408444,0.05115961800818554,14,15
1.00,114,pickup,Manhattan,Greenwich Village South,Yellow Zone,603421,0.05522187481917223,0.04973474801061008,15,18
1.00,170,pickup,Manhattan,Murray Hill,Yellow Zone,874710,0.055126482785725205,0.05129958960328317,16,14
1.00,148,pickup,Manhattan,Lower East Side,Yellow Zone,994184,0.05496860023979012,0.0501002004008016,17,17
1.00,144,pickup,Manhattan,Little Italy/NoLiTa,Yellow Zone,672094,0.05473898139239027,0.04952129415648729,18,19
1.00,48,pickup,Manhattan,Clinton East,Yellow Zone,950452,0.05377387552963507,0.04793863854266539,19,24
1.00,234,pickup,Manhattan,Union Sq,Yellow Zone,1035748,0.05339421079987229,0.04849660523763337,20,22
1.00,140,pickup,Manhattan,Lenox Hill East,Yellow Zone,308002,0.053145567528426904,0.05052206130010104,21,16
1.00,211,pickup,Manhattan,SoHo,Yellow Zone,551970,0.053087525965493355,0.047785919082510356,22,25
1.00,141,pickup,Manhattan,Lenox Hill West,Yellow Zone,380422,0.05277825404218723,0.04940711462450593,23,20
1.00,158,pickup,Manhattan,Meatpacking/West Village West,Yellow Zone,577945,0.05268632241497265,0.048575129533678756,24,21
1.00,125,pickup,Manhattan,Hudson Sq,Yellow Zone,356075,0.05228019276079598,0.04659832246039143,25,29
1.00,246,pickup,Manhattan,West Chelsea/Hudson Yards,Yellow Zone,1008396,0.05208627778184103,0.04803073967339097,26,23
1.00,231,pickup,Manhattan,TriBeCa/Civic Center,Yellow Zone,1101504,0.052002192063908506,0.04638218923933209,27,30
1.00,142,pickup,Manhattan,Lincoln Square East,Yellow Zone,451502,0.051514912180581,0.0462962962962963,28,31
1.00,186,pickup,Manhattan,Penn Station/Madison Sq West,Yellow Zone,609880,0.05123805148799978,0.046097111247695145,29,32
1.00,68,pickup,Manhattan,East Chelsea,Yellow Zone,1039930,0.050560056569105664,0.0453035336756267,30,35
1.00,164,pickup,Manhattan,Midtown South,Yellow Zone,982550,0.05046111955512074,0.04497751124437781,31,37
1.00,209,pickup,Manhattan,Seaport,Yellow Zone,209918,0.04995634780228938,0.045018007202881155,32,36
1.00,262,pickup,Manhattan,Yorkville East,Yellow Zone,146869,0.049735209061377676,0.04775549188156638,33,26
1.00,146,pickup,Queens,Long Island City/Queens Plaza,Boro Zone,61213,0.04954727451932827,0.046918986549890525,34,27
1.00,65,pickup,Brooklyn,Downtown Brooklyn/MetroTech,Boro Zone,106023,0.04954542939644001,0.046831095847642834,35,28
1.00,237,pickup,Manhattan,Upper East Side South,Yellow Zone,545643,0.049398949945443485,0.044682752457551385,36,38
1.00,162,pickup,Manhattan,Midtown East,Yellow Zone,784169,0.04816775164133866,0.0436046511627907,37,40
1.00,66,pickup,Brooklyn,DUMBO/Vinegar Hill,Boro Zone,136927,0.04766156022210502,0.0453035336756267,38,34
1.00,13,pickup,Manhattan,Battery Park City,Yellow Zone,420003,0.047563675537035596,0.042265426880811495,39,48
1.00,43,pickup,Manhattan,Central Park,Yellow Zone,93544,0.04735083818558732,0.043834015195791935,40,39
1.00,263,pickup,Manhattan,Yorkville West,Yellow Zone,211319,0.047273817391478234,0.045551169146674765,41,33
1.00,100,pickup,Manhattan,Garment District,Yellow Zone,533661,0.04698971980003287,0.039936102236421724,42,62
1.00,12,pickup,Manhattan,Battery Park,Yellow Zone,9615,0.04679620771998362,0.04056246619794484,43,58
1.00,87,pickup,Manhattan,Financial District North,Yellow Zone,607147,0.04674031466580652,0.04246885617214043,44,46
1.00,163,pickup,Manhattan,Midtown North,Yellow Zone,812565,0.04672677201834351,0.041724617524339355,45,51
1.00,239,pickup,Manhattan,Upper West Side South,Yellow Zone,257928,0.046284825853898356,0.043153049482163405,46,42
1.00,161,pickup,Manhattan,Midtown Center,Yellow Zone,1160948,0.045638352571224464,0.04110715264456015,47,54
1.00,97,pickup,Brooklyn,Fort Greene,Boro Zone,114234,0.04512975778073778,0.04357931435212086,48,41
1.00,230,pickup,Manhattan,Times Sq/Theatre District,Yellow Zone,1182587,0.04502460311330538,0.038839979285344384,49,70
1.00,256,pickup,Brooklyn,Williamsburg (South Side),Boro Zone,213996,0.04470389410695304,0.04239683436970039,50,47
1.00,261,pickup,Manhattan,World Trade Center,Yellow Zone,351715,0.04412818994873573,0.03851091142490372,51,72
1.00,226,pickup,Queens,Sunnyside,Boro Zone,93027,0.04406597834014388,0.04258943781942078,52,44
1.00,75,pickup,Manhattan,East Harlem South,Boro Zone,122352,0.04397038992510041,0.0430045871559633,53,43
1.00,145,pickup,Queens,Long Island City/Hunters Point,Boro Zone,207331,0.04391076009372666,0.04256526674233825,54,45
1.00,7,pickup,Queens,Astoria,Boro Zone,125748,0.0436683340301798,0.04212299915754002,55,49
1.00,193,pickup,Queens,Queensbridge/Ravenswood,Boro Zone,22605,0.043625354479826545,0.04152823920265781,56,52
1.00,236,pickup,Manhattan,Upper East Side North,Yellow Zone,292168,0.04339339834920256,0.04082743603701687,57,56
1.00,88,pickup,Manhattan,Financial District South,Yellow Zone,236455,0.04338879739168766,0.038540596094552924,58,71
1.00,74,pickup,Manhattan,East Harlem North,Boro Zone,79084,0.04297107659988708,0.04180602006688963,59,50
1.00,238,pickup,Manhattan,Upper West Side North,Yellow Zone,147717,0.04292320079048219,0.04110715264456015,60,55
1.00,33,pickup,Brooklyn,Brooklyn Heights,Boro Zone,132467,0.04262945214293932,0.04120879120879121,61,53
1.00,217,pickup,Brooklyn,South Williamsburg,Boro Zone,12422,0.04261316645292003,0.04034969810719485,62,59
1.00,54,pickup,Brooklyn,Columbia Street,Boro Zone,13729,0.04196131609622918,0.04033342296316214,63,60
1.00,151,pickup,Manhattan,Manhattan Valley,Yellow Zone,67152,0.04192000641102974,0.04059539918809201,64,57
1.00,152,pickup,Manhattan,Manhattanville,Boro Zone,34346,0.041599799823636374,0.04019292604501608,65,61
1.00,80,pickup,Brooklyn,East Williamsburg,Boro Zone,130453,0.04128838262541564,0.03949447077409163,66,66
1.00,34,pickup,Brooklyn,Brooklyn Navy Yard,Boro Zone,20761,0.040975336902196326,0.03800354699771979,67,74
1.00,25,pickup,Brooklyn,Boerum Hill,Boro Zone,103494,0.04081088541112794,0.039619651347068144,68,64
1.00,24,pickup,Manhattan,Bloomingdale,Yellow Zone,30358,0.04072492756687468,0.03990422984836392,69,63
1.00,179,pickup,Queens,Old Astoria,Boro Zone,44415,0.04068731196405809,0.03912363067292644,70,69
1.00,260,pickup,Queens,Woodside,Boro Zone,36418,0.04064247745910758,0.03933910306845004,71,68
1.00,49,pickup,Brooklyn,Clinton Hill,Boro Zone,96946,0.04052507123823779,0.039619651347068144,72,65
1.00,112,pickup,Brooklyn,Greenpoint,Boro Zone,220820,0.040246401731970576,0.039359748097612175,73,67
1.00,255,pickup,Brooklyn,Williamsburg (North Side),Boro Zone,237461,0.04019541011945801,0.038061405734585135,74,73
1.00,52,pickup,Brooklyn,Cobble Hill,Boro Zone,32565,0.03914149457755074,0.03798429982273993,75,76
1.00,116,pickup,Manhattan,Hamilton Heights,Boro Zone,56445,0.03902367928553903,0.03800354699771979,76,75
1.00,42,pickup,Manhattan,Central Harlem North,Boro Zone,91886,0.038459030710511564,0.03788835564536499,77,77
1.00,83,pickup,Queens,Elmhurst/Maspeth,Boro Zone,17904,0.038146571440677936,0.037267080745341616,78,79
1.00,41,pickup,Manhattan,Central Harlem,Boro Zone,80629,0.03814508450954254,0.03753753753753754,79,78
1.00,105,pickup,Manhattan,Governor's Island/Ellis Island/Liberty Island,Yellow Zone,12,0.03800392023688976,0.034884326954639125,80,88
1.00,166,pickup,Manhattan,Morningside Heights,Boro Zone,91592,0.037990289207736005,0.03687315634218289,81,81
1.00,17,pickup,Brooklyn,Bedford,Boro Zone,78448,0.03797774288061886,0.036891293654697496,82,80
1.00,244,pickup,Manhattan,Washington Heights South,Boro Zone,88427,0.03766821679318763,0.03665689149560117,83,82
1.00,168,pickup,Bronx,Mott Haven/Port Morris,Boro Zone,43611,0.037063893628707226,0.036118468576932336,84,85
1.00,189,pickup,Brooklyn,Prospect Heights,Boro Zone,46406,0.03696271109914728,0.03636363636363636,85,83
1.00,8,pickup,Queens,Astoria Park,Boro Zone,306,0.036844006206084405,0.03602770555218657,86,86
1.00,202,pickup,Manhattan,Roosevelt Island,Boro Zone,16060,0.036784173683510696,0.036153289949385395,87,84
1.00,40,pickup,Brooklyn,Carroll Gardens,Boro Zone,47371,0.03634908926695349,0.03542749173358526,88,87
1.00,37,pickup,Brooklyn,Bushwick South,Boro Zone,116254,0.03601049685929618,0.03428571428571429,89,89
1.00,159,pickup,Bronx,Melrose South,Boro Zone,19790,0.03518867438719327,0.03389447563319981,90,93
1.00,106,pickup,Brooklyn,Gowanus,Boro Zone,24031,0.03512109371569522,0.033913633280578795,91,92
1.00,120,pickup,Manhattan,Highbridge Park,Boro Zone,866,0.035060220079483694,0.03384104443426478,92,94
1.00,243,pickup,Manhattan,Washington Heights North,Boro Zone,62950,0.03480484789854458,0.033952014486192846,93,91
1.00,82,pickup,Queens,Elmhurst,Boro Zone,32901,0.034740897420890926,0.034106412005457026,94,90
1.00,129,pickup,Queens,Jackson Heights,Boro Zone,44268,0.03431582746219657,0.033415014479839605,95,95
1.00,195,pickup,Brooklyn,Red Hook,Boro Zone,36922,0.03393806720442523,0.03271537622682661,96,98
1.00,36,pickup,Brooklyn,Bushwick North,Boro Zone,75703,0.033839527886246445,0.0326512842838485,97,99
1.00,127,pickup,Manhattan,Inwood,Boro Zone,29797,0.03376269037387875,0.032996040475142985,98,97
1.00,157,pickup,Queens,Maspeth,Boro Zone,36413,0.03372542468551101,0.03328894806924101,99,96
1.00,225,pickup,Brooklyn,Stuyvesant Heights,Boro Zone,71185,0.03369062033099234,0.032411408815903195,100,101
1.00,181,pickup,Brooklyn,Park Slope,Boro Zone,120522,0.033639680590877075,0.03234850118611171,101,103
1.00,207,pickup,Queens,Saint Michaels Cemetery/Woodside,Boro Zone,234,0.03342180766549748,0.03228236643328658,102,104
1.00,61,pickup,Brooklyn,Crown Heights North,Boro Zone,81759,0.0333629312380033,0.03248862897985705,103,100
1.00,223,pickup,Queens,Steinway,Boro Zone,42675,0.03329235611108141,0.032037590773173856,104,107
1.00,235,pickup,Bronx,University Heights/Morris Heights,Boro Zone,18836,0.033246682300021264,0.032390412437918376,105,102
1.00,69,pickup,Bronx,East Concourse/Concourse Village,Boro Zone,21965,0.03299079641399208,0.03216123499142367,106,105
1.00,198,pickup,Queens,Ridgewood,Boro Zone,47778,0.0328650101622869,0.0320786997433704,107,106
1.00,169,pickup,Bronx,Mount Hope,Boro Zone,15365,0.03249294585777955,0.03164556962025317,108,109
1.00,147,pickup,Bronx,Longwood,Boro Zone,8775,0.03230928528944942,0.03095975232198142,109,115
1.00,167,pickup,Bronx,Morrisania/Melrose,Boro Zone,14233,0.03230410754562734,0.031017369727047148,110,114
1.00,62,pickup,Brooklyn,Crown Heights South,Boro Zone,20684,0.03224860167222514,0.03136762860727729,111,111
1.00,160,pickup,Queens,Middle Village,Boro Zone,14935,0.032181118958840266,0.031321779077051574,112,112
1.00,56,pickup,Queens,Corona,Boro Zone,15935,0.03216181871745618,0.0316055625790139,113,110
1.00,119,pickup,Bronx,Highbridge,Boro Zone,19171,0.032145324475796676,0.03199658703071672,114,108
1.00,196,pickup,Queens,Rego Park,Boro Zone,15868,0.031725710195103916,0.031168831505280017,115,113
1.00,190,pickup,Brooklyn,Prospect Park,Boro Zone,5322,0.031699342613520844,0.030624744793793388,116,117
1.00,128,pickup,Manhattan,Inwood Hill Park,Boro Zone,2848,0.03146638233200291,0.03062161918195487,117,118
1.00,247,pickup,Bronx,West Concourse,Boro Zone,27872,0.031139469394557057,0.030953363598844406,118,116
1.00,153,pickup,Manhattan,Marble Hill,Boro Zone,2926,0.030931838069272424,0.03000900300108041,119,119
1.00,136,pickup,Bronx,Kingsbridge Heights,Boro Zone,10283,0.030721076693346963,0.0298804780876494,120,120
1.00,47,pickup,Bronx,Claremont/Bathgate,Boro Zone,8834,0.030523210252599433,0.029597474348855565,121,123
1.00,94,pickup,Bronx,Fordham South,Boro Zone,6122,0.030412609784755774,0.029827003380393718,122,121
1.00,188,pickup,Brooklyn,Prospect-Lefferts Gardens,Boro Zone,39741,0.030408786729666386,0.029371450949676914,123,124
1.00,212,pickup,Bronx,Soundview/Bruckner,Boro Zone,9403,0.03028445043890345,0.028951939779965255,124,128
1.00,60,pickup,Bronx,Crotona Park East,Boro Zone,7556,0.030280800194473788,0.028851702250432775,125,129
1.00,126,pickup,Bronx,Hunts Point,Boro Zone,10027,0.030250318559507,0.02913187026607108,126,127
1.00,257,pickup,Brooklyn,Windsor Terrace,Boro Zone,20380,0.030233216630753984,0.02917720287881735,127,126
1.00,173,pickup,Queens,North Corona,Boro Zone,7583,0.030188064568378675,0.029785544082605243,128,122
1.00,133,pickup,Brooklyn,Kensington,Boro Zone,14531,0.03015790969070708,0.029205607476635514,129,125
1.00,227,pickup,Brooklyn,Sunset Park East,Boro Zone,14494,0.029767033797921085,0.02840371141829199,130,134
1.00,177,pickup,Brooklyn,Ocean Hill,Boro Zone,14476,0.029726108368613717,0.02883783550630291,131,130
1.00,228,pickup,Brooklyn,Sunset Park West,Boro Zone,45069,0.029605709112569354,0.02862595419847328,132,132
1.00,248,pickup,Bronx,West Farms/Bronx River,Boro Zone,9621,0.029592838135239833,0.028735632183908046,133,131
1.00,78,pickup,Bronx,East Tremont,Boro Zone,13444,0.02954094374417573,0.028333962976955045,134,135
1.00,111,pickup,Brooklyn,Green-Wood Cemetery,Boro Zone,302,0.029324058873388473,0.02841883696454841,135,133
1.00,241,pickup,Bronx,Van Cortlandt Village,Boro Zone,14797,0.028569505429820587,0.027767493520918177,136,138
1.00,89,pickup,Brooklyn,Flatbush/Ditmas Park,Boro Zone,46229,0.028533439352694003,0.027362276541408246,137,141
1.00,85,pickup,Brooklyn,Erasmus,Boro Zone,14458,0.028473132185630724,0.02751283932501834,138,140
1.00,95,pickup,Queens,Forest Hills,Boro Zone,40194,0.02823826183499229,0.027757216876387863,139,139
1.00,102,pickup,Queens,Glendale,Boro Zone,8710,0.02821734178111048,0.027793218454697056,140,137
1.00,18,pickup,Bronx,Bedford Park,Boro Zone,11971,0.027799290190376465,0.02682403433476395,141,144
1.00,57,pickup,Queens,Corona,Boro Zone,731,0.02775233110850943,0.028222013170272814,142,136
1.00,59,pickup,Bronx,Crotona Park,Boro Zone,550,0.0277145360640919,0.02657455180680901,143,146
1.00,192,pickup,Queens,Queensboro Hill,Boro Zone,5167,0.02769368824721316,0.027357286157213206,144,142
1.00,220,pickup,Bronx,Spuyten Duyvil/Kingsbridge,Boro Zone,19313,0.027600767398523043,0.02706604114038253,145,143
1.00,250,pickup,Bronx,Westchester Village/Unionport,Boro Zone,7055,0.027557161543010678,0.026586316908897553,146,145
1.00,14,pickup,Brooklyn,Bay Ridge,Boro Zone,40288,0.027304104027047783,0.02612330198537095,147,149
1.00,213,pickup,Bronx,Soundview/Castle Hill,Boro Zone,13902,0.02715557560669532,0.02617344268016053,148,148
1.00,182,pickup,Bronx,Parkchester,Boro Zone,10308,0.027134132240874968,0.02633195842282455,149,147
1.00,35,pickup,Brooklyn,Brownsville,Boro Zone,11725,0.02678618772111317,0.025826446280991736,150,150
1.00,67,pickup,Brooklyn,Dyker Heights,Boro Zone,13024,0.02674711804075328,0.02579092159559835,151,151
1.00,199,pickup,Bronx,Rikers Island,Boro Zone,3,0.0263799310098872,0.025782055689240288,152,152
1.00,258,pickup,Queens,Woodhaven,Boro Zone,9794,0.025997528771203256,0.025534088192467344,153,153
1.00,71,pickup,Brooklyn,East Flatbush/Farragut,Boro Zone,12826,0.025989096131836423,0.02518045996306866,154,154
1.00,32,pickup,Bronx,Bronxdale,Boro Zone,6978,0.025618642569377768,0.024807740184521067,155,157
1.00,63,pickup,Brooklyn,Cypress Hills,Boro Zone,8564,0.025554768000149494,0.024826216484607744,156,156
1.00,72,pickup,Brooklyn,East Flatbush/Remsen Village,Boro Zone,9662,0.02551082881530364,0.024557956777996073,157,160
1.00,22,pickup,Brooklyn,Bensonhurst West,Boro Zone,14622,0.02527453539318855,0.024181847493148476,158,168
1.00,200,pickup,Bronx,Riverdale/North Riverdale/Fieldston,Boro Zone,18731,0.025266270338915025,0.02495425054067543,159,155
1.00,174,pickup,Bronx,Norwood,Boro Zone,10427,0.025198918463237588,0.024634586960091968,160,159
1.00,26,pickup,Brooklyn,Borough Park,Boro Zone,13828,0.025023171553305714,0.02436845113958287,161,164
1.00,77,pickup,Brooklyn,East New York/Pennsylvania Avenue,Boro Zone,5942,0.02501880703318801,0.023919630651303585,162,175
1.00,194,pickup,Manhattan,Randalls Island,Yellow Zone,6004,0.02499803232571942,0.02412933463096137,163,170
1.00,135,pickup,Queens,Kew Gardens Hills,Boro Zone,6779,0.02498096369391673,0.024650780608052588,164,158
1.00,73,pickup,Queens,East Flushing,Boro Zone,3428,0.024963056072217056,0.024495795051861398,165,161
1.00,242,pickup,Bronx,Van Nest/Morris Park,Boro Zone,8116,0.024841105131567322,0.024096385542168676,166,171
1.00,20,pickup,Bronx,Belmont,Boro Zone,12429,0.024754721275742575,0.024177949709864605,167,169
1.00,121,pickup,Queens,Hillcrest/Pomonok,Boro Zone,7397,0.024643986274667566,0.024213075060532687,168,167
1.00,96,pickup,Queens,Forest Park/Highland Park,Boro Zone,949,0.024580490031842945,0.02439421044072207,169,163
1.00,70,pickup,Queens,East Elmhurst,Boro Zone,16649,0.024578890010520174,0.023957834211787255,170,174
1.00,134,pickup,Queens,Kew Gardens,Boro Zone,6822,0.02457335383600262,0.024479804324564345,171,162
1.00,183,pickup,Bronx,Pelham Bay,Boro Zone,4348,0.024553355237417872,0.024301336732970157,172,165
1.00,28,pickup,Queens,Briarwood/Jamaica Hills,Boro Zone,8310,0.02450476913020859,0.024273808719480483,173,166
1.00,185,pickup,Bronx,Pelham Parkway,Boro Zone,10197,0.024500479329574883,0.023670506548840148,174,176
1.00,92,pickup,Queens,Flushing,Boro Zone,32004,0.024352281380302238,0.02406159769008662,175,173
1.00,11,pickup,Brooklyn,Bath Beach,Boro Zone,5015,0.02433741632815279,0.02352572145545797,176,178
1.00,197,pickup,Queens,Richmond Hill,Boro Zone,9145,0.024228290460636064,0.024077046548956663,177,172
1.00,254,pickup,Bronx,Williamsbridge/Olinville,Boro Zone,9783,0.023998519297265777,0.023180343069077423,178,182
1.00,21,pickup,Brooklyn,Bensonhurst East,Boro Zone,9501,0.023821068353623916,0.023045014595175908,179,185
1.00,130,pickup,Queens,Jamaica,Boro Zone,13922,0.023816357203135505,0.023386342944518267,180,179
1.00,240,pickup,Bronx,Van Cortlandt Park,Boro Zone,2349,0.02377928747105405,0.02328108024212323,181,180
1.00,178,pickup,Brooklyn,Ocean Parkway South,Boro Zone,4892,0.023752414299392764,0.02311070039136802,182,183
1.00,180,pickup,Queens,Ozone Park,Boro Zone,3424,0.023708998318647707,0.02360532038054399,183,177
1.00,171,pickup,Queens,Murray Hill-Queens,Boro Zone,6728,0.023588109727619683,0.023237800154918668,184,181
1.00,53,pickup,Queens,College Point,Boro Zone,5435,0.023424771173221486,0.02310536044362292,185,184
1.00,165,pickup,Brooklyn,Midwood,Boro Zone,11843,0.023420650024433165,0.022593764121102575,186,189
1.00,208,pickup,Bronx,Schuylerville/Edgewater Park,Boro Zone,10904,0.023399872709860617,0.022974421810384435,187,186
1.00,259,pickup,Bronx,Woodlawn/Wakefield,Boro Zone,7359,0.023232973596581042,0.022597167821633023,188,188
1.00,76,pickup,Brooklyn,East New York,Boro Zone,14963,0.02317661150497945,0.022418173666118667,189,190
1.00,3,pickup,Bronx,Allerton/Pelham Gardens,Boro Zone,4676,0.023136080971823236,0.022627847337456628,190,187
1.00,91,pickup,Brooklyn,Flatlands,Boro Zone,10238,0.02296174283965073,0.02221235201496042,191,193
1.00,98,pickup,Queens,Fresh Meadows,Boro Zone,2578,0.0227637569859186,0.022331398440465826,192,191
1.00,81,pickup,Bronx,Eastchester,Boro Zone,4870,0.022690924722857345,0.022237047042345824,193,192
1.00,9,pickup,Queens,Auburndale,Boro Zone,2931,0.022293060529552596,0.022000586682311526,194,194
1.00,131,pickup,Queens,Jamaica Estates,Boro Zone,4557,0.022099871088609967,0.021853146853146852,195,195
1.00,122,pickup,Queens,Hollis,Boro Zone,1707,0.022004288499929983,0.021673168617251843,196,197
1.00,31,pickup,Bronx,Bronx Park,Boro Zone,3712,0.021952053340371626,0.021493051021589753,197,201
1.00,58,pickup,Bronx,Country Club,Boro Zone,1324,0.02193601495258475,0.021765944584828383,198,196
1.00,108,pickup,Brooklyn,Gravesend,Boro Zone,4266,0.02187863334328612,0.021522347481457645,199,200
1.00,215,pickup,Queens,South Jamaica,Boro Zone,3326,0.021773444572217332,0.0215998273133541,200,198
1.00,51,pickup,Bronx,Co-Op City,Boro Zone,7105,0.021653724382058825,0.021234428086070217,201,203
1.00,6,pickup,Staten Island,Arrochar/Fort Wadsworth,Boro Zone,2011,0.0216492990776192,0.02105854274884178,202,204
1.00,149,pickup,Brooklyn,Madison,Boro Zone,6295,0.021511477541785597,0.021014289717007566,203,206
1.00,175,pickup,Queens,Oakland Gardens,Boro Zone,2813,0.021488777217962985,0.02158273381294964,204,199
1.00,123,pickup,Brooklyn,Homecrest,Boro Zone,10119,0.021442583892237008,0.02102017937219731,205,205
1.00,16,pickup,Queens,Bayside,Boro Zone,5565,0.02131098768044188,0.021279614129663782,206,202
1.00,39,pickup,Brooklyn,Canarsie,Boro Zone,9706,0.021137857556521422,0.020426227370516047,207,210
1.00,252,pickup,Queens,Whitestone,Boro Zone,4485,0.021046297967337688,0.02085360767412762,208,207
1.00,216,pickup,Queens,South Ozone Park,Boro Zone,9693,0.021015680013496886,0.020830440216636575,209,208
1.00,221,pickup,Staten Island,Stapleton,Boro Zone,3308,0.020823455764483596,0.02051843709488682,210,209
1.00,93,pickup,Queens,Flushing Meadows-Corona Park,Boro Zone,8221,0.020716937261355216,0.02021018593371059,211,212
1.00,138,pickup,Queens,LaGuardia Airport,Airports,867230,0.02050794810052271,0.02021563342318059,212,211
1.00,191,pickup,Queens,Queens Village,Boro Zone,4419,0.020129527832484485,0.01996007984031936,213,213
1.00,115,pickup,Staten Island,Grymes Hill/Clifton,Boro Zone,1880,0.020093552422913868,0.019589919058865188,214,214
1.00,15,pickup,Queens,Bay Terrace/Fort Totten,Boro Zone,2760,0.019872014921430863,0.019538882375928098,215,215
1.00,205,pickup,Queens,Saint Albans,Boro Zone,4679,0.019754073374505056,0.01949317738791423,216,216
1.00,64,pickup,Queens,Douglaston,Boro Zone,2435,0.019730195867812553,0.01948811225152657,217,217
1.00,55,pickup,Brooklyn,Coney Island,Boro Zone,10903,0.01959755336387083,0.01931496265773886,218,219
1.00,210,pickup,Brooklyn,Sheepshead Bay,Boro Zone,6995,0.01949086158429406,0.019083969465648856,219,221
1.00,19,pickup,Queens,Bellerose,Boro Zone,1672,0.019480773907076396,0.01920491842620433,220,220
1.00,29,pickup,Brooklyn,Brighton Beach,Boro Zone,5894,0.019445919639978645,0.01905972045743329,221,222
1.00,184,pickup,Bronx,Pelham Bay Park,Boro Zone,1158,0.019410858704351355,0.018475181952894312,222,225
1.00,222,pickup,Brooklyn,Starrett City,Boro Zone,1905,0.01940746141470026,0.018894067262879455,223,223
1.00,265,pickup,N/A,Outside of NYC,N/A,152,0.019404108044144507,0.018170807972222064,224,230
1.00,124,pickup,Queens,Howard Beach,Boro Zone,3610,0.01932844016624151,0.019412450176302328,225,218
1.00,218,pickup,Queens,Springfield Gardens North,Boro Zone,2423,0.01900543650720678,0.018536826495304002,226,224
1.00,214,pickup,Staten Island,South Beach/Dongan Hills,Boro Zone,2286,0.018952486329677522,0.01834189315759765,227,226
1.00,155,pickup,Brooklyn,Marine Park/Mill Basin,Boro Zone,5924,0.018951239984343983,0.01826150501865316,228,227
1.00,10,pickup,Queens,Baisley Park,Boro Zone,6387,0.01887453345340526,0.018245955479868632,229,228
1.00,150,pickup,Brooklyn,Manhattan Beach,Boro Zone,3001,0.01848554585529531,0.01820830298616169,230,229
1.00,206,pickup,Staten Island,Saint George/New Brighton,Boro Zone,3033,0.018075218674915478,0.017644982943183153,231,233
1.00,101,pickup,Queens,Glen Oaks,Boro Zone,1910,0.018012163753131197,0.017791484060045784,232,231
1.00,219,pickup,Queens,Springfield Gardens South,Boro Zone,2218,0.01791747246871797,0.017459117100891743,233,234
1.00,245,pickup,Staten Island,West Brighton,Boro Zone,1927,0.0179008177014391,0.017341040462427744,234,236
1.00,253,pickup,Queens,Willets Point,Boro Zone,215,0.01786372138370013,0.017267180844940715,235,237
1.00,46,pickup,Bronx,City Island,Boro Zone,677,0.017782566165027797,0.017694939247375252,236,232
1.00,251,pickup,Staten Island,Westerleigh,Boro Zone,1941,0.017761949943801925,0.01741755689735253,237,235
1.00,156,pickup,Staten Island,Mariners Harbor,Boro Zone,1883,0.01728504490511096,0.016304347826086956,238,244
1.00,172,pickup,Staten Island,New Dorp/Midland Beach,Boro Zone,1419,0.01725988861063929,0.016795431642593214,239,241
1.00,139,pickup,Queens,Laurelton,Boro Zone,1843,0.017222410906530632,0.016808606006275213,240,239
1.00,203,pickup,Queens,Rosedale,Boro Zone,1631,0.017163172948157387,0.017084282460136675,241,238
1.00,187,pickup,Staten Island,Port Richmond,Boro Zone,1060,0.017109327505662207,0.01609615228898029,242,245
1.00,38,pickup,Queens,Cambria Heights,Boro Zone,2641,0.01693148769405554,0.01678040049222508,243,242
1.00,1,pickup,EWR,Newark Airport,EWR,1,0.016795431642593214,0.016795431642593214,244,240
1.00,2,pickup,Queens,Jamaica Bay,Boro Zone,12,0.01669337608746792,0.016053946805305537,245,247
1.00,154,pickup,Brooklyn,Marine Park/Floyd Bennett Field,Boro Zone,411,0.01655903152456329,0.016311439756415833,246,243
1.00,23,pickup,Staten Island,Bloomfield/Emerson Hill,Boro Zone,3145,0.016515309197060908,0.015807777426493835,247,248
1.00,118,pickup,Staten Island,Heartland Village/Todt Hill,Boro Zone,3158,0.016223087956212447,0.015305342560130842,248,250
1.00,30,pickup,Queens,Broad Channel,Boro Zone,122,0.016178186894363004,0.016090234599446335,249,246
1.00,176,pickup,Staten Island,Oakwood,Boro Zone,1203,0.01603728418696724,0.015589274579089587,250,249
1.00,117,pickup,Queens,Hammels/Arverne,Boro Zone,2767,0.014997745827723471,0.014892772041302621,251,251
1.00,132,pickup,Queens,JFK Airport,Airports,445811,0.01494253274796859,0.014771048744460858,252,252
1.00,86,pickup,Queens,Far Rockaway,Boro Zone,2325,0.014829535400901228,0.014403687343960053,253,253
1.00,110,pickup,Staten Island,Great Kills Park,Boro Zone,3,0.014450062197754484,0.013137151865475564,254,257
1.00,201,pickup,Queens,Rockaway Park,Boro Zone,1998,0.014274002098887389,0.014083845859874296,255,254
1.00,109,pickup,Staten Island,Great Kills,Boro Zone,1423,0.014197735801175906,0.013547687861271676,256,256
1.00,27,pickup,Queens,Breezy Point/Fort Tilden/Riis Beach,Boro Zone,315,0.013973686498790912,0.013865779256794232,257,255
1.00,5,pickup,Staten Island,Arden Heights,Boro Zone,600,0.012768869143226445,0.011905708002187421,258,258
1.00,204,pickup,Staten Island,Rossville/Woodrow,Boro Zone,768,0.012173498045710532,0.01121413990363888,259,260
1.00,84,pickup,Staten Island,Eltingville/Annadale/Prince's Bay,Boro Zone,1173,0.01182901568861908,0.011390386513782368,260,259
1.00,44,pickup,Staten Island,Charleston/Tottenville,Boro Zone,777,0.011431590236758793,0.01088850174216028,261,261
1.00,99,pickup,Staten Island,Freshkills Park,Boro Zone,31,0.010790469706296307,0.009367974019485385,262,262
2.00,4,dropoff,Manhattan,Alphabet City,Yellow Zone,239354,0.06379788139541927,0.05931198102016608,1,2
2.00,224,dropoff,Manhattan,Stuy Town/Peter Cooper Village,Yellow Zone,160441,0.06306317244247361,0.05942947702060222,2,1
2.00,79,dropoff,Manhattan,East Village,Yellow Zone,983589,0.06250146093226813,0.057803468208092484,3,4
2.00,249,dropoff,Manhattan,West Village,Yellow Zone,742525,0.06193888342697818,0.05884660651235779,4,3
2.00,114,dropoff,Manhattan,Greenwich Village South,Yellow Zone,526213,0.06172428694807008,0.057625816365731844,5,5
2.00,137,dropoff,Manhattan,Kips Bay,Yellow Zone,499675,0.06149208982293703,0.05688282138794084,6,7
2.00,232,dropoff,Manhattan,Two Bridges/Seward Park,Yellow Zone,353800,0.061378671635849556,0.05662514156285391,7,9
2.00,113,dropoff,Manhattan,Greenwich Village North,Yellow Zone,492649,0.06134515848647671,0.05705591479650057,8,6
2.00,107,dropoff,Manhattan,Gramercy,Yellow Zone,628487,0.060984159240792056,0.05662514156285391,9,8
2.00,45,dropoff,Manhattan,Chinatown,Yellow Zone,212931,0.06049010794572218,0.05504587155963303,10,13
2.00,90,dropoff,Manhattan,Flatiron,Yellow Zone,545768,0.06018903719044798,0.05649717514124294,11,10
2.00,229,dropoff,Manhattan,Sutton Place/Turtle Bay North,Yellow Zone,427327,0.06015927250293903,0.055741360089186176,12,11
2.00,50,dropoff,Manhattan,Clinton West,Yellow Zone,424838,0.05997182335160698,0.054684651841049946,13,14
2.00,170,dropoff,Manhattan,Murray Hill,Yellow Zone,848182,0.059063297070710445,0.05557613931085587,14,12
2.00,148,dropoff,Manhattan,Lower East Side,Yellow Zone,756594,0.058825656117553804,0.05438723712835388,15,17
2.00,233,dropoff,Manhattan,UN/Turtle Bay South,Yellow Zone,466372,0.058348560513278205,0.05456529647144417,16,15
2.00,105,dropoff,Manhattan,Governor's Island/Ellis Island/Liberty Island,Yellow Zone,28,0.058282267088746835,0.046775279221216375,17,41
2.00,234,dropoff,Manhattan,Union Sq,Yellow Zone,915566,0.05803750429409461,0.05382131324004306,18,18
2.00,158,dropoff,Manhattan,Meatpacking/West Village West,Yellow Zone,513155,0.05793804421439567,0.0544464609800363,19,16
2.00,246,dropoff,Manhattan,West Chelsea/Hudson Yards,Yellow Zone,946559,0.05783864628126816,0.053229240596167494,20,20
2.00,144,dropoff,Manhattan,Little Italy/NoLiTa,Yellow Zone,561048,0.057176075017267326,0.05276116778051354,21,21
2.00,48,dropoff,Manhattan,Clinton East,Yellow Zone,744931,0.05717006208690795,0.051617343427391604,22,25
2.00,186,dropoff,Manhattan,Penn Station/Madison Sq West,Yellow Zone,727026,0.05715506786670819,0.05357142857142857,23,19
2.00,211,dropoff,Manhattan,SoHo,Yellow Zone,497700,0.0567436402600252,0.05246589716684155,24,22
2.00,125,dropoff,Manhattan,Hudson Sq,Yellow Zone,307059,0.05654026595563542,0.05147563486616335,25,26
2.00,68,dropoff,Manhattan,East Chelsea,Yellow Zone,1018390,0.05611104672765793,0.05122950819672131,26,27
2.00,141,dropoff,Manhattan,Lenox Hill West,Yellow Zone,281783,0.056107639035359855,0.05179558011049724,27,24
2.00,143,dropoff,Manhattan,Lincoln Square West,Yellow Zone,240015,0.05608149654403718,0.05088195386702849,28,28
2.00,140,dropoff,Manhattan,Lenox Hill East,Yellow Zone,279977,0.055671005123426986,0.051939058171745156,29,23
2.00,231,dropoff,Manhattan,TriBeCa/Civic Center,Yellow Zone,924427,0.05556379417811036,0.05016722408026756,30,29
2.00,142,dropoff,Manhattan,Lincoln Square East,Yellow Zone,390442,0.054881169596597786,0.0491480996068152,31,32
2.00,162,dropoff,Manhattan,Midtown East,Yellow Zone,779521,0.054304078885243856,0.049800796812749,32,31
2.00,164,dropoff,Manhattan,Midtown South,Yellow Zone,821142,0.05399626978953708,0.050066755674232306,33,30
2.00,209,dropoff,Manhattan,Seaport,Yellow Zone,183251,0.053508356877240745,0.04772510340439071,34,35
2.00,100,dropoff,Manhattan,Garment District,Yellow Zone,435182,0.05241136397917251,0.04748338081671415,35,36
2.00,161,dropoff,Manhattan,Midtown Center,Yellow Zone,1029582,0.05224560922780985,0.04801536491677337,36,34
2.00,13,dropoff,Manhattan,Battery Park City,Yellow Zone,375150,0.05210362916456956,0.046918986549890525,37,39
2.00,237,dropoff,Manhattan,Upper East Side South,Yellow Zone,465555,0.0518668985067803,0.047036688617121354,38,38
2.00,163,dropoff,Manhattan,Midtown North,Yellow Zone,685342,0.051834163743979866,0.04681647940074907,39,40
2.00,87,dropoff,Manhattan,Financial District North,Yellow Zone,545579,0.050678782305894794,0.04564820450395618,40,43
2.00,65,dropoff,Brooklyn,Downtown Brooklyn/MetroTech,Boro Zone,110021,0.050553461282805856,0.04810776138550353,41,33
2.00,146,dropoff,Queens,Long Island City/Queens Plaza,Boro Zone,75576,0.049393903627799274,0.04706620646375902,42,37
2.00,239,dropoff,Manhattan,Upper West Side South,Yellow Zone,217110,0.04933907704622256,0.045126353790613714,43,48
2.00,230,dropoff,Manhattan,Times Sq/Theatre District,Yellow Zone,1010321,0.0493251140950968,0.04426084390675716,44,53
2.00,261,dropoff,Manhattan,World Trade Center,Yellow Zone,337464,0.048786287399736186,0.04299226139294927,45,56
2.00,43,dropoff,Manhattan,Central Park,Yellow Zone,134839,0.04862947870817942,0.045454545454545456,46,45
2.00,12,dropoff,Manhattan,Battery Park,Yellow Zone,16477,0.048197907514614655,0.04159733777038269,47,65
2.00,88,dropoff,Manhattan,Financial District South,Yellow Zone,227650,0.04819279588001058,0.0429553264604811,48,57
2.00,263,dropoff,Manhattan,Yorkville West,Yellow Zone,187738,0.04819158252059101,0.045676004872107184,49,42
2.00,256,dropoff,Brooklyn,Williamsburg (South Side),Boro Zone,233030,0.0477765768811633,0.04478948939982084,50,51
2.00,262,dropoff,Manhattan,Yorkville East,Yellow Zone,114019,0.04773213109468882,0.045358330813426065,51,46
2.00,66,dropoff,Brooklyn,DUMBO/Vinegar Hill,Boro Zone,124286,0.0476401179786641,0.04549590536851684,52,44
2.00,145,dropoff,Queens,Long Island City/Hunters Point,Boro Zone,273615,0.04753247348624568,0.045167118337850046,53,47
2.00,217,dropoff,Brooklyn,South Williamsburg,Boro Zone,14818,0.046653708380616894,0.04337140469426953,54,55
2.00,193,dropoff,Queens,Queensbridge/Ravenswood,Boro Zone,26593,0.04654062781054941,0.04478948939982084,55,50
2.00,226,dropoff,Queens,Sunnyside,Boro Zone,110091,0.04631334196366984,0.04466944609886837,56,52
2.00,75,dropoff,Manhattan,East Harlem South,Boro Zone,121956,0.04599017993306018,0.044856459330143546,57,49
2.00,238,dropoff,Manhattan,Upper West Side North,Yellow Zone,138110,0.045390113342229824,0.04260153365521158,58,60
2.00,97,dropoff,Brooklyn,Fort Greene,Boro Zone,104797,0.04507689365156369,0.04373177842565598,59,54
2.00,151,dropoff,Manhattan,Manhattan Valley,Yellow Zone,65329,0.04503785889544901,0.042735042735042736,60,59
2.00,33,dropoff,Brooklyn,Brooklyn Heights,Boro Zone,137633,0.04496103610086334,0.04291845493562232,61,58
2.00,236,dropoff,Manhattan,Upper East Side North,Yellow Zone,265886,0.04428181039545669,0.04160887656033287,62,64
2.00,80,dropoff,Brooklyn,East Williamsburg,Boro Zone,150890,0.04411892870819247,0.041666666666666664,63,63
2.00,7,dropoff,Queens,Astoria,Boro Zone,161165,0.04396647981772157,0.042444821731748725,64,62
2.00,74,dropoff,Manhattan,East Harlem North,Boro Zone,69492,0.04351042791353033,0.04246885617214043,65,61
2.00,24,dropoff,Manhattan,Bloomingdale,Yellow Zone,29398,0.043201503396872745,0.041413583655438985,66,66
2.00,25,dropoff,Brooklyn,Boerum Hill,Boro Zone,110068,0.0427714994666325,0.04126547455295736,67,67
2.00,152,dropoff,Manhattan,Manhattanville,Boro Zone,33734,0.04256062320151616,0.04077194889915738,68,69
2.00,112,dropoff,Brooklyn,Greenpoint,Boro Zone,257808,0.042103575066701024,0.040983606557377046,69,68
2.00,260,dropoff,Queens,Woodside,Boro Zone,42887,0.041674815277665686,0.040518638573743916,70,70
2.00,34,dropoff,Brooklyn,Brooklyn Navy Yard,Boro Zone,17525,0.04137170192809595,0.03864983251739242,71,76
2.00,179,dropoff,Queens,Old Astoria,Boro Zone,60760,0.04131068707092235,0.040171397964649164,72,71
2.00,255,dropoff,Brooklyn,Williamsburg (North Side),Boro Zone,242618,0.04079606748926267,0.03861003861003861,73,77
2.00,49,dropoff,Brooklyn,Clinton Hill,Boro Zone,107243,0.04064327869328051,0.039515279241306635,74,72
2.00,202,dropoff,Manhattan,Roosevelt Island,Boro Zone,25998,0.04051967820070091,0.03947887948352059,75,73
2.00,166,dropoff,Manhattan,Morningside Heights,Boro Zone,96598,0.04019710754074621,0.0384122919334187,76,81
2.00,52,dropoff,Brooklyn,Cobble Hill,Boro Zone,31984,0.04018418547985552,0.03897116134060795,77,74
2.00,168,dropoff,Bronx,Mott Haven/Port Morris,Boro Zone,47902,0.039905274946482966,0.03897116134060795,78,75
2.00,54,dropoff,Brooklyn,Columbia Street,Boro Zone,12671,0.03983640519718525,0.038560411311053984,79,78
2.00,17,dropoff,Brooklyn,Bedford,Boro Zone,101837,0.039703482974600524,0.03792667509481669,80,83
2.00,41,dropoff,Manhattan,Central Harlem,Boro Zone,81141,0.039513852064281346,0.03855050115651504,81,79
2.00,83,dropoff,Queens,Elmhurst/Maspeth,Boro Zone,22466,0.03941816850020689,0.038109756097560975,82,82
2.00,42,dropoff,Manhattan,Central Harlem North,Boro Zone,88757,0.039104648536818706,0.038520801232665644,83,80
2.00,8,dropoff,Queens,Astoria Park,Boro Zone,413,0.03902388732218873,0.03710116250309176,84,85
2.00,116,dropoff,Manhattan,Hamilton Heights,Boro Zone,55959,0.03856625061994688,0.0375751503006012,85,84
2.00,37,dropoff,Brooklyn,Bushwick South,Boro Zone,155003,0.03822719981740369,0.03627569528415961,86,89
2.00,244,dropoff,Manhattan,Washington Heights South,Boro Zone,90222,0.037806467362169006,0.03675569713305562,87,86
2.00,159,dropoff,Bronx,Melrose South,Boro Zone,19593,0.03767276197905808,0.036683785766691124,88,87
2.00,189,dropoff,Brooklyn,Prospect Heights,Boro Zone,55127,0.03746198988652898,0.0366121552355382,89,88
2.00,40,dropoff,Brooklyn,Carroll Gardens,Boro Zone,50138,0.03737985827876496,0.0362406378352259,90,90
2.00,106,dropoff,Brooklyn,Gowanus,Boro Zone,24619,0.036765801317307174,0.03550295857988166,91,91
2.00,225,dropoff,Brooklyn,Stuyvesant Heights,Boro Zone,102995,0.036351991771495853,0.03460207612456747,92,95
2.00,264,dropoff,Unknown,N/A,N/A,182,0.03627317124331299,0.030785562900986302,93,123
2.00,157,dropoff,Queens,Maspeth,Boro Zone,33193,0.03620020999944188,0.03527751646284101,94,92
2.00,36,dropoff,Brooklyn,Bushwick North,Boro Zone,95455,0.036193164808850924,0.03473830477072719,95,94
2.00,82,dropoff,Queens,Elmhurst,Boro Zone,45817,0.03615129555017721,0.0350140056022409,96,93
2.00,129,dropoff,Queens,Jackson Heights,Boro Zone,53236,0.03556851489595828,0.034570177460244295,97,96
2.00,61,dropoff,Brooklyn,Crown Heights North,Boro Zone,118645,0.03530741549431187,0.03399818676337262,98,101
2.00,69,dropoff,Bronx,East Concourse/Concourse Village,Boro Zone,24351,0.03523848950554761,0.034324942791762014,99,97
2.00,223,dropoff,Queens,Steinway,Boro Zone,62150,0.035210856890365946,0.03412581092957606,100,99
2.00,147,dropoff,Bronx,Longwood,Boro Zone,8931,0.03519982821099188,0.033821871476888386,101,105
2.00,120,dropoff,Manhattan,Highbridge Park,Boro Zone,1556,0.035022224857251726,0.03403676145299307,102,100
2.00,198,dropoff,Queens,Ridgewood,Boro Zone,69762,0.03501328543055663,0.033852403520649964,103,104
2.00,235,dropoff,Bronx,University Heights/Morris Heights,Boro Zone,16621,0.03495165951485627,0.03396739130434783,104,102
2.00,62,dropoff,Brooklyn,Crown Heights South,Boro Zone,27883,0.03473122070309872,0.03345973678340397,105,108
2.00,195,dropoff,Brooklyn,Red Hook,Boro Zone,32171,0.03469559088915953,0.033400133600534405,106,109
2.00,181,dropoff,Brooklyn,Park Slope,Boro Zone,144482,0.03468025373741915,0.03331852509995557,107,110
2.00,243,dropoff,Manhattan,Washington Heights North,Boro Zone,55918,0.034446516437950395,0.033715441672285906,108,106
2.00,190,dropoff,Brooklyn,Prospect Park,Boro Zone,8613,0.03420176622701668,0.03351206434316354,109,107
2.00,207,dropoff,Queens,Saint Michaels Cemetery/Woodside,Boro Zone,277,0.03417936685870739,0.03414523104939677,110,98
2.00,119,dropoff,Bronx,Highbridge,Boro Zone,20380,0.03417768030985117,0.033905967450271246,111,103
2.00,167,dropoff,Bronx,Morrisania/Melrose,Boro Zone,13320,0.03388300562891503,0.032996040475142985,112,112
2.00,127,dropoff,Manhattan,Inwood,Boro Zone,26062,0.033594200596111165,0.03279405334499344,113,113
2.00,160,dropoff,Queens,Middle Village,Boro Zone,20383,0.03353275521218914,0.032369443245576175,114,116
2.00,247,dropoff,Bronx,West Concourse,Boro Zone,27164,0.03347502269826808,0.033017829627999117,115,111
2.00,196,dropoff,Queens,Rego Park,Boro Zone,21190,0.033449695710067576,0.03248862897985705,116,114
2.00,169,dropoff,Bronx,Mount Hope,Boro Zone,16269,0.03334272862212945,0.03244646333549643,117,115
2.00,56,dropoff,Queens,Corona,Boro Zone,15127,0.03319170111071543,0.03226500322650032,118,117
2.00,126,dropoff,Bronx,Hunts Point,Boro Zone,10799,0.03315710396287859,0.03224419604471195,119,118
2.00,188,dropoff,Brooklyn,Prospect-Lefferts Gardens,Boro Zone,54076,0.03255224759402149,0.03141032387066221,120,119
2.00,133,dropoff,Brooklyn,Kensington,Boro Zone,15590,0.032209658272990695,0.030886441179852515,121,121
2.00,128,dropoff,Manhattan,Inwood Hill Park,Boro Zone,2479,0.03176919184158525,0.031269543464665414,122,120
2.00,228,dropoff,Brooklyn,Sunset Park West,Boro Zone,49437,0.03174721270799952,0.03060599877576005,123,128
2.00,257,dropoff,Brooklyn,Windsor Terrace,Boro Zone,24429,0.03165589067461928,0.03061849357011635,124,127
2.00,136,dropoff,Bronx,Kingsbridge Heights,Boro Zone,10276,0.03162962240600031,0.030662305805396566,125,125
2.00,212,dropoff,Bronx,Soundview/Bruckner,Boro Zone,9198,0.0315852877262829,0.030816641311304696,126,122
2.00,60,dropoff,Bronx,Crotona Park East,Boro Zone,6234,0.03153289908379916,0.030543678725196866,127,129
2.00,47,dropoff,Bronx,Claremont/Bathgate,Boro Zone,8044,0.03146361013159924,0.030696820655770108,128,124
2.00,227,dropoff,Brooklyn,Sunset Park East,Boro Zone,17078,0.03139259601126953,0.030108390204737052,129,131
2.00,94,dropoff,Bronx,Fordham South,Boro Zone,6799,0.03133935416626058,0.030637254901960783,130,126
2.00,248,dropoff,Bronx,West Farms/Bronx River,Boro Zone,8792,0.031031964141757178,0.03013863773357444,131,130
2.00,173,dropoff,Queens,North Corona,Boro Zone,8324,0.030734438779338933,0.029856687898089172,132,132
2.00,177,dropoff,Brooklyn,Ocean Hill,Boro Zone,19675,0.030486305200124252,0.029211295034079845,133,133
2.00,78,dropoff,Bronx,East Tremont,Boro Zone,11818,0.02986334190526471,0.029123386353484007,134,134
2.00,213,dropoff,Bronx,Soundview/Castle Hill,Boro Zone,14067,0.029777644604368835,0.02874664622460713,135,138
2.00,85,dropoff,Brooklyn,Erasmus,Boro Zone,18963,0.029684837053004124,0.028275212064090484,136,141
2.00,59,dropoff,Bronx,Crotona Park,Boro Zone,464,0.029654670934370894,0.028840608641646705,137,136
2.00,111,dropoff,Brooklyn,Green-Wood Cemetery,Boro Zone,446,0.029636487767824436,0.028068886846984754,138,144
2.00,102,dropoff,Queens,Glendale,Boro Zone,12037,0.029593992084302852,0.02895752895752896,139,135
2.00,57,dropoff,Queens,Corona,Boro Zone,568,0.029385088005548433,0.028749401318169006,140,137
2.00,89,dropoff,Brooklyn,Flatbush/Ditmas Park,Boro Zone,54012,0.02935433003234061,0.028053113895642415,141,145
2.00,241,dropoff,Bronx,Van Cortlandt Village,Boro Zone,16136,0.02916174886529323,0.028694404853616726,142,140
2.00,194,dropoff,Manhattan,Randalls Island,Yellow Zone,7575,0.029135194675495597,0.02870264064293915,143,139
2.00,153,dropoff,Manhattan,Marble Hill,Boro Zone,2878,0.028813506785966503,0.02823529436775901,144,142
2.00,95,dropoff,Queens,Forest Hills,Boro Zone,58330,0.02876798606305311,0.028206092515983452,145,143
2.00,250,dropoff,Bronx,Westchester Village/Unionport,Boro Zone,7885,0.02869890805773608,0.02791736460078169,146,147
2.00,182,dropoff,Bronx,Parkchester,Boro Zone,10839,0.02847737592911638,0.02791736460078169,147,146
2.00,18,dropoff,Bronx,Bedford Park,Boro Zone,14246,0.028399732886423553,0.02774181616423155,148,148
2.00,192,dropoff,Queens,Queensboro Hill,Boro Zone,6098,0.02808026723232726,0.027583670467083484,149,149
2.00,220,dropoff,Bronx,Spuyten Duyvil/Kingsbridge,Boro Zone,20830,0.027636395929265974,0.027183762232693004,150,150
2.00,71,dropoff,Brooklyn,East Flatbush/Farragut,Boro Zone,14508,0.027408509894840685,0.026093763787911197,151,156
2.00,35,dropoff,Brooklyn,Brownsville,Boro Zone,11662,0.027364963340941066,0.02619629758994062,152,155
2.00,67,dropoff,Brooklyn,Dyker Heights,Boro Zone,14663,0.027324647842978268,0.026334269662921347,153,152
2.00,70,dropoff,Queens,East Elmhurst,Boro Zone,14262,0.027188383337799254,0.02660046107465863,154,151
2.00,14,dropoff,Brooklyn,Bay Ridge,Boro Zone,48776,0.027129562150585977,0.026200873362445413,155,154
2.00,72,dropoff,Brooklyn,East Flatbush/Remsen Village,Boro Zone,11267,0.02706726838310048,0.02590673575129534,156,157
2.00,32,dropoff,Bronx,Bronxdale,Boro Zone,7627,0.026959944999398393,0.02631578947368421,157,153
2.00,26,dropoff,Brooklyn,Borough Park,Boro Zone,13967,0.026663894257822087,0.025649794801641587,158,159
2.00,63,dropoff,Brooklyn,Cypress Hills,Boro Zone,10333,0.026543288953965367,0.02565856996236743,159,158
2.00,185,dropoff,Bronx,Pelham Parkway,Boro Zone,12670,0.02621558344584918,0.02545824847250509,160,163
2.00,135,dropoff,Queens,Kew Gardens Hills,Boro Zone,9115,0.02613404077505131,0.025627883136852894,161,160
2.00,28,dropoff,Queens,Briarwood/Jamaica Hills,Boro Zone,11822,0.026037852928396946,0.025453928389614796,162,164
2.00,174,dropoff,Bronx,Norwood,Boro Zone,12629,0.025998066042147785,0.025505866349260328,163,162
2.00,20,dropoff,Bronx,Belmont,Boro Zone,14121,0.02594034993754306,0.02544529262086514,164,165
2.00,240,dropoff,Bronx,Van Cortlandt Park,Boro Zone,2740,0.025878641445319185,0.025514543289675114,165,161
2.00,258,dropoff,Queens,Woodhaven,Boro Zone,11602,0.02585217840650858,0.02528871298421394,166,166
2.00,77,dropoff,Brooklyn,East New York/Pennsylvania Avenue,Boro Zone,6602,0.02578633305726864,0.024473813020068527,167,177
2.00,96,dropoff,Queens,Forest Park/Highland Park,Boro Zone,1192,0.025768036156049678,0.025201615748751634,168,168
2.00,242,dropoff,Bronx,Van Nest/Morris Park,Boro Zone,9061,0.02573878688788991,0.0250501002004008,169,170
2.00,121,dropoff,Queens,Hillcrest/Pomonok,Boro Zone,9640,0.02554659892627479,0.025068939758906922,170,169
2.00,134,dropoff,Queens,Kew Gardens,Boro Zone,10130,0.025521617756327497,0.025214321734745335,171,167
2.00,73,dropoff,Queens,East Flushing,Boro Zone,4770,0.025390008658548915,0.02490039909255186,172,174
2.00,259,dropoff,Bronx,Woodlawn/Wakefield,Boro Zone,9948,0.02538135144337243,0.02492108323641801,173,173
2.00,22,dropoff,Brooklyn,Bensonhurst West,Boro Zone,16852,0.02536223471052652,0.024422012373819604,174,178
2.00,92,dropoff,Queens,Flushing,Boro Zone,32258,0.02532957167520346,0.024975024975024972,175,172
2.00,183,dropoff,Bronx,Pelham Bay,Boro Zone,5533,0.025282964385712908,0.025025025025025027,176,171
2.00,254,dropoff,Bronx,Williamsbridge/Olinville,Boro Zone,10231,0.02520360348316937,0.02461437479488021,177,175
2.00,208,dropoff,Bronx,Schuylerville/Edgewater Park,Boro Zone,13124,0.024942081914982674,0.024602263408233557,178,176
2.00,11,dropoff,Brooklyn,Bath Beach,Boro Zone,6377,0.024689214780120903,0.023839796567069294,179,181
2.00,197,dropoff,Queens,Richmond Hill,Boro Zone,11170,0.024642677050446156,0.02422871910838314,180,179
2.00,200,dropoff,Bronx,Riverdale/North Riverdale/Fieldston,Boro Zone,18631,0.024257189060219786,0.02403846153846154,181,180
2.00,21,dropoff,Brooklyn,Bensonhurst East,Boro Zone,11243,0.024199470189970193,0.02336448598130841,182,188
2.00,3,dropoff,Bronx,Allerton/Pelham Gardens,Boro Zone,5886,0.024190806660421695,0.023809523809523808,183,182
2.00,58,dropoff,Bronx,Country Club,Boro Zone,2079,0.024162685542603396,0.023711666139740753,184,184
2.00,165,dropoff,Brooklyn,Midwood,Boro Zone,13199,0.02413649307340798,0.023342670401493928,185,189
2.00,53,dropoff,Queens,College Point,Boro Zone,6015,0.024082466319057368,0.02363693665300977,186,186
2.00,130,dropoff,Queens,Jamaica,Boro Zone,13078,0.024080193014283408,0.0236929395040278,187,185
2.00,171,dropoff,Queens,Murray Hill-Queens,Boro Zone,9754,0.02398098038750961,0.02375861264604199,188,183
2.00,31,dropoff,Bronx,Bronx Park,Boro Zone,4230,0.023925782008832087,0.023450324539440244,189,187
2.00,76,dropoff,Brooklyn,East New York,Boro Zone,17514,0.023756676003721007,0.022813688212927757,190,196
2.00,178,dropoff,Brooklyn,Ocean Parkway South,Boro Zone,4928,0.023529342999336435,0.022561480160692985,191,197
2.00,98,dropoff,Queens,Fresh Meadows,Boro Zone,3627,0.023466775742327747,0.022984983144345692,192,192
2.00,51,dropoff,Bronx,Co-Op City,Boro Zone,8099,0.02346067904090557,0.02310180194055136,193,190
2.00,81,dropoff,Bronx,Eastchester,Boro Zone,5030,0.023373035108118216,0.022967386311437757,194,193
2.00,9,dropoff,Queens,Auburndale,Boro Zone,4504,0.023323012181656028,0.022937533584659997,195,194
2.00,180,dropoff,Queens,Ozone Park,Boro Zone,4435,0.023214951073484813,0.023080473919064474,196,191
2.00,131,dropoff,Queens,Jamaica Estates,Boro Zone,6787,0.023013451131884372,0.022834525803014157,197,195
2.00,91,dropoff,Brooklyn,Flatlands,Boro Zone,11669,0.022826570351158527,0.022088057723457517,198,199
2.00,122,dropoff,Queens,Hollis,Boro Zone,2273,0.022676127818419742,0.022344704305079698,199,198
2.00,93,dropoff,Queens,Flushing Meadows-Corona Park,Boro Zone,11340,0.022554858591071855,0.022053958804767845,200,200
2.00,215,dropoff,Queens,South Jamaica,Boro Zone,3911,0.022343386477064336,0.021961932650073207,201,201
2.00,184,dropoff,Bronx,Pelham Bay Park,Boro Zone,1244,0.02224222404015244,0.021728118162522486,202,202
2.00,108,dropoff,Brooklyn,Gravesend,Boro Zone,4572,0.022007336340610528,0.021341680409633947,203,205
2.00,252,dropoff,Queens,Whitestone,Boro Zone,6063,0.02195194989088734,0.02152080344332855,204,203
2.00,175,dropoff,Queens,Oakland Gardens,Boro Zone,4130,0.021878549417135306,0.021471516217295435,205,204
2.00,149,dropoff,Brooklyn,Madison,Boro Zone,7849,0.02185574032721698,0.021334091878822358,206,206
2.00,123,dropoff,Brooklyn,Homecrest,Boro Zone,10088,0.02141158887927372,0.020889910274676404,207,209
2.00,253,dropoff,Queens,Willets Point,Boro Zone,194,0.021385478147546266,0.020816371925341078,208,211
2.00,16,dropoff,Queens,Bayside,Boro Zone,8723,0.021240698716630004,0.020943870427254957,209,208
2.00,216,dropoff,Queens,South Ozone Park,Boro Zone,11846,0.021188498724585614,0.02096436099651006,210,207
2.00,138,dropoff,Queens,LaGuardia Airport,Airports,999638,0.02102947680355147,0.02082465639316951,211,210
2.00,191,dropoff,Queens,Queens Village,Boro Zone,5400,0.02087775280081393,0.02049040375654137,212,212
2.00,39,dropoff,Brooklyn,Canarsie,Boro Zone,11449,0.020872345022003445,0.020080321285140562,213,214
2.00,55,dropoff,Brooklyn,Coney Island,Boro Zone,10873,0.020429816511533166,0.020139634801288935,214,213
2.00,205,dropoff,Queens,Saint Albans,Boro Zone,5292,0.020243357337290307,0.019883351007423118,215,215
2.00,15,dropoff,Queens,Bay Terrace/Fort Totten,Boro Zone,4096,0.020207726534429076,0.019872814339276405,216,216
2.00,29,dropoff,Brooklyn,Brighton Beach,Boro Zone,7017,0.019959096620229207,0.019605280355509083,217,217
2.00,210,dropoff,Brooklyn,Sheepshead Bay,Boro Zone,8933,0.019864122140327446,0.01937483854301214,218,220
2.00,222,dropoff,Brooklyn,Starrett City,Boro Zone,2485,0.019827950191280985,0.019399896533885155,219,219
2.00,19,dropoff,Queens,Bellerose,Boro Zone,2389,0.019802317922613107,0.01956436676666232,220,218
2.00,265,dropoff,N/A,Outside of NYC,N/A,1865277,0.019339212767709456,0.018118130208962434,221,228
2.00,218,dropoff,Queens,Springfield Gardens North,Boro Zone,2679,0.01925118045327229,0.01902587519025875,222,221
2.00,124,dropoff,Queens,Howard Beach,Boro Zone,4572,0.019021470947664567,0.018945374246695547,223,222
2.00,10,dropoff,Queens,Baisley Park,Boro Zone,7117,0.018826733603380493,0.018188432157148052,224,227
2.00,64,dropoff,Queens,Douglaston,Boro Zone,3965,0.01877148416421017,0.018425254882692546,225,223
2.00,46,dropoff,Bronx,City Island,Boro Zone,808,0.01854211793424826,0.018282665043066082,226,224
2.00,155,dropoff,Brooklyn,Marine Park/Mill Basin,Boro Zone,7586,0.018484085201795498,0.01771793054571226,227,230
2.00,150,dropoff,Brooklyn,Manhattan Beach,Boro Zone,3255,0.018466076208868545,0.01820388349514563,228,226
2.00,219,dropoff,Queens,Springfield Gardens South,Boro Zone,2838,0.01841598814691694,0.0182570593962999,229,225
2.00,38,dropoff,Queens,Cambria Heights,Boro Zone,2811,0.017995073309297022,0.017661603673613562,230,231
2.00,101,dropoff,Queens,Glen Oaks,Boro Zone,2757,0.017962496690037594,0.017545911802550006,231,233
2.00,221,dropoff,Staten Island,Stapleton,Boro Zone,3403,0.017800093432175985,0.017734689051785293,232,229
2.00,139,dropoff,Queens,Laurelton,Boro Zone,2354,0.01766041150634437,0.01760150223720009,233,232
2.00,203,dropoff,Queens,Rosedale,Boro Zone,2119,0.017619545436896714,0.017339035949601202,234,235
2.00,6,dropoff,Staten Island,Arrochar/Fort Wadsworth,Boro Zone,2435,0.01759217437332436,0.017478443253320906,235,234
2.00,115,dropoff,Staten Island,Grymes Hill/Clifton,Boro Zone,2605,0.01728136795475181,0.01716050795103535,236,237
2.00,154,dropoff,Brooklyn,Marine Park/Floyd Bennett Field,Boro Zone,546,0.01727941103584046,0.017189028772698817,237,236
2.00,214,dropoff,Staten Island,South Beach/Dongan Hills,Boro Zone,2876,0.016084576593657873,0.01598636121284534,238,238
2.00,206,dropoff,Staten Island,Saint George/New Brighton,Boro Zone,3977,0.01600609776771825,0.0158144438587243,239,239
2.00,245,dropoff,Staten Island,West Brighton,Boro Zone,2543,0.015627767264294337,0.015613615072343084,240,240
2.00,86,dropoff,Queens,Far Rockaway,Boro Zone,3224,0.015399952093895022,0.015239256953462543,241,242
2.00,187,dropoff,Staten Island,Port Richmond,Boro Zone,1281,0.015332805105791717,0.015113350125944584,242,244
2.00,30,dropoff,Queens,Broad Channel,Boro Zone,289,0.015277206894780205,0.014977533699450823,243,246
2.00,156,dropoff,Staten Island,Mariners Harbor,Boro Zone,1948,0.015229852146743867,0.01505117459773322,244,245
2.00,251,dropoff,Staten Island,Westerleigh,Boro Zone,2729,0.015218336539405446,0.01483386075949367,245,247
2.00,110,dropoff,Staten Island,Great Kills Park,Boro Zone,1,0.015137753557372086,0.015137753557372086,246,243
2.00,172,dropoff,Staten Island,New Dorp/Midland Beach,Boro Zone,1854,0.014691165464735745,0.01446898934707226,247,249
2.00,1,dropoff,EWR,Newark Airport,EWR,606948,0.014613095599510455,0.014625585023400936,248,248
2.00,2,dropoff,Queens,Jamaica Bay,Boro Zone,11,0.014547307039565615,0.015267175572519083,249,241
2.00,117,dropoff,Queens,Hammels/Arverne,Boro Zone,3449,0.014292451616077378,0.014150943396226415,250,250
2.00,118,dropoff,Staten Island,Heartland Village/Todt Hill,Boro Zone,4273,0.014251505652967003,0.013895321908290875,251,252
2.00,23,dropoff,Staten Island,Bloomfield/Emerson Hill,Boro Zone,3998,0.014245290606564627,0.01396453012382009,252,251
2.00,132,dropoff,Queens,JFK Airport,Airports,658207,0.013782055681293422,0.013556258472661545,253,253
2.00,201,dropoff,Queens,Rockaway Park,Boro Zone,3490,0.013612841746494839,0.013341634794983544,254,255
2.00,104,dropoff,Manhattan,Governor's Island/Ellis Island/Liberty Island,Yellow Zone,1,0.013438451890342233,0.013438451890342233,255,254
2.00,176,dropoff,Staten Island,Oakwood,Boro Zone,1630,0.013375878491168003,0.013222266938561765,256,256
2.00,27,dropoff,Queens,Breezy Point/Fort Tilden/Riis Beach,Boro Zone,678,0.013162203098242465,0.013029882747278489,257,257
2.00,109,dropoff,Staten Island,Great Kills,Boro Zone,2255,0.012273202061930553,0.012025012025012025,258,258
2.00,5,dropoff,Staten Island,Arden Heights,Boro Zone,1126,0.011561477895057884,0.011334441848712042,259,260
2.00,99,dropoff,Staten Island,Freshkills Park,Boro Zone,44,0.011217903464355711,0.011505734068834244,260,259
2.00,204,dropoff,Staten Island,Rossville/Woodrow,Boro Zone,1521,0.010863584348261119,0.01065340909090909,261,261
2.00,84,dropoff,Staten Island,Eltingville/Annadale/Prince's Bay,Boro Zone,2149,0.010787550364229305,0.010405105438401776,262,262
2.00,44,dropoff,Staten Island,Charleston/Tottenville,Boro Zone,1460,0.010226376895004436,0.010055641621435643,263,263
2.00,4,pickup,Manhattan,Alphabet City,Yellow Zone,284802,0.06015187730862726,0.056179775280898875,1,2
2.00,137,pickup,Manhattan,Kips Bay,Yellow Zone,509956,0.05936538254753322,0.055637982195845696,2,3
2.00,224,pickup,Manhattan,Stuy Town/Peter Cooper Village,Yellow Zone,200588,0.05903542970589629,0.0574052812858783,3,1
2.00,50,pickup,Manhattan,Clinton West,Yellow Zone,523669,0.05895463752736757,0.05522827687776141,4,4
2.00,232,pickup,Manhattan,Two Bridges/Seward Park,Yellow Zone,419624,0.058094551018102354,0.05385996409335727,5,5
2.00,79,pickup,Manhattan,East Village,Yellow Zone,1205354,0.05789694749391651,0.053229240596167494,6,8
2.00,107,pickup,Manhattan,Gramercy,Yellow Zone,723379,0.05749988512203753,0.05384063173007897,7,6
2.00,45,pickup,Manhattan,Chinatown,Yellow Zone,244350,0.05731208061975539,0.05167068549776094,8,13
2.00,143,pickup,Manhattan,Lincoln Square West,Yellow Zone,320102,0.0566115578771266,0.05274261603375527,9,9
2.00,90,pickup,Manhattan,Flatiron,Yellow Zone,651647,0.05659218609561338,0.05228302544440571,10,11
2.00,233,pickup,Manhattan,UN/Turtle Bay South,Yellow Zone,539275,0.056519030092356135,0.05368647100930565,11,7
2.00,113,pickup,Manhattan,Greenwich Village North,Yellow Zone,579707,0.056488384559070744,0.05170630816959669,12,12
2.00,229,pickup,Manhattan,Sutton Place/Turtle Bay North,Yellow Zone,560764,0.05597285093433752,0.052521008403361345,13,10
2.00,249,pickup,Manhattan,West Village,Yellow Zone,869188,0.05571990475144326,0.05115961800818554,14,15
2.00,114,pickup,Manhattan,Greenwich Village South,Yellow Zone,603420,0.05521997766938415,0.04973474801061008,15,18
2.00,170,pickup,Manhattan,Murray Hill,Yellow Zone,874708,0.05512419341845,0.05129958960328317,16,14
2.00,148,pickup,Manhattan,Lower East Side,Yellow Zone,994180,0.05496409700160892,0.0501002004008016,17,17
2.00,144,pickup,Manhattan,Little Italy/NoLiTa,Yellow Zone,672089,0.05473162576874564,0.04952129415648729,18,19
2.00,48,pickup,Manhattan,Clinton East,Yellow Zone,950448,0.0537691283294575,0.04793863854266539,19,24
2.00,234,pickup,Manhattan,Union Sq,Yellow Zone,1035745,0.053390774468485905,0.04849660523763337,20,22
2.00,140,pickup,Manhattan,Lenox Hill East,Yellow Zone,308002,0.053145567528426835,0.05052206130010104,21,16
2.00,211,pickup,Manhattan,SoHo,Yellow Zone,551966,0.053079260951999385,0.047785919082510356,22,25
2.00,141,pickup,Manhattan,Lenox Hill West,Yellow Zone,380422,0.05277825404218729,0.04940711462450593,23,20
2.00,158,pickup,Manhattan,Meatpacking/West Village West,Yellow Zone,577944,0.05268389376382786,0.048575129533678756,24,21
2.00,125,pickup,Manhattan,Hudson Sq,Yellow Zone,356074,0.052277786489300884,0.04659832246039143,25,29
2.00,246,pickup,Manhattan,West Chelsea/Hudson Yards,Yellow Zone,1008393,0.052083453265562484,0.04803073967339097,26,23
2.00,231,pickup,Manhattan,TriBeCa/Civic Center,Yellow Zone,1101499,0.05199849967615573,0.04638218923933209,27,30
2.00,142,pickup,Manhattan,Lincoln Square East,Yellow Zone,451500,0.05151035967498061,0.0462962962962963,28,31
2.00,186,pickup,Manhattan,Penn Station/Madison Sq West,Yellow Zone,609879,0.051236427512399436,0.046097111247695145,29,32
2.00,68,pickup,Manhattan,East Chelsea,Yellow Zone,1039924,0.05055362640274613,0.0453035336756267,30,35
2.00,164,pickup,Manhattan,Midtown South,Yellow Zone,982547,0.050458554067218934,0.04497751124437781,31,37
2.00,209,pickup,Manhattan,Seaport,Yellow Zone,209917,0.04995020571105095,0.045018007202881155,32,36
2.00,262,pickup,Manhattan,Yorkville East,Yellow Zone,146868,0.04972710699549253,0.04775549188156638,33,26
2.00,146,pickup,Queens,Long Island City/Queens Plaza,Boro Zone,61213,0.049547274519328256,0.046918986549890525,34,27
2.00,65,pickup,Brooklyn,Downtown Brooklyn/MetroTech,Boro Zone,106022,0.049535644530163715,0.046831095847642834,35,28
2.00,237,pickup,Manhattan,Upper East Side South,Yellow Zone,545641,0.04939623333222885,0.044682752457551385,36,38
2.00,162,pickup,Manhattan,Midtown East,Yellow Zone,784167,0.04816496915367119,0.0436046511627907,37,40
2.00,66,pickup,Brooklyn,DUMBO/Vinegar Hill,Boro Zone,136927,0.047661560222104965,0.0453035336756267,38,34
2.00,13,pickup,Manhattan,Battery Park City,Yellow Zone,420001,0.04755779660376067,0.042265426880811495,39,48
2.00,43,pickup,Manhattan,Central Park,Yellow Zone,93544,0.04735083818558731,0.043834015195791935,40,39
2.00,263,pickup,Manhattan,Yorkville West,Yellow Zone,211319,0.0472738173914782,0.045551169146674765,41,33
2.00,100,pickup,Manhattan,Garment District,Yellow Zone,533659,0.046986087497248925,0.039936102236421724,42,62
2.00,12,pickup,Manhattan,Battery Park,Yellow Zone,9615,0.04679620771998361,0.04056246619794484,43,58
2.00,87,pickup,Manhattan,Financial District North,Yellow Zone,607144,0.04673490038704755,0.04246885617214043,44,46
2.00,163,pickup,Manhattan,Midtown North,Yellow Zone,812564,0.04672582077590698,0.041724617524339355,45,51
2.00,239,pickup,Manhattan,Upper West Side South,Yellow Zone,257928,0.04628482585389844,0.043153049482163405,46,42
2.00,161,pickup,Manhattan,Midtown Center,Yellow Zone,1160944,0.045633931837562466,0.04110715264456015,47,54
2.00,97,pickup,Brooklyn,Fort Greene,Boro Zone,114234,0.04512975778073778,0.04357931435212086,48,41
2.00,230,pickup,Manhattan,Times Sq/Theatre District,Yellow Zone,1182587,0.045024603113305355,0.038839979285344384,49,70
2.00,256,pickup,Brooklyn,Williamsburg (South Side),Boro Zone,213996,0.04470389410695297,0.04239683436970039,50,47
2.00,261,pickup,Manhattan,World Trade Center,Yellow Zone,351715,0.044128189948735824,0.03851091142490372,51,72
2.00,226,pickup,Queens,Sunnyside,Boro Zone,93027,0.04406597834014388,0.04258943781942078,52,44
2.00,75,pickup,Manhattan,East Harlem South,Boro Zone,122352,0.043970389925100405,0.0430045871559633,53,43
2.00,145,pickup,Queens,Long Island City/Hunters Point,Boro Zone,207331,0.04391076009372663,0.04256526674233825,54,45
2.00,7,pickup,Queens,Astoria,Boro Zone,125748,0.04366833403017973,0.04212299915754002,55,49
2.00,193,pickup,Queens,Queensbridge/Ravenswood,Boro Zone,22605,0.04362535447982655,0.04152823920265781,56,52
2.00,236,pickup,Manhattan,Upper East Side North,Yellow Zone,292167,0.0433900779190542,0.04082743603701687,57,56
2.00,88,pickup,Manhattan,Financial District South,Yellow Zone,236454,0.043383366970417905,0.038540596094552924,58,71
2.00,74,pickup,Manhattan,East Harlem North,Boro Zone,79084,0.042971076599887095,0.04180602006688963,59,50
2.00,238,pickup,Manhattan,Upper West Side North,Yellow Zone,147717,0.04292320079048218,0.04110715264456015,60,55
2.00,33,pickup,Brooklyn,Brooklyn Heights,Boro Zone,132467,0.04262945214293932,0.04120879120879121,61,53
2.00,217,pickup,Brooklyn,South Williamsburg,Boro Zone,12422,0.04261316645292004,0.04034969810719485,62,59
2.00,54,pickup,Brooklyn,Columbia Street,Boro Zone,13729,0.04196131609622915,0.04033342296316214,63,60
2.00,151,pickup,Manhattan,Manhattan Valley,Yellow Zone,67152,0.04192000641102976,0.04059539918809201,64,57
2.00,152,pickup,Manhattan,Manhattanville,Boro Zone,34345,0.041575910781106354,0.04019292604501608,65,61
2.00,80,pickup,Brooklyn,East Williamsburg,Boro Zone,130453,0.04128838262541565,0.03949447077409163,66,66
2.00,34,pickup,Brooklyn,Brooklyn Navy Yard,Boro Zone,20761,0.04097533690219631,0.03800354699771979,67,74
2.00,25,pickup,Brooklyn,Boerum Hill,Boro Zone,103494,0.040810885411127984,0.039619651347068144,68,64
2.00,24,pickup,Manhattan,Bloomingdale,Yellow Zone,30358,0.04072492756687466,0.03990422984836392,69,63
2.00,179,pickup,Queens,Old Astoria,Boro Zone,44415,0.04068731196405807,0.03912363067292644,70,69
2.00,260,pickup,Queens,Woodside,Boro Zone,36418,0.040642477459107595,0.03933910306845004,71,68
2.00,49,pickup,Brooklyn,Clinton Hill,Boro Zone,96946,0.040525071238237745,0.039619651347068144,72,65
2.00,112,pickup,Brooklyn,Greenpoint,Boro Zone,220820,0.04024640173197057,0.039359748097612175,73,67
2.00,255,pickup,Brooklyn,Williamsburg (North Side),Boro Zone,237460,0.04019106735368149,0.038061405734585135,74,73
2.00,52,pickup,Brooklyn,Cobble Hill,Boro Zone,32565,0.03914149457755075,0.03798429982273993,75,76
2.00,116,pickup,Manhattan,Hamilton Heights,Boro Zone,56445,0.039023679285539035,0.03800354699771979,76,75
2.00,42,pickup,Manhattan,Central Harlem North,Boro Zone,91886,0.038459030710511564,0.03788835564536499,77,77
2.00,83,pickup,Queens,Elmhurst/Maspeth,Boro Zone,17904,0.03814657144067792,0.037267080745341616,78,79
2.00,41,pickup,Manhattan,Central Harlem,Boro Zone,80629,0.038145084509542536,0.03753753753753754,79,78
2.00,105,pickup,Manhattan,Governor's Island/Ellis Island/Liberty Island,Yellow Zone,12,0.03800392023688976,0.034884326954639125,80,88
2.00,166,pickup,Manhattan,Morningside Heights,Boro Zone,91592,0.03799028920773601,0.03687315634218289,81,81
2.00,17,pickup,Brooklyn,Bedford,Boro Zone,78448,0.03797774288061887,0.036891293654697496,82,80
2.00,244,pickup,Manhattan,Washington Heights South,Boro Zone,88427,0.037668216793187624,0.03665689149560117,83,82
2.00,168,pickup,Bronx,Mott Haven/Port Morris,Boro Zone,43611,0.03706389362870723,0.036118468576932336,84,85
2.00,189,pickup,Brooklyn,Prospect Heights,Boro Zone,46406,0.03696271109914729,0.03636363636363636,85,83
2.00,8,pickup,Queens,Astoria Park,Boro Zone,306,0.0368440062060844,0.03602770555218657,86,86
2.00,202,pickup,Manhattan,Roosevelt Island,Boro Zone,16060,0.03678417368351069,0.036153289949385395,87,84
2.00,40,pickup,Brooklyn,Carroll Gardens,Boro Zone,47371,0.03634908926695349,0.03542749173358526,88,87
2.00,37,pickup,Brooklyn,Bushwick South,Boro Zone,116254,0.03601049685929621,0.03428571428571429,89,89
2.00,159,pickup,Bronx,Melrose South,Boro Zone,19790,0.03518867438719328,0.03389447563319981,90,93
2.00,106,pickup,Brooklyn,Gowanus,Boro Zone,24031,0.03512109371569522,0.033913633280578795,91,92
2.00,120,pickup,Manhattan,Highbridge Park,Boro Zone,866,0.0350602200794837,0.03384104443426478,92,94
2.00,243,pickup,Manhattan,Washington Heights North,Boro Zone,62950,0.03480484789854457,0.033952014486192846,93,91
2.00,82,pickup,Queens,Elmhurst,Boro Zone,32901,0.034740897420890926,0.034106412005457026,94,90
2.00,129,pickup,Queens,Jackson Heights,Boro Zone,44268,0.03431582746219658,0.033415014479839605,95,95
2.00,195,pickup,Brooklyn,Red Hook,Boro Zone,36922,0.03393806720442524,0.03271537622682661,96,98
2.00,36,pickup,Brooklyn,Bushwick North,Boro Zone,75703,0.03383952788624641,0.0326512842838485,97,99
2.00,127,pickup,Manhattan,Inwood,Boro Zone,29797,0.03376269037387876,0.032996040475142985,98,97
2.00,157,pickup,Queens,Maspeth,Boro Zone,36413,0.033725424685510964,0.03328894806924101,99,96
2.00,225,pickup,Brooklyn,Stuyvesant Heights,Boro Zone,71185,0.03369062033099232,0.032411408815903195,100,101
2.00,181,pickup,Brooklyn,Park Slope,Boro Zone,120522,0.03363968059087706,0.03234850118611171,101,103
2.00,207,pickup,Queens,Saint Michaels Cemetery/Woodside,Boro Zone,234,0.03342180766549749,0.03228236643328658,102,104
2.00,61,pickup,Brooklyn,Crown Heights North,Boro Zone,81759,0.0333629312380033,0.03248862897985705,103,100
2.00,223,pickup,Queens,Steinway,Boro Zone,42675,0.03329235611108139,0.032037590773173856,104,107
2.00,235,pickup,Bronx,University Heights/Morris Heights,Boro Zone,18836,0.03324668230002127,0.032390412437918376,105,102
2.00,69,pickup,Bronx,East Concourse/Concourse Village,Boro Zone,21965,0.03299079641399208,0.03216123499142367,106,105
2.00,198,pickup,Queens,Ridgewood,Boro Zone,47778,0.0328650101622869,0.0320786997433704,107,106
2.00,169,pickup,Bronx,Mount Hope,Boro Zone,15365,0.032492945857779544,0.03164556962025317,108,109
2.00,147,pickup,Bronx,Longwood,Boro Zone,8775,0.03230928528944942,0.03095975232198142,109,115
2.00,167,pickup,Bronx,Morrisania/Melrose,Boro Zone,14233,0.03230410754562733,0.031017369727047148,110,114
2.00,62,pickup,Brooklyn,Crown Heights South,Boro Zone,20684,0.03224860167222515,0.03136762860727729,111,111
2.00,160,pickup,Queens,Middle Village,Boro Zone,14935,0.03218111895884026,0.031321779077051574,112,112
2.00,56,pickup,Queens,Corona,Boro Zone,15935,0.03216181871745618,0.0316055625790139,113,110
2.00,119,pickup,Bronx,Highbridge,Boro Zone,19171,0.03214532447579668,0.03199658703071672,114,108
2.00,196,pickup,Queens,Rego Park,Boro Zone,15868,0.03172571019510391,0.031168831505280017,115,113
2.00,190,pickup,Brooklyn,Prospect Park,Boro Zone,5322,0.03169934261352083,0.030624744793793388,116,117
2.00,128,pickup,Manhattan,Inwood Hill Park,Boro Zone,2848,0.0314663823320029,0.03062161918195487,117,118
2.00,247,pickup,Bronx,West Concourse,Boro Zone,27872,0.031139469394557064,0.030953363598844406,118,116
2.00,153,pickup,Manhattan,Marble Hill,Boro Zone,2926,0.03093183806927243,0.03000900300108041,119,119
2.00,136,pickup,Bronx,Kingsbridge Heights,Boro Zone,10283,0.030721076693346963,0.0298804780876494,120,120
2.00,47,pickup,Bronx,Claremont/Bathgate,Boro Zone,8834,0.030523210252599423,0.029597474348855565,121,123
2.00,94,pickup,Bronx,Fordham South,Boro Zone,6122,0.03041260978475577,0.029827003380393718,122,121
2.00,188,pickup,Brooklyn,Prospect-Lefferts Gardens,Boro Zone,39741,0.030408786729666393,0.029371450949676914,123,124
2.00,212,pickup,Bronx,Soundview/Bruckner,Boro Zone,9403,0.03028445043890345,0.028951939779965255,124,128
2.00,60,pickup,Bronx,Crotona Park East,Boro Zone,7556,0.030280800194473777,0.028851702250432775,125,129
2.00,126,pickup,Bronx,Hunts Point,Boro Zone,10027,0.03025031855950699,0.02913187026607108,126,127
2.00,257,pickup,Brooklyn,Windsor Terrace,Boro Zone,20380,0.030233216630753984,0.02917720287881735,127,126
2.00,173,pickup,Queens,North Corona,Boro Zone,7583,0.03018806456837868,0.029785544082605243,128,122
2.00,133,pickup,Brooklyn,Kensington,Boro Zone,14531,0.030157909690707085,0.029205607476635514,129,125
2.00,227,pickup,Brooklyn,Sunset Park East,Boro Zone,14494,0.02976703379792109,0.02840371141829199,130,134
2.00,177,pickup,Brooklyn,Ocean Hill,Boro Zone,14476,0.02972610836861371,0.02883783550630291,131,130
2.00,228,pickup,Brooklyn,Sunset Park West,Boro Zone,45069,0.02960570911256933,0.02862595419847328,132,132
2.00,248,pickup,Bronx,West Farms/Bronx River,Boro Zone,9621,0.029592838135239823,0.028735632183908046,133,131
2.00,78,pickup,Bronx,East Tremont,Boro Zone,13444,0.02954094374417574,0.028333962976955045,134,135
2.00,111,pickup,Brooklyn,Green-Wood Cemetery,Boro Zone,302,0.029324058873388476,0.02841883696454841,135,133
2.00,241,pickup,Bronx,Van Cortlandt Village,Boro Zone,14797,0.028569505429820587,0.027767493520918177,136,138
2.00,89,pickup,Brooklyn,Flatbush/Ditmas Park,Boro Zone,46229,0.028533439352693996,0.027362276541408246,137,141
2.00,85,pickup,Brooklyn,Erasmus,Boro Zone,14458,0.028473132185630724,0.02751283932501834,138,140
2.00,95,pickup,Queens,Forest Hills,Boro Zone,40194,0.028238261834992284,0.027757216876387863,139,139
2.00,102,pickup,Queens,Glendale,Boro Zone,8710,0.02821734178111047,0.027793218454697056,140,137
2.00,18,pickup,Bronx,Bedford Park,Boro Zone,11971,0.027799290190376462,0.02682403433476395,141,144
2.00,57,pickup,Queens,Corona,Boro Zone,731,0.02775233110850943,0.028222013170272814,142,136
2.00,59,pickup,Bronx,Crotona Park,Boro Zone,550,0.027714536064091896,0.02657455180680901,143,146
2.00,192,pickup,Queens,Queensboro Hill,Boro Zone,5167,0.02769368824721316,0.027357286157213206,144,142
2.00,220,pickup,Bronx,Spuyten Duyvil/Kingsbridge,Boro Zone,19313,0.02760076739852306,0.02706604114038253,145,143
2.00,250,pickup,Bronx,Westchester Village/Unionport,Boro Zone,7055,0.027557161543010668,0.026586316908897553,146,145
2.00,14,pickup,Brooklyn,Bay Ridge,Boro Zone,40288,0.027304104027047794,0.02612330198537095,147,149
2.00,213,pickup,Bronx,Soundview/Castle Hill,Boro Zone,13902,0.027155575606695324,0.02617344268016053,148,148
2.00,182,pickup,Bronx,Parkchester,Boro Zone,10308,0.027134132240874978,0.02633195842282455,149,147
2.00,35,pickup,Brooklyn,Brownsville,Boro Zone,11725,0.02678618772111317,0.025826446280991736,150,150
2.00,67,pickup,Brooklyn,Dyker Heights,Boro Zone,13024,0.026747118040753262,0.02579092159559835,151,151
2.00,199,pickup,Bronx,Rikers Island,Boro Zone,3,0.026379931009887208,0.025782055689240288,152,152
2.00,258,pickup,Queens,Woodhaven,Boro Zone,9794,0.02599752877120326,0.025534088192467344,153,153
2.00,71,pickup,Brooklyn,East Flatbush/Farragut,Boro Zone,12826,0.025989096131836423,0.02518045996306866,154,154
2.00,32,pickup,Bronx,Bronxdale,Boro Zone,6978,0.025618642569377764,0.024807740184521067,155,157
2.00,63,pickup,Brooklyn,Cypress Hills,Boro Zone,8564,0.025554768000149494,0.024826216484607744,156,156
2.00,72,pickup,Brooklyn,East Flatbush/Remsen Village,Boro Zone,9662,0.025510828815303633,0.024557956777996073,157,160
2.00,22,pickup,Brooklyn,Bensonhurst West,Boro Zone,14622,0.025274535393188555,0.024181847493148476,158,168
2.00,200,pickup,Bronx,Riverdale/North Riverdale/Fieldston,Boro Zone,18731,0.025266270338915035,0.02495425054067543,159,155
2.00,174,pickup,Bronx,Norwood,Boro Zone,10427,0.02519891846323758,0.024634586960091968,160,159
2.00,26,pickup,Brooklyn,Borough Park,Boro Zone,13828,0.025023171553305718,0.02436845113958287,161,164
2.00,77,pickup,Brooklyn,East New York/Pennsylvania Avenue,Boro Zone,5942,0.025018807033188015,0.023919630651303585,162,175
2.00,194,pickup,Manhattan,Randalls Island,Yellow Zone,6004,0.024998032325719417,0.02412933463096137,163,170
2.00,135,pickup,Queens,Kew Gardens Hills,Boro Zone,6779,0.024980963693916725,0.024650780608052588,164,158
2.00,73,pickup,Queens,East Flushing,Boro Zone,3428,0.024963056072217063,0.024495795051861398,165,161
2.00,242,pickup,Bronx,Van Nest/Morris Park,Boro Zone,8116,0.024841105131567322,0.024096385542168676,166,171
2.00,20,pickup,Bronx,Belmont,Boro Zone,12429,0.02475472127574258,0.024177949709864605,167,169
2.00,121,pickup,Queens,Hillcrest/Pomonok,Boro Zone,7397,0.024643986274667563,0.024213075060532687,168,167
2.00,96,pickup,Queens,Forest Park/Highland Park,Boro Zone,949,0.02458049003184295,0.02439421044072207,169,163
2.00,70,pickup,Queens,East Elmhurst,Boro Zone,16649,0.024578890010520167,0.023957834211787255,170,174
2.00,134,pickup,Queens,Kew Gardens,Boro Zone,6822,0.02457335383600262,0.024479804324564345,171,162
2.00,183,pickup,Bronx,Pelham Bay,Boro Zone,4348,0.024553355237417872,0.024301336732970157,172,165
2.00,28,pickup,Queens,Briarwood/Jamaica Hills,Boro Zone,8310,0.024504769130208593,0.024273808719480483,173,166
2.00,185,pickup,Bronx,Pelham Parkway,Boro Zone,10197,0.02450047932957488,0.023670506548840148,174,176
2.00,92,pickup,Queens,Flushing,Boro Zone,32004,0.02435228138030223,0.02406159769008662,175,173
2.00,11,pickup,Brooklyn,Bath Beach,Boro Zone,5015,0.024337416328152797,0.02352572145545797,176,178
2.00,197,pickup,Queens,Richmond Hill,Boro Zone,9145,0.02422829046063606,0.024077046548956663,177,172
2.00,254,pickup,Bronx,Williamsbridge/Olinville,Boro Zone,9783,0.023998519297265777,0.023180343069077423,178,182
2.00,130,pickup,Queens,Jamaica,Boro Zone,13922,0.023816357203135505,0.023386342944518267,179,179
2.00,240,pickup,Bronx,Van Cortlandt Park,Boro Zone,2349,0.023779287471054046,0.02328108024212323,180,180
2.00,178,pickup,Brooklyn,Ocean Parkway South,Boro Zone,4892,0.023752414299392774,0.02311070039136802,181,183
2.00,180,pickup,Queens,Ozone Park,Boro Zone,3424,0.023708998318647714,0.02360532038054399,182,177
2.00,21,pickup,Brooklyn,Bensonhurst East,Boro Zone,9500,0.023706616770175767,0.023045014595175908,183,185
2.00,171,pickup,Queens,Murray Hill-Queens,Boro Zone,6728,0.02358810972761968,0.023237800154918668,184,181
2.00,53,pickup,Queens,College Point,Boro Zone,5435,0.023424771173221486,0.02310536044362292,185,184
2.00,165,pickup,Brooklyn,Midwood,Boro Zone,11843,0.02342065002443317,0.022593764121102575,186,189
2.00,208,pickup,Bronx,Schuylerville/Edgewater Park,Boro Zone,10904,0.023399872709860617,0.022974421810384435,187,186
2.00,259,pickup,Bronx,Woodlawn/Wakefield,Boro Zone,7359,0.023232973596581042,0.022597167821633023,188,188
2.00,76,pickup,Brooklyn,East New York,Boro Zone,14963,0.02317661150497945,0.022418173666118667,189,190
2.00,3,pickup,Bronx,Allerton/Pelham Gardens,Boro Zone,4676,0.023136080971823243,0.022627847337456628,190,187
2.00,91,pickup,Brooklyn,Flatlands,Boro Zone,10238,0.022961742839650724,0.02221235201496042,191,193
2.00,98,pickup,Queens,Fresh Meadows,Boro Zone,2578,0.022763756985918603,0.022331398440465826,192,191
2.00,81,pickup,Bronx,Eastchester,Boro Zone,4870,0.022690924722857348,0.022237047042345824,193,192
2.00,9,pickup,Queens,Auburndale,Boro Zone,2931,0.022293060529552596,0.022000586682311526,194,194
2.00,131,pickup,Queens,Jamaica Estates,Boro Zone,4557,0.022099871088609963,0.021853146853146852,195,195
2.00,122,pickup,Queens,Hollis,Boro Zone,1707,0.022004288499929983,0.021673168617251843,196,197
2.00,31,pickup,Bronx,Bronx Park,Boro Zone,3712,0.021952053340371633,0.021493051021589753,197,201
2.00,58,pickup,Bronx,Country Club,Boro Zone,1324,0.02193601495258475,0.021765944584828383,198,196
2.00,108,pickup,Brooklyn,Gravesend,Boro Zone,4266,0.021878633343286116,0.021522347481457645,199,200
2.00,215,pickup,Queens,South Jamaica,Boro Zone,3326,0.02177344457221734,0.0215998273133541,200,198
2.00,51,pickup,Bronx,Co-Op City,Boro Zone,7105,0.021653724382058828,0.021234428086070217,201,203
2.00,6,pickup,Staten Island,Arrochar/Fort Wadsworth,Boro Zone,2011,0.021649299077619193,0.02105854274884178,202,204
2.00,149,pickup,Brooklyn,Madison,Boro Zone,6295,0.021511477541785593,0.021014289717007566,203,206
2.00,175,pickup,Queens,Oakland Gardens,Boro Zone,2813,0.021488777217962985,0.02158273381294964,204,199
2.00,123,pickup,Brooklyn,Homecrest,Boro Zone,10119,0.02144258389223701,0.02102017937219731,205,205
2.00,16,pickup,Queens,Bayside,Boro Zone,5565,0.02131098768044188,0.021279614129663782,206,202
2.00,39,pickup,Brooklyn,Canarsie,Boro Zone,9706,0.02113785755652142,0.020426227370516047,207,210
2.00,252,pickup,Queens,Whitestone,Boro Zone,4485,0.021046297967337688,0.02085360767412762,208,207
2.00,216,pickup,Queens,South Ozone Park,Boro Zone,9693,0.02101568001349688,0.020830440216636575,209,208
2.00,221,pickup,Staten Island,Stapleton,Boro Zone,3308,0.020823455764483596,0.02051843709488682,210,209
2.00,93,pickup,Queens,Flushing Meadows-Corona Park,Boro Zone,8221,0.02071693726135522,0.02021018593371059,211,212
2.00,138,pickup,Queens,LaGuardia Airport,Airports,867230,0.02050794810052274,0.02021563342318059,212,211
2.00,191,pickup,Queens,Queens Village,Boro Zone,4419,0.02012952783248449,0.01996007984031936,213,213
2.00,115,pickup,Staten Island,Grymes Hill/Clifton,Boro Zone,1880,0.02009355242291387,0.019589919058865188,214,214
2.00,15,pickup,Queens,Bay Terrace/Fort Totten,Boro Zone,2760,0.019872014921430863,0.019538882375928098,215,215
2.00,205,pickup,Queens,Saint Albans,Boro Zone,4679,0.019754073374505063,0.01949317738791423,216,216
2.00,64,pickup,Queens,Douglaston,Boro Zone,2435,0.01973019586781255,0.01948811225152657,217,217
2.00,55,pickup,Brooklyn,Coney Island,Boro Zone,10903,0.01959755336387083,0.01931496265773886,218,219
2.00,210,pickup,Brooklyn,Sheepshead Bay,Boro Zone,6995,0.01949086158429406,0.019083969465648856,219,221
2.00,19,pickup,Queens,Bellerose,Boro Zone,1672,0.0194807739070764,0.01920491842620433,220,220
2.00,29,pickup,Brooklyn,Brighton Beach,Boro Zone,5894,0.01944591963997864,0.01905972045743329,221,222
2.00,184,pickup,Bronx,Pelham Bay Park,Boro Zone,1158,0.019410858704351355,0.018475181952894312,222,225
2.00,222,pickup,Brooklyn,Starrett City,Boro Zone,1905,0.019407461414700258,0.018894067262879455,223,223
2.00,265,pickup,N/A,Outside of NYC,N/A,152,0.019404108044144504,0.018170807972222064,224,230
2.00,124,pickup,Queens,Howard Beach,Boro Zone,3610,0.01932844016624151,0.019412450176302328,225,218
2.00,218,pickup,Queens,Springfield Gardens North,Boro Zone,2423,0.019005436507206777,0.018536826495304002,226,224
2.00,214,pickup,Staten Island,South Beach/Dongan Hills,Boro Zone,2286,0.018952486329677526,0.01834189315759765,227,226
2.00,155,pickup,Brooklyn,Marine Park/Mill Basin,Boro Zone,5924,0.01895123998434398,0.01826150501865316,228,227
2.00,10,pickup,Queens,Baisley Park,Boro Zone,6387,0.01887453345340526,0.018245955479868632,229,228
2.00,150,pickup,Brooklyn,Manhattan Beach,Boro Zone,3001,0.01848554585529531,0.01820830298616169,230,229
2.00,206,pickup,Staten Island,Saint George/New Brighton,Boro Zone,3033,0.018075218674915478,0.017644982943183153,231,233
2.00,101,pickup,Queens,Glen Oaks,Boro Zone,1910,0.0180121637531312,0.017791484060045784,232,231
2.00,219,pickup,Queens,Springfield Gardens South,Boro Zone,2218,0.017917472468717974,0.017459117100891743,233,234
2.00,245,pickup,Staten Island,West Brighton,Boro Zone,1927,0.0179008177014391,0.017341040462427744,234,236
2.00,253,pickup,Queens,Willets Point,Boro Zone,215,0.017863721383700126,0.017267180844940715,235,237
2.00,46,pickup,Bronx,City Island,Boro Zone,677,0.017782566165027793,0.017694939247375252,236,232
2.00,251,pickup,Staten Island,Westerleigh,Boro Zone,1941,0.017761949943801928,0.01741755689735253,237,235
2.00,156,pickup,Staten Island,Mariners Harbor,Boro Zone,1883,0.01728504490511096,0.016304347826086956,238,244
2.00,172,pickup,Staten Island,New Dorp/Midland Beach,Boro Zone,1419,0.017259888610639294,0.016795431642593214,239,241
2.00,139,pickup,Queens,Laurelton,Boro Zone,1843,0.017222410906530632,0.016808606006275213,240,239
2.00,203,pickup,Queens,Rosedale,Boro Zone,1631,0.01716317294815739,0.017084282460136675,241,238
2.00,187,pickup,Staten Island,Port Richmond,Boro Zone,1060,0.01710932750566221,0.01609615228898029,242,245
2.00,38,pickup,Queens,Cambria Heights,Boro Zone,2641,0.01693148769405554,0.01678040049222508,243,242
2.00,1,pickup,EWR,Newark Airport,EWR,1,0.016795431642593214,0.016795431642593214,244,240
2.00,2,pickup,Queens,Jamaica Bay,Boro Zone,12,0.01669337608746792,0.016053946805305537,245,247
2.00,154,pickup,Brooklyn,Marine Park/Floyd Bennett Field,Boro Zone,411,0.01655903152456329,0.016311439756415833,246,243
2.00,23,pickup,Staten Island,Bloomfield/Emerson Hill,Boro Zone,3145,0.016515309197060908,0.015807777426493835,247,248
2.00,118,pickup,Staten Island,Heartland Village/Todt Hill,Boro Zone,3158,0.016223087956212447,0.015305342560130842,248,250
2.00,30,pickup,Queens,Broad Channel,Boro Zone,122,0.016178186894363004,0.016090234599446335,249,246
2.00,176,pickup,Staten Island,Oakwood,Boro Zone,1203,0.016037284186967243,0.015589274579089587,250,249
2.00,117,pickup,Queens,Hammels/Arverne,Boro Zone,2767,0.014997745827723466,0.014892772041302621,251,251
2.00,132,pickup,Queens,JFK Airport,Airports,445811,0.014942532747968564,0.014771048744460858,252,252
2.00,86,pickup,Queens,Far Rockaway,Boro Zone,2325,0.014829535400901235,0.014403687343960053,253,253
2.00,110,pickup,Staten Island,Great Kills Park,Boro Zone,3,0.014450062197754484,0.013137151865475564,254,257
2.00,201,pickup,Queens,Rockaway Park,Boro Zone,1998,0.01427400209888739,0.014083845859874296,255,254
2.00,109,pickup,Staten Island,Great Kills,Boro Zone,1423,0.014197735801175908,0.013547687861271676,256,256
2.00,27,pickup,Queens,Breezy Point/Fort Tilden/Riis Beach,Boro Zone,315,0.013973686498790912,0.013865779256794232,257,255
2.00,5,pickup,Staten Island,Arden Heights,Boro Zone,600,0.012768869143226445,0.011905708002187421,258,258
2.00,204,pickup,Staten Island,Rossville/Woodrow,Boro Zone,768,0.012173498045710536,0.01121413990363888,259,260
2.00,84,pickup,Staten Island,Eltingville/Annadale/Prince's Bay,Boro Zone,1173,0.01182901568861908,0.011390386513782368,260,259
2.00,44,pickup,Staten Island,Charleston/Tottenville,Boro Zone,777,0.011431590236758797,0.01088850174216028,261,261
2.00,99,pickup,Staten Island,Freshkills Park,Boro Zone,31,0.010790469706296307,0.009367974019485385,262,262
5.00,4,dropoff,Manhattan,Alphabet City,Yellow Zone,239342,0.06377978003118102,0.05931198102016608,1,2
5.00,224,dropoff,Manhattan,Stuy Town/Peter Cooper Village,Yellow Zone,160434,0.06304505685564321,0.05942947702060222,2,1
5.00,79,dropoff,Manhattan,East Village,Yellow Zone,983573,0.062494846303412545,0.057803468208092484,3,4
5.00,249,dropoff,Manhattan,West Village,Yellow Zone,742515,0.06193351480585657,0.05884660651235779,4,3
5.00,114,dropoff,Manhattan,Greenwich Village South,Yellow Zone,526196,0.061711012024747706,0.057625816365731844,5,5
5.00,137,dropoff,Manhattan,Kips Bay,Yellow Zone,499661,0.06148196364257339,0.05688282138794084,6,7
5.00,232,dropoff,Manhattan,Two Bridges/Seward Park,Yellow Zone,353785,0.06136088358964838,0.05662514156285391,7,9
5.00,113,dropoff,Manhattan,Greenwich Village North,Yellow Zone,492639,0.06133647220465074,0.05705591479650057,8,6
5.00,107,dropoff,Manhattan,Gramercy,Yellow Zone,628468,0.06097219135319789,0.05662514156285391,9,8
5.00,45,dropoff,Manhattan,Chinatown,Yellow Zone,212922,0.060472632661717624,0.05504587155963303,10,13
5.00,90,dropoff,Manhattan,Flatiron,Yellow Zone,545755,0.06017951097771718,0.05649717514124294,11,10
5.00,229,dropoff,Manhattan,Sutton Place/Turtle Bay North,Yellow Zone,427315,0.06014842207833941,0.055741360089186176,12,11
5.00,50,dropoff,Manhattan,Clinton West,Yellow Zone,424825,0.05996005604248335,0.054684651841049946,13,14
5.00,170,dropoff,Manhattan,Murray Hill,Yellow Zone,848152,0.05904917200614354,0.05557613931085587,14,12
5.00,148,dropoff,Manhattan,Lower East Side,Yellow Zone,756573,0.05881428077583219,0.05438723712835388,15,17
5.00,233,dropoff,Manhattan,UN/Turtle Bay South,Yellow Zone,466359,0.05833803502256769,0.05456529647144417,16,15
5.00,105,dropoff,Manhattan,Governor's Island/Ellis Island/Liberty Island,Yellow Zone,28,0.058282267088746835,0.046775279221216375,17,41
5.00,234,dropoff,Manhattan,Union Sq,Yellow Zone,915552,0.05803183578962487,0.05382131324004306,18,18
5.00,158,dropoff,Manhattan,Meatpacking/West Village West,Yellow Zone,513149,0.0579331296349874,0.0544464609800363,19,16
5.00,246,dropoff,Manhattan,West Chelsea/Hudson Yards,Yellow Zone,946540,0.05783078720648714,0.053229240596167494,20,20
5.00,144,dropoff,Manhattan,Little Italy/NoLiTa,Yellow Zone,561036,0.0571669230055392,0.05276116778051354,21,21
5.00,48,dropoff,Manhattan,Clinton East,Yellow Zone,744908,0.057158412009946105,0.051617343427391604,22,25
5.00,186,dropoff,Manhattan,Penn Station/Madison Sq West,Yellow Zone,727018,0.057151622716433044,0.05357142857142857,23,19
5.00,211,dropoff,Manhattan,SoHo,Yellow Zone,497696,0.056739429293745945,0.05244755244755245,24,22
5.00,125,dropoff,Manhattan,Hudson Sq,Yellow Zone,307055,0.056536560933304794,0.05147563486616335,25,26
5.00,141,dropoff,Manhattan,Lenox Hill West,Yellow Zone,281781,0.05610406662923124,0.05179558011049724,26,24
5.00,68,dropoff,Manhattan,East Chelsea,Yellow Zone,1018367,0.056102788188633346,0.05122950819672131,27,27
5.00,143,dropoff,Manhattan,Lincoln Square West,Yellow Zone,240012,0.056075442160178054,0.05088195386702849,28,28
5.00,140,dropoff,Manhattan,Lenox Hill East,Yellow Zone,279971,0.055662644968732,0.051939058171745156,29,23
5.00,231,dropoff,Manhattan,TriBeCa/Civic Center,Yellow Zone,924408,0.055556488929602584,0.05016722408026756,30,29
5.00,142,dropoff,Manhattan,Lincoln Square East,Yellow Zone,390432,0.054871496448180825,0.0491480996068152,31,32
5.00,162,dropoff,Manhattan,Midtown East,Yellow Zone,779514,0.05430021428804435,0.049800796812749,32,31
5.00,164,dropoff,Manhattan,Midtown South,Yellow Zone,821128,0.053989835015227194,0.050066755674232306,33,30
5.00,209,dropoff,Manhattan,Seaport,Yellow Zone,183245,0.05349452540752241,0.04772510340439071,34,35
5.00,100,dropoff,Manhattan,Garment District,Yellow Zone,435175,0.05240613130452574,0.04748338081671415,35,36
5.00,161,dropoff,Manhattan,Midtown Center,Yellow Zone,1029569,0.05224052538525522,0.04801536491677337,36,34
5.00,13,dropoff,Manhattan,Battery Park City,Yellow Zone,375148,0.052101629884369546,0.046918986549890525,37,39
5.00,237,dropoff,Manhattan,Upper East Side South,Yellow Zone,465554,0.05186540694670738,0.047036688617121354,38,38
5.00,163,dropoff,Manhattan,Midtown North,Yellow Zone,685333,0.05182932707896268,0.04681647940074907,39,40
5.00,87,dropoff,Manhattan,Financial District North,Yellow Zone,545572,0.050673089648149205,0.04564820450395618,40,43
5.00,65,dropoff,Brooklyn,Downtown Brooklyn/MetroTech,Boro Zone,110020,0.050550185465292434,0.04810776138550353,41,33
5.00,146,dropoff,Queens,Long Island City/Queens Plaza,Boro Zone,75575,0.04938917838583549,0.04706620646375902,42,37
5.00,239,dropoff,Manhattan,Upper West Side South,Yellow Zone,217106,0.04933175548967644,0.045126353790613714,43,48
5.00,230,dropoff,Manhattan,Times Sq/Theatre District,Yellow Zone,1010310,0.04932070230845198,0.04426084390675716,44,53
5.00,261,dropoff,Manhattan,World Trade Center,Yellow Zone,337458,0.04877901257156369,0.042979942693409746,45,56
5.00,43,dropoff,Manhattan,Central Park,Yellow Zone,134839,0.04862947870817944,0.045454545454545456,46,45
5.00,263,dropoff,Manhattan,Yorkville West,Yellow Zone,187737,0.048187883821480475,0.045676004872107184,47,42
5.00,88,dropoff,Manhattan,Financial District South,Yellow Zone,227647,0.04818692983856204,0.0429553264604811,48,57
5.00,12,dropoff,Manhattan,Battery Park,Yellow Zone,16476,0.04818217680681753,0.041591571574406766,49,65
5.00,256,dropoff,Brooklyn,Williamsburg (South Side),Boro Zone,233029,0.04777460725429335,0.04478948939982084,50,51
5.00,262,dropoff,Manhattan,Yorkville East,Yellow Zone,114018,0.04772843853852304,0.045358330813426065,51,46
5.00,66,dropoff,Brooklyn,DUMBO/Vinegar Hill,Boro Zone,124284,0.04763376250511869,0.04549590536851684,52,44
5.00,145,dropoff,Queens,Long Island City/Hunters Point,Boro Zone,273611,0.047527299445418274,0.045167118337850046,53,47
5.00,217,dropoff,Brooklyn,South Williamsburg,Boro Zone,14818,0.046653708380616894,0.04337140469426953,54,55
5.00,193,dropoff,Queens,Queensbridge/Ravenswood,Boro Zone,26593,0.046540627810549386,0.04478948939982084,55,50
5.00,226,dropoff,Queens,Sunnyside,Boro Zone,110089,0.04630468220301752,0.04466944609886837,56,52
5.00,75,dropoff,Manhattan,East Harlem South,Boro Zone,121956,0.04599017993306017,0.044856459330143546,57,49
5.00,238,dropoff,Manhattan,Upper West Side North,Yellow Zone,138110,0.04539011334222982,0.04260153365521158,58,60
5.00,97,dropoff,Brooklyn,Fort Greene,Boro Zone,104796,0.0450743355815307,0.04373177842565598,59,54
5.00,151,dropoff,Manhattan,Manhattan Valley,Yellow Zone,65328,0.04503084325367515,0.042735042735042736,60,59
5.00,33,dropoff,Brooklyn,Brooklyn Heights,Boro Zone,137632,0.04495840119285105,0.04291845493562232,61,58
5.00,236,dropoff,Manhattan,Upper East Side North,Yellow Zone,265886,0.044281810395456665,0.04160887656033287,62,64
5.00,80,dropoff,Brooklyn,East Williamsburg,Boro Zone,150890,0.044118928708192444,0.041666666666666664,63,63
5.00,7,dropoff,Queens,Astoria,Boro Zone,161165,0.04396647981772159,0.042444821731748725,64,62
5.00,74,dropoff,Manhattan,East Harlem North,Boro Zone,69491,0.04350451297452198,0.04246885617214043,65,61
5.00,24,dropoff,Manhattan,Bloomingdale,Yellow Zone,29397,0.04318746368029369,0.041413583655438985,66,66
5.00,25,dropoff,Brooklyn,Boerum Hill,Boro Zone,110066,0.04276670192415512,0.04126547455295736,67,67
5.00,152,dropoff,Manhattan,Manhattanville,Boro Zone,33734,0.042560623201516164,0.04077194889915738,68,69
5.00,112,dropoff,Brooklyn,Greenpoint,Boro Zone,257808,0.042103575066701,0.040983606557377046,69,68
5.00,260,dropoff,Queens,Woodside,Boro Zone,42887,0.04167481527766571,0.040518638573743916,70,70
5.00,34,dropoff,Brooklyn,Brooklyn Navy Yard,Boro Zone,17525,0.04137170192809595,0.03864983251739242,71,76
5.00,179,dropoff,Queens,Old Astoria,Boro Zone,60760,0.041310687070922364,0.040171397964649164,72,71
5.00,255,dropoff,Brooklyn,Williamsburg (North Side),Boro Zone,242617,0.040794989150616356,0.03861003861003861,73,77
5.00,49,dropoff,Brooklyn,Clinton Hill,Boro Zone,107243,0.04064327869328053,0.039515279241306635,74,72
5.00,202,dropoff,Manhattan,Roosevelt Island,Boro Zone,25998,0.040519678200700925,0.03947887948352059,75,73
5.00,166,dropoff,Manhattan,Morningside Heights,Boro Zone,96598,0.04019710754074618,0.0384122919334187,76,81
5.00,52,dropoff,Brooklyn,Cobble Hill,Boro Zone,31984,0.04018418547985553,0.03897116134060795,77,74
5.00,168,dropoff,Bronx,Mott Haven/Port Morris,Boro Zone,47902,0.03990527494648297,0.03897116134060795,78,75
5.00,54,dropoff,Brooklyn,Columbia Street,Boro Zone,12671,0.03983640519718525,0.038560411311053984,79,78
5.00,17,dropoff,Brooklyn,Bedford,Boro Zone,101837,0.03970348297460054,0.03792667509481669,80,83
5.00,41,dropoff,Manhattan,Central Harlem,Boro Zone,81141,0.03951385206428132,0.03855050115651504,81,79
5.00,83,dropoff,Queens,Elmhurst/Maspeth,Boro Zone,22466,0.039418168500206886,0.038109756097560975,82,82
5.00,42,dropoff,Manhattan,Central Harlem North,Boro Zone,88757,0.03910464853681868,0.038520801232665644,83,80
5.00,8,dropoff,Queens,Astoria Park,Boro Zone,413,0.03902388732218873,0.03710116250309176,84,85
5.00,116,dropoff,Manhattan,Hamilton Heights,Boro Zone,55959,0.038566250619946896,0.0375751503006012,85,84
5.00,37,dropoff,Brooklyn,Bushwick South,Boro Zone,155003,0.03822719981740368,0.03627569528415961,86,89
5.00,244,dropoff,Manhattan,Washington Heights South,Boro Zone,90222,0.03780646736216901,0.03675569713305562,87,86
5.00,159,dropoff,Bronx,Melrose South,Boro Zone,19592,0.037656101867383725,0.036683785766691124,88,87
5.00,189,dropoff,Brooklyn,Prospect Heights,Boro Zone,55127,0.03746198988652897,0.0366121552355382,89,88
5.00,40,dropoff,Brooklyn,Carroll Gardens,Boro Zone,50138,0.03737985827876497,0.0362406378352259,90,90
5.00,106,dropoff,Brooklyn,Gowanus,Boro Zone,24619,0.036765801317307174,0.03550295857988166,91,91
5.00,225,dropoff,Brooklyn,Stuyvesant Heights,Boro Zone,102995,0.03635199177149585,0.03460207612456747,92,95
5.00,264,dropoff,Unknown,N/A,N/A,182,0.03627317124331299,0.030785562900986302,93,123
5.00,157,dropoff,Queens,Maspeth,Boro Zone,33193,0.03620020999944185,0.03527751646284101,94,92
5.00,36,dropoff,Brooklyn,Bushwick North,Boro Zone,95455,0.03619316480885095,0.03473830477072719,95,94
5.00,82,dropoff,Queens,Elmhurst,Boro Zone,45817,0.03615129555017721,0.0350140056022409,96,93
5.00,129,dropoff,Queens,Jackson Heights,Boro Zone,53236,0.035568514895958296,0.034570177460244295,97,96
5.00,61,dropoff,Brooklyn,Crown Heights North,Boro Zone,118645,0.03530741549431185,0.03399818676337262,98,101
5.00,69,dropoff,Bronx,East Concourse/Concourse Village,Boro Zone,24351,0.035238489505547636,0.034324942791762014,99,97
5.00,223,dropoff,Queens,Steinway,Boro Zone,62150,0.03521085689036592,0.03412581092957606,100,99
5.00,147,dropoff,Bronx,Longwood,Boro Zone,8931,0.035199828210991886,0.033821871476888386,101,105
5.00,120,dropoff,Manhattan,Highbridge Park,Boro Zone,1556,0.03502222485725173,0.03403676145299307,102,100
5.00,198,dropoff,Queens,Ridgewood,Boro Zone,69762,0.035013285430556644,0.033852403520649964,103,104
5.00,235,dropoff,Bronx,University Heights/Morris Heights,Boro Zone,16621,0.03495165951485628,0.03396739130434783,104,102
5.00,62,dropoff,Brooklyn,Crown Heights South,Boro Zone,27883,0.03473122070309871,0.03345973678340397,105,108
5.00,195,dropoff,Brooklyn,Red Hook,Boro Zone,32171,0.034695590889159536,0.033400133600534405,106,109
5.00,181,dropoff,Brooklyn,Park Slope,Boro Zone,144482,0.03468025373741913,0.03331852509995557,107,110
5.00,243,dropoff,Manhattan,Washington Heights North,Boro Zone,55918,0.0344465164379504,0.033715441672285906,108,106
5.00,190,dropoff,Brooklyn,Prospect Park,Boro Zone,8613,0.03420176622701668,0.03351206434316354,109,107
5.00,207,dropoff,Queens,Saint Michaels Cemetery/Woodside,Boro Zone,277,0.03417936685870739,0.03414523104939677,110,98
5.00,119,dropoff,Bronx,Highbridge,Boro Zone,20379,0.034163215925528526,0.033905967450271246,111,103
5.00,167,dropoff,Bronx,Morrisania/Melrose,Boro Zone,13320,0.03388300562891504,0.032996040475142985,112,112
5.00,127,dropoff,Manhattan,Inwood,Boro Zone,26062,0.03359420059611118,0.03279405334499344,113,113
5.00,160,dropoff,Queens,Middle Village,Boro Zone,20383,0.03353275521218914,0.032369443245576175,114,116
5.00,247,dropoff,Bronx,West Concourse,Boro Zone,27164,0.03347502269826808,0.033017829627999117,115,111
5.00,196,dropoff,Queens,Rego Park,Boro Zone,21190,0.033449695710067555,0.03248862897985705,116,114
5.00,169,dropoff,Bronx,Mount Hope,Boro Zone,16269,0.03334272862212947,0.03244646333549643,117,115
5.00,56,dropoff,Queens,Corona,Boro Zone,15127,0.03319170111071543,0.03226500322650032,118,117
5.00,126,dropoff,Bronx,Hunts Point,Boro Zone,10799,0.033157103962878576,0.03224419604471195,119,118
5.00,188,dropoff,Brooklyn,Prospect-Lefferts Gardens,Boro Zone,54076,0.03255224759402149,0.03141032387066221,120,119
5.00,133,dropoff,Brooklyn,Kensington,Boro Zone,15590,0.03220965827299071,0.030886441179852515,121,121
5.00,128,dropoff,Manhattan,Inwood Hill Park,Boro Zone,2479,0.03176919184158524,0.031269543464665414,122,120
5.00,228,dropoff,Brooklyn,Sunset Park West,Boro Zone,49437,0.031747212707999524,0.03060599877576005,123,128
5.00,257,dropoff,Brooklyn,Windsor Terrace,Boro Zone,24429,0.03165589067461928,0.03061849357011635,124,127
5.00,136,dropoff,Bronx,Kingsbridge Heights,Boro Zone,10276,0.031629622406000306,0.030662305805396566,125,125
5.00,212,dropoff,Bronx,Soundview/Bruckner,Boro Zone,9198,0.031585287726282885,0.030816641311304696,126,122
5.00,60,dropoff,Bronx,Crotona Park East,Boro Zone,6234,0.031532899083799165,0.030543678725196866,127,129
5.00,47,dropoff,Bronx,Claremont/Bathgate,Boro Zone,8044,0.031463610131599234,0.030696820655770108,128,124
5.00,227,dropoff,Brooklyn,Sunset Park East,Boro Zone,17078,0.03139259601126953,0.030108390204737052,129,131
5.00,94,dropoff,Bronx,Fordham South,Boro Zone,6799,0.031339354166260575,0.030637254901960783,130,126
5.00,248,dropoff,Bronx,West Farms/Bronx River,Boro Zone,8792,0.03103196414175717,0.03013863773357444,131,130
5.00,173,dropoff,Queens,North Corona,Boro Zone,8324,0.030734438779338936,0.029856687898089172,132,132
5.00,177,dropoff,Brooklyn,Ocean Hill,Boro Zone,19675,0.030486305200124235,0.029211295034079845,133,133
5.00,78,dropoff,Bronx,East Tremont,Boro Zone,11818,0.02986334190526471,0.029123386353484007,134,134
5.00,213,dropoff,Bronx,Soundview/Castle Hill,Boro Zone,14067,0.029777644604368846,0.02874664622460713,135,138
5.00,85,dropoff,Brooklyn,Erasmus,Boro Zone,18963,0.029684837053004114,0.028275212064090484,136,141
5.00,59,dropoff,Bronx,Crotona Park,Boro Zone,464,0.029654670934370894,0.028840608641646705,137,136
5.00,111,dropoff,Brooklyn,Green-Wood Cemetery,Boro Zone,446,0.029636487767824436,0.028068886846984754,138,144
5.00,102,dropoff,Queens,Glendale,Boro Zone,12037,0.029593992084302845,0.02895752895752896,139,135
5.00,57,dropoff,Queens,Corona,Boro Zone,568,0.029385088005548433,0.028749401318169006,140,137
5.00,89,dropoff,Brooklyn,Flatbush/Ditmas Park,Boro Zone,54011,0.029343675084651348,0.028053113895642415,141,145
5.00,241,dropoff,Bronx,Van Cortlandt Village,Boro Zone,16136,0.029161748865293238,0.028694404853616726,142,140
5.00,194,dropoff,Manhattan,Randalls Island,Yellow Zone,7575,0.029135194675495593,0.02870264064293915,143,139
5.00,153,dropoff,Manhattan,Marble Hill,Boro Zone,2878,0.028813506785966503,0.02823529436775901,144,142
5.00,95,dropoff,Queens,Forest Hills,Boro Zone,58330,0.0287679860630531,0.028206092515983452,145,143
5.00,250,dropoff,Bronx,Westchester Village/Unionport,Boro Zone,7885,0.02869890805773607,0.02791736460078169,146,147
5.00,182,dropoff,Bronx,Parkchester,Boro Zone,10839,0.028477375929116373,0.02791736460078169,147,146
5.00,18,dropoff,Bronx,Bedford Park,Boro Zone,14246,0.02839973288642355,0.02774181616423155,148,148
5.00,192,dropoff,Queens,Queensboro Hill,Boro Zone,6098,0.02808026723232726,0.027583670467083484,149,149
5.00,220,dropoff,Bronx,Spuyten Duyvil/Kingsbridge,Boro Zone,20830,0.027636395929265978,0.027183762232693004,150,150
5.00,71,dropoff,Brooklyn,East Flatbush/Farragut,Boro Zone,14508,0.027408509894840682,0.026093763787911197,151,156
5.00,35,dropoff,Brooklyn,Brownsville,Boro Zone,11662,0.027364963340941066,0.02619629758994062,152,155
5.00,67,dropoff,Brooklyn,Dyker Heights,Boro Zone,14663,0.027324647842978275,0.026334269662921347,153,152
5.00,70,dropoff,Queens,East Elmhurst,Boro Zone,14262,0.02718838333779925,0.02660046107465863,154,151
5.00,14,dropoff,Brooklyn,Bay Ridge,Boro Zone,48776,0.027129562150585953,0.026200873362445413,155,154
5.00,72,dropoff,Brooklyn,East Flatbush/Remsen Village,Boro Zone,11267,0.027067268383100463,0.02590673575129534,156,157
5.00,32,dropoff,Bronx,Bronxdale,Boro Zone,7627,0.02695994499939839,0.02631578947368421,157,153
5.00,26,dropoff,Brooklyn,Borough Park,Boro Zone,13967,0.026663894257822084,0.025649794801641587,158,159
5.00,63,dropoff,Brooklyn,Cypress Hills,Boro Zone,10333,0.026543288953965367,0.02565856996236743,159,158
5.00,185,dropoff,Bronx,Pelham Parkway,Boro Zone,12670,0.026215583445849185,0.02545824847250509,160,163
5.00,135,dropoff,Queens,Kew Gardens Hills,Boro Zone,9115,0.02613404077505131,0.025627883136852894,161,160
5.00,28,dropoff,Queens,Briarwood/Jamaica Hills,Boro Zone,11822,0.02603785292839695,0.025453928389614796,162,164
5.00,174,dropoff,Bronx,Norwood,Boro Zone,12629,0.02599806604214778,0.025505866349260328,163,162
5.00,20,dropoff,Bronx,Belmont,Boro Zone,14121,0.025940349937543062,0.02544529262086514,164,165
5.00,240,dropoff,Bronx,Van Cortlandt Park,Boro Zone,2740,0.025878641445319185,0.025514543289675114,165,161
5.00,258,dropoff,Queens,Woodhaven,Boro Zone,11602,0.02585217840650859,0.02528871298421394,166,166
5.00,77,dropoff,Brooklyn,East New York/Pennsylvania Avenue,Boro Zone,6602,0.025786333057268636,0.024473813020068527,167,177
5.00,96,dropoff,Queens,Forest Park/Highland Park,Boro Zone,1192,0.025768036156049678,0.025201615748751634,168,168
5.00,242,dropoff,Bronx,Van Nest/Morris Park,Boro Zone,9061,0.02573878688788991,0.0250501002004008,169,170
5.00,121,dropoff,Queens,Hillcrest/Pomonok,Boro Zone,9640,0.02554659892627479,0.025068939758906922,170,169
5.00,134,dropoff,Queens,Kew Gardens,Boro Zone,10130,0.025521617756327494,0.025214321734745335,171,167
5.00,73,dropoff,Queens,East Flushing,Boro Zone,4770,0.025390008658548915,0.02490039909255186,172,174
5.00,259,dropoff,Bronx,Woodlawn/Wakefield,Boro Zone,9948,0.025381351443372422,0.02492108323641801,173,173
5.00,22,dropoff,Brooklyn,Bensonhurst West,Boro Zone,16852,0.025362234710526517,0.024422012373819604,174,178
5.00,92,dropoff,Queens,Flushing,Boro Zone,32258,0.025329571675203454,0.024975024975024972,175,172
5.00,183,dropoff,Bronx,Pelham Bay,Boro Zone,5533,0.025282964385712908,0.025025025025025027,176,171
5.00,254,dropoff,Bronx,Williamsbridge/Olinville,Boro Zone,10231,0.02520360348316937,0.02461437479488021,177,175
5.00,208,dropoff,Bronx,Schuylerville/Edgewater Park,Boro Zone,13124,0.024942081914982678,0.024602263408233557,178,176
5.00,11,dropoff,Brooklyn,Bath Beach,Boro Zone,6377,0.024689214780120903,0.023839796567069294,179,181
5.00,197,dropoff,Queens,Richmond Hill,Boro Zone,11170,0.024642677050446156,0.02422871910838314,180,179
5.00,200,dropoff,Bronx,Riverdale/North Riverdale/Fieldston,Boro Zone,18631,0.024257189060219793,0.02403846153846154,181,180
5.00,21,dropoff,Brooklyn,Bensonhurst East,Boro Zone,11243,0.02419947018997018,0.02336448598130841,182,188
5.00,3,dropoff,Bronx,Allerton/Pelham Gardens,Boro Zone,5886,0.024190806660421692,0.023809523809523808,183,182
5.00,58,dropoff,Bronx,Country Club,Boro Zone,2079,0.024162685542603396,0.023711666139740753,184,184
5.00,165,dropoff,Brooklyn,Midwood,Boro Zone,13199,0.02413649307340798,0.023342670401493928,185,189
5.00,53,dropoff,Queens,College Point,Boro Zone,6015,0.02408246631905736,0.02363693665300977,186,186
5.00,130,dropoff,Queens,Jamaica,Boro Zone,13078,0.024080193014283408,0.0236929395040278,187,185
5.00,171,dropoff,Queens,Murray Hill-Queens,Boro Zone,9754,0.023980980387509617,0.02375861264604199,188,183
5.00,31,dropoff,Bronx,Bronx Park,Boro Zone,4230,0.02392578200883209,0.023450324539440244,189,187
5.00,76,dropoff,Brooklyn,East New York,Boro Zone,17514,0.02375667600372101,0.022813688212927757,190,196
5.00,178,dropoff,Brooklyn,Ocean Parkway South,Boro Zone,4928,0.023529342999336428,0.022561480160692985,191,197
5.00,98,dropoff,Queens,Fresh Meadows,Boro Zone,3627,0.023466775742327736,0.022984983144345692,192,192
5.00,51,dropoff,Bronx,Co-Op City,Boro Zone,8099,0.023460679040905565,0.02310180194055136,193,190
5.00,81,dropoff,Bronx,Eastchester,Boro Zone,5030,0.023373035108118216,0.022967386311437757,194,193
5.00,9,dropoff,Queens,Auburndale,Boro Zone,4504,0.02332301218165603,0.022937533584659997,195,194
5.00,180,dropoff,Queens,Ozone Park,Boro Zone,4435,0.02321495107348482,0.023080473919064474,196,191
5.00,131,dropoff,Queens,Jamaica Estates,Boro Zone,6787,0.023013451131884372,0.022834525803014157,197,195
5.00,91,dropoff,Brooklyn,Flatlands,Boro Zone,11669,0.022826570351158527,0.022088057723457517,198,199
5.00,122,dropoff,Queens,Hollis,Boro Zone,2273,0.022676127818419746,0.022344704305079698,199,198
5.00,93,dropoff,Queens,Flushing Meadows-Corona Park,Boro Zone,11340,0.02255485859107185,0.022053958804767845,200,200
5.00,215,dropoff,Queens,South Jamaica,Boro Zone,3911,0.022343386477064332,0.021961932650073207,201,201
5.00,184,dropoff,Bronx,Pelham Bay Park,Boro Zone,1244,0.02224222404015244,0.021728118162522486,202,202
5.00,108,dropoff,Brooklyn,Gravesend,Boro Zone,4572,0.02200733634061052,0.021341680409633947,203,205
5.00,252,dropoff,Queens,Whitestone,Boro Zone,6063,0.021951949890887338,0.02152080344332855,204,203
5.00,175,dropoff,Queens,Oakland Gardens,Boro Zone,4130,0.021878549417135303,0.021471516217295435,205,204
5.00,149,dropoff,Brooklyn,Madison,Boro Zone,7849,0.021855740327216988,0.021334091878822358,206,206
5.00,123,dropoff,Brooklyn,Homecrest,Boro Zone,10088,0.02141158887927372,0.020889910274676404,207,209
5.00,253,dropoff,Queens,Willets Point,Boro Zone,194,0.021385478147546266,0.020816371925341078,208,211
5.00,16,dropoff,Queens,Bayside,Boro Zone,8723,0.02124069871663001,0.020943870427254957,209,208
5.00,216,dropoff,Queens,South Ozone Park,Boro Zone,11846,0.021188498724585614,0.02096436099651006,210,207
5.00,138,dropoff,Queens,LaGuardia Airport,Airports,999637,0.02102893583890528,0.02082465639316951,211,210
5.00,191,dropoff,Queens,Queens Village,Boro Zone,5400,0.020877752800813935,0.02049040375654137,212,212
5.00,39,dropoff,Brooklyn,Canarsie,Boro Zone,11449,0.020872345022003445,0.020080321285140562,213,214
5.00,55,dropoff,Brooklyn,Coney Island,Boro Zone,10873,0.02042981651153317,0.020139634801288935,214,213
5.00,205,dropoff,Queens,Saint Albans,Boro Zone,5292,0.02024335733729031,0.019883351007423118,215,215
5.00,15,dropoff,Queens,Bay Terrace/Fort Totten,Boro Zone,4096,0.02020772653442908,0.019872814339276405,216,216
5.00,29,dropoff,Brooklyn,Brighton Beach,Boro Zone,7017,0.019959096620229207,0.019605280355509083,217,217
5.00,210,dropoff,Brooklyn,Sheepshead Bay,Boro Zone,8933,0.019864122140327446,0.01937483854301214,218,220
5.00,222,dropoff,Brooklyn,Starrett City,Boro Zone,2485,0.019827950191280985,0.019399896533885155,219,219
5.00,19,dropoff,Queens,Bellerose,Boro Zone,2389,0.01980231792261311,0.01956436676666232,220,218
5.00,265,dropoff,N/A,Outside of NYC,N/A,1865277,0.019339212767709408,0.018118130208962434,221,228
5.00,218,dropoff,Queens,Springfield Gardens North,Boro Zone,2679,0.01925118045327229,0.01902587519025875,222,221
5.00,124,dropoff,Queens,Howard Beach,Boro Zone,4572,0.019021470947664564,0.018945374246695547,223,222
5.00,10,dropoff,Queens,Baisley Park,Boro Zone,7117,0.01882673360338049,0.018188432157148052,224,227
5.00,64,dropoff,Queens,Douglaston,Boro Zone,3965,0.018771484164210164,0.018425254882692546,225,223
5.00,46,dropoff,Bronx,City Island,Boro Zone,808,0.018542117934248255,0.018282665043066082,226,224
5.00,155,dropoff,Brooklyn,Marine Park/Mill Basin,Boro Zone,7586,0.018484085201795498,0.01771793054571226,227,230
5.00,150,dropoff,Brooklyn,Manhattan Beach,Boro Zone,3255,0.01846607620886855,0.01820388349514563,228,226
5.00,219,dropoff,Queens,Springfield Gardens South,Boro Zone,2838,0.01841598814691694,0.0182570593962999,229,225
5.00,38,dropoff,Queens,Cambria Heights,Boro Zone,2811,0.017995073309297022,0.017661603673613562,230,231
5.00,101,dropoff,Queens,Glen Oaks,Boro Zone,2757,0.01796249669003759,0.017545911802550006,231,233
5.00,221,dropoff,Staten Island,Stapleton,Boro Zone,3403,0.017800093432175982,0.017734689051785293,232,229
5.00,139,dropoff,Queens,Laurelton,Boro Zone,2354,0.017660411506344367,0.01760150223720009,233,232
5.00,203,dropoff,Queens,Rosedale,Boro Zone,2119,0.017619545436896714,0.017339035949601202,234,235
5.00,6,dropoff,Staten Island,Arrochar/Fort Wadsworth,Boro Zone,2435,0.017592174373324356,0.017478443253320906,235,234
5.00,115,dropoff,Staten Island,Grymes Hill/Clifton,Boro Zone,2605,0.01728136795475181,0.01716050795103535,236,237
5.00,154,dropoff,Brooklyn,Marine Park/Floyd Bennett Field,Boro Zone,546,0.01727941103584046,0.017189028772698817,237,236
5.00,214,dropoff,Staten Island,South Beach/Dongan Hills,Boro Zone,2876,0.01608457659365787,0.01598636121284534,238,238
5.00,206,dropoff,Staten Island,Saint George/New Brighton,Boro Zone,3977,0.016006097767718254,0.0158144438587243,239,239
5.00,245,dropoff,Staten Island,West Brighton,Boro Zone,2543,0.01562776726429434,0.015613615072343084,240,240
5.00,86,dropoff,Queens,Far Rockaway,Boro Zone,3224,0.01539995209389502,0.015239256953462543,241,242
5.00,187,dropoff,Staten Island,Port Richmond,Boro Zone,1281,0.015332805105791714,0.015113350125944584,242,244
5.00,30,dropoff,Queens,Broad Channel,Boro Zone,289,0.015277206894780205,0.014977533699450823,243,246
5.00,156,dropoff,Staten Island,Mariners Harbor,Boro Zone,1948,0.01522985214674387,0.01505117459773322,244,245
5.00,251,dropoff,Staten Island,Westerleigh,Boro Zone,2729,0.015218336539405446,0.01483386075949367,245,247
5.00,110,dropoff,Staten Island,Great Kills Park,Boro Zone,1,0.015137753557372086,0.015137753557372086,246,243
5.00,172,dropoff,Staten Island,New Dorp/Midland Beach,Boro Zone,1854,0.014691165464735745,0.01446898934707226,247,249
5.00,1,dropoff,EWR,Newark Airport,EWR,606948,0.014613095599510437,0.014625585023400936,248,248
5.00,2,dropoff,Queens,Jamaica Bay,Boro Zone,11,0.014547307039565617,0.015267175572519083,249,241
5.00,117,dropoff,Queens,Hammels/Arverne,Boro Zone,3449,0.014292451616077376,0.014150943396226415,250,250
5.00,118,dropoff,Staten Island,Heartland Village/Todt Hill,Boro Zone,4273,0.01425150565296701,0.013895321908290875,251,252
5.00,23,dropoff,Staten Island,Bloomfield/Emerson Hill,Boro Zone,3998,0.014245290606564629,0.01396453012382009,252,251
5.00,132,dropoff,Queens,JFK Airport,Airports,658207,0.01378205568129347,0.013556258472661545,253,253
5.00,201,dropoff,Queens,Rockaway Park,Boro Zone,3490,0.013612841746494839,0.013341634794983544,254,255
5.00,104,dropoff,Manhattan,Governor's Island/Ellis Island/Liberty Island,Yellow Zone,1,0.013438451890342233,0.013438451890342233,255,254
5.00,176,dropoff,Staten Island,Oakwood,Boro Zone,1630,0.013375878491168006,0.013222266938561765,256,256
5.00,27,dropoff,Queens,Breezy Point/Fort Tilden/Riis Beach,Boro Zone,678,0.013162203098242465,0.013029882747278489,257,257
5.00,109,dropoff,Staten Island,Great Kills,Boro Zone,2255,0.012273202061930553,0.012025012025012025,258,258
5.00,5,dropoff,Staten Island,Arden Heights,Boro Zone,1126,0.011561477895057886,0.011334441848712042,259,260
5.00,99,dropoff,Staten Island,Freshkills Park,Boro Zone,44,0.011217903464355711,0.011505734068834244,260,259
5.00,204,dropoff,Staten Island,Rossville/Woodrow,Boro Zone,1521,0.010863584348261117,0.01065340909090909,261,261
5.00,84,dropoff,Staten Island,Eltingville/Annadale/Prince's Bay,Boro Zone,2149,0.010787550364229306,0.010405105438401776,262,262
5.00,44,dropoff,Staten Island,Charleston/Tottenville,Boro Zone,1460,0.010226376895004436,0.010055641621435643,263,263
5.00,4,pickup,Manhattan,Alphabet City,Yellow Zone,284789,0.060132582478713295,0.056179775280898875,1,2
5.00,137,pickup,Manhattan,Kips Bay,Yellow Zone,509934,0.0593479128031009,0.055637982195845696,2,3
5.00,224,pickup,Manhattan,Stuy Town/Peter Cooper Village,Yellow Zone,200577,0.05901499080870637,0.0574052812858783,3,1
5.00,50,pickup,Manhattan,Clinton West,Yellow Zone,523647,0.05893949014872322,0.05522827687776141,4,4
5.00,232,pickup,Manhattan,Two Bridges/Seward Park,Yellow Zone,419616,0.05808754795864142,0.05385996409335727,5,5
5.00,79,pickup,Manhattan,East Village,Yellow Zone,1205330,0.05788830228253375,0.0532103582830791,6,8
5.00,107,pickup,Manhattan,Gramercy,Yellow Zone,723358,0.05748907685591371,0.05384063173007897,7,6
5.00,45,pickup,Manhattan,Chinatown,Yellow Zone,244339,0.057292886231779014,0.05167068549776094,8,13
5.00,143,pickup,Manhattan,Lincoln Square West,Yellow Zone,320094,0.05660141368374328,0.05272407732864675,9,9
5.00,90,pickup,Manhattan,Flatiron,Yellow Zone,651636,0.05658588099612724,0.05228302544440571,10,11
5.00,233,pickup,Manhattan,UN/Turtle Bay South,Yellow Zone,539267,0.05651265963092299,0.053667262969588556,11,7
5.00,113,pickup,Manhattan,Greenwich Village North,Yellow Zone,579698,0.05648290739488455,0.05170630816959669,12,12
5.00,229,pickup,Manhattan,Sutton Place/Turtle Bay North,Yellow Zone,560760,0.05597050618277061,0.052521008403361345,13,10
5.00,249,pickup,Manhattan,West Village,Yellow Zone,869180,0.055715596495095804,0.05115961800818554,14,15
5.00,114,pickup,Manhattan,Greenwich Village South,Yellow Zone,603409,0.055210887418758944,0.04973474801061008,15,18
5.00,170,pickup,Manhattan,Murray Hill,Yellow Zone,874692,0.05511673039898252,0.05129958960328317,16,14
5.00,148,pickup,Manhattan,Lower East Side,Yellow Zone,994166,0.054958936170429726,0.0501002004008016,17,17
5.00,144,pickup,Manhattan,Little Italy/NoLiTa,Yellow Zone,672076,0.054724311593477445,0.04952129415648729,18,19
5.00,48,pickup,Manhattan,Clinton East,Yellow Zone,950427,0.05376009476996449,0.04792332268370607,19,24
5.00,234,pickup,Manhattan,Union Sq,Yellow Zone,1035731,0.053386291288879034,0.04849660523763337,20,22
5.00,140,pickup,Manhattan,Lenox Hill East,Yellow Zone,307997,0.05313976410551992,0.05052206130010104,21,16
5.00,211,pickup,Manhattan,SoHo,Yellow Zone,551960,0.05307502776967853,0.047785919082510356,22,25
5.00,141,pickup,Manhattan,Lenox Hill West,Yellow Zone,380417,0.052773344996627725,0.04940711462450593,23,20
5.00,158,pickup,Manhattan,Meatpacking/West Village West,Yellow Zone,577934,0.05267752748740322,0.048575129533678756,24,21
5.00,125,pickup,Manhattan,Hudson Sq,Yellow Zone,356072,0.05227572582328321,0.04659832246039143,25,29
5.00,246,pickup,Manhattan,West Chelsea/Hudson Yards,Yellow Zone,1008380,0.052078656733596115,0.04803073967339097,26,23
5.00,231,pickup,Manhattan,TriBeCa/Civic Center,Yellow Zone,1101479,0.0519898473493048,0.04638218923933209,27,30
5.00,142,pickup,Manhattan,Lincoln Square East,Yellow Zone,451488,0.05149885193365302,0.0462962962962963,28,31
5.00,186,pickup,Manhattan,Penn Station/Madison Sq West,Yellow Zone,609867,0.05122867606551133,0.046097111247695145,29,32
5.00,68,pickup,Manhattan,East Chelsea,Yellow Zone,1039910,0.050548434985697804,0.0453035336756267,30,35
5.00,164,pickup,Manhattan,Midtown South,Yellow Zone,982529,0.050451930377542184,0.04497751124437781,31,37
5.00,209,pickup,Manhattan,Seaport,Yellow Zone,209915,0.04994667770662273,0.045018007202881155,32,36
5.00,262,pickup,Manhattan,Yorkville East,Yellow Zone,146866,0.04972110313827079,0.04775549188156638,33,26
5.00,65,pickup,Brooklyn,Downtown Brooklyn/MetroTech,Boro Zone,106021,0.04953321254589029,0.046831095847642834,34,28
5.00,146,pickup,Queens,Long Island City/Queens Plaza,Boro Zone,61210,0.04952765143897404,0.046918986549890525,35,27
5.00,237,pickup,Manhattan,Upper East Side South,Yellow Zone,545638,0.04939435732741462,0.044682752457551385,36,38
5.00,162,pickup,Manhattan,Midtown East,Yellow Zone,784154,0.04815751219852651,0.0436046511627907,37,40
5.00,66,pickup,Brooklyn,DUMBO/Vinegar Hill,Boro Zone,136924,0.047654469197907404,0.0453035336756267,38,34
5.00,13,pickup,Manhattan,Battery Park City,Yellow Zone,419991,0.04754706008412837,0.042265426880811495,39,48
5.00,43,pickup,Manhattan,Central Park,Yellow Zone,93544,0.047350838185587295,0.043834015195791935,40,39
5.00,263,pickup,Manhattan,Yorkville West,Yellow Zone,211311,0.047259277343941954,0.045551169146674765,41,33
5.00,100,pickup,Manhattan,Garment District,Yellow Zone,533653,0.046981098743102565,0.039936102236421724,42,62
5.00,12,pickup,Manhattan,Battery Park,Yellow Zone,9615,0.04679620771998362,0.04056246619794484,43,58
5.00,87,pickup,Manhattan,Financial District North,Yellow Zone,607133,0.046728847963912926,0.04246885617214043,44,46
5.00,163,pickup,Manhattan,Midtown North,Yellow Zone,812560,0.04672349421609083,0.041724617524339355,45,51
5.00,239,pickup,Manhattan,Upper West Side South,Yellow Zone,257923,0.04627859368459894,0.043153049482163405,46,42
5.00,161,pickup,Manhattan,Midtown Center,Yellow Zone,1160936,0.04563129941589924,0.04110715264456015,47,54
5.00,97,pickup,Brooklyn,Fort Greene,Boro Zone,114233,0.04512371605584338,0.04357931435212086,48,41
5.00,230,pickup,Manhattan,Times Sq/Theatre District,Yellow Zone,1182576,0.04502081618353609,0.038839979285344384,49,70
5.00,256,pickup,Brooklyn,Williamsburg (South Side),Boro Zone,213994,0.04469911401474307,0.04239683436970039,50,47
5.00,261,pickup,Manhattan,World Trade Center,Yellow Zone,351714,0.04412743967998453,0.03851091142490372,51,72
5.00,226,pickup,Queens,Sunnyside,Boro Zone,93027,0.04406597834014385,0.04258943781942078,52,44
5.00,75,pickup,Manhattan,East Harlem South,Boro Zone,122351,0.043968184490396515,0.0430045871559633,53,43
5.00,145,pickup,Queens,Long Island City/Hunters Point,Boro Zone,207329,0.04390706345785837,0.04256526674233825,54,45
5.00,7,pickup,Queens,Astoria,Boro Zone,125748,0.04366833403017974,0.04212299915754002,55,49
5.00,193,pickup,Queens,Queensbridge/Ravenswood,Boro Zone,22604,0.043603668827963966,0.04152823920265781,56,52
5.00,236,pickup,Manhattan,Upper East Side North,Yellow Zone,292166,0.04338849778848759,0.04082743603701687,57,56
5.00,88,pickup,Manhattan,Financial District South,Yellow Zone,236454,0.04338336697041791,0.038540596094552924,58,71
5.00,74,pickup,Manhattan,East Harlem North,Boro Zone,79083,0.04296781888172004,0.04180602006688963,59,50
5.00,238,pickup,Manhattan,Upper West Side North,Yellow Zone,147716,0.04292068622577628,0.04110715264456015,60,55
5.00,33,pickup,Brooklyn,Brooklyn Heights,Boro Zone,132467,0.042629452142939284,0.04120879120879121,61,53
5.00,217,pickup,Brooklyn,South Williamsburg,Boro Zone,12422,0.04261316645292002,0.04034969810719485,62,59
5.00,54,pickup,Brooklyn,Columbia Street,Boro Zone,13729,0.041961316096229155,0.04033342296316214,63,60
5.00,151,pickup,Manhattan,Manhattan Valley,Yellow Zone,67152,0.04192000641102978,0.04059539918809201,64,57
5.00,152,pickup,Manhattan,Manhattanville,Boro Zone,34345,0.04157591078110633,0.04019292604501608,65,61
5.00,80,pickup,Brooklyn,East Williamsburg,Boro Zone,130452,0.041284788079536686,0.03949447077409163,66,66
5.00,34,pickup,Brooklyn,Brooklyn Navy Yard,Boro Zone,20761,0.040975336902196305,0.03800354699771979,67,74
5.00,25,pickup,Brooklyn,Boerum Hill,Boro Zone,103494,0.04081088541112798,0.039619651347068144,68,64
5.00,24,pickup,Manhattan,Bloomingdale,Yellow Zone,30356,0.04070153484428113,0.03990422984836392,69,63
5.00,179,pickup,Queens,Old Astoria,Boro Zone,44415,0.040687311964058094,0.03912363067292644,70,69
5.00,260,pickup,Queens,Woodside,Boro Zone,36418,0.040642477459107616,0.03933910306845004,71,68
5.00,49,pickup,Brooklyn,Clinton Hill,Boro Zone,96945,0.04051956102551468,0.039619651347068144,72,65
5.00,112,pickup,Brooklyn,Greenpoint,Boro Zone,220819,0.04024511684398386,0.039359748097612175,73,67
5.00,255,pickup,Brooklyn,Williamsburg (North Side),Boro Zone,237460,0.040191067353681525,0.038061405734585135,74,73
5.00,52,pickup,Brooklyn,Cobble Hill,Boro Zone,32565,0.03914149457755074,0.03798429982273993,75,76
5.00,116,pickup,Manhattan,Hamilton Heights,Boro Zone,56445,0.03902367928553903,0.03800354699771979,76,75
5.00,42,pickup,Manhattan,Central Harlem North,Boro Zone,91886,0.03845903071051157,0.03788835564536499,77,77
5.00,83,pickup,Queens,Elmhurst/Maspeth,Boro Zone,17904,0.03814657144067792,0.037267080745341616,78,79
5.00,41,pickup,Manhattan,Central Harlem,Boro Zone,80629,0.03814508450954252,0.03753753753753754,79,78
5.00,105,pickup,Manhattan,Governor's Island/Ellis Island/Liberty Island,Yellow Zone,12,0.03800392023688976,0.034884326954639125,80,88
5.00,166,pickup,Manhattan,Morningside Heights,Boro Zone,91592,0.037990289207736026,0.03687315634218289,81,81
5.00,17,pickup,Brooklyn,Bedford,Boro Zone,78446,0.03796997073704877,0.03688675821166151,82,80
5.00,244,pickup,Manhattan,Washington Heights South,Boro Zone,88427,0.037668216793187596,0.03665689149560117,83,82
5.00,168,pickup,Bronx,Mott Haven/Port Morris,Boro Zone,43611,0.03706389362870725,0.036118468576932336,84,85
5.00,189,pickup,Brooklyn,Prospect Heights,Boro Zone,46406,0.03696271109914728,0.03636363636363636,85,83
5.00,8,pickup,Queens,Astoria Park,Boro Zone,306,0.0368440062060844,0.03602770555218657,86,86
5.00,202,pickup,Manhattan,Roosevelt Island,Boro Zone,16060,0.036784173683510696,0.036153289949385395,87,84
5.00,40,pickup,Brooklyn,Carroll Gardens,Boro Zone,47371,0.03634908926695349,0.03542749173358526,88,87
5.00,37,pickup,Brooklyn,Bushwick South,Boro Zone,116254,0.03601049685929621,0.03428571428571429,89,89
5.00,159,pickup,Bronx,Melrose South,Boro Zone,19790,0.03518867438719326,0.03389447563319981,90,93
5.00,106,pickup,Brooklyn,Gowanus,Boro Zone,24031,0.03512109371569523,0.033913633280578795,91,92
5.00,120,pickup,Manhattan,Highbridge Park,Boro Zone,866,0.03506022007948369,0.03384104443426478,92,94
5.00,243,pickup,Manhattan,Washington Heights North,Boro Zone,62950,0.03480484789854457,0.033952014486192846,93,91
5.00,82,pickup,Queens,Elmhurst,Boro Zone,32901,0.03474089742089093,0.034106412005457026,94,90
5.00,129,pickup,Queens,Jackson Heights,Boro Zone,44268,0.03431582746219657,0.033415014479839605,95,95
5.00,195,pickup,Brooklyn,Red Hook,Boro Zone,36922,0.03393806720442523,0.03271537622682661,96,98
5.00,36,pickup,Brooklyn,Bushwick North,Boro Zone,75703,0.03383952788624638,0.0326512842838485,97,99
5.00,127,pickup,Manhattan,Inwood,Boro Zone,29797,0.03376269037387876,0.032996040475142985,98,97
5.00,157,pickup,Queens,Maspeth,Boro Zone,36413,0.033725424685510964,0.03328894806924101,99,96
5.00,225,pickup,Brooklyn,Stuyvesant Heights,Boro Zone,71185,0.03369062033099234,0.032411408815903195,100,101
5.00,181,pickup,Brooklyn,Park Slope,Boro Zone,120521,0.0336360335381702,0.03234850118611171,101,103
5.00,61,pickup,Brooklyn,Crown Heights North,Boro Zone,81759,0.03336293123800335,0.03248862897985705,102,100
5.00,223,pickup,Queens,Steinway,Boro Zone,42673,0.03327291974965152,0.032037590773173856,103,107
5.00,235,pickup,Bronx,University Heights/Morris Heights,Boro Zone,18836,0.033246682300021264,0.032390412437918376,104,102
5.00,69,pickup,Bronx,East Concourse/Concourse Village,Boro Zone,21965,0.032990796413992086,0.03216123499142367,105,105
5.00,198,pickup,Queens,Ridgewood,Boro Zone,47777,0.032857072809545515,0.0320786997433704,106,106
5.00,169,pickup,Bronx,Mount Hope,Boro Zone,15365,0.03249294585777955,0.03164556962025317,107,109
5.00,147,pickup,Bronx,Longwood,Boro Zone,8775,0.032309285289449416,0.03095975232198142,108,115
5.00,167,pickup,Bronx,Morrisania/Melrose,Boro Zone,14233,0.03230410754562733,0.031017369727047148,109,114
5.00,62,pickup,Brooklyn,Crown Heights South,Boro Zone,20684,0.03224860167222512,0.03136762860727729,110,111
5.00,207,pickup,Queens,Saint Michaels Cemetery/Woodside,Boro Zone,233,0.032209929270567386,0.032271944922547334,111,104
5.00,160,pickup,Queens,Middle Village,Boro Zone,14935,0.032181118958840266,0.031321779077051574,112,112
5.00,56,pickup,Queens,Corona,Boro Zone,15935,0.03216181871745618,0.0316055625790139,113,110
5.00,119,pickup,Bronx,Highbridge,Boro Zone,19171,0.03214532447579667,0.03199658703071672,114,108
5.00,196,pickup,Queens,Rego Park,Boro Zone,15868,0.031725710195103896,0.031168831505280017,115,113
5.00,190,pickup,Brooklyn,Prospect Park,Boro Zone,5322,0.03169934261352084,0.030624744793793388,116,117
5.00,128,pickup,Manhattan,Inwood Hill Park,Boro Zone,2848,0.0314663823320029,0.03062161918195487,117,118
5.00,247,pickup,Bronx,West Concourse,Boro Zone,27872,0.031139469394557057,0.030953363598844406,118,116
5.00,153,pickup,Manhattan,Marble Hill,Boro Zone,2926,0.03093183806927243,0.03000900300108041,119,119
5.00,136,pickup,Bronx,Kingsbridge Heights,Boro Zone,10283,0.030721076693346967,0.0298804780876494,120,120
5.00,47,pickup,Bronx,Claremont/Bathgate,Boro Zone,8834,0.03052321025259941,0.029597474348855565,121,123
5.00,94,pickup,Bronx,Fordham South,Boro Zone,6122,0.030412609784755764,0.029827003380393718,122,121
5.00,188,pickup,Brooklyn,Prospect-Lefferts Gardens,Boro Zone,39741,0.030408786729666397,0.029371450949676914,123,124
5.00,212,pickup,Bronx,Soundview/Bruckner,Boro Zone,9403,0.030284450438903456,0.028951939779965255,124,128
5.00,60,pickup,Bronx,Crotona Park East,Boro Zone,7556,0.030280800194473777,0.028851702250432775,125,129
5.00,126,pickup,Bronx,Hunts Point,Boro Zone,10027,0.03025031855950698,0.02913187026607108,126,127
5.00,257,pickup,Brooklyn,Windsor Terrace,Boro Zone,20380,0.030233216630753994,0.02917720287881735,127,126
5.00,173,pickup,Queens,North Corona,Boro Zone,7583,0.030188064568378675,0.029785544082605243,128,122
5.00,133,pickup,Brooklyn,Kensington,Boro Zone,14531,0.030157909690707082,0.029205607476635514,129,125
5.00,227,pickup,Brooklyn,Sunset Park East,Boro Zone,14494,0.02976703379792108,0.02840371141829199,130,134
5.00,177,pickup,Brooklyn,Ocean Hill,Boro Zone,14476,0.02972610836861371,0.02883783550630291,131,130
5.00,228,pickup,Brooklyn,Sunset Park West,Boro Zone,45069,0.029605709112569312,0.02862595419847328,132,132
5.00,248,pickup,Bronx,West Farms/Bronx River,Boro Zone,9621,0.02959283813523983,0.028735632183908046,133,131
5.00,78,pickup,Bronx,East Tremont,Boro Zone,13444,0.029540943744175742,0.028333962976955045,134,135
5.00,111,pickup,Brooklyn,Green-Wood Cemetery,Boro Zone,302,0.029324058873388476,0.02841883696454841,135,133
5.00,241,pickup,Bronx,Van Cortlandt Village,Boro Zone,14797,0.028569505429820584,0.027767493520918177,136,138
5.00,89,pickup,Brooklyn,Flatbush/Ditmas Park,Boro Zone,46229,0.028533439352693996,0.027362276541408246,137,141
5.00,85,pickup,Brooklyn,Erasmus,Boro Zone,14458,0.02847313218563072,0.02751283932501834,138,140
5.00,95,pickup,Queens,Forest Hills,Boro Zone,40194,0.02823826183499231,0.027757216876387863,139,139
5.00,102,pickup,Queens,Glendale,Boro Zone,8710,0.028217341781110468,0.027793218454697056,140,137
5.00,18,pickup,Bronx,Bedford Park,Boro Zone,11971,0.02779929019037647,0.02682403433476395,141,144
5.00,57,pickup,Queens,Corona,Boro Zone,731,0.027752331108509422,0.028222013170272814,142,136
5.00,59,pickup,Bronx,Crotona Park,Boro Zone,550,0.027714536064091896,0.02657455180680901,143,146
5.00,192,pickup,Queens,Queensboro Hill,Boro Zone,5167,0.027693688247213168,0.027357286157213206,144,142
5.00,220,pickup,Bronx,Spuyten Duyvil/Kingsbridge,Boro Zone,19313,0.027600767398523053,0.02706604114038253,145,143
5.00,250,pickup,Bronx,Westchester Village/Unionport,Boro Zone,7055,0.027557161543010668,0.026586316908897553,146,145
5.00,14,pickup,Brooklyn,Bay Ridge,Boro Zone,40288,0.027304104027047794,0.02612330198537095,147,149
5.00,213,pickup,Bronx,Soundview/Castle Hill,Boro Zone,13902,0.027155575606695324,0.02617344268016053,148,148
5.00,182,pickup,Bronx,Parkchester,Boro Zone,10308,0.027134132240874978,0.02633195842282455,149,147
5.00,35,pickup,Brooklyn,Brownsville,Boro Zone,11725,0.026786187721113172,0.025826446280991736,150,150
5.00,67,pickup,Brooklyn,Dyker Heights,Boro Zone,13024,0.026747118040753276,0.02579092159559835,151,151
5.00,199,pickup,Bronx,Rikers Island,Boro Zone,3,0.026379931009887208,0.025782055689240288,152,152
5.00,258,pickup,Queens,Woodhaven,Boro Zone,9794,0.02599752877120326,0.025534088192467344,153,153
5.00,71,pickup,Brooklyn,East Flatbush/Farragut,Boro Zone,12826,0.025989096131836427,0.02518045996306866,154,154
5.00,32,pickup,Bronx,Bronxdale,Boro Zone,6978,0.025618642569377764,0.024807740184521067,155,157
5.00,63,pickup,Brooklyn,Cypress Hills,Boro Zone,8564,0.025554768000149494,0.024826216484607744,156,156
5.00,72,pickup,Brooklyn,East Flatbush/Remsen Village,Boro Zone,9662,0.025510828815303626,0.024557956777996073,157,160
5.00,22,pickup,Brooklyn,Bensonhurst West,Boro Zone,14622,0.025274535393188566,0.024181847493148476,158,168
5.00,200,pickup,Bronx,Riverdale/North Riverdale/Fieldston,Boro Zone,18731,0.025266270338915032,0.02495425054067543,159,155
5.00,174,pickup,Bronx,Norwood,Boro Zone,10427,0.025198918463237588,0.024634586960091968,160,159
5.00,26,pickup,Brooklyn,Borough Park,Boro Zone,13828,0.025023171553305718,0.02436845113958287,161,164
5.00,77,pickup,Brooklyn,East New York/Pennsylvania Avenue,Boro Zone,5942,0.025018807033188005,0.023919630651303585,162,175
5.00,194,pickup,Manhattan,Randalls Island,Yellow Zone,6004,0.024998032325719417,0.02412933463096137,163,170
5.00,135,pickup,Queens,Kew Gardens Hills,Boro Zone,6779,0.024980963693916725,0.024650780608052588,164,158
5.00,73,pickup,Queens,East Flushing,Boro Zone,3428,0.024963056072217056,0.024495795051861398,165,161
5.00,242,pickup,Bronx,Van Nest/Morris Park,Boro Zone,8116,0.024841105131567315,0.024096385542168676,166,171
5.00,20,pickup,Bronx,Belmont,Boro Zone,12429,0.024754721275742565,0.024177949709864605,167,169
5.00,121,pickup,Queens,Hillcrest/Pomonok,Boro Zone,7397,0.024643986274667566,0.024213075060532687,168,167
5.00,96,pickup,Queens,Forest Park/Highland Park,Boro Zone,949,0.024580490031842945,0.02439421044072207,169,163
5.00,70,pickup,Queens,East Elmhurst,Boro Zone,16649,0.02457889001052016,0.023957834211787255,170,174
5.00,134,pickup,Queens,Kew Gardens,Boro Zone,6822,0.024573353836002617,0.024479804324564345,171,162
5.00,183,pickup,Bronx,Pelham Bay,Boro Zone,4348,0.02455335523741787,0.024301336732970157,172,165
5.00,28,pickup,Queens,Briarwood/Jamaica Hills,Boro Zone,8310,0.02450476913020859,0.024273808719480483,173,166
5.00,185,pickup,Bronx,Pelham Parkway,Boro Zone,10197,0.024500479329574876,0.023670506548840148,174,176
5.00,92,pickup,Queens,Flushing,Boro Zone,32004,0.02435228138030224,0.02406159769008662,175,173
5.00,11,pickup,Brooklyn,Bath Beach,Boro Zone,5015,0.0243374163281528,0.02352572145545797,176,178
5.00,197,pickup,Queens,Richmond Hill,Boro Zone,9145,0.02422829046063606,0.024077046548956663,177,172
5.00,254,pickup,Bronx,Williamsbridge/Olinville,Boro Zone,9783,0.023998519297265777,0.023180343069077423,178,182
5.00,130,pickup,Queens,Jamaica,Boro Zone,13922,0.023816357203135505,0.023386342944518267,179,179
5.00,240,pickup,Bronx,Van Cortlandt Park,Boro Zone,2349,0.023779287471054046,0.02328108024212323,180,180
5.00,178,pickup,Brooklyn,Ocean Parkway South,Boro Zone,4892,0.023752414299392777,0.02311070039136802,181,183
5.00,180,pickup,Queens,Ozone Park,Boro Zone,3424,0.023708998318647714,0.02360532038054399,182,177
5.00,21,pickup,Brooklyn,Bensonhurst East,Boro Zone,9500,0.023706616770175763,0.023045014595175908,183,185
5.00,171,pickup,Queens,Murray Hill-Queens,Boro Zone,6728,0.023588109727619686,0.023237800154918668,184,181
5.00,53,pickup,Queens,College Point,Boro Zone,5435,0.023424771173221493,0.02310536044362292,185,184
5.00,165,pickup,Brooklyn,Midwood,Boro Zone,11843,0.02342065002443318,0.022593764121102575,186,189
5.00,208,pickup,Bronx,Schuylerville/Edgewater Park,Boro Zone,10904,0.02339987270986063,0.022974421810384435,187,186
5.00,259,pickup,Bronx,Woodlawn/Wakefield,Boro Zone,7359,0.02323297359658104,0.022597167821633023,188,188
5.00,76,pickup,Brooklyn,East New York,Boro Zone,14963,0.02317661150497945,0.022418173666118667,189,190
5.00,3,pickup,Bronx,Allerton/Pelham Gardens,Boro Zone,4676,0.023136080971823243,0.022627847337456628,190,187
5.00,91,pickup,Brooklyn,Flatlands,Boro Zone,10238,0.022961742839650728,0.02221235201496042,191,193
5.00,98,pickup,Queens,Fresh Meadows,Boro Zone,2578,0.0227637569859186,0.022331398440465826,192,191
5.00,81,pickup,Bronx,Eastchester,Boro Zone,4870,0.02269092472285734,0.022237047042345824,193,192
5.00,9,pickup,Queens,Auburndale,Boro Zone,2931,0.022293060529552603,0.022000586682311526,194,194
5.00,131,pickup,Queens,Jamaica Estates,Boro Zone,4557,0.022099871088609963,0.021853146853146852,195,195
5.00,122,pickup,Queens,Hollis,Boro Zone,1707,0.02200428849992998,0.021673168617251843,196,197
5.00,31,pickup,Bronx,Bronx Park,Boro Zone,3712,0.021952053340371633,0.021493051021589753,197,201
5.00,58,pickup,Bronx,Country Club,Boro Zone,1324,0.02193601495258475,0.021765944584828383,198,196
5.00,108,pickup,Brooklyn,Gravesend,Boro Zone,4266,0.02187863334328612,0.021522347481457645,199,200
5.00,215,pickup,Queens,South Jamaica,Boro Zone,3326,0.02177344457221734,0.0215998273133541,200,198
5.00,51,pickup,Bronx,Co-Op City,Boro Zone,7105,0.021653724382058825,0.021234428086070217,201,203
5.00,6,pickup,Staten Island,Arrochar/Fort Wadsworth,Boro Zone,2011,0.0216492990776192,0.02105854274884178,202,204
5.00,149,pickup,Brooklyn,Madison,Boro Zone,6295,0.021511477541785593,0.021014289717007566,203,206
5.00,175,pickup,Queens,Oakland Gardens,Boro Zone,2813,0.021488777217962985,0.02158273381294964,204,199
5.00,123,pickup,Brooklyn,Homecrest,Boro Zone,10119,0.021442583892237004,0.02102017937219731,205,205
5.00,16,pickup,Queens,Bayside,Boro Zone,5565,0.021310987680441883,0.021279614129663782,206,202
5.00,39,pickup,Brooklyn,Canarsie,Boro Zone,9706,0.02113785755652142,0.020426227370516047,207,210
5.00,252,pickup,Queens,Whitestone,Boro Zone,4485,0.021046297967337688,0.02085360767412762,208,207
5.00,216,pickup,Queens,South Ozone Park,Boro Zone,9693,0.02101568001349688,0.020830440216636575,209,208
5.00,221,pickup,Staten Island,Stapleton,Boro Zone,3308,0.0208234557644836,0.02051843709488682,210,209
5.00,93,pickup,Queens,Flushing Meadows-Corona Park,Boro Zone,8221,0.02071693726135522,0.02021018593371059,211,212
5.00,138,pickup,Queens,LaGuardia Airport,Airports,867230,0.02050794810052275,0.02021563342318059,212,211
5.00,191,pickup,Queens,Queens Village,Boro Zone,4419,0.020129527832484482,0.01996007984031936,213,213
5.00,115,pickup,Staten Island,Grymes Hill/Clifton,Boro Zone,1880,0.020093552422913864,0.019589919058865188,214,214
5.00,15,pickup,Queens,Bay Terrace/Fort Totten,Boro Zone,2760,0.019872014921430856,0.019538882375928098,215,215
5.00,205,pickup,Queens,Saint Albans,Boro Zone,4679,0.01975407337450506,0.01949317738791423,216,216
5.00,64,pickup,Queens,Douglaston,Boro Zone,2435,0.019730195867812547,0.01948811225152657,217,217
5.00,55,pickup,Brooklyn,Coney Island,Boro Zone,10903,0.019597553363870836,0.01931496265773886,218,219
5.00,210,pickup,Brooklyn,Sheepshead Bay,Boro Zone,6995,0.019490861584294066,0.019083969465648856,219,221
5.00,19,pickup,Queens,Bellerose,Boro Zone,1672,0.019480773907076396,0.01920491842620433,220,220
5.00,29,pickup,Brooklyn,Brighton Beach,Boro Zone,5894,0.019445919639978635,0.01905972045743329,221,222
5.00,184,pickup,Bronx,Pelham Bay Park,Boro Zone,1158,0.019410858704351355,0.018475181952894312,222,225
5.00,222,pickup,Brooklyn,Starrett City,Boro Zone,1905,0.019407461414700258,0.018894067262879455,223,223
5.00,265,pickup,N/A,Outside of NYC,N/A,152,0.019404108044144507,0.018170807972222064,224,230
5.00,124,pickup,Queens,Howard Beach,Boro Zone,3610,0.01932844016624151,0.019412450176302328,225,218
5.00,218,pickup,Queens,Springfield Gardens North,Boro Zone,2423,0.019005436507206777,0.018536826495304002,226,224
5.00,214,pickup,Staten Island,South Beach/Dongan Hills,Boro Zone,2286,0.018952486329677526,0.01834189315759765,227,226
5.00,155,pickup,Brooklyn,Marine Park/Mill Basin,Boro Zone,5923,0.018897401288099934,0.01825928180158247,228,227
5.00,10,pickup,Queens,Baisley Park,Boro Zone,6387,0.018874533453405253,0.018245955479868632,229,228
5.00,150,pickup,Brooklyn,Manhattan Beach,Boro Zone,3001,0.01848554585529531,0.01820830298616169,230,229
5.00,206,pickup,Staten Island,Saint George/New Brighton,Boro Zone,3033,0.018075218674915478,0.017644982943183153,231,233
5.00,101,pickup,Queens,Glen Oaks,Boro Zone,1910,0.0180121637531312,0.017791484060045784,232,231
5.00,219,pickup,Queens,Springfield Gardens South,Boro Zone,2218,0.017917472468717974,0.017459117100891743,233,234
5.00,245,pickup,Staten Island,West Brighton,Boro Zone,1927,0.017900817701439097,0.017341040462427744,234,236
5.00,253,pickup,Queens,Willets Point,Boro Zone,215,0.01786372138370013,0.017267180844940715,235,237
5.00,46,pickup,Bronx,City Island,Boro Zone,677,0.017782566165027793,0.017694939247375252,236,232
5.00,251,pickup,Staten Island,Westerleigh,Boro Zone,1941,0.017761949943801935,0.01741755689735253,237,235
5.00,156,pickup,Staten Island,Mariners Harbor,Boro Zone,1883,0.017285044905110965,0.016304347826086956,238,244
5.00,172,pickup,Staten Island,New Dorp/Midland Beach,Boro Zone,1419,0.01725988861063929,0.016795431642593214,239,241
5.00,139,pickup,Queens,Laurelton,Boro Zone,1843,0.017222410906530632,0.016808606006275213,240,239
5.00,203,pickup,Queens,Rosedale,Boro Zone,1631,0.01716317294815739,0.017084282460136675,241,238
5.00,187,pickup,Staten Island,Port Richmond,Boro Zone,1060,0.01710932750566221,0.01609615228898029,242,245
5.00,38,pickup,Queens,Cambria Heights,Boro Zone,2641,0.016931487694055537,0.01678040049222508,243,242
5.00,1,pickup,EWR,Newark Airport,EWR,1,0.016795431642593214,0.016795431642593214,244,240
5.00,2,pickup,Queens,Jamaica Bay,Boro Zone,12,0.01669337608746792,0.016053946805305537,245,247
5.00,154,pickup,Brooklyn,Marine Park/Floyd Bennett Field,Boro Zone,411,0.01655903152456329,0.016311439756415833,246,243
5.00,23,pickup,Staten Island,Bloomfield/Emerson Hill,Boro Zone,3145,0.01651530919706091,0.015807777426493835,247,248
5.00,118,pickup,Staten Island,Heartland Village/Todt Hill,Boro Zone,3158,0.016223087956212447,0.015305342560130842,248,250
5.00,30,pickup,Queens,Broad Channel,Boro Zone,122,0.016178186894363004,0.016090234599446335,249,246
5.00,176,pickup,Staten Island,Oakwood,Boro Zone,1203,0.01603728418696724,0.015589274579089587,250,249
5.00,117,pickup,Queens,Hammels/Arverne,Boro Zone,2767,0.01499774582772347,0.014892772041302621,251,251
5.00,132,pickup,Queens,JFK Airport,Airports,445811,0.014942532747968532,0.014771048744460858,252,252
5.00,86,pickup,Queens,Far Rockaway,Boro Zone,2325,0.014829535400901235,0.014403687343960053,253,253
5.00,110,pickup,Staten Island,Great Kills Park,Boro Zone,3,0.014450062197754484,0.013137151865475564,254,257
5.00,201,pickup,Queens,Rockaway Park,Boro Zone,1998,0.01427400209888739,0.014083845859874296,255,254
5.00,109,pickup,Staten Island,Great Kills,Boro Zone,1423,0.014197735801175908,0.013547687861271676,256,256
5.00,27,pickup,Queens,Breezy Point/Fort Tilden/Riis Beach,Boro Zone,315,0.013973686498790916,0.013865779256794232,257,255
5.00,5,pickup,Staten Island,Arden Heights,Boro Zone,600,0.012768869143226443,0.011905708002187421,258,258
5.00,204,pickup,Staten Island,Rossville/Woodrow,Boro Zone,768,0.012173498045710532,0.01121413990363888,259,260
5.00,84,pickup,Staten Island,Eltingville/Annadale/Prince's Bay,Boro Zone,1173,0.01182901568861908,0.011390386513782368,260,259
5.00,44,pickup,Staten Island,Charleston/Tottenville,Boro Zone,777,0.011431590236758793,0.01088850174216028,261,261
5.00,99,pickup,Staten Island,Freshkills Park,Boro Zone,31,0.010790469706296308,0.009367974019485385,262,262
