zone,direction,Borough,zone_name,service_zone,DS_z,DS_z_median,N_z,DS_z_rank,pct_volume_change,n_2024,n_2025,low_n_flag,avg_total_cost_2024,avg_total_cost_2025,avg_base_fare_2024,avg_base_fare_2025
4,dropoff,Manhattan,Alphabet City,Yellow Zone,0.0638062691634129,0.05931198102016608,239356,1,-0.10821162103836612,271542,242158,false,27.556651052136548,30.662247540860072,21.96690836040101,23.422892491679033
224,dropoff,Manhattan,Stuy Town/Peter Cooper Village,Yellow Zone,0.06306317244247361,0.05942947702060222,160441,2,-0.12614764698966452,187122,163517,false,28.592001474972538,32.08920907306193,22.376200927737063,24.17766036558887
79,dropoff,Manhattan,East Village,Yellow Zone,0.06250639708589889,0.057803468208092484,983593,3,-0.11472751444714868,1119252,990843,false,28.194324343410297,31.857168078099413,22.37525963768623,24.40553162307304
249,dropoff,Manhattan,West Village,Yellow Zone,0.061942847148052455,0.05884660651235779,742528,4,-0.09353077303732737,824488,747373,false,28.768583278352434,32.49882278327172,22.918723462318066,25.02368949641002
114,dropoff,Manhattan,Greenwich Village South,Yellow Zone,0.061734326809369015,0.057625816365731844,526218,5,-0.10172518277974596,589097,529171,false,28.660029451855188,32.342563462470586,22.92141591282921,24.98318949829095
137,dropoff,Manhattan,Kips Bay,Yellow Zone,0.06150122141551676,0.05688282138794084,499679,6,-0.07767728205517976,552594,509670,false,29.258532285908316,32.74856613102435,22.583865459993945,24.334893950988096
232,dropoff,Manhattan,Two Bridges/Seward Park,Yellow Zone,0.06139475584872162,0.05662514156285391,353805,7,-0.09925011248312754,400060,360354,false,29.383761585757497,32.18390382789884,23.61879668049789,24.858031824261893
113,dropoff,Manhattan,Greenwich Village North,Yellow Zone,0.06135678437194616,0.05705591479650057,492654,8,-0.09754290540786537,549348,495763,false,29.474116225050693,33.53437333967849,23.39564256172751,25.76900589596262
107,dropoff,Manhattan,Gramercy,Yellow Zone,0.06098797639604021,0.05662514156285391,628489,9,-0.10300458965691572,706153,633416,false,29.53453737362963,33.67471240069802,23.069003034752704,25.481159901234232
45,dropoff,Manhattan,Chinatown,Yellow Zone,0.06049010794572223,0.05504587155963303,212931,10,-0.04117954747651764,223679,214468,false,30.505345293923575,33.39175037767723,24.59164087822286,25.922299410634555
90,dropoff,Manhattan,Flatiron,Yellow Zone,0.06019438608560339,0.05649717514124294,545771,11,-0.06464649898028552,588400,550362,false,31.093997909585305,35.269191950024734,24.44831461590736,26.928372380360987
229,dropoff,Manhattan,Sutton Place/Turtle Bay North,Yellow Zone,0.060161487551184986,0.055741360089186176,427328,12,-0.10298010968936622,480083,430644,false,30.53435957948712,34.02696568394943,24.16752269919971,25.98420154466372
50,dropoff,Manhattan,Clinton West,Yellow Zone,0.05998290427400428,0.054684651841049946,424843,13,-0.11263645825026736,489069,433982,false,31.634198201070173,34.76732071836819,25.271168792133427,26.78654990299169
170,dropoff,Manhattan,Murray Hill,Yellow Zone,0.05906934203937683,0.05557613931085587,848187,14,-0.07225414990418078,919961,853490,false,30.67727623236928,34.43192861076978,23.928157791471204,25.96505546637971
148,dropoff,Manhattan,Lower East Side,Yellow Zone,0.05882565611755388,0.05438723712835388,756594,15,-0.06926926290994917,818516,761818,false,30.46328834134376,33.82223251485706,24.62759467133162,26.391843839342624
233,dropoff,Manhattan,UN/Turtle Bay South,Yellow Zone,0.05835771457212216,0.05456529647144417,466376,16,-0.09672604617645775,525939,475067,false,31.34970846428809,35.30195307188108,24.412007190948046,26.60943835290627
105,dropoff,Manhattan,Governor's Island/Ellis Island/Liberty Island,Yellow Zone,0.05828226708874683,0.046775279221216375,28,17,0.1428571428571428,35,40,true,42.84085714285714,41.52525,33.37828571428572,31.234500000000004
234,dropoff,Manhattan,Union Sq,Yellow Zone,0.05803862809936224,0.05382131324004306,915567,18,-0.01579422189727342,935532,920756,false,30.811433473153752,34.97901785055633,24.393641617817128,26.862664897106622
158,dropoff,Manhattan,Meatpacking/West Village West,Yellow Zone,0.05794063787177206,0.0544464609800363,513156,19,-0.05939185208682651,551675,518910,false,30.926665718039377,35.35183474976294,24.817517469524436,27.551323774835993
246,dropoff,Manhattan,West Chelsea/Hudson Yards,Yellow Zone,0.05784699975433497,0.053229240596167494,946566,20,-0.09146673627346391,1057368,960654,false,31.058303268124646,35.20102752917129,24.83399836197017,27.268717592390658
144,dropoff,Manhattan,Little Italy/NoLiTa,Yellow Zone,0.05718053064607447,0.05276116778051354,561050,21,-0.08768295246874647,618330,564113,false,31.297268837029094,35.13091965616747,25.361817524622577,27.567519769975533
48,dropoff,Manhattan,Clinton East,Yellow Zone,0.057177333308894,0.051617343427391604,744936,22,-0.07489007985329998,810361,749673,false,33.899096871648105,37.58447355047455,26.922075050501675,28.886599424016175
186,dropoff,Manhattan,Penn Station/Madison Sq West,Yellow Zone,0.057162113429004235,0.05357142857142857,727032,23,-0.10393217078986883,815224,730496,false,32.21791053747696,35.86283544331977,25.472896872515577,27.41558634133566
211,dropoff,Manhattan,SoHo,Yellow Zone,0.05674963183337939,0.05246589716684155,497703,24,-0.056076142160720654,529851,500139,false,31.94504749448313,35.96386340597178,25.880174520761297,28.25965419613361
125,dropoff,Manhattan,Hudson Sq,Yellow Zone,0.05654026595563546,0.05147563486616335,307059,25,0.0012570058638674553,308670,309058,false,33.240245958462886,37.59287645037166,26.82664674247572,29.50020481592463
68,dropoff,Manhattan,East Chelsea,Yellow Zone,0.05611268718543261,0.05122950819672131,1018392,26,-0.0614911620548142,1090921,1023839,false,33.151912090805425,37.28791166385665,26.3142142281612,28.698327442108074
141,dropoff,Manhattan,Lenox Hill West,Yellow Zone,0.05610763903535993,0.05179558011049724,281783,27,-0.05910831707493314,567399,533861,false,31.160995014089977,33.42674477064095,24.895031186166786,26.292619539543107
143,dropoff,Manhattan,Lincoln Square West,Yellow Zone,0.05608477388860028,0.05088195386702849,240016,28,-0.05791714553726135,397637,374607,false,31.91881245960096,34.40441625489779,25.653521905657396,27.130068017949565
140,dropoff,Manhattan,Lenox Hill East,Yellow Zone,0.05567100512342704,0.051939058171745156,279977,29,-0.03407360280592564,606716,586043,false,32.41022420704313,34.112730789379555,25.90037322239708,26.856813049554205
231,dropoff,Manhattan,TriBeCa/Civic Center,Yellow Zone,0.055566001467003336,0.05016722408026756,924429,30,-0.05536509871022943,991184,936307,false,34.10881693006552,37.9622547092015,27.655296594779383,29.87848357429826
142,dropoff,Manhattan,Lincoln Square East,Yellow Zone,0.05488116959659776,0.0491480996068152,390442,31,-0.09014985962458832,662153,602460,false,32.76721664026391,35.65740973674691,26.417149903420682,28.25491972911073
162,dropoff,Manhattan,Midtown East,Yellow Zone,0.054308684607066914,0.049800796812749,779524,32,-0.05362088716810953,827532,783159,false,34.080552764129216,38.750456267508454,26.972293288959943,29.777177942155056
164,dropoff,Manhattan,Midtown South,Yellow Zone,0.05400104085903196,0.050066755674232306,821146,33,-0.08002083319422282,898566,826662,false,34.40760682020865,39.22754255065124,26.99615342668155,29.95051541016797
209,dropoff,Manhattan,Seaport,Yellow Zone,0.053508356877240724,0.04772510340439071,183251,34,-0.10752101298984829,210703,188048,false,35.44829608500819,39.44599315068366,28.67031651186734,31.025922370884096
100,dropoff,Manhattan,Garment District,Yellow Zone,0.052416034994734996,0.04748338081671415,435184,35,-0.06125476305479527,465825,437291,false,36.57198673321367,40.70843856836609,28.921376117640705,31.26557422860317
161,dropoff,Manhattan,Midtown Center,Yellow Zone,0.05224633757455628,0.04801536491677337,1029583,36,-0.027100237832056284,1062094,1033311,false,35.70160838872289,40.162430197695464,28.652424342854665,31.32228039767346
13,dropoff,Manhattan,Battery Park City,Yellow Zone,0.052106850269064836,0.046918986549890525,375151,37,-0.0635242842351128,415290,388909,false,35.85267824893208,40.05442684535291,29.024393893423763,31.549943251506374
237,dropoff,Manhattan,Upper East Side South,Yellow Zone,0.05186854772885595,0.047036688617121354,465556,38,-0.0008932559178204125,790367,789661,false,33.03020161520386,36.037079835530285,26.741020753649412,28.750255172789384
163,dropoff,Manhattan,Midtown North,Yellow Zone,0.05183533168260855,0.04681647940074907,685343,39,-0.03657213482392019,715244,689086,false,37.380289845148646,42.15872470200209,30.337835242238775,33.3765566852327
87,dropoff,Manhattan,Financial District North,Yellow Zone,0.05068135870513472,0.04564820450395618,545580,40,-0.038104134232831655,578100,556072,false,36.719250354611006,41.00125717533224,29.63409167963968,32.241793346904984
65,dropoff,Brooklyn,Downtown Brooklyn/MetroTech,Boro Zone,0.050553461282805925,0.04810776138550353,110021,41,-0.014364004387917628,435742,429483,false,30.62597732143926,32.02120794070591,26.486822775862617,27.48123723174144
146,dropoff,Queens,Long Island City/Queens Plaza,Boro Zone,0.04939390362779929,0.04706620646375902,75576,42,0.033943754341440036,257691,266438,false,27.05135076506126,27.64588046749903,22.834766367471197,23.09419741178051
239,dropoff,Manhattan,Upper West Side South,Yellow Zone,0.0493426251532006,0.045126353790613714,217111,43,-0.07913154073474549,588122,541583,false,31.856125089692693,34.014904732975936,25.49117240980588,26.969952417265496
230,dropoff,Manhattan,Times Sq/Theatre District,Yellow Zone,0.049325885536446824,0.04426084390675716,1010322,44,-0.057861106627407954,1077978,1015605,false,40.32524239828142,44.88903317728066,32.275891743616306,35.02121422206504
261,dropoff,Manhattan,World Trade Center,Yellow Zone,0.04879152225604608,0.04299226139294927,337466,45,-0.03661087866108792,365192,351822,false,38.5765324815414,43.239286713165455,31.167262234660036,34.082346186423976
43,dropoff,Manhattan,Central Park,Yellow Zone,0.048638876216299975,0.045454545454545456,134840,46,-0.035378256894712745,210016,202586,false,34.27717697699,37.16622204890577,27.951986801005603,29.780740673096815
12,dropoff,Manhattan,Battery Park,Yellow Zone,0.048197907514614675,0.04159733777038269,16477,47,-0.08735268441728505,18328,16727,false,36.299347446529936,40.440675554492806,29.521684308162378,31.878005021820996
88,dropoff,Manhattan,Financial District South,Yellow Zone,0.04819732449571956,0.0429553264604811,227651,48,-0.0762100293352096,260097,240275,false,38.17213035905482,42.17861933201308,30.963434872374556,33.32194922484656
263,dropoff,Manhattan,Yorkville West,Yellow Zone,0.04819158252059099,0.045676004872107184,187738,49,-0.049621392288966115,498273,473548,false,31.61370812787223,33.406111840824686,25.046507215923462,26.16471398886688
256,dropoff,Brooklyn,Williamsburg (South Side),Boro Zone,0.04778144029326441,0.04478948939982084,233031,50,0.010691958075547348,801537,810107,false,26.531320700106434,27.6040570319739,22.775188194681085,23.463903546074686
262,dropoff,Manhattan,Yorkville East,Yellow Zone,0.04773213109468873,0.045358330813426065,114019,51,-0.0734879458621176,312092,289157,false,32.62761919561736,34.12179342018063,25.858734892275386,26.732526412986598
66,dropoff,Brooklyn,DUMBO/Vinegar Hill,Boro Zone,0.047640117978664104,0.04549590536851684,124286,52,0.022213766303028848,333757,341171,false,31.90063495297079,33.349784536196175,27.439608128069093,28.34064712416924
145,dropoff,Queens,Long Island City/Hunters Point,Boro Zone,0.0475324734862457,0.045167118337850046,273615,53,0.03934295817977285,804515,836167,false,27.589498555032044,28.12938610349655,22.739035568013108,22.936294005862333
217,dropoff,Brooklyn,South Williamsburg,Boro Zone,0.04665370838061689,0.04337140469426953,14818,54,0.038364490386695094,180323,187241,false,19.14561708711521,19.1089994712689,16.81423589891472,16.750608787605202
193,dropoff,Queens,Queensbridge/Ravenswood,Boro Zone,0.0465406278105494,0.04478948939982084,26593,55,0.13103482390185994,141512,160055,false,24.54680451127749,24.750979725718455,20.865187404601734,20.88302614726182
226,dropoff,Queens,Sunnyside,Boro Zone,0.04631334196366985,0.04466944609886837,110091,56,0.04302431342512425,605797,631861,false,23.86147605550794,24.309780014904906,20.392684826765258,20.655042105779405
75,dropoff,Manhattan,East Harlem South,Boro Zone,0.04599017993306015,0.044856459330143546,121956,57,-0.06944748219545005,667526,621168,false,27.255713934738218,28.42597327936903,22.46075835248367,23.253700013522643
238,dropoff,Manhattan,Upper West Side North,Yellow Zone,0.04539683717929339,0.04260153365521158,138111,58,-0.07852287418157555,479580,441922,false,30.96287664205973,32.736573128286054,24.7478672379997,25.97198200134844
97,dropoff,Brooklyn,Fort Greene,Boro Zone,0.045076893651563685,0.04373177842565598,104797,59,-0.031581052628263606,635001,614947,false,26.465667518633012,26.75647514338367,23.08641132848624,23.197202165389733
151,dropoff,Manhattan,Manhattan Valley,Yellow Zone,0.045037858895449034,0.042735042735042736,65329,60,-0.08299463112473704,271379,248856,false,28.472773759204557,29.9295503021809,23.359202222721773,24.37396482303018
33,dropoff,Brooklyn,Brooklyn Heights,Boro Zone,0.04496683216573912,0.04291845493562232,137634,61,-1.702721800800333e-05,469836,469828,false,31.723347593626617,33.34371052810487,27.4020063383819,28.562187396238386
236,dropoff,Manhattan,Upper East Side North,Yellow Zone,0.04428181039545672,0.04160887656033287,265886,62,-0.06627387971334053,728809,680508,false,32.37883033826634,34.566692794209104,25.98323162858837,27.480885074091326
80,dropoff,Brooklyn,East Williamsburg,Boro Zone,0.04411892870819242,0.041666666666666664,150890,63,-0.03543320013942419,791828,763771,false,25.165619528484648,25.584018468885546,21.518615608440474,21.81516754367463
7,dropoff,Queens,Astoria,Boro Zone,0.043966479817721574,0.042444821731748725,161165,64,-0.009521831431332783,958114,948991,false,23.72289680560209,24.06682851576261,20.118054469510014,20.336353126636194
74,dropoff,Manhattan,East Harlem North,Boro Zone,0.04351042791353033,0.04246885617214043,69492,65,-0.034152965569605453,684860,661470,false,23.13463493268577,23.538468456616478,19.328437038226586,19.61100772521801
24,dropoff,Manhattan,Bloomingdale,Yellow Zone,0.04322593347328352,0.041413583655438985,29399,66,-0.07243227039382472,133435,123770,false,27.282856821672677,28.173096388461847,22.572224528796866,23.154321160216522
25,dropoff,Brooklyn,Boerum Hill,Boro Zone,0.042771499466632515,0.04126547455295736,110068,67,-8.672421886934956e-05,530417,530371,false,29.789658796756694,30.907625284939183,25.89718233012897,26.714807653510253
152,dropoff,Manhattan,Manhattanville,Boro Zone,0.042560623201516184,0.04077194889915738,33734,68,-0.04497078595212667,238755,228018,false,24.223125547107827,24.803646422649713,20.546168247785438,20.968336052416884
112,dropoff,Brooklyn,Greenpoint,Boro Zone,0.04210357506670105,0.040983606557377046,257808,69,0.028717525086610518,936954,963861,false,26.400938637334118,27.566155410381775,22.198237832380542,23.01062252752187
260,dropoff,Queens,Woodside,Boro Zone,0.0416748152776657,0.040518638573743916,42887,70,0.02681969470905554,435650,447334,false,20.79241590726049,20.89154716609593,17.83780908986546,17.927838527811332
34,dropoff,Brooklyn,Brooklyn Navy Yard,Boro Zone,0.04137170192809596,0.03864983251739242,17525,71,-0.13512135336058906,111781,96677,false,27.2231207450277,28.617522575172604,23.67911174528764,24.78098648075547
179,dropoff,Queens,Old Astoria,Boro Zone,0.04131068707092233,0.040171397964649164,60760,72,0.022187412709975263,365162,373264,false,24.919984390485318,25.06653853572474,20.94855888619287,21.03215828475279
255,dropoff,Brooklyn,Williamsburg (North Side),Boro Zone,0.04079606748926269,0.03861003861003861,242618,73,-0.022056823859527785,948686,927761,false,28.79208859412551,29.90224875803787,24.558072924023524,25.38740097934679
49,dropoff,Brooklyn,Clinton Hill,Boro Zone,0.040643278693280514,0.039515279241306635,107243,74,-0.00999078341013826,623875,617642,false,25.311621927468394,26.29326760485527,21.97867247445402,22.71898789266273
202,dropoff,Manhattan,Roosevelt Island,Boro Zone,0.040519678200700925,0.03947887948352059,25998,75,-0.08934266209121,82469,75101,false,32.84152602796164,34.93764477170718,27.529821266172732,29.088537968868604
166,dropoff,Manhattan,Morningside Heights,Boro Zone,0.040197107540746214,0.0384122919334187,96598,76,-0.029531332911110764,467368,453566,false,26.70933891494018,27.73851102154426,22.32012315776813,23.095476600979573
52,dropoff,Brooklyn,Cobble Hill,Boro Zone,0.040184185479855514,0.03897116134060795,31984,77,0.0109558887002561,139012,140535,false,30.337105070064993,31.42395061728302,26.122371090265617,26.88347849290204
168,dropoff,Bronx,Mott Haven/Port Morris,Boro Zone,0.03990527494648299,0.03897116134060795,47902,78,0.0750854628642732,615472,661685,false,22.556574141468882,22.90813359831007,19.39318417409709,19.700017243854642
54,dropoff,Brooklyn,Columbia Street,Boro Zone,0.03983640519718525,0.038560411311053984,12671,79,0.011448806986178894,58172,58838,false,28.17486488344905,29.024535844182324,24.016255758784265,24.607596961147546
17,dropoff,Brooklyn,Bedford,Boro Zone,0.039703482974600524,0.03792667509481669,101837,80,-0.030902779783185008,865715,838962,false,22.899446157223625,23.56302153136723,20.001092530452105,20.51318094264083
41,dropoff,Manhattan,Central Harlem,Boro Zone,0.039513852064281346,0.03855050115651504,81141,81,-0.025948219092621017,605899,590177,false,25.06496487038123,25.39231610177638,21.087816038646274,21.325830810078873
83,dropoff,Queens,Elmhurst/Maspeth,Boro Zone,0.0394181685002069,0.038109756097560975,22466,82,0.09183125147301441,212150,231632,false,21.353558425641225,21.44258768218444,18.25933132217771,18.355370760516532
42,dropoff,Manhattan,Central Harlem North,Boro Zone,0.039104648536818706,0.038520801232665644,88757,83,-0.040640508851619184,837022,803005,false,23.385515649530372,23.450834341005596,19.880854445880864,19.892296984452063
8,dropoff,Queens,Astoria Park,Boro Zone,0.03902388732218873,0.03710116250309176,413,84,0.22946048802328178,4467,5492,false,23.700599955227204,23.23504734158775,20.1656122677412,19.869175163874715
116,dropoff,Manhattan,Hamilton Heights,Boro Zone,0.03856625061994688,0.0375751503006012,55959,85,-0.04053090095770184,434582,416968,false,25.063183702955897,25.309231020122468,21.236826237625824,21.41828147483744
37,dropoff,Brooklyn,Bushwick South,Boro Zone,0.038227199817403704,0.03627569528415961,155003,86,0.00024855300281423354,1122497,1122776,false,24.398187781355798,25.04410214504803,21.123508748799146,21.62627420785585
244,dropoff,Manhattan,Washington Heights South,Boro Zone,0.03780646736216899,0.03675569713305562,90222,87,-0.04986474383222772,769281,730921,false,26.29541391247246,26.872404555347785,22.34743217367908,22.831094140132546
159,dropoff,Bronx,Melrose South,Boro Zone,0.03767276197905808,0.036683785766691124,19593,88,0.018419926795645747,462814,471339,false,20.414965623334886,20.852677839088834,17.777626260225293,18.187487668111388
189,dropoff,Brooklyn,Prospect Heights,Boro Zone,0.037461989886528956,0.0366121552355382,55127,89,-0.004192654192654244,375180,373607,false,26.437495148990582,27.249033690478363,23.073917319686483,23.701148586616412
40,dropoff,Brooklyn,Carroll Gardens,Boro Zone,0.03737985827876496,0.0362406378352259,50138,90,0.015052712360716258,233247,236758,false,28.944769021678475,29.757051504065743,24.563023275754965,25.11195592123596
106,dropoff,Brooklyn,Gowanus,Boro Zone,0.03676580131730717,0.03550295857988166,24619,91,0.07964057897302212,188748,203780,false,26.527697512025583,27.066364657963316,22.913261173628392,23.33443576405921
225,dropoff,Brooklyn,Stuyvesant Heights,Boro Zone,0.036351991771495895,0.03460207612456747,102995,92,-0.022368173225160604,860106,840867,false,23.91181445077851,24.50116032618726,20.86592810653621,21.313335259915963
264,dropoff,Unknown,N/A,N/A,0.03627317124331299,0.030785562900986302,182,93,,,564,true,,48.80070921985815,,43.896063829787245
157,dropoff,Queens,Maspeth,Boro Zone,0.03620020999944187,0.03527751646284101,33193,94,0.06290017714178275,303147,322215,false,22.239829521648833,22.700157565598495,19.14223508726793,19.536912837701415
36,dropoff,Brooklyn,Bushwick North,Boro Zone,0.03619316480885091,0.03473830477072719,95455,95,-0.0016248898165128756,789592,788309,false,24.158897050629772,24.609218174597697,20.91560619915105,21.276253030220094
82,dropoff,Queens,Elmhurst,Boro Zone,0.03615129555017721,0.0350140056022409,45817,96,0.05449180739531667,653089,688677,false,21.264579666779934,21.300670270673795,18.37547467496732,18.439182272676167
129,dropoff,Queens,Jackson Heights,Boro Zone,0.0355685148959583,0.034570177460244295,53236,97,0.017889831438289372,692684,705076,false,22.011361169015988,22.106777978540247,18.87649701739879,18.984299990355304
61,dropoff,Brooklyn,Crown Heights North,Boro Zone,0.03530741549431188,0.03399818676337262,118645,98,-0.013994571612356621,1402258,1382634,false,22.82524656662054,23.389289898856088,20.039933122150956,20.51077091261998
69,dropoff,Bronx,East Concourse/Concourse Village,Boro Zone,0.03523848950554761,0.034324942791762014,24351,99,0.018079116264643424,502956,512049,false,21.356197361196067,21.812559540195725,18.591984229236555,19.026994467326364
223,dropoff,Queens,Steinway,Boro Zone,0.03521085689036595,0.03412581092957606,62150,100,0.010937924059332582,512163,517765,false,24.43865589665338,24.572202504991683,20.557789238972052,20.712010371500124
147,dropoff,Bronx,Longwood,Boro Zone,0.03519982821099187,0.033821871476888386,8931,101,0.023182403596050394,197995,202585,false,21.403618980276427,21.41775733642578,18.54085295083209,18.57470405015178
120,dropoff,Manhattan,Highbridge Park,Boro Zone,0.03502222485725173,0.03403676145299307,1556,102,-0.1439438651714866,15249,13054,false,26.896174831136488,27.105625861804818,22.74790281329924,23.00118277922474
198,dropoff,Queens,Ridgewood,Boro Zone,0.035013285430556616,0.033852403520649964,69762,103,0.020182221451112925,639771,652683,false,23.736734784788368,24.38731966360027,20.537205969010525,21.09152386380492
235,dropoff,Bronx,University Heights/Morris Heights,Boro Zone,0.03495165951485626,0.03396739130434783,16621,104,0.017625759796145557,397146,404146,false,20.492777542764426,20.926989503790352,17.946094383425645,18.35193296481959
62,dropoff,Brooklyn,Crown Heights South,Boro Zone,0.03473122070309873,0.03345973678340397,27883,105,0.007561323149659627,366338,369108,false,23.40465690154645,23.986880235591794,20.57058718997203,21.078039029227188
195,dropoff,Brooklyn,Red Hook,Boro Zone,0.034695590889159536,0.033400133600534405,32171,106,0.09958794827749728,189782,208682,false,29.64830437027634,30.156626206379784,25.215214878123287,25.579180954754015
181,dropoff,Brooklyn,Park Slope,Boro Zone,0.03468025373741911,0.03331852509995557,144482,107,0.02620747387337241,977164,1002773,false,27.726652752258744,28.472518446356926,23.931480263293157,24.509028833045484
243,dropoff,Manhattan,Washington Heights North,Boro Zone,0.034446516437950415,0.033715441672285906,55918,108,-0.03093272664229363,493167,477912,false,25.36710895091884,25.747380124369162,21.66916640813325,21.991512475099825
190,dropoff,Brooklyn,Prospect Park,Boro Zone,0.03420176622701668,0.03351206434316354,8613,109,-0.1182647817650696,93798,82705,false,26.74824665771087,26.786987122906552,23.45111985330176,23.456620760534427
207,dropoff,Queens,Saint Michaels Cemetery/Woodside,Boro Zone,0.03417936685870739,0.03414523104939677,277,110,0.09007968587596715,17318,18878,false,18.476243215151886,18.06301938764702,16.099174269546175,15.774787053713299
119,dropoff,Bronx,Highbridge,Boro Zone,0.03417768030985117,0.033905967450271246,20380,111,0.011349858547756941,326612,330319,false,21.61899639327166,22.150962130544553,18.757350617858474,19.234887578371158
167,dropoff,Bronx,Morrisania/Melrose,Boro Zone,0.0339565459417958,0.032996040475142985,13321,112,0.02529448091957165,351381,360269,false,20.430159741133167,20.723920320647096,17.816442124076197,18.10064046587415
127,dropoff,Manhattan,Inwood,Boro Zone,0.03359420059611118,0.03279405334499344,26062,113,-0.03553869071472593,361831,348972,false,23.672623904526482,23.524516035667904,20.480845090663806,20.37870353495406
160,dropoff,Queens,Middle Village,Boro Zone,0.033532755212189125,0.032369443245576175,20383,114,0.06398493492312451,216129,229958,false,22.559342984975498,22.866196914217984,19.462908355658005,19.752552205185232
247,dropoff,Bronx,West Concourse,Boro Zone,0.033475022698268096,0.033017829627999117,27164,115,0.055946429935413766,471308,497676,false,21.024191950906932,21.735305560239837,18.29421703005248,18.936516790039974
196,dropoff,Queens,Rego Park,Boro Zone,0.033449695710067576,0.03248862897985705,21190,116,0.0791921702382683,226929,244900,false,23.685231592258983,23.70046096365747,20.362448695406982,20.43066047366264
169,dropoff,Bronx,Mount Hope,Boro Zone,0.033342728622129454,0.03244646333549643,16269,117,-0.013496485243422729,444412,438414,false,20.415806121343028,20.8423389535885,17.8591501129581,18.273681771111345
56,dropoff,Queens,Corona,Boro Zone,0.03319170111071542,0.03226500322650032,15127,118,0.03816377036672702,258203,268057,false,22.652408569999956,22.151661101928575,19.555863874548397,19.172050459417097
126,dropoff,Bronx,Hunts Point,Boro Zone,0.03315710396287858,0.03224419604471195,10799,119,0.02614381068882099,329447,338060,false,21.420482050221327,21.26323383422875,18.633749070412012,18.517283352067604
188,dropoff,Brooklyn,Prospect-Lefferts Gardens,Boro Zone,0.03255224759402149,0.03141032387066221,54076,120,-0.006515817161991233,789617,784472,false,23.41141330543819,23.84652024546276,20.5338808941552,20.929516362597745
133,dropoff,Brooklyn,Kensington,Boro Zone,0.032209658272990695,0.030886441179852515,15590,121,-0.00845902975947821,196240,194580,false,24.742396504279434,24.59508269092293,21.44392300244597,21.322216260663907
128,dropoff,Manhattan,Inwood Hill Park,Boro Zone,0.03176919184158524,0.031269543464665414,2479,122,-0.0050852439741329025,34020,33847,false,24.98084185773082,24.389194906491067,21.696210464432706,21.177797441427607
228,dropoff,Brooklyn,Sunset Park West,Boro Zone,0.03174721270799951,0.03060599877576005,49437,123,0.038915724674699614,506993,526723,false,26.37915140839868,27.017305889428663,22.795626961318447,23.303438676495723
257,dropoff,Brooklyn,Windsor Terrace,Boro Zone,0.03165589067461928,0.03061849357011635,24429,124,0.03912007400101691,163241,169627,false,27.87101855538628,28.73016612921177,23.757345274777762,24.44670671532234
136,dropoff,Bronx,Kingsbridge Heights,Boro Zone,0.0316296224060003,0.030662305805396566,10276,125,0.029855294443130287,249403,256849,false,20.83686848193388,21.519382866975267,18.270495102304377,18.91096375691551
212,dropoff,Bronx,Soundview/Bruckner,Boro Zone,0.03158528772628289,0.030816641311304696,9198,126,0.04164363216304312,242390,252484,false,20.315884112379806,20.58106885980794,17.582893848756193,17.807076725653797
60,dropoff,Bronx,Crotona Park East,Boro Zone,0.031532899083799165,0.030543678725196866,6234,127,0.021179289206176843,206192,210559,false,20.486169056024654,20.554808011055417,17.852269826181374,17.92461927535742
47,dropoff,Bronx,Claremont/Bathgate,Boro Zone,0.03146361013159924,0.030696820655770108,8044,128,0.019621261805865764,315627,321820,false,19.551739616697922,19.967328537690545,17.159257858168097,17.572568703001604
227,dropoff,Brooklyn,Sunset Park East,Boro Zone,0.03139259601126953,0.030108390204737052,17078,129,0.059601778896112956,251167,266137,false,23.696429586688048,23.911638291555192,20.64505293290933,20.837979161108663
94,dropoff,Bronx,Fordham South,Boro Zone,0.03133935416626058,0.030637254901960783,6799,130,-0.019412186963848388,196423,192610,false,20.340688412252334,20.90446674627403,17.831004566675027,18.36300929339072
248,dropoff,Bronx,West Farms/Bronx River,Boro Zone,0.03103196414175717,0.03013863773357444,8792,131,0.023637140864400275,222235,227488,false,20.82894778050173,20.96267275636424,18.036920557068,18.153830224011774
173,dropoff,Queens,North Corona,Boro Zone,0.030734438779338936,0.029856687898089172,8324,132,0.07414470885744606,213933,229795,false,21.24389617309993,21.085346722077396,18.415758017697204,18.339801475227826
177,dropoff,Brooklyn,Ocean Hill,Boro Zone,0.030486305200124245,0.029211295034079845,19675,133,-0.03198068948675925,425882,412262,false,21.709979336995485,22.30161438599406,19.104380978768756,19.651792743449544
78,dropoff,Bronx,East Tremont,Boro Zone,0.02986334190526471,0.029123386353484007,11818,134,0.02698721632755574,414122,425298,false,20.295945397729636,20.66688688871967,17.726139422682056,18.07836295961894
213,dropoff,Bronx,Soundview/Castle Hill,Boro Zone,0.029777644604368846,0.02874664622460713,14067,135,0.03109017293409866,463587,478000,false,21.253656918761962,21.399301841000423,18.492385183363478,18.646102405857608
85,dropoff,Brooklyn,Erasmus,Boro Zone,0.029684837053004114,0.028275212064090484,18963,136,0.005087921180017219,315453,317058,false,23.873923310284265,24.065556617399064,20.904410260799512,21.100170284301285
59,dropoff,Bronx,Crotona Park,Boro Zone,0.029654670934370894,0.028840608641646705,464,137,0.10110659979301007,12561,13831,false,21.747118859963383,21.66992625262095,18.966331502268943,18.936083435760228
111,dropoff,Brooklyn,Green-Wood Cemetery,Boro Zone,0.02963648776782444,0.028068886846984754,446,138,-0.06430155210643018,4510,4220,false,25.823073170731696,25.882125592417022,22.19910643015521,22.214109004739342
102,dropoff,Queens,Glendale,Boro Zone,0.02959399208430285,0.02895752895752896,12037,139,0.034508466891055356,229364,237279,false,21.912821236112695,22.331248530210143,19.170827331229006,19.567211341922295
57,dropoff,Queens,Corona,Boro Zone,0.029385088005548433,0.028749401318169006,568,140,0.04807692307692313,18720,19620,false,23.017930555555594,22.417860346585126,19.813859508547022,19.394042813455666
89,dropoff,Brooklyn,Flatbush/Ditmas Park,Boro Zone,0.029354330032340604,0.028053113895642415,54012,141,0.0023316738647800594,815723,817625,false,24.631799029818943,24.8246502125053,21.487892765068747,21.675136853691793
241,dropoff,Bronx,Van Cortlandt Village,Boro Zone,0.029161748865293245,0.028694404853616726,16136,142,0.02766199422523785,362266,372287,false,21.720024788412022,22.036845175896428,18.952151816620827,19.270315213800036
194,dropoff,Manhattan,Randalls Island,Yellow Zone,0.029135194675495593,0.02870264064293915,7575,143,0.2029345015041959,37894,45584,false,38.343005752889724,39.4016049491048,27.088411885786662,28.92948512636011
153,dropoff,Manhattan,Marble Hill,Boro Zone,0.028813506785966492,0.02823529436775901,2878,144,-0.0036410889815243763,77724,77441,false,20.604638850290833,20.87310649397616,18.019421414234987,18.31598649294303
95,dropoff,Queens,Forest Hills,Boro Zone,0.028767986063053103,0.028206092515983452,58330,145,0.0406416276122914,677901,705452,false,24.58397249745824,24.425160733824992,21.142385584325794,21.074984860769703
250,dropoff,Bronx,Westchester Village/Unionport,Boro Zone,0.02869890805773607,0.02791736460078169,7885,146,0.05853496851176665,241360,255488,false,21.083758244944395,21.42643537074042,18.310001118660995,18.605522725137664
182,dropoff,Bronx,Parkchester,Boro Zone,0.028477375929116373,0.02791736460078169,10839,147,0.021397933962305604,227779,232653,false,22.6061657571584,22.99077677915078,19.544996685383673,19.866053736680755
18,dropoff,Bronx,Bedford Park,Boro Zone,0.028399732886423563,0.02774181616423155,14246,148,0.03899411366119221,433886,450805,false,20.847454308270404,21.12137085879346,18.21526790447245,18.50806053615196
192,dropoff,Queens,Queensboro Hill,Boro Zone,0.028080267232327264,0.027583670467083484,6098,149,0.04063848576236739,120034,124912,false,23.87273047636458,24.195435746765206,20.66429619941012,21.080258101703613
220,dropoff,Bronx,Spuyten Duyvil/Kingsbridge,Boro Zone,0.027636395929265978,0.027183762232693004,20830,150,0.05047284240616068,312049,327799,false,23.81313534092113,24.030008694349995,20.244982166262403,20.496781411779725
71,dropoff,Brooklyn,East Flatbush/Farragut,Boro Zone,0.027408509894840682,0.026093763787911197,14508,151,-0.013076973025119676,431216,425577,false,21.414530954320288,21.77575169710432,18.892925633557017,19.230031392673908
35,dropoff,Brooklyn,Brownsville,Boro Zone,0.027364963340941066,0.02619629758994062,11662,152,0.00044566602793638666,576665,576922,false,20.468751233380033,20.883094629771435,18.10222437637074,18.515656258558355
67,dropoff,Brooklyn,Dyker Heights,Boro Zone,0.027324647842978275,0.026334269662921347,14663,153,0.043822708699185586,175959,183670,false,23.91799896566727,23.98200822126549,20.681244664950395,20.73364997005491
70,dropoff,Queens,East Elmhurst,Boro Zone,0.027188383337799243,0.02660046107465863,14262,154,0.06729888119339367,187700,200332,false,25.323744326050992,25.235130583230823,21.584566435801843,21.517766258011683
14,dropoff,Brooklyn,Bay Ridge,Boro Zone,0.027129562150585977,0.026200873362445413,48776,155,0.027461301885283396,550156,565264,false,26.05778017507454,26.326847030763343,22.47414089821713,22.73597756092641
72,dropoff,Brooklyn,East Flatbush/Remsen Village,Boro Zone,0.027067268383100463,0.02590673575129534,11267,156,-0.016870886366007753,488771,480525,false,20.297405451628293,20.53475625617438,17.969118851159156,18.221481296498574
32,dropoff,Bronx,Bronxdale,Boro Zone,0.0269599449993984,0.02631578947368421,7627,157,0.005003392130257911,224048,225169,false,21.483337454473016,21.786049545007458,18.7057530082839,19.00034272035659
26,dropoff,Brooklyn,Borough Park,Boro Zone,0.02666389425782209,0.025649794801641587,13967,158,0.00867052023121384,532840,537460,false,20.415008389004036,20.671179883148596,18.008650401621093,18.249484761656404
63,dropoff,Brooklyn,Cypress Hills,Boro Zone,0.02654328895396537,0.02565856996236743,10333,159,0.022453881472525028,306005,312876,false,22.113727586148304,22.310912438152645,19.4321231679222,19.648854146690606
185,dropoff,Bronx,Pelham Parkway,Boro Zone,0.02621558344584919,0.02545824847250509,12670,160,0.03534611189443715,300712,311341,false,22.677649811112694,23.10725962850823,19.6481765942164,20.039614345685166
135,dropoff,Queens,Kew Gardens Hills,Boro Zone,0.026134040775051298,0.025627883136852894,9115,161,0.019500753321462838,175224,178641,false,24.699469136646997,24.85928963675661,21.415409076382208,21.62233289110556
28,dropoff,Queens,Briarwood/Jamaica Hills,Boro Zone,0.02603785292839695,0.025453928389614796,11822,162,0.04738925314122677,231677,242656,false,23.435590024040973,23.37568665106045,20.338764961562966,20.3647813365422
174,dropoff,Bronx,Norwood,Boro Zone,0.02599806604214778,0.025505866349260328,12629,163,0.019797683609724448,407876,415951,false,22.079252101125036,22.53464177270548,19.264727588776807,19.705873768785267
20,dropoff,Bronx,Belmont,Boro Zone,0.025940349937543045,0.02544529262086514,14121,164,0.031545047413807925,290949,300127,false,21.773659266742726,22.541684120387526,18.948271724597806,19.61505309419004
240,dropoff,Bronx,Van Cortlandt Park,Boro Zone,0.025878641445319185,0.025514543289675114,2740,165,-0.01283458583129271,59215,58455,false,22.313716794731175,23.168357197844585,19.43124022629401,20.193091608929944
258,dropoff,Queens,Woodhaven,Boro Zone,0.02585217840650858,0.02528871298421394,11602,166,0.017227299638645333,293894,298957,false,23.47344869238327,23.343123191627697,20.53382430400083,20.4842925905731
77,dropoff,Brooklyn,East New York/Pennsylvania Avenue,Boro Zone,0.025786333057268643,0.024473813020068527,6602,167,-0.018045138242215986,295315,289986,false,21.176421075798736,21.569476560936142,18.686050082115823,19.078418923672096
96,dropoff,Queens,Forest Park/Highland Park,Boro Zone,0.025768036156049674,0.025201615748751634,1192,168,-0.04529656429833062,17551,16756,false,25.484474388923733,25.761798161852468,22.13992422084212,22.465179637144917
242,dropoff,Bronx,Van Nest/Morris Park,Boro Zone,0.02573878688788991,0.0250501002004008,9061,169,0.036392816083824275,388813,402963,false,21.401060278330977,22.311096725998922,18.677147677675276,19.51043229775421
121,dropoff,Queens,Hillcrest/Pomonok,Boro Zone,0.025546598926274797,0.025068939758906922,9640,170,0.035702975477439614,217881,225660,false,24.539728659221144,24.717634317113166,21.37247111955605,21.602846051581977
134,dropoff,Queens,Kew Gardens,Boro Zone,0.025521617756327494,0.025214321734745335,10130,171,0.06299575511483324,216967,230635,false,23.693707153621336,23.92762200012904,20.54314471786033,20.83901493702167
73,dropoff,Queens,East Flushing,Boro Zone,0.025390008658548915,0.02490039909255186,4770,172,0.04109075324118727,93330,97165,false,23.297068573877386,23.498466114341436,20.245752812600475,20.472204394586534
259,dropoff,Bronx,Woodlawn/Wakefield,Boro Zone,0.025381351443372425,0.02492108323641801,9948,173,0.050084077295979634,253933,266651,false,23.233050056509796,23.068359691130663,20.24973524512382,20.169113747932624
22,dropoff,Brooklyn,Bensonhurst West,Boro Zone,0.025362234710526527,0.024422012373819604,16852,174,0.061977454276764155,322101,342064,false,22.647592090676522,22.49551613148155,19.808600532131305,19.69725159619253
92,dropoff,Queens,Flushing,Boro Zone,0.025329571675203454,0.024975024975024972,32258,175,0.04463257676522958,492443,514422,false,25.34063991161965,25.7197828630916,21.791242011765362,22.178974791124638
183,dropoff,Bronx,Pelham Bay,Boro Zone,0.025282964385712908,0.025025025025025027,5533,176,0.02793427230046941,115020,118233,false,22.841056598852038,23.528996473065558,19.736849852199594,20.328663232769145
254,dropoff,Bronx,Williamsbridge/Olinville,Boro Zone,0.025203603483169378,0.02461437479488021,10231,177,0.04303315927841922,412705,430465,false,21.54397937994093,21.56835380344194,18.845954204576962,18.91179080761498
208,dropoff,Bronx,Schuylerville/Edgewater Park,Boro Zone,0.024942081914982664,0.024602263408233557,13124,178,0.00794366938184976,326927,329524,false,23.417842423535106,23.643208931668937,20.213772493553577,20.432908923174033
11,dropoff,Brooklyn,Bath Beach,Boro Zone,0.024689214780120903,0.023839796567069294,6377,179,0.06685782157637843,107766,114971,false,23.98890419984003,23.9177744822604,20.95102741124291,20.915978725069785
197,dropoff,Queens,Richmond Hill,Boro Zone,0.024642677050446156,0.02422871910838314,11170,180,0.044313620551244215,392385,409773,false,21.868319405681792,21.800391143385927,19.18555349975124,19.19673114138801
200,dropoff,Bronx,Riverdale/North Riverdale/Fieldston,Boro Zone,0.02425718906021979,0.02403846153846154,18631,181,0.03971517504866795,192118,199748,false,30.42997334971103,30.695705288662683,25.475059494685613,25.804415513546957
21,dropoff,Brooklyn,Bensonhurst East,Boro Zone,0.02419947018997019,0.02336448598130841,11243,182,0.06046849096296425,246707,261625,false,22.69793483768075,22.53793670329546,19.904078562829756,19.79058167224074
3,dropoff,Bronx,Allerton/Pelham Gardens,Boro Zone,0.024190806660421706,0.023809523809523808,5886,183,0.05405456883005577,210010,221362,false,20.630631493737454,20.729421761638378,17.98241302795111,18.105222983167796
58,dropoff,Bronx,Country Club,Boro Zone,0.0241626855426034,0.023711666139740753,2079,184,0.04037663581232054,31330,32595,false,24.894649856367746,25.339873293449983,21.233975742100228,21.65369197729717
165,dropoff,Brooklyn,Midwood,Boro Zone,0.024136493073407976,0.023342670401493928,13199,185,0.01807896207720061,295205,300542,false,23.470609982890615,23.5514515109349,20.548706593723097,20.65585765051138
53,dropoff,Queens,College Point,Boro Zone,0.024082466319057364,0.02363693665300977,6015,186,0.0469924685967984,149109,156116,false,26.580290056266783,26.569079658714507,22.95250440952596,23.028885059827306
130,dropoff,Queens,Jamaica,Boro Zone,0.024080193014283404,0.0236929395040278,13078,187,0.06658958926554037,756815,807211,false,21.682199903541765,22.061020897879715,19.067519829813147,19.473456642686635
171,dropoff,Queens,Murray Hill-Queens,Boro Zone,0.023980980387509617,0.02375861264604199,9754,188,0.04818001537031158,186073,195038,false,22.981102309307847,22.7657636460579,19.892942608546218,19.75226227709461
31,dropoff,Bronx,Bronx Park,Boro Zone,0.02392578200883209,0.023450324539440244,4230,189,0.019648263866520743,46569,47484,false,28.547861238162792,29.061426375200117,24.26056818913872,24.669940190379954
76,dropoff,Brooklyn,East New York,Boro Zone,0.023756676003721007,0.022813688212927757,17514,190,0.00027857926402097277,1094841,1095146,false,20.299157640243816,20.477516303764027,17.959599476088624,18.168548723183335
178,dropoff,Brooklyn,Ocean Parkway South,Boro Zone,0.02352934299933643,0.022561480160692985,4928,191,0.0010638621234688728,98697,98802,false,22.11193166965539,22.263666120118867,19.281031642299197,19.404143539604412
98,dropoff,Queens,Fresh Meadows,Boro Zone,0.02346677574232774,0.022984983144345692,3627,192,0.05542353219430329,88789,93710,false,25.442426088817022,25.393001280546166,22.225718951671908,22.264796713264353
51,dropoff,Bronx,Co-Op City,Boro Zone,0.023460679040905572,0.02310180194055136,8099,193,0.013891561057900015,358635,363617,false,22.99951287520418,23.207868636502237,20.122269075801256,20.350862280916317
81,dropoff,Bronx,Eastchester,Boro Zone,0.023373035108118223,0.022967386311437757,5030,194,0.02327932424801271,253229,259124,false,20.998149935432938,20.74591172565922,18.336626452736528,18.18533134715425
9,dropoff,Queens,Auburndale,Boro Zone,0.023323012181656024,0.022937533584659997,4504,195,0.03845218941349415,86393,89715,false,24.548820506290824,24.78431455163556,21.36010035535284,21.611952293373456
180,dropoff,Queens,Ozone Park,Boro Zone,0.023214951073484816,0.023080473919064474,4435,196,0.04509948516257656,146454,153059,false,21.174711445231384,21.087410541032657,18.614034167725013,18.59073873473622
131,dropoff,Queens,Jamaica Estates,Boro Zone,0.02301345113188438,0.022834525803014157,6787,197,0.05841301795000842,149025,157730,false,23.608622781411796,23.69776104735863,20.551437409830523,20.704316363405777
91,dropoff,Brooklyn,Flatlands,Boro Zone,0.022826570351158527,0.022088057723457517,11669,198,0.004836435945724915,456121,458327,false,22.51422587426988,22.522343545106846,19.88239179954412,19.932785063938912
122,dropoff,Queens,Hollis,Boro Zone,0.022676127818419746,0.022344704305079698,2273,199,0.0852059834904979,103819,112665,false,22.18800181084351,21.818777881329353,19.474440516668462,19.240475835441345
93,dropoff,Queens,Flushing Meadows-Corona Park,Boro Zone,0.02255485859107185,0.022053958804767845,11340,200,0.006447231318844837,107488,108181,false,33.23978899970167,34.11739131640421,28.282192244715663,29.111888409240006
215,dropoff,Queens,South Jamaica,Boro Zone,0.022343386477064343,0.021961932650073207,3911,201,0.024801405438435786,261840,268334,false,20.656836465015527,20.557908166686577,18.17616162542019,18.160592023373763
184,dropoff,Bronx,Pelham Bay Park,Boro Zone,0.02224222404015244,0.021728118162522486,1244,202,-0.09286024233118595,29959,27177,false,22.608681531426342,24.109430768664748,19.739283020127495,20.959594142105487
108,dropoff,Brooklyn,Gravesend,Boro Zone,0.022007336340610528,0.021341680409633947,4572,203,0.04311544819186275,137932,143879,false,22.897481005132367,22.988631975478764,20.164302699881144,20.284929489362554
252,dropoff,Queens,Whitestone,Boro Zone,0.02195194989088734,0.02152080344332855,6063,204,0.07859857713673124,123132,132810,false,26.451035149269995,26.237877192981784,22.732958694734073,22.6114923575032
175,dropoff,Queens,Oakland Gardens,Boro Zone,0.021878549417135303,0.021471516217295435,4130,205,0.048702104589337214,76547,80275,false,28.85733392556189,28.32669486141368,25.10010829947618,24.739602740579237
149,dropoff,Brooklyn,Madison,Boro Zone,0.021855740327216985,0.021334091878822358,7849,206,0.04209630443801027,233821,243664,false,21.673237989743118,21.544965321096797,19.07444788962508,18.994589598791702
123,dropoff,Brooklyn,Homecrest,Boro Zone,0.02141158887927372,0.020889910274676404,10088,207,0.06459091623018764,292874,311791,false,21.330753088356897,21.11564634642916,18.741715276876903,18.58642160934723
253,dropoff,Queens,Willets Point,Boro Zone,0.021385478147546266,0.020816371925341078,194,208,0.10857538035961278,4338,4809,false,25.811491470723812,27.72736951549177,22.388414015675416,24.056425452276972
16,dropoff,Queens,Bayside,Boro Zone,0.021240698716630004,0.020943870427254957,8723,209,0.06404853300405344,186265,198195,false,25.298827584354658,25.094392239964716,21.985945454057493,21.873767350336735
216,dropoff,Queens,South Ozone Park,Boro Zone,0.02118849872458562,0.02096436099651006,11846,210,0.0496046986971761,529849,556132,false,21.366494416328134,21.16130107599819,18.743333308168356,18.624180788014023
138,dropoff,Queens,LaGuardia Airport,Airports,0.021029476803551484,0.02082465639316951,999638,211,0.016247337349000412,2153399,2188386,false,58.54006666206662,63.08329453762218,45.681897716122386,49.36641300026492
191,dropoff,Queens,Queens Village,Boro Zone,0.02087775280081393,0.02049040375654137,5400,212,0.06829125930249536,226149,241593,false,23.968618654072177,23.448731130453876,21.030755077404816,20.67003539009822
39,dropoff,Brooklyn,Canarsie,Boro Zone,0.020872345022003445,0.020080321285140562,11449,213,0.016769029938582092,700935,712689,false,20.63302835498049,20.45258985335399,18.27874964154974,18.172165895642756
55,dropoff,Brooklyn,Coney Island,Boro Zone,0.020429816511533166,0.020139634801288935,10873,214,0.051992742514365364,277231,291645,false,27.16179990693378,26.50781916370708,23.870410812643648,23.352050438032478
205,dropoff,Queens,Saint Albans,Boro Zone,0.020243357337290307,0.019883351007423118,5292,215,0.06082670390711886,351589,372975,false,21.337208473527173,21.132204490915285,18.77661445608362,18.68426854346802
15,dropoff,Queens,Bay Terrace/Fort Totten,Boro Zone,0.020207726534429076,0.019872814339276405,4096,216,0.0693401525453794,67652,72343,false,28.872319665346005,29.039482741937558,24.86418805061194,25.09806988927752
29,dropoff,Brooklyn,Brighton Beach,Boro Zone,0.019959096620229204,0.019605280355509083,7017,217,0.08860229119188978,195706,213046,false,23.03547704209276,22.821365151186903,20.26598218756712,20.12537893224926
210,dropoff,Brooklyn,Sheepshead Bay,Boro Zone,0.019864122140327446,0.01937483854301214,8933,218,0.048669998813087645,303308,318070,false,22.22072421432756,21.918284402802453,19.583351246917506,19.364889804131078
222,dropoff,Brooklyn,Starrett City,Boro Zone,0.019827950191280985,0.019399896533885155,2485,219,0.054915629225123386,113902,120157,false,22.57735930887921,22.88856812337161,19.951429737844798,20.295646695573293
19,dropoff,Queens,Bellerose,Boro Zone,0.019802317922613107,0.01956436676666232,2389,220,0.028759676684881663,70272,72293,false,28.190402578551733,27.74785567067342,24.70294996584701,24.37887278159712
265,dropoff,N/A,Outside of NYC,N/A,0.019339212767709373,0.018118130208962434,1865277,221,0.08683069594615711,4128897,4487412,false,86.29271934609675,85.34592461088783,69.87087427223176,70.41815176765637
218,dropoff,Queens,Springfield Gardens North,Boro Zone,0.01925118045327229,0.01902587519025875,2679,222,0.058517191508103306,168019,177851,false,22.701561371034582,22.7463375522199,19.943984013712726,20.041697319666376
124,dropoff,Queens,Howard Beach,Boro Zone,0.019021470947664564,0.018945374246695547,4572,223,0.06846248233006369,139361,148902,false,23.685076958402394,24.087988744274128,20.8005334347486,21.225372191105453
10,dropoff,Queens,Baisley Park,Boro Zone,0.018826733603380493,0.018188432157148052,7117,224,0.0491142231085866,274279,287750,false,23.092920019394608,23.443662589051428,20.15428807892705,20.525899565595054
64,dropoff,Queens,Douglaston,Boro Zone,0.01877148416421017,0.018425254882692546,3965,225,0.05988055414470117,57097,60516,false,31.940172863722996,31.42591760856628,27.682096432387016,27.279022407297248
46,dropoff,Bronx,City Island,Boro Zone,0.01854211793424826,0.018282665043066082,808,226,0.05588181317672958,21796,23014,false,34.34671912277491,34.9310637003564,29.80595200954304,30.465124272182134
155,dropoff,Brooklyn,Marine Park/Mill Basin,Boro Zone,0.01848408520179549,0.01771793054571226,7586,227,0.004896366637700211,286539,287942,false,24.00393206509185,24.36615099568468,21.209970161129945,21.578348000638943
150,dropoff,Brooklyn,Manhattan Beach,Boro Zone,0.018466076208868545,0.01820388349514563,3255,228,0.01745802016347886,121606,123729,false,23.630497508346203,23.79718683574547,20.835811308652556,21.040436437698464
219,dropoff,Queens,Springfield Gardens South,Boro Zone,0.01841598814691694,0.0182570593962999,2838,229,0.07633967592281321,148730,160084,false,24.2720110939279,23.797997488817643,21.292214079203934,20.946153082131843
38,dropoff,Queens,Cambria Heights,Boro Zone,0.01799507330929702,0.017661603673613562,2811,230,0.13705161362869678,88930,101118,false,26.06187698189552,25.938471290966696,22.82056628809179,22.761552245890904
101,dropoff,Queens,Glen Oaks,Boro Zone,0.017962496690037594,0.017545911802550006,2757,231,0.10070795019936529,61445,67633,false,33.65147416388617,33.13111691038381,29.46060948816014,29.11117457454204
221,dropoff,Staten Island,Stapleton,Boro Zone,0.017800093432175985,0.017734689051785293,3403,232,0.045609533486025144,116138,121435,false,24.08126091374002,23.96483542635943,19.353321479619026,19.27144282949727
139,dropoff,Queens,Laurelton,Boro Zone,0.01766041150634437,0.01760150223720009,2354,233,0.08821990213779207,152868,166354,false,21.780967828452617,21.322166885075806,19.180680914252815,18.853279392139598
203,dropoff,Queens,Rosedale,Boro Zone,0.017619545436896714,0.017339035949601202,2119,234,0.04880207927593605,141203,148094,false,23.6523769325008,22.711247721041467,20.82462773453816,20.070880791929397
6,dropoff,Staten Island,Arrochar/Fort Wadsworth,Boro Zone,0.017592174373324363,0.017478443253320906,2435,235,0.06903852828878865,57620,61598,false,25.798189517528677,25.835502776064228,20.283226830961446,20.332824604694977
115,dropoff,Staten Island,Grymes Hill/Clifton,Boro Zone,0.017281367954751804,0.01716050795103535,2605,236,0.06567670192568476,73740,78583,false,24.484405071873987,23.69806930252084,19.603390154597275,19.07045887787435
154,dropoff,Brooklyn,Marine Park/Floyd Bennett Field,Boro Zone,0.017279411035840464,0.017189028772698817,546,237,-0.29478288034989064,16005,11287,false,34.72331208997193,34.47650128466379,30.444044985941904,30.21635598476124
214,dropoff,Staten Island,South Beach/Dongan Hills,Boro Zone,0.016084576593657873,0.01598636121284534,2876,238,0.0621226449407144,82482,87606,false,26.742570985184333,27.409455516745215,21.553798889454647,22.070109809830345
206,dropoff,Staten Island,Saint George/New Brighton,Boro Zone,0.016006097767718254,0.0158144438587243,3977,239,0.025012712504981938,218289,223749,false,21.486685220051164,21.770784092888697,18.04369601766468,18.31115763645865
245,dropoff,Staten Island,West Brighton,Boro Zone,0.01562776726429434,0.015613615072343084,2543,240,0.06919045648876021,72510,77527,false,24.33424327678929,24.543350316663847,19.946959315956413,20.132541050214833
86,dropoff,Queens,Far Rockaway,Boro Zone,0.01539995209389502,0.015239256953462543,3224,241,0.12380709571626403,172583,193950,false,27.113368813845117,26.810468986851394,23.819600134428146,23.635309564320604
187,dropoff,Staten Island,Port Richmond,Boro Zone,0.015332805105791714,0.015113350125944584,1281,242,0.07280988441610203,62725,67292,false,22.23522263850152,21.94778190572441,18.446118453567173,18.309288919931085
30,dropoff,Queens,Broad Channel,Boro Zone,0.015277206894780208,0.014977533699450823,289,243,0.0957369942196531,5536,6066,false,31.99132767341039,33.03121167161227,27.702707731213874,28.814101549620833
156,dropoff,Staten Island,Mariners Harbor,Boro Zone,0.015229852146743866,0.01505117459773322,1948,244,0.048017030670976846,114147,119628,false,21.877618159040086,21.675078576921567,18.231260304694807,18.180831995853815
251,dropoff,Staten Island,Westerleigh,Boro Zone,0.015218336539405446,0.01483386075949367,2729,245,0.05030483315170975,67906,71322,false,24.170273318999712,24.685769888673896,19.57640797573117,20.020048231962114
110,dropoff,Staten Island,Great Kills Park,Boro Zone,0.015137753557372086,0.015137753557372086,1,246,0.02754820936639124,363,373,false,14.627272727272732,15.649061662198392,12.75112947658402,13.776809651474533
172,dropoff,Staten Island,New Dorp/Midland Beach,Boro Zone,0.014691165464735745,0.01446898934707226,1854,247,0.08434833470960634,58128,63031,false,25.959275564272023,26.026680998239044,21.34281826314342,21.4349967476321
1,dropoff,EWR,Newark Airport,EWR,0.014613095599510458,0.014625585023400936,606948,248,-0.02526364027246597,707024,689162,false,109.54665760994084,109.90776064264811,81.22854391081503,84.21988766066582
2,dropoff,Queens,Jamaica Bay,Boro Zone,0.014547307039565615,0.015267175572519083,11,249,-0.05639097744360899,266,251,false,42.01853383458647,36.576135458167336,36.468233082706774,32.12681274900399
117,dropoff,Queens,Hammels/Arverne,Boro Zone,0.014292451616077376,0.014150943396226415,3449,250,0.06602833778873518,139531,148744,false,29.40079107868412,29.592981700101472,24.761989450373104,24.95688155488615
118,dropoff,Staten Island,Heartland Village/Todt Hill,Boro Zone,0.014251505652967001,0.013895321908290875,4273,251,0.026265412983503156,106566,109365,false,27.23977366139249,27.77543281671423,22.355200063810212,22.831684176839023
23,dropoff,Staten Island,Bloomfield/Emerson Hill,Boro Zone,0.01424529060656463,0.01396453012382009,3998,252,0.03919608098354055,169022,175647,false,26.312825312680154,26.646654084611995,21.6859888061909,21.999827608783455
132,dropoff,Queens,JFK Airport,Airports,0.013782055681293445,0.013556258472661545,658207,253,-0.011242997502524776,2179401,2154898,false,73.17033008152562,78.22776958816239,60.112335990484205,64.53833429238745
201,dropoff,Queens,Rockaway Park,Boro Zone,0.013612841746494839,0.013341634794983544,3490,254,-0.0179531898055193,68233,67008,false,35.169532923951515,35.94332064828064,28.815490012164197,29.480955259073557
104,dropoff,Manhattan,Governor's Island/Ellis Island/Liberty Island,Yellow Zone,0.013438451890342233,0.013438451890342233,1,255,1.0,1,2,true,69.66,98.595,46.66,77.075
176,dropoff,Staten Island,Oakwood,Boro Zone,0.013375878491168006,0.013222266938561765,1630,256,0.09945337087957595,30185,33187,false,30.197635580586443,30.201318588604046,24.502798078515802,24.607049145749865
27,dropoff,Queens,Breezy Point/Fort Tilden/Riis Beach,Boro Zone,0.013162203098242467,0.013029882747278489,678,257,-0.12086797809774896,9862,8670,false,46.9093632123302,48.22099192618225,38.166272561346574,39.37297808535177
109,dropoff,Staten Island,Great Kills,Boro Zone,0.012273202061930553,0.012025012025012025,2255,258,0.06095919640219272,60926,64640,false,28.206592259462226,28.359815903465368,23.260234382693774,23.58929115099017
5,dropoff,Staten Island,Arden Heights,Boro Zone,0.01156147789505788,0.011334441848712042,1126,259,0.00431309305029437,26663,26778,false,29.724635262348627,30.30419598177616,24.443839402917924,25.052082679811782
99,dropoff,Staten Island,Freshkills Park,Boro Zone,0.011217903464355715,0.011505734068834244,44,260,0.06679389312977091,2620,2795,false,25.120622137404546,25.6174311270125,21.130427480916023,21.73870483005367
204,dropoff,Staten Island,Rossville/Woodrow,Boro Zone,0.010863584348261119,0.01065340909090909,1521,261,0.09482613808163953,23812,26070,false,33.48685452712929,34.080107786728085,27.26047413069042,27.94832259301882
84,dropoff,Staten Island,Eltingville/Annadale/Prince's Bay,Boro Zone,0.010787550364229306,0.010405105438401776,2149,262,0.08975642308975651,41958,45724,false,30.958944658944763,31.16057912693562,25.323460365127037,25.811376738693053
44,dropoff,Staten Island,Charleston/Tottenville,Boro Zone,0.010226376895004436,0.010055641621435643,1460,263,0.12450169423958535,40136,45133,false,31.077746412198664,31.030111005251282,25.98955551126172,26.167901313894497
4,pickup,Manhattan,Alphabet City,Yellow Zone,0.060156779499974576,0.056179775280898875,284803,1,-0.10430810780537281,321394,287870,false,30.098811023226958,33.8653688470463,24.01481872716974,26.088916420606502
137,pickup,Manhattan,Kips Bay,Yellow Zone,0.05936916648132968,0.055637982195845696,509958,2,-0.07878407797955544,558095,514126,false,32.14660151049166,35.98620266238183,24.84179489155054,26.953905073853658
224,pickup,Manhattan,Stuy Town/Peter Cooper Village,Yellow Zone,0.05904261337284867,0.0574052812858783,200589,3,-0.12546640376156526,230755,201803,false,31.753978028643736,35.917236413728745,24.871654915386397,27.26821271239775
50,pickup,Manhattan,Clinton West,Yellow Zone,0.05896634185789729,0.05522827687776141,523676,4,-0.09661302847939035,591059,533955,false,34.591653134457566,37.95415875869726,27.27214174896213,29.1750625801803
232,pickup,Manhattan,Two Bridges/Seward Park,Yellow Zone,0.05810098146026743,0.05385996409335727,419627,5,-0.08278407136692145,462287,424017,false,32.110779905118164,35.22288214859072,25.835071221989686,27.40782970965797
79,pickup,Manhattan,East Village,Yellow Zone,0.05790092732158224,0.053229240596167494,1205358,6,-0.11429049923064771,1367384,1211105,false,32.38848345455454,36.76439059372772,25.697214030586547,28.466033382737823
107,pickup,Manhattan,Gramercy,Yellow Zone,0.057504982898474034,0.05384063173007897,723383,7,-0.10001645495857181,808267,727427,false,33.98059145060326,38.816545316580715,26.59607383451231,29.725108416377772
45,pickup,Manhattan,Chinatown,Yellow Zone,0.05732171917410266,0.05167068549776094,244352,8,-0.03847914099630345,255645,245808,false,33.34153967415512,36.57536939399602,26.828945256116917,28.53371318264657
143,pickup,Manhattan,Lincoln Square West,Yellow Zone,0.0566199467866514,0.05274261603375527,320105,9,-0.056985456317160454,521326,491618,false,34.19437181341052,37.154872421269076,27.129635065198883,29.13341195806486
90,pickup,Manhattan,Flatiron,Yellow Zone,0.056596315310660714,0.05228302544440571,651649,10,-0.0503798190951279,690197,655425,false,37.10092663399394,41.09722218408361,29.113105446705298,31.59239775718081
233,pickup,Manhattan,UN/Turtle Bay South,Yellow Zone,0.05652032302920862,0.05368647100930565,539276,11,-0.0621550727388821,579470,543453,false,36.04590726008147,39.55132165983195,28.16444437158071,30.1239370653952
113,pickup,Manhattan,Greenwich Village North,Yellow Zone,0.056492225562269266,0.05170630816959669,579709,12,-0.09616240775988172,644649,582658,false,35.155993463110406,39.599515444739325,27.98675924417744,30.88589773074469
229,pickup,Manhattan,Sutton Place/Turtle Bay North,Yellow Zone,0.055972850934337536,0.052521008403361345,560764,13,-0.07329696599028668,608238,563656,false,35.65852999976964,39.49676300793563,28.383355972497366,30.6669601671946
249,pickup,Manhattan,West Village,Yellow Zone,0.055722183517408444,0.05115961800818554,869190,14,-0.09795890553807807,968549,873671,false,35.09258828413463,39.509652100169916,27.921903610451903,30.799617613495773
114,pickup,Manhattan,Greenwich Village South,Yellow Zone,0.05522187481917223,0.04973474801061008,603421,15,-0.09400547401635029,669344,606422,false,34.62234474351202,39.591224477346806,27.711489204355065,31.07039747898369
170,pickup,Manhattan,Murray Hill,Yellow Zone,0.055126482785725205,0.05129958960328317,874710,16,-0.053301345347492424,928682,879182,false,37.86259935048857,41.980210331886475,29.53381339360486,32.07612536425949
148,pickup,Manhattan,Lower East Side,Yellow Zone,0.05496860023979012,0.0501002004008016,994184,17,-0.05826857475820424,1060606,998806,false,34.2124920658689,38.471052676907874,27.55569904375385,30.22116136667229
144,pickup,Manhattan,Little Italy/NoLiTa,Yellow Zone,0.05473898139239027,0.04952129415648729,672094,18,-0.09577430098199846,747048,675500,false,35.193967482683334,39.562311857887735,28.35928850622682,31.17026050333147
48,pickup,Manhattan,Clinton East,Yellow Zone,0.05377387552963507,0.04793863854266539,950452,19,-0.04051922514333284,994713,954408,false,39.106254306532385,42.903467908915175,30.5861338195032,32.85488339368515
234,pickup,Manhattan,Union Sq,Yellow Zone,0.05339421079987229,0.04849660523763337,1035748,20,-0.01808380003131227,1060286,1041112,false,37.51274763602802,42.62268887498319,29.711789743521724,33.19863108868239
140,pickup,Manhattan,Lenox Hill East,Yellow Zone,0.053145567528426904,0.05052206130010104,308002,21,-0.04936962630541464,596075,566647,false,35.870961355534156,38.25752777302456,28.527412406156657,30.109268698148977
211,pickup,Manhattan,SoHo,Yellow Zone,0.053087525965493355,0.047785919082510356,551970,22,-0.04991701337206611,583829,554686,false,36.951682478944285,41.425659922912835,29.822869367571375,32.76502368907851
141,pickup,Manhattan,Lenox Hill West,Yellow Zone,0.05277825404218723,0.04940711462450593,380422,23,-0.04424752258794851,667834,638284,false,34.98839120200773,37.42431069868906,27.8886400512698,29.505053095487327
158,pickup,Manhattan,Meatpacking/West Village West,Yellow Zone,0.05268632241497265,0.048575129533678756,577945,24,-0.06383691930167845,623495,583693,false,37.28668630863272,42.22784893771491,29.86993215663295,33.24854224738023
125,pickup,Manhattan,Hudson Sq,Yellow Zone,0.05228019276079598,0.04659832246039143,356075,25,-0.013741509719906841,362915,357928,false,39.32191469076181,44.33980378735183,31.464448149015638,34.92845482890434
246,pickup,Manhattan,West Chelsea/Hudson Yards,Yellow Zone,0.05208627778184103,0.04803073967339097,1008396,26,-0.07254550370332191,1105899,1025671,false,39.00190266924455,43.382999197609756,31.082572947438823,33.952047440163724
231,pickup,Manhattan,TriBeCa/Civic Center,Yellow Zone,0.052002192063908506,0.04638218923933209,1101504,27,-0.05470797454137022,1175240,1110945,false,39.35862143053107,43.82206104713884,31.742456919437636,34.70994546084678
142,pickup,Manhattan,Lincoln Square East,Yellow Zone,0.051514912180581,0.0462962962962963,451502,28,-0.09536828788304752,711400,643555,false,38.37189893168954,42.30249175284682,30.714846471745535,33.620061641973265
186,pickup,Manhattan,Penn Station/Madison Sq West,Yellow Zone,0.05123805148799978,0.046097111247695145,609880,29,-0.03199769978024691,632983,612729,false,43.038701039369606,45.71774136690692,33.92850729008496,35.324908956488365
68,pickup,Manhattan,East Chelsea,Yellow Zone,0.050560056569105664,0.0453035336756267,1039930,30,-0.07943975035033224,1135351,1045159,false,41.846886751337614,45.86199787784783,33.09566143862097,35.639433215424845
164,pickup,Manhattan,Midtown South,Yellow Zone,0.05046111955512074,0.04497751124437781,982550,31,-0.06959962887741078,1060566,986751,false,41.53673737420922,46.66737249824053,32.51855166015104,35.987003357483545
209,pickup,Manhattan,Seaport,Yellow Zone,0.04995634780228938,0.045018007202881155,209918,32,-0.10121431777188783,236182,212277,false,40.25266925506317,44.53473659416474,32.508781151823605,35.260308935965696
262,pickup,Manhattan,Yorkville East,Yellow Zone,0.049735209061377676,0.04775549188156638,146869,33,-0.06862745098039214,371586,346085,false,34.80037089663703,36.66877151566369,27.384417335421634,28.60840334021993
146,pickup,Queens,Long Island City/Queens Plaza,Boro Zone,0.04954727451932827,0.046918986549890525,61213,34,0.020310945924723933,248339,253383,false,28.286677525478048,28.497082045754933,23.93944491199536,23.93948642963419
65,pickup,Brooklyn,Downtown Brooklyn/MetroTech,Boro Zone,0.04954542939644001,0.046831095847642834,106023,35,-0.04148487261961553,488419,468157,false,31.298917343504897,32.87351514555732,26.88334802700127,28.157642478911853
237,pickup,Manhattan,Upper East Side South,Yellow Zone,0.049398949945443485,0.044682752457551385,545643,36,0.0028380699183994107,824504,826844,false,38.42487963673526,41.958202200181816,31.199726720549183,33.75158716759163
162,pickup,Manhattan,Midtown East,Yellow Zone,0.04816775164133866,0.0436046511627907,784169,37,-0.02212898775822114,806092,788254,false,43.52260560830196,48.69193148402249,34.80892584221117,38.418327404618594
66,pickup,Brooklyn,DUMBO/Vinegar Hill,Boro Zone,0.04766156022210502,0.0453035336756267,136927,38,0.004131148061935486,377619,379179,false,33.64543751770413,35.05859090297286,28.743310347201763,29.681948552002947
13,pickup,Manhattan,Battery Park City,Yellow Zone,0.047563675537035596,0.042265426880811495,420003,39,-0.04142059845835022,456005,437117,false,43.13690200765167,47.76951397452019,34.730569686735834,37.88040945559204
43,pickup,Manhattan,Central Park,Yellow Zone,0.04735083818558732,0.043834015195791935,93544,40,-0.04431154455103048,150322,143661,false,37.23478898630848,41.12582990512305,30.175384042255946,33.03361643034644
263,pickup,Manhattan,Yorkville West,Yellow Zone,0.047273817391478234,0.045551169146674765,211319,41,-0.04118318762732143,547335,524794,false,35.23964690728452,37.22603126179009,27.71549635963308,29.134097760264012
100,pickup,Manhattan,Garment District,Yellow Zone,0.04698971980003287,0.039936102236421724,533661,42,-0.06218829730268893,571458,535920,false,45.6806378421553,50.16459042394851,35.844185364453544,38.8311323518437
12,pickup,Manhattan,Battery Park,Yellow Zone,0.04679620771998362,0.04056246619794484,9615,43,-0.16849785407725326,11650,9687,false,41.0730660944206,45.29035098585735,33.299978540772514,35.801366780220924
87,pickup,Manhattan,Financial District North,Yellow Zone,0.04674031466580652,0.04246885617214043,607147,44,-0.0077514370369412555,618982,614184,false,43.18005261865922,47.54421795423494,34.79921030013771,37.63991774451981
163,pickup,Manhattan,Midtown North,Yellow Zone,0.04672677201834351,0.041724617524339355,812565,45,-0.029669356133351532,840935,815985,false,45.51475892905922,50.98353392526471,36.919973577029765,40.88917758292149
239,pickup,Manhattan,Upper West Side South,Yellow Zone,0.046284825853898356,0.043153049482163405,257928,46,-0.08505461494782729,655132,599410,false,36.972780279397455,40.03315717122172,29.373026977769,31.758753924692375
161,pickup,Manhattan,Midtown Center,Yellow Zone,0.045638352571224464,0.04110715264456015,1160948,47,-0.014179243210356463,1183420,1166640,false,46.00945151342476,51.62712771721698,37.056336457048204,41.13149441130109
97,pickup,Brooklyn,Fort Greene,Boro Zone,0.04512975778073778,0.04357931435212086,114234,48,0.0009465859397208565,661324,661950,false,28.057965913830717,29.290859490897763,24.321655119124635,25.305164408187846
230,pickup,Manhattan,Times Sq/Theatre District,Yellow Zone,0.04502460311330538,0.038839979285344384,1182587,49,-0.040665828790346414,1237255,1186941,false,48.182440854973926,53.68568673591636,38.32097357456614,42.3147952931109
256,pickup,Brooklyn,Williamsburg (South Side),Boro Zone,0.04470389410695304,0.04239683436970039,213996,50,-0.0076425473753682915,854558,848027,false,29.13166770424483,30.375130202227528,24.896758347590385,25.85248977921668
261,pickup,Manhattan,World Trade Center,Yellow Zone,0.04412818994873573,0.03851091142490372,351715,51,-0.026914803275746135,373289,363242,false,46.391547942743195,51.9409909096414,37.366859591362015,41.28468781143177
226,pickup,Queens,Sunnyside,Boro Zone,0.04406597834014388,0.04258943781942078,93027,52,0.029054470415785794,595571,612875,false,24.616276917438373,24.67735734040055,20.924806412669053,20.88574849683849
75,pickup,Manhattan,East Harlem South,Boro Zone,0.04397038992510041,0.0430045871559633,122352,53,-0.06904943287624854,661584,615902,false,28.897418090519633,30.199222165213776,23.790877212870438,24.787237174095637
145,pickup,Queens,Long Island City/Hunters Point,Boro Zone,0.04391076009372666,0.04256526674233825,207331,54,0.03866512533463129,821800,853575,false,29.157275456318896,29.522610350588845,23.997395339498745,24.117035433324336
7,pickup,Queens,Astoria,Boro Zone,0.0436683340301798,0.04212299915754002,125748,55,-0.013179143161130669,976543,963673,false,24.55029247048413,24.66928581583546,20.75419876032044,20.83547538428431
193,pickup,Queens,Queensbridge/Ravenswood,Boro Zone,0.043625354479826545,0.04152823920265781,22605,56,0.13000543129412923,141771,160202,false,25.644505434820218,26.27064680840349,21.840212173152484,22.245227650091643
236,pickup,Manhattan,Upper East Side North,Yellow Zone,0.04339339834920256,0.04082743603701687,292168,57,-0.06851749117602124,746262,695130,false,37.418250198997804,40.197790111208455,29.980305495924622,32.07629862040161
88,pickup,Manhattan,Financial District South,Yellow Zone,0.04338879739168766,0.038540596094552924,236455,58,-0.06970886984103009,264830,246369,false,45.54666314238903,50.53102898497484,36.89882154589721,40.23510149410025
74,pickup,Manhattan,East Harlem North,Boro Zone,0.04297107659988708,0.04180602006688963,79084,59,-0.022116343210648592,713183,697410,false,24.792250348083492,25.326557233190115,20.66064219141466,21.09334688346867
238,pickup,Manhattan,Upper West Side North,Yellow Zone,0.04292320079048219,0.04110715264456015,147717,60,-0.07916929122754235,531835,489730,false,34.844988351646876,37.2871148796265,27.607341243054343,29.498230453514967
33,pickup,Brooklyn,Brooklyn Heights,Boro Zone,0.04262945214293932,0.04120879120879121,132467,61,-0.017660884670162802,485876,477295,false,34.43094664070197,36.01110832922849,29.539281154038957,30.773451890340162
217,pickup,Brooklyn,South Williamsburg,Boro Zone,0.04261316645292003,0.04034969810719485,12422,62,0.0425374666392937,170485,177737,false,20.834607971375043,20.224647090925732,18.172460216441316,17.656567625198978
54,pickup,Brooklyn,Columbia Street,Boro Zone,0.04196131609622918,0.04033342296316214,13729,63,0.03503206794938474,57690,59711,false,30.881651932743967,31.05875517073895,26.014210088403487,26.0297814473045
151,pickup,Manhattan,Manhattan Valley,Yellow Zone,0.04192000641102974,0.04059539918809201,67152,64,-0.09030577292967623,303624,276205,false,31.45251304244412,33.34299542006548,25.598081442837213,27.0564619032964
152,pickup,Manhattan,Manhattanville,Boro Zone,0.041599799823636374,0.04019292604501608,34346,65,-0.05281424149943237,231661,219426,false,26.425758673232526,27.368205909964004,22.14816317809221,22.913872011520905
80,pickup,Brooklyn,East Williamsburg,Boro Zone,0.04128838262541564,0.03949447077409163,130453,66,-0.04827770051276359,829037,789013,false,28.067692443162848,28.1644775688124,23.87187767252852,24.016531780844826
34,pickup,Brooklyn,Brooklyn Navy Yard,Boro Zone,0.040975336902196326,0.03800354699771979,20761,67,-0.12372654435914066,95606,83777,false,31.812754952617535,33.51820786134586,27.384759952304258,28.73438903278938
25,pickup,Brooklyn,Boerum Hill,Boro Zone,0.04081088541112794,0.039619651347068144,103494,68,0.0022661214005677,591760,593101,false,30.905025246718424,32.25654428166452,26.678384919561847,27.80871435050669
24,pickup,Manhattan,Bloomingdale,Yellow Zone,0.04072492756687468,0.03990422984836392,30358,69,-0.07394908513420084,146087,135284,false,30.106825111062996,31.583447340409,24.64511113240745,25.81279574820376
179,pickup,Queens,Old Astoria,Boro Zone,0.04068731196405809,0.03912363067292644,44415,70,0.021100397376909497,347529,354862,false,25.901173254603066,25.827909130870168,21.805385248425456,21.73196893440259
260,pickup,Queens,Woodside,Boro Zone,0.04064247745910758,0.03933910306845004,36418,71,0.04913092052274681,423379,444180,false,22.13986980931634,22.03896033139316,18.91855245536517,18.84433313071271
49,pickup,Brooklyn,Clinton Hill,Boro Zone,0.04052507123823779,0.039619651347068144,96946,72,3.4123259713858545e-05,615416,615437,false,26.80892638474912,27.95610132312287,23.207730088265183,24.145962234964617
112,pickup,Brooklyn,Greenpoint,Boro Zone,0.040246401731970576,0.039359748097612175,220820,73,0.03436190660345928,951577,984275,false,28.529809043310923,29.688516623919355,23.801774885269676,24.689946915241947
255,pickup,Brooklyn,Williamsburg (North Side),Boro Zone,0.04019541011945801,0.038061405734585135,237461,74,-0.026339305404011304,1042966,1015495,false,31.275986254596084,32.70376486345142,26.505335178712123,27.7093658560602
52,pickup,Brooklyn,Cobble Hill,Boro Zone,0.03914149457755074,0.03798429982273993,32565,75,-0.014449411320279548,158830,156535,false,31.618221872441254,32.63303133484422,26.990287477176892,27.73368102980158
116,pickup,Manhattan,Hamilton Heights,Boro Zone,0.03902367928553903,0.03800354699771979,56445,76,-0.01962177155943512,458929,449924,false,26.07637625863165,26.78271034663155,21.851517838271196,22.477555809425542
42,pickup,Manhattan,Central Harlem North,Boro Zone,0.038459030710511564,0.03788835564536499,91886,77,-0.021126161032950952,916210,896854,false,24.548350454592118,25.020225610859875,20.73652490149623,21.15977632925713
83,pickup,Queens,Elmhurst/Maspeth,Boro Zone,0.038146571440677936,0.037267080745341616,17904,78,0.11122377605963729,213021,236714,false,22.003009750211397,22.110766536832365,18.772837232009945,18.871776743242815
41,pickup,Manhattan,Central Harlem,Boro Zone,0.03814508450954254,0.03753753753753754,80629,79,-0.013537513591881156,662160,653196,false,26.697134076352107,27.007131825668207,22.281148861301705,22.599863823415642
105,pickup,Manhattan,Governor's Island/Ellis Island/Liberty Island,Yellow Zone,0.03800392023688976,0.034884326954639125,12,80,0.25,12,15,true,71.70916666666666,50.79066666666667,60.494166666666665,40.389333333333326
166,pickup,Manhattan,Morningside Heights,Boro Zone,0.037990289207736005,0.03687315634218289,91592,81,-0.05929441627720966,453837,426927,false,30.621603703525853,32.16324448910067,25.205968728860466,26.476679572854216
17,pickup,Brooklyn,Bedford,Boro Zone,0.03797774288061886,0.036891293654697496,78448,82,-0.03311965306151432,844876,816894,false,23.840297250719225,24.74329842060241,20.761853041156087,21.538318545612924
244,pickup,Manhattan,Washington Heights South,Boro Zone,0.03766821679318763,0.03665689149560117,88427,83,-0.011916313388923738,770876,761690,false,27.93047148957843,28.721805458914954,23.182595579574127,23.91402392049232
168,pickup,Bronx,Mott Haven/Port Morris,Boro Zone,0.037063893628707226,0.036118468576932336,43611,84,0.08016097881393325,612006,661065,false,23.577606771823117,24.225881963193437,20.100059443861376,20.699826915658647
189,pickup,Brooklyn,Prospect Heights,Boro Zone,0.03696271109914728,0.03636363636363636,46406,85,-0.009500838702095171,374388,370831,false,28.144848659675308,28.95903619168423,24.44312993472018,25.155316033449125
8,pickup,Queens,Astoria Park,Boro Zone,0.036844006206084405,0.03602770555218657,306,86,-0.1078364176376514,4377,3905,false,25.682501713502372,25.543528809218927,21.71061686086361,21.64327272727272
202,pickup,Manhattan,Roosevelt Island,Boro Zone,0.036784173683510696,0.036153289949385395,16060,87,-0.04336143010691862,70708,67642,false,36.638973383492434,38.80973256260874,30.634641907563477,32.349598326483566
40,pickup,Brooklyn,Carroll Gardens,Boro Zone,0.03634908926695349,0.03542749173358526,47371,88,0.054496544090201215,233079,245781,false,31.439803886234515,31.859545408308257,26.415354536444788,26.692213433910634
37,pickup,Brooklyn,Bushwick South,Boro Zone,0.03601049685929618,0.03428571428571429,116254,89,0.0047469716423036434,1103651,1108890,false,25.364431862978563,26.461539467403785,21.908096291310255,22.865840371902998
159,pickup,Bronx,Melrose South,Boro Zone,0.03518867438719327,0.03389447563319981,19790,90,0.02144784622047502,450255,459912,false,21.9447211469021,22.544059624445786,18.92961810529594,19.517815516881363
106,pickup,Brooklyn,Gowanus,Boro Zone,0.03512109371569522,0.033913633280578795,24031,91,0.05966628811042196,206046,218340,false,27.273414140530537,27.766360630208485,23.327846742960304,23.728066593386362
120,pickup,Manhattan,Highbridge Park,Boro Zone,0.035060220079483694,0.03384104443426478,866,92,-0.08343795267986476,10355,9491,false,25.907079671656216,26.82107470234963,21.749298889425404,22.623353703508585
243,pickup,Manhattan,Washington Heights North,Boro Zone,0.03480484789854458,0.033952014486192846,62950,93,0.016124054642939534,537892,546565,false,27.119334903654394,27.986346271711913,22.73441436199053,23.520653774024847
82,pickup,Queens,Elmhurst,Boro Zone,0.034740897420890926,0.034106412005457026,32901,94,0.06228500808287807,672409,714290,false,22.162579843510642,22.012040683752193,19.120275100421857,19.05009802741162
129,pickup,Queens,Jackson Heights,Boro Zone,0.03431582746219657,0.033415014479839605,44268,95,0.01528964849828185,761561,773205,false,23.086835250224535,22.985876927850303,19.692959014444668,19.662002457304038
195,pickup,Brooklyn,Red Hook,Boro Zone,0.03393806720442523,0.03271537622682661,36922,96,0.09912879551484965,183539,201733,false,33.549620625587934,34.41388617628082,28.25285879295404,28.955545547827974
36,pickup,Brooklyn,Bushwick North,Boro Zone,0.033839527886246445,0.0326512842838485,75703,97,0.005526908906939854,812389,816879,false,25.29730939242062,26.105467345837425,21.838579202819904,22.56959688032098
127,pickup,Manhattan,Inwood,Boro Zone,0.03376269037387875,0.032996040475142985,29797,98,0.004511758412123035,366376,368029,false,25.260685252306182,25.69047420175802,21.626593062864412,22.030026166416185
157,pickup,Queens,Maspeth,Boro Zone,0.03372542468551101,0.03328894806924101,36413,99,0.049255340487413424,319072,334788,false,24.895519663271358,25.590419817911513,21.28600782895407,21.888977113875015
225,pickup,Brooklyn,Stuyvesant Heights,Boro Zone,0.03369062033099234,0.032411408815903195,71185,100,-0.02172651903273415,817066,799314,false,24.730617575567933,25.96334359213062,21.552685021772938,22.620519445424176
181,pickup,Brooklyn,Park Slope,Boro Zone,0.033639680590877075,0.03234850118611171,120522,101,0.005529379736755491,980761,986184,false,29.40213493400431,29.52029395123965,25.203261497960316,25.262773539217466
207,pickup,Queens,Saint Michaels Cemetery/Woodside,Boro Zone,0.03342180766549748,0.03228236643328658,234,102,0.08959276018099538,15470,16856,false,18.075754363283895,17.596295087802602,15.745158371040766,15.289514119601321
61,pickup,Brooklyn,Crown Heights North,Boro Zone,0.0333629312380033,0.03248862897985705,81759,103,-0.03169348300754948,1343273,1300700,false,23.591711714606426,24.643792404101017,20.665054437930166,21.615228776812067
223,pickup,Queens,Steinway,Boro Zone,0.03329235611108141,0.032037590773173856,42675,104,0.016328662733529953,488160,496131,false,25.62951743280215,25.627140291570633,21.37293397656468,21.44757304018453
235,pickup,Bronx,University Heights/Morris Heights,Boro Zone,0.033246682300021264,0.032390412437918376,18836,105,0.021997667532143383,416726,425893,false,21.78651363245603,22.514230499206516,18.91065935410807,19.595222086298588
69,pickup,Bronx,East Concourse/Concourse Village,Boro Zone,0.03299079641399208,0.03216123499142367,21965,106,0.014326321327334357,509412,516710,false,22.379179171275155,23.045260436216616,19.339575255392415,19.99618594569488
198,pickup,Queens,Ridgewood,Boro Zone,0.0328650101622869,0.0320786997433704,47778,107,0.03855098871046336,613577,637231,false,24.383257553649873,25.077672429618094,21.107795207446976,21.745099077100477
169,pickup,Bronx,Mount Hope,Boro Zone,0.03249294585777955,0.03164556962025317,15365,108,-0.006025428064347027,474987,472125,false,20.921218117545028,21.665966301293395,18.15768284184617,18.869280720148154
147,pickup,Bronx,Longwood,Boro Zone,0.03230928528944942,0.03095975232198142,8775,109,0.021978960149498628,210838,215472,false,22.452018326866227,22.79310355869805,19.272398523985284,19.624672672087293
167,pickup,Bronx,Morrisania/Melrose,Boro Zone,0.03230410754562734,0.031017369727047148,14233,110,0.021254563987509467,370838,378720,false,21.55754100172931,22.209805713981243,18.66034570351482,19.259650480566098
62,pickup,Brooklyn,Crown Heights South,Boro Zone,0.03224860167222514,0.03136762860727729,20684,111,-0.005735264719071931,370166,368043,false,24.092628820580458,25.155684254282043,21.093129812030433,22.063937990941245
160,pickup,Queens,Middle Village,Boro Zone,0.032181118958840266,0.031321779077051574,14935,112,0.06113993064414025,211662,224603,false,23.558897676483074,23.859907970952083,20.325222760816843,20.619584555860683
56,pickup,Queens,Corona,Boro Zone,0.03216181871745618,0.0316055625790139,15935,113,0.04904469992500715,290694,304951,false,23.62883344685341,23.20034890851115,20.353744693733027,20.036593551095
119,pickup,Bronx,Highbridge,Boro Zone,0.032145324475796676,0.03199658703071672,19171,114,0.01894814788274002,334914,341260,false,23.206518210643456,24.331018167963432,19.96540123733262,21.024400076188208
196,pickup,Queens,Rego Park,Boro Zone,0.031725710195103916,0.031168831505280017,15868,115,0.07191932988842442,243064,260545,false,24.088629332191243,23.95171893530747,20.737402453674733,20.677321460784015
190,pickup,Brooklyn,Prospect Park,Boro Zone,0.031699342613520844,0.030624744793793388,5322,116,-0.07985111737315587,66361,61062,false,27.933303144919513,27.306710228947633,24.280319766127683,23.76222806327997
128,pickup,Manhattan,Inwood Hill Park,Boro Zone,0.03146638233200291,0.03062161918195487,2848,117,0.04287858214821694,27986,29186,false,28.115898306296113,27.701391420544216,24.034869934967475,23.762744809155084
247,pickup,Bronx,West Concourse,Boro Zone,0.031139469394557057,0.030953363598844406,27872,118,0.04752411293505965,501598,525436,false,23.96780796573641,24.847714907234145,20.582236611788556,21.468114270814944
153,pickup,Manhattan,Marble Hill,Boro Zone,0.030931838069272424,0.03000900300108041,2926,119,-0.007073035876357436,95857,95179,false,20.381211283474393,20.864571491610477,17.82475958980566,18.315132014414942
136,pickup,Bronx,Kingsbridge Heights,Boro Zone,0.030721076693346963,0.0298804780876494,10283,120,0.03484312528085365,260367,269439,false,22.0497030345617,23.061796770325394,19.177377893511906,20.163634217763533
47,pickup,Bronx,Claremont/Bathgate,Boro Zone,0.030523210252599433,0.029597474348855565,8834,121,0.014598583961366485,333183,338047,false,20.609239787142716,21.289222208744068,17.93882584045413,18.58349868509408
94,pickup,Bronx,Fordham South,Boro Zone,0.030412609784755774,0.029827003380393718,6122,122,-0.0023084156088387653,212700,212209,false,21.126634790784284,21.722701299189993,18.384060554771935,18.996440348901242
188,pickup,Brooklyn,Prospect-Lefferts Gardens,Boro Zone,0.030408786729666386,0.029371450949676914,39741,123,-0.00832427521962642,761748,755407,false,24.197387219917104,24.645467211713907,21.116400016802984,21.547860266054926
212,pickup,Bronx,Soundview/Bruckner,Boro Zone,0.03028445043890345,0.028951939779965255,9403,124,0.04250092410054207,259712,270750,false,21.450184512073886,21.59565975992506,18.37037302858549,18.453076786703487
60,pickup,Bronx,Crotona Park East,Boro Zone,0.030280800194473788,0.028851702250432775,7556,125,0.03113667736365766,225297,232312,false,21.463890420199956,21.70990947518758,18.53713666848647,18.731978933503076
126,pickup,Bronx,Hunts Point,Boro Zone,0.030250318559507,0.02913187026607108,10027,126,0.028655670344388096,307618,316433,false,22.50256438179702,22.779327914596152,19.354735581142933,19.639677530472465
257,pickup,Brooklyn,Windsor Terrace,Boro Zone,0.030233216630753984,0.02917720287881735,20380,127,0.07134109001837108,146970,157455,false,29.331407430086692,30.046703566097225,24.746672858406484,25.276645517766887
173,pickup,Queens,North Corona,Boro Zone,0.030188064568378675,0.029785544082605243,7583,128,0.085855610804068,230876,250698,false,22.355685129678815,22.23390784928359,19.28329384604718,19.238748573981297
133,pickup,Brooklyn,Kensington,Boro Zone,0.03015790969070708,0.029205607476635514,14531,129,0.007680314142172406,190487,191950,false,25.591848315107036,25.37544845011613,21.929134691606226,21.73086642354776
227,pickup,Brooklyn,Sunset Park East,Boro Zone,0.029767033797921085,0.02840371141829199,14494,130,0.07061365305460199,234204,250742,false,24.79993104302104,24.95113889974423,21.19872909941769,21.31594918282528
177,pickup,Brooklyn,Ocean Hill,Boro Zone,0.029726108368613717,0.02883783550630291,14476,131,-0.028739089789987182,432164,419744,false,22.37439578493028,22.89494413261072,19.645297757332948,20.15806401044447
228,pickup,Brooklyn,Sunset Park West,Boro Zone,0.029605709112569354,0.02862595419847328,45069,132,0.05607997057827396,481277,508267,false,27.65579460476342,27.83811691492421,23.588104044032484,23.718276535757518
248,pickup,Bronx,West Farms/Bronx River,Boro Zone,0.029592838135239833,0.028735632183908046,9621,133,0.02129314933868387,244210,249410,false,21.996316858440462,22.269657591915873,18.858476884648514,19.08198664849041
78,pickup,Bronx,East Tremont,Boro Zone,0.02954094374417573,0.028333962976955045,13444,134,0.020875949861394627,440459,449654,false,21.530714618156626,22.1326484141103,18.622659384868964,19.155276790598894
111,pickup,Brooklyn,Green-Wood Cemetery,Boro Zone,0.029324058873388473,0.02841883696454841,302,135,-0.08321060382916057,4074,3735,false,24.615827196858106,25.739563587684053,21.14129602356406,21.980575635876836
241,pickup,Bronx,Van Cortlandt Village,Boro Zone,0.028569505429820587,0.027767493520918177,14797,136,0.025486241940191556,376870,386475,false,22.615792687131165,23.171752713626695,19.63079881656822,20.187291002005253
89,pickup,Brooklyn,Flatbush/Ditmas Park,Boro Zone,0.028533439352694003,0.027362276541408246,46229,137,0.011764601379114392,788042,797313,false,25.412129277371754,25.265590263798394,21.972623121609967,21.89648728918218
85,pickup,Brooklyn,Erasmus,Boro Zone,0.028473132185630724,0.02751283932501834,14458,138,0.0062017618713776645,315233,317188,false,24.291520875033733,24.185837074540306,21.18977166096204,21.13592957488926
95,pickup,Queens,Forest Hills,Boro Zone,0.02823826183499229,0.027757216876387863,40194,139,0.04658470715289953,656503,687086,false,25.69185140052158,25.215687832380254,22.126442514351847,21.784887743309675
102,pickup,Queens,Glendale,Boro Zone,0.02821734178111048,0.027793218454697056,8710,140,0.02716472948635129,233759,240109,false,22.435878233564193,22.863119874722372,19.61057824511566,20.04647772469994
18,pickup,Bronx,Bedford Park,Boro Zone,0.027799290190376465,0.02682403433476395,11971,141,0.0519693083510846,460060,483969,false,21.47749739164108,21.943130964995483,18.68608588010257,19.163362033518624
57,pickup,Queens,Corona,Boro Zone,0.02775233110850943,0.028222013170272814,731,142,0.10413072647115196,20868,23041,false,24.71061912976809,24.2327221040754,21.18495926777844,20.847874658217975
59,pickup,Bronx,Crotona Park,Boro Zone,0.0277145360640919,0.02657455180680901,550,143,0.11964107676969093,11033,12353,false,22.74726819541377,23.03438355055452,19.61016405329467,19.850046142637407
192,pickup,Queens,Queensboro Hill,Boro Zone,0.02769368824721316,0.027357286157213206,5167,144,0.049389731481852106,124945,131116,false,24.552291168113424,24.605462109886933,21.231566209132026,21.383101147075855
220,pickup,Bronx,Spuyten Duyvil/Kingsbridge,Boro Zone,0.027600767398523043,0.02706604114038253,19313,145,0.056938728189670273,345020,364665,false,24.69012784765866,24.64402462533806,21.019421743667156,21.07132795853709
250,pickup,Bronx,Westchester Village/Unionport,Boro Zone,0.027557161543010678,0.026586316908897553,7055,146,0.04403142905816693,240669,251266,false,22.488300653593814,22.561488900208275,19.325095338410904,19.41502097378867
14,pickup,Brooklyn,Bay Ridge,Boro Zone,0.027304104027047783,0.02612330198537095,40288,147,0.04477765108323828,526200,549762,false,26.761948042561773,26.802857145451565,22.543787267197676,22.57312187819376
213,pickup,Bronx,Soundview/Castle Hill,Boro Zone,0.02715557560669532,0.02617344268016053,13902,148,0.030600966589619638,475900,490463,false,22.776880289972983,22.69468602116376,19.63348602647611,19.577402474804316
182,pickup,Bronx,Parkchester,Boro Zone,0.027134132240874968,0.02633195842282455,10308,149,0.034993509019958235,259591,268675,false,23.655620341227955,23.81389403554362,20.302118871609593,20.437073899692876
35,pickup,Brooklyn,Brownsville,Boro Zone,0.02678618772111317,0.025826446280991736,11725,150,-0.011244082382000364,616591,609658,false,20.992585928105193,21.540637144098778,18.504703328462085,19.036369325096857
67,pickup,Brooklyn,Dyker Heights,Boro Zone,0.02674711804075328,0.02579092159559835,13024,151,0.05316047822987713,172553,181726,false,24.817695200893848,24.69484933361119,21.044980035119654,20.93103557003388
199,pickup,Bronx,Rikers Island,Boro Zone,0.0263799310098872,0.025782055689240288,3,152,0.16129032258064524,31,36,true,59.38903225806452,61.70972222222221,49.52870967741936,50.70805555555556
258,pickup,Queens,Woodhaven,Boro Zone,0.025997528771203256,0.025534088192467344,9794,153,0.026450219951840825,321434,329936,false,23.970204396546148,23.925197523153344,20.907955941188646,20.951412395131157
71,pickup,Brooklyn,East Flatbush/Farragut,Boro Zone,0.025989096131836423,0.02518045996306866,12826,154,-0.01323661159240308,436441,430664,false,22.21855235873481,22.636025161142992,19.513807708258373,19.908670123344304
32,pickup,Bronx,Bronxdale,Boro Zone,0.025618642569377768,0.024807740184521067,6978,155,0.034592730929464244,243635,252063,false,22.70064161553043,22.74749177784816,19.62168744228045,19.717463967341462
63,pickup,Brooklyn,Cypress Hills,Boro Zone,0.025554768000149494,0.024826216484607744,8564,156,0.023521739405719888,315878,323308,false,22.66249773646647,23.14730773751123,19.839723690792262,20.33069886918968
72,pickup,Brooklyn,East Flatbush/Remsen Village,Boro Zone,0.02551082881530364,0.024557956777996073,9662,157,-0.022012794666991242,509431,498217,false,21.015400652880857,21.591004923553104,18.541983291162005,19.102725940704527
22,pickup,Brooklyn,Bensonhurst West,Boro Zone,0.02527453539318855,0.024181847493148476,14622,158,0.0743505605687722,329130,353601,false,22.728235347733264,22.61132711728461,19.58913730137044,19.514263421200724
200,pickup,Bronx,Riverdale/North Riverdale/Fieldston,Boro Zone,0.025266270338915025,0.02495425054067543,18731,159,0.05719659748483852,201498,213023,false,32.13346603936396,32.33779122442041,26.729082075256443,27.042104843138937
174,pickup,Bronx,Norwood,Boro Zone,0.025198918463237588,0.024634586960091968,10427,160,0.03182154964776407,419747,433104,false,22.886606431966296,23.12006271010762,19.846827017226982,20.119204140344976
26,pickup,Brooklyn,Borough Park,Boro Zone,0.025023171553305714,0.02436845113958287,13828,161,0.013055951591030901,516929,523678,false,21.20012558784116,21.326967525840523,18.41408887874336,18.560635161301175
77,pickup,Brooklyn,East New York/Pennsylvania Avenue,Boro Zone,0.02501880703318801,0.023919630651303585,5942,162,-0.01594064177565968,298796,294033,false,21.8013590878045,22.309468086913952,19.15551202157998,19.65698112116663
194,pickup,Manhattan,Randalls Island,Yellow Zone,0.02499803232571942,0.02412933463096137,6004,163,0.43037901213070984,17229,24644,false,51.934942828951286,53.41223218633338,33.62113645597541,34.4868535951956
135,pickup,Queens,Kew Gardens Hills,Boro Zone,0.02498096369391673,0.024650780608052588,6779,164,0.038491221300405165,176222,183005,false,25.743035319085102,25.780152946639824,22.251669768814317,22.3968285019535
73,pickup,Queens,East Flushing,Boro Zone,0.024963056072217056,0.024495795051861398,3428,165,0.045221549121705173,98714,103178,false,22.926359786858924,23.317455949911583,19.918163684988972,20.31161119618527
242,pickup,Bronx,Van Nest/Morris Park,Boro Zone,0.024841105131567322,0.024096385542168676,8116,166,0.0335111001505366,389274,402319,false,22.196073665333373,23.039646921966494,19.262674131845568,20.024166494746623
20,pickup,Bronx,Belmont,Boro Zone,0.024754721275742575,0.024177949709864605,12429,167,0.04075975254705999,294359,306357,false,23.426455178878903,24.181903432920762,20.191211242054827,20.87412267387392
121,pickup,Queens,Hillcrest/Pomonok,Boro Zone,0.024643986274667566,0.024213075060532687,7397,168,0.043755329378254215,220476,230123,false,25.680684655018037,25.616533810178677,22.344837896188267,22.36345689044551
96,pickup,Queens,Forest Park/Highland Park,Boro Zone,0.024580490031842945,0.02439421044072207,949,169,0.007234726688102988,14928,15036,false,25.986722266881042,26.270261372705516,22.569815782422317,22.823697791965976
70,pickup,Queens,East Elmhurst,Boro Zone,0.024578890010520174,0.023957834211787255,16649,170,-7.501312729729648e-05,239958,239940,false,26.983182932011818,27.35407893639933,22.70826311271138,23.149318371259554
134,pickup,Queens,Kew Gardens,Boro Zone,0.02457335383600262,0.024479804324564345,6822,171,0.0771490464335367,216503,233206,false,24.415788649578747,24.409195432363333,21.093062359413043,21.184210697837855
183,pickup,Bronx,Pelham Bay,Boro Zone,0.024553355237417872,0.024301336732970157,4348,172,0.014482242471471451,129607,131484,false,23.41778237286515,23.908167001307653,20.120615476015956,20.517312600772673
28,pickup,Queens,Briarwood/Jamaica Hills,Boro Zone,0.02450476913020859,0.024273808719480483,8310,173,0.036619280537878884,244516,253470,false,24.042681583208136,23.972905629856417,20.828997284431274,20.885216988203695
185,pickup,Bronx,Pelham Parkway,Boro Zone,0.024500479329574883,0.023670506548840148,10197,174,0.04408462811613911,311764,325508,false,23.759005882653273,24.17002473057265,20.44373757072666,20.830725542843744
92,pickup,Queens,Flushing,Boro Zone,0.024352281380302238,0.02406159769008662,32004,175,0.05863547758284593,500175,529503,false,27.208504943263204,27.699098834186305,23.222996511220746,23.754708283050277
11,pickup,Brooklyn,Bath Beach,Boro Zone,0.02433741632815279,0.02352572145545797,5015,176,0.07379123111587194,108292,116283,false,24.146730506408264,24.335763009209895,20.742997820706954,20.93994177996782
197,pickup,Queens,Richmond Hill,Boro Zone,0.024228290460636064,0.024077046548956663,9145,177,0.03373551025713639,430822,445356,false,22.383869161738236,22.269304197087767,19.55163580318558,19.543897668381973
254,pickup,Bronx,Williamsbridge/Olinville,Boro Zone,0.023998519297265777,0.023180343069077423,9783,178,0.050548153954234065,479701,503949,false,22.242438727453145,22.161128130024796,19.35820356847278,19.36045568103125
21,pickup,Brooklyn,Bensonhurst East,Boro Zone,0.023821068353623916,0.023045014595175908,9501,179,0.07685788188072928,250137,269362,false,22.70396114928897,22.537675173185697,19.68286143193531,19.559386661815623
130,pickup,Queens,Jamaica,Boro Zone,0.023816357203135505,0.023386342944518267,13922,180,0.08750844557778659,734112,798353,false,23.33601955831875,23.51795616725837,20.41609189061025,20.648223029160945
240,pickup,Bronx,Van Cortlandt Park,Boro Zone,0.02377928747105405,0.02328108024212323,2349,181,0.12562938633863707,64547,72656,false,23.20878135312266,22.9687398150187,20.191033665391103,20.04453204140062
178,pickup,Brooklyn,Ocean Parkway South,Boro Zone,0.023752414299392764,0.02311070039136802,4892,182,0.017005911301359866,103023,104775,false,22.761695931976185,22.748846385110763,19.660178989157775,19.658239083750868
180,pickup,Queens,Ozone Park,Boro Zone,0.023708998318647707,0.02360532038054399,3424,183,0.04171281136446625,167047,174015,false,21.951176195920077,21.97475160187264,19.13895454572666,19.215143522110093
171,pickup,Queens,Murray Hill-Queens,Boro Zone,0.023588109727619683,0.023237800154918668,6728,184,0.05946354122351738,188048,199230,false,23.89825581766264,23.9787505897696,20.631613258317028,20.797197761381234
53,pickup,Queens,College Point,Boro Zone,0.023424771173221486,0.02310536044362292,5435,185,0.05041048034934503,143125,150340,false,27.70926525764117,27.847276040973053,23.901946969432267,24.085653119595563
165,pickup,Brooklyn,Midwood,Boro Zone,0.023420650024433165,0.022593764121102575,11843,186,0.031755896692800434,300889,310444,false,24.277422670817256,24.069793908077592,21.047859709062337,20.96077469688567
208,pickup,Bronx,Schuylerville/Edgewater Park,Boro Zone,0.023399872709860617,0.022974421810384435,10904,187,0.023731354700527785,326825,334581,false,25.1127054233896,25.351056007361795,21.495932502103706,21.73930007980114
259,pickup,Bronx,Woodlawn/Wakefield,Boro Zone,0.023232973596581042,0.022597167821633023,7359,188,0.0758482229995383,322763,347244,false,23.33104209590153,22.902899056568973,20.321696724841633,20.026965073550553
76,pickup,Brooklyn,East New York,Boro Zone,0.02317661150497945,0.022418173666118667,14963,189,0.009654559214051783,1095441,1106017,false,21.148797306293133,21.20643917770108,18.62509834851892,18.731192016035493
3,pickup,Bronx,Allerton/Pelham Gardens,Boro Zone,0.023136080971823236,0.022627847337456628,4676,190,0.054938383472272534,220720,232846,false,21.863825253714072,21.83834229490633,18.9577889633925,18.963617240579545
91,pickup,Brooklyn,Flatlands,Boro Zone,0.02296174283965073,0.02221235201496042,10238,191,0.0015681003584229192,491040,491810,false,22.909227456006793,22.981351904185978,20.148978983381973,20.26631825298375
98,pickup,Queens,Fresh Meadows,Boro Zone,0.0227637569859186,0.022331398440465826,2578,192,0.09379629418601998,87754,95985,false,25.911539758871207,25.73896327551152,22.644127675091774,22.576241704433
81,pickup,Bronx,Eastchester,Boro Zone,0.022690924722857345,0.022237047042345824,4870,193,0.05414249698405693,276862,291852,false,21.895561290461284,21.709691555993054,19.055855083037855,18.939548469772294
9,pickup,Queens,Auburndale,Boro Zone,0.022293060529552596,0.022000586682311526,2931,194,0.07640861950027467,85527,92062,false,25.148820372513843,25.169431687340946,21.87260023150587,21.998936043101377
131,pickup,Queens,Jamaica Estates,Boro Zone,0.022099871088609967,0.021853146853146852,4557,195,0.048653174426666945,152878,160316,false,25.54636736482604,25.583049976296046,22.250998312379778,22.398548741235956
122,pickup,Queens,Hollis,Boro Zone,0.022004288499929983,0.021673168617251843,1707,196,0.08641359071232468,116197,126238,false,23.87575608664555,23.541021800091368,20.953717910100945,20.75684088784672
31,pickup,Bronx,Bronx Park,Boro Zone,0.021952053340371626,0.021493051021589753,3712,197,0.03972616184914357,40754,42373,false,29.820564852529884,30.913573737993612,25.13883078961573,26.056329974276082
58,pickup,Bronx,Country Club,Boro Zone,0.02193601495258475,0.021765944584828383,1324,198,0.02462235649546818,33100,33915,false,26.310420241691922,26.855336576736057,22.396042900302117,22.899297361049676
108,pickup,Brooklyn,Gravesend,Boro Zone,0.02187863334328612,0.021522347481457645,4266,199,0.07010204452191604,137685,147337,false,23.340278389075873,23.181934544614833,20.279913062425138,20.217629787493884
215,pickup,Queens,South Jamaica,Boro Zone,0.021773444572217332,0.0215998273133541,3326,200,0.01853951211810223,316675,322546,false,21.303360037892386,21.21860196684945,18.695003457803814,18.70737935054212
51,pickup,Bronx,Co-Op City,Boro Zone,0.021653724382058825,0.021234428086070217,7105,201,0.028492743303524692,381992,392876,false,24.582055906927003,24.9419522190176,21.419126159710146,21.788810998890106
6,pickup,Staten Island,Arrochar/Fort Wadsworth,Boro Zone,0.0216492990776192,0.02105854274884178,2011,202,0.08459208956593556,54485,59094,false,25.890630265210692,26.23991572748515,22.049220886482523,22.548331810336112
149,pickup,Brooklyn,Madison,Boro Zone,0.021511477541785597,0.021014289717007566,6295,203,0.05244498414167609,235523,247875,false,21.841838631470008,21.82735967725539,19.09717785524138,19.112683449319128
175,pickup,Queens,Oakland Gardens,Boro Zone,0.021488777217962985,0.02158273381294964,2813,204,0.043666937889883295,77427,80808,false,28.646254665684953,28.592452603702423,24.909083782143192,24.987805415305363
123,pickup,Brooklyn,Homecrest,Boro Zone,0.021442583892237008,0.02102017937219731,10119,205,0.06603803380860973,284957,303775,false,22.079847029550493,21.75575327133414,19.17304842485025,18.938578224014407
16,pickup,Queens,Bayside,Boro Zone,0.02131098768044188,0.021279614129663782,5565,206,0.08444196815751992,190249,206314,false,26.555870779871572,26.465296344406013,23.11104873087379,23.140674845138907
39,pickup,Brooklyn,Canarsie,Boro Zone,0.021137857556521422,0.020426227370516047,9706,207,0.01792830594210537,730465,743561,false,21.528075677815483,21.32263792748372,18.99361571053967,18.880349493854204
252,pickup,Queens,Whitestone,Boro Zone,0.021046297967337688,0.02085360767412762,4485,208,0.09965704391835639,120132,132104,false,27.718879649052102,27.32562776297398,23.778662554523358,23.503427678192878
216,pickup,Queens,South Ozone Park,Boro Zone,0.021015680013496886,0.020830440216636575,9693,209,0.058787888203582606,643670,681510,false,21.49858884210057,21.180580930576767,18.53664863983034,18.302639433023206
221,pickup,Staten Island,Stapleton,Boro Zone,0.020823455764483596,0.02051843709488682,3308,210,0.057520149683362165,138960,146953,false,22.537916090960795,22.947693344129835,19.37349589810016,19.873117323225745
93,pickup,Queens,Flushing Meadows-Corona Park,Boro Zone,0.020716937261355216,0.02021018593371059,8221,211,-0.0709818161735265,72427,67286,false,42.87429812086598,45.253143298754175,36.37322517845552,38.54680156347531
138,pickup,Queens,LaGuardia Airport,Airports,0.02050794810052271,0.02021563342318059,867230,212,0.045637679791178165,1959565,2048995,false,69.99906662960338,74.64014356794436,55.34682252438685,59.349389608075946
191,pickup,Queens,Queens Village,Boro Zone,0.020129527832484485,0.01996007984031936,4419,213,0.09244338173969391,279371,305197,false,24.678933747596,24.35263275851145,21.67713517151041,21.484287361933408
115,pickup,Staten Island,Grymes Hill/Clifton,Boro Zone,0.020093552422913868,0.019589919058865188,1880,214,0.07103101630501407,81570,87364,false,23.566000980752673,23.531663156448715,20.190156552654194,20.353282244402706
15,pickup,Queens,Bay Terrace/Fort Totten,Boro Zone,0.019872014921430863,0.019538882375928098,2760,215,0.05464386230785889,69285,73071,false,29.76575795626757,29.971511543567093,25.651218156888252,25.901999972629362
205,pickup,Queens,Saint Albans,Boro Zone,0.019754073374505056,0.01949317738791423,4679,216,0.06008776206728417,410200,434848,false,22.933731374935803,22.71134929906198,20.138233593369076,20.04090974317457
64,pickup,Queens,Douglaston,Boro Zone,0.019730195867812553,0.01948811225152657,2435,217,0.07264416537500384,63226,67819,false,30.623892069718153,29.837870803167124,26.651893208490204,26.02221339152744
55,pickup,Brooklyn,Coney Island,Boro Zone,0.01959755336387083,0.01931496265773886,10903,218,0.05759424580922046,267492,282898,false,28.087236739788796,27.483887196089608,24.358859218219834,23.919598335795943
210,pickup,Brooklyn,Sheepshead Bay,Boro Zone,0.01949086158429406,0.019083969465648856,6995,219,0.05277840240639531,306849,323044,false,22.409911357050373,22.027205179478056,19.580915075493323,19.309168565272774
19,pickup,Queens,Bellerose,Boro Zone,0.019480773907076396,0.01920491842620433,1672,220,0.08480317719892527,85610,92870,false,27.497605186309816,26.30940842037225,24.10422287115996,23.16172262302147
29,pickup,Brooklyn,Brighton Beach,Boro Zone,0.019445919639978645,0.01905972045743329,5894,221,0.10918648037693712,183585,203630,false,23.389510580928754,23.237499631683917,20.30633330609796,20.21959681775761
184,pickup,Bronx,Pelham Bay Park,Boro Zone,0.019410858704351355,0.018475181952894312,1158,222,0.026074242547315496,24622,25264,false,25.6039509381854,26.45683779290699,22.044110551539262,22.72168500633313
222,pickup,Brooklyn,Starrett City,Boro Zone,0.01940746141470026,0.018894067262879455,1905,223,0.03184241096070983,121379,125244,false,22.93981504214038,23.630891779246536,20.21016081859302,20.872039379131863
265,pickup,N/A,Outside of NYC,N/A,0.019404108044144507,0.018170807972222064,152,224,0.031234382808595695,4002,4127,false,27.644372813593176,29.11179064695905,24.842718640679642,25.803518294160398
124,pickup,Queens,Howard Beach,Boro Zone,0.01932844016624151,0.019412450176302328,3610,225,0.052864060948675906,148059,155886,false,25.332000351210613,25.205028546501236,22.027428862818148,22.007287120074835
218,pickup,Queens,Springfield Gardens North,Boro Zone,0.01900543650720678,0.018536826495304002,2423,226,0.0040940433968599255,217389,218279,false,23.066703191052678,23.463927862963363,20.091680259810722,20.57095171775566
214,pickup,Staten Island,South Beach/Dongan Hills,Boro Zone,0.018952486329677522,0.01834189315759765,2286,227,0.05819306749811215,82106,86884,false,27.012573867926687,27.27666221628822,23.213622877743475,23.64938780442896
155,pickup,Brooklyn,Marine Park/Mill Basin,Boro Zone,0.018951239984343983,0.01826150501865316,5924,228,0.0060049210002419695,276773,278435,false,24.962308028599683,25.50920028013512,21.916574232313184,22.471239104279235
10,pickup,Queens,Baisley Park,Boro Zone,0.01887453345340526,0.018245955479868632,6387,229,0.037170278523634304,325502,337601,false,23.644626822567684,24.130565430787016,20.527064472722284,21.032441076892503
150,pickup,Brooklyn,Manhattan Beach,Boro Zone,0.01848554585529531,0.01820830298616169,3001,230,0.02629298162976923,106150,108941,false,25.220040131888524,25.098284300676173,21.981722656618004,21.95800157883622
206,pickup,Staten Island,Saint George/New Brighton,Boro Zone,0.018075218674915478,0.017644982943183153,3033,231,0.02931239822083942,205715,211745,false,22.43247779695098,22.497137311387764,19.36202970128576,19.61633719804473
101,pickup,Queens,Glen Oaks,Boro Zone,0.018012163753131197,0.017791484060045784,1910,232,0.1284673795134046,83889,94666,false,31.173992537757947,29.941959203937696,27.395289608887932,26.38952136986872
219,pickup,Queens,Springfield Gardens South,Boro Zone,0.01791747246871797,0.017459117100891743,2218,233,0.0544670720329441,186498,196656,false,24.032812362598076,23.675633746236205,20.988697787643797,20.78941095110232
245,pickup,Staten Island,West Brighton,Boro Zone,0.0179008177014391,0.017341040462427744,1927,234,0.07272941361174357,76434,81993,false,24.858201978177302,24.75615040308305,21.325870554988693,21.421736123815485
253,pickup,Queens,Willets Point,Boro Zone,0.01786372138370013,0.017267180844940715,215,235,-0.049728260869565166,3680,3497,false,36.6698885869565,40.33043465827853,31.330244565217402,34.79865885044324
46,pickup,Bronx,City Island,Boro Zone,0.017782566165027797,0.017694939247375252,677,236,0.03798732092048129,20033,20794,false,38.68517995307749,40.13705155333274,33.346269655069165,34.811739924978355
251,pickup,Staten Island,Westerleigh,Boro Zone,0.017761949943801925,0.01741755689735253,1941,237,0.06746470712178687,75936,81059,false,23.625163558786372,23.876324899147477,20.048062710703732,20.466770623866633
156,pickup,Staten Island,Mariners Harbor,Boro Zone,0.01728504490511096,0.016304347826086956,1883,238,0.06756342940794235,133889,142935,false,22.460667642598892,22.131289117430498,19.019858987668837,19.02715171231674
172,pickup,Staten Island,New Dorp/Midland Beach,Boro Zone,0.01725988861063929,0.016795431642593214,1419,239,0.08813615333773961,60520,65854,false,26.1204035029743,26.110991283748966,22.486831956378065,22.715093843957856
139,pickup,Queens,Laurelton,Boro Zone,0.017222410906530632,0.016808606006275213,1843,240,0.09056897060005897,186565,203462,false,22.96364500308109,22.62238359005535,20.184792002787177,19.985224317071406
203,pickup,Queens,Rosedale,Boro Zone,0.017163172948157387,0.017084282460136675,1631,241,0.0885076165874712,188142,204794,false,23.319702193023403,22.48916613767901,20.537885373813328,19.88351611863623
187,pickup,Staten Island,Port Richmond,Boro Zone,0.017109327505662207,0.01609615228898029,1060,242,0.07530044186766482,71062,76413,false,23.02538600095696,22.645853977726276,19.476847260139046,19.489154724981404
38,pickup,Queens,Cambria Heights,Boro Zone,0.01693148769405554,0.01678040049222508,2641,243,0.12322749359179053,115867,130145,false,26.73000500573881,26.747519920088564,23.43496465775412,23.503731453378837
1,pickup,EWR,Newark Airport,EWR,0.016795431642593214,0.016795431642593214,1,244,0.33333333333333326,3,4,true,83.06666666666666,67.31750000000001,77.29333333333334,58.4
2,pickup,Queens,Jamaica Bay,Boro Zone,0.01669337608746792,0.016053946805305537,12,245,0.06493506493506485,231,246,false,34.02922077922078,36.664552845528455,29.709350649350647,32.038658536585366
154,pickup,Brooklyn,Marine Park/Floyd Bennett Field,Boro Zone,0.01655903152456329,0.016311439756415833,411,246,-0.1947623843970332,10921,8794,false,37.60989652962185,35.59294405276326,32.44981045691788,30.9202842847396
23,pickup,Staten Island,Bloomfield/Emerson Hill,Boro Zone,0.016515309197060908,0.015807777426493835,3145,247,0.05534132152006821,149888,158183,false,27.06019174316726,27.536028966449372,22.797316729824907,23.533254395225768
118,pickup,Staten Island,Heartland Village/Todt Hill,Boro Zone,0.016223087956212447,0.015305342560130842,3158,248,0.037818795276372,100770,104581,false,28.285692071052452,29.254468306862158,24.05157487347419,25.092149434409684
30,pickup,Queens,Broad Channel,Boro Zone,0.016178186894363004,0.016090234599446335,122,249,-0.1084840055632823,5752,5128,false,30.47992698191932,32.8156844773791,26.42104485396384,28.721109594383783
176,pickup,Staten Island,Oakwood,Boro Zone,0.01603728418696724,0.015589274579089587,1203,250,0.10017938037761098,32891,36186,false,30.00068681402218,29.712268556900515,25.489348149949812,25.625697507323267
117,pickup,Queens,Hammels/Arverne,Boro Zone,0.014997745827723471,0.014892772041302621,2767,251,0.05868216265703685,157288,166518,false,29.354707542850385,29.869139072051443,25.63928532373737,26.281895650920582
132,pickup,Queens,JFK Airport,Airports,0.01494253274796859,0.014771048744460858,445811,252,-0.038119797545388856,1820655,1751252,false,84.8806550499797,87.82611383170612,69.94827436279726,72.88344857279213
86,pickup,Queens,Far Rockaway,Boro Zone,0.014829535400901228,0.014403687343960053,2325,253,0.12006307791556159,209265,234390,false,27.321953647288172,26.964739280685126,24.049163357465503,23.85518541746659
110,pickup,Staten Island,Great Kills Park,Boro Zone,0.014450062197754484,0.013137151865475564,3,254,0.014563106796116498,206,209,false,26.545873786407768,28.403875598086127,23.156116504854374,24.873636363636365
201,pickup,Queens,Rockaway Park,Boro Zone,0.014274002098887389,0.014083845859874296,1998,255,-0.0014646373135229762,66228,66131,false,33.560901582412214,34.781038393491606,29.09302153167851,30.275691884290232
109,pickup,Staten Island,Great Kills,Boro Zone,0.014197735801175906,0.013547687861271676,1423,256,0.0739147616731517,65792,70655,false,28.828522616731547,28.58409624230407,24.538804413910555,24.71701648857129
27,pickup,Queens,Breezy Point/Fort Tilden/Riis Beach,Boro Zone,0.013973686498790912,0.013865779256794232,315,257,-0.12766278894092764,6619,5774,false,45.581775192627305,47.162687911326636,39.541729868560196,40.68118808451679
5,pickup,Staten Island,Arden Heights,Boro Zone,0.012768869143226445,0.011905708002187421,600,258,-0.006620717753709315,29453,29258,false,29.651238583506046,30.29949723152648,24.910607408413398,25.825085446715427
204,pickup,Staten Island,Rossville/Woodrow,Boro Zone,0.012173498045710532,0.01121413990363888,768,259,0.07586206896551717,25375,27300,false,33.27663014778332,34.08191758241768,27.595640985221674,28.900443589743603
84,pickup,Staten Island,Eltingville/Annadale/Prince's Bay,Boro Zone,0.01182901568861908,0.011390386513782368,1173,260,0.0998972250770811,43785,48159,false,30.570211944730037,31.25209410494414,25.604357428343008,26.760998774891508
44,pickup,Staten Island,Charleston/Tottenville,Boro Zone,0.011431590236758793,0.01088850174216028,777,261,0.1346774193548388,39680,45024,false,32.72671849798399,32.85784603766898,27.509106854838702,28.052685678749103
99,pickup,Staten Island,Freshkills Park,Boro Zone,0.010790469706296307,0.009367974019485385,31,262,0.139333028780265,2189,2494,false,24.468611238008197,27.554570970328776,20.94522156235724,23.847854851643955
