zone,direction,year,month,n_trips,log_n_trips,placebo_post,Borough,zone_name,service_zone,crz_zone,charged_share_2023_geo,unit_id
1,dropoff,2023,2,117851,11.677176393691026,0,EWR,Newark Airport,EWR,false,0.6702132769718513,1_dropoff
1,dropoff,2023,3,142160,11.864708462828533,0,EWR,Newark Airport,EWR,false,0.6702132769718513,1_dropoff
1,dropoff,2023,4,132005,11.790595079639003,0,EWR,Newark Airport,EWR,false,0.6702132769718513,1_dropoff
1,dropoff,2023,5,149252,11.913391431500074,0,EWR,Newark Airport,EWR,false,0.6702132769718513,1_dropoff
1,dropoff,2024,2,127130,11.752965463944168,1,EWR,Newark Airport,EWR,false,0.6702132769718513,1_dropoff
1,dropoff,2024,3,141385,11.859241944780736,1,EWR,Newark Airport,EWR,false,0.6702132769718513,1_dropoff
1,dropoff,2024,4,142899,11.869893365992844,1,EWR,Newark Airport,EWR,false,0.6702132769718513,1_dropoff
1,dropoff,2024,5,155973,11.957438194329058,1,EWR,Newark Airport,EWR,false,0.6702132769718513,1_dropoff
1,pickup,2023,2,1,0.0,0,EWR,Newark Airport,EWR,false,0.16666666666666666,1_pickup
1,pickup,2023,4,2,0.6931471805599453,0,EWR,Newark Airport,EWR,false,0.16666666666666666,1_pickup
1,pickup,2023,5,3,1.0986122886681098,0,EWR,Newark Airport,EWR,false,0.16666666666666666,1_pickup
1,pickup,2024,2,1,0.0,1,EWR,Newark Airport,EWR,false,0.16666666666666666,1_pickup
1,pickup,2024,4,1,0.0,1,EWR,Newark Airport,EWR,false,0.16666666666666666,1_pickup
1,pickup,2024,5,1,0.0,1,EWR,Newark Airport,EWR,false,0.16666666666666666,1_pickup
2,dropoff,2023,2,26,3.258096538021482,0,Queens,Jamaica Bay,Boro Zone,false,0.05442176870748299,2_dropoff
2,dropoff,2023,3,29,3.367295829986474,0,Queens,Jamaica Bay,Boro Zone,false,0.05442176870748299,2_dropoff
2,dropoff,2023,4,44,3.784189633918261,0,Queens,Jamaica Bay,Boro Zone,false,0.05442176870748299,2_dropoff
2,dropoff,2023,5,48,3.871201010907891,0,Queens,Jamaica Bay,Boro Zone,false,0.05442176870748299,2_dropoff
2,dropoff,2024,2,34,3.5263605246161616,1,Queens,Jamaica Bay,Boro Zone,false,0.05442176870748299,2_dropoff
2,dropoff,2024,3,33,3.4965075614664802,1,Queens,Jamaica Bay,Boro Zone,false,0.05442176870748299,2_dropoff
2,dropoff,2024,4,53,3.970291913552122,1,Queens,Jamaica Bay,Boro Zone,false,0.05442176870748299,2_dropoff
2,dropoff,2024,5,73,4.290459441148391,1,Queens,Jamaica Bay,Boro Zone,false,0.05442176870748299,2_dropoff
2,pickup,2023,2,28,3.332204510175204,0,Queens,Jamaica Bay,Boro Zone,false,0.06,2_pickup
2,pickup,2023,3,31,3.4339872044851463,0,Queens,Jamaica Bay,Boro Zone,false,0.06,2_pickup
2,pickup,2023,4,45,3.8066624897703196,0,Queens,Jamaica Bay,Boro Zone,false,0.06,2_pickup
2,pickup,2023,5,46,3.828641396489095,0,Queens,Jamaica Bay,Boro Zone,false,0.06,2_pickup
2,pickup,2024,2,26,3.258096538021482,1,Queens,Jamaica Bay,Boro Zone,false,0.06,2_pickup
2,pickup,2024,3,31,3.4339872044851463,1,Queens,Jamaica Bay,Boro Zone,false,0.06,2_pickup
2,pickup,2024,4,49,3.8918202981106265,1,Queens,Jamaica Bay,Boro Zone,false,0.06,2_pickup
2,pickup,2024,5,58,4.060443010546419,1,Queens,Jamaica Bay,Boro Zone,false,0.06,2_pickup
3,dropoff,2023,2,34493,10.44851168388203,0,Bronx,Allerton/Pelham Gardens,Boro Zone,false,0.026520205556362867,3_dropoff
3,dropoff,2023,3,40690,10.613737640995735,0,Bronx,Allerton/Pelham Gardens,Boro Zone,false,0.026520205556362867,3_dropoff
3,dropoff,2023,4,36983,10.518213626583062,0,Bronx,Allerton/Pelham Gardens,Boro Zone,false,0.026520205556362867,3_dropoff
3,dropoff,2023,5,39228,10.57714605651221,0,Bronx,Allerton/Pelham Gardens,Boro Zone,false,0.026520205556362867,3_dropoff
3,dropoff,2024,2,40404,10.606684068949075,1,Bronx,Allerton/Pelham Gardens,Boro Zone,false,0.026520205556362867,3_dropoff
3,dropoff,2024,3,44480,10.702794928924463,1,Bronx,Allerton/Pelham Gardens,Boro Zone,false,0.026520205556362867,3_dropoff
3,dropoff,2024,4,41204,10.626290618003583,1,Bronx,Allerton/Pelham Gardens,Boro Zone,false,0.026520205556362867,3_dropoff
3,dropoff,2024,5,43085,10.670930187673868,1,Bronx,Allerton/Pelham Gardens,Boro Zone,false,0.026520205556362867,3_dropoff
3,pickup,2023,2,37020,10.519213586127488,0,Bronx,Allerton/Pelham Gardens,Boro Zone,false,0.0226366654735309,3_pickup
3,pickup,2023,3,43774,10.68679531280403,0,Bronx,Allerton/Pelham Gardens,Boro Zone,false,0.0226366654735309,3_pickup
3,pickup,2023,4,39455,10.582916060955135,0,Bronx,Allerton/Pelham Gardens,Boro Zone,false,0.0226366654735309,3_pickup
3,pickup,2023,5,41789,10.640388425985996,0,Bronx,Allerton/Pelham Gardens,Boro Zone,false,0.0226366654735309,3_pickup
3,pickup,2024,2,42764,10.66345190613339,1,Bronx,Allerton/Pelham Gardens,Boro Zone,false,0.0226366654735309,3_pickup
3,pickup,2024,3,47183,10.761788937205512,1,Bronx,Allerton/Pelham Gardens,Boro Zone,false,0.0226366654735309,3_pickup
3,pickup,2024,4,43761,10.686498288754322,1,Bronx,Allerton/Pelham Gardens,Boro Zone,false,0.0226366654735309,3_pickup
3,pickup,2024,5,44491,10.7030422005086,1,Bronx,Allerton/Pelham Gardens,Boro Zone,false,0.0226366654735309,3_pickup
4,dropoff,2023,2,53691,10.891000668685518,0,Manhattan,Alphabet City,Yellow Zone,true,1.0,4_dropoff
4,dropoff,2023,3,58701,10.980212041446208,0,Manhattan,Alphabet City,Yellow Zone,true,1.0,4_dropoff
4,dropoff,2023,4,56223,10.93708120482979,0,Manhattan,Alphabet City,Yellow Zone,true,1.0,4_dropoff
4,dropoff,2023,5,53344,10.88451678555052,0,Manhattan,Alphabet City,Yellow Zone,true,1.0,4_dropoff
4,dropoff,2024,2,55485,10.923867992934664,1,Manhattan,Alphabet City,Yellow Zone,true,1.0,4_dropoff
4,dropoff,2024,3,58241,10.97234485305283,1,Manhattan,Alphabet City,Yellow Zone,true,1.0,4_dropoff
4,dropoff,2024,4,52798,10.874228590189055,1,Manhattan,Alphabet City,Yellow Zone,true,1.0,4_dropoff
4,dropoff,2024,5,53029,10.878594212702763,1,Manhattan,Alphabet City,Yellow Zone,true,1.0,4_dropoff
4,pickup,2023,2,63919,11.065371935762084,0,Manhattan,Alphabet City,Yellow Zone,true,1.0,4_pickup
4,pickup,2023,3,69478,11.148765434678792,0,Manhattan,Alphabet City,Yellow Zone,true,1.0,4_pickup
4,pickup,2023,4,67033,11.112940314429848,0,Manhattan,Alphabet City,Yellow Zone,true,1.0,4_pickup
4,pickup,2023,5,63175,11.053663932256395,0,Manhattan,Alphabet City,Yellow Zone,true,1.0,4_pickup
4,pickup,2024,2,64380,11.0725583048528,1,Manhattan,Alphabet City,Yellow Zone,true,1.0,4_pickup
4,pickup,2024,3,68928,11.140817760516061,1,Manhattan,Alphabet City,Yellow Zone,true,1.0,4_pickup
4,pickup,2024,4,62656,11.045414725890183,1,Manhattan,Alphabet City,Yellow Zone,true,1.0,4_pickup
4,pickup,2024,5,63963,11.066060070163115,1,Manhattan,Alphabet City,Yellow Zone,true,1.0,4_pickup
5,dropoff,2023,2,4266,8.358431899031295,0,Staten Island,Arden Heights,Boro Zone,false,0.04670374169861238,5_dropoff
5,dropoff,2023,3,4709,8.457230850243555,0,Staten Island,Arden Heights,Boro Zone,false,0.04670374169861238,5_dropoff
5,dropoff,2023,4,4562,8.425516402844334,0,Staten Island,Arden Heights,Boro Zone,false,0.04670374169861238,5_dropoff
5,dropoff,2023,5,4984,8.51398806046729,0,Staten Island,Arden Heights,Boro Zone,false,0.04670374169861238,5_dropoff
5,dropoff,2024,2,4887,8.494333897270154,1,Staten Island,Arden Heights,Boro Zone,false,0.04670374169861238,5_dropoff
5,dropoff,2024,3,5606,8.631592731724734,1,Staten Island,Arden Heights,Boro Zone,false,0.04670374169861238,5_dropoff
5,dropoff,2024,4,5199,8.556221578383715,1,Staten Island,Arden Heights,Boro Zone,false,0.04670374169861238,5_dropoff
5,dropoff,2024,5,5492,8.61104776688786,1,Staten Island,Arden Heights,Boro Zone,false,0.04670374169861238,5_dropoff
5,pickup,2023,2,4526,8.417593826193484,0,Staten Island,Arden Heights,Boro Zone,false,0.02209611811379501,5_pickup
5,pickup,2023,3,5154,8.54752839121231,0,Staten Island,Arden Heights,Boro Zone,false,0.02209611811379501,5_pickup
5,pickup,2023,4,4834,8.483429561263428,0,Staten Island,Arden Heights,Boro Zone,false,0.02209611811379501,5_pickup
5,pickup,2023,5,5399,8.593969030218288,0,Staten Island,Arden Heights,Boro Zone,false,0.02209611811379501,5_pickup
5,pickup,2024,2,5300,8.575462099540212,1,Staten Island,Arden Heights,Boro Zone,false,0.02209611811379501,5_pickup
5,pickup,2024,3,6023,8.70334075304372,1,Staten Island,Arden Heights,Boro Zone,false,0.02209611811379501,5_pickup
5,pickup,2024,4,5682,8.645058562414134,1,Staten Island,Arden Heights,Boro Zone,false,0.02209611811379501,5_pickup
5,pickup,2024,5,6226,8.736489351001554,1,Staten Island,Arden Heights,Boro Zone,false,0.02209611811379501,5_pickup
6,dropoff,2023,2,9472,9.156095357123787,0,Staten Island,Arrochar/Fort Wadsworth,Boro Zone,false,0.055109620222834554,6_dropoff
6,dropoff,2023,3,11191,9.322865162818028,0,Staten Island,Arrochar/Fort Wadsworth,Boro Zone,false,0.055109620222834554,6_dropoff
6,dropoff,2023,4,10018,9.212138753917563,0,Staten Island,Arrochar/Fort Wadsworth,Boro Zone,false,0.055109620222834554,6_dropoff
6,dropoff,2023,5,11054,9.310547632393208,0,Staten Island,Arrochar/Fort Wadsworth,Boro Zone,false,0.055109620222834554,6_dropoff
6,dropoff,2024,2,10724,9.28023949935585,1,Staten Island,Arrochar/Fort Wadsworth,Boro Zone,false,0.055109620222834554,6_dropoff
6,dropoff,2024,3,12122,9.402777262511231,1,Staten Island,Arrochar/Fort Wadsworth,Boro Zone,false,0.055109620222834554,6_dropoff
6,dropoff,2024,4,11188,9.32259705432185,1,Staten Island,Arrochar/Fort Wadsworth,Boro Zone,false,0.055109620222834554,6_dropoff
6,dropoff,2024,5,12040,9.395989718862811,1,Staten Island,Arrochar/Fort Wadsworth,Boro Zone,false,0.055109620222834554,6_dropoff
6,pickup,2023,2,8787,9.081028635495842,0,Staten Island,Arrochar/Fort Wadsworth,Boro Zone,false,0.04033285658561955,6_pickup
6,pickup,2023,3,10152,9.225426009394223,0,Staten Island,Arrochar/Fort Wadsworth,Boro Zone,false,0.04033285658561955,6_pickup
6,pickup,2023,4,9172,9.123910643977796,0,Staten Island,Arrochar/Fort Wadsworth,Boro Zone,false,0.04033285658561955,6_pickup
6,pickup,2023,5,10344,9.244161920451694,0,Staten Island,Arrochar/Fort Wadsworth,Boro Zone,false,0.04033285658561955,6_pickup
6,pickup,2024,2,10005,9.210840247017833,1,Staten Island,Arrochar/Fort Wadsworth,Boro Zone,false,0.04033285658561955,6_pickup
6,pickup,2024,3,11408,9.342070142654077,1,Staten Island,Arrochar/Fort Wadsworth,Boro Zone,false,0.04033285658561955,6_pickup
6,pickup,2024,4,10363,9.245997049184217,1,Staten Island,Arrochar/Fort Wadsworth,Boro Zone,false,0.04033285658561955,6_pickup
6,pickup,2024,5,11475,9.347926034928745,1,Staten Island,Arrochar/Fort Wadsworth,Boro Zone,false,0.04033285658561955,6_pickup
7,dropoff,2023,2,168682,12.035770564560421,0,Queens,Astoria,Boro Zone,false,0.1354072653815866,7_dropoff
7,dropoff,2023,3,191322,12.161713151429746,0,Queens,Astoria,Boro Zone,false,0.1354072653815866,7_dropoff
7,dropoff,2023,4,185662,12.13168309527552,0,Queens,Astoria,Boro Zone,false,0.1354072653815866,7_dropoff
7,dropoff,2023,5,184509,12.125453521760795,0,Queens,Astoria,Boro Zone,false,0.1354072653815866,7_dropoff
7,dropoff,2024,2,179018,12.095241638426426,1,Queens,Astoria,Boro Zone,false,0.1354072653815866,7_dropoff
7,dropoff,2024,3,207523,12.242997455883712,1,Queens,Astoria,Boro Zone,false,0.1354072653815866,7_dropoff
7,dropoff,2024,4,186246,12.134823659501116,1,Queens,Astoria,Boro Zone,false,0.1354072653815866,7_dropoff
7,dropoff,2024,5,193703,12.174081337142988,1,Queens,Astoria,Boro Zone,false,0.1354072653815866,7_dropoff
7,pickup,2023,2,172674,12.059160702714113,0,Queens,Astoria,Boro Zone,false,0.10422661942322897,7_pickup
7,pickup,2023,3,196135,12.186558476625871,0,Queens,Astoria,Boro Zone,false,0.10422661942322897,7_pickup
7,pickup,2023,4,190421,12.1569926893751,0,Queens,Astoria,Boro Zone,false,0.10422661942322897,7_pickup
7,pickup,2023,5,192056,12.165542275150132,0,Queens,Astoria,Boro Zone,false,0.10422661942322897,7_pickup
7,pickup,2024,2,182025,12.111899319262912,1,Queens,Astoria,Boro Zone,false,0.10422661942322897,7_pickup
7,pickup,2024,3,209756,12.25370022940304,1,Queens,Astoria,Boro Zone,false,0.10422661942322897,7_pickup
7,pickup,2024,4,190562,12.157732879916082,1,Queens,Astoria,Boro Zone,false,0.10422661942322897,7_pickup
7,pickup,2024,5,197636,12.194182233936825,1,Queens,Astoria,Boro Zone,false,0.10422661942322897,7_pickup
8,dropoff,2023,2,351,5.860786223465865,0,Queens,Astoria Park,Boro Zone,false,0.08697170799860286,8_dropoff
8,dropoff,2023,3,522,6.257667587882639,0,Queens,Astoria Park,Boro Zone,false,0.08697170799860286,8_dropoff
8,dropoff,2023,4,916,6.82001636467413,0,Queens,Astoria Park,Boro Zone,false,0.08697170799860286,8_dropoff
8,dropoff,2023,5,1074,6.97914527506881,0,Queens,Astoria Park,Boro Zone,false,0.08697170799860286,8_dropoff
8,dropoff,2024,2,410,6.016157159698354,1,Queens,Astoria Park,Boro Zone,false,0.08697170799860286,8_dropoff
8,dropoff,2024,3,572,6.349138991379798,1,Queens,Astoria Park,Boro Zone,false,0.08697170799860286,8_dropoff
8,dropoff,2024,4,849,6.744059186311348,1,Queens,Astoria Park,Boro Zone,false,0.08697170799860286,8_dropoff
8,dropoff,2024,5,873,6.771935555839602,1,Queens,Astoria Park,Boro Zone,false,0.08697170799860286,8_dropoff
8,pickup,2023,2,290,5.66988092298052,0,Queens,Astoria Park,Boro Zone,false,0.07963500622148487,8_pickup
8,pickup,2023,3,450,6.1092475827643655,0,Queens,Astoria Park,Boro Zone,false,0.07963500622148487,8_pickup
8,pickup,2023,4,693,6.541029999189903,0,Queens,Astoria Park,Boro Zone,false,0.07963500622148487,8_pickup
8,pickup,2023,5,978,6.885509670034818,0,Queens,Astoria Park,Boro Zone,false,0.07963500622148487,8_pickup
8,pickup,2024,2,501,6.2166061010848646,1,Queens,Astoria Park,Boro Zone,false,0.07963500622148487,8_pickup
8,pickup,2024,3,659,6.490723534502507,1,Queens,Astoria Park,Boro Zone,false,0.07963500622148487,8_pickup
8,pickup,2024,4,746,6.61472560020376,1,Queens,Astoria Park,Boro Zone,false,0.07963500622148487,8_pickup
8,pickup,2024,5,944,6.8501261661455,1,Queens,Astoria Park,Boro Zone,false,0.07963500622148487,8_pickup
9,dropoff,2023,2,13993,9.546312483555713,0,Queens,Auburndale,Boro Zone,false,0.054303229232031666,9_dropoff
9,dropoff,2023,3,16426,9.706620724300137,0,Queens,Auburndale,Boro Zone,false,0.054303229232031666,9_dropoff
9,dropoff,2023,4,14885,9.608109273449877,0,Queens,Auburndale,Boro Zone,false,0.054303229232031666,9_dropoff
9,dropoff,2023,5,16847,9.731927878386204,0,Queens,Auburndale,Boro Zone,false,0.054303229232031666,9_dropoff
9,dropoff,2024,2,15996,9.680093969966709,1,Queens,Auburndale,Boro Zone,false,0.054303229232031666,9_dropoff
9,dropoff,2024,3,17617,9.77661962392714,1,Queens,Auburndale,Boro Zone,false,0.054303229232031666,9_dropoff
9,dropoff,2024,4,16573,9.715530144123544,1,Queens,Auburndale,Boro Zone,false,0.054303229232031666,9_dropoff
9,dropoff,2024,5,18729,9.837828403729853,1,Queens,Auburndale,Boro Zone,false,0.054303229232031666,9_dropoff
9,pickup,2023,2,13927,9.541584681053092,0,Queens,Auburndale,Boro Zone,false,0.038451629524668296,9_pickup
9,pickup,2023,3,16256,9.696217350378209,0,Queens,Auburndale,Boro Zone,false,0.038451629524668296,9_pickup
9,pickup,2023,4,15113,9.62331057957012,0,Queens,Auburndale,Boro Zone,false,0.038451629524668296,9_pickup
9,pickup,2023,5,16808,9.729610242524837,0,Queens,Auburndale,Boro Zone,false,0.038451629524668296,9_pickup
9,pickup,2024,2,15802,9.667891793282678,1,Queens,Auburndale,Boro Zone,false,0.038451629524668296,9_pickup
9,pickup,2024,3,17614,9.776449319365405,1,Queens,Auburndale,Boro Zone,false,0.038451629524668296,9_pickup
9,pickup,2024,4,16273,9.697262571660614,1,Queens,Auburndale,Boro Zone,false,0.038451629524668296,9_pickup
9,pickup,2024,5,18288,9.814000386034591,1,Queens,Auburndale,Boro Zone,false,0.038451629524668296,9_pickup
10,dropoff,2023,2,45502,10.72551156001696,0,Queens,Baisley Park,Boro Zone,false,0.027974706892229983,10_dropoff
10,dropoff,2023,3,55261,10.91982269458584,0,Queens,Baisley Park,Boro Zone,false,0.027974706892229983,10_dropoff
10,dropoff,2023,4,52336,10.865439749778165,0,Queens,Baisley Park,Boro Zone,false,0.027974706892229983,10_dropoff
10,dropoff,2023,5,58342,10.974077524630472,0,Queens,Baisley Park,Boro Zone,false,0.027974706892229983,10_dropoff
10,dropoff,2024,2,50139,10.822554427357035,1,Queens,Baisley Park,Boro Zone,false,0.027974706892229983,10_dropoff
10,dropoff,2024,3,57660,10.962318971192394,1,Queens,Baisley Park,Boro Zone,false,0.027974706892229983,10_dropoff
10,dropoff,2024,4,52922,10.876574410409694,1,Queens,Baisley Park,Boro Zone,false,0.027974706892229983,10_dropoff
10,dropoff,2024,5,57736,10.963636174752109,1,Queens,Baisley Park,Boro Zone,false,0.027974706892229983,10_dropoff
10,pickup,2023,2,56181,10.936333900428618,0,Queens,Baisley Park,Boro Zone,false,0.02113374887586442,10_pickup
10,pickup,2023,3,68639,11.13661616529115,0,Queens,Baisley Park,Boro Zone,false,0.02113374887586442,10_pickup
10,pickup,2023,4,63481,11.058495927509338,0,Queens,Baisley Park,Boro Zone,false,0.02113374887586442,10_pickup
10,pickup,2023,5,69675,11.15159685235015,0,Queens,Baisley Park,Boro Zone,false,0.02113374887586442,10_pickup
10,pickup,2024,2,60192,11.005294732100756,1,Queens,Baisley Park,Boro Zone,false,0.02113374887586442,10_pickup
10,pickup,2024,3,68299,11.131650404163263,1,Queens,Baisley Park,Boro Zone,false,0.02113374887586442,10_pickup
10,pickup,2024,4,63332,11.056146009621324,1,Queens,Baisley Park,Boro Zone,false,0.02113374887586442,10_pickup
10,pickup,2024,5,67924,11.126144712066191,1,Queens,Baisley Park,Boro Zone,false,0.02113374887586442,10_pickup
11,dropoff,2023,2,18494,9.825201634137583,0,Brooklyn,Bath Beach,Boro Zone,false,0.054748562158973606,11_dropoff
11,dropoff,2023,3,21352,9.968900691084361,0,Brooklyn,Bath Beach,Boro Zone,false,0.054748562158973606,11_dropoff
11,dropoff,2023,4,20001,9.90353755128617,0,Brooklyn,Bath Beach,Boro Zone,false,0.054748562158973606,11_dropoff
11,dropoff,2023,5,21525,9.976970329295932,0,Brooklyn,Bath Beach,Boro Zone,false,0.054748562158973606,11_dropoff
11,dropoff,2024,2,20598,9.932949262685748,1,Brooklyn,Bath Beach,Boro Zone,false,0.054748562158973606,11_dropoff
11,dropoff,2024,3,22710,10.030560635099604,1,Brooklyn,Bath Beach,Boro Zone,false,0.054748562158973606,11_dropoff
11,dropoff,2024,4,21238,9.963547308963792,1,Brooklyn,Bath Beach,Boro Zone,false,0.054748562158973606,11_dropoff
11,dropoff,2024,5,21968,9.997342128007752,1,Brooklyn,Bath Beach,Boro Zone,false,0.054748562158973606,11_dropoff
11,pickup,2023,2,18980,9.85114107216392,0,Brooklyn,Bath Beach,Boro Zone,false,0.04357861582294459,11_pickup
11,pickup,2023,3,21986,9.998161166138809,0,Brooklyn,Bath Beach,Boro Zone,false,0.04357861582294459,11_pickup
11,pickup,2023,4,20643,9.935131557870589,0,Brooklyn,Bath Beach,Boro Zone,false,0.04357861582294459,11_pickup
11,pickup,2023,5,21574,9.979244164935375,0,Brooklyn,Bath Beach,Boro Zone,false,0.04357861582294459,11_pickup
11,pickup,2024,2,20771,9.941313062076109,1,Brooklyn,Bath Beach,Boro Zone,false,0.04357861582294459,11_pickup
11,pickup,2024,3,23037,10.044856897998653,1,Brooklyn,Bath Beach,Boro Zone,false,0.04357861582294459,11_pickup
11,pickup,2024,4,21044,9.954370762850697,1,Brooklyn,Bath Beach,Boro Zone,false,0.04357861582294459,11_pickup
11,pickup,2024,5,22056,10.001339952703633,1,Brooklyn,Bath Beach,Boro Zone,false,0.04357861582294459,11_pickup
12,dropoff,2023,2,2072,7.6362696033793735,0,Manhattan,Battery Park,Yellow Zone,true,1.0,12_dropoff
12,dropoff,2023,3,2888,7.968319500012717,0,Manhattan,Battery Park,Yellow Zone,true,1.0,12_dropoff
12,dropoff,2023,4,2761,7.923348211930154,0,Manhattan,Battery Park,Yellow Zone,true,1.0,12_dropoff
12,dropoff,2023,5,3379,8.12533508671429,0,Manhattan,Battery Park,Yellow Zone,true,1.0,12_dropoff
12,dropoff,2024,2,2732,7.912789220690681,1,Manhattan,Battery Park,Yellow Zone,true,1.0,12_dropoff
12,dropoff,2024,3,3672,8.20849175174038,1,Manhattan,Battery Park,Yellow Zone,true,1.0,12_dropoff
12,dropoff,2024,4,3506,8.16223106548118,1,Manhattan,Battery Park,Yellow Zone,true,1.0,12_dropoff
12,dropoff,2024,5,3932,8.276903481267057,1,Manhattan,Battery Park,Yellow Zone,true,1.0,12_dropoff
12,pickup,2023,2,1962,7.581719640125308,0,Manhattan,Battery Park,Yellow Zone,true,1.0,12_pickup
12,pickup,2023,3,2550,7.843848638152472,0,Manhattan,Battery Park,Yellow Zone,true,1.0,12_pickup
12,pickup,2023,4,2740,7.9157131993821155,0,Manhattan,Battery Park,Yellow Zone,true,1.0,12_pickup
12,pickup,2023,5,3252,8.087025470667701,0,Manhattan,Battery Park,Yellow Zone,true,1.0,12_pickup
12,pickup,2024,2,1781,7.484930283289661,1,Manhattan,Battery Park,Yellow Zone,true,1.0,12_pickup
12,pickup,2024,3,2300,7.7406644019172415,1,Manhattan,Battery Park,Yellow Zone,true,1.0,12_pickup
12,pickup,2024,4,2375,7.772752716468742,1,Manhattan,Battery Park,Yellow Zone,true,1.0,12_pickup
12,pickup,2024,5,2492,7.820840879907344,1,Manhattan,Battery Park,Yellow Zone,true,1.0,12_pickup
13,dropoff,2023,2,76373,11.243384509551644,0,Manhattan,Battery Park City,Yellow Zone,true,1.0,13_dropoff
13,dropoff,2023,3,88223,11.387622978975099,0,Manhattan,Battery Park City,Yellow Zone,true,1.0,13_dropoff
13,dropoff,2023,4,82485,11.320371737610024,0,Manhattan,Battery Park City,Yellow Zone,true,1.0,13_dropoff
13,dropoff,2023,5,86598,11.369031999595618,0,Manhattan,Battery Park City,Yellow Zone,true,1.0,13_dropoff
13,dropoff,2024,2,78662,11.272915471546117,1,Manhattan,Battery Park City,Yellow Zone,true,1.0,13_dropoff
13,dropoff,2024,3,84794,11.34798006455978,1,Manhattan,Battery Park City,Yellow Zone,true,1.0,13_dropoff
13,dropoff,2024,4,83225,11.329303062443225,1,Manhattan,Battery Park City,Yellow Zone,true,1.0,13_dropoff
13,dropoff,2024,5,84867,11.348840604159392,1,Manhattan,Battery Park City,Yellow Zone,true,1.0,13_dropoff
13,pickup,2023,2,83040,11.327077698399716,0,Manhattan,Battery Park City,Yellow Zone,true,1.0,13_pickup
13,pickup,2023,3,94903,11.460610596321757,0,Manhattan,Battery Park City,Yellow Zone,true,1.0,13_pickup
13,pickup,2023,4,86583,11.368858770430323,0,Manhattan,Battery Park City,Yellow Zone,true,1.0,13_pickup
13,pickup,2023,5,92422,11.434120324527697,0,Manhattan,Battery Park City,Yellow Zone,true,1.0,13_pickup
13,pickup,2024,2,87439,11.378696686371484,1,Manhattan,Battery Park City,Yellow Zone,true,1.0,13_pickup
13,pickup,2024,3,92757,11.43773844931995,1,Manhattan,Battery Park City,Yellow Zone,true,1.0,13_pickup
13,pickup,2024,4,90872,11.417207201911257,1,Manhattan,Battery Park City,Yellow Zone,true,1.0,13_pickup
13,pickup,2024,5,93161,11.44208445816136,1,Manhattan,Battery Park City,Yellow Zone,true,1.0,13_pickup
14,dropoff,2023,2,92540,11.43539626246099,0,Brooklyn,Bay Ridge,Boro Zone,false,0.09133961470930088,14_dropoff
14,dropoff,2023,3,107306,11.58343984504239,0,Brooklyn,Bay Ridge,Boro Zone,false,0.09133961470930088,14_dropoff
14,dropoff,2023,4,98539,11.498207687883278,0,Brooklyn,Bay Ridge,Boro Zone,false,0.09133961470930088,14_dropoff
14,dropoff,2023,5,105985,11.571052853646837,0,Brooklyn,Bay Ridge,Boro Zone,false,0.09133961470930088,14_dropoff
14,dropoff,2024,2,102253,11.535205413327944,1,Brooklyn,Bay Ridge,Boro Zone,false,0.09133961470930088,14_dropoff
14,dropoff,2024,3,114774,11.650720256380708,1,Brooklyn,Bay Ridge,Boro Zone,false,0.09133961470930088,14_dropoff
14,dropoff,2024,4,108218,11.591902990153656,1,Brooklyn,Bay Ridge,Boro Zone,false,0.09133961470930088,14_dropoff
14,dropoff,2024,5,113758,11.64182866401051,1,Brooklyn,Bay Ridge,Boro Zone,false,0.09133961470930088,14_dropoff
14,pickup,2023,2,90325,11.41116955601584,0,Brooklyn,Bay Ridge,Boro Zone,false,0.07257798337505648,14_pickup
14,pickup,2023,3,104476,11.55671265893817,0,Brooklyn,Bay Ridge,Boro Zone,false,0.07257798337505648,14_pickup
14,pickup,2023,4,96597,11.478302963817743,0,Brooklyn,Bay Ridge,Boro Zone,false,0.07257798337505648,14_pickup
14,pickup,2023,5,102468,11.537305833695607,0,Brooklyn,Bay Ridge,Boro Zone,false,0.07257798337505648,14_pickup
14,pickup,2024,2,98415,11.496948510447087,1,Brooklyn,Bay Ridge,Boro Zone,false,0.07257798337505648,14_pickup
14,pickup,2024,3,110664,11.614253862554651,1,Brooklyn,Bay Ridge,Boro Zone,false,0.07257798337505648,14_pickup
14,pickup,2024,4,101859,11.531344782993978,1,Brooklyn,Bay Ridge,Boro Zone,false,0.07257798337505648,14_pickup
14,pickup,2024,5,108580,11.595242507459442,1,Brooklyn,Bay Ridge,Boro Zone,false,0.07257798337505648,14_pickup
15,dropoff,2023,2,10914,9.297801647746176,0,Queens,Bay Terrace/Fort Totten,Boro Zone,false,0.06492027334851937,15_dropoff
15,dropoff,2023,3,12756,9.453757028129948,0,Queens,Bay Terrace/Fort Totten,Boro Zone,false,0.06492027334851937,15_dropoff
15,dropoff,2023,4,12218,9.410665553209713,0,Queens,Bay Terrace/Fort Totten,Boro Zone,false,0.06492027334851937,15_dropoff
15,dropoff,2023,5,13280,9.494014423030425,0,Queens,Bay Terrace/Fort Totten,Boro Zone,false,0.06492027334851937,15_dropoff
15,dropoff,2024,2,12288,9.416378455387454,1,Queens,Bay Terrace/Fort Totten,Boro Zone,false,0.06492027334851937,15_dropoff
15,dropoff,2024,3,13763,9.529739110979532,1,Queens,Bay Terrace/Fort Totten,Boro Zone,false,0.06492027334851937,15_dropoff
15,dropoff,2024,4,13243,9.491224389926964,1,Queens,Bay Terrace/Fort Totten,Boro Zone,false,0.06492027334851937,15_dropoff
15,dropoff,2024,5,14156,9.557893841465354,1,Queens,Bay Terrace/Fort Totten,Boro Zone,false,0.06492027334851937,15_dropoff
15,pickup,2023,2,11076,9.312535884290853,0,Queens,Bay Terrace/Fort Totten,Boro Zone,false,0.04173081921977165,15_pickup
15,pickup,2023,3,12926,9.46699606582284,0,Queens,Bay Terrace/Fort Totten,Boro Zone,false,0.04173081921977165,15_pickup
15,pickup,2023,4,12501,9.433563920090563,0,Queens,Bay Terrace/Fort Totten,Boro Zone,false,0.04173081921977165,15_pickup
15,pickup,2023,5,13508,9.511037381505458,0,Queens,Bay Terrace/Fort Totten,Boro Zone,false,0.04173081921977165,15_pickup
15,pickup,2024,2,12460,9.430278792341444,1,Queens,Bay Terrace/Fort Totten,Boro Zone,false,0.04173081921977165,15_pickup
15,pickup,2024,3,14080,9.552510629712033,1,Queens,Bay Terrace/Fort Totten,Boro Zone,false,0.04173081921977165,15_pickup
15,pickup,2024,4,13580,9.516353401112687,1,Queens,Bay Terrace/Fort Totten,Boro Zone,false,0.04173081921977165,15_pickup
15,pickup,2024,5,14611,9.589529948672084,1,Queens,Bay Terrace/Fort Totten,Boro Zone,false,0.04173081921977165,15_pickup
16,dropoff,2023,2,30587,10.32833036107053,0,Queens,Bayside,Boro Zone,false,0.048139915769770704,16_dropoff
16,dropoff,2023,3,35880,10.487935316172733,0,Queens,Bayside,Boro Zone,false,0.048139915769770704,16_dropoff
16,dropoff,2023,4,33934,10.432172740602885,0,Queens,Bayside,Boro Zone,false,0.048139915769770704,16_dropoff
16,dropoff,2023,5,36367,10.501417049013888,0,Queens,Bayside,Boro Zone,false,0.048139915769770704,16_dropoff
16,dropoff,2024,2,34870,10.459382139669696,1,Queens,Bayside,Boro Zone,false,0.048139915769770704,16_dropoff
16,dropoff,2024,3,38742,10.564679561854522,1,Queens,Bayside,Boro Zone,false,0.048139915769770704,16_dropoff
16,dropoff,2024,4,36418,10.502818436891788,1,Queens,Bayside,Boro Zone,false,0.048139915769770704,16_dropoff
16,dropoff,2024,5,38787,10.565840417922663,1,Queens,Bayside,Boro Zone,false,0.048139915769770704,16_dropoff
16,pickup,2023,2,31758,10.365899941086042,0,Queens,Bayside,Boro Zone,false,0.029595576552337775,16_pickup
16,pickup,2023,3,36935,10.516914889962838,0,Queens,Bayside,Boro Zone,false,0.029595576552337775,16_pickup
16,pickup,2023,4,35397,10.474382349768028,0,Queens,Bayside,Boro Zone,false,0.029595576552337775,16_pickup
16,pickup,2023,5,37519,10.532602750312952,0,Queens,Bayside,Boro Zone,false,0.029595576552337775,16_pickup
16,pickup,2024,2,35144,10.467209185655616,1,Queens,Bayside,Boro Zone,false,0.029595576552337775,16_pickup
16,pickup,2024,3,39913,10.594457364348266,1,Queens,Bayside,Boro Zone,false,0.029595576552337775,16_pickup
16,pickup,2024,4,37175,10.523391771328356,1,Queens,Bayside,Boro Zone,false,0.029595576552337775,16_pickup
16,pickup,2024,5,39750,10.590365120082478,1,Queens,Bayside,Boro Zone,false,0.029595576552337775,16_pickup
17,dropoff,2023,2,153425,11.940967127257299,0,Brooklyn,Bedford,Boro Zone,false,0.11587784342371646,17_dropoff
17,dropoff,2023,3,173613,12.064583963197288,0,Brooklyn,Bedford,Boro Zone,false,0.11587784342371646,17_dropoff
17,dropoff,2023,4,161122,11.98991712098359,0,Brooklyn,Bedford,Boro Zone,false,0.11587784342371646,17_dropoff
17,dropoff,2023,5,164838,12.012718452401716,0,Brooklyn,Bedford,Boro Zone,false,0.11587784342371646,17_dropoff
17,dropoff,2024,2,169327,12.03958703561825,1,Brooklyn,Bedford,Boro Zone,false,0.11587784342371646,17_dropoff
17,dropoff,2024,3,184624,12.126076603434448,1,Brooklyn,Bedford,Boro Zone,false,0.11587784342371646,17_dropoff
17,dropoff,2024,4,163577,12.005039106470468,1,Brooklyn,Bedford,Boro Zone,false,0.11587784342371646,17_dropoff
17,dropoff,2024,5,172700,12.05931126413477,1,Brooklyn,Bedford,Boro Zone,false,0.11587784342371646,17_dropoff
17,pickup,2023,2,148734,11.909914754597349,0,Brooklyn,Bedford,Boro Zone,false,0.09204727105744454,17_pickup
17,pickup,2023,3,167712,12.030003501601893,0,Brooklyn,Bedford,Boro Zone,false,0.09204727105744454,17_pickup
17,pickup,2023,4,155978,11.957470250645597,0,Brooklyn,Bedford,Boro Zone,false,0.09204727105744454,17_pickup
17,pickup,2023,5,161283,11.990915864882616,0,Brooklyn,Bedford,Boro Zone,false,0.09204727105744454,17_pickup
17,pickup,2024,2,166704,12.023975063651966,1,Brooklyn,Bedford,Boro Zone,false,0.09204727105744454,17_pickup
17,pickup,2024,3,180009,12.100762128622389,1,Brooklyn,Bedford,Boro Zone,false,0.09204727105744454,17_pickup
17,pickup,2024,4,158007,11.970394614825189,1,Brooklyn,Bedford,Boro Zone,false,0.09204727105744454,17_pickup
17,pickup,2024,5,168180,12.03279011338689,1,Brooklyn,Bedford,Boro Zone,false,0.09204727105744454,17_pickup
18,dropoff,2023,2,75489,11.231742229258277,0,Bronx,Bedford Park,Boro Zone,false,0.03333754417532714,18_dropoff
18,dropoff,2023,3,87607,11.380616182407755,0,Bronx,Bedford Park,Boro Zone,false,0.03333754417532714,18_dropoff
18,dropoff,2023,4,79980,11.289531882400809,0,Bronx,Bedford Park,Boro Zone,false,0.03333754417532714,18_dropoff
18,dropoff,2023,5,81483,11.308149688514197,0,Bronx,Bedford Park,Boro Zone,false,0.03333754417532714,18_dropoff
18,dropoff,2024,2,84979,11.350159446124865,1,Bronx,Bedford Park,Boro Zone,false,0.03333754417532714,18_dropoff
18,dropoff,2024,3,93188,11.442374237019193,1,Bronx,Bedford Park,Boro Zone,false,0.03333754417532714,18_dropoff
18,dropoff,2024,4,85669,11.358246312192403,1,Bronx,Bedford Park,Boro Zone,false,0.03333754417532714,18_dropoff
18,dropoff,2024,5,86051,11.362695422722654,1,Bronx,Bedford Park,Boro Zone,false,0.03333754417532714,18_dropoff
18,pickup,2023,2,78583,11.27191067003705,0,Bronx,Bedford Park,Boro Zone,false,0.027253293766109618,18_pickup
18,pickup,2023,3,91815,11.42753096195328,0,Bronx,Bedford Park,Boro Zone,false,0.027253293766109618,18_pickup
18,pickup,2023,4,84068,11.339381274147303,0,Bronx,Bedford Park,Boro Zone,false,0.027253293766109618,18_pickup
18,pickup,2023,5,86557,11.36855843543904,0,Bronx,Bedford Park,Boro Zone,false,0.027253293766109618,18_pickup
18,pickup,2024,2,88556,11.391390399244116,1,Bronx,Bedford Park,Boro Zone,false,0.027253293766109618,18_pickup
18,pickup,2024,3,99274,11.505638982919255,1,Bronx,Bedford Park,Boro Zone,false,0.027253293766109618,18_pickup
18,pickup,2024,4,90547,11.413624331895797,1,Bronx,Bedford Park,Boro Zone,false,0.027253293766109618,18_pickup
18,pickup,2024,5,91933,11.428815329850847,1,Bronx,Bedford Park,Boro Zone,false,0.027253293766109618,18_pickup
19,dropoff,2023,2,11010,9.306559229716726,0,Queens,Bellerose,Boro Zone,false,0.03520662519055663,19_dropoff
19,dropoff,2023,3,12768,9.45469731968959,0,Queens,Bellerose,Boro Zone,false,0.03520662519055663,19_dropoff
19,dropoff,2023,4,11656,9.363576347875041,0,Queens,Bellerose,Boro Zone,false,0.03520662519055663,19_dropoff
19,dropoff,2023,5,13108,9.480978009818704,0,Queens,Bellerose,Boro Zone,false,0.03520662519055663,19_dropoff
19,dropoff,2024,2,13067,9.477845246989146,1,Queens,Bellerose,Boro Zone,false,0.03520662519055663,19_dropoff
19,dropoff,2024,3,14240,9.563810184965966,1,Queens,Bellerose,Boro Zone,false,0.03520662519055663,19_dropoff
19,dropoff,2024,4,13817,9.53365499705667,1,Queens,Bellerose,Boro Zone,false,0.03520662519055663,19_dropoff
19,dropoff,2024,5,14575,9.587063011218692,1,Queens,Bellerose,Boro Zone,false,0.03520662519055663,19_dropoff
19,pickup,2023,2,13677,9.523470868881551,0,Queens,Bellerose,Boro Zone,false,0.0231120797618854,19_pickup
19,pickup,2023,3,16017,9.681405937168297,0,Queens,Bellerose,Boro Zone,false,0.0231120797618854,19_pickup
19,pickup,2023,4,15133,9.624633068687027,0,Queens,Bellerose,Boro Zone,false,0.0231120797618854,19_pickup
19,pickup,2023,5,16656,9.72052579085475,0,Queens,Bellerose,Boro Zone,false,0.0231120797618854,19_pickup
19,pickup,2024,2,16137,9.688870050941352,1,Queens,Bellerose,Boro Zone,false,0.0231120797618854,19_pickup
19,pickup,2024,3,17441,9.766579035268668,1,Queens,Bellerose,Boro Zone,false,0.0231120797618854,19_pickup
19,pickup,2024,4,16850,9.732105935780508,1,Queens,Bellerose,Boro Zone,false,0.0231120797618854,19_pickup
19,pickup,2024,5,17752,9.78425346461243,1,Queens,Bellerose,Boro Zone,false,0.0231120797618854,19_pickup
20,dropoff,2023,2,50860,10.83683203897611,0,Bronx,Belmont,Boro Zone,false,0.044275425725247355,20_dropoff
20,dropoff,2023,3,60136,11.004363942857305,0,Bronx,Belmont,Boro Zone,false,0.044275425725247355,20_dropoff
20,dropoff,2023,4,55477,10.923723799426726,0,Bronx,Belmont,Boro Zone,false,0.044275425725247355,20_dropoff
20,dropoff,2023,5,56382,10.93990523761112,0,Bronx,Belmont,Boro Zone,false,0.044275425725247355,20_dropoff
20,dropoff,2024,2,55431,10.922894283023263,1,Bronx,Belmont,Boro Zone,false,0.044275425725247355,20_dropoff
20,dropoff,2024,3,61434,11.025718706802872,1,Bronx,Belmont,Boro Zone,false,0.044275425725247355,20_dropoff
20,dropoff,2024,4,58771,10.981403814946026,1,Bronx,Belmont,Boro Zone,false,0.044275425725247355,20_dropoff
20,dropoff,2024,5,59839,10.999412901278777,1,Bronx,Belmont,Boro Zone,false,0.044275425725247355,20_dropoff
20,pickup,2023,2,51134,10.84220491697184,0,Bronx,Belmont,Boro Zone,false,0.041364186327888686,20_pickup
20,pickup,2023,3,60233,11.005975653862587,0,Bronx,Belmont,Boro Zone,false,0.041364186327888686,20_pickup
20,pickup,2023,4,55965,10.932481774323367,0,Bronx,Belmont,Boro Zone,false,0.041364186327888686,20_pickup
20,pickup,2023,5,57476,10.959122748349097,0,Bronx,Belmont,Boro Zone,false,0.041364186327888686,20_pickup
20,pickup,2024,2,55480,10.923777874428767,1,Bronx,Belmont,Boro Zone,false,0.041364186327888686,20_pickup
20,pickup,2024,3,62994,11.050794762742996,1,Bronx,Belmont,Boro Zone,false,0.041364186327888686,20_pickup
20,pickup,2024,4,59331,10.990887213990135,1,Bronx,Belmont,Boro Zone,false,0.041364186327888686,20_pickup
20,pickup,2024,5,60588,11.011852132646917,1,Bronx,Belmont,Boro Zone,false,0.041364186327888686,20_pickup
21,dropoff,2023,2,43921,10.69014784459452,0,Brooklyn,Bensonhurst East,Boro Zone,false,0.045690484159746685,21_dropoff
21,dropoff,2023,3,50830,10.836242010440948,0,Brooklyn,Bensonhurst East,Boro Zone,false,0.045690484159746685,21_dropoff
21,dropoff,2023,4,44881,10.711769821588275,0,Brooklyn,Bensonhurst East,Boro Zone,false,0.045690484159746685,21_dropoff
21,dropoff,2023,5,48591,10.791193607554506,0,Brooklyn,Bensonhurst East,Boro Zone,false,0.045690484159746685,21_dropoff
21,dropoff,2024,2,47847,10.775763698990863,1,Brooklyn,Bensonhurst East,Boro Zone,false,0.045690484159746685,21_dropoff
21,dropoff,2024,3,52954,10.877178891141387,1,Brooklyn,Bensonhurst East,Boro Zone,false,0.045690484159746685,21_dropoff
21,dropoff,2024,4,47532,10.769158447409916,1,Brooklyn,Bensonhurst East,Boro Zone,false,0.045690484159746685,21_dropoff
21,dropoff,2024,5,50568,10.831074244152134,1,Brooklyn,Bensonhurst East,Boro Zone,false,0.045690484159746685,21_dropoff
21,pickup,2023,2,44257,10.697768830015422,0,Brooklyn,Bensonhurst East,Boro Zone,false,0.0336479604004473,21_pickup
21,pickup,2023,3,50779,10.835238162272326,0,Brooklyn,Bensonhurst East,Boro Zone,false,0.0336479604004473,21_pickup
21,pickup,2023,4,45272,10.72044401882236,0,Brooklyn,Bensonhurst East,Boro Zone,false,0.0336479604004473,21_pickup
21,pickup,2023,5,48381,10.786862453648626,0,Brooklyn,Bensonhurst East,Boro Zone,false,0.0336479604004473,21_pickup
21,pickup,2024,2,48520,10.789731363057987,1,Brooklyn,Bensonhurst East,Boro Zone,false,0.0336479604004473,21_pickup
21,pickup,2024,3,54260,10.901542586212923,1,Brooklyn,Bensonhurst East,Boro Zone,false,0.0336479604004473,21_pickup
21,pickup,2024,4,48610,10.7915845500395,1,Brooklyn,Bensonhurst East,Boro Zone,false,0.0336479604004473,21_pickup
21,pickup,2024,5,50799,10.83563194833345,1,Brooklyn,Bensonhurst East,Boro Zone,false,0.0336479604004473,21_pickup
22,dropoff,2023,2,56412,10.94043718081213,0,Brooklyn,Bensonhurst West,Boro Zone,false,0.052433903481226986,22_dropoff
22,dropoff,2023,3,65321,11.087068856214001,0,Brooklyn,Bensonhurst West,Boro Zone,false,0.052433903481226986,22_dropoff
22,dropoff,2023,4,58326,10.973803242049124,0,Brooklyn,Bensonhurst West,Boro Zone,false,0.052433903481226986,22_dropoff
22,dropoff,2023,5,63562,11.059771086486624,0,Brooklyn,Bensonhurst West,Boro Zone,false,0.052433903481226986,22_dropoff
22,dropoff,2024,2,61375,11.024757865096822,1,Brooklyn,Bensonhurst West,Boro Zone,false,0.052433903481226986,22_dropoff
22,dropoff,2024,3,68776,11.13861012585428,1,Brooklyn,Bensonhurst West,Boro Zone,false,0.052433903481226986,22_dropoff
22,dropoff,2024,4,62451,11.042137528235768,1,Brooklyn,Bensonhurst West,Boro Zone,false,0.052433903481226986,22_dropoff
22,dropoff,2024,5,66087,11.09872733478783,1,Brooklyn,Bensonhurst West,Boro Zone,false,0.052433903481226986,22_dropoff
22,pickup,2023,2,58184,10.971365681834376,0,Brooklyn,Bensonhurst West,Boro Zone,false,0.04445419200478517,22_pickup
22,pickup,2023,3,68325,11.132031010796268,0,Brooklyn,Bensonhurst West,Boro Zone,false,0.04445419200478517,22_pickup
22,pickup,2023,4,59914,11.000665479666058,0,Brooklyn,Bensonhurst West,Boro Zone,false,0.04445419200478517,22_pickup
22,pickup,2023,5,64352,11.072123292572378,0,Brooklyn,Bensonhurst West,Boro Zone,false,0.04445419200478517,22_pickup
22,pickup,2024,2,62991,11.05074713802576,1,Brooklyn,Bensonhurst West,Boro Zone,false,0.04445419200478517,22_pickup
22,pickup,2024,3,71003,11.170477408651925,1,Brooklyn,Bensonhurst West,Boro Zone,false,0.04445419200478517,22_pickup
22,pickup,2024,4,63487,11.058590439512432,1,Brooklyn,Bensonhurst West,Boro Zone,false,0.04445419200478517,22_pickup
22,pickup,2024,5,66972,11.112029900576434,1,Brooklyn,Bensonhurst West,Boro Zone,false,0.04445419200478517,22_pickup
23,dropoff,2023,2,28432,10.255270550394432,0,Staten Island,Bloomfield/Emerson Hill,Boro Zone,false,0.02393257284931314,23_dropoff
23,dropoff,2023,3,34254,10.441558625192314,0,Staten Island,Bloomfield/Emerson Hill,Boro Zone,false,0.02393257284931314,23_dropoff
23,dropoff,2023,4,30480,10.324826009800583,0,Staten Island,Bloomfield/Emerson Hill,Boro Zone,false,0.02393257284931314,23_dropoff
23,dropoff,2023,5,34735,10.455503103126981,0,Staten Island,Bloomfield/Emerson Hill,Boro Zone,false,0.02393257284931314,23_dropoff
23,dropoff,2024,2,33843,10.42948746227303,1,Staten Island,Bloomfield/Emerson Hill,Boro Zone,false,0.02393257284931314,23_dropoff
23,dropoff,2024,3,36319,10.50009629929654,1,Staten Island,Bloomfield/Emerson Hill,Boro Zone,false,0.02393257284931314,23_dropoff
23,dropoff,2024,4,32969,10.403323005002216,1,Staten Island,Bloomfield/Emerson Hill,Boro Zone,false,0.02393257284931314,23_dropoff
23,dropoff,2024,5,34873,10.459468169808975,1,Staten Island,Bloomfield/Emerson Hill,Boro Zone,false,0.02393257284931314,23_dropoff
23,pickup,2023,2,24723,10.115489263431494,0,Staten Island,Bloomfield/Emerson Hill,Boro Zone,false,0.018710115410726407,23_pickup
23,pickup,2023,3,29771,10.301290044308947,0,Staten Island,Bloomfield/Emerson Hill,Boro Zone,false,0.018710115410726407,23_pickup
23,pickup,2023,4,26348,10.179147649760584,0,Staten Island,Bloomfield/Emerson Hill,Boro Zone,false,0.018710115410726407,23_pickup
23,pickup,2023,5,29633,10.296643884176694,0,Staten Island,Bloomfield/Emerson Hill,Boro Zone,false,0.018710115410726407,23_pickup
23,pickup,2024,2,29816,10.302800441159095,1,Staten Island,Bloomfield/Emerson Hill,Boro Zone,false,0.018710115410726407,23_pickup
23,pickup,2024,3,32155,10.378323238568964,1,Staten Island,Bloomfield/Emerson Hill,Boro Zone,false,0.018710115410726407,23_pickup
23,pickup,2024,4,29456,10.290652903472859,1,Staten Island,Bloomfield/Emerson Hill,Boro Zone,false,0.018710115410726407,23_pickup
23,pickup,2024,5,30647,10.330290057291649,1,Staten Island,Bloomfield/Emerson Hill,Boro Zone,false,0.018710115410726407,23_pickup
24,dropoff,2023,2,24921,10.123466100507182,0,Manhattan,Bloomingdale,Yellow Zone,false,0.25418564999860244,24_dropoff
24,dropoff,2023,3,26817,10.196791293755963,0,Manhattan,Bloomingdale,Yellow Zone,false,0.25418564999860244,24_dropoff
24,dropoff,2023,4,27350,10.216471807850127,0,Manhattan,Bloomingdale,Yellow Zone,false,0.25418564999860244,24_dropoff
24,dropoff,2023,5,28243,10.248600918259545,0,Manhattan,Bloomingdale,Yellow Zone,false,0.25418564999860244,24_dropoff
24,dropoff,2024,2,26125,10.170647989267112,1,Manhattan,Bloomingdale,Yellow Zone,false,0.25418564999860244,24_dropoff
24,dropoff,2024,3,27675,10.228284757576837,1,Manhattan,Bloomingdale,Yellow Zone,false,0.25418564999860244,24_dropoff
24,dropoff,2024,4,26553,10.186898014636986,1,Manhattan,Bloomingdale,Yellow Zone,false,0.25418564999860244,24_dropoff
24,dropoff,2024,5,28064,10.242242895171909,1,Manhattan,Bloomingdale,Yellow Zone,false,0.25418564999860244,24_dropoff
24,pickup,2023,2,27557,10.224011865791892,0,Manhattan,Bloomingdale,Yellow Zone,false,0.21441259210783523,24_pickup
24,pickup,2023,3,29261,10.284010850340083,0,Manhattan,Bloomingdale,Yellow Zone,false,0.21441259210783523,24_pickup
24,pickup,2023,4,29739,10.300214594701007,0,Manhattan,Bloomingdale,Yellow Zone,false,0.21441259210783523,24_pickup
24,pickup,2023,5,31104,10.345091707260165,0,Manhattan,Bloomingdale,Yellow Zone,false,0.21441259210783523,24_pickup
24,pickup,2024,2,28768,10.267018937271347,1,Manhattan,Bloomingdale,Yellow Zone,false,0.21441259210783523,24_pickup
24,pickup,2024,3,29833,10.30337044234806,1,Manhattan,Bloomingdale,Yellow Zone,false,0.21441259210783523,24_pickup
24,pickup,2024,4,30319,10.319529857682062,1,Manhattan,Bloomingdale,Yellow Zone,false,0.21441259210783523,24_pickup
24,pickup,2024,5,30758,10.33390540199987,1,Manhattan,Bloomingdale,Yellow Zone,false,0.21441259210783523,24_pickup
25,dropoff,2023,2,94433,11.45564586731723,0,Brooklyn,Boerum Hill,Boro Zone,false,0.20375704445835943,25_dropoff
25,dropoff,2023,3,103715,11.549402031780247,0,Brooklyn,Boerum Hill,Boro Zone,false,0.20375704445835943,25_dropoff
25,dropoff,2023,4,101415,11.526976288192888,0,Brooklyn,Boerum Hill,Boro Zone,false,0.20375704445835943,25_dropoff
25,dropoff,2023,5,99687,11.50979055627474,0,Brooklyn,Boerum Hill,Boro Zone,false,0.20375704445835943,25_dropoff
25,dropoff,2024,2,102665,11.539226539389599,1,Brooklyn,Boerum Hill,Boro Zone,false,0.20375704445835943,25_dropoff
25,dropoff,2024,3,112942,11.634629691587831,1,Brooklyn,Boerum Hill,Boro Zone,false,0.20375704445835943,25_dropoff
25,dropoff,2024,4,102665,11.539226539389599,1,Brooklyn,Boerum Hill,Boro Zone,false,0.20375704445835943,25_dropoff
25,dropoff,2024,5,107143,11.581919669789624,1,Brooklyn,Boerum Hill,Boro Zone,false,0.20375704445835943,25_dropoff
25,pickup,2023,2,102119,11.533894078906377,0,Brooklyn,Boerum Hill,Boro Zone,false,0.16268300072209402,25_pickup
25,pickup,2023,3,113335,11.638103313698457,0,Brooklyn,Boerum Hill,Boro Zone,false,0.16268300072209402,25_pickup
25,pickup,2023,4,111088,11.618077958993055,0,Brooklyn,Boerum Hill,Boro Zone,false,0.16268300072209402,25_pickup
25,pickup,2023,5,112459,11.63034398975615,0,Brooklyn,Boerum Hill,Boro Zone,false,0.16268300072209402,25_pickup
25,pickup,2024,2,114844,11.651329964697727,1,Brooklyn,Boerum Hill,Boro Zone,false,0.16268300072209402,25_pickup
25,pickup,2024,3,125710,11.741732945908877,1,Brooklyn,Boerum Hill,Boro Zone,false,0.16268300072209402,25_pickup
25,pickup,2024,4,114459,11.64797195924836,1,Brooklyn,Boerum Hill,Boro Zone,false,0.16268300072209402,25_pickup
25,pickup,2024,5,119708,11.692810723063833,1,Brooklyn,Boerum Hill,Boro Zone,false,0.16268300072209402,25_pickup
26,dropoff,2023,2,103043,11.542901655821183,0,Brooklyn,Borough Park,Boro Zone,false,0.02515511391177896,26_dropoff
26,dropoff,2023,3,123782,11.726277232861962,0,Brooklyn,Borough Park,Boro Zone,false,0.02515511391177896,26_dropoff
26,dropoff,2023,4,81946,11.313815772730564,0,Brooklyn,Borough Park,Boro Zone,false,0.02515511391177896,26_dropoff
26,dropoff,2023,5,103829,11.550500594123315,0,Brooklyn,Borough Park,Boro Zone,false,0.02515511391177896,26_dropoff
26,dropoff,2024,2,109692,11.60543171744182,1,Brooklyn,Borough Park,Boro Zone,false,0.02515511391177896,26_dropoff
26,dropoff,2024,3,120180,11.696745897887919,1,Brooklyn,Borough Park,Boro Zone,false,0.02515511391177896,26_dropoff
26,dropoff,2024,4,98514,11.497953949040083,1,Brooklyn,Borough Park,Boro Zone,false,0.02515511391177896,26_dropoff
26,dropoff,2024,5,105124,11.562895884744869,1,Brooklyn,Borough Park,Boro Zone,false,0.02515511391177896,26_dropoff
26,pickup,2023,2,101924,11.531982716503686,0,Brooklyn,Borough Park,Boro Zone,false,0.023245568698100485,26_pickup
26,pickup,2023,3,122644,11.717041128799853,0,Brooklyn,Borough Park,Boro Zone,false,0.023245568698100485,26_pickup
26,pickup,2023,4,80150,11.291655158037699,0,Brooklyn,Borough Park,Boro Zone,false,0.023245568698100485,26_pickup
26,pickup,2023,5,101596,11.528759443272756,0,Brooklyn,Borough Park,Boro Zone,false,0.023245568698100485,26_pickup
26,pickup,2024,2,106879,11.579452632439278,1,Brooklyn,Borough Park,Boro Zone,false,0.023245568698100485,26_pickup
26,pickup,2024,3,117391,11.673265522449455,1,Brooklyn,Borough Park,Boro Zone,false,0.023245568698100485,26_pickup
26,pickup,2024,4,96085,11.472988495366527,1,Brooklyn,Borough Park,Boro Zone,false,0.023245568698100485,26_pickup
26,pickup,2024,5,101042,11.523291550969406,1,Brooklyn,Borough Park,Boro Zone,false,0.023245568698100485,26_pickup
27,dropoff,2023,2,718,6.576469569048224,0,Queens,Breezy Point/Fort Tilden/Riis Beach,Boro Zone,false,0.1080234015879649,27_dropoff
27,dropoff,2023,3,1099,7.002155954403621,0,Queens,Breezy Point/Fort Tilden/Riis Beach,Boro Zone,false,0.1080234015879649,27_dropoff
27,dropoff,2023,4,1117,7.018401799069201,0,Queens,Breezy Point/Fort Tilden/Riis Beach,Boro Zone,false,0.1080234015879649,27_dropoff
27,dropoff,2023,5,1852,7.524021415206125,0,Queens,Breezy Point/Fort Tilden/Riis Beach,Boro Zone,false,0.1080234015879649,27_dropoff
27,dropoff,2024,2,876,6.775366090936392,1,Queens,Breezy Point/Fort Tilden/Riis Beach,Boro Zone,false,0.1080234015879649,27_dropoff
27,dropoff,2024,3,1118,7.0192966537150445,1,Queens,Breezy Point/Fort Tilden/Riis Beach,Boro Zone,false,0.1080234015879649,27_dropoff
27,dropoff,2024,4,1102,7.004881989712859,1,Queens,Breezy Point/Fort Tilden/Riis Beach,Boro Zone,false,0.1080234015879649,27_dropoff
27,dropoff,2024,5,1921,7.560601162768557,1,Queens,Breezy Point/Fort Tilden/Riis Beach,Boro Zone,false,0.1080234015879649,27_dropoff
27,pickup,2023,2,354,5.869296913133774,0,Queens,Breezy Point/Fort Tilden/Riis Beach,Boro Zone,false,0.06381409074142383,27_pickup
27,pickup,2023,3,530,6.272877006546167,0,Queens,Breezy Point/Fort Tilden/Riis Beach,Boro Zone,false,0.06381409074142383,27_pickup
27,pickup,2023,4,627,6.440946540632921,0,Queens,Breezy Point/Fort Tilden/Riis Beach,Boro Zone,false,0.06381409074142383,27_pickup
27,pickup,2023,5,1200,7.090076835776092,0,Queens,Breezy Point/Fort Tilden/Riis Beach,Boro Zone,false,0.06381409074142383,27_pickup
27,pickup,2024,2,544,6.298949246855942,1,Queens,Breezy Point/Fort Tilden/Riis Beach,Boro Zone,false,0.06381409074142383,27_pickup
27,pickup,2024,3,686,6.530877627725885,1,Queens,Breezy Point/Fort Tilden/Riis Beach,Boro Zone,false,0.06381409074142383,27_pickup
27,pickup,2024,4,680,6.522092798170152,1,Queens,Breezy Point/Fort Tilden/Riis Beach,Boro Zone,false,0.06381409074142383,27_pickup
27,pickup,2024,5,1407,7.249215057114389,1,Queens,Breezy Point/Fort Tilden/Riis Beach,Boro Zone,false,0.06381409074142383,27_pickup
28,dropoff,2023,2,38157,10.549464506119595,0,Queens,Briarwood/Jamaica Hills,Boro Zone,false,0.04816165751313527,28_dropoff
28,dropoff,2023,3,44659,10.706811133741756,0,Queens,Briarwood/Jamaica Hills,Boro Zone,false,0.04816165751313527,28_dropoff
28,dropoff,2023,4,41069,10.623008857981173,0,Queens,Briarwood/Jamaica Hills,Boro Zone,false,0.04816165751313527,28_dropoff
28,dropoff,2023,5,44174,10.695891659693414,0,Queens,Briarwood/Jamaica Hills,Boro Zone,false,0.04816165751313527,28_dropoff
28,dropoff,2024,2,44058,10.693262226679666,1,Queens,Briarwood/Jamaica Hills,Boro Zone,false,0.04816165751313527,28_dropoff
28,dropoff,2024,3,48911,10.797757599041015,1,Queens,Briarwood/Jamaica Hills,Boro Zone,false,0.04816165751313527,28_dropoff
28,dropoff,2024,4,45710,10.73007237132579,1,Queens,Briarwood/Jamaica Hills,Boro Zone,false,0.04816165751313527,28_dropoff
28,dropoff,2024,5,47611,10.770819105958742,1,Queens,Briarwood/Jamaica Hills,Boro Zone,false,0.04816165751313527,28_dropoff
28,pickup,2023,2,41389,10.630770424025688,0,Queens,Briarwood/Jamaica Hills,Boro Zone,false,0.037657323931089885,28_pickup
28,pickup,2023,3,47066,10.759306150966905,0,Queens,Briarwood/Jamaica Hills,Boro Zone,false,0.037657323931089885,28_pickup
28,pickup,2023,4,44249,10.69758805131066,0,Queens,Briarwood/Jamaica Hills,Boro Zone,false,0.037657323931089885,28_pickup
28,pickup,2023,5,46544,10.748153380734983,0,Queens,Briarwood/Jamaica Hills,Boro Zone,false,0.037657323931089885,28_pickup
28,pickup,2024,2,47021,10.758349589413635,1,Queens,Briarwood/Jamaica Hills,Boro Zone,false,0.037657323931089885,28_pickup
28,pickup,2024,3,51551,10.85032688789905,1,Queens,Briarwood/Jamaica Hills,Boro Zone,false,0.037657323931089885,28_pickup
28,pickup,2024,4,48089,10.780808739711565,1,Queens,Briarwood/Jamaica Hills,Boro Zone,false,0.037657323931089885,28_pickup
28,pickup,2024,5,49676,10.813277198067922,1,Queens,Briarwood/Jamaica Hills,Boro Zone,false,0.037657323931089885,28_pickup
29,dropoff,2023,2,32921,10.401866031000361,0,Brooklyn,Brighton Beach,Boro Zone,false,0.03662615279517249,29_dropoff
29,dropoff,2023,3,37959,10.544261908857374,0,Brooklyn,Brighton Beach,Boro Zone,false,0.03662615279517249,29_dropoff
29,dropoff,2023,4,33523,10.419987049397923,0,Brooklyn,Brighton Beach,Boro Zone,false,0.03662615279517249,29_dropoff
29,dropoff,2023,5,36125,10.494740425414733,0,Brooklyn,Brighton Beach,Boro Zone,false,0.03662615279517249,29_dropoff
29,dropoff,2024,2,37088,10.521048746139478,1,Brooklyn,Brighton Beach,Boro Zone,false,0.03662615279517249,29_dropoff
29,dropoff,2024,3,41046,10.622448667989053,1,Brooklyn,Brighton Beach,Boro Zone,false,0.03662615279517249,29_dropoff
29,dropoff,2024,4,38128,10.548704199338523,1,Brooklyn,Brighton Beach,Boro Zone,false,0.03662615279517249,29_dropoff
29,dropoff,2024,5,40084,10.59873253117822,1,Brooklyn,Brighton Beach,Boro Zone,false,0.03662615279517249,29_dropoff
29,pickup,2023,2,31259,10.350062613700509,0,Brooklyn,Brighton Beach,Boro Zone,false,0.02826828740172178,29_pickup
29,pickup,2023,3,36168,10.495930028974442,0,Brooklyn,Brighton Beach,Boro Zone,false,0.02826828740172178,29_pickup
29,pickup,2023,4,31989,10.373147372686288,0,Brooklyn,Brighton Beach,Boro Zone,false,0.02826828740172178,29_pickup
29,pickup,2023,5,34515,10.449149291137577,0,Brooklyn,Brighton Beach,Boro Zone,false,0.02826828740172178,29_pickup
29,pickup,2024,2,35279,10.471043165047808,1,Brooklyn,Brighton Beach,Boro Zone,false,0.02826828740172178,29_pickup
29,pickup,2024,3,38343,10.554327260799823,1,Brooklyn,Brighton Beach,Boro Zone,false,0.02826828740172178,29_pickup
29,pickup,2024,4,35877,10.487851700636917,1,Brooklyn,Brighton Beach,Boro Zone,false,0.02826828740172178,29_pickup
29,pickup,2024,5,37735,10.53834332471897,1,Brooklyn,Brighton Beach,Boro Zone,false,0.02826828740172178,29_pickup
30,dropoff,2023,2,708,6.56244409369372,0,Queens,Broad Channel,Boro Zone,false,0.05984611000284981,30_dropoff
30,dropoff,2023,3,926,6.8308742346461795,0,Queens,Broad Channel,Boro Zone,false,0.05984611000284981,30_dropoff
30,dropoff,2023,4,827,6.717804695023691,0,Queens,Broad Channel,Boro Zone,false,0.05984611000284981,30_dropoff
30,dropoff,2023,5,1048,6.954638864880987,0,Queens,Broad Channel,Boro Zone,false,0.05984611000284981,30_dropoff
30,dropoff,2024,2,808,6.694562058521095,1,Queens,Broad Channel,Boro Zone,false,0.05984611000284981,30_dropoff
30,dropoff,2024,3,1062,6.967909201801884,1,Queens,Broad Channel,Boro Zone,false,0.05984611000284981,30_dropoff
30,dropoff,2024,4,949,6.855408798609928,1,Queens,Broad Channel,Boro Zone,false,0.05984611000284981,30_dropoff
30,dropoff,2024,5,1205,7.094234845924755,1,Queens,Broad Channel,Boro Zone,false,0.05984611000284981,30_dropoff
30,pickup,2023,2,675,6.51471269087253,0,Queens,Broad Channel,Boro Zone,false,0.024374176548089592,30_pickup
30,pickup,2023,3,782,6.661854740545311,0,Queens,Broad Channel,Boro Zone,false,0.024374176548089592,30_pickup
30,pickup,2023,4,718,6.576469569048224,0,Queens,Broad Channel,Boro Zone,false,0.024374176548089592,30_pickup
30,pickup,2023,5,861,6.7580945044277305,0,Queens,Broad Channel,Boro Zone,false,0.024374176548089592,30_pickup
30,pickup,2024,2,851,6.7464121285733745,1,Queens,Broad Channel,Boro Zone,false,0.024374176548089592,30_pickup
30,pickup,2024,3,1053,6.959398512133975,1,Queens,Broad Channel,Boro Zone,false,0.024374176548089592,30_pickup
30,pickup,2024,4,915,6.818924065275521,1,Queens,Broad Channel,Boro Zone,false,0.024374176548089592,30_pickup
30,pickup,2024,5,1171,7.065613363597717,1,Queens,Broad Channel,Boro Zone,false,0.024374176548089592,30_pickup
31,dropoff,2023,2,5722,8.652073673610056,0,Bronx,Bronx Park,Boro Zone,false,0.09962255178767795,31_dropoff
31,dropoff,2023,3,7664,8.944289319650697,0,Bronx,Bronx Park,Boro Zone,false,0.09962255178767795,31_dropoff
31,dropoff,2023,4,10491,9.258273025731485,0,Bronx,Bronx Park,Boro Zone,false,0.09962255178767795,31_dropoff
31,dropoff,2023,5,9770,9.187071745036828,0,Bronx,Bronx Park,Boro Zone,false,0.09962255178767795,31_dropoff
31,dropoff,2024,2,5927,8.687273461787838,1,Bronx,Bronx Park,Boro Zone,false,0.09962255178767795,31_dropoff
31,dropoff,2024,3,8710,9.072227069846548,1,Bronx,Bronx Park,Boro Zone,false,0.09962255178767795,31_dropoff
31,dropoff,2024,4,10638,9.272187775302262,1,Bronx,Bronx Park,Boro Zone,false,0.09962255178767795,31_dropoff
31,dropoff,2024,5,9783,9.18840146445743,1,Bronx,Bronx Park,Boro Zone,false,0.09962255178767795,31_dropoff
31,pickup,2023,2,4958,8.508757712595136,0,Bronx,Bronx Park,Boro Zone,false,0.10045693241492192,31_pickup
31,pickup,2023,3,6875,8.835646922534773,0,Bronx,Bronx Park,Boro Zone,false,0.10045693241492192,31_pickup
31,pickup,2023,4,9318,9.139703292376742,0,Bronx,Bronx Park,Boro Zone,false,0.10045693241492192,31_pickup
31,pickup,2023,5,8175,9.008835995765454,0,Bronx,Bronx Park,Boro Zone,false,0.10045693241492192,31_pickup
31,pickup,2024,2,5486,8.60995467149755,1,Bronx,Bronx Park,Boro Zone,false,0.10045693241492192,31_pickup
31,pickup,2024,3,7815,8.963800242855577,1,Bronx,Bronx Park,Boro Zone,false,0.10045693241492192,31_pickup
31,pickup,2024,4,9126,9.118882761487347,1,Bronx,Bronx Park,Boro Zone,false,0.10045693241492192,31_pickup
31,pickup,2024,5,8533,9.051696278536586,1,Bronx,Bronx Park,Boro Zone,false,0.10045693241492192,31_pickup
32,dropoff,2023,2,39449,10.582763977410282,0,Bronx,Bronxdale,Boro Zone,false,0.03450334217882873,32_dropoff
32,dropoff,2023,3,45833,10.732759634666934,0,Bronx,Bronxdale,Boro Zone,false,0.03450334217882873,32_dropoff
32,dropoff,2023,4,41237,10.627091190577001,0,Bronx,Bronxdale,Boro Zone,false,0.03450334217882873,32_dropoff
32,dropoff,2023,5,42682,10.661532564673916,0,Bronx,Bronxdale,Boro Zone,false,0.03450334217882873,32_dropoff
32,dropoff,2024,2,43433,10.678974799818294,1,Bronx,Bronxdale,Boro Zone,false,0.03450334217882873,32_dropoff
32,dropoff,2024,3,48876,10.797041757436412,1,Bronx,Bronxdale,Boro Zone,false,0.03450334217882873,32_dropoff
32,dropoff,2024,4,43788,10.687115086224448,1,Bronx,Bronxdale,Boro Zone,false,0.03450334217882873,32_dropoff
32,dropoff,2024,5,44269,10.698039936810567,1,Bronx,Bronxdale,Boro Zone,false,0.03450334217882873,32_dropoff
32,pickup,2023,2,43188,10.673317957867031,0,Bronx,Bronxdale,Boro Zone,false,0.03083052900794185,32_pickup
32,pickup,2023,3,50168,10.823132652222856,0,Bronx,Bronxdale,Boro Zone,false,0.03083052900794185,32_pickup
32,pickup,2023,4,45695,10.729744161706302,0,Bronx,Bronxdale,Boro Zone,false,0.03083052900794185,32_pickup
32,pickup,2023,5,46674,10.75094254343483,0,Bronx,Bronxdale,Boro Zone,false,0.03083052900794185,32_pickup
32,pickup,2024,2,47077,10.759539838018519,1,Bronx,Bronxdale,Boro Zone,false,0.03083052900794185,32_pickup
32,pickup,2024,3,52913,10.87640433434749,1,Bronx,Bronxdale,Boro Zone,false,0.03083052900794185,32_pickup
32,pickup,2024,4,47169,10.761492176138386,1,Bronx,Bronxdale,Boro Zone,false,0.03083052900794185,32_pickup
32,pickup,2024,5,48566,10.790678976585008,1,Bronx,Bronxdale,Boro Zone,false,0.03083052900794185,32_pickup
33,dropoff,2023,2,77590,11.259193831887995,0,Brooklyn,Brooklyn Heights,Boro Zone,false,0.3031256475889988,33_dropoff
33,dropoff,2023,3,88050,11.385660113924352,0,Brooklyn,Brooklyn Heights,Boro Zone,false,0.3031256475889988,33_dropoff
33,dropoff,2023,4,86878,11.372260114644964,0,Brooklyn,Brooklyn Heights,Boro Zone,false,0.3031256475889988,33_dropoff
33,dropoff,2023,5,90099,11.408664344755703,0,Brooklyn,Brooklyn Heights,Boro Zone,false,0.3031256475889988,33_dropoff
33,dropoff,2024,2,86964,11.373249518897282,1,Brooklyn,Brooklyn Heights,Boro Zone,false,0.3031256475889988,33_dropoff
33,dropoff,2024,3,95652,11.468471884215923,1,Brooklyn,Brooklyn Heights,Boro Zone,false,0.3031256475889988,33_dropoff
33,dropoff,2024,4,92458,11.434509766332706,1,Brooklyn,Brooklyn Heights,Boro Zone,false,0.3031256475889988,33_dropoff
33,dropoff,2024,5,98378,11.496572480807457,1,Brooklyn,Brooklyn Heights,Boro Zone,false,0.3031256475889988,33_dropoff
33,pickup,2023,2,79732,11.286426289842657,0,Brooklyn,Brooklyn Heights,Boro Zone,false,0.27307531322376316,33_pickup
33,pickup,2023,3,91384,11.422825687413782,0,Brooklyn,Brooklyn Heights,Boro Zone,false,0.27307531322376316,33_pickup
33,pickup,2023,4,90120,11.40889739454618,0,Brooklyn,Brooklyn Heights,Boro Zone,false,0.27307531322376316,33_pickup
33,pickup,2023,5,97134,11.483846747469562,0,Brooklyn,Brooklyn Heights,Boro Zone,false,0.27307531322376316,33_pickup
33,pickup,2024,2,88300,11.388495386592052,1,Brooklyn,Brooklyn Heights,Boro Zone,false,0.27307531322376316,33_pickup
33,pickup,2024,3,97511,11.487720471135004,1,Brooklyn,Brooklyn Heights,Boro Zone,false,0.27307531322376316,33_pickup
33,pickup,2024,4,95398,11.465812892856036,1,Brooklyn,Brooklyn Heights,Boro Zone,false,0.27307531322376316,33_pickup
33,pickup,2024,5,103525,11.547568408413769,1,Brooklyn,Brooklyn Heights,Boro Zone,false,0.27307531322376316,33_pickup
34,dropoff,2023,2,14807,9.602855320908718,0,Brooklyn,Brooklyn Navy Yard,Boro Zone,false,0.17818696883852692,34_dropoff
34,dropoff,2023,3,19131,9.85906533498338,0,Brooklyn,Brooklyn Navy Yard,Boro Zone,false,0.17818696883852692,34_dropoff
34,dropoff,2023,4,14920,9.610457873757753,0,Brooklyn,Brooklyn Navy Yard,Boro Zone,false,0.17818696883852692,34_dropoff
34,dropoff,2023,5,18212,9.809835996454673,0,Brooklyn,Brooklyn Navy Yard,Boro Zone,false,0.17818696883852692,34_dropoff
34,dropoff,2024,2,18613,9.831615540298333,1,Brooklyn,Brooklyn Navy Yard,Boro Zone,false,0.17818696883852692,34_dropoff
34,dropoff,2024,3,23127,10.048756045127371,1,Brooklyn,Brooklyn Navy Yard,Boro Zone,false,0.17818696883852692,34_dropoff
34,dropoff,2024,4,21374,9.969930509084842,1,Brooklyn,Brooklyn Navy Yard,Boro Zone,false,0.17818696883852692,34_dropoff
34,dropoff,2024,5,23437,10.062071249151874,1,Brooklyn,Brooklyn Navy Yard,Boro Zone,false,0.17818696883852692,34_dropoff
34,pickup,2023,2,12847,9.46086560003161,0,Brooklyn,Brooklyn Navy Yard,Boro Zone,false,0.22278302211810103,34_pickup
34,pickup,2023,3,16604,9.71739890917293,0,Brooklyn,Brooklyn Navy Yard,Boro Zone,false,0.22278302211810103,34_pickup
34,pickup,2023,4,12932,9.467460138845324,0,Brooklyn,Brooklyn Navy Yard,Boro Zone,false,0.22278302211810103,34_pickup
34,pickup,2023,5,15669,9.659439517104408,0,Brooklyn,Brooklyn Navy Yard,Boro Zone,false,0.22278302211810103,34_pickup
34,pickup,2024,2,15667,9.659311868393488,1,Brooklyn,Brooklyn Navy Yard,Boro Zone,false,0.22278302211810103,34_pickup
34,pickup,2024,3,19917,9.899328917387269,1,Brooklyn,Brooklyn Navy Yard,Boro Zone,false,0.22278302211810103,34_pickup
34,pickup,2024,4,17863,9.790486813448885,1,Brooklyn,Brooklyn Navy Yard,Boro Zone,false,0.22278302211810103,34_pickup
34,pickup,2024,5,20619,9.933968259789715,1,Brooklyn,Brooklyn Navy Yard,Boro Zone,false,0.22278302211810103,34_pickup
35,dropoff,2023,2,99472,11.507631476509118,0,Brooklyn,Brownsville,Boro Zone,false,0.020832473813289325,35_dropoff
35,dropoff,2023,3,120573,11.700010657613205,0,Brooklyn,Brownsville,Boro Zone,false,0.020832473813289325,35_dropoff
35,dropoff,2023,4,106149,11.572599046455846,0,Brooklyn,Brownsville,Boro Zone,false,0.020832473813289325,35_dropoff
35,dropoff,2023,5,110096,11.609107991442261,0,Brooklyn,Brownsville,Boro Zone,false,0.020832473813289325,35_dropoff
35,dropoff,2024,2,110511,11.612870342496732,1,Brooklyn,Brownsville,Boro Zone,false,0.020832473813289325,35_dropoff
35,dropoff,2024,3,129128,11.768559439453115,1,Brooklyn,Brownsville,Boro Zone,false,0.020832473813289325,35_dropoff
35,dropoff,2024,4,110483,11.612616941950565,1,Brooklyn,Brownsville,Boro Zone,false,0.020832473813289325,35_dropoff
35,dropoff,2024,5,114070,11.644567574021943,1,Brooklyn,Brownsville,Boro Zone,false,0.020832473813289325,35_dropoff
35,pickup,2023,2,106129,11.572410614304994,0,Brooklyn,Brownsville,Boro Zone,false,0.019873010814965692,35_pickup
35,pickup,2023,3,128455,11.76333392743245,0,Brooklyn,Brownsville,Boro Zone,false,0.019873010814965692,35_pickup
35,pickup,2023,4,112990,11.635054598203292,0,Brooklyn,Brownsville,Boro Zone,false,0.019873010814965692,35_pickup
35,pickup,2023,5,116875,11.668860266590988,0,Brooklyn,Brownsville,Boro Zone,false,0.019873010814965692,35_pickup
35,pickup,2024,2,117764,11.67643790077713,1,Brooklyn,Brownsville,Boro Zone,false,0.019873010814965692,35_pickup
35,pickup,2024,3,138059,11.835436409003652,1,Brooklyn,Brownsville,Boro Zone,false,0.019873010814965692,35_pickup
35,pickup,2024,4,117999,11.678431428835621,1,Brooklyn,Brownsville,Boro Zone,false,0.019873010814965692,35_pickup
35,pickup,2024,5,121883,11.710816847171511,1,Brooklyn,Brownsville,Boro Zone,false,0.019873010814965692,35_pickup
36,dropoff,2023,2,138415,11.838011697795746,0,Brooklyn,Bushwick North,Boro Zone,false,0.11959835744745137,36_dropoff
36,dropoff,2023,3,152424,11.93442139015092,0,Brooklyn,Bushwick North,Boro Zone,false,0.11959835744745137,36_dropoff
36,dropoff,2023,4,146478,11.894630525514055,0,Brooklyn,Bushwick North,Boro Zone,false,0.11959835744745137,36_dropoff
36,dropoff,2023,5,145191,11.885805395980704,0,Brooklyn,Bushwick North,Boro Zone,false,0.11959835744745137,36_dropoff
36,dropoff,2024,2,146669,11.895933626190695,1,Brooklyn,Bushwick North,Boro Zone,false,0.11959835744745137,36_dropoff
36,dropoff,2024,3,165154,12.014633650931318,1,Brooklyn,Bushwick North,Boro Zone,false,0.11959835744745137,36_dropoff
36,dropoff,2024,4,150724,11.923205628736161,1,Brooklyn,Bushwick North,Boro Zone,false,0.11959835744745137,36_dropoff
36,dropoff,2024,5,160790,11.987854444738458,1,Brooklyn,Bushwick North,Boro Zone,false,0.11959835744745137,36_dropoff
36,pickup,2023,2,141831,11.862391486958291,0,Brooklyn,Bushwick North,Boro Zone,false,0.08787658832461476,36_pickup
36,pickup,2023,3,155405,11.953789891430254,0,Brooklyn,Bushwick North,Boro Zone,false,0.08787658832461476,36_pickup
36,pickup,2023,4,151217,11.92647117026979,0,Brooklyn,Bushwick North,Boro Zone,false,0.08787658832461476,36_pickup
36,pickup,2023,5,150842,11.923988210366865,0,Brooklyn,Bushwick North,Boro Zone,false,0.08787658832461476,36_pickup
36,pickup,2024,2,151077,11.92554491959985,1,Brooklyn,Bushwick North,Boro Zone,false,0.08787658832461476,36_pickup
36,pickup,2024,3,168185,12.032819842996096,1,Brooklyn,Bushwick North,Boro Zone,false,0.08787658832461476,36_pickup
36,pickup,2024,4,153739,11.943011638393871,1,Brooklyn,Bushwick North,Boro Zone,false,0.08787658832461476,36_pickup
36,pickup,2024,5,165783,12.01843498325395,1,Brooklyn,Bushwick North,Boro Zone,false,0.08787658832461476,36_pickup
37,dropoff,2023,2,203395,12.222905180190224,0,Brooklyn,Bushwick South,Boro Zone,false,0.1316182722283771,37_dropoff
37,dropoff,2023,3,223708,12.318096909020262,0,Brooklyn,Bushwick South,Boro Zone,false,0.1316182722283771,37_dropoff
37,dropoff,2023,4,213227,12.270112604906481,0,Brooklyn,Bushwick South,Boro Zone,false,0.1316182722283771,37_dropoff
37,dropoff,2023,5,213556,12.271654372339443,0,Brooklyn,Bushwick South,Boro Zone,false,0.1316182722283771,37_dropoff
37,dropoff,2024,2,215869,12.282427021200535,1,Brooklyn,Bushwick South,Boro Zone,false,0.1316182722283771,37_dropoff
37,dropoff,2024,3,236497,12.37369080184424,1,Brooklyn,Bushwick South,Boro Zone,false,0.1316182722283771,37_dropoff
37,dropoff,2024,4,214682,12.27691314243891,1,Brooklyn,Bushwick South,Boro Zone,false,0.1316182722283771,37_dropoff
37,dropoff,2024,5,224659,12.322338976014995,1,Brooklyn,Bushwick South,Boro Zone,false,0.1316182722283771,37_dropoff
37,pickup,2023,2,197587,12.193934272657998,0,Brooklyn,Bushwick South,Boro Zone,false,0.09501504154732265,37_pickup
37,pickup,2023,3,218167,12.293016103546696,0,Brooklyn,Bushwick South,Boro Zone,false,0.09501504154732265,37_pickup
37,pickup,2023,4,209570,12.252813091413989,0,Brooklyn,Bushwick South,Boro Zone,false,0.09501504154732265,37_pickup
37,pickup,2023,5,207702,12.243859639090832,0,Brooklyn,Bushwick South,Boro Zone,false,0.09501504154732265,37_pickup
37,pickup,2024,2,211700,12.262925457122957,1,Brooklyn,Bushwick South,Boro Zone,false,0.09501504154732265,37_pickup
37,pickup,2024,3,232624,12.357178695171207,1,Brooklyn,Bushwick South,Boro Zone,false,0.09501504154732265,37_pickup
37,pickup,2024,4,211575,12.262334824538307,1,Brooklyn,Bushwick South,Boro Zone,false,0.09501504154732265,37_pickup
37,pickup,2024,5,219831,12.300614348313475,1,Brooklyn,Bushwick South,Boro Zone,false,0.09501504154732265,37_pickup
38,dropoff,2023,2,15392,9.641603172905487,0,Queens,Cambria Heights,Boro Zone,false,0.026011080750592535,38_dropoff
38,dropoff,2023,3,17535,9.771954162574279,0,Queens,Cambria Heights,Boro Zone,false,0.026011080750592535,38_dropoff
38,dropoff,2023,4,15859,9.6714924414986,0,Queens,Cambria Heights,Boro Zone,false,0.026011080750592535,38_dropoff
38,dropoff,2023,5,17455,9.767381419539136,0,Queens,Cambria Heights,Boro Zone,false,0.026011080750592535,38_dropoff
38,dropoff,2024,2,16653,9.720345659358271,1,Queens,Cambria Heights,Boro Zone,false,0.026011080750592535,38_dropoff
38,dropoff,2024,3,18477,9.824281994355154,1,Queens,Cambria Heights,Boro Zone,false,0.026011080750592535,38_dropoff
38,dropoff,2024,4,17061,9.74455043597491,1,Queens,Cambria Heights,Boro Zone,false,0.026011080750592535,38_dropoff
38,dropoff,2024,5,18483,9.82460666968268,1,Queens,Cambria Heights,Boro Zone,false,0.026011080750592535,38_dropoff
38,pickup,2023,2,19014,9.852930828918975,0,Queens,Cambria Heights,Boro Zone,false,0.018389171222813652,38_pickup
38,pickup,2023,3,22071,10.002019808600375,0,Queens,Cambria Heights,Boro Zone,false,0.018389171222813652,38_pickup
38,pickup,2023,4,20118,9.909370215694283,0,Queens,Cambria Heights,Boro Zone,false,0.018389171222813652,38_pickup
38,pickup,2023,5,21835,9.991269465919661,0,Queens,Cambria Heights,Boro Zone,false,0.018389171222813652,38_pickup
38,pickup,2024,2,21809,9.990078007617226,1,Queens,Cambria Heights,Boro Zone,false,0.018389171222813652,38_pickup
38,pickup,2024,3,24070,10.088721530777118,1,Queens,Cambria Heights,Boro Zone,false,0.018389171222813652,38_pickup
38,pickup,2024,4,22460,10.019491228292434,1,Queens,Cambria Heights,Boro Zone,false,0.018389171222813652,38_pickup
38,pickup,2024,5,23825,10.078490728522404,1,Queens,Cambria Heights,Boro Zone,false,0.018389171222813652,38_pickup
39,dropoff,2023,2,116652,11.66695042260907,0,Brooklyn,Canarsie,Boro Zone,false,0.017381970060698325,39_dropoff
39,dropoff,2023,3,136058,11.82083654439369,0,Brooklyn,Canarsie,Boro Zone,false,0.017381970060698325,39_dropoff
39,dropoff,2023,4,124893,11.735212649707229,0,Brooklyn,Canarsie,Boro Zone,false,0.017381970060698325,39_dropoff
39,dropoff,2023,5,134767,11.811302640368528,0,Brooklyn,Canarsie,Boro Zone,false,0.017381970060698325,39_dropoff
39,dropoff,2024,2,131172,11.784264718081836,1,Brooklyn,Canarsie,Boro Zone,false,0.017381970060698325,39_dropoff
39,dropoff,2024,3,148202,11.906331487029716,1,Brooklyn,Canarsie,Boro Zone,false,0.017381970060698325,39_dropoff
39,dropoff,2024,4,136894,11.826962182704687,1,Brooklyn,Canarsie,Boro Zone,false,0.017381970060698325,39_dropoff
39,dropoff,2024,5,142923,11.870061302681107,1,Brooklyn,Canarsie,Boro Zone,false,0.017381970060698325,39_dropoff
39,pickup,2023,2,120505,11.699446524827938,0,Brooklyn,Canarsie,Boro Zone,false,0.014767753776648313,39_pickup
39,pickup,2023,3,141515,11.860160997514216,0,Brooklyn,Canarsie,Boro Zone,false,0.014767753776648313,39_pickup
39,pickup,2023,4,129684,11.772856001091165,0,Brooklyn,Canarsie,Boro Zone,false,0.014767753776648313,39_pickup
39,pickup,2023,5,139521,11.845970406548313,0,Brooklyn,Canarsie,Boro Zone,false,0.014767753776648313,39_pickup
39,pickup,2024,2,136568,11.824577938060589,1,Brooklyn,Canarsie,Boro Zone,false,0.014767753776648313,39_pickup
39,pickup,2024,3,154847,11.950192811626335,1,Brooklyn,Canarsie,Boro Zone,false,0.014767753776648313,39_pickup
39,pickup,2024,4,142404,11.86642336745314,1,Brooklyn,Canarsie,Boro Zone,false,0.014767753776648313,39_pickup
39,pickup,2024,5,148669,11.90947763727819,1,Brooklyn,Canarsie,Boro Zone,false,0.014767753776648313,39_pickup
40,dropoff,2023,2,38702,10.563646557269093,0,Brooklyn,Carroll Gardens,Boro Zone,false,0.2215929014198349,40_dropoff
40,dropoff,2023,3,43759,10.686452584915193,0,Brooklyn,Carroll Gardens,Boro Zone,false,0.2215929014198349,40_dropoff
40,dropoff,2023,4,42059,10.646828673415323,0,Brooklyn,Carroll Gardens,Boro Zone,false,0.2215929014198349,40_dropoff
40,dropoff,2023,5,43739,10.685995431600869,0,Brooklyn,Carroll Gardens,Boro Zone,false,0.2215929014198349,40_dropoff
40,dropoff,2024,2,45688,10.7295909603447,1,Brooklyn,Carroll Gardens,Boro Zone,false,0.2215929014198349,40_dropoff
40,dropoff,2024,3,49134,10.802306538498243,1,Brooklyn,Carroll Gardens,Boro Zone,false,0.2215929014198349,40_dropoff
40,dropoff,2024,4,45349,10.722143404583514,1,Brooklyn,Carroll Gardens,Boro Zone,false,0.2215929014198349,40_dropoff
40,dropoff,2024,5,47120,10.760452818325469,1,Brooklyn,Carroll Gardens,Boro Zone,false,0.2215929014198349,40_dropoff
40,pickup,2023,2,40285,10.603734470211297,0,Brooklyn,Carroll Gardens,Boro Zone,false,0.19023656010603643,40_pickup
40,pickup,2023,3,45990,10.73617926053397,0,Brooklyn,Carroll Gardens,Boro Zone,false,0.19023656010603643,40_pickup
40,pickup,2023,4,44053,10.693148733472112,0,Brooklyn,Carroll Gardens,Boro Zone,false,0.19023656010603643,40_pickup
40,pickup,2023,5,47724,10.773189694995692,0,Brooklyn,Carroll Gardens,Boro Zone,false,0.19023656010603643,40_pickup
40,pickup,2024,2,45284,10.720709048198,1,Brooklyn,Carroll Gardens,Boro Zone,false,0.19023656010603643,40_pickup
40,pickup,2024,3,48284,10.784855521821017,1,Brooklyn,Carroll Gardens,Boro Zone,false,0.19023656010603643,40_pickup
40,pickup,2024,4,44462,10.702390170761937,1,Brooklyn,Carroll Gardens,Boro Zone,false,0.19023656010603643,40_pickup
40,pickup,2024,5,48321,10.785621527758789,1,Brooklyn,Carroll Gardens,Boro Zone,false,0.19023656010603643,40_pickup
41,dropoff,2023,2,107376,11.58409197239802,0,Manhattan,Central Harlem,Boro Zone,false,0.1549275390494212,41_dropoff
41,dropoff,2023,3,123950,11.727633537463337,0,Manhattan,Central Harlem,Boro Zone,false,0.1549275390494212,41_dropoff
41,dropoff,2023,4,115964,11.661035077093993,0,Manhattan,Central Harlem,Boro Zone,false,0.1549275390494212,41_dropoff
41,dropoff,2023,5,115649,11.658315020843126,0,Manhattan,Central Harlem,Boro Zone,false,0.1549275390494212,41_dropoff
41,dropoff,2024,2,118426,11.682043571919273,1,Manhattan,Central Harlem,Boro Zone,false,0.1549275390494212,41_dropoff
41,dropoff,2024,3,128397,11.762882305479062,1,Manhattan,Central Harlem,Boro Zone,false,0.1549275390494212,41_dropoff
41,dropoff,2024,4,117439,11.673674328825713,1,Manhattan,Central Harlem,Boro Zone,false,0.1549275390494212,41_dropoff
41,dropoff,2024,5,120792,11.701825337124305,1,Manhattan,Central Harlem,Boro Zone,false,0.1549275390494212,41_dropoff
41,pickup,2023,2,115664,11.658444715240078,0,Manhattan,Central Harlem,Boro Zone,false,0.13093771006049743,41_pickup
41,pickup,2023,3,133134,11.799111418794471,0,Manhattan,Central Harlem,Boro Zone,false,0.13093771006049743,41_pickup
41,pickup,2023,4,124696,11.733634054168887,0,Manhattan,Central Harlem,Boro Zone,false,0.13093771006049743,41_pickup
41,pickup,2023,5,126362,11.746906082584369,0,Manhattan,Central Harlem,Boro Zone,false,0.13093771006049743,41_pickup
41,pickup,2024,2,127644,11.757000418039665,1,Manhattan,Central Harlem,Boro Zone,false,0.13093771006049743,41_pickup
41,pickup,2024,3,138835,11.841041456650789,1,Manhattan,Central Harlem,Boro Zone,false,0.13093771006049743,41_pickup
41,pickup,2024,4,130407,11.778415608015512,1,Manhattan,Central Harlem,Boro Zone,false,0.13093771006049743,41_pickup
41,pickup,2024,5,133181,11.799464384271355,1,Manhattan,Central Harlem,Boro Zone,false,0.13093771006049743,41_pickup
42,dropoff,2023,2,154144,11.945642509429947,0,Manhattan,Central Harlem North,Boro Zone,false,0.12438302073050346,42_dropoff
42,dropoff,2023,3,177858,12.088740758091127,0,Manhattan,Central Harlem North,Boro Zone,false,0.12438302073050346,42_dropoff
42,dropoff,2023,4,164076,12.008085014097082,0,Manhattan,Central Harlem North,Boro Zone,false,0.12438302073050346,42_dropoff
42,dropoff,2023,5,164398,12.010045596080095,0,Manhattan,Central Harlem North,Boro Zone,false,0.12438302073050346,42_dropoff
42,dropoff,2024,2,164390,12.009996932503556,1,Manhattan,Central Harlem North,Boro Zone,false,0.12438302073050346,42_dropoff
42,dropoff,2024,3,179768,12.099422409651769,1,Manhattan,Central Harlem North,Boro Zone,false,0.12438302073050346,42_dropoff
42,dropoff,2024,4,164230,12.009023163331607,1,Manhattan,Central Harlem North,Boro Zone,false,0.12438302073050346,42_dropoff
42,dropoff,2024,5,165019,12.013815897768442,1,Manhattan,Central Harlem North,Boro Zone,false,0.12438302073050346,42_dropoff
42,pickup,2023,2,164823,12.01262744982628,0,Manhattan,Central Harlem North,Boro Zone,false,0.10857820976491862,42_pickup
42,pickup,2023,3,191295,12.16157201812911,0,Manhattan,Central Harlem North,Boro Zone,false,0.10857820976491862,42_pickup
42,pickup,2023,4,175043,12.072786937008555,0,Manhattan,Central Harlem North,Boro Zone,false,0.10857820976491862,42_pickup
42,pickup,2023,5,176679,12.082089805744253,0,Manhattan,Central Harlem North,Boro Zone,false,0.10857820976491862,42_pickup
42,pickup,2024,2,178103,12.090117313605285,1,Manhattan,Central Harlem North,Boro Zone,false,0.10857820976491862,42_pickup
42,pickup,2024,3,195295,12.182266514898538,1,Manhattan,Central Harlem North,Boro Zone,false,0.10857820976491862,42_pickup
42,pickup,2024,4,180317,12.102471692045587,1,Manhattan,Central Harlem North,Boro Zone,false,0.10857820976491862,42_pickup
42,pickup,2024,5,183034,12.117427206916023,1,Manhattan,Central Harlem North,Boro Zone,false,0.10857820976491862,42_pickup
43,dropoff,2023,2,32550,10.390532647636716,0,Manhattan,Central Park,Yellow Zone,false,0.5500887664524028,43_dropoff
43,dropoff,2023,3,36812,10.513579157958748,0,Manhattan,Central Park,Yellow Zone,false,0.5500887664524028,43_dropoff
43,dropoff,2023,4,44544,10.704232743694092,0,Manhattan,Central Park,Yellow Zone,false,0.5500887664524028,43_dropoff
43,dropoff,2023,5,49444,10.808595995007714,0,Manhattan,Central Park,Yellow Zone,false,0.5500887664524028,43_dropoff
43,dropoff,2024,2,34106,10.43722860087286,1,Manhattan,Central Park,Yellow Zone,false,0.5500887664524028,43_dropoff
43,dropoff,2024,3,40683,10.613565593756055,1,Manhattan,Central Park,Yellow Zone,false,0.5500887664524028,43_dropoff
43,dropoff,2024,4,42463,10.656388387495186,1,Manhattan,Central Park,Yellow Zone,false,0.5500887664524028,43_dropoff
43,dropoff,2024,5,45951,10.735330890332664,1,Manhattan,Central Park,Yellow Zone,false,0.5500887664524028,43_dropoff
43,pickup,2023,2,21751,9.987415012471414,0,Manhattan,Central Park,Yellow Zone,false,0.4878458924310856,43_pickup
43,pickup,2023,3,25010,10.127031023871664,0,Manhattan,Central Park,Yellow Zone,false,0.4878458924310856,43_pickup
43,pickup,2023,4,31377,10.353830419422378,0,Manhattan,Central Park,Yellow Zone,false,0.4878458924310856,43_pickup
43,pickup,2023,5,35445,10.475737478289117,0,Manhattan,Central Park,Yellow Zone,false,0.4878458924310856,43_pickup
43,pickup,2024,2,23060,10.04585479382305,1,Manhattan,Central Park,Yellow Zone,false,0.4878458924310856,43_pickup
43,pickup,2024,3,28109,10.243845088739151,1,Manhattan,Central Park,Yellow Zone,false,0.4878458924310856,43_pickup
43,pickup,2024,4,30394,10.32200049949355,1,Manhattan,Central Park,Yellow Zone,false,0.4878458924310856,43_pickup
43,pickup,2024,5,34432,10.446741643521456,1,Manhattan,Central Park,Yellow Zone,false,0.4878458924310856,43_pickup
44,dropoff,2023,2,6647,8.801920904041582,0,Staten Island,Charleston/Tottenville,Boro Zone,false,0.03479890249615204,44_dropoff
44,dropoff,2023,3,7849,8.968141414126814,0,Staten Island,Charleston/Tottenville,Boro Zone,false,0.03479890249615204,44_dropoff
44,dropoff,2023,4,7491,8.921457578947884,0,Staten Island,Charleston/Tottenville,Boro Zone,false,0.03479890249615204,44_dropoff
44,dropoff,2023,5,7899,8.97449144816442,0,Staten Island,Charleston/Tottenville,Boro Zone,false,0.03479890249615204,44_dropoff
44,dropoff,2024,2,7178,8.878776071707552,1,Staten Island,Charleston/Tottenville,Boro Zone,false,0.03479890249615204,44_dropoff
44,dropoff,2024,3,8204,9.012377119192271,1,Staten Island,Charleston/Tottenville,Boro Zone,false,0.03479890249615204,44_dropoff
44,dropoff,2024,4,7800,8.961879012677683,1,Staten Island,Charleston/Tottenville,Boro Zone,false,0.03479890249615204,44_dropoff
44,dropoff,2024,5,8368,9.032170186304704,1,Staten Island,Charleston/Tottenville,Boro Zone,false,0.03479890249615204,44_dropoff
44,pickup,2023,2,6283,8.745602852402946,0,Staten Island,Charleston/Tottenville,Boro Zone,false,0.018811216010749265,44_pickup
44,pickup,2023,3,7316,8.897819009510757,0,Staten Island,Charleston/Tottenville,Boro Zone,false,0.018811216010749265,44_pickup
44,pickup,2023,4,7105,8.868554040531201,0,Staten Island,Charleston/Tottenville,Boro Zone,false,0.018811216010749265,44_pickup
44,pickup,2023,5,7577,8.932872621931374,0,Staten Island,Charleston/Tottenville,Boro Zone,false,0.018811216010749265,44_pickup
44,pickup,2024,2,7140,8.87346805533363,1,Staten Island,Charleston/Tottenville,Boro Zone,false,0.018811216010749265,44_pickup
44,pickup,2024,3,7992,8.98619632032839,1,Staten Island,Charleston/Tottenville,Boro Zone,false,0.018811216010749265,44_pickup
44,pickup,2024,4,7766,8.957510510291613,1,Staten Island,Charleston/Tottenville,Boro Zone,false,0.018811216010749265,44_pickup
44,pickup,2024,5,8287,9.022443300849043,1,Staten Island,Charleston/Tottenville,Boro Zone,false,0.018811216010749265,44_pickup
45,dropoff,2023,2,43587,10.68251421973945,0,Manhattan,Chinatown,Yellow Zone,true,1.0,45_dropoff
45,dropoff,2023,3,47662,10.77188971368331,0,Manhattan,Chinatown,Yellow Zone,true,1.0,45_dropoff
45,dropoff,2023,4,44896,10.712103982902187,0,Manhattan,Chinatown,Yellow Zone,true,1.0,45_dropoff
45,dropoff,2023,5,44464,10.702435151982286,0,Manhattan,Chinatown,Yellow Zone,true,1.0,45_dropoff
45,dropoff,2024,2,45506,10.725599464377073,1,Manhattan,Chinatown,Yellow Zone,true,1.0,45_dropoff
45,dropoff,2024,3,46906,10.755900878021523,1,Manhattan,Chinatown,Yellow Zone,true,1.0,45_dropoff
45,dropoff,2024,4,42240,10.651122918380143,1,Manhattan,Chinatown,Yellow Zone,true,1.0,45_dropoff
45,dropoff,2024,5,45697,10.729787929213312,1,Manhattan,Chinatown,Yellow Zone,true,1.0,45_dropoff
45,pickup,2023,2,48228,10.783695044237202,0,Manhattan,Chinatown,Yellow Zone,true,1.0,45_pickup
45,pickup,2023,3,52789,10.874058114656616,0,Manhattan,Chinatown,Yellow Zone,true,1.0,45_pickup
45,pickup,2023,4,50661,10.832911662800246,0,Manhattan,Chinatown,Yellow Zone,true,1.0,45_pickup
45,pickup,2023,5,49818,10.816131643490086,0,Manhattan,Chinatown,Yellow Zone,true,1.0,45_pickup
45,pickup,2024,2,51630,10.851858177873694,1,Manhattan,Chinatown,Yellow Zone,true,1.0,45_pickup
45,pickup,2024,3,54261,10.901561015825624,1,Manhattan,Chinatown,Yellow Zone,true,1.0,45_pickup
45,pickup,2024,4,48061,10.780226316398169,1,Manhattan,Chinatown,Yellow Zone,true,1.0,45_pickup
45,pickup,2024,5,52078,10.8604978736873,1,Manhattan,Chinatown,Yellow Zone,true,1.0,45_pickup
46,dropoff,2023,2,3079,8.0323601479245,0,Bronx,City Island,Boro Zone,false,0.04125213864774095,46_dropoff
46,dropoff,2023,3,3742,8.227375506834035,0,Bronx,City Island,Boro Zone,false,0.04125213864774095,46_dropoff
46,dropoff,2023,4,4141,8.328692583545568,0,Bronx,City Island,Boro Zone,false,0.04125213864774095,46_dropoff
46,dropoff,2023,5,4819,8.480321716640333,0,Bronx,City Island,Boro Zone,false,0.04125213864774095,46_dropoff
46,dropoff,2024,2,3146,8.053887083618223,1,Bronx,City Island,Boro Zone,false,0.04125213864774095,46_dropoff
46,dropoff,2024,3,3946,8.28045768658256,1,Bronx,City Island,Boro Zone,false,0.04125213864774095,46_dropoff
46,dropoff,2024,4,3848,8.255308811785596,1,Bronx,City Island,Boro Zone,false,0.04125213864774095,46_dropoff
46,dropoff,2024,5,4929,8.502891406705377,1,Bronx,City Island,Boro Zone,false,0.04125213864774095,46_dropoff
46,pickup,2023,2,2732,7.912789220690681,0,Bronx,City Island,Boro Zone,false,0.03534013130325465,46_pickup
46,pickup,2023,3,3293,8.099554282376364,0,Bronx,City Island,Boro Zone,false,0.03534013130325465,46_pickup
46,pickup,2023,4,3781,8.237743803890933,0,Bronx,City Island,Boro Zone,false,0.03534013130325465,46_pickup
46,pickup,2023,5,4512,8.414495793177895,0,Bronx,City Island,Boro Zone,false,0.03534013130325465,46_pickup
46,pickup,2024,2,2870,7.962067308753666,1,Bronx,City Island,Boro Zone,false,0.03534013130325465,46_pickup
46,pickup,2024,3,3566,8.179199798423086,1,Bronx,City Island,Boro Zone,false,0.03534013130325465,46_pickup
46,pickup,2024,4,3540,8.17188200612782,1,Bronx,City Island,Boro Zone,false,0.03534013130325465,46_pickup
46,pickup,2024,5,4613,8.43663368355782,1,Bronx,City Island,Boro Zone,false,0.03534013130325465,46_pickup
47,dropoff,2023,2,55212,10.918935599943469,0,Bronx,Claremont/Bathgate,Boro Zone,false,0.02761385893612827,47_dropoff
47,dropoff,2023,3,65928,11.096318516443219,0,Bronx,Claremont/Bathgate,Boro Zone,false,0.02761385893612827,47_dropoff
47,dropoff,2023,4,57353,10.956980431564268,0,Bronx,Claremont/Bathgate,Boro Zone,false,0.02761385893612827,47_dropoff
47,dropoff,2023,5,59938,11.00106597361394,0,Bronx,Claremont/Bathgate,Boro Zone,false,0.02761385893612827,47_dropoff
47,dropoff,2024,2,60575,11.011637545684726,1,Bronx,Claremont/Bathgate,Boro Zone,false,0.02761385893612827,47_dropoff
47,dropoff,2024,3,69354,11.146979102522323,1,Bronx,Claremont/Bathgate,Boro Zone,false,0.02761385893612827,47_dropoff
47,dropoff,2024,4,61363,11.024562326632154,1,Bronx,Claremont/Bathgate,Boro Zone,false,0.02761385893612827,47_dropoff
47,dropoff,2024,5,63439,11.057834093258894,1,Bronx,Claremont/Bathgate,Boro Zone,false,0.02761385893612827,47_dropoff
47,pickup,2023,2,59320,10.990701796251868,0,Bronx,Claremont/Bathgate,Boro Zone,false,0.031161183148712378,47_pickup
47,pickup,2023,3,70147,11.158348319113642,0,Bronx,Claremont/Bathgate,Boro Zone,false,0.031161183148712378,47_pickup
47,pickup,2023,4,61240,11.02255584977162,0,Bronx,Claremont/Bathgate,Boro Zone,false,0.031161183148712378,47_pickup
47,pickup,2023,5,63327,11.05606705747418,0,Bronx,Claremont/Bathgate,Boro Zone,false,0.031161183148712378,47_pickup
47,pickup,2024,2,63768,11.063006776107759,1,Bronx,Claremont/Bathgate,Boro Zone,false,0.031161183148712378,47_pickup
47,pickup,2024,3,72574,11.192362009948436,1,Bronx,Claremont/Bathgate,Boro Zone,false,0.031161183148712378,47_pickup
47,pickup,2024,4,65181,11.084923294403351,1,Bronx,Claremont/Bathgate,Boro Zone,false,0.031161183148712378,47_pickup
47,pickup,2024,5,67013,11.112641909402493,1,Bronx,Claremont/Bathgate,Boro Zone,false,0.031161183148712378,47_pickup
48,dropoff,2023,2,162609,11.999103825117567,0,Manhattan,Clinton East,Yellow Zone,true,1.0,48_dropoff
48,dropoff,2023,3,177544,12.086973744502565,0,Manhattan,Clinton East,Yellow Zone,true,1.0,48_dropoff
48,dropoff,2023,4,168167,12.032712812266281,0,Manhattan,Clinton East,Yellow Zone,true,1.0,48_dropoff
48,dropoff,2023,5,165634,12.017535813868921,0,Manhattan,Clinton East,Yellow Zone,true,1.0,48_dropoff
48,dropoff,2024,2,157761,11.968836508558766,1,Manhattan,Clinton East,Yellow Zone,true,1.0,48_dropoff
48,dropoff,2024,3,172184,12.056318951444014,1,Manhattan,Clinton East,Yellow Zone,true,1.0,48_dropoff
48,dropoff,2024,4,155146,11.952121888042406,1,Manhattan,Clinton East,Yellow Zone,true,1.0,48_dropoff
48,dropoff,2024,5,162763,12.000050433992945,1,Manhattan,Clinton East,Yellow Zone,true,1.0,48_dropoff
48,pickup,2023,2,186333,12.13529067455876,0,Manhattan,Clinton East,Yellow Zone,true,1.0,48_pickup
48,pickup,2023,3,209638,12.253137512706504,0,Manhattan,Clinton East,Yellow Zone,true,1.0,48_pickup
48,pickup,2023,4,199519,12.203664748872434,0,Manhattan,Clinton East,Yellow Zone,true,1.0,48_pickup
48,pickup,2023,5,202985,12.220887363668188,0,Manhattan,Clinton East,Yellow Zone,true,1.0,48_pickup
48,pickup,2024,2,188051,12.144468481618988,1,Manhattan,Clinton East,Yellow Zone,true,1.0,48_pickup
48,pickup,2024,3,207404,12.24242386099467,1,Manhattan,Clinton East,Yellow Zone,true,1.0,48_pickup
48,pickup,2024,4,189889,12.154194969898844,1,Manhattan,Clinton East,Yellow Zone,true,1.0,48_pickup
48,pickup,2024,5,204697,12.229286115948435,1,Manhattan,Clinton East,Yellow Zone,true,1.0,48_pickup
49,dropoff,2023,2,108660,11.595979020105514,0,Brooklyn,Clinton Hill,Boro Zone,false,0.17647504142098866,49_dropoff
49,dropoff,2023,3,120829,11.702131601896731,0,Brooklyn,Clinton Hill,Boro Zone,false,0.17647504142098866,49_dropoff
49,dropoff,2023,4,117768,11.676471866437849,0,Brooklyn,Clinton Hill,Boro Zone,false,0.17647504142098866,49_dropoff
49,dropoff,2023,5,115069,11.653287227417355,0,Brooklyn,Clinton Hill,Boro Zone,false,0.17647504142098866,49_dropoff
49,dropoff,2024,2,123056,11.720394815296835,1,Brooklyn,Clinton Hill,Boro Zone,false,0.17647504142098866,49_dropoff
49,dropoff,2024,3,134649,11.810426671550452,1,Brooklyn,Clinton Hill,Boro Zone,false,0.17647504142098866,49_dropoff
49,dropoff,2024,4,122255,11.713864306296246,1,Brooklyn,Clinton Hill,Boro Zone,false,0.17647504142098866,49_dropoff
49,dropoff,2024,5,124745,11.734026932650213,1,Brooklyn,Clinton Hill,Boro Zone,false,0.17647504142098866,49_dropoff
49,pickup,2023,2,108192,11.591662705507613,0,Brooklyn,Clinton Hill,Boro Zone,false,0.15739500254309738,49_pickup
49,pickup,2023,3,120027,11.69547199645548,0,Brooklyn,Clinton Hill,Boro Zone,false,0.15739500254309738,49_pickup
49,pickup,2023,4,117253,11.672089272335144,0,Brooklyn,Clinton Hill,Boro Zone,false,0.15739500254309738,49_pickup
49,pickup,2023,5,116563,11.666187178355308,0,Brooklyn,Clinton Hill,Boro Zone,false,0.15739500254309738,49_pickup
49,pickup,2024,2,121966,11.71149759634994,1,Brooklyn,Clinton Hill,Boro Zone,false,0.15739500254309738,49_pickup
49,pickup,2024,3,132105,11.79135233990767,1,Brooklyn,Clinton Hill,Boro Zone,false,0.15739500254309738,49_pickup
49,pickup,2024,4,119785,11.693453748143089,1,Brooklyn,Clinton Hill,Boro Zone,false,0.15739500254309738,49_pickup
49,pickup,2024,5,123873,11.727012126194182,1,Brooklyn,Clinton Hill,Boro Zone,false,0.15739500254309738,49_pickup
50,dropoff,2023,2,95817,11.470195401243165,0,Manhattan,Clinton West,Yellow Zone,true,1.0,50_dropoff
50,dropoff,2023,3,105535,11.566797930434719,0,Manhattan,Clinton West,Yellow Zone,true,1.0,50_dropoff
50,dropoff,2023,4,101687,11.529654746924106,0,Manhattan,Clinton West,Yellow Zone,true,1.0,50_dropoff
50,dropoff,2023,5,104477,11.556722230468612,0,Manhattan,Clinton West,Yellow Zone,true,1.0,50_dropoff
50,dropoff,2024,2,95042,11.462074178146098,1,Manhattan,Clinton West,Yellow Zone,true,1.0,50_dropoff
50,dropoff,2024,3,98923,11.502097048712885,1,Manhattan,Clinton West,Yellow Zone,true,1.0,50_dropoff
50,dropoff,2024,4,96484,11.477132470471414,1,Manhattan,Clinton West,Yellow Zone,true,1.0,50_dropoff
50,dropoff,2024,5,101268,11.525525746945966,1,Manhattan,Clinton West,Yellow Zone,true,1.0,50_dropoff
50,pickup,2023,2,113792,11.642127499433522,0,Manhattan,Clinton West,Yellow Zone,true,1.0,50_pickup
50,pickup,2023,3,124917,11.735404795738804,0,Manhattan,Clinton West,Yellow Zone,true,1.0,50_pickup
50,pickup,2023,4,123274,11.722164799114585,0,Manhattan,Clinton West,Yellow Zone,true,1.0,50_pickup
50,pickup,2023,5,124342,11.73079111262239,0,Manhattan,Clinton West,Yellow Zone,true,1.0,50_pickup
50,pickup,2024,2,113159,11.636549188331564,1,Manhattan,Clinton West,Yellow Zone,true,1.0,50_pickup
50,pickup,2024,3,120536,11.699703742481125,1,Manhattan,Clinton West,Yellow Zone,true,1.0,50_pickup
50,pickup,2024,4,114826,11.651173218060928,1,Manhattan,Clinton West,Yellow Zone,true,1.0,50_pickup
50,pickup,2024,5,122888,11.719028650428982,1,Manhattan,Clinton West,Yellow Zone,true,1.0,50_pickup
51,dropoff,2023,2,61246,11.022653820151987,0,Bronx,Co-Op City,Boro Zone,false,0.022337868200969783,51_dropoff
51,dropoff,2023,3,71815,11.181848646865923,0,Bronx,Co-Op City,Boro Zone,false,0.022337868200969783,51_dropoff
51,dropoff,2023,4,66108,11.099045047260717,0,Bronx,Co-Op City,Boro Zone,false,0.022337868200969783,51_dropoff
51,dropoff,2023,5,68314,11.131870002591821,0,Bronx,Co-Op City,Boro Zone,false,0.022337868200969783,51_dropoff
51,dropoff,2024,2,68343,11.132294422862065,1,Bronx,Co-Op City,Boro Zone,false,0.022337868200969783,51_dropoff
51,dropoff,2024,3,76258,11.241877606998933,1,Bronx,Co-Op City,Boro Zone,false,0.022337868200969783,51_dropoff
51,dropoff,2024,4,68661,11.13693663142645,1,Bronx,Co-Op City,Boro Zone,false,0.022337868200969783,51_dropoff
51,dropoff,2024,5,71550,11.178151784984596,1,Bronx,Co-Op City,Boro Zone,false,0.022337868200969783,51_dropoff
51,pickup,2023,2,64614,11.076186384556935,0,Bronx,Co-Op City,Boro Zone,false,0.01971660691937297,51_pickup
51,pickup,2023,3,75660,11.23400489818702,0,Bronx,Co-Op City,Boro Zone,false,0.01971660691937297,51_pickup
51,pickup,2023,4,69745,11.152601012526336,0,Bronx,Co-Op City,Boro Zone,false,0.01971660691937297,51_pickup
51,pickup,2023,5,72839,11.19600680502682,0,Bronx,Co-Op City,Boro Zone,false,0.01971660691937297,51_pickup
51,pickup,2024,2,72650,11.19340866899843,1,Bronx,Co-Op City,Boro Zone,false,0.01971660691937297,51_pickup
51,pickup,2024,3,81368,11.306737354305431,1,Bronx,Co-Op City,Boro Zone,false,0.01971660691937297,51_pickup
51,pickup,2024,4,74296,11.215812393455844,1,Bronx,Co-Op City,Boro Zone,false,0.01971660691937297,51_pickup
51,pickup,2024,5,75754,11.235246527257994,1,Bronx,Co-Op City,Boro Zone,false,0.01971660691937297,51_pickup
52,dropoff,2023,2,23923,10.082595618260582,0,Brooklyn,Cobble Hill,Boro Zone,false,0.2457000302094195,52_dropoff
52,dropoff,2023,3,26556,10.18701098983905,0,Brooklyn,Cobble Hill,Boro Zone,false,0.2457000302094195,52_dropoff
52,dropoff,2023,4,26396,10.180967762503313,0,Brooklyn,Cobble Hill,Boro Zone,false,0.2457000302094195,52_dropoff
52,dropoff,2023,5,25742,10.155879178209323,0,Brooklyn,Cobble Hill,Boro Zone,false,0.2457000302094195,52_dropoff
52,dropoff,2024,2,27682,10.228537661456647,1,Brooklyn,Cobble Hill,Boro Zone,false,0.2457000302094195,52_dropoff
52,dropoff,2024,3,29540,10.293500556085371,1,Brooklyn,Cobble Hill,Boro Zone,false,0.2457000302094195,52_dropoff
52,dropoff,2024,4,27087,10.206809186975589,1,Brooklyn,Cobble Hill,Boro Zone,false,0.2457000302094195,52_dropoff
52,dropoff,2024,5,27892,10.2360951883409,1,Brooklyn,Cobble Hill,Boro Zone,false,0.2457000302094195,52_dropoff
52,pickup,2023,2,27359,10.216800821360927,0,Brooklyn,Cobble Hill,Boro Zone,false,0.2131094961976384,52_pickup
52,pickup,2023,3,30679,10.331333660425859,0,Brooklyn,Cobble Hill,Boro Zone,false,0.2131094961976384,52_pickup
52,pickup,2023,4,30084,10.311748747946293,0,Brooklyn,Cobble Hill,Boro Zone,false,0.2131094961976384,52_pickup
52,pickup,2023,5,30357,10.32078241239787,0,Brooklyn,Cobble Hill,Boro Zone,false,0.2131094961976384,52_pickup
52,pickup,2024,2,31353,10.353065235262614,1,Brooklyn,Cobble Hill,Boro Zone,false,0.2131094961976384,52_pickup
52,pickup,2024,3,33600,10.422281345951296,1,Brooklyn,Cobble Hill,Boro Zone,false,0.2131094961976384,52_pickup
52,pickup,2024,4,31276,10.350606309244405,1,Brooklyn,Cobble Hill,Boro Zone,false,0.2131094961976384,52_pickup
52,pickup,2024,5,32026,10.374303351882421,1,Brooklyn,Cobble Hill,Boro Zone,false,0.2131094961976384,52_pickup
53,dropoff,2023,2,23682,10.072470544890901,0,Queens,College Point,Boro Zone,false,0.04100493146429542,53_dropoff
53,dropoff,2023,3,26634,10.18994387406209,0,Queens,College Point,Boro Zone,false,0.04100493146429542,53_dropoff
53,dropoff,2023,4,25328,10.139665782120794,0,Queens,College Point,Boro Zone,false,0.04100493146429542,53_dropoff
53,dropoff,2023,5,27368,10.21712972665744,0,Queens,College Point,Boro Zone,false,0.04100493146429542,53_dropoff
53,dropoff,2024,2,27793,10.232539469410996,1,Queens,College Point,Boro Zone,false,0.04100493146429542,53_dropoff
53,dropoff,2024,3,30432,10.323249965345116,1,Queens,College Point,Boro Zone,false,0.04100493146429542,53_dropoff
53,dropoff,2024,4,29451,10.290483144360632,1,Queens,College Point,Boro Zone,false,0.04100493146429542,53_dropoff
53,dropoff,2024,5,31341,10.352682423505618,1,Queens,College Point,Boro Zone,false,0.04100493146429542,53_dropoff
53,pickup,2023,2,22195,10.007622317268135,0,Queens,College Point,Boro Zone,false,0.03763917326243519,53_pickup
53,pickup,2023,3,25413,10.14301613309966,0,Queens,College Point,Boro Zone,false,0.03763917326243519,53_pickup
53,pickup,2023,4,24094,10.089718125826797,0,Queens,College Point,Boro Zone,false,0.03763917326243519,53_pickup
53,pickup,2023,5,26467,10.183653952946246,0,Queens,College Point,Boro Zone,false,0.03763917326243519,53_pickup
53,pickup,2024,2,26440,10.182633293965623,1,Queens,College Point,Boro Zone,false,0.03763917326243519,53_pickup
53,pickup,2024,3,29002,10.27512007210784,1,Queens,College Point,Boro Zone,false,0.03763917326243519,53_pickup
53,pickup,2024,4,28190,10.246722584108158,1,Queens,College Point,Boro Zone,false,0.03763917326243519,53_pickup
53,pickup,2024,5,30128,10.313210250896933,1,Queens,College Point,Boro Zone,false,0.03763917326243519,53_pickup
54,dropoff,2023,2,9079,9.113719333371757,0,Brooklyn,Columbia Street,Boro Zone,false,0.24122741152325175,54_dropoff
54,dropoff,2023,3,10325,9.242323417829233,0,Brooklyn,Columbia Street,Boro Zone,false,0.24122741152325175,54_dropoff
54,dropoff,2023,4,10081,9.218407743053941,0,Brooklyn,Columbia Street,Boro Zone,false,0.24122741152325175,54_dropoff
54,dropoff,2023,5,10469,9.256173788319355,0,Brooklyn,Columbia Street,Boro Zone,false,0.24122741152325175,54_dropoff
54,dropoff,2024,2,11087,9.313528529772352,1,Brooklyn,Columbia Street,Boro Zone,false,0.24122741152325175,54_dropoff
54,dropoff,2024,3,12027,9.394909401310617,1,Brooklyn,Columbia Street,Boro Zone,false,0.24122741152325175,54_dropoff
54,dropoff,2024,4,11397,9.341105441855735,1,Brooklyn,Columbia Street,Boro Zone,false,0.24122741152325175,54_dropoff
54,dropoff,2024,5,12017,9.3940775929113,1,Brooklyn,Columbia Street,Boro Zone,false,0.24122741152325175,54_dropoff
54,pickup,2023,2,9812,9.19136140537838,0,Brooklyn,Columbia Street,Boro Zone,false,0.23547256778684478,54_pickup
54,pickup,2023,3,10948,9.30091207016057,0,Brooklyn,Columbia Street,Boro Zone,false,0.23547256778684478,54_pickup
54,pickup,2023,4,10751,9.282754052485227,0,Brooklyn,Columbia Street,Boro Zone,false,0.23547256778684478,54_pickup
54,pickup,2023,5,11012,9.306740866262498,0,Brooklyn,Columbia Street,Boro Zone,false,0.23547256778684478,54_pickup
54,pickup,2024,2,10880,9.294681520409934,1,Brooklyn,Columbia Street,Boro Zone,false,0.23547256778684478,54_pickup
54,pickup,2024,3,11860,9.380926672551716,1,Brooklyn,Columbia Street,Boro Zone,false,0.23547256778684478,54_pickup
54,pickup,2024,4,11089,9.313708904953216,1,Brooklyn,Columbia Street,Boro Zone,false,0.23547256778684478,54_pickup
54,pickup,2024,5,11966,9.389824573949976,1,Brooklyn,Columbia Street,Boro Zone,false,0.23547256778684478,54_pickup
55,dropoff,2023,2,42384,10.65452621151185,0,Brooklyn,Coney Island,Boro Zone,false,0.042622648846681266,55_dropoff
55,dropoff,2023,3,51421,10.847801928316501,0,Brooklyn,Coney Island,Boro Zone,false,0.042622648846681266,55_dropoff
55,dropoff,2023,4,47923,10.777350835170328,0,Brooklyn,Coney Island,Boro Zone,false,0.042622648846681266,55_dropoff
55,dropoff,2023,5,53708,10.8913172451926,0,Brooklyn,Coney Island,Boro Zone,false,0.042622648846681266,55_dropoff
55,dropoff,2024,2,49346,10.806611987878524,1,Brooklyn,Coney Island,Boro Zone,false,0.042622648846681266,55_dropoff
55,dropoff,2024,3,55656,10.926945167603478,1,Brooklyn,Coney Island,Boro Zone,false,0.042622648846681266,55_dropoff
55,dropoff,2024,4,52304,10.864828128963993,1,Brooklyn,Coney Island,Boro Zone,false,0.042622648846681266,55_dropoff
55,dropoff,2024,5,57479,10.959174942686024,1,Brooklyn,Coney Island,Boro Zone,false,0.042622648846681266,55_dropoff
55,pickup,2023,2,41322,10.629150324772754,0,Brooklyn,Coney Island,Boro Zone,false,0.03980597272932043,55_pickup
55,pickup,2023,3,50394,10.827627399353682,0,Brooklyn,Coney Island,Boro Zone,false,0.03980597272932043,55_pickup
55,pickup,2023,4,47140,10.760877176490123,0,Brooklyn,Coney Island,Boro Zone,false,0.03980597272932043,55_pickup
55,pickup,2023,5,52045,10.859864007949568,0,Brooklyn,Coney Island,Boro Zone,false,0.03980597272932043,55_pickup
55,pickup,2024,2,48242,10.783985289911469,1,Brooklyn,Coney Island,Boro Zone,false,0.03980597272932043,55_pickup
55,pickup,2024,3,54292,10.902132165417855,1,Brooklyn,Coney Island,Boro Zone,false,0.03980597272932043,55_pickup
55,pickup,2024,4,50547,10.830658875506495,1,Brooklyn,Coney Island,Boro Zone,false,0.03980597272932043,55_pickup
55,pickup,2024,5,55565,10.925308785619746,1,Brooklyn,Coney Island,Boro Zone,false,0.03980597272932043,55_pickup
56,dropoff,2023,2,44329,10.699394369397588,0,Queens,Corona,Boro Zone,false,0.05246855047727417,56_dropoff
56,dropoff,2023,3,49911,10.817996698327853,0,Queens,Corona,Boro Zone,false,0.05246855047727417,56_dropoff
56,dropoff,2023,4,46218,10.741124611581021,0,Queens,Corona,Boro Zone,false,0.05246855047727417,56_dropoff
56,dropoff,2023,5,49370,10.807098231252908,0,Queens,Corona,Boro Zone,false,0.05246855047727417,56_dropoff
56,dropoff,2024,2,48503,10.789380930682695,1,Queens,Corona,Boro Zone,false,0.05246855047727417,56_dropoff
56,dropoff,2024,3,53539,10.888165639275709,1,Queens,Corona,Boro Zone,false,0.05246855047727417,56_dropoff
56,dropoff,2024,4,49624,10.812229866652954,1,Queens,Corona,Boro Zone,false,0.05246855047727417,56_dropoff
56,dropoff,2024,5,52477,10.868130257349865,1,Queens,Corona,Boro Zone,false,0.05246855047727417,56_dropoff
56,pickup,2023,2,49477,10.809263194110516,0,Queens,Corona,Boro Zone,false,0.04999136147779433,56_pickup
56,pickup,2023,3,55911,10.931516419748775,0,Queens,Corona,Boro Zone,false,0.04999136147779433,56_pickup
56,pickup,2023,4,52475,10.868092144688834,0,Queens,Corona,Boro Zone,false,0.04999136147779433,56_pickup
56,pickup,2023,5,56294,10.938343236512532,0,Queens,Corona,Boro Zone,false,0.04999136147779433,56_pickup
56,pickup,2024,2,54768,10.910861360769967,1,Queens,Corona,Boro Zone,false,0.04999136147779433,56_pickup
56,pickup,2024,3,59982,11.001799796195236,1,Queens,Corona,Boro Zone,false,0.04999136147779433,56_pickup
56,pickup,2024,4,56049,10.933981587127947,1,Queens,Corona,Boro Zone,false,0.04999136147779433,56_pickup
56,pickup,2024,5,59052,10.98617369065398,1,Queens,Corona,Boro Zone,false,0.04999136147779433,56_pickup
57,dropoff,2023,2,3370,8.122668023346407,0,Queens,Corona,Boro Zone,false,0.028253055355859095,57_dropoff
57,dropoff,2023,3,3605,8.190077049719049,0,Queens,Corona,Boro Zone,false,0.028253055355859095,57_dropoff
57,dropoff,2023,4,3481,8.15507488781144,0,Queens,Corona,Boro Zone,false,0.028253055355859095,57_dropoff
57,dropoff,2023,5,3454,8.147288258706624,0,Queens,Corona,Boro Zone,false,0.028253055355859095,57_dropoff
57,dropoff,2024,2,3444,8.144388865547622,1,Queens,Corona,Boro Zone,false,0.028253055355859095,57_dropoff
57,dropoff,2024,3,3799,8.242493153187626,1,Queens,Corona,Boro Zone,false,0.028253055355859095,57_dropoff
57,dropoff,2024,4,3483,8.155649270366002,1,Queens,Corona,Boro Zone,false,0.028253055355859095,57_dropoff
57,dropoff,2024,5,3897,8.26796230533871,1,Queens,Corona,Boro Zone,false,0.028253055355859095,57_dropoff
57,pickup,2023,2,3394,8.129764445794171,0,Queens,Corona,Boro Zone,false,0.029519802310826154,57_pickup
57,pickup,2023,3,3793,8.2409125416889,0,Queens,Corona,Boro Zone,false,0.029519802310826154,57_pickup
57,pickup,2023,4,3582,8.183676582620658,0,Queens,Corona,Boro Zone,false,0.029519802310826154,57_pickup
57,pickup,2023,5,4204,8.343791731996841,0,Queens,Corona,Boro Zone,false,0.029519802310826154,57_pickup
57,pickup,2024,2,3918,8.273336598504486,1,Queens,Corona,Boro Zone,false,0.029519802310826154,57_pickup
57,pickup,2024,3,4223,8.348301054933943,1,Queens,Corona,Boro Zone,false,0.029519802310826154,57_pickup
57,pickup,2024,4,4036,8.3030093814735,1,Queens,Corona,Boro Zone,false,0.029519802310826154,57_pickup
57,pickup,2024,5,4153,8.331586243630754,1,Queens,Corona,Boro Zone,false,0.029519802310826154,57_pickup
58,dropoff,2023,2,4869,8.4906438561827,0,Bronx,Country Club,Boro Zone,false,0.05856548480463097,58_dropoff
58,dropoff,2023,3,5793,8.664405571096625,0,Bronx,Country Club,Boro Zone,false,0.05856548480463097,58_dropoff
58,dropoff,2023,4,5422,8.598220030058611,0,Bronx,Country Club,Boro Zone,false,0.05856548480463097,58_dropoff
58,dropoff,2023,5,6028,8.704170559746386,0,Bronx,Country Club,Boro Zone,false,0.05856548480463097,58_dropoff
58,dropoff,2024,2,5689,8.646289764750648,1,Bronx,Country Club,Boro Zone,false,0.05856548480463097,58_dropoff
58,dropoff,2024,3,6450,8.771835409789817,1,Bronx,Country Club,Boro Zone,false,0.05856548480463097,58_dropoff
58,dropoff,2024,4,6026,8.703838719690246,1,Bronx,Country Club,Boro Zone,false,0.05856548480463097,58_dropoff
58,dropoff,2024,5,6537,8.78523362361273,1,Bronx,Country Club,Boro Zone,false,0.05856548480463097,58_dropoff
58,pickup,2023,2,5474,8.607764889600624,0,Bronx,Country Club,Boro Zone,false,0.038673807285066024,58_pickup
58,pickup,2023,3,6508,8.780787468338929,0,Bronx,Country Club,Boro Zone,false,0.038673807285066024,58_pickup
58,pickup,2023,4,5902,8.683046555502886,0,Bronx,Country Club,Boro Zone,false,0.038673807285066024,58_pickup
58,pickup,2023,5,6577,8.79133399330135,0,Bronx,Country Club,Boro Zone,false,0.038673807285066024,58_pickup
58,pickup,2024,2,6040,8.706159290928861,1,Bronx,Country Club,Boro Zone,false,0.038673807285066024,58_pickup
58,pickup,2024,3,6799,8.82453082152646,1,Bronx,Country Club,Boro Zone,false,0.038673807285066024,58_pickup
58,pickup,2024,4,6425,8.76795190976342,1,Bronx,Country Club,Boro Zone,false,0.038673807285066024,58_pickup
58,pickup,2024,5,6954,8.847072312567807,1,Bronx,Country Club,Boro Zone,false,0.038673807285066024,58_pickup
59,dropoff,2023,2,1851,7.523481312573497,0,Bronx,Crotona Park,Boro Zone,false,0.03216567525886759,59_dropoff
59,dropoff,2023,3,2424,7.793174347189205,0,Bronx,Crotona Park,Boro Zone,false,0.03216567525886759,59_dropoff
59,dropoff,2023,4,2292,7.73718007783463,0,Bronx,Crotona Park,Boro Zone,false,0.03216567525886759,59_dropoff
59,dropoff,2023,5,2511,7.828436359157585,0,Bronx,Crotona Park,Boro Zone,false,0.03216567525886759,59_dropoff
59,dropoff,2024,2,1976,7.588829878307813,1,Bronx,Crotona Park,Boro Zone,false,0.03216567525886759,59_dropoff
59,dropoff,2024,3,2316,7.7475968386928855,1,Bronx,Crotona Park,Boro Zone,false,0.03216567525886759,59_dropoff
59,dropoff,2024,4,2413,7.7886260656250315,1,Bronx,Crotona Park,Boro Zone,false,0.03216567525886759,59_dropoff
59,dropoff,2024,5,2614,7.868636894184167,1,Bronx,Crotona Park,Boro Zone,false,0.03216567525886759,59_dropoff
59,pickup,2023,2,1773,7.480428306074208,0,Bronx,Crotona Park,Boro Zone,false,0.043699066965867485,59_pickup
59,pickup,2023,3,2242,7.715123603632105,0,Bronx,Crotona Park,Boro Zone,false,0.043699066965867485,59_pickup
59,pickup,2023,4,2177,7.685703061234547,0,Bronx,Crotona Park,Boro Zone,false,0.043699066965867485,59_pickup
59,pickup,2023,5,2275,7.729735331385051,0,Bronx,Crotona Park,Boro Zone,false,0.043699066965867485,59_pickup
59,pickup,2024,2,2013,7.607381425639791,1,Bronx,Crotona Park,Boro Zone,false,0.043699066965867485,59_pickup
59,pickup,2024,3,2157,7.676473646389156,1,Bronx,Crotona Park,Boro Zone,false,0.043699066965867485,59_pickup
59,pickup,2024,4,2158,7.67693714581808,1,Bronx,Crotona Park,Boro Zone,false,0.043699066965867485,59_pickup
59,pickup,2024,5,2152,7.674152921281675,1,Bronx,Crotona Park,Boro Zone,false,0.043699066965867485,59_pickup
60,dropoff,2023,2,37093,10.521183551548075,0,Bronx,Crotona Park East,Boro Zone,false,0.03127546223754309,60_dropoff
60,dropoff,2023,3,44080,10.693761443826796,0,Bronx,Crotona Park East,Boro Zone,false,0.03127546223754309,60_dropoff
60,dropoff,2023,4,38907,10.568929462003851,0,Bronx,Crotona Park East,Boro Zone,false,0.03127546223754309,60_dropoff
60,dropoff,2023,5,39470,10.583296168656894,0,Bronx,Crotona Park East,Boro Zone,false,0.03127546223754309,60_dropoff
60,dropoff,2024,2,39938,10.595083530603336,1,Bronx,Crotona Park East,Boro Zone,false,0.03127546223754309,60_dropoff
60,dropoff,2024,3,44746,10.708757334233022,1,Bronx,Crotona Park East,Boro Zone,false,0.03127546223754309,60_dropoff
60,dropoff,2024,4,40055,10.598008788649217,1,Bronx,Crotona Park East,Boro Zone,false,0.03127546223754309,60_dropoff
60,dropoff,2024,5,41162,10.625270779632405,1,Bronx,Crotona Park East,Boro Zone,false,0.03127546223754309,60_dropoff
60,pickup,2023,2,39947,10.595308854507401,0,Bronx,Crotona Park East,Boro Zone,false,0.03503000923361034,60_pickup
60,pickup,2023,3,48064,10.780288735123806,0,Bronx,Crotona Park East,Boro Zone,false,0.03503000923361034,60_pickup
60,pickup,2023,4,42351,10.653747312552309,0,Bronx,Crotona Park East,Boro Zone,false,0.03503000923361034,60_pickup
60,pickup,2023,5,42918,10.667046597336439,0,Bronx,Crotona Park East,Boro Zone,false,0.03503000923361034,60_pickup
60,pickup,2024,2,43365,10.677407943118556,1,Bronx,Crotona Park East,Boro Zone,false,0.03503000923361034,60_pickup
60,pickup,2024,3,48757,10.794604055861562,1,Bronx,Crotona Park East,Boro Zone,false,0.03503000923361034,60_pickup
60,pickup,2024,4,43963,10.691103650047104,1,Bronx,Crotona Park East,Boro Zone,false,0.03503000923361034,60_pickup
60,pickup,2024,5,45074,10.716060862578612,1,Bronx,Crotona Park East,Boro Zone,false,0.03503000923361034,60_pickup
61,dropoff,2023,2,247442,12.418931490093826,0,Brooklyn,Crown Heights North,Boro Zone,false,0.08462955159859292,61_dropoff
61,dropoff,2023,3,282635,12.551911591528405,0,Brooklyn,Crown Heights North,Boro Zone,false,0.08462955159859292,61_dropoff
61,dropoff,2023,4,257981,12.460641217781093,0,Brooklyn,Crown Heights North,Boro Zone,false,0.08462955159859292,61_dropoff
61,dropoff,2023,5,268027,12.498843000687087,0,Brooklyn,Crown Heights North,Boro Zone,false,0.08462955159859292,61_dropoff
61,dropoff,2024,2,268800,12.501722887631132,1,Brooklyn,Crown Heights North,Boro Zone,false,0.08462955159859292,61_dropoff
61,dropoff,2024,3,303607,12.623489380891304,1,Brooklyn,Crown Heights North,Boro Zone,false,0.08462955159859292,61_dropoff
61,dropoff,2024,4,266227,12.492104607297849,1,Brooklyn,Crown Heights North,Boro Zone,false,0.08462955159859292,61_dropoff
61,dropoff,2024,5,280944,12.545910640199113,1,Brooklyn,Crown Heights North,Boro Zone,false,0.08462955159859292,61_dropoff
61,pickup,2023,2,237564,12.378192339839531,0,Brooklyn,Crown Heights North,Boro Zone,false,0.061512813430804295,61_pickup
61,pickup,2023,3,269920,12.505880897779795,0,Brooklyn,Crown Heights North,Boro Zone,false,0.061512813430804295,61_pickup
61,pickup,2023,4,246074,12.413387582687468,0,Brooklyn,Crown Heights North,Boro Zone,false,0.061512813430804295,61_pickup
61,pickup,2023,5,252964,12.441002465095002,0,Brooklyn,Crown Heights North,Boro Zone,false,0.061512813430804295,61_pickup
61,pickup,2024,2,260909,12.471926966505317,1,Brooklyn,Crown Heights North,Boro Zone,false,0.061512813430804295,61_pickup
61,pickup,2024,3,290317,12.578728708408375,1,Brooklyn,Crown Heights North,Boro Zone,false,0.061512813430804295,61_pickup
61,pickup,2024,4,254622,12.447535371427298,1,Brooklyn,Crown Heights North,Boro Zone,false,0.061512813430804295,61_pickup
61,pickup,2024,5,266831,12.494370778177897,1,Brooklyn,Crown Heights North,Boro Zone,false,0.061512813430804295,61_pickup
62,dropoff,2023,2,66759,11.108844398634226,0,Brooklyn,Crown Heights South,Boro Zone,false,0.07480994339518951,62_dropoff
62,dropoff,2023,3,73844,11.20971003889046,0,Brooklyn,Crown Heights South,Boro Zone,false,0.07480994339518951,62_dropoff
62,dropoff,2023,4,64413,11.073070755074816,0,Brooklyn,Crown Heights South,Boro Zone,false,0.07480994339518951,62_dropoff
62,dropoff,2023,5,67929,11.126218321040632,0,Brooklyn,Crown Heights South,Boro Zone,false,0.07480994339518951,62_dropoff
62,dropoff,2024,2,72192,11.187084515417675,1,Brooklyn,Crown Heights South,Boro Zone,false,0.07480994339518951,62_dropoff
62,dropoff,2024,3,79470,11.283134870934225,1,Brooklyn,Crown Heights South,Boro Zone,false,0.07480994339518951,62_dropoff
62,dropoff,2024,4,69588,11.150347417664442,1,Brooklyn,Crown Heights South,Boro Zone,false,0.07480994339518951,62_dropoff
62,dropoff,2024,5,72846,11.196102902772031,1,Brooklyn,Crown Heights South,Boro Zone,false,0.07480994339518951,62_dropoff
62,pickup,2023,2,65683,11.092595419088065,0,Brooklyn,Crown Heights South,Boro Zone,false,0.054019051263277565,62_pickup
62,pickup,2023,3,73455,11.204428252804528,0,Brooklyn,Crown Heights South,Boro Zone,false,0.054019051263277565,62_pickup
62,pickup,2023,4,63934,11.065606580237674,0,Brooklyn,Crown Heights South,Boro Zone,false,0.054019051263277565,62_pickup
62,pickup,2023,5,68721,11.137810108356684,0,Brooklyn,Crown Heights South,Boro Zone,false,0.054019051263277565,62_pickup
62,pickup,2024,2,72572,11.192334451490053,1,Brooklyn,Crown Heights South,Boro Zone,false,0.054019051263277565,62_pickup
62,pickup,2024,3,79209,11.27984520771003,1,Brooklyn,Crown Heights South,Boro Zone,false,0.054019051263277565,62_pickup
62,pickup,2024,4,70977,11.170111159880399,1,Brooklyn,Crown Heights South,Boro Zone,false,0.054019051263277565,62_pickup
62,pickup,2024,5,73049,11.198885727831211,1,Brooklyn,Crown Heights South,Boro Zone,false,0.054019051263277565,62_pickup
63,dropoff,2023,2,50245,10.82466631848306,0,Brooklyn,Cypress Hills,Boro Zone,false,0.03254075475096821,63_dropoff
63,dropoff,2023,3,58450,10.975926966900214,0,Brooklyn,Cypress Hills,Boro Zone,false,0.03254075475096821,63_dropoff
63,dropoff,2023,4,54784,10.911153459501413,0,Brooklyn,Cypress Hills,Boro Zone,false,0.03254075475096821,63_dropoff
63,dropoff,2023,5,58581,10.978165690908607,0,Brooklyn,Cypress Hills,Boro Zone,false,0.03254075475096821,63_dropoff
63,dropoff,2024,2,56801,10.947309210188068,1,Brooklyn,Cypress Hills,Boro Zone,false,0.03254075475096821,63_dropoff
63,dropoff,2024,3,65065,11.083142049210858,1,Brooklyn,Cypress Hills,Boro Zone,false,0.03254075475096821,63_dropoff
63,dropoff,2024,4,59366,10.991476950900324,1,Brooklyn,Cypress Hills,Boro Zone,false,0.03254075475096821,63_dropoff
63,dropoff,2024,5,63030,11.051366082507156,1,Brooklyn,Cypress Hills,Boro Zone,false,0.03254075475096821,63_dropoff
63,pickup,2023,2,52150,10.861879460428918,0,Brooklyn,Cypress Hills,Boro Zone,false,0.024027809446779586,63_pickup
63,pickup,2023,3,61718,11.030330901545064,0,Brooklyn,Cypress Hills,Boro Zone,false,0.024027809446779586,63_pickup
63,pickup,2023,4,57233,10.954885934088674,0,Brooklyn,Cypress Hills,Boro Zone,false,0.024027809446779586,63_pickup
63,pickup,2023,5,61338,11.024154831985069,0,Brooklyn,Cypress Hills,Boro Zone,false,0.024027809446779586,63_pickup
63,pickup,2024,2,58527,10.97724346520537,1,Brooklyn,Cypress Hills,Boro Zone,false,0.024027809446779586,63_pickup
63,pickup,2024,3,67477,11.119542078054563,1,Brooklyn,Cypress Hills,Boro Zone,false,0.024027809446779586,63_pickup
63,pickup,2024,4,60565,11.011472447450902,1,Brooklyn,Cypress Hills,Boro Zone,false,0.024027809446779586,63_pickup
63,pickup,2024,5,65900,11.095893720490599,1,Brooklyn,Cypress Hills,Boro Zone,false,0.024027809446779586,63_pickup
64,dropoff,2023,2,8934,9.097619501912064,0,Queens,Douglaston,Boro Zone,false,0.07121376454348255,64_dropoff
64,dropoff,2023,3,10443,9.253687176479549,0,Queens,Douglaston,Boro Zone,false,0.07121376454348255,64_dropoff
64,dropoff,2023,4,9972,9.207536444643448,0,Queens,Douglaston,Boro Zone,false,0.07121376454348255,64_dropoff
64,dropoff,2023,5,11219,9.325364048544964,0,Queens,Douglaston,Boro Zone,false,0.07121376454348255,64_dropoff
64,dropoff,2024,2,10583,9.267004219093725,1,Queens,Douglaston,Boro Zone,false,0.07121376454348255,64_dropoff
64,dropoff,2024,3,11652,9.363233118079325,1,Queens,Douglaston,Boro Zone,false,0.07121376454348255,64_dropoff
64,dropoff,2024,4,11076,9.312535884290853,1,Queens,Douglaston,Boro Zone,false,0.07121376454348255,64_dropoff
64,dropoff,2024,5,11818,9.37737907190562,1,Queens,Douglaston,Boro Zone,false,0.07121376454348255,64_dropoff
64,pickup,2023,2,9956,9.205930663487482,0,Queens,Douglaston,Boro Zone,false,0.0389908256880734,64_pickup
64,pickup,2023,3,11625,9.360913230455557,0,Queens,Douglaston,Boro Zone,false,0.0389908256880734,64_pickup
64,pickup,2023,4,11112,9.31578088443418,0,Queens,Douglaston,Boro Zone,false,0.0389908256880734,64_pickup
64,pickup,2023,5,12215,9.41041998369184,0,Queens,Douglaston,Boro Zone,false,0.0389908256880734,64_pickup
64,pickup,2024,2,11583,9.357293784932345,1,Queens,Douglaston,Boro Zone,false,0.0389908256880734,64_pickup
64,pickup,2024,3,12848,9.460943436186543,1,Queens,Douglaston,Boro Zone,false,0.0389908256880734,64_pickup
64,pickup,2024,4,12159,9.405824915296419,1,Queens,Douglaston,Boro Zone,false,0.0389908256880734,64_pickup
64,pickup,2024,5,13166,9.485393028027822,1,Queens,Douglaston,Boro Zone,false,0.0389908256880734,64_pickup
65,dropoff,2023,2,73439,11.204210408643931,0,Brooklyn,Downtown Brooklyn/MetroTech,Boro Zone,false,0.2621625122596643,65_dropoff
65,dropoff,2023,3,83663,11.334552103784286,0,Brooklyn,Downtown Brooklyn/MetroTech,Boro Zone,false,0.2621625122596643,65_dropoff
65,dropoff,2023,4,82490,11.320432352854777,0,Brooklyn,Downtown Brooklyn/MetroTech,Boro Zone,false,0.2621625122596643,65_dropoff
65,dropoff,2023,5,84642,11.346185876302558,0,Brooklyn,Downtown Brooklyn/MetroTech,Boro Zone,false,0.2621625122596643,65_dropoff
65,dropoff,2024,2,81556,11.309045179836865,1,Brooklyn,Downtown Brooklyn/MetroTech,Boro Zone,false,0.2621625122596643,65_dropoff
65,dropoff,2024,3,92461,11.434542212971508,1,Brooklyn,Downtown Brooklyn/MetroTech,Boro Zone,false,0.2621625122596643,65_dropoff
65,dropoff,2024,4,83893,11.337297456316673,1,Brooklyn,Downtown Brooklyn/MetroTech,Boro Zone,false,0.2621625122596643,65_dropoff
65,dropoff,2024,5,89808,11.40542933718198,1,Brooklyn,Downtown Brooklyn/MetroTech,Boro Zone,false,0.2621625122596643,65_dropoff
65,pickup,2023,2,80708,11.298592981934569,0,Brooklyn,Downtown Brooklyn/MetroTech,Boro Zone,false,0.21923499180126607,65_pickup
65,pickup,2023,3,91258,11.421445938834717,0,Brooklyn,Downtown Brooklyn/MetroTech,Boro Zone,false,0.21923499180126607,65_pickup
65,pickup,2023,4,89109,11.397615618458733,0,Brooklyn,Downtown Brooklyn/MetroTech,Boro Zone,false,0.21923499180126607,65_pickup
65,pickup,2023,5,93248,11.443017889554877,0,Brooklyn,Downtown Brooklyn/MetroTech,Boro Zone,false,0.21923499180126607,65_pickup
65,pickup,2024,2,91119,11.419921623521773,1,Brooklyn,Downtown Brooklyn/MetroTech,Boro Zone,false,0.21923499180126607,65_pickup
65,pickup,2024,3,103299,11.545382974518763,1,Brooklyn,Downtown Brooklyn/MetroTech,Boro Zone,false,0.21923499180126607,65_pickup
65,pickup,2024,4,94023,11.451294712173727,1,Brooklyn,Downtown Brooklyn/MetroTech,Boro Zone,false,0.21923499180126607,65_pickup
65,pickup,2024,5,100950,11.522380623740984,1,Brooklyn,Downtown Brooklyn/MetroTech,Boro Zone,false,0.21923499180126607,65_pickup
66,dropoff,2023,2,56243,10.93743686787837,0,Brooklyn,DUMBO/Vinegar Hill,Boro Zone,false,0.36153280225300416,66_dropoff
66,dropoff,2023,3,64792,11.078937417928826,0,Brooklyn,DUMBO/Vinegar Hill,Boro Zone,false,0.36153280225300416,66_dropoff
66,dropoff,2023,4,63971,11.066185134649654,0,Brooklyn,DUMBO/Vinegar Hill,Boro Zone,false,0.36153280225300416,66_dropoff
66,dropoff,2023,5,67812,11.124494449417844,0,Brooklyn,DUMBO/Vinegar Hill,Boro Zone,false,0.36153280225300416,66_dropoff
66,dropoff,2024,2,62422,11.041673056323964,1,Brooklyn,DUMBO/Vinegar Hill,Boro Zone,false,0.36153280225300416,66_dropoff
66,dropoff,2024,3,68208,11.130317139004992,1,Brooklyn,DUMBO/Vinegar Hill,Boro Zone,false,0.36153280225300416,66_dropoff
66,dropoff,2024,4,64797,11.079014584972363,1,Brooklyn,DUMBO/Vinegar Hill,Boro Zone,false,0.36153280225300416,66_dropoff
66,dropoff,2024,5,69081,11.143035008125729,1,Brooklyn,DUMBO/Vinegar Hill,Boro Zone,false,0.36153280225300416,66_dropoff
66,pickup,2023,2,63544,11.059487858312968,0,Brooklyn,DUMBO/Vinegar Hill,Boro Zone,false,0.3380048831531217,66_pickup
66,pickup,2023,3,74788,11.222412723285165,0,Brooklyn,DUMBO/Vinegar Hill,Boro Zone,false,0.3380048831531217,66_pickup
66,pickup,2023,4,71757,11.181040689838715,0,Brooklyn,DUMBO/Vinegar Hill,Boro Zone,false,0.3380048831531217,66_pickup
66,pickup,2023,5,76611,11.2464959485519,0,Brooklyn,DUMBO/Vinegar Hill,Boro Zone,false,0.3380048831531217,66_pickup
66,pickup,2024,2,70455,11.162729487129205,1,Brooklyn,DUMBO/Vinegar Hill,Boro Zone,false,0.3380048831531217,66_pickup
66,pickup,2024,3,77108,11.252962315517482,1,Brooklyn,DUMBO/Vinegar Hill,Boro Zone,false,0.3380048831531217,66_pickup
66,pickup,2024,4,74322,11.216162283782255,1,Brooklyn,DUMBO/Vinegar Hill,Boro Zone,false,0.3380048831531217,66_pickup
66,pickup,2024,5,78182,11.266794721010012,1,Brooklyn,DUMBO/Vinegar Hill,Boro Zone,false,0.3380048831531217,66_pickup
67,dropoff,2023,2,28780,10.267435980441359,0,Brooklyn,Dyker Heights,Boro Zone,false,0.0852771947745174,67_dropoff
67,dropoff,2023,3,33064,10.406200356191569,0,Brooklyn,Dyker Heights,Boro Zone,false,0.0852771947745174,67_dropoff
67,dropoff,2023,4,30277,10.318143627345878,0,Brooklyn,Dyker Heights,Boro Zone,false,0.0852771947745174,67_dropoff
67,dropoff,2023,5,33188,10.409943643784176,0,Brooklyn,Dyker Heights,Boro Zone,false,0.0852771947745174,67_dropoff
67,dropoff,2024,2,32447,10.38736326793552,1,Brooklyn,Dyker Heights,Boro Zone,false,0.0852771947745174,67_dropoff
67,dropoff,2024,3,36571,10.50701085558772,1,Brooklyn,Dyker Heights,Boro Zone,false,0.0852771947745174,67_dropoff
67,dropoff,2024,4,34639,10.452735493899395,1,Brooklyn,Dyker Heights,Boro Zone,false,0.0852771947745174,67_dropoff
67,dropoff,2024,5,36583,10.507338930610485,1,Brooklyn,Dyker Heights,Boro Zone,false,0.0852771947745174,67_dropoff
67,pickup,2023,2,29157,10.28045030017158,0,Brooklyn,Dyker Heights,Boro Zone,false,0.07096876110738122,67_pickup
67,pickup,2023,3,33635,10.423322470459706,0,Brooklyn,Dyker Heights,Boro Zone,false,0.07096876110738122,67_pickup
67,pickup,2023,4,30720,10.332669187261608,0,Brooklyn,Dyker Heights,Boro Zone,false,0.07096876110738122,67_pickup
67,pickup,2023,5,33093,10.40707705863749,0,Brooklyn,Dyker Heights,Boro Zone,false,0.07096876110738122,67_pickup
67,pickup,2024,2,32030,10.374428242603203,1,Brooklyn,Dyker Heights,Boro Zone,false,0.07096876110738122,67_pickup
67,pickup,2024,3,35576,10.479426532190532,1,Brooklyn,Dyker Heights,Boro Zone,false,0.07096876110738122,67_pickup
67,pickup,2024,4,33522,10.419957218687204,1,Brooklyn,Dyker Heights,Boro Zone,false,0.07096876110738122,67_pickup
67,pickup,2024,5,36140,10.49515556414622,1,Brooklyn,Dyker Heights,Boro Zone,false,0.07096876110738122,67_pickup
68,dropoff,2023,2,202470,12.218347006405562,0,Manhattan,East Chelsea,Yellow Zone,true,1.0,68_dropoff
68,dropoff,2023,3,222880,12.314388789013632,0,Manhattan,East Chelsea,Yellow Zone,true,1.0,68_dropoff
68,dropoff,2023,4,215184,12.27924875506333,0,Manhattan,East Chelsea,Yellow Zone,true,1.0,68_dropoff
68,dropoff,2023,5,213837,12.272969321533695,0,Manhattan,East Chelsea,Yellow Zone,true,1.0,68_dropoff
68,dropoff,2024,2,209297,12.25150957483877,1,Manhattan,East Chelsea,Yellow Zone,true,1.0,68_dropoff
68,dropoff,2024,3,225629,12.32664733644399,1,Manhattan,East Chelsea,Yellow Zone,true,1.0,68_dropoff
68,dropoff,2024,4,213532,12.271541983323477,1,Manhattan,East Chelsea,Yellow Zone,true,1.0,68_dropoff
68,dropoff,2024,5,223122,12.315473986047499,1,Manhattan,East Chelsea,Yellow Zone,true,1.0,68_dropoff
68,pickup,2023,2,211983,12.26426136175962,0,Manhattan,East Chelsea,Yellow Zone,true,1.0,68_pickup
68,pickup,2023,3,233626,12.361476825112534,0,Manhattan,East Chelsea,Yellow Zone,true,1.0,68_pickup
68,pickup,2023,4,219984,12.301310095417016,0,Manhattan,East Chelsea,Yellow Zone,true,1.0,68_pickup
68,pickup,2023,5,229144,12.342105905872018,0,Manhattan,East Chelsea,Yellow Zone,true,1.0,68_pickup
68,pickup,2024,2,215289,12.279736590547007,1,Manhattan,East Chelsea,Yellow Zone,true,1.0,68_pickup
68,pickup,2024,3,231199,12.35103409051149,1,Manhattan,East Chelsea,Yellow Zone,true,1.0,68_pickup
68,pickup,2024,4,218803,12.295927060587703,1,Manhattan,East Chelsea,Yellow Zone,true,1.0,68_pickup
68,pickup,2024,5,240176,12.389127266899957,1,Manhattan,East Chelsea,Yellow Zone,true,1.0,68_pickup
69,dropoff,2023,2,84810,11.348168739355746,0,Bronx,East Concourse/Concourse Village,Boro Zone,false,0.0478773305153283,69_dropoff
69,dropoff,2023,3,101063,11.523499363740743,0,Bronx,East Concourse/Concourse Village,Boro Zone,false,0.0478773305153283,69_dropoff
69,dropoff,2023,4,90754,11.415907828290715,0,Bronx,East Concourse/Concourse Village,Boro Zone,false,0.0478773305153283,69_dropoff
69,dropoff,2023,5,94321,11.454459137360308,0,Bronx,East Concourse/Concourse Village,Boro Zone,false,0.0478773305153283,69_dropoff
69,dropoff,2024,2,97757,11.490240086536845,1,Bronx,East Concourse/Concourse Village,Boro Zone,false,0.0478773305153283,69_dropoff
69,dropoff,2024,3,109454,11.603259648651411,1,Bronx,East Concourse/Concourse Village,Boro Zone,false,0.0478773305153283,69_dropoff
69,dropoff,2024,4,98530,11.49811634931652,1,Bronx,East Concourse/Concourse Village,Boro Zone,false,0.0478773305153283,69_dropoff
69,dropoff,2024,5,100029,11.513215422928356,1,Bronx,East Concourse/Concourse Village,Boro Zone,false,0.0478773305153283,69_dropoff
69,pickup,2023,2,85622,11.357697538454383,0,Bronx,East Concourse/Concourse Village,Boro Zone,false,0.04355437013597879,69_pickup
69,pickup,2023,3,101365,11.526483142902293,0,Bronx,East Concourse/Concourse Village,Boro Zone,false,0.04355437013597879,69_pickup
69,pickup,2023,4,92340,11.43323269606098,0,Bronx,East Concourse/Concourse Village,Boro Zone,false,0.04355437013597879,69_pickup
69,pickup,2023,5,94849,11.46004143234501,0,Bronx,East Concourse/Concourse Village,Boro Zone,false,0.04355437013597879,69_pickup
69,pickup,2024,2,98931,11.502177916423465,1,Bronx,East Concourse/Concourse Village,Boro Zone,false,0.04355437013597879,69_pickup
69,pickup,2024,3,110890,11.616293997947261,1,Bronx,East Concourse/Concourse Village,Boro Zone,false,0.04355437013597879,69_pickup
69,pickup,2024,4,99702,11.509941015929268,1,Bronx,East Concourse/Concourse Village,Boro Zone,false,0.04355437013597879,69_pickup
69,pickup,2024,5,101813,11.530893076320679,1,Bronx,East Concourse/Concourse Village,Boro Zone,false,0.04355437013597879,69_pickup
70,dropoff,2023,2,30391,10.321901790930502,0,Queens,East Elmhurst,Boro Zone,false,0.06734141188258272,70_dropoff
70,dropoff,2023,3,35486,10.476893531483524,0,Queens,East Elmhurst,Boro Zone,false,0.06734141188258272,70_dropoff
70,dropoff,2023,4,34650,10.453053004618049,0,Queens,East Elmhurst,Boro Zone,false,0.06734141188258272,70_dropoff
70,dropoff,2023,5,37204,10.524171561362358,0,Queens,East Elmhurst,Boro Zone,false,0.06734141188258272,70_dropoff
70,dropoff,2024,2,33261,10.412140818440461,1,Queens,East Elmhurst,Boro Zone,false,0.06734141188258272,70_dropoff
70,dropoff,2024,3,38759,10.565118265878281,1,Queens,East Elmhurst,Boro Zone,false,0.06734141188258272,70_dropoff
70,dropoff,2024,4,35777,10.485060507823594,1,Queens,East Elmhurst,Boro Zone,false,0.06734141188258272,70_dropoff
70,dropoff,2024,5,40217,10.602045070788348,1,Queens,East Elmhurst,Boro Zone,false,0.06734141188258272,70_dropoff
70,pickup,2023,2,37013,10.51902448126828,0,Queens,East Elmhurst,Boro Zone,false,0.06970157958979971,70_pickup
70,pickup,2023,3,43077,10.670744490962486,0,Queens,East Elmhurst,Boro Zone,false,0.06970157958979971,70_pickup
70,pickup,2023,4,41498,10.633400512286396,0,Queens,East Elmhurst,Boro Zone,false,0.06970157958979971,70_pickup
70,pickup,2023,5,44721,10.70819846893854,0,Queens,East Elmhurst,Boro Zone,false,0.06970157958979971,70_pickup
70,pickup,2024,2,43568,10.68207821491354,1,Queens,East Elmhurst,Boro Zone,false,0.06970157958979971,70_pickup
70,pickup,2024,3,48857,10.796652943008546,1,Queens,East Elmhurst,Boro Zone,false,0.06970157958979971,70_pickup
70,pickup,2024,4,45732,10.73055355066186,1,Queens,East Elmhurst,Boro Zone,false,0.06970157958979971,70_pickup
70,pickup,2024,5,51761,10.854392248926331,1,Queens,East Elmhurst,Boro Zone,false,0.06970157958979971,70_pickup
71,dropoff,2023,2,71057,11.171237650839744,0,Brooklyn,East Flatbush/Farragut,Boro Zone,false,0.033463963746028676,71_dropoff
71,dropoff,2023,3,82660,11.322491088065723,0,Brooklyn,East Flatbush/Farragut,Boro Zone,false,0.033463963746028676,71_dropoff
71,dropoff,2023,4,76475,11.244719169019104,0,Brooklyn,East Flatbush/Farragut,Boro Zone,false,0.033463963746028676,71_dropoff
71,dropoff,2023,5,79843,11.287817485429718,0,Brooklyn,East Flatbush/Farragut,Boro Zone,false,0.033463963746028676,71_dropoff
71,dropoff,2024,2,79747,11.286614402384673,1,Brooklyn,East Flatbush/Farragut,Boro Zone,false,0.033463963746028676,71_dropoff
71,dropoff,2024,3,91520,11.424312806613624,1,Brooklyn,East Flatbush/Farragut,Boro Zone,false,0.033463963746028676,71_dropoff
71,dropoff,2024,4,83706,11.335065938496163,1,Brooklyn,East Flatbush/Farragut,Boro Zone,false,0.033463963746028676,71_dropoff
71,dropoff,2024,5,88005,11.38514891002807,1,Brooklyn,East Flatbush/Farragut,Boro Zone,false,0.033463963746028676,71_dropoff
71,pickup,2023,2,71848,11.182308055350786,0,Brooklyn,East Flatbush/Farragut,Boro Zone,false,0.028374799114345872,71_pickup
71,pickup,2023,3,83451,11.33201491224167,0,Brooklyn,East Flatbush/Farragut,Boro Zone,false,0.028374799114345872,71_pickup
71,pickup,2023,4,77261,11.254944579444818,0,Brooklyn,East Flatbush/Farragut,Boro Zone,false,0.028374799114345872,71_pickup
71,pickup,2023,5,80429,11.29513008664912,0,Brooklyn,East Flatbush/Farragut,Boro Zone,false,0.028374799114345872,71_pickup
71,pickup,2024,2,81341,11.3064054734599,1,Brooklyn,East Flatbush/Farragut,Boro Zone,false,0.028374799114345872,71_pickup
71,pickup,2024,3,92422,11.434120324527697,1,Brooklyn,East Flatbush/Farragut,Boro Zone,false,0.028374799114345872,71_pickup
71,pickup,2024,4,84568,11.3453112234485,1,Brooklyn,East Flatbush/Farragut,Boro Zone,false,0.028374799114345872,71_pickup
71,pickup,2024,5,88826,11.394434678917609,1,Brooklyn,East Flatbush/Farragut,Boro Zone,false,0.028374799114345872,71_pickup
72,dropoff,2023,2,82629,11.32211598747992,0,Brooklyn,East Flatbush/Remsen Village,Boro Zone,false,0.024516328998674418,72_dropoff
72,dropoff,2023,3,96664,11.478996326707144,0,Brooklyn,East Flatbush/Remsen Village,Boro Zone,false,0.024516328998674418,72_dropoff
72,dropoff,2023,4,88370,11.38928782451205,0,Brooklyn,East Flatbush/Remsen Village,Boro Zone,false,0.024516328998674418,72_dropoff
72,dropoff,2023,5,93688,11.447725391721972,0,Brooklyn,East Flatbush/Remsen Village,Boro Zone,false,0.024516328998674418,72_dropoff
72,dropoff,2024,2,91403,11.423033579660698,1,Brooklyn,East Flatbush/Remsen Village,Boro Zone,false,0.024516328998674418,72_dropoff
72,dropoff,2024,3,105393,11.565451499221675,1,Brooklyn,East Flatbush/Remsen Village,Boro Zone,false,0.024516328998674418,72_dropoff
72,dropoff,2024,4,93689,11.447736065390567,1,Brooklyn,East Flatbush/Remsen Village,Boro Zone,false,0.024516328998674418,72_dropoff
72,dropoff,2024,5,98950,11.502369951030712,1,Brooklyn,East Flatbush/Remsen Village,Boro Zone,false,0.024516328998674418,72_dropoff
72,pickup,2023,2,85778,11.359517842340914,0,Brooklyn,East Flatbush/Remsen Village,Boro Zone,false,0.02053239647772167,72_pickup
72,pickup,2023,3,100242,11.515342541485833,0,Brooklyn,East Flatbush/Remsen Village,Boro Zone,false,0.02053239647772167,72_pickup
72,pickup,2023,4,92361,11.433460090607738,0,Brooklyn,East Flatbush/Remsen Village,Boro Zone,false,0.02053239647772167,72_pickup
72,pickup,2023,5,96490,11.47719465501443,0,Brooklyn,East Flatbush/Remsen Village,Boro Zone,false,0.02053239647772167,72_pickup
72,pickup,2024,2,95800,11.470017963958952,1,Brooklyn,East Flatbush/Remsen Village,Boro Zone,false,0.02053239647772167,72_pickup
72,pickup,2024,3,109318,11.602016344960637,1,Brooklyn,East Flatbush/Remsen Village,Boro Zone,false,0.02053239647772167,72_pickup
72,pickup,2024,4,98019,11.492916616411906,1,Brooklyn,East Flatbush/Remsen Village,Boro Zone,false,0.02053239647772167,72_pickup
72,pickup,2024,5,103116,11.543609847101223,1,Brooklyn,East Flatbush/Remsen Village,Boro Zone,false,0.02053239647772167,72_pickup
73,dropoff,2023,2,15428,9.643939319328119,0,Queens,East Flushing,Boro Zone,false,0.0508711422964857,73_dropoff
73,dropoff,2023,3,17486,9.769155839740836,0,Queens,East Flushing,Boro Zone,false,0.0508711422964857,73_dropoff
73,dropoff,2023,4,16401,9.70509758756311,0,Queens,East Flushing,Boro Zone,false,0.0508711422964857,73_dropoff
73,dropoff,2023,5,17953,9.795512510870829,0,Queens,East Flushing,Boro Zone,false,0.0508711422964857,73_dropoff
73,dropoff,2024,2,17813,9.787683806792485,1,Queens,East Flushing,Boro Zone,false,0.0508711422964857,73_dropoff
73,dropoff,2024,3,19729,9.889844913494969,1,Queens,East Flushing,Boro Zone,false,0.0508711422964857,73_dropoff
73,dropoff,2024,4,18079,9.802506322682014,1,Queens,East Flushing,Boro Zone,false,0.0508711422964857,73_dropoff
73,dropoff,2024,5,19187,9.861988245358098,1,Queens,East Flushing,Boro Zone,false,0.0508711422964857,73_dropoff
73,pickup,2023,2,16811,9.72978871303306,0,Queens,East Flushing,Boro Zone,false,0.037417915995539584,73_pickup
73,pickup,2023,3,18790,9.84108009240751,0,Queens,East Flushing,Boro Zone,false,0.037417915995539584,73_pickup
73,pickup,2023,4,17834,9.788862026694824,0,Queens,East Flushing,Boro Zone,false,0.037417915995539584,73_pickup
73,pickup,2023,5,19204,9.862873869650832,0,Queens,East Flushing,Boro Zone,false,0.037417915995539584,73_pickup
73,pickup,2024,2,18933,9.84866171025235,1,Queens,East Flushing,Boro Zone,false,0.037417915995539584,73_pickup
73,pickup,2024,3,20897,9.947360886980098,1,Queens,East Flushing,Boro Zone,false,0.037417915995539584,73_pickup
73,pickup,2024,4,19062,9.855452103497571,1,Queens,East Flushing,Boro Zone,false,0.037417915995539584,73_pickup
73,pickup,2024,5,20133,9.910115538826348,1,Queens,East Flushing,Boro Zone,false,0.037417915995539584,73_pickup
74,dropoff,2023,2,120580,11.700068712043397,0,Manhattan,East Harlem North,Boro Zone,false,0.11735247681073614,74_dropoff
74,dropoff,2023,3,141100,11.857224137840905,0,Manhattan,East Harlem North,Boro Zone,false,0.11735247681073614,74_dropoff
74,dropoff,2023,4,132159,11.791761022140221,0,Manhattan,East Harlem North,Boro Zone,false,0.11735247681073614,74_dropoff
74,dropoff,2023,5,133129,11.799073861942784,0,Manhattan,East Harlem North,Boro Zone,false,0.11735247681073614,74_dropoff
74,dropoff,2024,2,133110,11.798931133041064,1,Manhattan,East Harlem North,Boro Zone,false,0.11735247681073614,74_dropoff
74,dropoff,2024,3,148297,11.906972298656406,1,Manhattan,East Harlem North,Boro Zone,false,0.11735247681073614,74_dropoff
74,dropoff,2024,4,132845,11.796938314047624,1,Manhattan,East Harlem North,Boro Zone,false,0.11735247681073614,74_dropoff
74,dropoff,2024,5,136939,11.827290850180157,1,Manhattan,East Harlem North,Boro Zone,false,0.11735247681073614,74_dropoff
74,pickup,2023,2,123735,11.725897460962942,0,Manhattan,East Harlem North,Boro Zone,false,0.11788740357219904,74_pickup
74,pickup,2023,3,143740,11.875761391022433,0,Manhattan,East Harlem North,Boro Zone,false,0.11788740357219904,74_pickup
74,pickup,2023,4,133710,11.803428554608711,0,Manhattan,East Harlem North,Boro Zone,false,0.11788740357219904,74_pickup
74,pickup,2023,5,136523,11.824248377581428,0,Manhattan,East Harlem North,Boro Zone,false,0.11788740357219904,74_pickup
74,pickup,2024,2,137918,11.834414584632285,1,Manhattan,East Harlem North,Boro Zone,false,0.11788740357219904,74_pickup
74,pickup,2024,3,153246,11.939799752315892,1,Manhattan,East Harlem North,Boro Zone,false,0.11788740357219904,74_pickup
74,pickup,2024,4,137339,11.830207600948217,1,Manhattan,East Harlem North,Boro Zone,false,0.11788740357219904,74_pickup
74,pickup,2024,5,143426,11.873574501730932,1,Manhattan,East Harlem North,Boro Zone,false,0.11788740357219904,74_pickup
75,dropoff,2023,2,117395,11.673299596031358,0,Manhattan,East Harlem South,Boro Zone,false,0.19425088663918597,75_dropoff
75,dropoff,2023,3,135951,11.820049805679021,0,Manhattan,East Harlem South,Boro Zone,false,0.19425088663918597,75_dropoff
75,dropoff,2023,4,123492,11.723931655624092,0,Manhattan,East Harlem South,Boro Zone,false,0.19425088663918597,75_dropoff
75,dropoff,2023,5,127031,11.752186430142705,0,Manhattan,East Harlem South,Boro Zone,false,0.19425088663918597,75_dropoff
75,dropoff,2024,2,133616,11.80272529339301,1,Manhattan,East Harlem South,Boro Zone,false,0.19425088663918597,75_dropoff
75,dropoff,2024,3,141471,11.859850028064457,1,Manhattan,East Harlem South,Boro Zone,false,0.19425088663918597,75_dropoff
75,dropoff,2024,4,131603,11.787545093966104,1,Manhattan,East Harlem South,Boro Zone,false,0.19425088663918597,75_dropoff
75,dropoff,2024,5,134189,11.807004532947108,1,Manhattan,East Harlem South,Boro Zone,false,0.19425088663918597,75_dropoff
75,pickup,2023,2,115310,11.655379432765162,0,Manhattan,East Harlem South,Boro Zone,false,0.17759297871308732,75_pickup
75,pickup,2023,3,133723,11.803525775221054,0,Manhattan,East Harlem South,Boro Zone,false,0.17759297871308732,75_pickup
75,pickup,2023,4,121661,11.708993767469389,0,Manhattan,East Harlem South,Boro Zone,false,0.17759297871308732,75_pickup
75,pickup,2023,5,124258,11.730115328204073,0,Manhattan,East Harlem South,Boro Zone,false,0.17759297871308732,75_pickup
75,pickup,2024,2,131654,11.787932548055743,1,Manhattan,East Harlem South,Boro Zone,false,0.17759297871308732,75_pickup
75,pickup,2024,3,140911,11.855883764392377,1,Manhattan,East Harlem South,Boro Zone,false,0.17759297871308732,75_pickup
75,pickup,2024,4,130083,11.775927987246325,1,Manhattan,East Harlem South,Boro Zone,false,0.17759297871308732,75_pickup
75,pickup,2024,5,133351,11.80074002864466,1,Manhattan,East Harlem South,Boro Zone,false,0.17759297871308732,75_pickup
76,dropoff,2023,2,184647,12.12620117319503,0,Brooklyn,East New York,Boro Zone,false,0.015314715928343355,76_dropoff
76,dropoff,2023,3,220994,12.305890830810073,0,Brooklyn,East New York,Boro Zone,false,0.015314715928343355,76_dropoff
76,dropoff,2023,4,196158,12.186675735919442,0,Brooklyn,East New York,Boro Zone,false,0.015314715928343355,76_dropoff
76,dropoff,2023,5,206835,12.23967665294395,0,Brooklyn,East New York,Boro Zone,false,0.015314715928343355,76_dropoff
76,dropoff,2024,2,209256,12.251313661775761,1,Brooklyn,East New York,Boro Zone,false,0.015314715928343355,76_dropoff
76,dropoff,2024,3,237790,12.379143210209943,1,Brooklyn,East New York,Boro Zone,false,0.015314715928343355,76_dropoff
76,dropoff,2024,4,213462,12.27121410986096,1,Brooklyn,East New York,Boro Zone,false,0.015314715928343355,76_dropoff
76,dropoff,2024,5,220187,12.302232464289077,1,Brooklyn,East New York,Boro Zone,false,0.015314715928343355,76_dropoff
76,pickup,2023,2,186218,12.134673309399883,0,Brooklyn,East New York,Boro Zone,false,0.013770744508401794,76_pickup
76,pickup,2023,3,222630,12.313266479632288,0,Brooklyn,East New York,Boro Zone,false,0.013770744508401794,76_pickup
76,pickup,2023,4,198631,12.19920411106056,0,Brooklyn,East New York,Boro Zone,false,0.013770744508401794,76_pickup
76,pickup,2023,5,209906,12.254415090440675,0,Brooklyn,East New York,Boro Zone,false,0.013770744508401794,76_pickup
76,pickup,2024,2,208763,12.248954916223168,1,Brooklyn,East New York,Boro Zone,false,0.013770744508401794,76_pickup
76,pickup,2024,3,238004,12.380042759235069,1,Brooklyn,East New York,Boro Zone,false,0.013770744508401794,76_pickup
76,pickup,2024,4,213506,12.271420214300429,1,Brooklyn,East New York,Boro Zone,false,0.013770744508401794,76_pickup
76,pickup,2024,5,220618,12.304187978121027,1,Brooklyn,East New York,Boro Zone,false,0.013770744508401794,76_pickup
77,dropoff,2023,2,48621,10.79181081532623,0,Brooklyn,East New York/Pennsylvania Avenue,Boro Zone,false,0.02059089355205792,77_dropoff
77,dropoff,2023,3,58321,10.973717513311941,0,Brooklyn,East New York/Pennsylvania Avenue,Boro Zone,false,0.02059089355205792,77_dropoff
77,dropoff,2023,4,51988,10.858768201701478,0,Brooklyn,East New York/Pennsylvania Avenue,Boro Zone,false,0.02059089355205792,77_dropoff
77,dropoff,2023,5,54611,10.907990606643073,0,Brooklyn,East New York/Pennsylvania Avenue,Boro Zone,false,0.02059089355205792,77_dropoff
77,dropoff,2024,2,54753,10.91058744069813,1,Brooklyn,East New York/Pennsylvania Avenue,Boro Zone,false,0.02059089355205792,77_dropoff
77,dropoff,2024,3,63622,11.060714601464154,1,Brooklyn,East New York/Pennsylvania Avenue,Boro Zone,false,0.02059089355205792,77_dropoff
77,dropoff,2024,4,57736,10.963636174752109,1,Brooklyn,East New York/Pennsylvania Avenue,Boro Zone,false,0.02059089355205792,77_dropoff
77,dropoff,2024,5,60087,11.003548790969342,1,Brooklyn,East New York/Pennsylvania Avenue,Boro Zone,false,0.02059089355205792,77_dropoff
77,pickup,2023,2,49543,10.810596258335398,0,Brooklyn,East New York/Pennsylvania Avenue,Boro Zone,false,0.01776790159883453,77_pickup
77,pickup,2023,3,59077,10.986596956750757,0,Brooklyn,East New York/Pennsylvania Avenue,Boro Zone,false,0.01776790159883453,77_pickup
77,pickup,2023,4,52808,10.874417973368606,0,Brooklyn,East New York/Pennsylvania Avenue,Boro Zone,false,0.01776790159883453,77_pickup
77,pickup,2023,5,55480,10.923777874428767,0,Brooklyn,East New York/Pennsylvania Avenue,Boro Zone,false,0.01776790159883453,77_pickup
77,pickup,2024,2,55699,10.927717472432848,1,Brooklyn,East New York/Pennsylvania Avenue,Boro Zone,false,0.01776790159883453,77_pickup
77,pickup,2024,3,64349,11.072076672887986,1,Brooklyn,East New York/Pennsylvania Avenue,Boro Zone,false,0.01776790159883453,77_pickup
77,pickup,2024,4,58724,10.98060378085935,1,Brooklyn,East New York/Pennsylvania Avenue,Boro Zone,false,0.01776790159883453,77_pickup
77,pickup,2024,5,60356,11.008015641633541,1,Brooklyn,East New York/Pennsylvania Avenue,Boro Zone,false,0.01776790159883453,77_pickup
78,dropoff,2023,2,70737,11.166724053039157,0,Bronx,East Tremont,Boro Zone,false,0.02804695475761025,78_dropoff
78,dropoff,2023,3,83601,11.33381076072374,0,Bronx,East Tremont,Boro Zone,false,0.02804695475761025,78_dropoff
78,dropoff,2023,4,74404,11.217264982816841,0,Bronx,East Tremont,Boro Zone,false,0.02804695475761025,78_dropoff
78,dropoff,2023,5,77851,11.262552022394802,0,Bronx,East Tremont,Boro Zone,false,0.02804695475761025,78_dropoff
78,dropoff,2024,2,79837,11.287742335129082,1,Bronx,East Tremont,Boro Zone,false,0.02804695475761025,78_dropoff
78,dropoff,2024,3,89907,11.406531081722104,1,Bronx,East Tremont,Boro Zone,false,0.02804695475761025,78_dropoff
78,dropoff,2024,4,82246,11.317470035226188,1,Bronx,East Tremont,Boro Zone,false,0.02804695475761025,78_dropoff
78,dropoff,2024,5,82489,11.32042023009976,1,Bronx,East Tremont,Boro Zone,false,0.02804695475761025,78_dropoff
78,pickup,2023,2,73420,11.203951657050824,0,Bronx,East Tremont,Boro Zone,false,0.032398763571972224,78_pickup
78,pickup,2023,3,87478,11.379142612160814,0,Bronx,East Tremont,Boro Zone,false,0.032398763571972224,78_pickup
78,pickup,2023,4,78901,11.275949181024878,0,Bronx,East Tremont,Boro Zone,false,0.032398763571972224,78_pickup
78,pickup,2023,5,82096,11.315644573181746,0,Bronx,East Tremont,Boro Zone,false,0.032398763571972224,78_pickup
78,pickup,2024,2,85082,11.35137077632514,1,Bronx,East Tremont,Boro Zone,false,0.032398763571972224,78_pickup
78,pickup,2024,3,95860,11.470644072713622,1,Bronx,East Tremont,Boro Zone,false,0.032398763571972224,78_pickup
78,pickup,2024,4,86794,11.371292773835275,1,Bronx,East Tremont,Boro Zone,false,0.032398763571972224,78_pickup
78,pickup,2024,5,88538,11.391187117370512,1,Bronx,East Tremont,Boro Zone,false,0.032398763571972224,78_pickup
79,dropoff,2023,2,239665,12.386997393907974,0,Manhattan,East Village,Yellow Zone,true,1.0,79_dropoff
79,dropoff,2023,3,251317,12.434470369472853,0,Manhattan,East Village,Yellow Zone,true,1.0,79_dropoff
79,dropoff,2023,4,240114,12.38886908954734,0,Manhattan,East Village,Yellow Zone,true,1.0,79_dropoff
79,dropoff,2023,5,218956,12.29662607537086,0,Manhattan,East Village,Yellow Zone,true,1.0,79_dropoff
79,dropoff,2024,2,230574,12.348327131110887,1,Manhattan,East Village,Yellow Zone,true,1.0,79_dropoff
79,dropoff,2024,3,245938,12.412834750628642,1,Manhattan,East Village,Yellow Zone,true,1.0,79_dropoff
79,dropoff,2024,4,216339,12.284601900819895,1,Manhattan,East Village,Yellow Zone,true,1.0,79_dropoff
79,dropoff,2024,5,214453,12.275845879122066,1,Manhattan,East Village,Yellow Zone,true,1.0,79_dropoff
79,pickup,2023,2,281589,12.548203840003065,0,Manhattan,East Village,Yellow Zone,true,1.0,79_pickup
79,pickup,2023,3,298366,12.606076199801205,0,Manhattan,East Village,Yellow Zone,true,1.0,79_pickup
79,pickup,2023,4,290974,12.580989195082903,0,Manhattan,East Village,Yellow Zone,true,1.0,79_pickup
79,pickup,2023,5,267618,12.497315869548041,0,Manhattan,East Village,Yellow Zone,true,1.0,79_pickup
79,pickup,2024,2,275549,12.52652075019937,1,Manhattan,East Village,Yellow Zone,true,1.0,79_pickup
79,pickup,2024,3,297386,12.602786237253206,1,Manhattan,East Village,Yellow Zone,true,1.0,79_pickup
79,pickup,2024,4,265536,12.48950570369254,1,Manhattan,East Village,Yellow Zone,true,1.0,79_pickup
79,pickup,2024,5,266830,12.494367030480388,1,Manhattan,East Village,Yellow Zone,true,1.0,79_pickup
80,dropoff,2023,2,129264,11.76961210371949,0,Brooklyn,East Williamsburg,Boro Zone,false,0.1878220771017634,80_dropoff
80,dropoff,2023,3,148457,11.908050633004075,0,Brooklyn,East Williamsburg,Boro Zone,false,0.1878220771017634,80_dropoff
80,dropoff,2023,4,144180,11.87881779795857,0,Brooklyn,East Williamsburg,Boro Zone,false,0.1878220771017634,80_dropoff
80,dropoff,2023,5,157541,11.967441020831432,0,Brooklyn,East Williamsburg,Boro Zone,false,0.1878220771017634,80_dropoff
80,dropoff,2024,2,143852,11.87654027225461,1,Brooklyn,East Williamsburg,Boro Zone,false,0.1878220771017634,80_dropoff
80,dropoff,2024,3,159942,11.982566528496957,1,Brooklyn,East Williamsburg,Boro Zone,false,0.1878220771017634,80_dropoff
80,dropoff,2024,4,147542,11.901868159992343,1,Brooklyn,East Williamsburg,Boro Zone,false,0.1878220771017634,80_dropoff
80,dropoff,2024,5,165187,12.01483344447865,1,Brooklyn,East Williamsburg,Boro Zone,false,0.1878220771017634,80_dropoff
80,pickup,2023,2,133679,11.803196682690727,0,Brooklyn,East Williamsburg,Boro Zone,false,0.16114334431363184,80_pickup
80,pickup,2023,3,153915,11.944155780964419,0,Brooklyn,East Williamsburg,Boro Zone,false,0.16114334431363184,80_pickup
80,pickup,2023,4,150171,11.919529923771819,0,Brooklyn,East Williamsburg,Boro Zone,false,0.16114334431363184,80_pickup
80,pickup,2023,5,165133,12.014506488796398,0,Brooklyn,East Williamsburg,Boro Zone,false,0.16114334431363184,80_pickup
80,pickup,2024,2,150450,11.921386082058191,1,Brooklyn,East Williamsburg,Boro Zone,false,0.16114334431363184,80_pickup
80,pickup,2024,3,165738,12.018163507237189,1,Brooklyn,East Williamsburg,Boro Zone,false,0.16114334431363184,80_pickup
80,pickup,2024,4,153111,11.938918427529853,1,Brooklyn,East Williamsburg,Boro Zone,false,0.16114334431363184,80_pickup
80,pickup,2024,5,174292,12.068487332577549,1,Brooklyn,East Williamsburg,Boro Zone,false,0.16114334431363184,80_pickup
81,dropoff,2023,2,42567,10.658834584175423,0,Bronx,Eastchester,Boro Zone,false,0.021928644459990314,81_dropoff
81,dropoff,2023,3,49979,10.81935819618558,0,Bronx,Eastchester,Boro Zone,false,0.021928644459990314,81_dropoff
81,dropoff,2023,4,45091,10.716437949035694,0,Bronx,Eastchester,Boro Zone,false,0.021928644459990314,81_dropoff
81,dropoff,2023,5,48193,10.782969061276285,0,Bronx,Eastchester,Boro Zone,false,0.021928644459990314,81_dropoff
81,dropoff,2024,2,47874,10.776327838536336,1,Bronx,Eastchester,Boro Zone,false,0.021928644459990314,81_dropoff
81,dropoff,2024,3,53990,10.896554123212333,1,Bronx,Eastchester,Boro Zone,false,0.021928644459990314,81_dropoff
81,dropoff,2024,4,49371,10.807118486263493,1,Bronx,Eastchester,Boro Zone,false,0.021928644459990314,81_dropoff
81,dropoff,2024,5,51654,10.85232291588601,1,Bronx,Eastchester,Boro Zone,false,0.021928644459990314,81_dropoff
81,pickup,2023,2,46837,10.75442876783813,0,Bronx,Eastchester,Boro Zone,false,0.019400822742183223,81_pickup
81,pickup,2023,3,54919,10.913614651413148,0,Bronx,Eastchester,Boro Zone,false,0.019400822742183223,81_pickup
81,pickup,2023,4,50159,10.822953238903926,0,Bronx,Eastchester,Boro Zone,false,0.019400822742183223,81_pickup
81,pickup,2023,5,54468,10.905368652244466,0,Bronx,Eastchester,Boro Zone,false,0.019400822742183223,81_pickup
81,pickup,2024,2,52327,10.865267769230652,1,Bronx,Eastchester,Boro Zone,false,0.019400822742183223,81_pickup
81,pickup,2024,3,58744,10.980944299131446,1,Bronx,Eastchester,Boro Zone,false,0.019400822742183223,81_pickup
81,pickup,2024,4,54122,10.898996036516913,1,Bronx,Eastchester,Boro Zone,false,0.019400822742183223,81_pickup
81,pickup,2024,5,56120,10.935247534216398,1,Bronx,Eastchester,Boro Zone,false,0.019400822742183223,81_pickup
82,dropoff,2023,2,112230,11.628305616010302,0,Queens,Elmhurst,Boro Zone,false,0.05692348480385143,82_dropoff
82,dropoff,2023,3,123520,11.724158365258603,0,Queens,Elmhurst,Boro Zone,false,0.05692348480385143,82_dropoff
82,dropoff,2023,4,116703,11.667387524885104,0,Queens,Elmhurst,Boro Zone,false,0.05692348480385143,82_dropoff
82,dropoff,2023,5,122799,11.718304151339547,0,Queens,Elmhurst,Boro Zone,false,0.05692348480385143,82_dropoff
82,dropoff,2024,2,124916,11.735396790391233,1,Queens,Elmhurst,Boro Zone,false,0.05692348480385143,82_dropoff
82,dropoff,2024,3,136742,11.825851217658906,1,Queens,Elmhurst,Boro Zone,false,0.05692348480385143,82_dropoff
82,dropoff,2024,4,127082,11.752587826377331,1,Queens,Elmhurst,Boro Zone,false,0.05692348480385143,82_dropoff
82,dropoff,2024,5,133059,11.798547917861054,1,Queens,Elmhurst,Boro Zone,false,0.05692348480385143,82_dropoff
82,pickup,2023,2,116437,11.665105633185503,0,Queens,Elmhurst,Boro Zone,false,0.04321211110523597,82_pickup
82,pickup,2023,3,126845,11.750721147616753,0,Queens,Elmhurst,Boro Zone,false,0.04321211110523597,82_pickup
82,pickup,2023,4,120907,11.702776934016953,0,Queens,Elmhurst,Boro Zone,false,0.04321211110523597,82_pickup
82,pickup,2023,5,127525,11.756067702791126,0,Queens,Elmhurst,Boro Zone,false,0.04321211110523597,82_pickup
82,pickup,2024,2,127896,11.758972712644727,1,Queens,Elmhurst,Boro Zone,false,0.04321211110523597,82_pickup
82,pickup,2024,3,139954,11.849069076171451,1,Queens,Elmhurst,Boro Zone,false,0.04321211110523597,82_pickup
82,pickup,2024,4,129828,11.773965776475574,1,Queens,Elmhurst,Boro Zone,false,0.04321211110523597,82_pickup
82,pickup,2024,5,137534,11.831626438249174,1,Queens,Elmhurst,Boro Zone,false,0.04321211110523597,82_pickup
83,dropoff,2023,2,35041,10.464274083455889,0,Queens,Elmhurst/Maspeth,Boro Zone,false,0.07598631042357853,83_dropoff
83,dropoff,2023,3,39855,10.593003146862024,0,Queens,Elmhurst/Maspeth,Boro Zone,false,0.07598631042357853,83_dropoff
83,dropoff,2023,4,37779,10.539508671673955,0,Queens,Elmhurst/Maspeth,Boro Zone,false,0.07598631042357853,83_dropoff
83,dropoff,2023,5,40142,10.600178446719438,0,Queens,Elmhurst/Maspeth,Boro Zone,false,0.07598631042357853,83_dropoff
83,dropoff,2024,2,40380,10.606089891866828,1,Queens,Elmhurst/Maspeth,Boro Zone,false,0.07598631042357853,83_dropoff
83,dropoff,2024,3,44457,10.702277708858288,1,Queens,Elmhurst/Maspeth,Boro Zone,false,0.07598631042357853,83_dropoff
83,dropoff,2024,4,41440,10.632001876933364,1,Queens,Elmhurst/Maspeth,Boro Zone,false,0.07598631042357853,83_dropoff
83,dropoff,2024,5,42797,10.664223285655282,1,Queens,Elmhurst/Maspeth,Boro Zone,false,0.07598631042357853,83_dropoff
83,pickup,2023,2,35184,10.468346712794542,0,Queens,Elmhurst/Maspeth,Boro Zone,false,0.06623418491884388,83_pickup
83,pickup,2023,3,39852,10.592927871164747,0,Queens,Elmhurst/Maspeth,Boro Zone,false,0.06623418491884388,83_pickup
83,pickup,2023,4,37634,10.53566317610459,0,Queens,Elmhurst/Maspeth,Boro Zone,false,0.06623418491884388,83_pickup
83,pickup,2023,5,39321,10.579514006287654,0,Queens,Elmhurst/Maspeth,Boro Zone,false,0.06623418491884388,83_pickup
83,pickup,2024,2,39986,10.596284671831778,1,Queens,Elmhurst/Maspeth,Boro Zone,false,0.06623418491884388,83_pickup
83,pickup,2024,3,44623,10.706004700150416,1,Queens,Elmhurst/Maspeth,Boro Zone,false,0.06623418491884388,83_pickup
83,pickup,2024,4,41634,10.636672420127605,1,Queens,Elmhurst/Maspeth,Boro Zone,false,0.06623418491884388,83_pickup
83,pickup,2024,5,43103,10.67134787923793,1,Queens,Elmhurst/Maspeth,Boro Zone,false,0.06623418491884388,83_pickup
84,dropoff,2023,2,6873,8.835355971121606,0,Staten Island,Eltingville/Annadale/Prince's Bay,Boro Zone,false,0.05060240963855422,84_dropoff
84,dropoff,2023,3,8167,9.007856923358275,0,Staten Island,Eltingville/Annadale/Prince's Bay,Boro Zone,false,0.05060240963855422,84_dropoff
84,dropoff,2023,4,7341,8.901230352110781,0,Staten Island,Eltingville/Annadale/Prince's Bay,Boro Zone,false,0.05060240963855422,84_dropoff
84,dropoff,2023,5,8329,9.02749867993534,0,Staten Island,Eltingville/Annadale/Prince's Bay,Boro Zone,false,0.05060240963855422,84_dropoff
84,dropoff,2024,2,7754,8.955964118230874,1,Staten Island,Eltingville/Annadale/Prince's Bay,Boro Zone,false,0.05060240963855422,84_dropoff
84,dropoff,2024,3,8774,9.07954808172616,1,Staten Island,Eltingville/Annadale/Prince's Bay,Boro Zone,false,0.05060240963855422,84_dropoff
84,dropoff,2024,4,7879,8.971956271245688,1,Staten Island,Eltingville/Annadale/Prince's Bay,Boro Zone,false,0.05060240963855422,84_dropoff
84,dropoff,2024,5,8850,9.088172738001974,1,Staten Island,Eltingville/Annadale/Prince's Bay,Boro Zone,false,0.05060240963855422,84_dropoff
84,pickup,2023,2,7073,8.86403999703599,0,Staten Island,Eltingville/Annadale/Prince's Bay,Boro Zone,false,0.02264475444295815,84_pickup
84,pickup,2023,3,7990,8.98594603876032,0,Staten Island,Eltingville/Annadale/Prince's Bay,Boro Zone,false,0.02264475444295815,84_pickup
84,pickup,2023,4,7770,8.958025443361693,0,Staten Island,Eltingville/Annadale/Prince's Bay,Boro Zone,false,0.02264475444295815,84_pickup
84,pickup,2023,5,8565,9.05543941075822,0,Staten Island,Eltingville/Annadale/Prince's Bay,Boro Zone,false,0.02264475444295815,84_pickup
84,pickup,2024,2,8089,8.998260393017953,1,Staten Island,Eltingville/Annadale/Prince's Bay,Boro Zone,false,0.02264475444295815,84_pickup
84,pickup,2024,3,8992,9.104090572133472,1,Staten Island,Eltingville/Annadale/Prince's Bay,Boro Zone,false,0.02264475444295815,84_pickup
84,pickup,2024,4,8368,9.032170186304704,1,Staten Island,Eltingville/Annadale/Prince's Bay,Boro Zone,false,0.02264475444295815,84_pickup
84,pickup,2024,5,9194,9.126306376366173,1,Staten Island,Eltingville/Annadale/Prince's Bay,Boro Zone,false,0.02264475444295815,84_pickup
85,dropoff,2023,2,53001,10.87806606028079,0,Brooklyn,Erasmus,Boro Zone,false,0.06270735700487695,85_dropoff
85,dropoff,2023,3,61869,11.032774525472156,0,Brooklyn,Erasmus,Boro Zone,false,0.06270735700487695,85_dropoff
85,dropoff,2023,4,57459,10.95882692897077,0,Brooklyn,Erasmus,Boro Zone,false,0.06270735700487695,85_dropoff
85,dropoff,2023,5,58553,10.977687605971129,0,Brooklyn,Erasmus,Boro Zone,false,0.06270735700487695,85_dropoff
85,dropoff,2024,2,59652,10.996282955882673,1,Brooklyn,Erasmus,Boro Zone,false,0.06270735700487695,85_dropoff
85,dropoff,2024,3,68360,11.132543137229527,1,Brooklyn,Erasmus,Boro Zone,false,0.06270735700487695,85_dropoff
85,dropoff,2024,4,60398,11.008711270791892,1,Brooklyn,Erasmus,Boro Zone,false,0.06270735700487695,85_dropoff
85,dropoff,2024,5,63108,11.052602823377345,1,Brooklyn,Erasmus,Boro Zone,false,0.06270735700487695,85_dropoff
85,pickup,2023,2,52560,10.869710653158492,0,Brooklyn,Erasmus,Boro Zone,false,0.04359686190446906,85_pickup
85,pickup,2023,3,61449,11.025962841468765,0,Brooklyn,Erasmus,Boro Zone,false,0.04359686190446906,85_pickup
85,pickup,2023,4,56227,10.937152347559921,0,Brooklyn,Erasmus,Boro Zone,false,0.04359686190446906,85_pickup
85,pickup,2023,5,57418,10.958113121999125,0,Brooklyn,Erasmus,Boro Zone,false,0.04359686190446906,85_pickup
85,pickup,2024,2,59683,10.996802501710759,1,Brooklyn,Erasmus,Boro Zone,false,0.04359686190446906,85_pickup
85,pickup,2024,3,67783,11.124066705025466,1,Brooklyn,Erasmus,Boro Zone,false,0.04359686190446906,85_pickup
85,pickup,2024,4,60006,11.002199836204571,1,Brooklyn,Erasmus,Boro Zone,false,0.04359686190446906,85_pickup
85,pickup,2024,5,63884,11.0648242177762,1,Brooklyn,Erasmus,Boro Zone,false,0.04359686190446906,85_pickup
86,dropoff,2023,2,27285,10.214092379620332,0,Queens,Far Rockaway,Boro Zone,false,0.01842722123509931,86_dropoff
86,dropoff,2023,3,33685,10.42480791339476,0,Queens,Far Rockaway,Boro Zone,false,0.01842722123509931,86_dropoff
86,dropoff,2023,4,28616,10.261721280938854,0,Queens,Far Rockaway,Boro Zone,false,0.01842722123509931,86_dropoff
86,dropoff,2023,5,30291,10.31860591767243,0,Queens,Far Rockaway,Boro Zone,false,0.01842722123509931,86_dropoff
86,dropoff,2024,2,32951,10.402776888483789,1,Queens,Far Rockaway,Boro Zone,false,0.01842722123509931,86_dropoff
86,dropoff,2024,3,37931,10.543523998690803,1,Queens,Far Rockaway,Boro Zone,false,0.01842722123509931,86_dropoff
86,dropoff,2024,4,33536,10.420374767680714,1,Queens,Far Rockaway,Boro Zone,false,0.01842722123509931,86_dropoff
86,dropoff,2024,5,34645,10.452908694061481,1,Queens,Far Rockaway,Boro Zone,false,0.01842722123509931,86_dropoff
86,pickup,2023,2,33538,10.420434403307056,0,Queens,Far Rockaway,Boro Zone,false,0.011793020457280385,86_pickup
86,pickup,2023,3,40650,10.612754114975957,0,Queens,Far Rockaway,Boro Zone,false,0.011793020457280385,86_pickup
86,pickup,2023,4,34284,10.442434052018774,0,Queens,Far Rockaway,Boro Zone,false,0.011793020457280385,86_pickup
86,pickup,2023,5,36953,10.51740211387893,0,Queens,Far Rockaway,Boro Zone,false,0.011793020457280385,86_pickup
86,pickup,2024,2,40443,10.607648854359173,1,Queens,Far Rockaway,Boro Zone,false,0.011793020457280385,86_pickup
86,pickup,2024,3,45518,10.725863131103859,1,Queens,Far Rockaway,Boro Zone,false,0.011793020457280385,86_pickup
86,pickup,2024,4,40621,10.612040453245921,1,Queens,Far Rockaway,Boro Zone,false,0.011793020457280385,86_pickup
86,pickup,2024,5,41866,10.642229320654465,1,Queens,Far Rockaway,Boro Zone,false,0.011793020457280385,86_pickup
87,dropoff,2023,2,109706,11.605559339389321,0,Manhattan,Financial District North,Yellow Zone,true,1.0,87_dropoff
87,dropoff,2023,3,121304,11.706055070480776,0,Manhattan,Financial District North,Yellow Zone,true,1.0,87_dropoff
87,dropoff,2023,4,116896,11.669039929595009,0,Manhattan,Financial District North,Yellow Zone,true,1.0,87_dropoff
87,dropoff,2023,5,121386,11.706730829705469,0,Manhattan,Financial District North,Yellow Zone,true,1.0,87_dropoff
87,dropoff,2024,2,108647,11.595859373706498,1,Manhattan,Financial District North,Yellow Zone,true,1.0,87_dropoff
87,dropoff,2024,3,114959,11.652330822037271,1,Manhattan,Financial District North,Yellow Zone,true,1.0,87_dropoff
87,dropoff,2024,4,111812,11.624574168469136,1,Manhattan,Financial District North,Yellow Zone,true,1.0,87_dropoff
87,dropoff,2024,5,120965,11.703256526537889,1,Manhattan,Financial District North,Yellow Zone,true,1.0,87_dropoff
87,pickup,2023,2,115621,11.658072879621725,0,Manhattan,Financial District North,Yellow Zone,true,1.0,87_pickup
87,pickup,2023,3,129281,11.76974360887352,0,Manhattan,Financial District North,Yellow Zone,true,1.0,87_pickup
87,pickup,2023,4,121329,11.706261143027284,0,Manhattan,Financial District North,Yellow Zone,true,1.0,87_pickup
87,pickup,2023,5,130519,11.779274089016859,0,Manhattan,Financial District North,Yellow Zone,true,1.0,87_pickup
87,pickup,2024,2,115397,11.656133636184425,1,Manhattan,Financial District North,Yellow Zone,true,1.0,87_pickup
87,pickup,2024,3,123070,11.720508578166383,1,Manhattan,Financial District North,Yellow Zone,true,1.0,87_pickup
87,pickup,2024,4,119639,11.692234154300394,1,Manhattan,Financial District North,Yellow Zone,true,1.0,87_pickup
87,pickup,2024,5,131542,11.787081471240286,1,Manhattan,Financial District North,Yellow Zone,true,1.0,87_pickup
88,dropoff,2023,2,41723,10.638807814487269,0,Manhattan,Financial District South,Yellow Zone,true,1.0,88_dropoff
88,dropoff,2023,3,49347,10.806632252740268,0,Manhattan,Financial District South,Yellow Zone,true,1.0,88_dropoff
88,dropoff,2023,4,48105,10.781141400795365,0,Manhattan,Financial District South,Yellow Zone,true,1.0,88_dropoff
88,dropoff,2023,5,52680,10.871991155857218,0,Manhattan,Financial District South,Yellow Zone,true,1.0,88_dropoff
88,dropoff,2024,2,46193,10.740583550438735,1,Manhattan,Financial District South,Yellow Zone,true,1.0,88_dropoff
88,dropoff,2024,3,52603,10.870528431319944,1,Manhattan,Financial District South,Yellow Zone,true,1.0,88_dropoff
88,dropoff,2024,4,51241,10.84429527182336,1,Manhattan,Financial District South,Yellow Zone,true,1.0,88_dropoff
88,dropoff,2024,5,55957,10.932338817621135,1,Manhattan,Financial District South,Yellow Zone,true,1.0,88_dropoff
88,pickup,2023,2,44685,10.707393153815492,0,Manhattan,Financial District South,Yellow Zone,true,1.0,88_pickup
88,pickup,2023,3,53399,10.885547298181182,0,Manhattan,Financial District South,Yellow Zone,true,1.0,88_pickup
88,pickup,2023,4,50233,10.824427460224394,0,Manhattan,Financial District South,Yellow Zone,true,1.0,88_pickup
88,pickup,2023,5,55170,10.918174606266476,0,Manhattan,Financial District South,Yellow Zone,true,1.0,88_pickup
88,pickup,2024,2,47980,10.778539536393685,1,Manhattan,Financial District South,Yellow Zone,true,1.0,88_pickup
88,pickup,2024,3,54030,10.897294726838112,1,Manhattan,Financial District South,Yellow Zone,true,1.0,88_pickup
88,pickup,2024,4,51867,10.856438028772885,1,Manhattan,Financial District South,Yellow Zone,true,1.0,88_pickup
88,pickup,2024,5,56324,10.938876011037202,1,Manhattan,Financial District South,Yellow Zone,true,1.0,88_pickup
89,dropoff,2023,2,141347,11.858973138984231,0,Brooklyn,Flatbush/Ditmas Park,Boro Zone,false,0.06916323327447518,89_dropoff
89,dropoff,2023,3,163645,12.005454726453102,0,Brooklyn,Flatbush/Ditmas Park,Boro Zone,false,0.06916323327447518,89_dropoff
89,dropoff,2023,4,152029,11.9318265711041,0,Brooklyn,Flatbush/Ditmas Park,Boro Zone,false,0.06916323327447518,89_dropoff
89,dropoff,2023,5,154619,11.94871930538492,0,Brooklyn,Flatbush/Ditmas Park,Boro Zone,false,0.06916323327447518,89_dropoff
89,dropoff,2024,2,154723,11.949391700364703,1,Brooklyn,Flatbush/Ditmas Park,Boro Zone,false,0.06916323327447518,89_dropoff
89,dropoff,2024,3,181256,12.107665675617291,1,Brooklyn,Flatbush/Ditmas Park,Boro Zone,false,0.06916323327447518,89_dropoff
89,dropoff,2024,4,155407,11.953802760946232,1,Brooklyn,Flatbush/Ditmas Park,Boro Zone,false,0.06916323327447518,89_dropoff
89,dropoff,2024,5,163854,12.006731066401453,1,Brooklyn,Flatbush/Ditmas Park,Boro Zone,false,0.06916323327447518,89_dropoff
89,pickup,2023,2,137567,11.831866350137231,0,Brooklyn,Flatbush/Ditmas Park,Boro Zone,false,0.05812743626421837,89_pickup
89,pickup,2023,3,158943,11.976300926363226,0,Brooklyn,Flatbush/Ditmas Park,Boro Zone,false,0.05812743626421837,89_pickup
89,pickup,2023,4,147891,11.90423079492036,0,Brooklyn,Flatbush/Ditmas Park,Boro Zone,false,0.05812743626421837,89_pickup
89,pickup,2023,5,150516,11.921824669812676,0,Brooklyn,Flatbush/Ditmas Park,Boro Zone,false,0.05812743626421837,89_pickup
89,pickup,2024,2,148438,11.907922641626477,1,Brooklyn,Flatbush/Ditmas Park,Boro Zone,false,0.05812743626421837,89_pickup
89,pickup,2024,3,173588,12.06443995439522,1,Brooklyn,Flatbush/Ditmas Park,Boro Zone,false,0.05812743626421837,89_pickup
89,pickup,2024,4,149855,11.917423438888187,1,Brooklyn,Flatbush/Ditmas Park,Boro Zone,false,0.05812743626421837,89_pickup
89,pickup,2024,5,157852,11.969413164162443,1,Brooklyn,Flatbush/Ditmas Park,Boro Zone,false,0.05812743626421837,89_pickup
90,dropoff,2023,2,114941,11.652174232215291,0,Manhattan,Flatiron,Yellow Zone,true,1.0,90_dropoff
90,dropoff,2023,3,124160,11.729326335417046,0,Manhattan,Flatiron,Yellow Zone,true,1.0,90_dropoff
90,dropoff,2023,4,118325,11.681190354774449,0,Manhattan,Flatiron,Yellow Zone,true,1.0,90_dropoff
90,dropoff,2023,5,113461,11.639214444520547,0,Manhattan,Flatiron,Yellow Zone,true,1.0,90_dropoff
90,dropoff,2024,2,119159,11.688214014714127,1,Manhattan,Flatiron,Yellow Zone,true,1.0,90_dropoff
90,dropoff,2024,3,125760,11.742130607663034,1,Manhattan,Flatiron,Yellow Zone,true,1.0,90_dropoff
90,dropoff,2024,4,115519,11.65719029757949,1,Manhattan,Flatiron,Yellow Zone,true,1.0,90_dropoff
90,dropoff,2024,5,116497,11.665620800583365,1,Manhattan,Flatiron,Yellow Zone,true,1.0,90_dropoff
90,pickup,2023,2,131990,11.790481441123001,0,Manhattan,Flatiron,Yellow Zone,true,1.0,90_pickup
90,pickup,2023,3,143503,11.874111219886633,0,Manhattan,Flatiron,Yellow Zone,true,1.0,90_pickup
90,pickup,2023,4,137726,11.833021483160445,0,Manhattan,Flatiron,Yellow Zone,true,1.0,90_pickup
90,pickup,2023,5,135064,11.81350401915703,0,Manhattan,Flatiron,Yellow Zone,true,1.0,90_pickup
90,pickup,2024,2,136262,11.822334782041752,1,Manhattan,Flatiron,Yellow Zone,true,1.0,90_pickup
90,pickup,2024,3,144584,11.881615932515475,1,Manhattan,Flatiron,Yellow Zone,true,1.0,90_pickup
90,pickup,2024,4,133770,11.803877186289633,1,Manhattan,Flatiron,Yellow Zone,true,1.0,90_pickup
90,pickup,2024,5,139674,11.847066414824361,1,Manhattan,Flatiron,Yellow Zone,true,1.0,90_pickup
91,dropoff,2023,2,77403,11.256780818516603,0,Brooklyn,Flatlands,Boro Zone,false,0.027079043551804623,91_dropoff
91,dropoff,2023,3,89852,11.40591915128506,0,Brooklyn,Flatlands,Boro Zone,false,0.027079043551804623,91_dropoff
91,dropoff,2023,4,80688,11.298345144316507,0,Brooklyn,Flatlands,Boro Zone,false,0.027079043551804623,91_dropoff
91,dropoff,2023,5,86670,11.36986308212839,0,Brooklyn,Flatlands,Boro Zone,false,0.027079043551804623,91_dropoff
91,dropoff,2024,2,85014,11.350571227792281,1,Brooklyn,Flatlands,Boro Zone,false,0.027079043551804623,91_dropoff
91,dropoff,2024,3,96837,11.480784431637813,1,Brooklyn,Flatlands,Boro Zone,false,0.027079043551804623,91_dropoff
91,dropoff,2024,4,87464,11.37898255911432,1,Brooklyn,Flatlands,Boro Zone,false,0.027079043551804623,91_dropoff
91,dropoff,2024,5,94200,11.453175460564454,1,Brooklyn,Flatlands,Boro Zone,false,0.027079043551804623,91_dropoff
91,pickup,2023,2,82169,11.316533380959491,0,Brooklyn,Flatlands,Boro Zone,false,0.02178869531118705,91_pickup
91,pickup,2023,3,95259,11.464354776714195,0,Brooklyn,Flatlands,Boro Zone,false,0.02178869531118705,91_pickup
91,pickup,2023,4,86501,11.367911253546788,0,Brooklyn,Flatlands,Boro Zone,false,0.02178869531118705,91_pickup
91,pickup,2023,5,93091,11.441332788345242,0,Brooklyn,Flatlands,Boro Zone,false,0.02178869531118705,91_pickup
91,pickup,2024,2,91733,11.426637462645683,1,Brooklyn,Flatlands,Boro Zone,false,0.02178869531118705,91_pickup
91,pickup,2024,3,104900,11.560762794384388,1,Brooklyn,Flatlands,Boro Zone,false,0.02178869531118705,91_pickup
91,pickup,2024,4,93786,11.448770870123527,1,Brooklyn,Flatlands,Boro Zone,false,0.02178869531118705,91_pickup
91,pickup,2024,5,100821,11.521101946254364,1,Brooklyn,Flatlands,Boro Zone,false,0.02178869531118705,91_pickup
92,dropoff,2023,2,84328,11.342469235935026,0,Queens,Flushing,Boro Zone,false,0.07358144807585422,92_dropoff
92,dropoff,2023,3,94199,11.453164844796854,0,Queens,Flushing,Boro Zone,false,0.07358144807585422,92_dropoff
92,dropoff,2023,4,87974,11.384796595259596,0,Queens,Flushing,Boro Zone,false,0.07358144807585422,92_dropoff
92,dropoff,2023,5,96933,11.481775297177933,0,Queens,Flushing,Boro Zone,false,0.07358144807585422,92_dropoff
92,dropoff,2024,2,94688,11.458342555199936,1,Queens,Flushing,Boro Zone,false,0.07358144807585422,92_dropoff
92,dropoff,2024,3,103236,11.544772908409348,1,Queens,Flushing,Boro Zone,false,0.07358144807585422,92_dropoff
92,dropoff,2024,4,94398,11.455275165468478,1,Queens,Flushing,Boro Zone,false,0.07358144807585422,92_dropoff
92,dropoff,2024,5,102276,11.535430320310297,1,Queens,Flushing,Boro Zone,false,0.07358144807585422,92_dropoff
92,pickup,2023,2,84834,11.348451684819896,0,Queens,Flushing,Boro Zone,false,0.06649373534393359,92_pickup
92,pickup,2023,3,93855,11.449506317100573,0,Queens,Flushing,Boro Zone,false,0.06649373534393359,92_pickup
92,pickup,2023,4,88707,11.393094082883946,0,Queens,Flushing,Boro Zone,false,0.06649373534393359,92_pickup
92,pickup,2023,5,98067,11.493406197523854,0,Queens,Flushing,Boro Zone,false,0.06649373534393359,92_pickup
92,pickup,2024,2,96891,11.481341914308347,1,Queens,Flushing,Boro Zone,false,0.06649373534393359,92_pickup
92,pickup,2024,3,104258,11.554623875325904,1,Queens,Flushing,Boro Zone,false,0.06649373534393359,92_pickup
92,pickup,2024,4,95325,11.465047384725764,1,Queens,Flushing,Boro Zone,false,0.06649373534393359,92_pickup
92,pickup,2024,5,104664,11.558510498190712,1,Queens,Flushing,Boro Zone,false,0.06649373534393359,92_pickup
93,dropoff,2023,2,6623,8.798303718484979,0,Queens,Flushing Meadows-Corona Park,Boro Zone,false,0.0987630695360206,93_dropoff
93,dropoff,2023,3,8402,9.036225051729327,0,Queens,Flushing Meadows-Corona Park,Boro Zone,false,0.0987630695360206,93_dropoff
93,dropoff,2023,4,16728,9.72483924110847,0,Queens,Flushing Meadows-Corona Park,Boro Zone,false,0.0987630695360206,93_dropoff
93,dropoff,2023,5,25728,10.155335171978694,0,Queens,Flushing Meadows-Corona Park,Boro Zone,false,0.0987630695360206,93_dropoff
93,dropoff,2024,2,7716,8.951051374025619,1,Queens,Flushing Meadows-Corona Park,Boro Zone,false,0.0987630695360206,93_dropoff
93,dropoff,2024,3,11966,9.389824573949976,1,Queens,Flushing Meadows-Corona Park,Boro Zone,false,0.0987630695360206,93_dropoff
93,dropoff,2024,4,18800,9.84161214881804,1,Queens,Flushing Meadows-Corona Park,Boro Zone,false,0.0987630695360206,93_dropoff
93,dropoff,2024,5,29799,10.302230114883466,1,Queens,Flushing Meadows-Corona Park,Boro Zone,false,0.0987630695360206,93_dropoff
93,pickup,2023,2,4989,8.514990767861038,0,Queens,Flushing Meadows-Corona Park,Boro Zone,false,0.10623572565575472,93_pickup
93,pickup,2023,3,6190,8.730690365678642,0,Queens,Flushing Meadows-Corona Park,Boro Zone,false,0.10623572565575472,93_pickup
93,pickup,2023,4,12534,9.436200230784621,0,Queens,Flushing Meadows-Corona Park,Boro Zone,false,0.10623572565575472,93_pickup
93,pickup,2023,5,19634,9.885018036252466,0,Queens,Flushing Meadows-Corona Park,Boro Zone,false,0.10623572565575472,93_pickup
93,pickup,2024,2,5331,8.581294116822761,1,Queens,Flushing Meadows-Corona Park,Boro Zone,false,0.10623572565575472,93_pickup
93,pickup,2024,3,7752,8.955706153570603,1,Queens,Flushing Meadows-Corona Park,Boro Zone,false,0.10623572565575472,93_pickup
93,pickup,2024,4,13167,9.485468978356344,1,Queens,Flushing Meadows-Corona Park,Boro Zone,false,0.10623572565575472,93_pickup
93,pickup,2024,5,21144,9.959111456284125,1,Queens,Flushing Meadows-Corona Park,Boro Zone,false,0.10623572565575472,93_pickup
94,dropoff,2023,2,34460,10.44755451008192,0,Bronx,Fordham South,Boro Zone,false,0.03148544636565667,94_dropoff
94,dropoff,2023,3,40581,10.611055255757304,0,Bronx,Fordham South,Boro Zone,false,0.03148544636565667,94_dropoff
94,dropoff,2023,4,35846,10.486987263791542,0,Bronx,Fordham South,Boro Zone,false,0.03148544636565667,94_dropoff
94,dropoff,2023,5,36705,10.510668264544881,0,Bronx,Fordham South,Boro Zone,false,0.03148544636565667,94_dropoff
94,dropoff,2024,2,38681,10.563103802387129,1,Bronx,Fordham South,Boro Zone,false,0.03148544636565667,94_dropoff
94,dropoff,2024,3,43240,10.674521271753145,1,Bronx,Fordham South,Boro Zone,false,0.03148544636565667,94_dropoff
94,dropoff,2024,4,38342,10.554301180079994,1,Bronx,Fordham South,Boro Zone,false,0.03148544636565667,94_dropoff
94,dropoff,2024,5,38328,10.553935978562958,1,Bronx,Fordham South,Boro Zone,false,0.03148544636565667,94_dropoff
94,pickup,2023,2,37200,10.524064040261237,0,Bronx,Fordham South,Boro Zone,false,0.02887957086733152,94_pickup
94,pickup,2023,3,43969,10.691240119137067,0,Bronx,Fordham South,Boro Zone,false,0.02887957086733152,94_pickup
94,pickup,2023,4,38769,10.5653762371933,0,Bronx,Fordham South,Boro Zone,false,0.02887957086733152,94_pickup
94,pickup,2023,5,38894,10.568595276064828,0,Bronx,Fordham South,Boro Zone,false,0.02887957086733152,94_pickup
94,pickup,2024,2,41562,10.63494156725066,1,Bronx,Fordham South,Boro Zone,false,0.02887957086733152,94_pickup
94,pickup,2024,3,46928,10.756369791217232,1,Bronx,Fordham South,Boro Zone,false,0.02887957086733152,94_pickup
94,pickup,2024,4,41785,10.640292702435536,1,Bronx,Fordham South,Boro Zone,false,0.02887957086733152,94_pickup
94,pickup,2024,5,41644,10.636912579594643,1,Bronx,Fordham South,Boro Zone,false,0.02887957086733152,94_pickup
95,dropoff,2023,2,111494,11.621726056775218,0,Queens,Forest Hills,Boro Zone,false,0.07836522123640174,95_dropoff
95,dropoff,2023,3,129808,11.773811714634846,0,Queens,Forest Hills,Boro Zone,false,0.07836522123640174,95_dropoff
95,dropoff,2023,4,116886,11.668954379809259,0,Queens,Forest Hills,Boro Zone,false,0.07836522123640174,95_dropoff
95,dropoff,2023,5,130294,11.777548714470212,0,Queens,Forest Hills,Boro Zone,false,0.07836522123640174,95_dropoff
95,dropoff,2024,2,127734,11.757705255603794,1,Queens,Forest Hills,Boro Zone,false,0.07836522123640174,95_dropoff
95,dropoff,2024,3,140464,11.85270650716599,1,Queens,Forest Hills,Boro Zone,false,0.07836522123640174,95_dropoff
95,dropoff,2024,4,129332,11.77013802060581,1,Queens,Forest Hills,Boro Zone,false,0.07836522123640174,95_dropoff
95,dropoff,2024,5,141764,11.861918982145113,1,Queens,Forest Hills,Boro Zone,false,0.07836522123640174,95_dropoff
95,pickup,2023,2,107702,11.587123433074193,0,Queens,Forest Hills,Boro Zone,false,0.05484491603229873,95_pickup
95,pickup,2023,3,123253,11.721994432379496,0,Queens,Forest Hills,Boro Zone,false,0.05484491603229873,95_pickup
95,pickup,2023,4,112414,11.629943763845521,0,Queens,Forest Hills,Boro Zone,false,0.05484491603229873,95_pickup
95,pickup,2023,5,123894,11.727181640294528,0,Queens,Forest Hills,Boro Zone,false,0.05484491603229873,95_pickup
95,pickup,2024,2,123828,11.726648784903714,1,Queens,Forest Hills,Boro Zone,false,0.05484491603229873,95_pickup
95,pickup,2024,3,135024,11.813207819397748,1,Queens,Forest Hills,Boro Zone,false,0.05484491603229873,95_pickup
95,pickup,2024,4,124470,11.731820001995024,1,Queens,Forest Hills,Boro Zone,false,0.05484491603229873,95_pickup
95,pickup,2024,5,136851,11.826648021712861,1,Queens,Forest Hills,Boro Zone,false,0.05484491603229873,95_pickup
96,dropoff,2023,2,2164,7.679713639966372,0,Queens,Forest Park/Highland Park,Boro Zone,false,0.07219061166429587,96_dropoff
96,dropoff,2023,3,2462,7.808729306744399,0,Queens,Forest Park/Highland Park,Boro Zone,false,0.07219061166429587,96_dropoff
96,dropoff,2023,4,2959,7.99260665240021,0,Queens,Forest Park/Highland Park,Boro Zone,false,0.07219061166429587,96_dropoff
96,dropoff,2023,5,3663,8.206037762778815,0,Queens,Forest Park/Highland Park,Boro Zone,false,0.07219061166429587,96_dropoff
96,dropoff,2024,2,2460,7.807916628926408,1,Queens,Forest Park/Highland Park,Boro Zone,false,0.07219061166429587,96_dropoff
96,dropoff,2024,3,3120,8.045588280803528,1,Queens,Forest Park/Highland Park,Boro Zone,false,0.07219061166429587,96_dropoff
96,dropoff,2024,4,3335,8.112227958349724,1,Queens,Forest Park/Highland Park,Boro Zone,false,0.07219061166429587,96_dropoff
96,dropoff,2024,5,3848,8.255308811785596,1,Queens,Forest Park/Highland Park,Boro Zone,false,0.07219061166429587,96_dropoff
96,pickup,2023,2,1786,7.487733761436444,0,Queens,Forest Park/Highland Park,Boro Zone,false,0.06561595368285622,96_pickup
96,pickup,2023,3,2170,7.682482446534506,0,Queens,Forest Park/Highland Park,Boro Zone,false,0.06561595368285622,96_pickup
96,pickup,2023,4,2379,7.774435510302958,0,Queens,Forest Park/Highland Park,Boro Zone,false,0.06561595368285622,96_pickup
96,pickup,2023,5,2992,8.003697339094368,0,Queens,Forest Park/Highland Park,Boro Zone,false,0.06561595368285622,96_pickup
96,pickup,2024,2,2134,7.665753431861699,1,Queens,Forest Park/Highland Park,Boro Zone,false,0.06561595368285622,96_pickup
96,pickup,2024,3,2647,7.881182202227102,1,Queens,Forest Park/Highland Park,Boro Zone,false,0.06561595368285622,96_pickup
96,pickup,2024,4,2904,7.973844375944687,1,Queens,Forest Park/Highland Park,Boro Zone,false,0.06561595368285622,96_pickup
96,pickup,2024,5,3340,8.113726085970747,1,Queens,Forest Park/Highland Park,Boro Zone,false,0.06561595368285622,96_pickup
97,dropoff,2023,2,108609,11.595509555976378,0,Brooklyn,Fort Greene,Boro Zone,false,0.16977717428551847,97_dropoff
97,dropoff,2023,3,124111,11.72893160545957,0,Brooklyn,Fort Greene,Boro Zone,false,0.16977717428551847,97_dropoff
97,dropoff,2023,4,117324,11.672694617293672,0,Brooklyn,Fort Greene,Boro Zone,false,0.16977717428551847,97_dropoff
97,dropoff,2023,5,116868,11.6688003717492,0,Brooklyn,Fort Greene,Boro Zone,false,0.16977717428551847,97_dropoff
97,dropoff,2024,2,118719,11.684514635185138,1,Brooklyn,Fort Greene,Boro Zone,false,0.16977717428551847,97_dropoff
97,dropoff,2024,3,135499,11.816719539200859,1,Brooklyn,Fort Greene,Boro Zone,false,0.16977717428551847,97_dropoff
97,dropoff,2024,4,123842,11.726761838563947,1,Brooklyn,Fort Greene,Boro Zone,false,0.16977717428551847,97_dropoff
97,dropoff,2024,5,128328,11.762344765296676,1,Brooklyn,Fort Greene,Boro Zone,false,0.16977717428551847,97_dropoff
97,pickup,2023,2,113205,11.636955613387078,0,Brooklyn,Fort Greene,Boro Zone,false,0.15819690347433144,97_pickup
97,pickup,2023,3,129883,11.774389324194555,0,Brooklyn,Fort Greene,Boro Zone,false,0.15819690347433144,97_pickup
97,pickup,2023,4,120690,11.700980553611943,0,Brooklyn,Fort Greene,Boro Zone,false,0.15819690347433144,97_pickup
97,pickup,2023,5,122186,11.713299752871634,0,Brooklyn,Fort Greene,Boro Zone,false,0.15819690347433144,97_pickup
97,pickup,2024,2,125265,11.738186772255439,1,Brooklyn,Fort Greene,Boro Zone,false,0.15819690347433144,97_pickup
97,pickup,2024,3,139930,11.848897576549758,1,Brooklyn,Fort Greene,Boro Zone,false,0.15819690347433144,97_pickup
97,pickup,2024,4,129446,11.771019084740894,1,Brooklyn,Fort Greene,Boro Zone,false,0.15819690347433144,97_pickup
97,pickup,2024,5,133499,11.801849266157681,1,Brooklyn,Fort Greene,Boro Zone,false,0.15819690347433144,97_pickup
98,dropoff,2023,2,13887,9.53870842969938,0,Queens,Fresh Meadows,Boro Zone,false,0.04290962062195199,98_dropoff
98,dropoff,2023,3,16941,9.737491998340946,0,Queens,Fresh Meadows,Boro Zone,false,0.04290962062195199,98_dropoff
98,dropoff,2023,4,14936,9.611529685221559,0,Queens,Fresh Meadows,Boro Zone,false,0.04290962062195199,98_dropoff
98,dropoff,2023,5,17392,9.763765609360991,0,Queens,Fresh Meadows,Boro Zone,false,0.04290962062195199,98_dropoff
98,dropoff,2024,2,16010,9.68096880599076,1,Queens,Fresh Meadows,Boro Zone,false,0.04290962062195199,98_dropoff
98,dropoff,2024,3,18115,9.804495603329178,1,Queens,Fresh Meadows,Boro Zone,false,0.04290962062195199,98_dropoff
98,dropoff,2024,4,17112,9.747535250762242,1,Queens,Fresh Meadows,Boro Zone,false,0.04290962062195199,98_dropoff
98,dropoff,2024,5,18731,9.837935184295892,1,Queens,Fresh Meadows,Boro Zone,false,0.04290962062195199,98_dropoff
98,pickup,2023,2,14822,9.603867842511304,0,Queens,Fresh Meadows,Boro Zone,false,0.03178910347754904,98_pickup
98,pickup,2023,3,17621,9.77684665156873,0,Queens,Fresh Meadows,Boro Zone,false,0.03178910347754904,98_pickup
98,pickup,2023,4,15654,9.658481754364784,0,Queens,Fresh Meadows,Boro Zone,false,0.03178910347754904,98_pickup
98,pickup,2023,5,17869,9.790822646878661,0,Queens,Fresh Meadows,Boro Zone,false,0.03178910347754904,98_pickup
98,pickup,2024,2,16203,9.692951689261001,1,Queens,Fresh Meadows,Boro Zone,false,0.03178910347754904,98_pickup
98,pickup,2024,3,18319,9.81569405158546,1,Queens,Fresh Meadows,Boro Zone,false,0.03178910347754904,98_pickup
98,pickup,2024,4,16909,9.735601303538429,1,Queens,Fresh Meadows,Boro Zone,false,0.03178910347754904,98_pickup
98,pickup,2024,5,18271,9.813070382411665,1,Queens,Fresh Meadows,Boro Zone,false,0.03178910347754904,98_pickup
99,dropoff,2023,2,400,5.991464547107982,0,Staten Island,Freshkills Park,Boro Zone,false,0.021010789324247586,99_dropoff
99,dropoff,2023,3,482,6.1779441140506,0,Staten Island,Freshkills Park,Boro Zone,false,0.021010789324247586,99_dropoff
99,dropoff,2023,4,411,6.018593214496234,0,Staten Island,Freshkills Park,Boro Zone,false,0.021010789324247586,99_dropoff
99,dropoff,2023,5,468,6.148468295917647,0,Staten Island,Freshkills Park,Boro Zone,false,0.021010789324247586,99_dropoff
99,dropoff,2024,2,527,6.267200548541362,1,Staten Island,Freshkills Park,Boro Zone,false,0.021010789324247586,99_dropoff
99,dropoff,2024,3,576,6.3561076606958915,1,Staten Island,Freshkills Park,Boro Zone,false,0.021010789324247586,99_dropoff
99,dropoff,2024,4,491,6.19644412779452,1,Staten Island,Freshkills Park,Boro Zone,false,0.021010789324247586,99_dropoff
99,dropoff,2024,5,491,6.19644412779452,1,Staten Island,Freshkills Park,Boro Zone,false,0.021010789324247586,99_dropoff
99,pickup,2023,2,339,5.82600010738045,0,Staten Island,Freshkills Park,Boro Zone,false,0.0066269052352551355,99_pickup
99,pickup,2023,3,404,6.0014148779611505,0,Staten Island,Freshkills Park,Boro Zone,false,0.0066269052352551355,99_pickup
99,pickup,2023,4,377,5.932245187448011,0,Staten Island,Freshkills Park,Boro Zone,false,0.0066269052352551355,99_pickup
99,pickup,2023,5,389,5.963579343618446,0,Staten Island,Freshkills Park,Boro Zone,false,0.0066269052352551355,99_pickup
99,pickup,2024,2,418,6.035481432524756,1,Staten Island,Freshkills Park,Boro Zone,false,0.0066269052352551355,99_pickup
99,pickup,2024,3,448,6.104793232414985,1,Staten Island,Freshkills Park,Boro Zone,false,0.0066269052352551355,99_pickup
99,pickup,2024,4,427,6.056784013228625,1,Staten Island,Freshkills Park,Boro Zone,false,0.0066269052352551355,99_pickup
99,pickup,2024,5,436,6.077642243349034,1,Staten Island,Freshkills Park,Boro Zone,false,0.0066269052352551355,99_pickup
100,dropoff,2023,2,103170,11.544133392094421,0,Manhattan,Garment District,Yellow Zone,true,1.0,100_dropoff
100,dropoff,2023,3,110656,11.614181569042962,0,Manhattan,Garment District,Yellow Zone,true,1.0,100_dropoff
100,dropoff,2023,4,105816,11.569457015705883,0,Manhattan,Garment District,Yellow Zone,true,1.0,100_dropoff
100,dropoff,2023,5,104202,11.55408660197517,0,Manhattan,Garment District,Yellow Zone,true,1.0,100_dropoff
100,dropoff,2024,2,91012,11.418746644937018,1,Manhattan,Garment District,Yellow Zone,true,1.0,100_dropoff
100,dropoff,2024,3,97868,11.491374910939784,1,Manhattan,Garment District,Yellow Zone,true,1.0,100_dropoff
100,dropoff,2024,4,89141,11.3979746647459,1,Manhattan,Garment District,Yellow Zone,true,1.0,100_dropoff
100,dropoff,2024,5,95014,11.46177952814607,1,Manhattan,Garment District,Yellow Zone,true,1.0,100_dropoff
100,pickup,2023,2,110813,11.615599374932724,0,Manhattan,Garment District,Yellow Zone,true,1.0,100_pickup
100,pickup,2023,3,123948,11.727617401794634,0,Manhattan,Garment District,Yellow Zone,true,1.0,100_pickup
100,pickup,2023,4,114628,11.649447381517259,0,Manhattan,Garment District,Yellow Zone,true,1.0,100_pickup
100,pickup,2023,5,121570,11.70824550754984,0,Manhattan,Garment District,Yellow Zone,true,1.0,100_pickup
100,pickup,2024,2,110134,11.609453085211294,1,Manhattan,Garment District,Yellow Zone,true,1.0,100_pickup
100,pickup,2024,3,119209,11.688633534118857,1,Manhattan,Garment District,Yellow Zone,true,1.0,100_pickup
100,pickup,2024,4,108169,11.591450097874198,1,Manhattan,Garment District,Yellow Zone,true,1.0,100_pickup
100,pickup,2024,5,118343,11.681342466593831,1,Manhattan,Garment District,Yellow Zone,true,1.0,100_pickup
101,dropoff,2023,2,10321,9.241935933565934,0,Queens,Glen Oaks,Boro Zone,false,0.04394704215373716,101_dropoff
101,dropoff,2023,3,12210,9.41001056710475,0,Queens,Glen Oaks,Boro Zone,false,0.04394704215373716,101_dropoff
101,dropoff,2023,4,10904,9.296884973376368,0,Queens,Glen Oaks,Boro Zone,false,0.04394704215373716,101_dropoff
101,dropoff,2023,5,11733,9.370160663423624,0,Queens,Glen Oaks,Boro Zone,false,0.04394704215373716,101_dropoff
101,dropoff,2024,2,12001,9.392745258631441,1,Queens,Glen Oaks,Boro Zone,false,0.04394704215373716,101_dropoff
101,dropoff,2024,3,12826,9.459229639708807,1,Queens,Glen Oaks,Boro Zone,false,0.04394704215373716,101_dropoff
101,dropoff,2024,4,11987,9.3915780082071,1,Queens,Glen Oaks,Boro Zone,false,0.04394704215373716,101_dropoff
101,dropoff,2024,5,12541,9.43675855582405,1,Queens,Glen Oaks,Boro Zone,false,0.04394704215373716,101_dropoff
101,pickup,2023,2,13869,9.537411412656335,0,Queens,Glen Oaks,Boro Zone,false,0.022953216374269007,101_pickup
101,pickup,2023,3,16366,9.702961291087327,0,Queens,Glen Oaks,Boro Zone,false,0.022953216374269007,101_pickup
101,pickup,2023,4,14943,9.611998241741393,0,Queens,Glen Oaks,Boro Zone,false,0.022953216374269007,101_pickup
101,pickup,2023,5,16382,9.703938450075547,0,Queens,Glen Oaks,Boro Zone,false,0.022953216374269007,101_pickup
101,pickup,2024,2,16086,9.685704607464015,1,Queens,Glen Oaks,Boro Zone,false,0.022953216374269007,101_pickup
101,pickup,2024,3,17236,9.75475549873573,1,Queens,Glen Oaks,Boro Zone,false,0.022953216374269007,101_pickup
101,pickup,2024,4,16638,9.719444514843833,1,Queens,Glen Oaks,Boro Zone,false,0.022953216374269007,101_pickup
101,pickup,2024,5,17247,9.7553934942914,1,Queens,Glen Oaks,Boro Zone,false,0.022953216374269007,101_pickup
102,dropoff,2023,2,38664,10.56266421352492,0,Queens,Glendale,Boro Zone,false,0.04603074231885257,102_dropoff
102,dropoff,2023,3,44445,10.702007748675776,0,Queens,Glendale,Boro Zone,false,0.04603074231885257,102_dropoff
102,dropoff,2023,4,42648,10.660735658502597,0,Queens,Glendale,Boro Zone,false,0.04603074231885257,102_dropoff
102,dropoff,2023,5,43456,10.679504210918369,0,Queens,Glendale,Boro Zone,false,0.04603074231885257,102_dropoff
102,dropoff,2024,2,42840,10.665227524561685,1,Queens,Glendale,Boro Zone,false,0.04603074231885257,102_dropoff
102,dropoff,2024,3,48353,10.786283546526374,1,Queens,Glendale,Boro Zone,false,0.04603074231885257,102_dropoff
102,dropoff,2024,4,44164,10.695665256559028,1,Queens,Glendale,Boro Zone,false,0.04603074231885257,102_dropoff
102,dropoff,2024,5,46832,10.754322008931666,1,Queens,Glendale,Boro Zone,false,0.04603074231885257,102_dropoff
102,pickup,2023,2,39446,10.582687926963448,0,Queens,Glendale,Boro Zone,false,0.03523606141059679,102_pickup
102,pickup,2023,3,45491,10.725269783175804,0,Queens,Glendale,Boro Zone,false,0.03523606141059679,102_pickup
102,pickup,2023,4,43379,10.677730732017421,0,Queens,Glendale,Boro Zone,false,0.03523606141059679,102_pickup
102,pickup,2023,5,44944,10.713172549344025,0,Queens,Glendale,Boro Zone,false,0.03523606141059679,102_pickup
102,pickup,2024,2,43470,10.679826323982837,1,Queens,Glendale,Boro Zone,false,0.03523606141059679,102_pickup
102,pickup,2024,3,49521,10.810152101015651,1,Queens,Glendale,Boro Zone,false,0.03523606141059679,102_pickup
102,pickup,2024,4,44920,10.71263840885238,1,Queens,Glendale,Boro Zone,false,0.03523606141059679,102_pickup
102,pickup,2024,5,48217,10.783466934951127,1,Queens,Glendale,Boro Zone,false,0.03523606141059679,102_pickup
104,dropoff,2024,3,1,0.0,1,Manhattan,Governor's Island/Ellis Island/Liberty Island,Yellow Zone,false,,104_dropoff
105,dropoff,2023,2,8,2.0794415416798357,0,Manhattan,Governor's Island/Ellis Island/Liberty Island,Yellow Zone,false,0.6,105_dropoff
105,dropoff,2023,3,7,1.9459101490553132,0,Manhattan,Governor's Island/Ellis Island/Liberty Island,Yellow Zone,false,0.6,105_dropoff
105,dropoff,2023,4,8,2.0794415416798357,0,Manhattan,Governor's Island/Ellis Island/Liberty Island,Yellow Zone,false,0.6,105_dropoff
105,dropoff,2023,5,7,1.9459101490553132,0,Manhattan,Governor's Island/Ellis Island/Liberty Island,Yellow Zone,false,0.6,105_dropoff
105,dropoff,2024,2,7,1.9459101490553132,1,Manhattan,Governor's Island/Ellis Island/Liberty Island,Yellow Zone,false,0.6,105_dropoff
105,dropoff,2024,3,10,2.302585092994046,1,Manhattan,Governor's Island/Ellis Island/Liberty Island,Yellow Zone,false,0.6,105_dropoff
105,dropoff,2024,4,9,2.1972245773362196,1,Manhattan,Governor's Island/Ellis Island/Liberty Island,Yellow Zone,false,0.6,105_dropoff
105,dropoff,2024,5,6,1.791759469228055,1,Manhattan,Governor's Island/Ellis Island/Liberty Island,Yellow Zone,false,0.6,105_dropoff
105,pickup,2023,2,5,1.6094379124341003,0,Manhattan,Governor's Island/Ellis Island/Liberty Island,Yellow Zone,false,0.5789473684210527,105_pickup
105,pickup,2023,3,4,1.3862943611198906,0,Manhattan,Governor's Island/Ellis Island/Liberty Island,Yellow Zone,false,0.5789473684210527,105_pickup
105,pickup,2023,4,3,1.0986122886681098,0,Manhattan,Governor's Island/Ellis Island/Liberty Island,Yellow Zone,false,0.5789473684210527,105_pickup
105,pickup,2023,5,7,1.9459101490553132,0,Manhattan,Governor's Island/Ellis Island/Liberty Island,Yellow Zone,false,0.5789473684210527,105_pickup
105,pickup,2024,2,3,1.0986122886681098,1,Manhattan,Governor's Island/Ellis Island/Liberty Island,Yellow Zone,false,0.5789473684210527,105_pickup
105,pickup,2024,3,2,0.6931471805599453,1,Manhattan,Governor's Island/Ellis Island/Liberty Island,Yellow Zone,false,0.5789473684210527,105_pickup
105,pickup,2024,4,1,0.0,1,Manhattan,Governor's Island/Ellis Island/Liberty Island,Yellow Zone,false,0.5789473684210527,105_pickup
105,pickup,2024,5,1,0.0,1,Manhattan,Governor's Island/Ellis Island/Liberty Island,Yellow Zone,false,0.5789473684210527,105_pickup
106,dropoff,2023,2,33648,10.42370889794248,0,Brooklyn,Gowanus,Boro Zone,false,0.1258867714563917,106_dropoff
106,dropoff,2023,3,37982,10.544867642274191,0,Brooklyn,Gowanus,Boro Zone,false,0.1258867714563917,106_dropoff
106,dropoff,2023,4,35789,10.485395862604143,0,Brooklyn,Gowanus,Boro Zone,false,0.1258867714563917,106_dropoff
106,dropoff,2023,5,36361,10.501252050663496,0,Brooklyn,Gowanus,Boro Zone,false,0.1258867714563917,106_dropoff
106,dropoff,2024,2,35994,10.491107536881149,1,Brooklyn,Gowanus,Boro Zone,false,0.1258867714563917,106_dropoff
106,dropoff,2024,3,40055,10.598008788649217,1,Brooklyn,Gowanus,Boro Zone,false,0.1258867714563917,106_dropoff
106,dropoff,2024,4,36745,10.511757440962972,1,Brooklyn,Gowanus,Boro Zone,false,0.1258867714563917,106_dropoff
106,dropoff,2024,5,38361,10.554796597479278,1,Brooklyn,Gowanus,Boro Zone,false,0.1258867714563917,106_dropoff
106,pickup,2023,2,37339,10.527793635805121,0,Brooklyn,Gowanus,Boro Zone,false,0.1110726861167002,106_pickup
106,pickup,2023,3,42207,10.650341363045323,0,Brooklyn,Gowanus,Boro Zone,false,0.1110726861167002,106_pickup
106,pickup,2023,4,38902,10.568800942166638,0,Brooklyn,Gowanus,Boro Zone,false,0.1110726861167002,106_pickup
106,pickup,2023,5,40592,10.611326281839062,0,Brooklyn,Gowanus,Boro Zone,false,0.1110726861167002,106_pickup
106,pickup,2024,2,38729,10.564343952397511,1,Brooklyn,Gowanus,Boro Zone,false,0.1110726861167002,106_pickup
106,pickup,2024,3,44231,10.697181179695644,1,Brooklyn,Gowanus,Boro Zone,false,0.1110726861167002,106_pickup
106,pickup,2024,4,40903,10.618958688974192,1,Brooklyn,Gowanus,Boro Zone,false,0.1110726861167002,106_pickup
106,pickup,2024,5,41583,10.635446708881462,1,Brooklyn,Gowanus,Boro Zone,false,0.1110726861167002,106_pickup
107,dropoff,2023,2,146093,11.89199868420218,0,Manhattan,Gramercy,Yellow Zone,true,1.0,107_dropoff
107,dropoff,2023,3,158465,11.97328902772583,0,Manhattan,Gramercy,Yellow Zone,true,1.0,107_dropoff
107,dropoff,2023,4,149885,11.917623612372541,0,Manhattan,Gramercy,Yellow Zone,true,1.0,107_dropoff
107,dropoff,2023,5,140201,11.850832386224807,0,Manhattan,Gramercy,Yellow Zone,true,1.0,107_dropoff
107,dropoff,2024,2,143182,11.871871827283963,1,Manhattan,Gramercy,Yellow Zone,true,1.0,107_dropoff
107,dropoff,2024,3,151536,11.928578499465882,1,Manhattan,Gramercy,Yellow Zone,true,1.0,107_dropoff
107,dropoff,2024,4,140033,11.849633388100909,1,Manhattan,Gramercy,Yellow Zone,true,1.0,107_dropoff
107,dropoff,2024,5,139301,11.844392338493027,1,Manhattan,Gramercy,Yellow Zone,true,1.0,107_dropoff
107,pickup,2023,2,160817,11.988022351531924,0,Manhattan,Gramercy,Yellow Zone,true,1.0,107_pickup
107,pickup,2023,3,177195,12.08500610005073,0,Manhattan,Gramercy,Yellow Zone,true,1.0,107_pickup
107,pickup,2023,4,169000,12.037653993905211,0,Manhattan,Gramercy,Yellow Zone,true,1.0,107_pickup
107,pickup,2023,5,161112,11.989855054286696,0,Manhattan,Gramercy,Yellow Zone,true,1.0,107_pickup
107,pickup,2024,2,161510,11.992322339232558,1,Manhattan,Gramercy,Yellow Zone,true,1.0,107_pickup
107,pickup,2024,3,171086,12.049921633037528,1,Manhattan,Gramercy,Yellow Zone,true,1.0,107_pickup
107,pickup,2024,4,159168,11.977715527163076,1,Manhattan,Gramercy,Yellow Zone,true,1.0,107_pickup
107,pickup,2024,5,162488,11.998359431871322,1,Manhattan,Gramercy,Yellow Zone,true,1.0,107_pickup
108,dropoff,2023,2,23349,10.058309435627498,0,Brooklyn,Gravesend,Boro Zone,false,0.03381531711208616,108_dropoff
108,dropoff,2023,3,27328,10.215667096588296,0,Brooklyn,Gravesend,Boro Zone,false,0.03381531711208616,108_dropoff
108,dropoff,2023,4,23397,10.060363087998608,0,Brooklyn,Gravesend,Boro Zone,false,0.03381531711208616,108_dropoff
108,dropoff,2023,5,26206,10.17374367116453,0,Brooklyn,Gravesend,Boro Zone,false,0.03381531711208616,108_dropoff
108,dropoff,2024,2,26358,10.179527113203834,1,Brooklyn,Gravesend,Boro Zone,false,0.03381531711208616,108_dropoff
108,dropoff,2024,3,29744,10.300382709961225,1,Brooklyn,Gravesend,Boro Zone,false,0.03381531711208616,108_dropoff
108,dropoff,2024,4,26404,10.181270792808661,1,Brooklyn,Gravesend,Boro Zone,false,0.03381531711208616,108_dropoff
108,dropoff,2024,5,28261,10.249238041316636,1,Brooklyn,Gravesend,Boro Zone,false,0.03381531711208616,108_dropoff
108,pickup,2023,2,23693,10.072934924846477,0,Brooklyn,Gravesend,Boro Zone,false,0.029707446024430272,108_pickup
108,pickup,2023,3,27787,10.23232356440836,0,Brooklyn,Gravesend,Boro Zone,false,0.029707446024430272,108_pickup
108,pickup,2023,4,23989,10.085350670929921,0,Brooklyn,Gravesend,Boro Zone,false,0.029707446024430272,108_pickup
108,pickup,2023,5,26290,10.176943917723927,0,Brooklyn,Gravesend,Boro Zone,false,0.029707446024430272,108_pickup
108,pickup,2024,2,26049,10.167734658728754,1,Brooklyn,Gravesend,Boro Zone,false,0.029707446024430272,108_pickup
108,pickup,2024,3,29752,10.300651635604906,1,Brooklyn,Gravesend,Boro Zone,false,0.029707446024430272,108_pickup
108,pickup,2024,4,26711,10.192830744564542,1,Brooklyn,Gravesend,Boro Zone,false,0.029707446024430272,108_pickup
108,pickup,2024,5,28220,10.247786225406806,1,Brooklyn,Gravesend,Boro Zone,false,0.029707446024430272,108_pickup
109,dropoff,2023,2,9903,9.200593020521303,0,Staten Island,Great Kills,Boro Zone,false,0.03844653063098216,109_dropoff
109,dropoff,2023,3,11286,9.331318298529085,0,Staten Island,Great Kills,Boro Zone,false,0.03844653063098216,109_dropoff
109,dropoff,2023,4,10594,9.268043082104471,0,Staten Island,Great Kills,Boro Zone,false,0.03844653063098216,109_dropoff
109,dropoff,2023,5,11784,9.374497958142467,0,Staten Island,Great Kills,Boro Zone,false,0.03844653063098216,109_dropoff
109,dropoff,2024,2,11068,9.311813340906816,1,Staten Island,Great Kills,Boro Zone,false,0.03844653063098216,109_dropoff
109,dropoff,2024,3,12912,9.46591239050973,1,Staten Island,Great Kills,Boro Zone,false,0.03844653063098216,109_dropoff
109,dropoff,2024,4,11470,9.347490210123416,1,Staten Island,Great Kills,Boro Zone,false,0.03844653063098216,109_dropoff
109,dropoff,2024,5,12620,9.443038136095204,1,Staten Island,Great Kills,Boro Zone,false,0.03844653063098216,109_dropoff
109,pickup,2023,2,10624,9.270870871716214,0,Staten Island,Great Kills,Boro Zone,false,0.018567979316681266,109_pickup
109,pickup,2023,3,12132,9.403601868808472,0,Staten Island,Great Kills,Boro Zone,false,0.018567979316681266,109_pickup
109,pickup,2023,4,11424,9.343471684579365,0,Staten Island,Great Kills,Boro Zone,false,0.018567979316681266,109_pickup
109,pickup,2023,5,12621,9.44311737225863,0,Staten Island,Great Kills,Boro Zone,false,0.018567979316681266,109_pickup
109,pickup,2024,2,11950,9.388486557359657,1,Staten Island,Great Kills,Boro Zone,false,0.018567979316681266,109_pickup
109,pickup,2024,3,13980,9.5453830157878,1,Staten Island,Great Kills,Boro Zone,false,0.018567979316681266,109_pickup
109,pickup,2024,4,12506,9.433963808127244,1,Staten Island,Great Kills,Boro Zone,false,0.018567979316681266,109_pickup
109,pickup,2024,5,13605,9.518192651217346,1,Staten Island,Great Kills,Boro Zone,false,0.018567979316681266,109_pickup
110,dropoff,2023,2,41,3.713572066704308,0,Staten Island,Great Kills Park,Boro Zone,false,0.00684931506849315,110_dropoff
110,dropoff,2023,3,61,4.110873864173311,0,Staten Island,Great Kills Park,Boro Zone,false,0.00684931506849315,110_dropoff
110,dropoff,2023,4,87,4.465908118654584,0,Staten Island,Great Kills Park,Boro Zone,false,0.00684931506849315,110_dropoff
110,dropoff,2023,5,103,4.634728988229636,0,Staten Island,Great Kills Park,Boro Zone,false,0.00684931506849315,110_dropoff
110,dropoff,2024,2,53,3.970291913552122,1,Staten Island,Great Kills Park,Boro Zone,false,0.00684931506849315,110_dropoff
110,dropoff,2024,3,60,4.0943445622221,1,Staten Island,Great Kills Park,Boro Zone,false,0.00684931506849315,110_dropoff
110,dropoff,2024,4,63,4.143134726391533,1,Staten Island,Great Kills Park,Boro Zone,false,0.00684931506849315,110_dropoff
110,dropoff,2024,5,86,4.454347296253507,1,Staten Island,Great Kills Park,Boro Zone,false,0.00684931506849315,110_dropoff
110,pickup,2023,2,24,3.1780538303479458,0,Staten Island,Great Kills Park,Boro Zone,false,0.050505050505050504,110_pickup
110,pickup,2023,3,17,2.833213344056216,0,Staten Island,Great Kills Park,Boro Zone,false,0.050505050505050504,110_pickup
110,pickup,2023,4,33,3.4965075614664802,0,Staten Island,Great Kills Park,Boro Zone,false,0.050505050505050504,110_pickup
110,pickup,2023,5,25,3.2188758248682006,0,Staten Island,Great Kills Park,Boro Zone,false,0.050505050505050504,110_pickup
110,pickup,2024,2,25,3.2188758248682006,1,Staten Island,Great Kills Park,Boro Zone,false,0.050505050505050504,110_pickup
110,pickup,2024,3,26,3.258096538021482,1,Staten Island,Great Kills Park,Boro Zone,false,0.050505050505050504,110_pickup
110,pickup,2024,4,37,3.6109179126442243,1,Staten Island,Great Kills Park,Boro Zone,false,0.050505050505050504,110_pickup
110,pickup,2024,5,47,3.8501476017100584,1,Staten Island,Great Kills Park,Boro Zone,false,0.050505050505050504,110_pickup
111,dropoff,2023,2,570,6.345636360828596,0,Brooklyn,Green-Wood Cemetery,Boro Zone,false,0.10088183421516755,111_dropoff
111,dropoff,2023,3,641,6.46302945692067,0,Brooklyn,Green-Wood Cemetery,Boro Zone,false,0.10088183421516755,111_dropoff
111,dropoff,2023,4,727,6.588926477533519,0,Brooklyn,Green-Wood Cemetery,Boro Zone,false,0.10088183421516755,111_dropoff
111,dropoff,2023,5,897,6.799055862058796,0,Brooklyn,Green-Wood Cemetery,Boro Zone,false,0.10088183421516755,111_dropoff
111,dropoff,2024,2,754,6.625392368007956,1,Brooklyn,Green-Wood Cemetery,Boro Zone,false,0.10088183421516755,111_dropoff
111,dropoff,2024,3,892,6.79346613258001,1,Brooklyn,Green-Wood Cemetery,Boro Zone,false,0.10088183421516755,111_dropoff
111,dropoff,2024,4,933,6.838405200847344,1,Brooklyn,Green-Wood Cemetery,Boro Zone,false,0.10088183421516755,111_dropoff
111,dropoff,2024,5,1003,6.910750787961936,1,Brooklyn,Green-Wood Cemetery,Boro Zone,false,0.10088183421516755,111_dropoff
111,pickup,2023,2,471,6.154858094016418,0,Brooklyn,Green-Wood Cemetery,Boro Zone,false,0.09253246753246754,111_pickup
111,pickup,2023,3,555,6.318968113746434,0,Brooklyn,Green-Wood Cemetery,Boro Zone,false,0.09253246753246754,111_pickup
111,pickup,2023,4,612,6.416732282512326,0,Brooklyn,Green-Wood Cemetery,Boro Zone,false,0.09253246753246754,111_pickup
111,pickup,2023,5,826,6.716594773520978,0,Brooklyn,Green-Wood Cemetery,Boro Zone,false,0.09253246753246754,111_pickup
111,pickup,2024,2,577,6.3578422665081,1,Brooklyn,Green-Wood Cemetery,Boro Zone,false,0.09253246753246754,111_pickup
111,pickup,2024,3,754,6.625392368007956,1,Brooklyn,Green-Wood Cemetery,Boro Zone,false,0.09253246753246754,111_pickup
111,pickup,2024,4,864,6.761572768804055,1,Brooklyn,Green-Wood Cemetery,Boro Zone,false,0.09253246753246754,111_pickup
111,pickup,2024,5,973,6.880384082186005,1,Brooklyn,Green-Wood Cemetery,Boro Zone,false,0.09253246753246754,111_pickup
112,dropoff,2023,2,156380,11.960044221678505,0,Brooklyn,Greenpoint,Boro Zone,false,0.22874811196620476,112_dropoff
112,dropoff,2023,3,170061,12.043912475200043,0,Brooklyn,Greenpoint,Boro Zone,false,0.22874811196620476,112_dropoff
112,dropoff,2023,4,174780,12.071283319181536,0,Brooklyn,Greenpoint,Boro Zone,false,0.22874811196620476,112_dropoff
112,dropoff,2023,5,166802,12.024562759242572,0,Brooklyn,Greenpoint,Boro Zone,false,0.22874811196620476,112_dropoff
112,dropoff,2024,2,177874,12.088830713450841,1,Brooklyn,Greenpoint,Boro Zone,false,0.22874811196620476,112_dropoff
112,dropoff,2024,3,194037,12.175804141509888,1,Brooklyn,Greenpoint,Boro Zone,false,0.22874811196620476,112_dropoff
112,dropoff,2024,4,179261,12.096598123385139,1,Brooklyn,Greenpoint,Boro Zone,false,0.22874811196620476,112_dropoff
112,dropoff,2024,5,192316,12.1668951314438,1,Brooklyn,Greenpoint,Boro Zone,false,0.22874811196620476,112_dropoff
112,pickup,2023,2,158061,11.970736313450328,0,Brooklyn,Greenpoint,Boro Zone,false,0.21178557884246207,112_pickup
112,pickup,2023,3,171773,12.05392911669367,0,Brooklyn,Greenpoint,Boro Zone,false,0.21178557884246207,112_pickup
112,pickup,2023,4,179336,12.097016420253732,0,Brooklyn,Greenpoint,Boro Zone,false,0.21178557884246207,112_pickup
112,pickup,2023,5,171136,12.050213841021561,0,Brooklyn,Greenpoint,Boro Zone,false,0.21178557884246207,112_pickup
112,pickup,2024,2,178587,12.092831156421472,1,Brooklyn,Greenpoint,Boro Zone,false,0.21178557884246207,112_pickup
112,pickup,2024,3,197445,12.193215343527617,1,Brooklyn,Greenpoint,Boro Zone,false,0.21178557884246207,112_pickup
112,pickup,2024,4,180540,12.103707638852146,1,Brooklyn,Greenpoint,Boro Zone,false,0.21178557884246207,112_pickup
112,pickup,2024,5,196197,12.18687453547662,1,Brooklyn,Greenpoint,Boro Zone,false,0.21178557884246207,112_pickup
113,dropoff,2023,2,116192,11.662999274214062,0,Manhattan,Greenwich Village North,Yellow Zone,true,1.0,113_dropoff
113,dropoff,2023,3,120800,11.701891564482851,0,Manhattan,Greenwich Village North,Yellow Zone,true,1.0,113_dropoff
113,dropoff,2023,4,116696,11.66732754176605,0,Manhattan,Greenwich Village North,Yellow Zone,true,1.0,113_dropoff
113,dropoff,2023,5,106165,11.572749766615894,0,Manhattan,Greenwich Village North,Yellow Zone,true,1.0,113_dropoff
113,dropoff,2024,2,116529,11.665895448049325,1,Manhattan,Greenwich Village North,Yellow Zone,true,1.0,113_dropoff
113,dropoff,2024,3,118253,11.680581676011226,1,Manhattan,Greenwich Village North,Yellow Zone,true,1.0,113_dropoff
113,dropoff,2024,4,117017,11.670074502370294,1,Manhattan,Greenwich Village North,Yellow Zone,true,1.0,113_dropoff
113,dropoff,2024,5,105998,11.571175504991674,1,Manhattan,Greenwich Village North,Yellow Zone,true,1.0,113_dropoff
113,pickup,2023,2,129795,11.773711561708948,0,Manhattan,Greenwich Village North,Yellow Zone,true,1.0,113_pickup
113,pickup,2023,3,137935,11.834537838684417,0,Manhattan,Greenwich Village North,Yellow Zone,true,1.0,113_pickup
113,pickup,2023,4,134840,11.811844169347998,0,Manhattan,Greenwich Village North,Yellow Zone,true,1.0,113_pickup
113,pickup,2023,5,127288,11.754207514587693,0,Manhattan,Greenwich Village North,Yellow Zone,true,1.0,113_pickup
113,pickup,2024,2,133336,11.800627537222011,1,Manhattan,Greenwich Village North,Yellow Zone,true,1.0,113_pickup
113,pickup,2024,3,136284,11.822496222679646,1,Manhattan,Greenwich Village North,Yellow Zone,true,1.0,113_pickup
113,pickup,2024,4,133738,11.803637941107038,1,Manhattan,Greenwich Village North,Yellow Zone,true,1.0,113_pickup
113,pickup,2024,5,128264,11.761845918868673,1,Manhattan,Greenwich Village North,Yellow Zone,true,1.0,113_pickup
114,dropoff,2023,2,123902,11.727246209536993,0,Manhattan,Greenwich Village South,Yellow Zone,true,1.0,114_dropoff
114,dropoff,2023,3,129817,11.773881045400401,0,Manhattan,Greenwich Village South,Yellow Zone,true,1.0,114_dropoff
114,dropoff,2023,4,127799,11.758213996168823,0,Manhattan,Greenwich Village South,Yellow Zone,true,1.0,114_dropoff
114,dropoff,2023,5,113796,11.642162650671727,0,Manhattan,Greenwich Village South,Yellow Zone,true,1.0,114_dropoff
114,dropoff,2024,2,122419,11.715204865771796,1,Manhattan,Greenwich Village South,Yellow Zone,true,1.0,114_dropoff
114,dropoff,2024,3,128025,11.759980836330751,1,Manhattan,Greenwich Village South,Yellow Zone,true,1.0,114_dropoff
114,dropoff,2024,4,120288,11.697644146363904,1,Manhattan,Greenwich Village South,Yellow Zone,true,1.0,114_dropoff
114,dropoff,2024,5,113262,11.637458997996788,1,Manhattan,Greenwich Village South,Yellow Zone,true,1.0,114_dropoff
114,pickup,2023,2,136273,11.822415505618585,0,Manhattan,Greenwich Village South,Yellow Zone,true,1.0,114_pickup
114,pickup,2023,3,146927,11.897691143775475,0,Manhattan,Greenwich Village South,Yellow Zone,true,1.0,114_pickup
114,pickup,2023,4,145006,11.884530399856956,0,Manhattan,Greenwich Village South,Yellow Zone,true,1.0,114_pickup
114,pickup,2023,5,134417,11.80870218716748,0,Manhattan,Greenwich Village South,Yellow Zone,true,1.0,114_pickup
114,pickup,2024,2,137261,11.82963950187977,1,Manhattan,Greenwich Village South,Yellow Zone,true,1.0,114_pickup
114,pickup,2024,3,145253,11.886232328545617,1,Manhattan,Greenwich Village South,Yellow Zone,true,1.0,114_pickup
114,pickup,2024,4,135209,11.814577008422784,1,Manhattan,Greenwich Village South,Yellow Zone,true,1.0,114_pickup
114,pickup,2024,5,131744,11.788615924569632,1,Manhattan,Greenwich Village South,Yellow Zone,true,1.0,114_pickup
115,dropoff,2023,2,12430,9.427868184504756,0,Staten Island,Grymes Hill/Clifton,Boro Zone,false,0.04200231205387452,115_dropoff
115,dropoff,2023,3,14648,9.592059086354347,0,Staten Island,Grymes Hill/Clifton,Boro Zone,false,0.04200231205387452,115_dropoff
115,dropoff,2023,4,13289,9.494691904331507,0,Staten Island,Grymes Hill/Clifton,Boro Zone,false,0.04200231205387452,115_dropoff
115,dropoff,2023,5,14130,9.556055475678573,0,Staten Island,Grymes Hill/Clifton,Boro Zone,false,0.04200231205387452,115_dropoff
115,dropoff,2024,2,14212,9.561841957140917,1,Staten Island,Grymes Hill/Clifton,Boro Zone,false,0.04200231205387452,115_dropoff
115,dropoff,2024,3,16144,9.68930374259339,1,Staten Island,Grymes Hill/Clifton,Boro Zone,false,0.04200231205387452,115_dropoff
115,dropoff,2024,4,14589,9.588023099071895,1,Staten Island,Grymes Hill/Clifton,Boro Zone,false,0.04200231205387452,115_dropoff
115,dropoff,2024,5,14947,9.612265889785814,1,Staten Island,Grymes Hill/Clifton,Boro Zone,false,0.04200231205387452,115_dropoff
115,pickup,2023,2,13725,9.526974266377731,0,Staten Island,Grymes Hill/Clifton,Boro Zone,false,0.020523626227767454,115_pickup
115,pickup,2023,3,16250,9.695848187757884,0,Staten Island,Grymes Hill/Clifton,Boro Zone,false,0.020523626227767454,115_pickup
115,pickup,2023,4,14687,9.594718027753862,0,Staten Island,Grymes Hill/Clifton,Boro Zone,false,0.020523626227767454,115_pickup
115,pickup,2023,5,15610,9.655667013509477,0,Staten Island,Grymes Hill/Clifton,Boro Zone,false,0.020523626227767454,115_pickup
115,pickup,2024,2,15856,9.67130325656977,1,Staten Island,Grymes Hill/Clifton,Boro Zone,false,0.020523626227767454,115_pickup
115,pickup,2024,3,17645,9.77820773610937,1,Staten Island,Grymes Hill/Clifton,Boro Zone,false,0.020523626227767454,115_pickup
115,pickup,2024,4,16019,9.681530796701484,1,Staten Island,Grymes Hill/Clifton,Boro Zone,false,0.020523626227767454,115_pickup
115,pickup,2024,5,16492,9.71063069382679,1,Staten Island,Grymes Hill/Clifton,Boro Zone,false,0.020523626227767454,115_pickup
116,dropoff,2023,2,78490,11.270726507120859,0,Manhattan,Hamilton Heights,Boro Zone,false,0.1492444758663663,116_dropoff
116,dropoff,2023,3,88324,11.38876715034044,0,Manhattan,Hamilton Heights,Boro Zone,false,0.1492444758663663,116_dropoff
116,dropoff,2023,4,82596,11.321716532186365,0,Manhattan,Hamilton Heights,Boro Zone,false,0.1492444758663663,116_dropoff
116,dropoff,2023,5,84398,11.343298983620814,0,Manhattan,Hamilton Heights,Boro Zone,false,0.1492444758663663,116_dropoff
116,dropoff,2024,2,85810,11.359890828801166,1,Manhattan,Hamilton Heights,Boro Zone,false,0.1492444758663663,116_dropoff
116,dropoff,2024,3,92172,11.431411675786682,1,Manhattan,Hamilton Heights,Boro Zone,false,0.1492444758663663,116_dropoff
116,dropoff,2024,4,83923,11.337654990762967,1,Manhattan,Hamilton Heights,Boro Zone,false,0.1492444758663663,116_dropoff
116,dropoff,2024,5,87151,11.37539752535164,1,Manhattan,Hamilton Heights,Boro Zone,false,0.1492444758663663,116_dropoff
116,pickup,2023,2,80600,11.297253928494719,0,Manhattan,Hamilton Heights,Boro Zone,false,0.1288499600680579,116_pickup
116,pickup,2023,3,91006,11.418680717391366,0,Manhattan,Hamilton Heights,Boro Zone,false,0.1288499600680579,116_pickup
116,pickup,2023,4,85971,11.361765309065477,0,Manhattan,Hamilton Heights,Boro Zone,false,0.1288499600680579,116_pickup
116,pickup,2023,5,88011,11.385217085648495,0,Manhattan,Hamilton Heights,Boro Zone,false,0.1288499600680579,116_pickup
116,pickup,2024,2,90615,11.414375041240952,1,Manhattan,Hamilton Heights,Boro Zone,false,0.1288499600680579,116_pickup
116,pickup,2024,3,95429,11.466137794471349,1,Manhattan,Hamilton Heights,Boro Zone,false,0.1288499600680579,116_pickup
116,pickup,2024,4,89315,11.399924725882984,1,Manhattan,Hamilton Heights,Boro Zone,false,0.1288499600680579,116_pickup
116,pickup,2024,5,92517,11.43514769039813,1,Manhattan,Hamilton Heights,Boro Zone,false,0.1288499600680579,116_pickup
117,dropoff,2023,2,22411,10.017307188735588,0,Queens,Hammels/Arverne,Boro Zone,false,0.021093384303323453,117_dropoff
117,dropoff,2023,3,28146,10.245160527556513,0,Queens,Hammels/Arverne,Boro Zone,false,0.021093384303323453,117_dropoff
117,dropoff,2023,4,25121,10.131459428706979,0,Queens,Hammels/Arverne,Boro Zone,false,0.021093384303323453,117_dropoff
117,dropoff,2023,5,26866,10.198616825622958,0,Queens,Hammels/Arverne,Boro Zone,false,0.021093384303323453,117_dropoff
117,dropoff,2024,2,26456,10.183238254661628,1,Queens,Hammels/Arverne,Boro Zone,false,0.021093384303323453,117_dropoff
117,dropoff,2024,3,30686,10.331561803505151,1,Queens,Hammels/Arverne,Boro Zone,false,0.021093384303323453,117_dropoff
117,dropoff,2024,4,26534,10.186182208476863,1,Queens,Hammels/Arverne,Boro Zone,false,0.021093384303323453,117_dropoff
117,dropoff,2024,5,27514,10.22245024502094,1,Queens,Hammels/Arverne,Boro Zone,false,0.021093384303323453,117_dropoff
117,pickup,2023,2,24706,10.11480140809676,0,Queens,Hammels/Arverne,Boro Zone,false,0.01690106310314027,117_pickup
117,pickup,2023,3,31583,10.36037428013116,0,Queens,Hammels/Arverne,Boro Zone,false,0.01690106310314027,117_pickup
117,pickup,2023,4,27830,10.233869854519936,0,Queens,Hammels/Arverne,Boro Zone,false,0.01690106310314027,117_pickup
117,pickup,2023,5,30075,10.31144954084288,0,Queens,Hammels/Arverne,Boro Zone,false,0.01690106310314027,117_pickup
117,pickup,2024,2,29524,10.292958770889943,1,Queens,Hammels/Arverne,Boro Zone,false,0.01690106310314027,117_pickup
117,pickup,2024,3,34557,10.450365413594616,1,Queens,Hammels/Arverne,Boro Zone,false,0.01690106310314027,117_pickup
117,pickup,2024,4,29865,10.304442505166406,1,Queens,Hammels/Arverne,Boro Zone,false,0.01690106310314027,117_pickup
117,pickup,2024,5,30973,10.340871136212566,1,Queens,Hammels/Arverne,Boro Zone,false,0.01690106310314027,117_pickup
118,dropoff,2023,2,18135,9.805599051717003,0,Staten Island,Heartland Village/Todt Hill,Boro Zone,false,0.04075815163032607,118_dropoff
118,dropoff,2023,3,21196,9.961567763612653,0,Staten Island,Heartland Village/Todt Hill,Boro Zone,false,0.04075815163032607,118_dropoff
118,dropoff,2023,4,19429,9.874522074243114,0,Staten Island,Heartland Village/Todt Hill,Boro Zone,false,0.04075815163032607,118_dropoff
118,dropoff,2023,5,21224,9.962887895817575,0,Staten Island,Heartland Village/Todt Hill,Boro Zone,false,0.04075815163032607,118_dropoff
118,dropoff,2024,2,20038,9.905385749819208,1,Staten Island,Heartland Village/Todt Hill,Boro Zone,false,0.04075815163032607,118_dropoff
118,dropoff,2024,3,22178,10.006856085513162,1,Staten Island,Heartland Village/Todt Hill,Boro Zone,false,0.04075815163032607,118_dropoff
118,dropoff,2024,4,20125,9.909718102286764,1,Staten Island,Heartland Village/Todt Hill,Boro Zone,false,0.04075815163032607,118_dropoff
118,dropoff,2024,5,22391,10.016414371391338,1,Staten Island,Heartland Village/Todt Hill,Boro Zone,false,0.04075815163032607,118_dropoff
118,pickup,2023,2,17585,9.774801544908083,0,Staten Island,Heartland Village/Todt Hill,Boro Zone,false,0.02796518380289961,118_pickup
118,pickup,2023,3,20375,9.922063938109064,0,Staten Island,Heartland Village/Todt Hill,Boro Zone,false,0.02796518380289961,118_pickup
118,pickup,2023,4,18434,9.82195206455361,0,Staten Island,Heartland Village/Todt Hill,Boro Zone,false,0.02796518380289961,118_pickup
118,pickup,2023,5,20237,9.91526789107166,0,Staten Island,Heartland Village/Todt Hill,Boro Zone,false,0.02796518380289961,118_pickup
118,pickup,2024,2,18973,9.850772194864133,1,Staten Island,Heartland Village/Todt Hill,Boro Zone,false,0.02796518380289961,118_pickup
118,pickup,2024,3,21127,9.958307122300235,1,Staten Island,Heartland Village/Todt Hill,Boro Zone,false,0.02796518380289961,118_pickup
118,pickup,2024,4,19131,9.85906533498338,1,Staten Island,Heartland Village/Todt Hill,Boro Zone,false,0.02796518380289961,118_pickup
118,pickup,2024,5,20997,9.95213484935765,1,Staten Island,Heartland Village/Todt Hill,Boro Zone,false,0.02796518380289961,118_pickup
119,dropoff,2023,2,53649,10.890218108556146,0,Bronx,Highbridge,Boro Zone,false,0.060637025221812385,119_dropoff
119,dropoff,2023,3,62328,11.040166042010695,0,Bronx,Highbridge,Boro Zone,false,0.060637025221812385,119_dropoff
119,dropoff,2023,4,61501,11.026808713825016,0,Bronx,Highbridge,Boro Zone,false,0.060637025221812385,119_dropoff
119,dropoff,2023,5,63266,11.055103339026537,0,Bronx,Highbridge,Boro Zone,false,0.060637025221812385,119_dropoff
119,dropoff,2024,2,59989,11.001916491063295,1,Bronx,Highbridge,Boro Zone,false,0.060637025221812385,119_dropoff
119,dropoff,2024,3,68018,11.127527655012177,1,Bronx,Highbridge,Boro Zone,false,0.060637025221812385,119_dropoff
119,dropoff,2024,4,64970,11.081680903874577,1,Bronx,Highbridge,Boro Zone,false,0.060637025221812385,119_dropoff
119,dropoff,2024,5,68073,11.12833593774938,1,Bronx,Highbridge,Boro Zone,false,0.060637025221812385,119_dropoff
119,pickup,2023,2,55401,10.922352923113982,0,Bronx,Highbridge,Boro Zone,false,0.05456622593840724,119_pickup
119,pickup,2023,3,64573,11.075551645746119,0,Bronx,Highbridge,Boro Zone,false,0.05456622593840724,119_pickup
119,pickup,2023,4,61014,11.018858625019192,0,Bronx,Highbridge,Boro Zone,false,0.05456622593840724,119_pickup
119,pickup,2023,5,63229,11.054518335650037,0,Bronx,Highbridge,Boro Zone,false,0.05456622593840724,119_pickup
119,pickup,2024,2,63082,11.052190746344808,1,Bronx,Highbridge,Boro Zone,false,0.05456622593840724,119_pickup
119,pickup,2024,3,71453,11.176795169880346,1,Bronx,Highbridge,Boro Zone,false,0.05456622593840724,119_pickup
119,pickup,2024,4,66550,11.105708823823258,1,Bronx,Highbridge,Boro Zone,false,0.05456622593840724,119_pickup
119,pickup,2024,5,68535,11.13509984266548,1,Bronx,Highbridge,Boro Zone,false,0.05456622593840724,119_pickup
120,dropoff,2023,2,2083,7.641564441260972,0,Manhattan,Highbridge Park,Boro Zone,false,0.14480651731160896,120_dropoff
120,dropoff,2023,3,2629,7.874358824729881,0,Manhattan,Highbridge Park,Boro Zone,false,0.14480651731160896,120_dropoff
120,dropoff,2023,4,2397,7.781973234434385,0,Manhattan,Highbridge Park,Boro Zone,false,0.14480651731160896,120_dropoff
120,dropoff,2023,5,2711,7.905072849498666,0,Manhattan,Highbridge Park,Boro Zone,false,0.14480651731160896,120_dropoff
120,dropoff,2024,2,2749,7.918992488165245,1,Manhattan,Highbridge Park,Boro Zone,false,0.14480651731160896,120_dropoff
120,dropoff,2024,3,2981,8.000014093678072,1,Manhattan,Highbridge Park,Boro Zone,false,0.14480651731160896,120_dropoff
120,dropoff,2024,4,2863,7.959625305098115,1,Manhattan,Highbridge Park,Boro Zone,false,0.14480651731160896,120_dropoff
120,dropoff,2024,5,3417,8.136518252115291,1,Manhattan,Highbridge Park,Boro Zone,false,0.14480651731160896,120_dropoff
120,pickup,2023,2,1346,7.204892510204673,0,Manhattan,Highbridge Park,Boro Zone,false,0.08766086298258895,120_pickup
120,pickup,2023,3,1689,7.4318919168078,0,Manhattan,Highbridge Park,Boro Zone,false,0.08766086298258895,120_pickup
120,pickup,2023,4,1722,7.451241684987676,0,Manhattan,Highbridge Park,Boro Zone,false,0.08766086298258895,120_pickup
120,pickup,2023,5,1848,7.521859252201629,0,Manhattan,Highbridge Park,Boro Zone,false,0.08766086298258895,120_pickup
120,pickup,2024,2,1802,7.496652438168283,1,Manhattan,Highbridge Park,Boro Zone,false,0.08766086298258895,120_pickup
120,pickup,2024,3,1958,7.579678823090456,1,Manhattan,Highbridge Park,Boro Zone,false,0.08766086298258895,120_pickup
120,pickup,2024,4,1992,7.596894438144544,1,Manhattan,Highbridge Park,Boro Zone,false,0.08766086298258895,120_pickup
120,pickup,2024,5,2285,7.734121303328305,1,Manhattan,Highbridge Park,Boro Zone,false,0.08766086298258895,120_pickup
121,dropoff,2023,2,37588,10.534440129502956,0,Queens,Hillcrest/Pomonok,Boro Zone,false,0.04709129139653058,121_dropoff
121,dropoff,2023,3,44206,10.696615805459388,0,Queens,Hillcrest/Pomonok,Boro Zone,false,0.04709129139653058,121_dropoff
121,dropoff,2023,4,39404,10.58162261297557,0,Queens,Hillcrest/Pomonok,Boro Zone,false,0.04709129139653058,121_dropoff
121,dropoff,2023,5,38598,10.560955740639056,0,Queens,Hillcrest/Pomonok,Boro Zone,false,0.04709129139653058,121_dropoff
121,dropoff,2024,2,42404,10.654997976392988,1,Queens,Hillcrest/Pomonok,Boro Zone,false,0.04709129139653058,121_dropoff
121,dropoff,2024,3,47501,10.768506042432708,1,Queens,Hillcrest/Pomonok,Boro Zone,false,0.04709129139653058,121_dropoff
121,dropoff,2024,4,45494,10.725335728111807,1,Queens,Hillcrest/Pomonok,Boro Zone,false,0.04709129139653058,121_dropoff
121,dropoff,2024,5,41907,10.64320815639566,1,Queens,Hillcrest/Pomonok,Boro Zone,false,0.04709129139653058,121_dropoff
121,pickup,2023,2,39193,10.576253438404207,0,Queens,Hillcrest/Pomonok,Boro Zone,false,0.036428965944197284,121_pickup
121,pickup,2023,3,45423,10.723773863676481,0,Queens,Hillcrest/Pomonok,Boro Zone,false,0.036428965944197284,121_pickup
121,pickup,2023,4,40621,10.612040453245921,0,Queens,Hillcrest/Pomonok,Boro Zone,false,0.036428965944197284,121_pickup
121,pickup,2023,5,39522,10.584612757868747,0,Queens,Hillcrest/Pomonok,Boro Zone,false,0.036428965944197284,121_pickup
121,pickup,2024,2,43991,10.691740346523579,1,Queens,Hillcrest/Pomonok,Boro Zone,false,0.036428965944197284,121_pickup
121,pickup,2024,3,48390,10.787048459787364,1,Queens,Hillcrest/Pomonok,Boro Zone,false,0.036428965944197284,121_pickup
121,pickup,2024,4,46053,10.73754818614131,1,Queens,Hillcrest/Pomonok,Boro Zone,false,0.036428965944197284,121_pickup
121,pickup,2024,5,42620,10.660078905652608,1,Queens,Hillcrest/Pomonok,Boro Zone,false,0.036428965944197284,121_pickup
122,dropoff,2023,2,16603,9.717338680907787,0,Queens,Hollis,Boro Zone,false,0.02242152466367713,122_dropoff
122,dropoff,2023,3,19633,9.884967102898749,0,Queens,Hollis,Boro Zone,false,0.02242152466367713,122_dropoff
122,dropoff,2023,4,18254,9.812139513076822,0,Queens,Hollis,Boro Zone,false,0.02242152466367713,122_dropoff
122,dropoff,2023,5,19546,9.880525940898782,0,Queens,Hollis,Boro Zone,false,0.02242152466367713,122_dropoff
122,dropoff,2024,2,18928,9.848397586218168,1,Queens,Hollis,Boro Zone,false,0.02242152466367713,122_dropoff
122,dropoff,2024,3,21975,9.997660722553377,1,Queens,Hollis,Boro Zone,false,0.02242152466367713,122_dropoff
122,dropoff,2024,4,20425,9.924514919728203,1,Queens,Hollis,Boro Zone,false,0.02242152466367713,122_dropoff
122,dropoff,2024,5,21515,9.9765056452727,1,Queens,Hollis,Boro Zone,false,0.02242152466367713,122_dropoff
122,pickup,2023,2,19419,9.874007247213619,0,Queens,Hollis,Boro Zone,false,0.01804848569369872,122_pickup
122,pickup,2023,3,22882,10.03810585426089,0,Queens,Hollis,Boro Zone,false,0.01804848569369872,122_pickup
122,pickup,2023,4,21103,9.957170489452313,0,Queens,Hollis,Boro Zone,false,0.01804848569369872,122_pickup
122,pickup,2023,5,22642,10.027561867638054,0,Queens,Hollis,Boro Zone,false,0.01804848569369872,122_pickup
122,pickup,2024,2,21071,9.955652966516807,1,Queens,Hollis,Boro Zone,false,0.01804848569369872,122_pickup
122,pickup,2024,3,24594,10.110257789732392,1,Queens,Hollis,Boro Zone,false,0.01804848569369872,122_pickup
122,pickup,2024,4,23197,10.05177823894827,1,Queens,Hollis,Boro Zone,false,0.01804848569369872,122_pickup
122,pickup,2024,5,23859,10.079916783625245,1,Queens,Hollis,Boro Zone,false,0.01804848569369872,122_pickup
123,dropoff,2023,2,54839,10.912156898644932,0,Brooklyn,Homecrest,Boro Zone,false,0.03716449641243689,123_dropoff
123,dropoff,2023,3,64892,11.08047962853029,0,Brooklyn,Homecrest,Boro Zone,false,0.03716449641243689,123_dropoff
123,dropoff,2023,4,49701,10.813780332606648,0,Brooklyn,Homecrest,Boro Zone,false,0.03716449641243689,123_dropoff
123,dropoff,2023,5,56348,10.939302026380197,0,Brooklyn,Homecrest,Boro Zone,false,0.03716449641243689,123_dropoff
123,dropoff,2024,2,58868,10.983052928284003,1,Brooklyn,Homecrest,Boro Zone,false,0.03716449641243689,123_dropoff
123,dropoff,2024,3,65923,11.096242673256556,1,Brooklyn,Homecrest,Boro Zone,false,0.03716449641243689,123_dropoff
123,dropoff,2024,4,56123,10.935300989665748,1,Brooklyn,Homecrest,Boro Zone,false,0.03716449641243689,123_dropoff
123,dropoff,2024,5,59326,10.990802937461941,1,Brooklyn,Homecrest,Boro Zone,false,0.03716449641243689,123_dropoff
123,pickup,2023,2,53755,10.892191964919329,0,Brooklyn,Homecrest,Boro Zone,false,0.03415133944155556,123_pickup
123,pickup,2023,3,64024,11.067013292046882,0,Brooklyn,Homecrest,Boro Zone,false,0.03415133944155556,123_pickup
123,pickup,2023,4,47868,10.776202501693406,0,Brooklyn,Homecrest,Boro Zone,false,0.03415133944155556,123_pickup
123,pickup,2023,5,54930,10.913814926336666,0,Brooklyn,Homecrest,Boro Zone,false,0.03415133944155556,123_pickup
123,pickup,2024,2,57200,10.95430917736789,1,Brooklyn,Homecrest,Boro Zone,false,0.03415133944155556,123_pickup
123,pickup,2024,3,64213,11.069960961391109,1,Brooklyn,Homecrest,Boro Zone,false,0.03415133944155556,123_pickup
123,pickup,2024,4,54986,10.91483388635787,1,Brooklyn,Homecrest,Boro Zone,false,0.03415133944155556,123_pickup
123,pickup,2024,5,58371,10.974574470139485,1,Brooklyn,Homecrest,Boro Zone,false,0.03415133944155556,123_pickup
124,dropoff,2023,2,22839,10.036224879974322,0,Queens,Howard Beach,Boro Zone,false,0.032199180058054284,124_dropoff
124,dropoff,2023,3,26358,10.179527113203834,0,Queens,Howard Beach,Boro Zone,false,0.032199180058054284,124_dropoff
124,dropoff,2023,4,24551,10.10850786559065,0,Queens,Howard Beach,Boro Zone,false,0.032199180058054284,124_dropoff
124,dropoff,2023,5,26503,10.185013213113992,0,Queens,Howard Beach,Boro Zone,false,0.032199180058054284,124_dropoff
124,dropoff,2024,2,25528,10.14753116795808,1,Queens,Howard Beach,Boro Zone,false,0.032199180058054284,124_dropoff
124,dropoff,2024,3,28555,10.259587331098963,1,Queens,Howard Beach,Boro Zone,false,0.032199180058054284,124_dropoff
124,dropoff,2024,4,26847,10.197909361850968,1,Queens,Howard Beach,Boro Zone,false,0.032199180058054284,124_dropoff
124,dropoff,2024,5,28995,10.274878680310541,1,Queens,Howard Beach,Boro Zone,false,0.032199180058054284,124_dropoff
124,pickup,2023,2,23901,10.081675578048475,0,Queens,Howard Beach,Boro Zone,false,0.026914857077433883,124_pickup
124,pickup,2023,3,27667,10.227995646230818,0,Queens,Howard Beach,Boro Zone,false,0.026914857077433883,124_pickup
124,pickup,2023,4,25566,10.149018622727967,0,Queens,Howard Beach,Boro Zone,false,0.026914857077433883,124_pickup
124,pickup,2023,5,27678,10.228393152785875,0,Queens,Howard Beach,Boro Zone,false,0.026914857077433883,124_pickup
124,pickup,2024,2,27314,10.21515467023837,1,Queens,Howard Beach,Boro Zone,false,0.026914857077433883,124_pickup
124,pickup,2024,3,30446,10.3237099016192,1,Queens,Howard Beach,Boro Zone,false,0.026914857077433883,124_pickup
124,pickup,2024,4,28745,10.266219118057391,1,Queens,Howard Beach,Boro Zone,false,0.026914857077433883,124_pickup
124,pickup,2024,5,30332,10.319958539820826,1,Queens,Howard Beach,Boro Zone,false,0.026914857077433883,124_pickup
125,dropoff,2023,2,58270,10.97284266013712,0,Manhattan,Hudson Sq,Yellow Zone,true,1.0,125_dropoff
125,dropoff,2023,3,61938,11.033889163693646,0,Manhattan,Hudson Sq,Yellow Zone,true,1.0,125_dropoff
125,dropoff,2023,4,59595,10.99532695691681,0,Manhattan,Hudson Sq,Yellow Zone,true,1.0,125_dropoff
125,dropoff,2023,5,58254,10.9725680385982,0,Manhattan,Hudson Sq,Yellow Zone,true,1.0,125_dropoff
125,dropoff,2024,2,61238,11.022523190845115,1,Manhattan,Hudson Sq,Yellow Zone,true,1.0,125_dropoff
125,dropoff,2024,3,64442,11.0735208734325,1,Manhattan,Hudson Sq,Yellow Zone,true,1.0,125_dropoff
125,dropoff,2024,4,62382,11.041032051206026,1,Manhattan,Hudson Sq,Yellow Zone,true,1.0,125_dropoff
125,dropoff,2024,5,62271,11.03925110683503,1,Manhattan,Hudson Sq,Yellow Zone,true,1.0,125_dropoff
125,pickup,2023,2,67734,11.123343548489602,0,Manhattan,Hudson Sq,Yellow Zone,true,1.0,125_pickup
125,pickup,2023,3,71791,11.18151439899016,0,Manhattan,Hudson Sq,Yellow Zone,true,1.0,125_pickup
125,pickup,2023,4,68786,11.138755514842774,0,Manhattan,Hudson Sq,Yellow Zone,true,1.0,125_pickup
125,pickup,2023,5,68744,11.13814473899306,0,Manhattan,Hudson Sq,Yellow Zone,true,1.0,125_pickup
125,pickup,2024,2,72193,11.187098367272093,1,Manhattan,Hudson Sq,Yellow Zone,true,1.0,125_pickup
125,pickup,2024,3,75244,11.228491445212912,1,Manhattan,Hudson Sq,Yellow Zone,true,1.0,125_pickup
125,pickup,2024,4,72272,11.188192057894385,1,Manhattan,Hudson Sq,Yellow Zone,true,1.0,125_pickup
125,pickup,2024,5,73348,11.202970516669055,1,Manhattan,Hudson Sq,Yellow Zone,true,1.0,125_pickup
126,dropoff,2023,2,56239,10.93736574538763,0,Bronx,Hunts Point,Boro Zone,false,0.030349223383454672,126_dropoff
126,dropoff,2023,3,67477,11.119542078054563,0,Bronx,Hunts Point,Boro Zone,false,0.030349223383454672,126_dropoff
126,dropoff,2023,4,60155,11.004679843467624,0,Bronx,Hunts Point,Boro Zone,false,0.030349223383454672,126_dropoff
126,dropoff,2023,5,62132,11.037016433107798,0,Bronx,Hunts Point,Boro Zone,false,0.030349223383454672,126_dropoff
126,dropoff,2024,2,64809,11.079199761585086,1,Bronx,Hunts Point,Boro Zone,false,0.030349223383454672,126_dropoff
126,dropoff,2024,3,71782,11.181389027227896,1,Bronx,Hunts Point,Boro Zone,false,0.030349223383454672,126_dropoff
126,dropoff,2024,4,64667,11.077006304003246,1,Bronx,Hunts Point,Boro Zone,false,0.030349223383454672,126_dropoff
126,dropoff,2024,5,64948,11.081342228707005,1,Bronx,Hunts Point,Boro Zone,false,0.030349223383454672,126_dropoff
126,pickup,2023,2,51603,10.851335089314501,0,Bronx,Hunts Point,Boro Zone,false,0.032569940575549176,126_pickup
126,pickup,2023,3,61403,11.025213972876479,0,Bronx,Hunts Point,Boro Zone,false,0.032569940575549176,126_pickup
126,pickup,2023,4,54866,10.91264912781489,0,Bronx,Hunts Point,Boro Zone,false,0.032569940575549176,126_pickup
126,pickup,2023,5,56783,10.946992264136675,0,Bronx,Hunts Point,Boro Zone,false,0.032569940575549176,126_pickup
126,pickup,2024,2,59519,10.994050868290564,1,Bronx,Hunts Point,Boro Zone,false,0.032569940575549176,126_pickup
126,pickup,2024,3,66401,11.103467395592086,1,Bronx,Hunts Point,Boro Zone,false,0.032569940575549176,126_pickup
126,pickup,2024,4,59719,10.99740550670382,1,Bronx,Hunts Point,Boro Zone,false,0.032569940575549176,126_pickup
126,pickup,2024,5,61473,11.026353333004943,1,Bronx,Hunts Point,Boro Zone,false,0.032569940575549176,126_pickup
127,dropoff,2023,2,61134,11.02082345520234,0,Manhattan,Inwood,Boro Zone,false,0.08635615548683735,127_dropoff
127,dropoff,2023,3,71704,11.180301813037198,0,Manhattan,Inwood,Boro Zone,false,0.08635615548683735,127_dropoff
127,dropoff,2023,4,67824,11.124671393592418,0,Manhattan,Inwood,Boro Zone,false,0.08635615548683735,127_dropoff
127,dropoff,2023,5,70332,11.16098216626443,0,Manhattan,Inwood,Boro Zone,false,0.08635615548683735,127_dropoff
127,dropoff,2024,2,69017,11.142108130045209,1,Manhattan,Inwood,Boro Zone,false,0.08635615548683735,127_dropoff
127,dropoff,2024,3,76019,11.238738588023676,1,Manhattan,Inwood,Boro Zone,false,0.08635615548683735,127_dropoff
127,dropoff,2024,4,68749,11.138217469968486,1,Manhattan,Inwood,Boro Zone,false,0.08635615548683735,127_dropoff
127,dropoff,2024,5,77720,11.260867903491377,1,Manhattan,Inwood,Boro Zone,false,0.08635615548683735,127_dropoff
127,pickup,2023,2,61599,11.028400915623608,0,Manhattan,Inwood,Boro Zone,false,0.07521490494518737,127_pickup
127,pickup,2023,3,71762,11.181110367024342,0,Manhattan,Inwood,Boro Zone,false,0.07521490494518737,127_pickup
127,pickup,2023,4,69021,11.142166085101078,0,Manhattan,Inwood,Boro Zone,false,0.07521490494518737,127_pickup
127,pickup,2023,5,71460,11.176893131577401,0,Manhattan,Inwood,Boro Zone,false,0.07521490494518737,127_pickup
127,pickup,2024,2,69228,11.145160684044889,1,Manhattan,Inwood,Boro Zone,false,0.07521490494518737,127_pickup
127,pickup,2024,3,77143,11.253416121335281,1,Manhattan,Inwood,Boro Zone,false,0.07521490494518737,127_pickup
127,pickup,2024,4,70481,11.163098448931654,1,Manhattan,Inwood,Boro Zone,false,0.07521490494518737,127_pickup
127,pickup,2024,5,77371,11.256367312366269,1,Manhattan,Inwood,Boro Zone,false,0.07521490494518737,127_pickup
128,dropoff,2023,2,4811,8.478660241699453,0,Manhattan,Inwood Hill Park,Boro Zone,false,0.06786015559096448,128_dropoff
128,dropoff,2023,3,5482,8.60922527686273,0,Manhattan,Inwood Hill Park,Boro Zone,false,0.06786015559096448,128_dropoff
128,dropoff,2023,4,5230,8.56216655705897,0,Manhattan,Inwood Hill Park,Boro Zone,false,0.06786015559096448,128_dropoff
128,dropoff,2023,5,5815,8.668196064952765,0,Manhattan,Inwood Hill Park,Boro Zone,false,0.06786015559096448,128_dropoff
128,dropoff,2024,2,6254,8.740976538017787,1,Manhattan,Inwood Hill Park,Boro Zone,false,0.06786015559096448,128_dropoff
128,dropoff,2024,3,6495,8.7787879291047,1,Manhattan,Inwood Hill Park,Boro Zone,false,0.06786015559096448,128_dropoff
128,dropoff,2024,4,6530,8.784162222270476,1,Manhattan,Inwood Hill Park,Boro Zone,false,0.06786015559096448,128_dropoff
128,dropoff,2024,5,8111,9.000976444070345,1,Manhattan,Inwood Hill Park,Boro Zone,false,0.06786015559096448,128_dropoff
128,pickup,2023,2,4321,8.371242135931933,0,Manhattan,Inwood Hill Park,Boro Zone,false,0.0859719127325491,128_pickup
128,pickup,2023,3,4908,8.498621805830801,0,Manhattan,Inwood Hill Park,Boro Zone,false,0.0859719127325491,128_pickup
128,pickup,2023,4,4931,8.503297086224126,0,Manhattan,Inwood Hill Park,Boro Zone,false,0.0859719127325491,128_pickup
128,pickup,2023,5,5137,8.544224530467268,0,Manhattan,Inwood Hill Park,Boro Zone,false,0.0859719127325491,128_pickup
128,pickup,2024,2,5436,8.600798775271034,1,Manhattan,Inwood Hill Park,Boro Zone,false,0.0859719127325491,128_pickup
128,pickup,2024,3,5651,8.639587799629844,1,Manhattan,Inwood Hill Park,Boro Zone,false,0.0859719127325491,128_pickup
128,pickup,2024,4,5388,8.591929537530255,1,Manhattan,Inwood Hill Park,Boro Zone,false,0.0859719127325491,128_pickup
128,pickup,2024,5,6184,8.729720590267258,1,Manhattan,Inwood Hill Park,Boro Zone,false,0.0859719127325491,128_pickup
129,dropoff,2023,2,120612,11.70033406081274,0,Queens,Jackson Heights,Boro Zone,false,0.06775810184960623,129_dropoff
129,dropoff,2023,3,134096,11.806311240338687,0,Queens,Jackson Heights,Boro Zone,false,0.06775810184960623,129_dropoff
129,dropoff,2023,4,127644,11.757000418039665,0,Queens,Jackson Heights,Boro Zone,false,0.06775810184960623,129_dropoff
129,dropoff,2023,5,133055,11.798517855556927,0,Queens,Jackson Heights,Boro Zone,false,0.06775810184960623,129_dropoff
129,dropoff,2024,2,130889,11.782104914753525,1,Queens,Jackson Heights,Boro Zone,false,0.06775810184960623,129_dropoff
129,dropoff,2024,3,144848,11.883440195715222,1,Queens,Jackson Heights,Boro Zone,false,0.06775810184960623,129_dropoff
129,dropoff,2024,4,135147,11.814118353899955,1,Queens,Jackson Heights,Boro Zone,false,0.06775810184960623,129_dropoff
129,dropoff,2024,5,141578,11.86060608093938,1,Queens,Jackson Heights,Boro Zone,false,0.06775810184960623,129_dropoff
129,pickup,2023,2,132416,11.793703761105215,0,Queens,Jackson Heights,Boro Zone,false,0.053305643919778205,129_pickup
129,pickup,2023,3,147481,11.90145463290551,0,Queens,Jackson Heights,Boro Zone,false,0.053305643919778205,129_pickup
129,pickup,2023,4,140571,11.853467978193942,0,Queens,Jackson Heights,Boro Zone,false,0.053305643919778205,129_pickup
129,pickup,2023,5,147258,11.899941429409862,0,Queens,Jackson Heights,Boro Zone,false,0.053305643919778205,129_pickup
129,pickup,2024,2,143954,11.877249083080448,1,Queens,Jackson Heights,Boro Zone,false,0.053305643919778205,129_pickup
129,pickup,2024,3,158780,11.975274875279105,1,Queens,Jackson Heights,Boro Zone,false,0.053305643919778205,129_pickup
129,pickup,2024,4,148374,11.907491392209392,1,Queens,Jackson Heights,Boro Zone,false,0.053305643919778205,129_pickup
129,pickup,2024,5,155602,11.95505674411426,1,Queens,Jackson Heights,Boro Zone,false,0.053305643919778205,129_pickup
130,dropoff,2023,2,117862,11.67726972753352,0,Queens,Jamaica,Boro Zone,false,0.015246065332128762,130_dropoff
130,dropoff,2023,3,141967,11.863349915209445,0,Queens,Jamaica,Boro Zone,false,0.015246065332128762,130_dropoff
130,dropoff,2023,4,129210,11.769194266716266,0,Queens,Jamaica,Boro Zone,false,0.015246065332128762,130_dropoff
130,dropoff,2023,5,136736,11.825807338443752,0,Queens,Jamaica,Boro Zone,false,0.015246065332128762,130_dropoff
130,dropoff,2024,2,142611,11.867875922837214,1,Queens,Jamaica,Boro Zone,false,0.015246065332128762,130_dropoff
130,dropoff,2024,3,158738,11.975010323346647,1,Queens,Jamaica,Boro Zone,false,0.015246065332128762,130_dropoff
130,dropoff,2024,4,149538,11.915305820116469,1,Queens,Jamaica,Boro Zone,false,0.015246065332128762,130_dropoff
130,dropoff,2024,5,155687,11.955602860437757,1,Queens,Jamaica,Boro Zone,false,0.015246065332128762,130_dropoff
130,pickup,2023,2,113625,11.64065883147978,0,Queens,Jamaica,Boro Zone,false,0.016368358141545025,130_pickup
130,pickup,2023,3,137867,11.834044731300295,0,Queens,Jamaica,Boro Zone,false,0.016368358141545025,130_pickup
130,pickup,2023,4,126938,11.751454057261315,0,Queens,Jamaica,Boro Zone,false,0.016368358141545025,130_pickup
130,pickup,2023,5,135244,11.81483583343264,0,Queens,Jamaica,Boro Zone,false,0.016368358141545025,130_pickup
130,pickup,2024,2,139097,11.84292681046113,1,Queens,Jamaica,Boro Zone,false,0.016368358141545025,130_pickup
130,pickup,2024,3,154340,11.946913240011593,1,Queens,Jamaica,Boro Zone,false,0.016368358141545025,130_pickup
130,pickup,2024,4,144593,11.881678178129773,1,Queens,Jamaica,Boro Zone,false,0.016368358141545025,130_pickup
130,pickup,2024,5,149751,11.916729193751726,1,Queens,Jamaica,Boro Zone,false,0.016368358141545025,130_pickup
131,dropoff,2023,2,26130,10.170839358514659,0,Queens,Jamaica Estates,Boro Zone,false,0.0397840741612816,131_dropoff
131,dropoff,2023,3,30763,10.334067948122689,0,Queens,Jamaica Estates,Boro Zone,false,0.0397840741612816,131_dropoff
131,dropoff,2023,4,27851,10.23462415135353,0,Queens,Jamaica Estates,Boro Zone,false,0.0397840741612816,131_dropoff
131,dropoff,2023,5,29925,10.306449530426175,0,Queens,Jamaica Estates,Boro Zone,false,0.0397840741612816,131_dropoff
131,dropoff,2024,2,28520,10.258360874528233,1,Queens,Jamaica Estates,Boro Zone,false,0.0397840741612816,131_dropoff
131,dropoff,2024,3,31620,10.361545110763464,1,Queens,Jamaica Estates,Boro Zone,false,0.0397840741612816,131_dropoff
131,dropoff,2024,4,29828,10.303202828663686,1,Queens,Jamaica Estates,Boro Zone,false,0.0397840741612816,131_dropoff
131,dropoff,2024,5,29960,10.307618437631156,1,Queens,Jamaica Estates,Boro Zone,false,0.0397840741612816,131_dropoff
131,pickup,2023,2,26537,10.186295264571648,0,Queens,Jamaica Estates,Boro Zone,false,0.02878206510023712,131_pickup
131,pickup,2023,3,31077,10.344223274726211,0,Queens,Jamaica Estates,Boro Zone,false,0.02878206510023712,131_pickup
131,pickup,2023,4,28146,10.245160527556513,0,Queens,Jamaica Estates,Boro Zone,false,0.02878206510023712,131_pickup
131,pickup,2023,5,30215,10.316093768795659,0,Queens,Jamaica Estates,Boro Zone,false,0.02878206510023712,131_pickup
131,pickup,2024,2,29538,10.293432848986255,1,Queens,Jamaica Estates,Boro Zone,false,0.02878206510023712,131_pickup
131,pickup,2024,3,32406,10.386098869820946,1,Queens,Jamaica Estates,Boro Zone,false,0.02878206510023712,131_pickup
131,pickup,2024,4,30579,10.328068777836522,1,Queens,Jamaica Estates,Boro Zone,false,0.02878206510023712,131_pickup
131,pickup,2024,5,30523,10.326235776766852,1,Queens,Jamaica Estates,Boro Zone,false,0.02878206510023712,131_pickup
132,dropoff,2023,2,353667,12.776111071434634,0,Queens,JFK Airport,Airports,false,0.28185550332793896,132_dropoff
132,dropoff,2023,3,433329,12.979252533713655,0,Queens,JFK Airport,Airports,false,0.28185550332793896,132_dropoff
132,dropoff,2023,4,409306,12.92221832154725,0,Queens,JFK Airport,Airports,false,0.28185550332793896,132_dropoff
132,dropoff,2023,5,473951,13.06885921980617,0,Queens,JFK Airport,Airports,false,0.28185550332793896,132_dropoff
132,dropoff,2024,2,386691,12.865381203468846,1,Queens,JFK Airport,Airports,false,0.28185550332793896,132_dropoff
132,dropoff,2024,3,437611,12.989085666885494,1,Queens,JFK Airport,Airports,false,0.28185550332793896,132_dropoff
132,dropoff,2024,4,417456,12.941934428497657,1,Queens,JFK Airport,Airports,false,0.28185550332793896,132_dropoff
132,dropoff,2024,5,485020,13.091945406182797,1,Queens,JFK Airport,Airports,false,0.28185550332793896,132_dropoff
132,pickup,2023,2,290665,12.579926680261615,0,Queens,JFK Airport,Airports,false,0.24367627618920432,132_pickup
132,pickup,2023,3,363686,12.804046136970516,0,Queens,JFK Airport,Airports,false,0.24367627618920432,132_pickup
132,pickup,2023,4,358314,12.789164975931877,0,Queens,JFK Airport,Airports,false,0.24367627618920432,132_pickup
132,pickup,2023,5,387578,12.867672397841941,0,Queens,JFK Airport,Airports,false,0.24367627618920432,132_pickup
132,pickup,2024,2,314153,12.657635407363722,1,Queens,JFK Airport,Airports,false,0.24367627618920432,132_pickup
132,pickup,2024,3,370981,12.82390612734014,1,Queens,JFK Airport,Airports,false,0.24367627618920432,132_pickup
132,pickup,2024,4,364581,12.80650402796537,1,Queens,JFK Airport,Airports,false,0.24367627618920432,132_pickup
132,pickup,2024,5,395196,12.887137123347138,1,Queens,JFK Airport,Airports,false,0.24367627618920432,132_pickup
133,dropoff,2023,2,35277,10.470986472491525,0,Brooklyn,Kensington,Boro Zone,false,0.08313756985577084,133_dropoff
133,dropoff,2023,3,40633,10.612335823322157,0,Brooklyn,Kensington,Boro Zone,false,0.08313756985577084,133_dropoff
133,dropoff,2023,4,34778,10.456740281942015,0,Brooklyn,Kensington,Boro Zone,false,0.08313756985577084,133_dropoff
133,dropoff,2023,5,38727,10.56429231017482,0,Brooklyn,Kensington,Boro Zone,false,0.08313756985577084,133_dropoff
133,dropoff,2024,2,38885,10.568363851129044,1,Brooklyn,Kensington,Boro Zone,false,0.08313756985577084,133_dropoff
133,dropoff,2024,3,43063,10.670419438719087,1,Brooklyn,Kensington,Boro Zone,false,0.08313756985577084,133_dropoff
133,dropoff,2024,4,37096,10.521264426071296,1,Brooklyn,Kensington,Boro Zone,false,0.08313756985577084,133_dropoff
133,dropoff,2024,5,38216,10.551009555069799,1,Brooklyn,Kensington,Boro Zone,false,0.08313756985577084,133_dropoff
133,pickup,2023,2,34956,10.461845406747434,0,Brooklyn,Kensington,Boro Zone,false,0.0680568897427687,133_pickup
133,pickup,2023,3,40552,10.610340380152186,0,Brooklyn,Kensington,Boro Zone,false,0.0680568897427687,133_pickup
133,pickup,2023,4,34640,10.45276436267637,0,Brooklyn,Kensington,Boro Zone,false,0.0680568897427687,133_pickup
133,pickup,2023,5,39756,10.590516052087896,0,Brooklyn,Kensington,Boro Zone,false,0.0680568897427687,133_pickup
133,pickup,2024,2,37792,10.53985271899709,1,Brooklyn,Kensington,Boro Zone,false,0.0680568897427687,133_pickup
133,pickup,2024,3,41700,10.638256407786892,1,Brooklyn,Kensington,Boro Zone,false,0.0680568897427687,133_pickup
133,pickup,2024,4,36170,10.495985324946144,1,Brooklyn,Kensington,Boro Zone,false,0.0680568897427687,133_pickup
133,pickup,2024,5,37462,10.531082364855838,1,Brooklyn,Kensington,Boro Zone,false,0.0680568897427687,133_pickup
134,dropoff,2023,2,36778,10.512655119300799,0,Queens,Kew Gardens,Boro Zone,false,0.04400356334211796,134_dropoff
134,dropoff,2023,3,43524,10.681067789070903,0,Queens,Kew Gardens,Boro Zone,false,0.04400356334211796,134_dropoff
134,dropoff,2023,4,39400,10.581521095286025,0,Queens,Kew Gardens,Boro Zone,false,0.04400356334211796,134_dropoff
134,dropoff,2023,5,41944,10.644090674252368,0,Queens,Kew Gardens,Boro Zone,false,0.04400356334211796,134_dropoff
134,dropoff,2024,2,41616,10.636239987688432,1,Queens,Kew Gardens,Boro Zone,false,0.04400356334211796,134_dropoff
134,dropoff,2024,3,45355,10.722275703049045,1,Queens,Kew Gardens,Boro Zone,false,0.04400356334211796,134_dropoff
134,dropoff,2024,4,42299,10.652518724092985,1,Queens,Kew Gardens,Boro Zone,false,0.04400356334211796,134_dropoff
134,dropoff,2024,5,44722,10.708220829548091,1,Queens,Kew Gardens,Boro Zone,false,0.04400356334211796,134_dropoff
134,pickup,2023,2,36553,10.506518541152964,0,Queens,Kew Gardens,Boro Zone,false,0.03033543274965851,134_pickup
134,pickup,2023,3,43616,10.68317933449626,0,Queens,Kew Gardens,Boro Zone,false,0.03033543274965851,134_pickup
134,pickup,2023,4,39619,10.587064080156123,0,Queens,Kew Gardens,Boro Zone,false,0.03033543274965851,134_pickup
134,pickup,2023,5,42003,10.645496323286036,0,Queens,Kew Gardens,Boro Zone,false,0.03033543274965851,134_pickup
134,pickup,2024,2,41534,10.634267647902924,1,Queens,Kew Gardens,Boro Zone,false,0.03033543274965851,134_pickup
134,pickup,2024,3,45033,10.715150833328286,1,Queens,Kew Gardens,Boro Zone,false,0.03033543274965851,134_pickup
134,pickup,2024,4,41948,10.644186034954295,1,Queens,Kew Gardens,Boro Zone,false,0.03033543274965851,134_pickup
134,pickup,2024,5,44675,10.70716934002763,1,Queens,Kew Gardens,Boro Zone,false,0.03033543274965851,134_pickup
135,dropoff,2023,2,31788,10.36684413906007,0,Queens,Kew Gardens Hills,Boro Zone,false,0.05039823304999665,135_dropoff
135,dropoff,2023,3,38059,10.546892866201233,0,Queens,Kew Gardens Hills,Boro Zone,false,0.05039823304999665,135_dropoff
135,dropoff,2023,4,29775,10.3014243942235,0,Queens,Kew Gardens Hills,Boro Zone,false,0.05039823304999665,135_dropoff
135,dropoff,2023,5,34847,10.458722329269523,0,Queens,Kew Gardens Hills,Boro Zone,false,0.05039823304999665,135_dropoff
135,dropoff,2024,2,34658,10.45328385820019,1,Queens,Kew Gardens Hills,Boro Zone,false,0.05039823304999665,135_dropoff
135,dropoff,2024,3,38628,10.56173268108681,1,Queens,Kew Gardens Hills,Boro Zone,false,0.05039823304999665,135_dropoff
135,dropoff,2024,4,33318,10.413853070469662,1,Queens,Kew Gardens Hills,Boro Zone,false,0.05039823304999665,135_dropoff
135,dropoff,2024,5,37611,10.535051839784135,1,Queens,Kew Gardens Hills,Boro Zone,false,0.05039823304999665,135_dropoff
135,pickup,2023,2,32086,10.376175076911021,0,Queens,Kew Gardens Hills,Boro Zone,false,0.03899330149200763,135_pickup
135,pickup,2023,3,37220,10.524601530196241,0,Queens,Kew Gardens Hills,Boro Zone,false,0.03899330149200763,135_pickup
135,pickup,2023,4,30549,10.327087230839775,0,Queens,Kew Gardens Hills,Boro Zone,false,0.03899330149200763,135_pickup
135,pickup,2023,5,35399,10.474438850135297,0,Queens,Kew Gardens Hills,Boro Zone,false,0.03899330149200763,135_pickup
135,pickup,2024,2,34301,10.442929787247998,1,Queens,Kew Gardens Hills,Boro Zone,false,0.03899330149200763,135_pickup
135,pickup,2024,3,37918,10.543181212361983,1,Queens,Kew Gardens Hills,Boro Zone,false,0.03899330149200763,135_pickup
135,pickup,2024,4,33818,10.428748484098374,1,Queens,Kew Gardens Hills,Boro Zone,false,0.03899330149200763,135_pickup
135,pickup,2024,5,36971,10.517889100523476,1,Queens,Kew Gardens Hills,Boro Zone,false,0.03899330149200763,135_pickup
136,dropoff,2023,2,45752,10.730990785595152,0,Bronx,Kingsbridge Heights,Boro Zone,false,0.03777251942240575,136_dropoff
136,dropoff,2023,3,52852,10.875250833534107,0,Bronx,Kingsbridge Heights,Boro Zone,false,0.03777251942240575,136_dropoff
136,dropoff,2023,4,47192,10.761979665682912,0,Bronx,Kingsbridge Heights,Boro Zone,false,0.03777251942240575,136_dropoff
136,dropoff,2023,5,48181,10.782720031453678,0,Bronx,Kingsbridge Heights,Boro Zone,false,0.03777251942240575,136_dropoff
136,dropoff,2024,2,49533,10.810394393099942,1,Bronx,Kingsbridge Heights,Boro Zone,false,0.03777251942240575,136_dropoff
136,dropoff,2024,3,55079,10.916523797267468,1,Bronx,Kingsbridge Heights,Boro Zone,false,0.03777251942240575,136_dropoff
136,dropoff,2024,4,48489,10.78909224707792,1,Bronx,Kingsbridge Heights,Boro Zone,false,0.03777251942240575,136_dropoff
136,dropoff,2024,5,49464,10.809000411238404,1,Bronx,Kingsbridge Heights,Boro Zone,false,0.03777251942240575,136_dropoff
136,pickup,2023,2,46191,10.740540252898029,0,Bronx,Kingsbridge Heights,Boro Zone,false,0.03652919715385701,136_pickup
136,pickup,2023,3,53398,10.885528571063377,0,Bronx,Kingsbridge Heights,Boro Zone,false,0.03652919715385701,136_pickup
136,pickup,2023,4,48691,10.793249487064015,0,Bronx,Kingsbridge Heights,Boro Zone,false,0.03652919715385701,136_pickup
136,pickup,2023,5,50164,10.82305291694394,0,Bronx,Kingsbridge Heights,Boro Zone,false,0.03652919715385701,136_pickup
136,pickup,2024,2,50915,10.837912854605765,1,Bronx,Kingsbridge Heights,Boro Zone,false,0.03652919715385701,136_pickup
136,pickup,2024,3,56335,10.939071290598266,1,Bronx,Kingsbridge Heights,Boro Zone,false,0.03652919715385701,136_pickup
136,pickup,2024,4,51018,10.839933790613847,1,Bronx,Kingsbridge Heights,Boro Zone,false,0.03652919715385701,136_pickup
136,pickup,2024,5,52082,10.860574678602852,1,Bronx,Kingsbridge Heights,Boro Zone,false,0.03652919715385701,136_pickup
137,dropoff,2023,2,107024,11.58080838735819,0,Manhattan,Kips Bay,Yellow Zone,true,1.0,137_dropoff
137,dropoff,2023,3,117665,11.675596882841061,0,Manhattan,Kips Bay,Yellow Zone,true,1.0,137_dropoff
137,dropoff,2023,4,109796,11.606379377521488,0,Manhattan,Kips Bay,Yellow Zone,true,1.0,137_dropoff
137,dropoff,2023,5,106258,11.57362537806985,0,Manhattan,Kips Bay,Yellow Zone,true,1.0,137_dropoff
137,dropoff,2024,2,111977,11.62604877204571,1,Manhattan,Kips Bay,Yellow Zone,true,1.0,137_dropoff
137,dropoff,2024,3,119373,11.69000832371598,1,Manhattan,Kips Bay,Yellow Zone,true,1.0,137_dropoff
137,dropoff,2024,4,107205,11.58249816832219,1,Manhattan,Kips Bay,Yellow Zone,true,1.0,137_dropoff
137,dropoff,2024,5,108945,11.598598446708378,1,Manhattan,Kips Bay,Yellow Zone,true,1.0,137_dropoff
137,pickup,2023,2,109476,11.603460626133474,0,Manhattan,Kips Bay,Yellow Zone,true,1.0,137_pickup
137,pickup,2023,3,120202,11.696928939879927,0,Manhattan,Kips Bay,Yellow Zone,true,1.0,137_pickup
137,pickup,2023,4,111737,11.623903174612632,0,Manhattan,Kips Bay,Yellow Zone,true,1.0,137_pickup
137,pickup,2023,5,109562,11.604245878047928,0,Manhattan,Kips Bay,Yellow Zone,true,1.0,137_pickup
137,pickup,2024,2,112920,11.634434882367426,1,Manhattan,Kips Bay,Yellow Zone,true,1.0,137_pickup
137,pickup,2024,3,120433,11.698848860680785,1,Manhattan,Kips Bay,Yellow Zone,true,1.0,137_pickup
137,pickup,2024,4,107759,11.58765253115997,1,Manhattan,Kips Bay,Yellow Zone,true,1.0,137_pickup
137,pickup,2024,5,110524,11.612987970926754,1,Manhattan,Kips Bay,Yellow Zone,true,1.0,137_pickup
138,dropoff,2023,2,323998,12.688492621915909,0,Queens,LaGuardia Airport,Airports,false,0.41999125275728305,138_dropoff
138,dropoff,2023,3,416207,12.938938011637333,0,Queens,LaGuardia Airport,Airports,false,0.41999125275728305,138_dropoff
138,dropoff,2023,4,392648,12.880668815195245,0,Queens,LaGuardia Airport,Airports,false,0.41999125275728305,138_dropoff
138,dropoff,2023,5,444787,13.0053507948727,0,Queens,LaGuardia Airport,Airports,false,0.41999125275728305,138_dropoff
138,dropoff,2024,2,375732,12.836631402276161,1,Queens,LaGuardia Airport,Airports,false,0.41999125275728305,138_dropoff
138,dropoff,2024,3,429164,12.969594409240381,1,Queens,LaGuardia Airport,Airports,false,0.41999125275728305,138_dropoff
138,dropoff,2024,4,423370,12.956001780189101,1,Queens,LaGuardia Airport,Airports,false,0.41999125275728305,138_dropoff
138,dropoff,2024,5,478340,13.078077055692855,1,Queens,LaGuardia Airport,Airports,false,0.41999125275728305,138_dropoff
138,pickup,2023,2,283721,12.555746639911531,0,Queens,LaGuardia Airport,Airports,false,0.39993219884102393,138_pickup
138,pickup,2023,3,369213,12.819128992258538,0,Queens,LaGuardia Airport,Airports,false,0.39993219884102393,138_pickup
138,pickup,2023,4,355770,12.78203973362695,0,Queens,LaGuardia Airport,Airports,false,0.39993219884102393,138_pickup
138,pickup,2023,5,407201,12.917062200011113,0,Queens,LaGuardia Airport,Airports,false,0.39993219884102393,138_pickup
138,pickup,2024,2,336448,12.72619888417912,1,Queens,LaGuardia Airport,Airports,false,0.39993219884102393,138_pickup
138,pickup,2024,3,388313,12.869566994427947,1,Queens,LaGuardia Airport,Airports,false,0.39993219884102393,138_pickup
138,pickup,2024,4,393019,12.881613235738746,1,Queens,LaGuardia Airport,Airports,false,0.39993219884102393,138_pickup
138,pickup,2024,5,434596,12.982172142896488,1,Queens,LaGuardia Airport,Airports,false,0.39993219884102393,138_pickup
139,dropoff,2023,2,25446,10.144313838702645,0,Queens,Laurelton,Boro Zone,false,0.015560312798556315,139_dropoff
139,dropoff,2023,3,30067,10.311183503795652,0,Queens,Laurelton,Boro Zone,false,0.015560312798556315,139_dropoff
139,dropoff,2023,4,27438,10.21968419288611,0,Queens,Laurelton,Boro Zone,false,0.015560312798556315,139_dropoff
139,dropoff,2023,5,30093,10.312047865551595,0,Queens,Laurelton,Boro Zone,false,0.015560312798556315,139_dropoff
139,dropoff,2024,2,28084,10.24295529813714,1,Queens,Laurelton,Boro Zone,false,0.015560312798556315,139_dropoff
139,dropoff,2024,3,32194,10.379535378766175,1,Queens,Laurelton,Boro Zone,false,0.015560312798556315,139_dropoff
139,dropoff,2024,4,29571,10.294549430333548,1,Queens,Laurelton,Boro Zone,false,0.015560312798556315,139_dropoff
139,dropoff,2024,5,31850,10.36879266100031,1,Queens,Laurelton,Boro Zone,false,0.015560312798556315,139_dropoff
139,pickup,2023,2,31151,10.346601626429049,0,Queens,Laurelton,Boro Zone,false,0.010936978024372176,139_pickup
139,pickup,2023,3,36472,10.504300121893277,0,Queens,Laurelton,Boro Zone,false,0.010936978024372176,139_pickup
139,pickup,2023,4,33616,10.422757423084782,0,Queens,Laurelton,Boro Zone,false,0.010936978024372176,139_pickup
139,pickup,2023,5,36459,10.50394362053891,0,Queens,Laurelton,Boro Zone,false,0.010936978024372176,139_pickup
139,pickup,2024,2,34312,10.443250426196716,1,Queens,Laurelton,Boro Zone,false,0.010936978024372176,139_pickup
139,pickup,2024,3,38941,10.569802959130607,1,Queens,Laurelton,Boro Zone,false,0.010936978024372176,139_pickup
139,pickup,2024,4,36304,10.499683207019624,1,Queens,Laurelton,Boro Zone,false,0.010936978024372176,139_pickup
139,pickup,2024,5,38843,10.567283159381214,1,Queens,Laurelton,Boro Zone,false,0.010936978024372176,139_pickup
140,dropoff,2023,2,113793,11.642136287358912,0,Manhattan,Lenox Hill East,Yellow Zone,false,0.3941181320597954,140_dropoff
140,dropoff,2023,3,127887,11.758902340493306,0,Manhattan,Lenox Hill East,Yellow Zone,false,0.3941181320597954,140_dropoff
140,dropoff,2023,4,114367,11.64716785477634,0,Manhattan,Lenox Hill East,Yellow Zone,false,0.3941181320597954,140_dropoff
140,dropoff,2023,5,116966,11.66963857325743,0,Manhattan,Lenox Hill East,Yellow Zone,false,0.3941181320597954,140_dropoff
140,dropoff,2024,2,123225,11.721767231573578,1,Manhattan,Lenox Hill East,Yellow Zone,false,0.3941181320597954,140_dropoff
140,dropoff,2024,3,128356,11.762562932382362,1,Manhattan,Lenox Hill East,Yellow Zone,false,0.3941181320597954,140_dropoff
140,dropoff,2024,4,120261,11.697419659875802,1,Manhattan,Lenox Hill East,Yellow Zone,false,0.3941181320597954,140_dropoff
140,dropoff,2024,5,123033,11.720207891053436,1,Manhattan,Lenox Hill East,Yellow Zone,false,0.3941181320597954,140_dropoff
140,pickup,2023,2,112870,11.633991992949673,0,Manhattan,Lenox Hill East,Yellow Zone,false,0.40040053007585863,140_pickup
140,pickup,2023,3,127225,11.753712451457034,0,Manhattan,Lenox Hill East,Yellow Zone,false,0.40040053007585863,140_pickup
140,pickup,2023,4,113268,11.637511971112945,0,Manhattan,Lenox Hill East,Yellow Zone,false,0.40040053007585863,140_pickup
140,pickup,2023,5,117513,11.674304244744258,0,Manhattan,Lenox Hill East,Yellow Zone,false,0.40040053007585863,140_pickup
140,pickup,2024,2,119738,11.69306130148366,1,Manhattan,Lenox Hill East,Yellow Zone,false,0.40040053007585863,140_pickup
140,pickup,2024,3,125768,11.742194218871349,1,Manhattan,Lenox Hill East,Yellow Zone,false,0.40040053007585863,140_pickup
140,pickup,2024,4,118205,11.680175684243897,1,Manhattan,Lenox Hill East,Yellow Zone,false,0.40040053007585863,140_pickup
140,pickup,2024,5,120956,11.703182122083508,1,Manhattan,Lenox Hill East,Yellow Zone,false,0.40040053007585863,140_pickup
141,dropoff,2023,2,115370,11.655899633921335,0,Manhattan,Lenox Hill West,Yellow Zone,false,0.4636661440607752,141_dropoff
141,dropoff,2023,3,123892,11.727165497332457,0,Manhattan,Lenox Hill West,Yellow Zone,false,0.4636661440607752,141_dropoff
141,dropoff,2023,4,117657,11.675528890898079,0,Manhattan,Lenox Hill West,Yellow Zone,false,0.4636661440607752,141_dropoff
141,dropoff,2023,5,113799,11.642189013289537,0,Manhattan,Lenox Hill West,Yellow Zone,false,0.4636661440607752,141_dropoff
141,dropoff,2024,2,115049,11.65311340355264,1,Manhattan,Lenox Hill West,Yellow Zone,false,0.4636661440607752,141_dropoff
141,dropoff,2024,3,121722,11.709495035029384,1,Manhattan,Lenox Hill West,Yellow Zone,false,0.4636661440607752,141_dropoff
141,dropoff,2024,4,111069,11.617906908789402,1,Manhattan,Lenox Hill West,Yellow Zone,false,0.4636661440607752,141_dropoff
141,dropoff,2024,5,113256,11.637406022074334,1,Manhattan,Lenox Hill West,Yellow Zone,false,0.4636661440607752,141_dropoff
141,pickup,2023,2,127543,11.756208841624927,0,Manhattan,Lenox Hill West,Yellow Zone,false,0.43229630019730025,141_pickup
141,pickup,2023,3,139382,11.844973644150572,0,Manhattan,Lenox Hill West,Yellow Zone,false,0.43229630019730025,141_pickup
141,pickup,2023,4,132175,11.791882081103651,0,Manhattan,Lenox Hill West,Yellow Zone,false,0.43229630019730025,141_pickup
141,pickup,2023,5,132577,11.794918887692031,0,Manhattan,Lenox Hill West,Yellow Zone,false,0.43229630019730025,141_pickup
141,pickup,2024,2,131171,11.784257094474574,1,Manhattan,Lenox Hill West,Yellow Zone,false,0.43229630019730025,141_pickup
141,pickup,2024,3,140751,11.854747650772435,1,Manhattan,Lenox Hill West,Yellow Zone,false,0.43229630019730025,141_pickup
141,pickup,2024,4,130114,11.776166268242235,1,Manhattan,Lenox Hill West,Yellow Zone,false,0.43229630019730025,141_pickup
141,pickup,2024,5,137133,11.828706536805575,1,Manhattan,Lenox Hill West,Yellow Zone,false,0.43229630019730025,141_pickup
142,dropoff,2023,2,125200,11.737667737648135,0,Manhattan,Lincoln Square East,Yellow Zone,false,0.45591604149034876,142_dropoff
142,dropoff,2023,3,136948,11.827356570714562,0,Manhattan,Lincoln Square East,Yellow Zone,false,0.45591604149034876,142_dropoff
142,dropoff,2023,4,137217,11.82931889330366,0,Manhattan,Lincoln Square East,Yellow Zone,false,0.45591604149034876,142_dropoff
142,dropoff,2023,5,140616,11.853788049892735,0,Manhattan,Lincoln Square East,Yellow Zone,false,0.45591604149034876,142_dropoff
142,dropoff,2024,2,127330,11.75453742056748,1,Manhattan,Lincoln Square East,Yellow Zone,false,0.45591604149034876,142_dropoff
142,dropoff,2024,3,137336,11.830185756950765,1,Manhattan,Lincoln Square East,Yellow Zone,false,0.45591604149034876,142_dropoff
142,dropoff,2024,4,135648,11.817818574152364,1,Manhattan,Lincoln Square East,Yellow Zone,false,0.45591604149034876,142_dropoff
142,dropoff,2024,5,138400,11.837903322165706,1,Manhattan,Lincoln Square East,Yellow Zone,false,0.45591604149034876,142_dropoff
142,pickup,2023,2,130216,11.776949889071334,0,Manhattan,Lincoln Square East,Yellow Zone,false,0.43202279003719934,142_pickup
142,pickup,2023,3,146174,11.892552971905369,0,Manhattan,Lincoln Square East,Yellow Zone,false,0.43202279003719934,142_pickup
142,pickup,2023,4,145797,11.889970522213316,0,Manhattan,Lincoln Square East,Yellow Zone,false,0.43202279003719934,142_pickup
142,pickup,2023,5,151748,11.929976529263229,0,Manhattan,Lincoln Square East,Yellow Zone,false,0.43202279003719934,142_pickup
142,pickup,2024,2,133759,11.803794952214027,1,Manhattan,Lincoln Square East,Yellow Zone,false,0.43202279003719934,142_pickup
142,pickup,2024,3,147514,11.901678365512081,1,Manhattan,Lincoln Square East,Yellow Zone,false,0.43202279003719934,142_pickup
142,pickup,2024,4,145675,11.889133392011274,1,Manhattan,Lincoln Square East,Yellow Zone,false,0.43202279003719934,142_pickup
142,pickup,2024,5,151046,11.925339705166598,1,Manhattan,Lincoln Square East,Yellow Zone,false,0.43202279003719934,142_pickup
143,dropoff,2023,2,80345,11.294085141475854,0,Manhattan,Lincoln Square West,Yellow Zone,false,0.48012349744274496,143_dropoff
143,dropoff,2023,3,86893,11.372432755649935,0,Manhattan,Lincoln Square West,Yellow Zone,false,0.48012349744274496,143_dropoff
143,dropoff,2023,4,80756,11.299187541730115,0,Manhattan,Lincoln Square West,Yellow Zone,false,0.48012349744274496,143_dropoff
143,dropoff,2023,5,83025,11.326897046244948,0,Manhattan,Lincoln Square West,Yellow Zone,false,0.48012349744274496,143_dropoff
143,dropoff,2024,2,81621,11.309841860783788,1,Manhattan,Lincoln Square West,Yellow Zone,false,0.48012349744274496,143_dropoff
143,dropoff,2024,3,83467,11.33220662314222,1,Manhattan,Lincoln Square West,Yellow Zone,false,0.48012349744274496,143_dropoff
143,dropoff,2024,4,79943,11.28906915970726,1,Manhattan,Lincoln Square West,Yellow Zone,false,0.48012349744274496,143_dropoff
143,dropoff,2024,5,80683,11.298283175313381,1,Manhattan,Lincoln Square West,Yellow Zone,false,0.48012349744274496,143_dropoff
143,pickup,2023,2,101760,11.530372378573949,0,Manhattan,Lincoln Square West,Yellow Zone,false,0.46192643563938746,143_pickup
143,pickup,2023,3,111259,11.619616095632754,0,Manhattan,Lincoln Square West,Yellow Zone,false,0.46192643563938746,143_pickup
143,pickup,2023,4,105091,11.562581920467618,0,Manhattan,Lincoln Square West,Yellow Zone,false,0.46192643563938746,143_pickup
143,pickup,2023,5,108564,11.595095139813742,0,Manhattan,Lincoln Square West,Yellow Zone,false,0.46192643563938746,143_pickup
143,pickup,2024,2,104769,11.55951320558446,1,Manhattan,Lincoln Square West,Yellow Zone,false,0.46192643563938746,143_pickup
143,pickup,2024,3,107865,11.588635724204703,1,Manhattan,Lincoln Square West,Yellow Zone,false,0.46192643563938746,143_pickup
143,pickup,2024,4,105064,11.562324967264995,1,Manhattan,Lincoln Square West,Yellow Zone,false,0.46192643563938746,143_pickup
143,pickup,2024,5,106822,11.578919176804051,1,Manhattan,Lincoln Square West,Yellow Zone,false,0.46192643563938746,143_pickup
144,dropoff,2023,2,128820,11.766171360100882,0,Manhattan,Little Italy/NoLiTa,Yellow Zone,true,1.0,144_dropoff
144,dropoff,2023,3,131282,11.785102960260968,0,Manhattan,Little Italy/NoLiTa,Yellow Zone,true,1.0,144_dropoff
144,dropoff,2023,4,131414,11.786107924258207,0,Manhattan,Little Italy/NoLiTa,Yellow Zone,true,1.0,144_dropoff
144,dropoff,2023,5,124106,11.728891318130332,0,Manhattan,Little Italy/NoLiTa,Yellow Zone,true,1.0,144_dropoff
144,dropoff,2024,2,126605,11.7488272823831,1,Manhattan,Little Italy/NoLiTa,Yellow Zone,true,1.0,144_dropoff
144,dropoff,2024,3,130786,11.781317678637583,1,Manhattan,Little Italy/NoLiTa,Yellow Zone,true,1.0,144_dropoff
144,dropoff,2024,4,117751,11.676327504411605,1,Manhattan,Little Italy/NoLiTa,Yellow Zone,true,1.0,144_dropoff
144,dropoff,2024,5,122898,11.71911002202871,1,Manhattan,Little Italy/NoLiTa,Yellow Zone,true,1.0,144_dropoff
144,pickup,2023,2,150977,11.92488278631472,0,Manhattan,Little Italy/NoLiTa,Yellow Zone,true,1.0,144_pickup
144,pickup,2023,3,156970,11.963809983269252,0,Manhattan,Little Italy/NoLiTa,Yellow Zone,true,1.0,144_pickup
144,pickup,2023,4,156470,11.960619577296104,0,Manhattan,Little Italy/NoLiTa,Yellow Zone,true,1.0,144_pickup
144,pickup,2023,5,148881,11.910902608112488,0,Manhattan,Little Italy/NoLiTa,Yellow Zone,true,1.0,144_pickup
144,pickup,2024,2,151602,11.929013944715523,1,Manhattan,Little Italy/NoLiTa,Yellow Zone,true,1.0,144_pickup
144,pickup,2024,3,157203,11.965293242764613,1,Manhattan,Little Italy/NoLiTa,Yellow Zone,true,1.0,144_pickup
144,pickup,2024,4,142463,11.866837595853365,1,Manhattan,Little Italy/NoLiTa,Yellow Zone,true,1.0,144_pickup
144,pickup,2024,5,150914,11.924465417125745,1,Manhattan,Little Italy/NoLiTa,Yellow Zone,true,1.0,144_pickup
145,dropoff,2023,2,139799,11.84796095568044,0,Queens,Long Island City/Hunters Point,Boro Zone,false,0.2831776205102615,145_dropoff
145,dropoff,2023,3,152796,11.936858977361435,0,Queens,Long Island City/Hunters Point,Boro Zone,false,0.2831776205102615,145_dropoff
145,dropoff,2023,4,147623,11.902417005567077,0,Queens,Long Island City/Hunters Point,Boro Zone,false,0.2831776205102615,145_dropoff
145,dropoff,2023,5,152968,11.937984028172796,0,Queens,Long Island City/Hunters Point,Boro Zone,false,0.2831776205102615,145_dropoff
145,dropoff,2024,2,150889,11.924299746141314,1,Queens,Long Island City/Hunters Point,Boro Zone,false,0.2831776205102615,145_dropoff
145,dropoff,2024,3,170101,12.04414765726144,1,Queens,Long Island City/Hunters Point,Boro Zone,false,0.2831776205102615,145_dropoff
145,dropoff,2024,4,156026,11.957777939010995,1,Queens,Long Island City/Hunters Point,Boro Zone,false,0.2831776205102615,145_dropoff
145,dropoff,2024,5,166245,12.021217882877863,1,Queens,Long Island City/Hunters Point,Boro Zone,false,0.2831776205102615,145_dropoff
145,pickup,2023,2,141084,11.857110736655741,0,Queens,Long Island City/Hunters Point,Boro Zone,false,0.2292533453277859,145_pickup
145,pickup,2023,3,154560,11.948337649446344,0,Queens,Long Island City/Hunters Point,Boro Zone,false,0.2292533453277859,145_pickup
145,pickup,2023,4,151056,11.925405907972298,0,Queens,Long Island City/Hunters Point,Boro Zone,false,0.2292533453277859,145_pickup
145,pickup,2023,5,158024,11.970502199207836,0,Queens,Long Island City/Hunters Point,Boro Zone,false,0.2292533453277859,145_pickup
145,pickup,2024,2,151421,11.927819315782894,1,Queens,Long Island City/Hunters Point,Boro Zone,false,0.2292533453277859,145_pickup
145,pickup,2024,3,175143,12.073358062083333,1,Queens,Long Island City/Hunters Point,Boro Zone,false,0.2292533453277859,145_pickup
145,pickup,2024,4,157707,11.968494160044639,1,Queens,Long Island City/Hunters Point,Boro Zone,false,0.2292533453277859,145_pickup
145,pickup,2024,5,170268,12.045128945295314,1,Queens,Long Island City/Hunters Point,Boro Zone,false,0.2292533453277859,145_pickup
146,dropoff,2023,2,45240,10.719736930230058,0,Queens,Long Island City/Queens Plaza,Boro Zone,false,0.22206020792403405,146_dropoff
146,dropoff,2023,3,51046,10.840482465968575,0,Queens,Long Island City/Queens Plaza,Boro Zone,false,0.22206020792403405,146_dropoff
146,dropoff,2023,4,48188,10.782865306386743,0,Queens,Long Island City/Queens Plaza,Boro Zone,false,0.22206020792403405,146_dropoff
146,dropoff,2023,5,50982,10.839227908231596,0,Queens,Long Island City/Queens Plaza,Boro Zone,false,0.22206020792403405,146_dropoff
146,dropoff,2024,2,48673,10.792879740541583,1,Queens,Long Island City/Queens Plaza,Boro Zone,false,0.22206020792403405,146_dropoff
146,dropoff,2024,3,55447,10.923182888519593,1,Queens,Long Island City/Queens Plaza,Boro Zone,false,0.22206020792403405,146_dropoff
146,dropoff,2024,4,49221,10.804075640682992,1,Queens,Long Island City/Queens Plaza,Boro Zone,false,0.22206020792403405,146_dropoff
146,dropoff,2024,5,52831,10.874853418618248,1,Queens,Long Island City/Queens Plaza,Boro Zone,false,0.22206020792403405,146_dropoff
146,pickup,2023,2,45087,10.716349235602204,0,Queens,Long Island City/Queens Plaza,Boro Zone,false,0.17229006575604047,146_pickup
146,pickup,2023,3,50739,10.834450124642151,0,Queens,Long Island City/Queens Plaza,Boro Zone,false,0.17229006575604047,146_pickup
146,pickup,2023,4,48014,10.779247914030242,0,Queens,Long Island City/Queens Plaza,Boro Zone,false,0.17229006575604047,146_pickup
146,pickup,2023,5,50971,10.839012122525581,0,Queens,Long Island City/Queens Plaza,Boro Zone,false,0.17229006575604047,146_pickup
146,pickup,2024,2,46350,10.743976570994,1,Queens,Long Island City/Queens Plaza,Boro Zone,false,0.17229006575604047,146_pickup
146,pickup,2024,3,53914,10.895145463430168,1,Queens,Long Island City/Queens Plaza,Boro Zone,false,0.17229006575604047,146_pickup
146,pickup,2024,4,47538,10.769284670193297,1,Queens,Long Island City/Queens Plaza,Boro Zone,false,0.17229006575604047,146_pickup
146,pickup,2024,5,49950,10.8187777840767,1,Queens,Long Island City/Queens Plaza,Boro Zone,false,0.17229006575604047,146_pickup
147,dropoff,2023,2,34041,10.4353209594591,0,Bronx,Longwood,Boro Zone,false,0.04250682647142848,147_dropoff
147,dropoff,2023,3,41108,10.623958028744964,0,Bronx,Longwood,Boro Zone,false,0.04250682647142848,147_dropoff
147,dropoff,2023,4,37159,10.522961281909057,0,Bronx,Longwood,Boro Zone,false,0.04250682647142848,147_dropoff
147,dropoff,2023,5,38209,10.550826368939093,0,Bronx,Longwood,Boro Zone,false,0.04250682647142848,147_dropoff
147,dropoff,2024,2,38065,10.547050503740312,1,Bronx,Longwood,Boro Zone,false,0.04250682647142848,147_dropoff
147,dropoff,2024,3,43407,10.67837599740519,1,Bronx,Longwood,Boro Zone,false,0.04250682647142848,147_dropoff
147,dropoff,2024,4,38589,10.560722540746825,1,Bronx,Longwood,Boro Zone,false,0.04250682647142848,147_dropoff
147,dropoff,2024,5,39758,10.590566357694467,1,Bronx,Longwood,Boro Zone,false,0.04250682647142848,147_dropoff
147,pickup,2023,2,35793,10.48550762254391,0,Bronx,Longwood,Boro Zone,false,0.03687383605315489,147_pickup
147,pickup,2023,3,43588,10.682537162096777,0,Bronx,Longwood,Boro Zone,false,0.03687383605315489,147_pickup
147,pickup,2023,4,38735,10.564498863066003,0,Bronx,Longwood,Boro Zone,false,0.03687383605315489,147_pickup
147,pickup,2023,5,40289,10.603833757822766,0,Bronx,Longwood,Boro Zone,false,0.03687383605315489,147_pickup
147,pickup,2024,2,39919,10.59460768001144,1,Bronx,Longwood,Boro Zone,false,0.03687383605315489,147_pickup
147,pickup,2024,3,45609,10.727860344448946,1,Bronx,Longwood,Boro Zone,false,0.03687383605315489,147_pickup
147,pickup,2024,4,41100,10.623763400484325,1,Bronx,Longwood,Boro Zone,false,0.03687383605315489,147_pickup
147,pickup,2024,5,43188,10.673317957867031,1,Bronx,Longwood,Boro Zone,false,0.03687383605315489,147_pickup
148,dropoff,2023,2,166796,12.024526787803891,0,Manhattan,Lower East Side,Yellow Zone,true,1.0,148_dropoff
148,dropoff,2023,3,175314,12.074333930812282,0,Manhattan,Lower East Side,Yellow Zone,true,1.0,148_dropoff
148,dropoff,2023,4,174277,12.068401266404084,0,Manhattan,Lower East Side,Yellow Zone,true,1.0,148_dropoff
148,dropoff,2023,5,165814,12.018621957201786,0,Manhattan,Lower East Side,Yellow Zone,true,1.0,148_dropoff
148,dropoff,2024,2,168042,12.031969227140603,1,Manhattan,Lower East Side,Yellow Zone,true,1.0,148_dropoff
148,dropoff,2024,3,172191,12.056359604801552,1,Manhattan,Lower East Side,Yellow Zone,true,1.0,148_dropoff
148,dropoff,2024,4,153615,11.942204751177648,1,Manhattan,Lower East Side,Yellow Zone,true,1.0,148_dropoff
148,dropoff,2024,5,161063,11.989550871774846,1,Manhattan,Lower East Side,Yellow Zone,true,1.0,148_dropoff
148,pickup,2023,2,209691,12.253390297514052,0,Manhattan,Lower East Side,Yellow Zone,true,1.0,148_pickup
148,pickup,2023,3,218203,12.293181101140854,0,Manhattan,Lower East Side,Yellow Zone,true,1.0,148_pickup
148,pickup,2023,4,220862,12.305293351070398,0,Manhattan,Lower East Side,Yellow Zone,true,1.0,148_pickup
148,pickup,2023,5,212174,12.265161971736163,0,Manhattan,Lower East Side,Yellow Zone,true,1.0,148_pickup
148,pickup,2024,2,215008,12.278430515719876,1,Manhattan,Lower East Side,Yellow Zone,true,1.0,148_pickup
148,pickup,2024,3,223664,12.31790020471091,1,Manhattan,Lower East Side,Yellow Zone,true,1.0,148_pickup
148,pickup,2024,4,199590,12.204020541404043,1,Manhattan,Lower East Side,Yellow Zone,true,1.0,148_pickup
148,pickup,2024,5,209650,12.253194752598908,1,Manhattan,Lower East Side,Yellow Zone,true,1.0,148_pickup
149,dropoff,2023,2,39846,10.592777302768768,0,Brooklyn,Madison,Boro Zone,false,0.03536379418259976,149_dropoff
149,dropoff,2023,3,47141,10.760898389671993,0,Brooklyn,Madison,Boro Zone,false,0.03536379418259976,149_dropoff
149,dropoff,2023,4,39242,10.577502880780047,0,Brooklyn,Madison,Boro Zone,false,0.03536379418259976,149_dropoff
149,dropoff,2023,5,43125,10.67185815433366,0,Brooklyn,Madison,Boro Zone,false,0.03536379418259976,149_dropoff
149,dropoff,2024,2,45432,10.723971981557268,1,Brooklyn,Madison,Boro Zone,false,0.03536379418259976,149_dropoff
149,dropoff,2024,3,50381,10.827369398856096,1,Brooklyn,Madison,Boro Zone,false,0.03536379418259976,149_dropoff
149,dropoff,2024,4,46231,10.741405847723883,1,Brooklyn,Madison,Boro Zone,false,0.03536379418259976,149_dropoff
149,dropoff,2024,5,47900,10.776870783399007,1,Brooklyn,Madison,Boro Zone,false,0.03536379418259976,149_dropoff
149,pickup,2023,2,39426,10.582180776125924,0,Brooklyn,Madison,Boro Zone,false,0.02636089986392474,149_pickup
149,pickup,2023,3,47002,10.757945432978323,0,Brooklyn,Madison,Boro Zone,false,0.02636089986392474,149_pickup
149,pickup,2023,4,39887,10.593805735252527,0,Brooklyn,Madison,Boro Zone,false,0.02636089986392474,149_pickup
149,pickup,2023,5,43444,10.679228031399926,0,Brooklyn,Madison,Boro Zone,false,0.02636089986392474,149_pickup
149,pickup,2024,2,45315,10.721393382488882,1,Brooklyn,Madison,Boro Zone,false,0.02636089986392474,149_pickup
149,pickup,2024,3,50264,10.825044394082783,1,Brooklyn,Madison,Boro Zone,false,0.02636089986392474,149_pickup
149,pickup,2024,4,46697,10.75143520176483,1,Brooklyn,Madison,Boro Zone,false,0.02636089986392474,149_pickup
149,pickup,2024,5,48150,10.782076417226271,1,Brooklyn,Madison,Boro Zone,false,0.02636089986392474,149_pickup
150,dropoff,2023,2,18127,9.805157818462918,0,Brooklyn,Manhattan Beach,Boro Zone,false,0.03125182819099769,150_dropoff
150,dropoff,2023,3,23279,10.055306945596307,0,Brooklyn,Manhattan Beach,Boro Zone,false,0.03125182819099769,150_dropoff
150,dropoff,2023,4,20672,9.936535406582328,0,Brooklyn,Manhattan Beach,Boro Zone,false,0.03125182819099769,150_dropoff
150,dropoff,2023,5,23389,10.060021105350893,0,Brooklyn,Manhattan Beach,Boro Zone,false,0.03125182819099769,150_dropoff
150,dropoff,2024,2,20201,9.913487387114461,1,Brooklyn,Manhattan Beach,Boro Zone,false,0.03125182819099769,150_dropoff
150,dropoff,2024,3,26004,10.16600565132436,1,Brooklyn,Manhattan Beach,Boro Zone,false,0.03125182819099769,150_dropoff
150,dropoff,2024,4,23632,10.07035700477116,1,Brooklyn,Manhattan Beach,Boro Zone,false,0.03125182819099769,150_dropoff
150,dropoff,2024,5,25966,10.164543268920198,1,Brooklyn,Manhattan Beach,Boro Zone,false,0.03125182819099769,150_dropoff
150,pickup,2023,2,16521,9.712387577930592,0,Brooklyn,Manhattan Beach,Boro Zone,false,0.029377591169558213,150_pickup
150,pickup,2023,3,20167,9.911802884139842,0,Brooklyn,Manhattan Beach,Boro Zone,false,0.029377591169558213,150_pickup
150,pickup,2023,4,18370,9.818474178209172,0,Brooklyn,Manhattan Beach,Boro Zone,false,0.029377591169558213,150_pickup
150,pickup,2023,5,20680,9.936922328622366,0,Brooklyn,Manhattan Beach,Boro Zone,false,0.029377591169558213,150_pickup
150,pickup,2024,2,18332,9.816403445629014,1,Brooklyn,Manhattan Beach,Boro Zone,false,0.029377591169558213,150_pickup
150,pickup,2024,3,22119,10.00419224665776,1,Brooklyn,Manhattan Beach,Boro Zone,false,0.029377591169558213,150_pickup
150,pickup,2024,4,20841,9.94467747936099,1,Brooklyn,Manhattan Beach,Boro Zone,false,0.029377591169558213,150_pickup
150,pickup,2024,5,22463,10.019624790165171,1,Brooklyn,Manhattan Beach,Boro Zone,false,0.029377591169558213,150_pickup
151,dropoff,2023,2,50018,10.82013821962583,0,Manhattan,Manhattan Valley,Yellow Zone,false,0.2723454571252897,151_dropoff
151,dropoff,2023,3,54569,10.907221234925327,0,Manhattan,Manhattan Valley,Yellow Zone,false,0.2723454571252897,151_dropoff
151,dropoff,2023,4,52664,10.871687389147713,0,Manhattan,Manhattan Valley,Yellow Zone,false,0.2723454571252897,151_dropoff
151,dropoff,2023,5,54179,10.900048658473553,0,Manhattan,Manhattan Valley,Yellow Zone,false,0.2723454571252897,151_dropoff
151,dropoff,2024,2,53250,10.882753083571671,1,Manhattan,Manhattan Valley,Yellow Zone,false,0.2723454571252897,151_dropoff
151,dropoff,2024,3,56394,10.940118048848356,1,Manhattan,Manhattan Valley,Yellow Zone,false,0.2723454571252897,151_dropoff
151,dropoff,2024,4,53319,10.884048019428102,1,Manhattan,Manhattan Valley,Yellow Zone,false,0.2723454571252897,151_dropoff
151,dropoff,2024,5,55906,10.931426987909191,1,Manhattan,Manhattan Valley,Yellow Zone,false,0.2723454571252897,151_dropoff
151,pickup,2023,2,55470,10.92359761304928,0,Manhattan,Manhattan Valley,Yellow Zone,false,0.22822786039812637,151_pickup
151,pickup,2023,3,61033,11.01916998048313,0,Manhattan,Manhattan Valley,Yellow Zone,false,0.22822786039812637,151_pickup
151,pickup,2023,4,58992,10.985157120473925,0,Manhattan,Manhattan Valley,Yellow Zone,false,0.22822786039812637,151_pickup
151,pickup,2023,5,61264,11.022947673717075,0,Manhattan,Manhattan Valley,Yellow Zone,false,0.22822786039812637,151_pickup
151,pickup,2024,2,59948,11.001232798764887,1,Manhattan,Manhattan Valley,Yellow Zone,false,0.22822786039812637,151_pickup
151,pickup,2024,3,62426,11.041737134242736,1,Manhattan,Manhattan Valley,Yellow Zone,false,0.22822786039812637,151_pickup
151,pickup,2024,4,60840,11.016002746373228,1,Manhattan,Manhattan Valley,Yellow Zone,false,0.22822786039812637,151_pickup
151,pickup,2024,5,61973,11.034454085305622,1,Manhattan,Manhattan Valley,Yellow Zone,false,0.22822786039812637,151_pickup
152,dropoff,2023,2,46179,10.740280428278185,0,Manhattan,Manhattanville,Boro Zone,false,0.14911188240098,152_dropoff
152,dropoff,2023,3,51663,10.852497136973009,0,Manhattan,Manhattanville,Boro Zone,false,0.14911188240098,152_dropoff
152,dropoff,2023,4,48822,10.795936309924713,0,Manhattan,Manhattanville,Boro Zone,false,0.14911188240098,152_dropoff
152,dropoff,2023,5,49256,10.804786466591047,0,Manhattan,Manhattanville,Boro Zone,false,0.14911188240098,152_dropoff
152,dropoff,2024,2,48329,10.785787073542922,1,Manhattan,Manhattanville,Boro Zone,false,0.14911188240098,152_dropoff
152,dropoff,2024,3,50360,10.826952488158284,1,Manhattan,Manhattanville,Boro Zone,false,0.14911188240098,152_dropoff
152,dropoff,2024,4,47874,10.776327838536336,1,Manhattan,Manhattanville,Boro Zone,false,0.14911188240098,152_dropoff
152,dropoff,2024,5,47921,10.777309100685118,1,Manhattan,Manhattanville,Boro Zone,false,0.14911188240098,152_dropoff
152,pickup,2023,2,44118,10.694623141424277,0,Manhattan,Manhattanville,Boro Zone,false,0.1427676217641212,152_pickup
152,pickup,2023,3,48580,10.790967202556164,0,Manhattan,Manhattanville,Boro Zone,false,0.1427676217641212,152_pickup
152,pickup,2023,4,46088,10.73830789141222,0,Manhattan,Manhattanville,Boro Zone,false,0.1427676217641212,152_pickup
152,pickup,2023,5,46326,10.74345863753687,0,Manhattan,Manhattanville,Boro Zone,false,0.1427676217641212,152_pickup
152,pickup,2024,2,45957,10.735461455680806,1,Manhattan,Manhattanville,Boro Zone,false,0.1427676217641212,152_pickup
152,pickup,2024,3,47275,10.763736893526659,1,Manhattan,Manhattanville,Boro Zone,false,0.1427676217641212,152_pickup
152,pickup,2024,4,47226,10.762699867370506,1,Manhattan,Manhattanville,Boro Zone,false,0.1427676217641212,152_pickup
152,pickup,2024,5,46864,10.755005069067515,1,Manhattan,Manhattanville,Boro Zone,false,0.1427676217641212,152_pickup
153,dropoff,2023,2,13417,9.504277838590472,0,Manhattan,Marble Hill,Boro Zone,false,0.03547824886542079,153_dropoff
153,dropoff,2023,3,15635,9.65726726989194,0,Manhattan,Marble Hill,Boro Zone,false,0.03547824886542079,153_dropoff
153,dropoff,2023,4,14292,9.5674552191433,0,Manhattan,Marble Hill,Boro Zone,false,0.03547824886542079,153_dropoff
153,dropoff,2023,5,14607,9.589256144850811,0,Manhattan,Marble Hill,Boro Zone,false,0.03547824886542079,153_dropoff
153,dropoff,2024,2,15222,9.630497028827337,1,Manhattan,Marble Hill,Boro Zone,false,0.03547824886542079,153_dropoff
153,dropoff,2024,3,16836,9.731274729890462,1,Manhattan,Marble Hill,Boro Zone,false,0.03547824886542079,153_dropoff
153,dropoff,2024,4,14840,9.605081516721372,1,Manhattan,Marble Hill,Boro Zone,false,0.03547824886542079,153_dropoff
153,dropoff,2024,5,15596,9.654769750102489,1,Manhattan,Marble Hill,Boro Zone,false,0.03547824886542079,153_dropoff
153,pickup,2023,2,16214,9.693630345547652,0,Manhattan,Marble Hill,Boro Zone,false,0.03053721813743193,153_pickup
153,pickup,2023,3,18727,9.837721611760509,0,Manhattan,Marble Hill,Boro Zone,false,0.03053721813743193,153_pickup
153,pickup,2023,4,17062,9.74460904746864,0,Manhattan,Marble Hill,Boro Zone,false,0.03053721813743193,153_pickup
153,pickup,2023,5,17224,9.754059039044199,0,Manhattan,Marble Hill,Boro Zone,false,0.03053721813743193,153_pickup
153,pickup,2024,2,19161,9.860632242229698,1,Manhattan,Marble Hill,Boro Zone,false,0.03053721813743193,153_pickup
153,pickup,2024,3,20296,9.918179101279117,1,Manhattan,Marble Hill,Boro Zone,false,0.03053721813743193,153_pickup
153,pickup,2024,4,18438,9.82216903135854,1,Manhattan,Marble Hill,Boro Zone,false,0.03053721813743193,153_pickup
153,pickup,2024,5,19184,9.861831877267296,1,Manhattan,Marble Hill,Boro Zone,false,0.03053721813743193,153_pickup
154,dropoff,2023,2,1331,7.193685818395112,0,Brooklyn,Marine Park/Floyd Bennett Field,Boro Zone,false,0.047647988331104896,154_dropoff
154,dropoff,2023,3,1683,7.428333194190806,0,Brooklyn,Marine Park/Floyd Bennett Field,Boro Zone,false,0.047647988331104896,154_dropoff
154,dropoff,2023,4,2425,7.793586803371584,0,Brooklyn,Marine Park/Floyd Bennett Field,Boro Zone,false,0.047647988331104896,154_dropoff
154,dropoff,2023,5,2788,7.933079771880415,0,Brooklyn,Marine Park/Floyd Bennett Field,Boro Zone,false,0.047647988331104896,154_dropoff
154,dropoff,2024,2,2388,7.778211474512493,1,Brooklyn,Marine Park/Floyd Bennett Field,Boro Zone,false,0.047647988331104896,154_dropoff
154,dropoff,2024,3,3071,8.029758520440822,1,Brooklyn,Marine Park/Floyd Bennett Field,Boro Zone,false,0.047647988331104896,154_dropoff
154,dropoff,2024,4,2878,7.964850887447313,1,Brooklyn,Marine Park/Floyd Bennett Field,Boro Zone,false,0.047647988331104896,154_dropoff
154,dropoff,2024,5,3621,8.19450550976564,1,Brooklyn,Marine Park/Floyd Bennett Field,Boro Zone,false,0.047647988331104896,154_dropoff
154,pickup,2023,2,1124,7.024649030453636,0,Brooklyn,Marine Park/Floyd Bennett Field,Boro Zone,false,0.045252225519287835,154_pickup
154,pickup,2023,3,1426,7.262628600974241,0,Brooklyn,Marine Park/Floyd Bennett Field,Boro Zone,false,0.045252225519287835,154_pickup
154,pickup,2023,4,1998,7.599901959208498,0,Brooklyn,Marine Park/Floyd Bennett Field,Boro Zone,false,0.045252225519287835,154_pickup
154,pickup,2023,5,2192,7.692569648067906,0,Brooklyn,Marine Park/Floyd Bennett Field,Boro Zone,false,0.045252225519287835,154_pickup
154,pickup,2024,2,1705,7.4413203897176174,1,Brooklyn,Marine Park/Floyd Bennett Field,Boro Zone,false,0.045252225519287835,154_pickup
154,pickup,2024,3,2075,7.637716432664798,1,Brooklyn,Marine Park/Floyd Bennett Field,Boro Zone,false,0.045252225519287835,154_pickup
154,pickup,2024,4,1999,7.6004023345004,1,Brooklyn,Marine Park/Floyd Bennett Field,Boro Zone,false,0.045252225519287835,154_pickup
154,pickup,2024,5,2436,7.798112628829788,1,Brooklyn,Marine Park/Floyd Bennett Field,Boro Zone,false,0.045252225519287835,154_pickup
155,dropoff,2023,2,48766,10.794788627706676,0,Brooklyn,Marine Park/Mill Basin,Boro Zone,false,0.027839168516378944,155_dropoff
155,dropoff,2023,3,56680,10.945176693804617,0,Brooklyn,Marine Park/Mill Basin,Boro Zone,false,0.027839168516378944,155_dropoff
155,dropoff,2023,4,48878,10.797082676478094,0,Brooklyn,Marine Park/Mill Basin,Boro Zone,false,0.027839168516378944,155_dropoff
155,dropoff,2023,5,54267,10.901671586369744,0,Brooklyn,Marine Park/Mill Basin,Boro Zone,false,0.027839168516378944,155_dropoff
155,dropoff,2024,2,54016,10.897035577955629,1,Brooklyn,Marine Park/Mill Basin,Boro Zone,false,0.027839168516378944,155_dropoff
155,dropoff,2024,3,59745,10.997840784283854,1,Brooklyn,Marine Park/Mill Basin,Boro Zone,false,0.027839168516378944,155_dropoff
155,dropoff,2024,4,54888,10.913050024370726,1,Brooklyn,Marine Park/Mill Basin,Boro Zone,false,0.027839168516378944,155_dropoff
155,dropoff,2024,5,59244,10.989419788046863,1,Brooklyn,Marine Park/Mill Basin,Boro Zone,false,0.027839168516378944,155_dropoff
155,pickup,2023,2,47199,10.762127984908533,0,Brooklyn,Marine Park/Mill Basin,Boro Zone,false,0.022945640328337617,155_pickup
155,pickup,2023,3,54098,10.898552495574508,0,Brooklyn,Marine Park/Mill Basin,Boro Zone,false,0.022945640328337617,155_pickup
155,pickup,2023,4,46747,10.752505361534784,0,Brooklyn,Marine Park/Mill Basin,Boro Zone,false,0.022945640328337617,155_pickup
155,pickup,2023,5,51994,10.858883606290863,0,Brooklyn,Marine Park/Mill Basin,Boro Zone,false,0.022945640328337617,155_pickup
155,pickup,2024,2,52128,10.861457511401772,1,Brooklyn,Marine Park/Mill Basin,Boro Zone,false,0.022945640328337617,155_pickup
155,pickup,2024,3,57712,10.96322040314332,1,Brooklyn,Marine Park/Mill Basin,Boro Zone,false,0.022945640328337617,155_pickup
155,pickup,2024,4,53365,10.884910379348065,1,Brooklyn,Marine Park/Mill Basin,Boro Zone,false,0.022945640328337617,155_pickup
155,pickup,2024,5,57313,10.956282753061092,1,Brooklyn,Marine Park/Mill Basin,Boro Zone,false,0.022945640328337617,155_pickup
156,dropoff,2023,2,18490,9.82498532438117,0,Staten Island,Mariners Harbor,Boro Zone,false,0.017156533525453946,156_dropoff
156,dropoff,2023,3,22276,10.01126514470956,0,Staten Island,Mariners Harbor,Boro Zone,false,0.017156533525453946,156_dropoff
156,dropoff,2023,4,19736,9.890199658209193,0,Staten Island,Mariners Harbor,Boro Zone,false,0.017156533525453946,156_dropoff
156,dropoff,2023,5,21391,9.970725551801806,0,Staten Island,Mariners Harbor,Boro Zone,false,0.017156533525453946,156_dropoff
156,dropoff,2024,2,22275,10.01122025233901,1,Staten Island,Mariners Harbor,Boro Zone,false,0.017156533525453946,156_dropoff
156,dropoff,2024,3,24617,10.111192540161147,1,Staten Island,Mariners Harbor,Boro Zone,false,0.017156533525453946,156_dropoff
156,dropoff,2024,4,21987,9.99820664859396,1,Staten Island,Mariners Harbor,Boro Zone,false,0.017156533525453946,156_dropoff
156,dropoff,2024,5,23063,10.045984880764673,1,Staten Island,Mariners Harbor,Boro Zone,false,0.017156533525453946,156_dropoff
156,pickup,2023,2,21441,9.973060255888088,0,Staten Island,Mariners Harbor,Boro Zone,false,0.010842800091046413,156_pickup
156,pickup,2023,3,26038,10.167312288457342,0,Staten Island,Mariners Harbor,Boro Zone,false,0.010842800091046413,156_pickup
156,pickup,2023,4,23340,10.057923905840546,0,Staten Island,Mariners Harbor,Boro Zone,false,0.010842800091046413,156_pickup
156,pickup,2023,5,25835,10.159485440721285,0,Staten Island,Mariners Harbor,Boro Zone,false,0.010842800091046413,156_pickup
156,pickup,2024,2,26190,10.173132937501757,1,Staten Island,Mariners Harbor,Boro Zone,false,0.010842800091046413,156_pickup
156,pickup,2024,3,28718,10.265279382854322,1,Staten Island,Mariners Harbor,Boro Zone,false,0.010842800091046413,156_pickup
156,pickup,2024,4,25677,10.153350928549719,1,Staten Island,Mariners Harbor,Boro Zone,false,0.010842800091046413,156_pickup
156,pickup,2024,5,27111,10.207694828570066,1,Staten Island,Mariners Harbor,Boro Zone,false,0.010842800091046413,156_pickup
157,dropoff,2023,2,47666,10.771973634462144,0,Queens,Maspeth,Boro Zone,false,0.0891332678578174,157_dropoff
157,dropoff,2023,3,54632,10.908375070640925,0,Queens,Maspeth,Boro Zone,false,0.0891332678578174,157_dropoff
157,dropoff,2023,4,53170,10.881249606498384,0,Queens,Maspeth,Boro Zone,false,0.0891332678578174,157_dropoff
157,dropoff,2023,5,56316,10.938733965582419,0,Queens,Maspeth,Boro Zone,false,0.0891332678578174,157_dropoff
157,dropoff,2024,2,56527,10.942473679094304,1,Queens,Maspeth,Boro Zone,false,0.0891332678578174,157_dropoff
157,dropoff,2024,3,63424,11.05759761768966,1,Queens,Maspeth,Boro Zone,false,0.0891332678578174,157_dropoff
157,dropoff,2024,4,56279,10.938076742769116,1,Queens,Maspeth,Boro Zone,false,0.0891332678578174,157_dropoff
157,dropoff,2024,5,62446,11.042057462261363,1,Queens,Maspeth,Boro Zone,false,0.0891332678578174,157_dropoff
157,pickup,2023,2,49982,10.819418219594727,0,Queens,Maspeth,Boro Zone,false,0.09275318603423573,157_pickup
157,pickup,2023,3,57887,10.966248113308387,0,Queens,Maspeth,Boro Zone,false,0.09275318603423573,157_pickup
157,pickup,2023,4,57752,10.963913259818996,0,Queens,Maspeth,Boro Zone,false,0.09275318603423573,157_pickup
157,pickup,2023,5,59816,10.999028462679751,0,Queens,Maspeth,Boro Zone,false,0.09275318603423573,157_pickup
157,pickup,2024,2,60062,11.003132641016187,1,Queens,Maspeth,Boro Zone,false,0.09275318603423573,157_pickup
157,pickup,2024,3,66995,11.112373268722708,1,Queens,Maspeth,Boro Zone,false,0.09275318603423573,157_pickup
157,pickup,2024,4,58840,10.982577174715374,1,Queens,Maspeth,Boro Zone,false,0.09275318603423573,157_pickup
157,pickup,2024,5,65554,11.09062950945059,1,Queens,Maspeth,Boro Zone,false,0.09275318603423573,157_pickup
158,dropoff,2023,2,106759,11.578329236670545,0,Manhattan,Meatpacking/West Village West,Yellow Zone,true,1.0,158_dropoff
158,dropoff,2023,3,109346,11.602272445646191,0,Manhattan,Meatpacking/West Village West,Yellow Zone,true,1.0,158_dropoff
158,dropoff,2023,4,113255,11.637397192481068,0,Manhattan,Meatpacking/West Village West,Yellow Zone,true,1.0,158_dropoff
158,dropoff,2023,5,111209,11.619166592775336,0,Manhattan,Meatpacking/West Village West,Yellow Zone,true,1.0,158_dropoff
158,dropoff,2024,2,104172,11.553798658179808,1,Manhattan,Meatpacking/West Village West,Yellow Zone,true,1.0,158_dropoff
158,dropoff,2024,3,111777,11.624261094030896,1,Manhattan,Meatpacking/West Village West,Yellow Zone,true,1.0,158_dropoff
158,dropoff,2024,4,108676,11.59612625756299,1,Manhattan,Meatpacking/West Village West,Yellow Zone,true,1.0,158_dropoff
158,dropoff,2024,5,114130,11.645093428547646,1,Manhattan,Meatpacking/West Village West,Yellow Zone,true,1.0,158_dropoff
158,pickup,2023,2,118599,11.68350333380701,0,Manhattan,Meatpacking/West Village West,Yellow Zone,true,1.0,158_pickup
158,pickup,2023,3,123576,11.724611630394087,0,Manhattan,Meatpacking/West Village West,Yellow Zone,true,1.0,158_pickup
158,pickup,2023,4,128557,11.764127664731527,0,Manhattan,Meatpacking/West Village West,Yellow Zone,true,1.0,158_pickup
158,pickup,2023,5,129262,11.769596631387886,0,Manhattan,Meatpacking/West Village West,Yellow Zone,true,1.0,158_pickup
158,pickup,2024,2,117439,11.673674328825713,1,Manhattan,Meatpacking/West Village West,Yellow Zone,true,1.0,158_pickup
158,pickup,2024,3,126393,11.747151379414543,1,Manhattan,Meatpacking/West Village West,Yellow Zone,true,1.0,158_pickup
158,pickup,2024,4,121968,11.711513994228055,1,Manhattan,Meatpacking/West Village West,Yellow Zone,true,1.0,158_pickup
158,pickup,2024,5,130395,11.778323584181274,1,Manhattan,Meatpacking/West Village West,Yellow Zone,true,1.0,158_pickup
159,dropoff,2023,2,79355,11.281686735941658,0,Bronx,Melrose South,Boro Zone,false,0.03933846207562761,159_dropoff
159,dropoff,2023,3,95109,11.462778881279636,0,Bronx,Melrose South,Boro Zone,false,0.03933846207562761,159_dropoff
159,dropoff,2023,4,83181,11.328774235345339,0,Bronx,Melrose South,Boro Zone,false,0.03933846207562761,159_dropoff
159,dropoff,2023,5,86039,11.362555960812962,0,Bronx,Melrose South,Boro Zone,false,0.03933846207562761,159_dropoff
159,dropoff,2024,2,90392,11.411911046889083,1,Bronx,Melrose South,Boro Zone,false,0.03933846207562761,159_dropoff
159,dropoff,2024,3,101145,11.524310409836792,1,Bronx,Melrose South,Boro Zone,false,0.03933846207562761,159_dropoff
159,dropoff,2024,4,91814,11.427520070427432,1,Bronx,Melrose South,Boro Zone,false,0.03933846207562761,159_dropoff
159,dropoff,2024,5,92476,11.434704430375628,1,Bronx,Melrose South,Boro Zone,false,0.03933846207562761,159_dropoff
159,pickup,2023,2,79618,11.284995476922058,0,Bronx,Melrose South,Boro Zone,false,0.04520431085121896,159_pickup
159,pickup,2023,3,94367,11.454946714746377,0,Bronx,Melrose South,Boro Zone,false,0.04520431085121896,159_pickup
159,pickup,2023,4,81282,11.305679868808792,0,Bronx,Melrose South,Boro Zone,false,0.04520431085121896,159_pickup
159,pickup,2023,5,83506,11.332673764544833,0,Bronx,Melrose South,Boro Zone,false,0.04520431085121896,159_pickup
159,pickup,2024,2,88109,11.38632996334682,1,Bronx,Melrose South,Boro Zone,false,0.04520431085121896,159_pickup
159,pickup,2024,3,97503,11.487638425743345,1,Bronx,Melrose South,Boro Zone,false,0.04520431085121896,159_pickup
159,pickup,2024,4,89370,11.400540334375437,1,Bronx,Melrose South,Boro Zone,false,0.04520431085121896,159_pickup
159,pickup,2024,5,89952,11.407031473706258,1,Bronx,Melrose South,Boro Zone,false,0.04520431085121896,159_pickup
160,dropoff,2023,2,35962,10.490218104391584,0,Queens,Middle Village,Boro Zone,false,0.07711667982870093,160_dropoff
160,dropoff,2023,3,40500,10.60905725309463,0,Queens,Middle Village,Boro Zone,false,0.07711667982870093,160_dropoff
160,dropoff,2023,4,38022,10.545920218551572,0,Queens,Middle Village,Boro Zone,false,0.07711667982870093,160_dropoff
160,dropoff,2023,5,41267,10.627818428076326,0,Queens,Middle Village,Boro Zone,false,0.07711667982870093,160_dropoff
160,dropoff,2024,2,40395,10.606461293913808,1,Queens,Middle Village,Boro Zone,false,0.07711667982870093,160_dropoff
160,dropoff,2024,3,44799,10.709941096725379,1,Queens,Middle Village,Boro Zone,false,0.07711667982870093,160_dropoff
160,dropoff,2024,4,41983,10.645020053422533,1,Queens,Middle Village,Boro Zone,false,0.07711667982870093,160_dropoff
160,dropoff,2024,5,44912,10.712460298601664,1,Queens,Middle Village,Boro Zone,false,0.07711667982870093,160_dropoff
160,pickup,2023,2,35343,10.472855631914229,0,Queens,Middle Village,Boro Zone,false,0.06009527299377061,160_pickup
160,pickup,2023,3,39809,10.591848296362112,0,Queens,Middle Village,Boro Zone,false,0.06009527299377061,160_pickup
160,pickup,2023,4,37615,10.535158185994321,0,Queens,Middle Village,Boro Zone,false,0.06009527299377061,160_pickup
160,pickup,2023,5,40057,10.59805871874709,0,Queens,Middle Village,Boro Zone,false,0.06009527299377061,160_pickup
160,pickup,2024,2,39554,10.585422105881971,1,Queens,Middle Village,Boro Zone,false,0.06009527299377061,160_pickup
160,pickup,2024,3,44150,10.695348206032106,1,Queens,Middle Village,Boro Zone,false,0.06009527299377061,160_pickup
160,pickup,2024,4,40969,10.620570962139544,1,Queens,Middle Village,Boro Zone,false,0.06009527299377061,160_pickup
160,pickup,2024,5,43860,10.688758021971879,1,Queens,Middle Village,Boro Zone,false,0.06009527299377061,160_pickup
161,dropoff,2023,2,208280,12.246638607276836,0,Manhattan,Midtown Center,Yellow Zone,true,1.0,161_dropoff
161,dropoff,2023,3,238495,12.38210362473019,0,Manhattan,Midtown Center,Yellow Zone,true,1.0,161_dropoff
161,dropoff,2023,4,216736,12.286435302014631,0,Manhattan,Midtown Center,Yellow Zone,true,1.0,161_dropoff
161,dropoff,2023,5,229577,12.34399376419375,0,Manhattan,Midtown Center,Yellow Zone,true,1.0,161_dropoff
161,dropoff,2024,2,207010,12.2405223802594,1,Manhattan,Midtown Center,Yellow Zone,true,1.0,161_dropoff
161,dropoff,2024,3,218869,12.296228656305502,1,Manhattan,Midtown Center,Yellow Zone,true,1.0,161_dropoff
161,dropoff,2024,4,212093,12.264780136707824,1,Manhattan,Midtown Center,Yellow Zone,true,1.0,161_dropoff
161,dropoff,2024,5,220568,12.303961316349284,1,Manhattan,Midtown Center,Yellow Zone,true,1.0,161_dropoff
161,pickup,2023,2,232512,12.356697115580873,0,Manhattan,Midtown Center,Yellow Zone,true,1.0,161_pickup
161,pickup,2023,3,262230,12.476977260242643,0,Manhattan,Midtown Center,Yellow Zone,true,1.0,161_pickup
161,pickup,2023,4,232287,12.355728955074612,0,Manhattan,Midtown Center,Yellow Zone,true,1.0,161_pickup
161,pickup,2023,5,247973,12.421075148252504,0,Manhattan,Midtown Center,Yellow Zone,true,1.0,161_pickup
161,pickup,2024,2,232689,12.357458077008477,1,Manhattan,Midtown Center,Yellow Zone,true,1.0,161_pickup
161,pickup,2024,3,240815,12.391784282835518,1,Manhattan,Midtown Center,Yellow Zone,true,1.0,161_pickup
161,pickup,2024,4,237322,12.377173147776812,1,Manhattan,Midtown Center,Yellow Zone,true,1.0,161_pickup
161,pickup,2024,5,245637,12.41161011537413,1,Manhattan,Midtown Center,Yellow Zone,true,1.0,161_pickup
162,dropoff,2023,2,147570,11.902057918457496,0,Manhattan,Midtown East,Yellow Zone,true,1.0,162_dropoff
162,dropoff,2023,3,171472,12.052175266952778,0,Manhattan,Midtown East,Yellow Zone,true,1.0,162_dropoff
162,dropoff,2023,4,159238,11.978155217377003,0,Manhattan,Midtown East,Yellow Zone,true,1.0,162_dropoff
162,dropoff,2023,5,166800,12.024550768906783,0,Manhattan,Midtown East,Yellow Zone,true,1.0,162_dropoff
162,dropoff,2024,2,154488,11.947871702400562,1,Manhattan,Midtown East,Yellow Zone,true,1.0,162_dropoff
162,dropoff,2024,3,170096,12.044118262528386,1,Manhattan,Midtown East,Yellow Zone,true,1.0,162_dropoff
162,dropoff,2024,4,161846,11.994400544807407,1,Manhattan,Midtown East,Yellow Zone,true,1.0,162_dropoff
162,dropoff,2024,5,169781,12.042264650249875,1,Manhattan,Midtown East,Yellow Zone,true,1.0,162_dropoff
162,pickup,2023,2,150675,11.922880478351244,0,Manhattan,Midtown East,Yellow Zone,true,1.0,162_pickup
162,pickup,2023,3,173736,12.065292184641088,0,Manhattan,Midtown East,Yellow Zone,true,1.0,162_pickup
162,pickup,2023,4,154159,11.945739816300213,0,Manhattan,Midtown East,Yellow Zone,true,1.0,162_pickup
162,pickup,2023,5,164255,12.009175377283832,0,Manhattan,Midtown East,Yellow Zone,true,1.0,162_pickup
162,pickup,2024,2,156941,11.963625217523022,1,Manhattan,Midtown East,Yellow Zone,true,1.0,162_pickup
162,pickup,2024,3,168143,12.032570086804412,1,Manhattan,Midtown East,Yellow Zone,true,1.0,162_pickup
162,pickup,2024,4,159100,11.977288214325878,1,Manhattan,Midtown East,Yellow Zone,true,1.0,162_pickup
162,pickup,2024,5,164692,12.01183234182269,1,Manhattan,Midtown East,Yellow Zone,true,1.0,162_pickup
163,dropoff,2023,2,135584,11.817346653426286,0,Manhattan,Midtown North,Yellow Zone,true,1.0,163_dropoff
163,dropoff,2023,3,151004,11.92506160551243,0,Manhattan,Midtown North,Yellow Zone,true,1.0,163_dropoff
163,dropoff,2023,4,146575,11.895292521832415,0,Manhattan,Midtown North,Yellow Zone,true,1.0,163_dropoff
163,dropoff,2023,5,152022,11.931780526197153,0,Manhattan,Midtown North,Yellow Zone,true,1.0,163_dropoff
163,dropoff,2024,2,139034,11.842473786518617,1,Manhattan,Midtown North,Yellow Zone,true,1.0,163_dropoff
163,dropoff,2024,3,147529,11.901780045606257,1,Manhattan,Midtown North,Yellow Zone,true,1.0,163_dropoff
163,dropoff,2024,4,142333,11.865924661619536,1,Manhattan,Midtown North,Yellow Zone,true,1.0,163_dropoff
163,dropoff,2024,5,147799,11.903608521573485,1,Manhattan,Midtown North,Yellow Zone,true,1.0,163_dropoff
163,pickup,2023,2,157461,11.966933087537548,0,Manhattan,Midtown North,Yellow Zone,true,1.0,163_pickup
163,pickup,2023,3,178496,12.09232147098716,0,Manhattan,Midtown North,Yellow Zone,true,1.0,163_pickup
163,pickup,2023,4,169665,12.04158118363359,0,Manhattan,Midtown North,Yellow Zone,true,1.0,163_pickup
163,pickup,2023,5,178590,12.092847954815545,0,Manhattan,Midtown North,Yellow Zone,true,1.0,163_pickup
163,pickup,2024,2,163001,12.001511614739405,1,Manhattan,Midtown North,Yellow Zone,true,1.0,163_pickup
163,pickup,2024,3,173694,12.065050409318262,1,Manhattan,Midtown North,Yellow Zone,true,1.0,163_pickup
163,pickup,2024,4,166069,12.020158643625495,1,Manhattan,Midtown North,Yellow Zone,true,1.0,163_pickup
163,pickup,2024,5,175905,12.077699355563274,1,Manhattan,Midtown North,Yellow Zone,true,1.0,163_pickup
164,dropoff,2023,2,174359,12.0688716710755,0,Manhattan,Midtown South,Yellow Zone,true,1.0,164_dropoff
164,dropoff,2023,3,191928,12.164875580679835,0,Manhattan,Midtown South,Yellow Zone,true,1.0,164_dropoff
164,dropoff,2023,4,181875,12.111074916907894,0,Manhattan,Midtown South,Yellow Zone,true,1.0,164_dropoff
164,dropoff,2023,5,185812,12.132490688852204,0,Manhattan,Midtown South,Yellow Zone,true,1.0,164_dropoff
164,dropoff,2024,2,175209,12.073734826028055,1,Manhattan,Midtown South,Yellow Zone,true,1.0,164_dropoff
164,dropoff,2024,3,189770,12.153568091548024,1,Manhattan,Midtown South,Yellow Zone,true,1.0,164_dropoff
164,dropoff,2024,4,173999,12.066804831053714,1,Manhattan,Midtown South,Yellow Zone,true,1.0,164_dropoff
164,dropoff,2024,5,185033,12.128289466531308,1,Manhattan,Midtown South,Yellow Zone,true,1.0,164_dropoff
164,pickup,2023,2,202733,12.219645121359951,0,Manhattan,Midtown South,Yellow Zone,true,1.0,164_pickup
164,pickup,2023,3,224398,12.321176539934989,0,Manhattan,Midtown South,Yellow Zone,true,1.0,164_pickup
164,pickup,2023,4,213600,12.271860386068177,0,Manhattan,Midtown South,Yellow Zone,true,1.0,164_pickup
164,pickup,2023,5,218592,12.294962257531576,0,Manhattan,Midtown South,Yellow Zone,true,1.0,164_pickup
164,pickup,2024,2,205218,12.231828107729884,1,Manhattan,Midtown South,Yellow Zone,true,1.0,164_pickup
164,pickup,2024,3,223041,12.315110890044963,1,Manhattan,Midtown South,Yellow Zone,true,1.0,164_pickup
164,pickup,2024,4,203271,12.222295343106017,1,Manhattan,Midtown South,Yellow Zone,true,1.0,164_pickup
164,pickup,2024,5,220229,12.302423193055185,1,Manhattan,Midtown South,Yellow Zone,true,1.0,164_pickup
165,dropoff,2023,2,53243,10.882621619531593,0,Brooklyn,Midwood,Boro Zone,false,0.0500324856972694,165_dropoff
165,dropoff,2023,3,63641,11.061013195716075,0,Brooklyn,Midwood,Boro Zone,false,0.0500324856972694,165_dropoff
165,dropoff,2023,4,48246,10.784068201776204,0,Brooklyn,Midwood,Boro Zone,false,0.0500324856972694,165_dropoff
165,dropoff,2023,5,56506,10.94210210618654,0,Brooklyn,Midwood,Boro Zone,false,0.0500324856972694,165_dropoff
165,dropoff,2024,2,58248,10.972465036074547,1,Brooklyn,Midwood,Boro Zone,false,0.0500324856972694,165_dropoff
165,dropoff,2024,3,66295,11.101869758548819,1,Brooklyn,Midwood,Boro Zone,false,0.0500324856972694,165_dropoff
165,dropoff,2024,4,53985,10.896461509181242,1,Brooklyn,Midwood,Boro Zone,false,0.0500324856972694,165_dropoff
165,dropoff,2024,5,60808,11.015476638245877,1,Brooklyn,Midwood,Boro Zone,false,0.0500324856972694,165_dropoff
165,pickup,2023,2,55365,10.921702904132209,0,Brooklyn,Midwood,Boro Zone,false,0.04080937427664248,165_pickup
165,pickup,2023,3,65729,11.093295507388659,0,Brooklyn,Midwood,Boro Zone,false,0.04080937427664248,165_pickup
165,pickup,2023,4,49424,10.808191415158364,0,Brooklyn,Midwood,Boro Zone,false,0.04080937427664248,165_pickup
165,pickup,2023,5,58449,10.975909858113997,0,Brooklyn,Midwood,Boro Zone,false,0.04080937427664248,165_pickup
165,pickup,2024,2,59039,10.985953521461534,1,Brooklyn,Midwood,Boro Zone,false,0.04080937427664248,165_pickup
165,pickup,2024,3,67004,11.112507598083578,1,Brooklyn,Midwood,Boro Zone,false,0.04080937427664248,165_pickup
165,pickup,2024,4,55875,10.93087233191587,1,Brooklyn,Midwood,Boro Zone,false,0.04080937427664248,165_pickup
165,pickup,2024,5,62562,11.043913344017648,1,Brooklyn,Midwood,Boro Zone,false,0.04080937427664248,165_pickup
166,dropoff,2023,2,94597,11.457381042063545,0,Manhattan,Morningside Heights,Boro Zone,false,0.22594493580964328,166_dropoff
166,dropoff,2023,3,96440,11.476676332295108,0,Manhattan,Morningside Heights,Boro Zone,false,0.22594493580964328,166_dropoff
166,dropoff,2023,4,100459,11.51750496304386,0,Manhattan,Morningside Heights,Boro Zone,false,0.22594493580964328,166_dropoff
166,dropoff,2023,5,99139,11.504278184777677,0,Manhattan,Morningside Heights,Boro Zone,false,0.22594493580964328,166_dropoff
166,dropoff,2024,2,100677,11.51967265142747,1,Manhattan,Morningside Heights,Boro Zone,false,0.22594493580964328,166_dropoff
166,dropoff,2024,3,99950,11.512425339928546,1,Manhattan,Morningside Heights,Boro Zone,false,0.22594493580964328,166_dropoff
166,dropoff,2024,4,102487,11.537491240248796,1,Manhattan,Morningside Heights,Boro Zone,false,0.22594493580964328,166_dropoff
166,dropoff,2024,5,89448,11.401412729827204,1,Manhattan,Morningside Heights,Boro Zone,false,0.22594493580964328,166_dropoff
166,pickup,2023,2,88653,11.392485151877308,0,Manhattan,Morningside Heights,Boro Zone,false,0.20675748413996994,166_pickup
166,pickup,2023,3,92610,11.436152406164314,0,Manhattan,Morningside Heights,Boro Zone,false,0.20675748413996994,166_pickup
166,pickup,2023,4,95047,11.46212678508286,0,Manhattan,Morningside Heights,Boro Zone,false,0.20675748413996994,166_pickup
166,pickup,2023,5,97113,11.483630527913204,0,Manhattan,Morningside Heights,Boro Zone,false,0.20675748413996994,166_pickup
166,pickup,2024,2,95370,11.465519342572959,1,Manhattan,Morningside Heights,Boro Zone,false,0.20675748413996994,166_pickup
166,pickup,2024,3,94138,11.452517069775134,1,Manhattan,Morningside Heights,Boro Zone,false,0.20675748413996994,166_pickup
166,pickup,2024,4,101662,11.529408864228582,1,Manhattan,Morningside Heights,Boro Zone,false,0.20675748413996994,166_pickup
166,pickup,2024,5,93462,11.445310215554661,1,Manhattan,Morningside Heights,Boro Zone,false,0.20675748413996994,166_pickup
167,dropoff,2023,2,60769,11.014835069506102,0,Bronx,Morrisania/Melrose,Boro Zone,false,0.037744958278686964,167_dropoff
167,dropoff,2023,3,72843,11.196061719154867,0,Bronx,Morrisania/Melrose,Boro Zone,false,0.037744958278686964,167_dropoff
167,dropoff,2023,4,63682,11.06165722706025,0,Bronx,Morrisania/Melrose,Boro Zone,false,0.037744958278686964,167_dropoff
167,dropoff,2023,5,65761,11.09378223642709,0,Bronx,Morrisania/Melrose,Boro Zone,false,0.037744958278686964,167_dropoff
167,dropoff,2024,2,67013,11.112641909402493,1,Bronx,Morrisania/Melrose,Boro Zone,false,0.037744958278686964,167_dropoff
167,dropoff,2024,3,77028,11.251924271099778,1,Bronx,Morrisania/Melrose,Boro Zone,false,0.037744958278686964,167_dropoff
167,dropoff,2024,4,69241,11.14534845170463,1,Bronx,Morrisania/Melrose,Boro Zone,false,0.037744958278686964,167_dropoff
167,dropoff,2024,5,69937,11.155350115788332,1,Bronx,Morrisania/Melrose,Boro Zone,false,0.037744958278686964,167_dropoff
167,pickup,2023,2,64665,11.076975375849345,0,Bronx,Morrisania/Melrose,Boro Zone,false,0.03918163274039627,167_pickup
167,pickup,2023,3,77406,11.256819575953191,0,Bronx,Morrisania/Melrose,Boro Zone,false,0.03918163274039627,167_pickup
167,pickup,2023,4,68070,11.128291866441996,0,Bronx,Morrisania/Melrose,Boro Zone,false,0.03918163274039627,167_pickup
167,pickup,2023,5,70271,11.160114474908951,0,Bronx,Morrisania/Melrose,Boro Zone,false,0.03918163274039627,167_pickup
167,pickup,2024,2,70964,11.16992798518054,1,Bronx,Morrisania/Melrose,Boro Zone,false,0.03918163274039627,167_pickup
167,pickup,2024,3,81090,11.303314927938603,1,Bronx,Morrisania/Melrose,Boro Zone,false,0.03918163274039627,167_pickup
167,pickup,2024,4,72882,11.196596973928326,1,Bronx,Morrisania/Melrose,Boro Zone,false,0.03918163274039627,167_pickup
167,pickup,2024,5,73974,11.211468959096608,1,Bronx,Morrisania/Melrose,Boro Zone,false,0.03918163274039627,167_pickup
168,dropoff,2023,2,103146,11.54390073926955,0,Bronx,Mott Haven/Port Morris,Boro Zone,false,0.0681066101195944,168_dropoff
168,dropoff,2023,3,124755,11.734107092970898,0,Bronx,Mott Haven/Port Morris,Boro Zone,false,0.0681066101195944,168_dropoff
168,dropoff,2023,4,110229,11.610315298975722,0,Bronx,Mott Haven/Port Morris,Boro Zone,false,0.0681066101195944,168_dropoff
168,dropoff,2023,5,113647,11.640852432099907,0,Bronx,Mott Haven/Port Morris,Boro Zone,false,0.0681066101195944,168_dropoff
168,dropoff,2024,2,117883,11.677447886137568,1,Bronx,Mott Haven/Port Morris,Boro Zone,false,0.0681066101195944,168_dropoff
168,dropoff,2024,3,133763,11.803824856296684,1,Bronx,Mott Haven/Port Morris,Boro Zone,false,0.0681066101195944,168_dropoff
168,dropoff,2024,4,119421,11.690410343872657,1,Bronx,Mott Haven/Port Morris,Boro Zone,false,0.0681066101195944,168_dropoff
168,dropoff,2024,5,123177,11.721377624341436,1,Bronx,Mott Haven/Port Morris,Boro Zone,false,0.0681066101195944,168_dropoff
168,pickup,2023,2,103371,11.546079737502387,0,Bronx,Mott Haven/Port Morris,Boro Zone,false,0.06264902135231316,168_pickup
168,pickup,2023,3,123844,11.72677798804353,0,Bronx,Mott Haven/Port Morris,Boro Zone,false,0.06264902135231316,168_pickup
168,pickup,2023,4,110103,11.609171570295956,0,Bronx,Mott Haven/Port Morris,Boro Zone,false,0.06264902135231316,168_pickup
168,pickup,2023,5,112282,11.628768842928505,0,Bronx,Mott Haven/Port Morris,Boro Zone,false,0.06264902135231316,168_pickup
168,pickup,2024,2,116846,11.668612107459811,1,Bronx,Mott Haven/Port Morris,Boro Zone,false,0.06264902135231316,168_pickup
168,pickup,2024,3,131804,11.78907124960368,1,Bronx,Mott Haven/Port Morris,Boro Zone,false,0.06264902135231316,168_pickup
168,pickup,2024,4,118160,11.679794917205262,1,Bronx,Mott Haven/Port Morris,Boro Zone,false,0.06264902135231316,168_pickup
168,pickup,2024,5,123317,11.722513554749916,1,Bronx,Mott Haven/Port Morris,Boro Zone,false,0.06264902135231316,168_pickup
169,dropoff,2023,2,77035,11.252015143015875,0,Bronx,Mount Hope,Boro Zone,false,0.0371218210658541,169_dropoff
169,dropoff,2023,3,87510,11.379508351529877,0,Bronx,Mount Hope,Boro Zone,false,0.0371218210658541,169_dropoff
169,dropoff,2023,4,80060,11.290531632546564,0,Bronx,Mount Hope,Boro Zone,false,0.0371218210658541,169_dropoff
169,dropoff,2023,5,82588,11.32161967050477,0,Bronx,Mount Hope,Boro Zone,false,0.0371218210658541,169_dropoff
169,dropoff,2024,2,86883,11.372317664958343,1,Bronx,Mount Hope,Boro Zone,false,0.0371218210658541,169_dropoff
169,dropoff,2024,3,95207,11.463808747488066,1,Bronx,Mount Hope,Boro Zone,false,0.0371218210658541,169_dropoff
169,dropoff,2024,4,88420,11.389853467380235,1,Bronx,Mount Hope,Boro Zone,false,0.0371218210658541,169_dropoff
169,dropoff,2024,5,87930,11.384296322373048,1,Bronx,Mount Hope,Boro Zone,false,0.0371218210658541,169_dropoff
169,pickup,2023,2,81230,11.305039916044999,0,Bronx,Mount Hope,Boro Zone,false,0.033307919154139394,169_pickup
169,pickup,2023,3,93926,11.450262517178146,0,Bronx,Mount Hope,Boro Zone,false,0.033307919154139394,169_pickup
169,pickup,2023,4,85043,11.350912289910056,0,Bronx,Mount Hope,Boro Zone,false,0.033307919154139394,169_pickup
169,pickup,2023,5,87376,11.377975924391935,0,Bronx,Mount Hope,Boro Zone,false,0.033307919154139394,169_pickup
169,pickup,2024,2,91718,11.426473931239112,1,Bronx,Mount Hope,Boro Zone,false,0.033307919154139394,169_pickup
169,pickup,2024,3,102187,11.534559747095377,1,Bronx,Mount Hope,Boro Zone,false,0.033307919154139394,169_pickup
169,pickup,2024,4,93901,11.44999631476691,1,Bronx,Mount Hope,Boro Zone,false,0.033307919154139394,169_pickup
169,pickup,2024,5,94434,11.455656456779655,1,Bronx,Mount Hope,Boro Zone,false,0.033307919154139394,169_pickup
170,dropoff,2023,2,169997,12.043536068817865,0,Manhattan,Murray Hill,Yellow Zone,true,1.0,170_dropoff
170,dropoff,2023,3,189391,12.151568940125667,0,Manhattan,Murray Hill,Yellow Zone,true,1.0,170_dropoff
170,dropoff,2023,4,176288,12.079874300272444,0,Manhattan,Murray Hill,Yellow Zone,true,1.0,170_dropoff
170,dropoff,2023,5,179535,12.09812545397558,0,Manhattan,Murray Hill,Yellow Zone,true,1.0,170_dropoff
170,dropoff,2024,2,177887,12.088903796222734,1,Manhattan,Murray Hill,Yellow Zone,true,1.0,170_dropoff
170,dropoff,2024,3,193143,12.17118612617443,1,Manhattan,Murray Hill,Yellow Zone,true,1.0,170_dropoff
170,dropoff,2024,4,179701,12.09904963758644,1,Manhattan,Murray Hill,Yellow Zone,true,1.0,170_dropoff
170,dropoff,2024,5,186964,12.138671363934662,1,Manhattan,Murray Hill,Yellow Zone,true,1.0,170_dropoff
170,pickup,2023,2,180306,12.102410686507929,0,Manhattan,Murray Hill,Yellow Zone,true,1.0,170_pickup
170,pickup,2023,3,198709,12.199596721927836,0,Manhattan,Murray Hill,Yellow Zone,true,1.0,170_pickup
170,pickup,2023,4,179099,12.095694004560295,0,Manhattan,Murray Hill,Yellow Zone,true,1.0,170_pickup
170,pickup,2023,5,182313,12.113480269150026,0,Manhattan,Murray Hill,Yellow Zone,true,1.0,170_pickup
170,pickup,2024,2,183480,12.119860948711109,1,Manhattan,Murray Hill,Yellow Zone,true,1.0,170_pickup
170,pickup,2024,3,196457,12.188198856828242,1,Manhattan,Murray Hill,Yellow Zone,true,1.0,170_pickup
170,pickup,2024,4,180005,12.10073990726433,1,Manhattan,Murray Hill,Yellow Zone,true,1.0,170_pickup
170,pickup,2024,5,187529,12.141688779099614,1,Manhattan,Murray Hill,Yellow Zone,true,1.0,170_pickup
171,dropoff,2023,2,32344,10.384183811320607,0,Queens,Murray Hill-Queens,Boro Zone,false,0.051314737592636606,171_dropoff
171,dropoff,2023,3,36400,10.502324053624832,0,Queens,Murray Hill-Queens,Boro Zone,false,0.051314737592636606,171_dropoff
171,dropoff,2023,4,34278,10.442259027952517,0,Queens,Murray Hill-Queens,Boro Zone,false,0.051314737592636606,171_dropoff
171,dropoff,2023,5,35827,10.486457078074604,0,Queens,Murray Hill-Queens,Boro Zone,false,0.051314737592636606,171_dropoff
171,dropoff,2024,2,35327,10.47240282307672,1,Queens,Murray Hill-Queens,Boro Zone,false,0.051314737592636606,171_dropoff
171,dropoff,2024,3,38652,10.5623537991192,1,Queens,Murray Hill-Queens,Boro Zone,false,0.051314737592636606,171_dropoff
171,dropoff,2024,4,36135,10.495017203717081,1,Queens,Murray Hill-Queens,Boro Zone,false,0.051314737592636606,171_dropoff
171,dropoff,2024,5,38536,10.559348148310058,1,Queens,Murray Hill-Queens,Boro Zone,false,0.051314737592636606,171_dropoff
171,pickup,2023,2,33089,10.40695617984855,0,Queens,Murray Hill-Queens,Boro Zone,false,0.036931273308470965,171_pickup
171,pickup,2023,3,37215,10.52446718479401,0,Queens,Murray Hill-Queens,Boro Zone,false,0.036931273308470965,171_pickup
171,pickup,2023,4,34226,10.440740868137397,0,Queens,Murray Hill-Queens,Boro Zone,false,0.036931273308470965,171_pickup
171,pickup,2023,5,36245,10.498056719734977,0,Queens,Murray Hill-Queens,Boro Zone,false,0.036931273308470965,171_pickup
171,pickup,2024,2,36055,10.49280082935086,1,Queens,Murray Hill-Queens,Boro Zone,false,0.036931273308470965,171_pickup
171,pickup,2024,3,39194,10.576278952838999,1,Queens,Murray Hill-Queens,Boro Zone,false,0.036931273308470965,171_pickup
171,pickup,2024,4,36239,10.497891165957215,1,Queens,Murray Hill-Queens,Boro Zone,false,0.036931273308470965,171_pickup
171,pickup,2024,5,38917,10.569186452136844,1,Queens,Murray Hill-Queens,Boro Zone,false,0.036931273308470965,171_pickup
172,dropoff,2023,2,9530,9.162199996648248,0,Staten Island,New Dorp/Midland Beach,Boro Zone,false,0.03389385807990459,172_dropoff
172,dropoff,2023,3,11211,9.324650718153594,0,Staten Island,New Dorp/Midland Beach,Boro Zone,false,0.03389385807990459,172_dropoff
172,dropoff,2023,4,10215,9.231612507251722,0,Staten Island,New Dorp/Midland Beach,Boro Zone,false,0.03389385807990459,172_dropoff
172,dropoff,2023,5,10969,9.302828391411333,0,Staten Island,New Dorp/Midland Beach,Boro Zone,false,0.03389385807990459,172_dropoff
172,dropoff,2024,2,10598,9.268420583052707,1,Staten Island,New Dorp/Midland Beach,Boro Zone,false,0.03389385807990459,172_dropoff
172,dropoff,2024,3,12296,9.417029285218431,1,Staten Island,New Dorp/Midland Beach,Boro Zone,false,0.03389385807990459,172_dropoff
172,dropoff,2024,4,11228,9.326165937481774,1,Staten Island,New Dorp/Midland Beach,Boro Zone,false,0.03389385807990459,172_dropoff
172,dropoff,2024,5,12246,9.4129546320379,1,Staten Island,New Dorp/Midland Beach,Boro Zone,false,0.03389385807990459,172_dropoff
172,pickup,2023,2,9842,9.194414221425923,0,Staten Island,New Dorp/Midland Beach,Boro Zone,false,0.023578818947516598,172_pickup
172,pickup,2023,3,11359,9.33776566023142,0,Staten Island,New Dorp/Midland Beach,Boro Zone,false,0.023578818947516598,172_pickup
172,pickup,2023,4,10393,9.248887781588422,0,Staten Island,New Dorp/Midland Beach,Boro Zone,false,0.023578818947516598,172_pickup
172,pickup,2023,5,11029,9.308283446306147,0,Staten Island,New Dorp/Midland Beach,Boro Zone,false,0.023578818947516598,172_pickup
172,pickup,2024,2,11128,9.31721973360328,1,Staten Island,New Dorp/Midland Beach,Boro Zone,false,0.023578818947516598,172_pickup
172,pickup,2024,3,13045,9.47616019757083,1,Staten Island,New Dorp/Midland Beach,Boro Zone,false,0.023578818947516598,172_pickup
172,pickup,2024,4,11842,9.37940781309172,1,Staten Island,New Dorp/Midland Beach,Boro Zone,false,0.023578818947516598,172_pickup
172,pickup,2024,5,12524,9.435402082446297,1,Staten Island,New Dorp/Midland Beach,Boro Zone,false,0.023578818947516598,172_pickup
173,dropoff,2023,2,37177,10.523445569477712,0,Queens,North Corona,Boro Zone,false,0.034668170708779845,173_dropoff
173,dropoff,2023,3,41580,10.635374561412004,0,Queens,North Corona,Boro Zone,false,0.034668170708779845,173_dropoff
173,dropoff,2023,4,39584,10.586180275192214,0,Queens,North Corona,Boro Zone,false,0.034668170708779845,173_dropoff
173,dropoff,2023,5,41229,10.62689717122296,0,Queens,North Corona,Boro Zone,false,0.034668170708779845,173_dropoff
173,dropoff,2024,2,40225,10.602243971860585,1,Queens,North Corona,Boro Zone,false,0.034668170708779845,173_dropoff
173,dropoff,2024,3,44897,10.712126256353349,1,Queens,North Corona,Boro Zone,false,0.034668170708779845,173_dropoff
173,dropoff,2024,4,40829,10.617147892218444,1,Queens,North Corona,Boro Zone,false,0.034668170708779845,173_dropoff
173,dropoff,2024,5,43786,10.68706941056728,1,Queens,North Corona,Boro Zone,false,0.034668170708779845,173_dropoff
173,pickup,2023,2,39181,10.575947214398955,0,Queens,North Corona,Boro Zone,false,0.032648408499693096,173_pickup
173,pickup,2023,3,44331,10.699439485571743,0,Queens,North Corona,Boro Zone,false,0.032648408499693096,173_pickup
173,pickup,2023,4,41806,10.640795148881727,0,Queens,North Corona,Boro Zone,false,0.032648408499693096,173_pickup
173,pickup,2023,5,45747,10.730881494783121,0,Queens,North Corona,Boro Zone,false,0.032648408499693096,173_pickup
173,pickup,2024,2,43781,10.68695521229612,1,Queens,North Corona,Boro Zone,false,0.032648408499693096,173_pickup
173,pickup,2024,3,48503,10.789380930682695,1,Queens,North Corona,Boro Zone,false,0.032648408499693096,173_pickup
173,pickup,2024,4,44217,10.696864609504868,1,Queens,North Corona,Boro Zone,false,0.032648408499693096,173_pickup
173,pickup,2024,5,46971,10.757285668979632,1,Queens,North Corona,Boro Zone,false,0.032648408499693096,173_pickup
174,dropoff,2023,2,68983,11.14161537641205,0,Bronx,Norwood,Boro Zone,false,0.032019920506920214,174_dropoff
174,dropoff,2023,3,80274,11.293201061701675,0,Bronx,Norwood,Boro Zone,false,0.032019920506920214,174_dropoff
174,dropoff,2023,4,71707,11.180343650832073,0,Bronx,Norwood,Boro Zone,false,0.032019920506920214,174_dropoff
174,dropoff,2023,5,75414,11.230748213152893,0,Bronx,Norwood,Boro Zone,false,0.032019920506920214,174_dropoff
174,dropoff,2024,2,79805,11.287341438116659,1,Bronx,Norwood,Boro Zone,false,0.032019920506920214,174_dropoff
174,dropoff,2024,3,86870,11.372168027253966,1,Bronx,Norwood,Boro Zone,false,0.032019920506920214,174_dropoff
174,dropoff,2024,4,81146,11.30400528029226,1,Bronx,Norwood,Boro Zone,false,0.032019920506920214,174_dropoff
174,dropoff,2024,5,82185,11.316728082640626,1,Bronx,Norwood,Boro Zone,false,0.032019920506920214,174_dropoff
174,pickup,2023,2,72629,11.193119570090174,0,Bronx,Norwood,Boro Zone,false,0.02611485011174189,174_pickup
174,pickup,2023,3,84245,11.341484499272486,0,Bronx,Norwood,Boro Zone,false,0.02611485011174189,174_pickup
174,pickup,2023,4,75477,11.231583253064628,0,Bronx,Norwood,Boro Zone,false,0.02611485011174189,174_pickup
174,pickup,2023,5,79081,11.278227922626957,0,Bronx,Norwood,Boro Zone,false,0.02611485011174189,174_pickup
174,pickup,2024,2,82471,11.320201995375324,1,Bronx,Norwood,Boro Zone,false,0.02611485011174189,174_pickup
174,pickup,2024,3,90633,11.41457366412296,1,Bronx,Norwood,Boro Zone,false,0.02611485011174189,174_pickup
174,pickup,2024,4,83001,11.326607934898927,1,Bronx,Norwood,Boro Zone,false,0.02611485011174189,174_pickup
174,pickup,2024,5,84087,11.339607256129176,1,Bronx,Norwood,Boro Zone,false,0.02611485011174189,174_pickup
175,dropoff,2023,2,13313,9.496496280431916,0,Queens,Oakland Gardens,Boro Zone,false,0.054635234151003506,175_dropoff
175,dropoff,2023,3,15812,9.668524424416576,0,Queens,Oakland Gardens,Boro Zone,false,0.054635234151003506,175_dropoff
175,dropoff,2023,4,12888,9.464051924856811,0,Queens,Oakland Gardens,Boro Zone,false,0.054635234151003506,175_dropoff
175,dropoff,2023,5,14489,9.581145019820722,0,Queens,Oakland Gardens,Boro Zone,false,0.054635234151003506,175_dropoff
175,dropoff,2024,2,15510,9.649240256170584,1,Queens,Oakland Gardens,Boro Zone,false,0.054635234151003506,175_dropoff
175,dropoff,2024,3,16818,9.730205020392843,1,Queens,Oakland Gardens,Boro Zone,false,0.054635234151003506,175_dropoff
175,dropoff,2024,4,14665,9.593218981411551,1,Queens,Oakland Gardens,Boro Zone,false,0.054635234151003506,175_dropoff
175,dropoff,2024,5,16052,9.683588731386807,1,Queens,Oakland Gardens,Boro Zone,false,0.054635234151003506,175_dropoff
175,pickup,2023,2,12826,9.459229639708807,0,Queens,Oakland Gardens,Boro Zone,false,0.04052931831311381,175_pickup
175,pickup,2023,3,15066,9.62019582838564,0,Queens,Oakland Gardens,Boro Zone,false,0.04052931831311381,175_pickup
175,pickup,2023,4,12926,9.46699606582284,0,Queens,Oakland Gardens,Boro Zone,false,0.04052931831311381,175_pickup
175,pickup,2023,5,14574,9.586994398230228,0,Queens,Oakland Gardens,Boro Zone,false,0.04052931831311381,175_pickup
175,pickup,2024,2,15124,9.624038165010823,1,Queens,Oakland Gardens,Boro Zone,false,0.04052931831311381,175_pickup
175,pickup,2024,3,16594,9.716796463224231,1,Queens,Oakland Gardens,Boro Zone,false,0.04052931831311381,175_pickup
175,pickup,2024,4,15074,9.620726684403415,1,Queens,Oakland Gardens,Boro Zone,false,0.04052931831311381,175_pickup
175,pickup,2024,5,16135,9.688746104486063,1,Queens,Oakland Gardens,Boro Zone,false,0.04052931831311381,175_pickup
176,dropoff,2023,2,5015,8.520188700396035,0,Staten Island,Oakwood,Boro Zone,false,0.05784179240969364,176_dropoff
176,dropoff,2023,3,5881,8.679482094459956,0,Staten Island,Oakwood,Boro Zone,false,0.05784179240969364,176_dropoff
176,dropoff,2023,4,5279,8.571491964823617,0,Staten Island,Oakwood,Boro Zone,false,0.05784179240969364,176_dropoff
176,dropoff,2023,5,5695,8.647343875881283,0,Staten Island,Oakwood,Boro Zone,false,0.05784179240969364,176_dropoff
176,dropoff,2024,2,5674,8.643649615368796,1,Staten Island,Oakwood,Boro Zone,false,0.05784179240969364,176_dropoff
176,dropoff,2024,3,6435,8.769507120030227,1,Staten Island,Oakwood,Boro Zone,false,0.05784179240969364,176_dropoff
176,dropoff,2024,4,5774,8.661120360222881,1,Staten Island,Oakwood,Boro Zone,false,0.05784179240969364,176_dropoff
176,dropoff,2024,5,6186,8.730043953245016,1,Staten Island,Oakwood,Boro Zone,false,0.05784179240969364,176_dropoff
176,pickup,2023,2,5264,8.568646473005153,0,Staten Island,Oakwood,Boro Zone,false,0.032415822730026835,176_pickup
176,pickup,2023,3,6137,8.722091302389098,0,Staten Island,Oakwood,Boro Zone,false,0.032415822730026835,176_pickup
176,pickup,2023,4,5590,8.628734566149145,0,Staten Island,Oakwood,Boro Zone,false,0.032415822730026835,176_pickup
176,pickup,2023,5,6115,8.718500048121273,0,Staten Island,Oakwood,Boro Zone,false,0.032415822730026835,176_pickup
176,pickup,2024,2,6162,8.726156679156613,1,Staten Island,Oakwood,Boro Zone,false,0.032415822730026835,176_pickup
176,pickup,2024,3,7049,8.860641041773876,1,Staten Island,Oakwood,Boro Zone,false,0.032415822730026835,176_pickup
176,pickup,2024,4,6303,8.74878098951311,1,Staten Island,Oakwood,Boro Zone,false,0.032415822730026835,176_pickup
176,pickup,2024,5,6728,8.814033201652784,1,Staten Island,Oakwood,Boro Zone,false,0.032415822730026835,176_pickup
177,dropoff,2023,2,75152,11.227268008266776,0,Brooklyn,Ocean Hill,Boro Zone,false,0.04621125770942306,177_dropoff
177,dropoff,2023,3,87813,11.38296483244417,0,Brooklyn,Ocean Hill,Boro Zone,false,0.04621125770942306,177_dropoff
177,dropoff,2023,4,77570,11.258936033484916,0,Brooklyn,Ocean Hill,Boro Zone,false,0.04621125770942306,177_dropoff
177,dropoff,2023,5,79690,11.285899386391794,0,Brooklyn,Ocean Hill,Boro Zone,false,0.04621125770942306,177_dropoff
177,dropoff,2024,2,80517,11.296223621235495,1,Brooklyn,Ocean Hill,Boro Zone,false,0.04621125770942306,177_dropoff
177,dropoff,2024,3,90819,11.416623793800747,1,Brooklyn,Ocean Hill,Boro Zone,false,0.04621125770942306,177_dropoff
177,dropoff,2024,4,82021,11.314730591019984,1,Brooklyn,Ocean Hill,Boro Zone,false,0.04621125770942306,177_dropoff
177,dropoff,2024,5,87578,11.380285103830651,1,Brooklyn,Ocean Hill,Boro Zone,false,0.04621125770942306,177_dropoff
177,pickup,2023,2,75163,11.227414367579149,0,Brooklyn,Ocean Hill,Boro Zone,false,0.03424112758033886,177_pickup
177,pickup,2023,3,88021,11.385330701354851,0,Brooklyn,Ocean Hill,Boro Zone,false,0.03424112758033886,177_pickup
177,pickup,2023,4,79761,11.286789942169964,0,Brooklyn,Ocean Hill,Boro Zone,false,0.03424112758033886,177_pickup
177,pickup,2023,5,81431,11.30751131487208,0,Brooklyn,Ocean Hill,Boro Zone,false,0.03424112758033886,177_pickup
177,pickup,2024,2,80781,11.299497068342589,1,Brooklyn,Ocean Hill,Boro Zone,false,0.03424112758033886,177_pickup
177,pickup,2024,3,92555,11.435558341393785,1,Brooklyn,Ocean Hill,Boro Zone,false,0.03424112758033886,177_pickup
177,pickup,2024,4,83757,11.335675028284077,1,Brooklyn,Ocean Hill,Boro Zone,false,0.03424112758033886,177_pickup
177,pickup,2024,5,89279,11.399521576835564,1,Brooklyn,Ocean Hill,Boro Zone,false,0.03424112758033886,177_pickup
178,dropoff,2023,2,19328,9.869310100734541,0,Brooklyn,Ocean Parkway South,Boro Zone,false,0.044764269240948215,178_dropoff
178,dropoff,2023,3,23386,10.059892831700264,0,Brooklyn,Ocean Parkway South,Boro Zone,false,0.044764269240948215,178_dropoff
178,dropoff,2023,4,15958,9.677715549868227,0,Brooklyn,Ocean Parkway South,Boro Zone,false,0.044764269240948215,178_dropoff
178,dropoff,2023,5,20677,9.93677725040077,0,Brooklyn,Ocean Parkway South,Boro Zone,false,0.044764269240948215,178_dropoff
178,dropoff,2024,2,20202,9.91353688838913,1,Brooklyn,Ocean Parkway South,Boro Zone,false,0.044764269240948215,178_dropoff
178,dropoff,2024,3,22767,10.033067398072022,1,Brooklyn,Ocean Parkway South,Boro Zone,false,0.044764269240948215,178_dropoff
178,dropoff,2024,4,18504,9.825742203911275,1,Brooklyn,Ocean Parkway South,Boro Zone,false,0.044764269240948215,178_dropoff
178,dropoff,2024,5,20146,9.910761036502626,1,Brooklyn,Ocean Parkway South,Boro Zone,false,0.044764269240948215,178_dropoff
178,pickup,2023,2,20429,9.924710738987654,0,Brooklyn,Ocean Parkway South,Boro Zone,false,0.04308209061889561,178_pickup
178,pickup,2023,3,24840,10.120210536047415,0,Brooklyn,Ocean Parkway South,Boro Zone,false,0.04308209061889561,178_pickup
178,pickup,2023,4,17068,9.744960644307891,0,Brooklyn,Ocean Parkway South,Boro Zone,false,0.04308209061889561,178_pickup
178,pickup,2023,5,21619,9.981327836654465,0,Brooklyn,Ocean Parkway South,Boro Zone,false,0.04308209061889561,178_pickup
178,pickup,2024,2,21103,9.957170489452313,1,Brooklyn,Ocean Parkway South,Boro Zone,false,0.04308209061889561,178_pickup
178,pickup,2024,3,23721,10.074116010739036,1,Brooklyn,Ocean Parkway South,Boro Zone,false,0.04308209061889561,178_pickup
178,pickup,2024,4,19133,9.859169871885003,1,Brooklyn,Ocean Parkway South,Boro Zone,false,0.04308209061889561,178_pickup
178,pickup,2024,5,21353,9.968947524007914,1,Brooklyn,Ocean Parkway South,Boro Zone,false,0.04308209061889561,178_pickup
179,dropoff,2023,2,60336,11.007684219498138,0,Queens,Old Astoria,Boro Zone,false,0.1343175208563425,179_dropoff
179,dropoff,2023,3,68671,11.137082263908574,0,Queens,Old Astoria,Boro Zone,false,0.1343175208563425,179_dropoff
179,dropoff,2023,4,65383,11.088017564817415,0,Queens,Old Astoria,Boro Zone,false,0.1343175208563425,179_dropoff
179,dropoff,2023,5,67281,11.116633157794398,0,Queens,Old Astoria,Boro Zone,false,0.1343175208563425,179_dropoff
179,dropoff,2024,2,68898,11.140382429004244,1,Queens,Old Astoria,Boro Zone,false,0.1343175208563425,179_dropoff
179,dropoff,2024,3,78579,11.271859767147028,1,Queens,Old Astoria,Boro Zone,false,0.1343175208563425,179_dropoff
179,dropoff,2024,4,71241,11.173823774362912,1,Queens,Old Astoria,Boro Zone,false,0.1343175208563425,179_dropoff
179,dropoff,2024,5,73191,11.20082774157066,1,Queens,Old Astoria,Boro Zone,false,0.1343175208563425,179_dropoff
179,pickup,2023,2,58257,10.97261953588173,0,Queens,Old Astoria,Boro Zone,false,0.11354892172917941,179_pickup
179,pickup,2023,3,66508,11.10507752016027,0,Queens,Old Astoria,Boro Zone,false,0.11354892172917941,179_pickup
179,pickup,2023,4,62937,11.049889505040086,0,Queens,Old Astoria,Boro Zone,false,0.11354892172917941,179_pickup
179,pickup,2023,5,65713,11.093052054001172,0,Queens,Old Astoria,Boro Zone,false,0.11354892172917941,179_pickup
179,pickup,2024,2,65211,11.085383445340975,1,Queens,Old Astoria,Boro Zone,false,0.11354892172917941,179_pickup
179,pickup,2024,3,73429,11.204074231940831,1,Queens,Old Astoria,Boro Zone,false,0.11354892172917941,179_pickup
179,pickup,2024,4,68258,11.13104992229515,1,Queens,Old Astoria,Boro Zone,false,0.11354892172917941,179_pickup
179,pickup,2024,5,70072,11.157278563842924,1,Queens,Old Astoria,Boro Zone,false,0.11354892172917941,179_pickup
180,dropoff,2023,2,24571,10.1093221647277,0,Queens,Ozone Park,Boro Zone,false,0.02834011817571976,180_dropoff
180,dropoff,2023,3,28593,10.260917211605735,0,Queens,Ozone Park,Boro Zone,false,0.02834011817571976,180_dropoff
180,dropoff,2023,4,26693,10.192156637730536,0,Queens,Ozone Park,Boro Zone,false,0.02834011817571976,180_dropoff
180,dropoff,2023,5,28964,10.273808958508711,0,Queens,Ozone Park,Boro Zone,false,0.02834011817571976,180_dropoff
180,dropoff,2024,2,27646,10.227236331024303,1,Queens,Ozone Park,Boro Zone,false,0.02834011817571976,180_dropoff
180,dropoff,2024,3,31096,10.344834472532058,1,Queens,Ozone Park,Boro Zone,false,0.02834011817571976,180_dropoff
180,dropoff,2024,4,28780,10.267435980441359,1,Queens,Ozone Park,Boro Zone,false,0.02834011817571976,180_dropoff
180,dropoff,2024,5,29985,10.30845253560261,1,Queens,Ozone Park,Boro Zone,false,0.02834011817571976,180_dropoff
180,pickup,2023,2,27380,10.21756809884244,0,Queens,Ozone Park,Boro Zone,false,0.023126253497412534,180_pickup
180,pickup,2023,3,31998,10.373428679828658,0,Queens,Ozone Park,Boro Zone,false,0.023126253497412534,180_pickup
180,pickup,2023,4,29436,10.28997369404649,0,Queens,Ozone Park,Boro Zone,false,0.023126253497412534,180_pickup
180,pickup,2023,5,32347,10.38427655992558,0,Queens,Ozone Park,Boro Zone,false,0.023126253497412534,180_pickup
180,pickup,2024,2,31160,10.346890499984685,1,Queens,Ozone Park,Boro Zone,false,0.023126253497412534,180_pickup
180,pickup,2024,3,35014,10.463503260492878,1,Queens,Ozone Park,Boro Zone,false,0.023126253497412534,180_pickup
180,pickup,2024,4,32485,10.388533723314632,1,Queens,Ozone Park,Boro Zone,false,0.023126253497412534,180_pickup
180,pickup,2024,5,34937,10.461301718524922,1,Queens,Ozone Park,Boro Zone,false,0.023126253497412534,180_pickup
181,dropoff,2023,2,166916,12.025245970842992,0,Brooklyn,Park Slope,Boro Zone,false,0.1469548406837179,181_dropoff
181,dropoff,2023,3,189160,12.150348496757813,0,Brooklyn,Park Slope,Boro Zone,false,0.1469548406837179,181_dropoff
181,dropoff,2023,4,178995,12.095113151471866,0,Brooklyn,Park Slope,Boro Zone,false,0.1469548406837179,181_dropoff
181,dropoff,2023,5,183939,12.122359459886512,0,Brooklyn,Park Slope,Boro Zone,false,0.1469548406837179,181_dropoff
181,dropoff,2024,2,185368,12.130098317432585,1,Brooklyn,Park Slope,Boro Zone,false,0.1469548406837179,181_dropoff
181,dropoff,2024,3,207919,12.244903859761674,1,Brooklyn,Park Slope,Boro Zone,false,0.1469548406837179,181_dropoff
181,dropoff,2024,4,189989,12.154721454729817,1,Brooklyn,Park Slope,Boro Zone,false,0.1469548406837179,181_dropoff
181,dropoff,2024,5,196893,12.190415712954126,1,Brooklyn,Park Slope,Boro Zone,false,0.1469548406837179,181_dropoff
181,pickup,2023,2,170442,12.046150341879665,0,Brooklyn,Park Slope,Boro Zone,false,0.11642381477096181,181_pickup
181,pickup,2023,3,192222,12.16640623306771,0,Brooklyn,Park Slope,Boro Zone,false,0.11642381477096181,181_pickup
181,pickup,2023,4,183600,12.120514757168527,0,Brooklyn,Park Slope,Boro Zone,false,0.11642381477096181,181_pickup
181,pickup,2023,5,184291,12.124271309041758,0,Brooklyn,Park Slope,Boro Zone,false,0.11642381477096181,181_pickup
181,pickup,2024,2,185868,12.132792023335758,1,Brooklyn,Park Slope,Boro Zone,false,0.11642381477096181,181_pickup
181,pickup,2024,3,210601,12.25772062700882,1,Brooklyn,Park Slope,Boro Zone,false,0.11642381477096181,181_pickup
181,pickup,2024,4,192365,12.167149887983712,1,Brooklyn,Park Slope,Boro Zone,false,0.11642381477096181,181_pickup
181,pickup,2024,5,195604,12.183847486271508,1,Brooklyn,Park Slope,Boro Zone,false,0.11642381477096181,181_pickup
182,dropoff,2023,2,38857,10.567643519745475,0,Bronx,Parkchester,Boro Zone,false,0.04576594349779561,182_dropoff
182,dropoff,2023,3,44378,10.700499130126362,0,Bronx,Parkchester,Boro Zone,false,0.04576594349779561,182_dropoff
182,dropoff,2023,4,40680,10.613491850162497,0,Bronx,Parkchester,Boro Zone,false,0.04576594349779561,182_dropoff
182,dropoff,2023,5,42344,10.653582013537823,0,Bronx,Parkchester,Boro Zone,false,0.04576594349779561,182_dropoff
182,dropoff,2024,2,43815,10.687731503489951,1,Bronx,Parkchester,Boro Zone,false,0.04576594349779561,182_dropoff
182,dropoff,2024,3,48924,10.798023352607254,1,Bronx,Parkchester,Boro Zone,false,0.04576594349779561,182_dropoff
182,dropoff,2024,4,44728,10.708354982706481,1,Bronx,Parkchester,Boro Zone,false,0.04576594349779561,182_dropoff
182,dropoff,2024,5,45921,10.734677807759818,1,Bronx,Parkchester,Boro Zone,false,0.04576594349779561,182_dropoff
182,pickup,2023,2,43825,10.687959709789435,0,Bronx,Parkchester,Boro Zone,false,0.038434137602279754,182_pickup
182,pickup,2023,3,50903,10.837677139898041,0,Bronx,Parkchester,Boro Zone,false,0.038434137602279754,182_pickup
182,pickup,2023,4,47015,10.758221978711177,0,Bronx,Parkchester,Boro Zone,false,0.038434137602279754,182_pickup
182,pickup,2023,5,49155,10.802733849801024,0,Bronx,Parkchester,Boro Zone,false,0.038434137602279754,182_pickup
182,pickup,2024,2,49565,10.811040218466998,1,Bronx,Parkchester,Boro Zone,false,0.038434137602279754,182_pickup
182,pickup,2024,3,56276,10.938023435497104,1,Bronx,Parkchester,Boro Zone,false,0.038434137602279754,182_pickup
182,pickup,2024,4,51045,10.840462875603116,1,Bronx,Parkchester,Boro Zone,false,0.038434137602279754,182_pickup
182,pickup,2024,5,52091,10.860747468097681,1,Bronx,Parkchester,Boro Zone,false,0.038434137602279754,182_pickup
183,dropoff,2023,2,19523,9.879348536682802,0,Bronx,Pelham Bay,Boro Zone,false,0.03852417121325583,183_dropoff
183,dropoff,2023,3,22550,10.023490344930824,0,Bronx,Pelham Bay,Boro Zone,false,0.03852417121325583,183_dropoff
183,dropoff,2023,4,20072,9.907081088046258,0,Bronx,Pelham Bay,Boro Zone,false,0.03852417121325583,183_dropoff
183,dropoff,2023,5,21984,9.998070195022075,0,Bronx,Pelham Bay,Boro Zone,false,0.03852417121325583,183_dropoff
183,dropoff,2024,2,21830,9.99104044954399,1,Bronx,Pelham Bay,Boro Zone,false,0.03852417121325583,183_dropoff
183,dropoff,2024,3,23917,10.082344782138865,1,Bronx,Pelham Bay,Boro Zone,false,0.03852417121325583,183_dropoff
183,dropoff,2024,4,22720,10.031000872835088,1,Bronx,Pelham Bay,Boro Zone,false,0.03852417121325583,183_dropoff
183,dropoff,2024,5,23578,10.068069352852072,1,Bronx,Pelham Bay,Boro Zone,false,0.03852417121325583,183_dropoff
183,pickup,2023,2,22106,10.0036043438709,0,Bronx,Pelham Bay,Boro Zone,false,0.031585059831186875,183_pickup
183,pickup,2023,3,25419,10.143252204866574,0,Bronx,Pelham Bay,Boro Zone,false,0.031585059831186875,183_pickup
183,pickup,2023,4,23448,10.062540482390729,0,Bronx,Pelham Bay,Boro Zone,false,0.031585059831186875,183_pickup
183,pickup,2023,5,25465,10.145060239318704,0,Bronx,Pelham Bay,Boro Zone,false,0.031585059831186875,183_pickup
183,pickup,2024,2,24497,10.106305940055739,1,Bronx,Pelham Bay,Boro Zone,false,0.031585059831186875,183_pickup
183,pickup,2024,3,27552,10.223830407227457,1,Bronx,Pelham Bay,Boro Zone,false,0.031585059831186875,183_pickup
183,pickup,2024,4,25327,10.13962629934515,1,Bronx,Pelham Bay,Boro Zone,false,0.031585059831186875,183_pickup
183,pickup,2024,5,26190,10.173132937501757,1,Bronx,Pelham Bay,Boro Zone,false,0.031585059831186875,183_pickup
184,dropoff,2023,2,3112,8.043020885298283,0,Bronx,Pelham Bay Park,Boro Zone,false,0.040507075471698115,184_dropoff
184,dropoff,2023,3,3688,8.212839584676484,0,Bronx,Pelham Bay Park,Boro Zone,false,0.040507075471698115,184_dropoff
184,dropoff,2023,4,4281,8.361941906144946,0,Bronx,Pelham Bay Park,Boro Zone,false,0.040507075471698115,184_dropoff
184,dropoff,2023,5,5879,8.679141958402255,0,Bronx,Pelham Bay Park,Boro Zone,false,0.040507075471698115,184_dropoff
184,dropoff,2024,2,3492,8.158229916959494,1,Bronx,Pelham Bay Park,Boro Zone,false,0.040507075471698115,184_dropoff
184,dropoff,2024,3,4267,8.358666283188,1,Bronx,Pelham Bay Park,Boro Zone,false,0.040507075471698115,184_dropoff
184,dropoff,2024,4,5030,8.523175263093785,1,Bronx,Pelham Bay Park,Boro Zone,false,0.040507075471698115,184_dropoff
184,dropoff,2024,5,6431,8.768885326134862,1,Bronx,Pelham Bay Park,Boro Zone,false,0.040507075471698115,184_dropoff
184,pickup,2023,2,2556,7.846198815497425,0,Bronx,Pelham Bay Park,Boro Zone,false,0.04301001035554022,184_pickup
184,pickup,2023,3,3211,8.074337694089515,0,Bronx,Pelham Bay Park,Boro Zone,false,0.04301001035554022,184_pickup
184,pickup,2023,4,3742,8.227375506834035,0,Bronx,Pelham Bay Park,Boro Zone,false,0.04301001035554022,184_pickup
184,pickup,2023,5,4976,8.512381634419015,0,Bronx,Pelham Bay Park,Boro Zone,false,0.04301001035554022,184_pickup
184,pickup,2024,2,3093,8.03689677268507,1,Bronx,Pelham Bay Park,Boro Zone,false,0.04301001035554022,184_pickup
184,pickup,2024,3,3916,8.272826003650401,1,Bronx,Pelham Bay Park,Boro Zone,false,0.04301001035554022,184_pickup
184,pickup,2024,4,4095,8.31752199628717,1,Bronx,Pelham Bay Park,Boro Zone,false,0.04301001035554022,184_pickup
184,pickup,2024,5,5249,8.5657928612523,1,Bronx,Pelham Bay Park,Boro Zone,false,0.04301001035554022,184_pickup
185,dropoff,2023,2,51655,10.852342275283545,0,Bronx,Pelham Parkway,Boro Zone,false,0.04097276457815117,185_dropoff
185,dropoff,2023,3,60288,11.006888357936035,0,Bronx,Pelham Parkway,Boro Zone,false,0.04097276457815117,185_dropoff
185,dropoff,2023,4,53576,10.888856485589885,0,Bronx,Pelham Parkway,Boro Zone,false,0.04097276457815117,185_dropoff
185,dropoff,2023,5,55994,10.932999821119937,0,Bronx,Pelham Parkway,Boro Zone,false,0.04097276457815117,185_dropoff
185,dropoff,2024,2,57744,10.96377472688257,1,Bronx,Pelham Parkway,Boro Zone,false,0.04097276457815117,185_dropoff
185,dropoff,2024,3,63528,11.059236032575047,1,Bronx,Pelham Parkway,Boro Zone,false,0.04097276457815117,185_dropoff
185,dropoff,2024,4,60323,11.007468736193116,1,Bronx,Pelham Parkway,Boro Zone,false,0.04097276457815117,185_dropoff
185,dropoff,2024,5,61062,11.019645020419986,1,Bronx,Pelham Parkway,Boro Zone,false,0.04097276457815117,185_dropoff
185,pickup,2023,2,54062,10.897886815076554,0,Bronx,Pelham Parkway,Boro Zone,false,0.03359966249666371,185_pickup
185,pickup,2023,3,63114,11.052697893967329,0,Bronx,Pelham Parkway,Boro Zone,false,0.03359966249666371,185_pickup
185,pickup,2023,4,56383,10.939922973610766,0,Bronx,Pelham Parkway,Boro Zone,false,0.03359966249666371,185_pickup
185,pickup,2023,5,58735,10.980791080257987,0,Bronx,Pelham Parkway,Boro Zone,false,0.03359966249666371,185_pickup
185,pickup,2024,2,60165,11.004846066872263,1,Bronx,Pelham Parkway,Boro Zone,false,0.03359966249666371,185_pickup
185,pickup,2024,3,66429,11.103888987106272,1,Bronx,Pelham Parkway,Boro Zone,false,0.03359966249666371,185_pickup
185,pickup,2024,4,62064,11.035921389679748,1,Bronx,Pelham Parkway,Boro Zone,false,0.03359966249666371,185_pickup
185,pickup,2024,5,62806,11.047805889293775,1,Bronx,Pelham Parkway,Boro Zone,false,0.03359966249666371,185_pickup
186,dropoff,2023,2,153430,11.94099971593925,0,Manhattan,Penn Station/Madison Sq West,Yellow Zone,true,1.0,186_dropoff
186,dropoff,2023,3,168891,12.037008815408115,0,Manhattan,Penn Station/Madison Sq West,Yellow Zone,true,1.0,186_dropoff
186,dropoff,2023,4,157451,11.966869577731613,0,Manhattan,Penn Station/Madison Sq West,Yellow Zone,true,1.0,186_dropoff
186,dropoff,2023,5,162889,12.000824266220523,0,Manhattan,Penn Station/Madison Sq West,Yellow Zone,true,1.0,186_dropoff
186,dropoff,2024,2,153948,11.944370162037341,1,Manhattan,Penn Station/Madison Sq West,Yellow Zone,true,1.0,186_dropoff
186,dropoff,2024,3,170790,12.048190010613236,1,Manhattan,Penn Station/Madison Sq West,Yellow Zone,true,1.0,186_dropoff
186,dropoff,2024,4,157081,11.96451687485452,1,Manhattan,Penn Station/Madison Sq West,Yellow Zone,true,1.0,186_dropoff
186,dropoff,2024,5,168438,12.03432300854116,1,Manhattan,Penn Station/Madison Sq West,Yellow Zone,true,1.0,186_dropoff
186,pickup,2023,2,124748,11.734050981421122,0,Manhattan,Penn Station/Madison Sq West,Yellow Zone,true,1.0,186_pickup
186,pickup,2023,3,140953,11.856181780459067,0,Manhattan,Penn Station/Madison Sq West,Yellow Zone,true,1.0,186_pickup
186,pickup,2023,4,128486,11.763575227965651,0,Manhattan,Penn Station/Madison Sq West,Yellow Zone,true,1.0,186_pickup
186,pickup,2023,5,134683,11.810679148049202,0,Manhattan,Penn Station/Madison Sq West,Yellow Zone,true,1.0,186_pickup
186,pickup,2024,2,118243,11.680497107984655,1,Manhattan,Penn Station/Madison Sq West,Yellow Zone,true,1.0,186_pickup
186,pickup,2024,3,132199,11.792063642074593,1,Manhattan,Penn Station/Madison Sq West,Yellow Zone,true,1.0,186_pickup
186,pickup,2024,4,120763,11.701585226175334,1,Manhattan,Penn Station/Madison Sq West,Yellow Zone,true,1.0,186_pickup
186,pickup,2024,5,132725,11.796034597451872,1,Manhattan,Penn Station/Madison Sq West,Yellow Zone,true,1.0,186_pickup
187,dropoff,2023,2,9895,9.199784858036667,0,Staten Island,Port Richmond,Boro Zone,false,0.018918979863350397,187_dropoff
187,dropoff,2023,3,12153,9.4053313318708,0,Staten Island,Port Richmond,Boro Zone,false,0.018918979863350397,187_dropoff
187,dropoff,2023,4,10533,9.262268464836541,0,Staten Island,Port Richmond,Boro Zone,false,0.018918979863350397,187_dropoff
187,dropoff,2023,5,11766,9.3729692954244,0,Staten Island,Port Richmond,Boro Zone,false,0.018918979863350397,187_dropoff
187,dropoff,2024,2,12175,9.40713994795079,1,Staten Island,Port Richmond,Boro Zone,false,0.018918979863350397,187_dropoff
187,dropoff,2024,3,13492,9.50985219618154,1,Staten Island,Port Richmond,Boro Zone,false,0.018918979863350397,187_dropoff
187,dropoff,2024,4,11921,9.386056829718001,1,Staten Island,Port Richmond,Boro Zone,false,0.018918979863350397,187_dropoff
187,dropoff,2024,5,12672,9.447150114054207,1,Staten Island,Port Richmond,Boro Zone,false,0.018918979863350397,187_dropoff
187,pickup,2023,2,10804,9.287671714912506,0,Staten Island,Port Richmond,Boro Zone,false,0.013757027822970941,187_pickup
187,pickup,2023,3,13146,9.483872808823522,0,Staten Island,Port Richmond,Boro Zone,false,0.013757027822970941,187_pickup
187,pickup,2023,4,11595,9.358329249689632,0,Staten Island,Port Richmond,Boro Zone,false,0.013757027822970941,187_pickup
187,pickup,2023,5,13012,9.473627287593242,0,Staten Island,Port Richmond,Boro Zone,false,0.013757027822970941,187_pickup
187,pickup,2024,2,13567,9.515395652485308,1,Staten Island,Port Richmond,Boro Zone,false,0.013757027822970941,187_pickup
187,pickup,2024,3,15097,9.622251327567737,1,Staten Island,Port Richmond,Boro Zone,false,0.013757027822970941,187_pickup
187,pickup,2024,4,13332,9.497922439427631,1,Staten Island,Port Richmond,Boro Zone,false,0.013757027822970941,187_pickup
187,pickup,2024,5,14681,9.59430941973946,1,Staten Island,Port Richmond,Boro Zone,false,0.013757027822970941,187_pickup
188,dropoff,2023,2,135952,11.820057161243323,0,Brooklyn,Prospect-Lefferts Gardens,Boro Zone,false,0.07344318234376151,188_dropoff
188,dropoff,2023,3,154877,11.950386532488096,0,Brooklyn,Prospect-Lefferts Gardens,Boro Zone,false,0.07344318234376151,188_dropoff
188,dropoff,2023,4,143155,11.871683238313066,0,Brooklyn,Prospect-Lefferts Gardens,Boro Zone,false,0.07344318234376151,188_dropoff
188,dropoff,2023,5,149787,11.916969563922946,0,Brooklyn,Prospect-Lefferts Gardens,Boro Zone,false,0.07344318234376151,188_dropoff
188,dropoff,2024,2,149813,11.917143128676386,1,Brooklyn,Prospect-Lefferts Gardens,Boro Zone,false,0.07344318234376151,188_dropoff
188,dropoff,2024,3,169653,12.041510453521985,1,Brooklyn,Prospect-Lefferts Gardens,Boro Zone,false,0.07344318234376151,188_dropoff
188,dropoff,2024,4,151942,11.931254148061274,1,Brooklyn,Prospect-Lefferts Gardens,Boro Zone,false,0.07344318234376151,188_dropoff
188,dropoff,2024,5,158959,11.97640158631512,1,Brooklyn,Prospect-Lefferts Gardens,Boro Zone,false,0.07344318234376151,188_dropoff
188,pickup,2023,2,130672,11.780445645598057,0,Brooklyn,Prospect-Lefferts Gardens,Boro Zone,false,0.05412661714440663,188_pickup
188,pickup,2023,3,148757,11.910069381124174,0,Brooklyn,Prospect-Lefferts Gardens,Boro Zone,false,0.05412661714440663,188_pickup
188,pickup,2023,4,137997,11.83498722477261,0,Brooklyn,Prospect-Lefferts Gardens,Boro Zone,false,0.05412661714440663,188_pickup
188,pickup,2023,5,143130,11.871508587178262,0,Brooklyn,Prospect-Lefferts Gardens,Boro Zone,false,0.05412661714440663,188_pickup
188,pickup,2024,2,144193,11.878907958965382,1,Brooklyn,Prospect-Lefferts Gardens,Boro Zone,false,0.05412661714440663,188_pickup
188,pickup,2024,3,163835,12.006615102789484,1,Brooklyn,Prospect-Lefferts Gardens,Boro Zone,false,0.05412661714440663,188_pickup
188,pickup,2024,4,145317,11.886672842026258,1,Brooklyn,Prospect-Lefferts Gardens,Boro Zone,false,0.05412661714440663,188_pickup
188,pickup,2024,5,153010,11.938258557715859,1,Brooklyn,Prospect-Lefferts Gardens,Boro Zone,false,0.05412661714440663,188_pickup
189,dropoff,2023,2,61757,11.030962608389315,0,Brooklyn,Prospect Heights,Boro Zone,false,0.1488889055663542,189_dropoff
189,dropoff,2023,3,69915,11.155035497474952,0,Brooklyn,Prospect Heights,Boro Zone,false,0.1488889055663542,189_dropoff
189,dropoff,2023,4,67894,11.125702944399345,0,Brooklyn,Prospect Heights,Boro Zone,false,0.1488889055663542,189_dropoff
189,dropoff,2023,5,66928,11.11137269368198,0,Brooklyn,Prospect Heights,Boro Zone,false,0.1488889055663542,189_dropoff
189,dropoff,2024,2,72150,11.186502564202017,1,Brooklyn,Prospect Heights,Boro Zone,false,0.1488889055663542,189_dropoff
189,dropoff,2024,3,81788,11.311885812562945,1,Brooklyn,Prospect Heights,Boro Zone,false,0.1488889055663542,189_dropoff
189,dropoff,2024,4,72730,11.194509233148587,1,Brooklyn,Prospect Heights,Boro Zone,false,0.1488889055663542,189_dropoff
189,dropoff,2024,5,75602,11.233238016844151,1,Brooklyn,Prospect Heights,Boro Zone,false,0.1488889055663542,189_dropoff
189,pickup,2023,2,62481,11.042617789507126,0,Brooklyn,Prospect Heights,Boro Zone,false,0.11549197878947545,189_pickup
189,pickup,2023,3,69698,11.151926901932331,0,Brooklyn,Prospect Heights,Boro Zone,false,0.11549197878947545,189_pickup
189,pickup,2023,4,68883,11.140164692160132,0,Brooklyn,Prospect Heights,Boro Zone,false,0.11549197878947545,189_pickup
189,pickup,2023,5,66541,11.105573578013793,0,Brooklyn,Prospect Heights,Boro Zone,false,0.11549197878947545,189_pickup
189,pickup,2024,2,72905,11.196912502750386,1,Brooklyn,Prospect Heights,Boro Zone,false,0.11549197878947545,189_pickup
189,pickup,2024,3,80297,11.293487539336581,1,Brooklyn,Prospect Heights,Boro Zone,false,0.11549197878947545,189_pickup
189,pickup,2024,4,74278,11.215570089956065,1,Brooklyn,Prospect Heights,Boro Zone,false,0.11549197878947545,189_pickup
189,pickup,2024,5,73655,11.20714730824904,1,Brooklyn,Prospect Heights,Boro Zone,false,0.11549197878947545,189_pickup
190,dropoff,2023,2,12388,9.424483541093094,0,Brooklyn,Prospect Park,Boro Zone,false,0.11257854936627969,190_dropoff
190,dropoff,2023,3,14457,9.578934005308442,0,Brooklyn,Prospect Park,Boro Zone,false,0.11257854936627969,190_dropoff
190,dropoff,2023,4,20872,9.946163826816564,0,Brooklyn,Prospect Park,Boro Zone,false,0.11257854936627969,190_dropoff
190,dropoff,2023,5,18006,9.798460314668421,0,Brooklyn,Prospect Park,Boro Zone,false,0.11257854936627969,190_dropoff
190,dropoff,2024,2,14755,9.59933728737704,1,Brooklyn,Prospect Park,Boro Zone,false,0.11257854936627969,190_dropoff
190,dropoff,2024,3,17272,9.756841972194643,1,Brooklyn,Prospect Park,Boro Zone,false,0.11257854936627969,190_dropoff
190,dropoff,2024,4,20833,9.944293546928382,1,Brooklyn,Prospect Park,Boro Zone,false,0.11257854936627969,190_dropoff
190,dropoff,2024,5,18915,9.84771053706713,1,Brooklyn,Prospect Park,Boro Zone,false,0.11257854936627969,190_dropoff
190,pickup,2023,2,8405,9.036582045842716,0,Brooklyn,Prospect Park,Boro Zone,false,0.09804698910820848,190_pickup
190,pickup,2023,3,10172,9.227394126542011,0,Brooklyn,Prospect Park,Boro Zone,false,0.09804698910820848,190_pickup
190,pickup,2023,4,15648,9.6580983922746,0,Brooklyn,Prospect Park,Boro Zone,false,0.09804698910820848,190_pickup
190,pickup,2023,5,13701,9.525224101853109,0,Brooklyn,Prospect Park,Boro Zone,false,0.09804698910820848,190_pickup
190,pickup,2024,2,9805,9.190647738630446,1,Brooklyn,Prospect Park,Boro Zone,false,0.09804698910820848,190_pickup
190,pickup,2024,3,11869,9.381685238056505,1,Brooklyn,Prospect Park,Boro Zone,false,0.09804698910820848,190_pickup
190,pickup,2024,4,14853,9.605957144029533,1,Brooklyn,Prospect Park,Boro Zone,false,0.09804698910820848,190_pickup
190,pickup,2024,5,13980,9.5453830157878,1,Brooklyn,Prospect Park,Boro Zone,false,0.09804698910820848,190_pickup
191,dropoff,2023,2,36576,10.507147566594536,0,Queens,Queens Village,Boro Zone,false,0.02240584776736056,191_dropoff
191,dropoff,2023,3,43190,10.673364265954747,0,Queens,Queens Village,Boro Zone,false,0.02240584776736056,191_dropoff
191,dropoff,2023,4,40265,10.603237884229646,0,Queens,Queens Village,Boro Zone,false,0.02240584776736056,191_dropoff
191,dropoff,2023,5,43587,10.68251421973945,0,Queens,Queens Village,Boro Zone,false,0.02240584776736056,191_dropoff
191,dropoff,2024,2,42381,10.654455427579775,1,Queens,Queens Village,Boro Zone,false,0.02240584776736056,191_dropoff
191,dropoff,2024,3,47525,10.76901116735663,1,Queens,Queens Village,Boro Zone,false,0.02240584776736056,191_dropoff
191,dropoff,2024,4,43718,10.685515195589948,1,Queens,Queens Village,Boro Zone,false,0.02240584776736056,191_dropoff
191,dropoff,2024,5,46356,10.744106012454282,1,Queens,Queens Village,Boro Zone,false,0.02240584776736056,191_dropoff
191,pickup,2023,2,46217,10.741102974755142,0,Queens,Queens Village,Boro Zone,false,0.01566703899762032,191_pickup
191,pickup,2023,3,54181,10.90008557246396,0,Queens,Queens Village,Boro Zone,false,0.01566703899762032,191_pickup
191,pickup,2023,4,50481,10.829352306844557,0,Queens,Queens Village,Boro Zone,false,0.01566703899762032,191_pickup
191,pickup,2023,5,55031,10.91565194179493,0,Queens,Queens Village,Boro Zone,false,0.01566703899762032,191_pickup
191,pickup,2024,2,52040,10.859767932626442,1,Queens,Queens Village,Boro Zone,false,0.01566703899762032,191_pickup
191,pickup,2024,3,58813,10.982118197885645,1,Queens,Queens Village,Boro Zone,false,0.01566703899762032,191_pickup
191,pickup,2024,4,54146,10.899439380817963,1,Queens,Queens Village,Boro Zone,false,0.01566703899762032,191_pickup
191,pickup,2024,5,57383,10.95750337119409,1,Queens,Queens Village,Boro Zone,false,0.01566703899762032,191_pickup
192,dropoff,2023,2,20506,9.928472805230037,0,Queens,Queensboro Hill,Boro Zone,false,0.05307020624107498,192_dropoff
192,dropoff,2023,3,22003,9.99893408668014,0,Queens,Queensboro Hill,Boro Zone,false,0.05307020624107498,192_dropoff
192,dropoff,2023,4,20598,9.932949262685748,0,Queens,Queensboro Hill,Boro Zone,false,0.05307020624107498,192_dropoff
192,dropoff,2023,5,22327,10.013551987398436,0,Queens,Queensboro Hill,Boro Zone,false,0.05307020624107498,192_dropoff
192,dropoff,2024,2,23042,10.045073916598,1,Queens,Queensboro Hill,Boro Zone,false,0.05307020624107498,192_dropoff
192,dropoff,2024,3,24590,10.110095135210239,1,Queens,Queensboro Hill,Boro Zone,false,0.05307020624107498,192_dropoff
192,dropoff,2024,4,23372,10.059294003674328,1,Queens,Queensboro Hill,Boro Zone,false,0.05307020624107498,192_dropoff
192,dropoff,2024,5,24628,10.111639286031101,1,Queens,Queensboro Hill,Boro Zone,false,0.05307020624107498,192_dropoff
192,pickup,2023,2,21204,9.961945122107696,0,Queens,Queensboro Hill,Boro Zone,false,0.04329790277502696,192_pickup
192,pickup,2023,3,23658,10.071456603105682,0,Queens,Queensboro Hill,Boro Zone,false,0.04329790277502696,192_pickup
192,pickup,2023,4,21979,9.997842731017274,0,Queens,Queensboro Hill,Boro Zone,false,0.04329790277502696,192_pickup
192,pickup,2023,5,24041,10.087515985121769,0,Queens,Queensboro Hill,Boro Zone,false,0.04329790277502696,192_pickup
192,pickup,2024,2,24123,10.090921021216259,1,Queens,Queensboro Hill,Boro Zone,false,0.04329790277502696,192_pickup
192,pickup,2024,3,25665,10.152883474994404,1,Queens,Queensboro Hill,Boro Zone,false,0.04329790277502696,192_pickup
192,pickup,2024,4,24108,10.090299014602934,1,Queens,Queensboro Hill,Boro Zone,false,0.04329790277502696,192_pickup
192,pickup,2024,5,25709,10.15459640413204,1,Queens,Queensboro Hill,Boro Zone,false,0.04329790277502696,192_pickup
193,dropoff,2023,2,24069,10.088679984421766,0,Queens,Queensbridge/Ravenswood,Boro Zone,false,0.10732216580458406,193_dropoff
193,dropoff,2023,3,28335,10.251853068603719,0,Queens,Queensbridge/Ravenswood,Boro Zone,false,0.10732216580458406,193_dropoff
193,dropoff,2023,4,25639,10.151869908713964,0,Queens,Queensbridge/Ravenswood,Boro Zone,false,0.10732216580458406,193_dropoff
193,dropoff,2023,5,27322,10.215447517447432,0,Queens,Queensbridge/Ravenswood,Boro Zone,false,0.10732216580458406,193_dropoff
193,dropoff,2024,2,25775,10.15716030888516,1,Queens,Queensbridge/Ravenswood,Boro Zone,false,0.10732216580458406,193_dropoff
193,dropoff,2024,3,30135,10.313442565917144,1,Queens,Queensbridge/Ravenswood,Boro Zone,false,0.10732216580458406,193_dropoff
193,dropoff,2024,4,26595,10.188478507176418,1,Queens,Queensbridge/Ravenswood,Boro Zone,false,0.10732216580458406,193_dropoff
193,dropoff,2024,5,29203,10.282026722705035,1,Queens,Queensbridge/Ravenswood,Boro Zone,false,0.10732216580458406,193_dropoff
193,pickup,2023,2,23819,10.078238860499914,0,Queens,Queensbridge/Ravenswood,Boro Zone,false,0.11489819207227939,193_pickup
193,pickup,2023,3,28957,10.273567249973496,0,Queens,Queensbridge/Ravenswood,Boro Zone,false,0.11489819207227939,193_pickup
193,pickup,2023,4,25816,10.158749733731797,0,Queens,Queensbridge/Ravenswood,Boro Zone,false,0.11489819207227939,193_pickup
193,pickup,2023,5,27441,10.219793524324475,0,Queens,Queensbridge/Ravenswood,Boro Zone,false,0.11489819207227939,193_pickup
193,pickup,2024,2,25913,10.16250005226458,1,Queens,Queensbridge/Ravenswood,Boro Zone,false,0.11489819207227939,193_pickup
193,pickup,2024,3,30006,10.309152640646959,1,Queens,Queensbridge/Ravenswood,Boro Zone,false,0.11489819207227939,193_pickup
193,pickup,2024,4,27061,10.205848855956967,1,Queens,Queensbridge/Ravenswood,Boro Zone,false,0.11489819207227939,193_pickup
193,pickup,2024,5,28629,10.262175469085363,1,Queens,Queensbridge/Ravenswood,Boro Zone,false,0.11489819207227939,193_pickup
194,dropoff,2023,2,3361,8.119993827725105,0,Manhattan,Randalls Island,Yellow Zone,false,0.1374326632505584,194_dropoff
194,dropoff,2023,3,4462,8.403352374992478,0,Manhattan,Randalls Island,Yellow Zone,false,0.1374326632505584,194_dropoff
194,dropoff,2023,4,6983,8.851233902846035,0,Manhattan,Randalls Island,Yellow Zone,false,0.1374326632505584,194_dropoff
194,dropoff,2023,5,8027,8.990566138131577,0,Manhattan,Randalls Island,Yellow Zone,false,0.1374326632505584,194_dropoff
194,dropoff,2024,2,4863,8.489410810403786,1,Manhattan,Randalls Island,Yellow Zone,false,0.1374326632505584,194_dropoff
194,dropoff,2024,3,5915,8.685246776412487,1,Manhattan,Randalls Island,Yellow Zone,false,0.1374326632505584,194_dropoff
194,dropoff,2024,4,9043,9.10974625674048,1,Manhattan,Randalls Island,Yellow Zone,false,0.1374326632505584,194_dropoff
194,dropoff,2024,5,8863,9.089640586738398,1,Manhattan,Randalls Island,Yellow Zone,false,0.1374326632505584,194_dropoff
194,pickup,2023,2,1465,7.289610521451167,0,Manhattan,Randalls Island,Yellow Zone,false,0.19143696125793314,194_pickup
194,pickup,2023,3,1888,7.543273346705446,0,Manhattan,Randalls Island,Yellow Zone,false,0.19143696125793314,194_pickup
194,pickup,2023,4,3244,8.084562415235304,0,Manhattan,Randalls Island,Yellow Zone,false,0.19143696125793314,194_pickup
194,pickup,2023,5,3960,8.283999304248526,0,Manhattan,Randalls Island,Yellow Zone,false,0.19143696125793314,194_pickup
194,pickup,2024,2,2111,7.65491704784832,1,Manhattan,Randalls Island,Yellow Zone,false,0.19143696125793314,194_pickup
194,pickup,2024,3,2522,7.8328075165248645,1,Manhattan,Randalls Island,Yellow Zone,false,0.19143696125793314,194_pickup
194,pickup,2024,4,4203,8.343553835005117,1,Manhattan,Randalls Island,Yellow Zone,false,0.19143696125793314,194_pickup
194,pickup,2024,5,4021,8.299285906897275,1,Manhattan,Randalls Island,Yellow Zone,false,0.19143696125793314,194_pickup
195,dropoff,2023,2,30190,10.315266022700884,0,Brooklyn,Red Hook,Boro Zone,false,0.14745969186671443,195_dropoff
195,dropoff,2023,3,35032,10.464017208481234,0,Brooklyn,Red Hook,Boro Zone,false,0.14745969186671443,195_dropoff
195,dropoff,2023,4,34394,10.445637409544144,0,Brooklyn,Red Hook,Boro Zone,false,0.14745969186671443,195_dropoff
195,dropoff,2023,5,39934,10.594983370346842,0,Brooklyn,Red Hook,Boro Zone,false,0.14745969186671443,195_dropoff
195,dropoff,2024,2,33604,10.422400386484737,1,Brooklyn,Red Hook,Boro Zone,false,0.14745969186671443,195_dropoff
195,dropoff,2024,3,38093,10.547785817200792,1,Brooklyn,Red Hook,Boro Zone,false,0.14745969186671443,195_dropoff
195,dropoff,2024,4,35637,10.48113970295765,1,Brooklyn,Red Hook,Boro Zone,false,0.14745969186671443,195_dropoff
195,dropoff,2024,5,40632,10.612311212481082,1,Brooklyn,Red Hook,Boro Zone,false,0.14745969186671443,195_dropoff
195,pickup,2023,2,29518,10.292755525741722,0,Brooklyn,Red Hook,Boro Zone,false,0.16785248300570202,195_pickup
195,pickup,2023,3,34575,10.45088615653296,0,Brooklyn,Red Hook,Boro Zone,false,0.16785248300570202,195_pickup
195,pickup,2023,4,34695,10.45435086333365,0,Brooklyn,Red Hook,Boro Zone,false,0.16785248300570202,195_pickup
195,pickup,2023,5,39935,10.59500841135149,0,Brooklyn,Red Hook,Boro Zone,false,0.16785248300570202,195_pickup
195,pickup,2024,2,31814,10.367661723458307,1,Brooklyn,Red Hook,Boro Zone,false,0.16785248300570202,195_pickup
195,pickup,2024,3,36704,10.510641019929098,1,Brooklyn,Red Hook,Boro Zone,false,0.16785248300570202,195_pickup
195,pickup,2024,4,34868,10.459324782131466,1,Brooklyn,Red Hook,Boro Zone,false,0.16785248300570202,195_pickup
195,pickup,2024,5,39249,10.577681245178987,1,Brooklyn,Red Hook,Boro Zone,false,0.16785248300570202,195_pickup
196,dropoff,2023,2,39026,10.571983369654944,0,Queens,Rego Park,Boro Zone,false,0.07921443393913298,196_dropoff
196,dropoff,2023,3,44709,10.707930102616903,0,Queens,Rego Park,Boro Zone,false,0.07921443393913298,196_dropoff
196,dropoff,2023,4,40021,10.597159595331789,0,Queens,Rego Park,Boro Zone,false,0.07921443393913298,196_dropoff
196,dropoff,2023,5,43461,10.67961926320976,0,Queens,Rego Park,Boro Zone,false,0.07921443393913298,196_dropoff
196,dropoff,2024,2,43820,10.687845613149458,1,Queens,Rego Park,Boro Zone,false,0.07921443393913298,196_dropoff
196,dropoff,2024,3,47380,10.765955477712776,1,Queens,Rego Park,Boro Zone,false,0.07921443393913298,196_dropoff
196,dropoff,2024,4,43715,10.68544657161499,1,Queens,Rego Park,Boro Zone,false,0.07921443393913298,196_dropoff
196,dropoff,2024,5,46228,10.741340954095332,1,Queens,Rego Park,Boro Zone,false,0.07921443393913298,196_dropoff
196,pickup,2023,2,41685,10.637896630844713,0,Queens,Rego Park,Boro Zone,false,0.05913161101360491,196_pickup
196,pickup,2023,3,47893,10.776724634932783,0,Queens,Rego Park,Boro Zone,false,0.05913161101360491,196_pickup
196,pickup,2023,4,43327,10.676531276241942,0,Queens,Rego Park,Boro Zone,false,0.05913161101360491,196_pickup
196,pickup,2023,5,46001,10.736418414365376,0,Queens,Rego Park,Boro Zone,false,0.05913161101360491,196_pickup
196,pickup,2024,2,46796,10.753553008167492,1,Queens,Rego Park,Boro Zone,false,0.05913161101360491,196_pickup
196,pickup,2024,3,50354,10.82683333888396,1,Queens,Rego Park,Boro Zone,false,0.05913161101360491,196_pickup
196,pickup,2024,4,46918,10.756156676112958,1,Queens,Rego Park,Boro Zone,false,0.05913161101360491,196_pickup
196,pickup,2024,5,49315,10.805983573388094,1,Queens,Rego Park,Boro Zone,false,0.05913161101360491,196_pickup
197,dropoff,2023,2,65525,11.090187028191608,0,Queens,Richmond Hill,Boro Zone,false,0.026966796807518227,197_dropoff
197,dropoff,2023,3,77505,11.258097729389394,0,Queens,Richmond Hill,Boro Zone,false,0.026966796807518227,197_dropoff
197,dropoff,2023,4,70759,11.167035015895737,0,Queens,Richmond Hill,Boro Zone,false,0.026966796807518227,197_dropoff
197,dropoff,2023,5,75641,11.233753743203248,0,Queens,Richmond Hill,Boro Zone,false,0.026966796807518227,197_dropoff
197,dropoff,2024,2,73155,11.200335756812263,1,Queens,Richmond Hill,Boro Zone,false,0.026966796807518227,197_dropoff
197,dropoff,2024,3,82333,11.318527278350814,1,Queens,Richmond Hill,Boro Zone,false,0.026966796807518227,197_dropoff
197,dropoff,2024,4,77213,11.25432311561861,1,Queens,Richmond Hill,Boro Zone,false,0.026966796807518227,197_dropoff
197,dropoff,2024,5,81237,11.305126087390619,1,Queens,Richmond Hill,Boro Zone,false,0.026966796807518227,197_dropoff
197,pickup,2023,2,71880,11.182753340897495,0,Queens,Richmond Hill,Boro Zone,false,0.02147538609734753,197_pickup
197,pickup,2023,3,85066,11.351182704763357,0,Queens,Richmond Hill,Boro Zone,false,0.02147538609734753,197_pickup
197,pickup,2023,4,77562,11.258832895512002,0,Queens,Richmond Hill,Boro Zone,false,0.02147538609734753,197_pickup
197,pickup,2023,5,83158,11.328497691658693,0,Queens,Richmond Hill,Boro Zone,false,0.02147538609734753,197_pickup
197,pickup,2024,2,80455,11.29545330089325,1,Queens,Richmond Hill,Boro Zone,false,0.02147538609734753,197_pickup
197,pickup,2024,3,90426,11.41228711564773,1,Queens,Richmond Hill,Boro Zone,false,0.02147538609734753,197_pickup
197,pickup,2024,4,84845,11.348581341406927,1,Queens,Richmond Hill,Boro Zone,false,0.02147538609734753,197_pickup
197,pickup,2024,5,89215,11.39880446586553,1,Queens,Richmond Hill,Boro Zone,false,0.02147538609734753,197_pickup
198,dropoff,2023,2,111926,11.625593217623642,0,Queens,Ridgewood,Boro Zone,false,0.0965646969808426,198_dropoff
198,dropoff,2023,3,124326,11.730662426985138,0,Queens,Ridgewood,Boro Zone,false,0.0965646969808426,198_dropoff
198,dropoff,2023,4,118493,11.682609166082562,0,Queens,Ridgewood,Boro Zone,false,0.0965646969808426,198_dropoff
198,dropoff,2023,5,121050,11.703958962366205,0,Queens,Ridgewood,Boro Zone,false,0.0965646969808426,198_dropoff
198,dropoff,2024,2,121511,11.70776007264412,1,Queens,Ridgewood,Boro Zone,false,0.0965646969808426,198_dropoff
198,dropoff,2024,3,134283,11.807704792220635,1,Queens,Ridgewood,Boro Zone,false,0.0965646969808426,198_dropoff
198,dropoff,2024,4,123153,11.721182763787903,1,Queens,Ridgewood,Boro Zone,false,0.0965646969808426,198_dropoff
198,dropoff,2024,5,131515,11.786876192535711,1,Queens,Ridgewood,Boro Zone,false,0.0965646969808426,198_dropoff
198,pickup,2023,2,105990,11.5711000290213,0,Queens,Ridgewood,Boro Zone,false,0.06911526117165732,198_pickup
198,pickup,2023,3,118416,11.681959127437247,0,Queens,Ridgewood,Boro Zone,false,0.06911526117165732,198_pickup
198,pickup,2023,4,114224,11.645916711742242,0,Queens,Ridgewood,Boro Zone,false,0.06911526117165732,198_pickup
198,pickup,2023,5,115018,11.652843916836268,0,Queens,Ridgewood,Boro Zone,false,0.06911526117165732,198_pickup
198,pickup,2024,2,116625,11.666718938149645,1,Queens,Ridgewood,Boro Zone,false,0.06911526117165732,198_pickup
198,pickup,2024,3,130106,11.776104781807662,1,Queens,Ridgewood,Boro Zone,false,0.06911526117165732,198_pickup
198,pickup,2024,4,117404,11.673376257345966,1,Queens,Ridgewood,Boro Zone,false,0.06911526117165732,198_pickup
198,pickup,2024,5,124831,11.734716101507827,1,Queens,Ridgewood,Boro Zone,false,0.06911526117165732,198_pickup
199,dropoff,2023,2,1,0.0,0,Bronx,Rikers Island,Boro Zone,false,0.0,199_dropoff
199,dropoff,2024,2,1,0.0,1,Bronx,Rikers Island,Boro Zone,false,0.0,199_dropoff
199,dropoff,2024,3,1,0.0,1,Bronx,Rikers Island,Boro Zone,false,0.0,199_dropoff
199,dropoff,2024,4,1,0.0,1,Bronx,Rikers Island,Boro Zone,false,0.0,199_dropoff
199,pickup,2023,2,21,3.044522437723423,0,Bronx,Rikers Island,Boro Zone,false,0.05405405405405406,199_pickup
199,pickup,2023,3,19,2.9444389791664403,0,Bronx,Rikers Island,Boro Zone,false,0.05405405405405406,199_pickup
199,pickup,2023,4,21,3.044522437723423,0,Bronx,Rikers Island,Boro Zone,false,0.05405405405405406,199_pickup
199,pickup,2023,5,13,2.5649493574615367,0,Bronx,Rikers Island,Boro Zone,false,0.05405405405405406,199_pickup
199,pickup,2024,2,5,1.6094379124341003,1,Bronx,Rikers Island,Boro Zone,false,0.05405405405405406,199_pickup
199,pickup,2024,3,7,1.9459101490553132,1,Bronx,Rikers Island,Boro Zone,false,0.05405405405405406,199_pickup
199,pickup,2024,4,8,2.0794415416798357,1,Bronx,Rikers Island,Boro Zone,false,0.05405405405405406,199_pickup
199,pickup,2024,5,1,0.0,1,Bronx,Rikers Island,Boro Zone,false,0.05405405405405406,199_pickup
200,dropoff,2023,2,32600,10.392067567354799,0,Bronx,Riverdale/North Riverdale/Fieldston,Boro Zone,false,0.09575105149322606,200_dropoff
200,dropoff,2023,3,36505,10.505204516490187,0,Bronx,Riverdale/North Riverdale/Fieldston,Boro Zone,false,0.09575105149322606,200_dropoff
200,dropoff,2023,4,34355,10.444502847465177,0,Bronx,Riverdale/North Riverdale/Fieldston,Boro Zone,false,0.09575105149322606,200_dropoff
200,dropoff,2023,5,38481,10.55791989196796,0,Bronx,Riverdale/North Riverdale/Fieldston,Boro Zone,false,0.09575105149322606,200_dropoff
200,dropoff,2024,2,37136,10.522342128514218,1,Bronx,Riverdale/North Riverdale/Fieldston,Boro Zone,false,0.09575105149322606,200_dropoff
200,dropoff,2024,3,37785,10.53966747745482,1,Bronx,Riverdale/North Riverdale/Fieldston,Boro Zone,false,0.09575105149322606,200_dropoff
200,dropoff,2024,4,38366,10.554926929696283,1,Bronx,Riverdale/North Riverdale/Fieldston,Boro Zone,false,0.09575105149322606,200_dropoff
200,dropoff,2024,5,42325,10.653133207001336,1,Bronx,Riverdale/North Riverdale/Fieldston,Boro Zone,false,0.09575105149322606,200_dropoff
200,pickup,2023,2,34262,10.441792147290403,0,Bronx,Riverdale/North Riverdale/Fieldston,Boro Zone,false,0.0861424477716111,200_pickup
200,pickup,2023,3,38636,10.561939763299186,0,Bronx,Riverdale/North Riverdale/Fieldston,Boro Zone,false,0.0861424477716111,200_pickup
200,pickup,2023,4,35840,10.486819867088867,0,Bronx,Riverdale/North Riverdale/Fieldston,Boro Zone,false,0.0861424477716111,200_pickup
200,pickup,2023,5,40271,10.603386885918606,0,Bronx,Riverdale/North Riverdale/Fieldston,Boro Zone,false,0.0861424477716111,200_pickup
200,pickup,2024,2,39056,10.572751792632742,1,Bronx,Riverdale/North Riverdale/Fieldston,Boro Zone,false,0.0861424477716111,200_pickup
200,pickup,2024,3,40220,10.602119663326643,1,Bronx,Riverdale/North Riverdale/Fieldston,Boro Zone,false,0.0861424477716111,200_pickup
200,pickup,2024,4,40324,10.604702104173832,1,Bronx,Riverdale/North Riverdale/Fieldston,Boro Zone,false,0.0861424477716111,200_pickup
200,pickup,2024,5,44066,10.693443789024133,1,Bronx,Riverdale/North Riverdale/Fieldston,Boro Zone,false,0.0861424477716111,200_pickup
201,dropoff,2023,2,9215,9.128587870103924,0,Queens,Rockaway Park,Boro Zone,false,0.05815931941221964,201_dropoff
201,dropoff,2023,3,12211,9.410092463833022,0,Queens,Rockaway Park,Boro Zone,false,0.05815931941221964,201_dropoff
201,dropoff,2023,4,10739,9.281637253858216,0,Queens,Rockaway Park,Boro Zone,false,0.05815931941221964,201_dropoff
201,dropoff,2023,5,13090,9.479603858903946,0,Queens,Rockaway Park,Boro Zone,false,0.05815931941221964,201_dropoff
201,dropoff,2024,2,10645,9.27284557732758,1,Queens,Rockaway Park,Boro Zone,false,0.05815931941221964,201_dropoff
201,dropoff,2024,3,13667,9.5227394469648,1,Queens,Rockaway Park,Boro Zone,false,0.05815931941221964,201_dropoff
201,dropoff,2024,4,11392,9.340666633651757,1,Queens,Rockaway Park,Boro Zone,false,0.05815931941221964,201_dropoff
201,dropoff,2024,5,14565,9.586376669393536,1,Queens,Rockaway Park,Boro Zone,false,0.05815931941221964,201_dropoff
201,pickup,2023,2,8447,9.041566627727496,0,Queens,Rockaway Park,Boro Zone,false,0.032085187687862615,201_pickup
201,pickup,2023,3,11575,9.356602878954435,0,Queens,Rockaway Park,Boro Zone,false,0.032085187687862615,201_pickup
201,pickup,2023,4,10222,9.232297539328226,0,Queens,Rockaway Park,Boro Zone,false,0.032085187687862615,201_pickup
201,pickup,2023,5,12673,9.447229025082065,0,Queens,Rockaway Park,Boro Zone,false,0.032085187687862615,201_pickup
201,pickup,2024,2,9948,9.205126804923296,1,Queens,Rockaway Park,Boro Zone,false,0.032085187687862615,201_pickup
201,pickup,2024,3,12942,9.468233115617211,1,Queens,Rockaway Park,Boro Zone,false,0.032085187687862615,201_pickup
201,pickup,2024,4,10895,9.29605924737872,1,Queens,Rockaway Park,Boro Zone,false,0.032085187687862615,201_pickup
201,pickup,2024,5,14151,9.557540571952371,1,Queens,Rockaway Park,Boro Zone,false,0.032085187687862615,201_pickup
202,dropoff,2023,2,13848,9.535896096856046,0,Manhattan,Roosevelt Island,Boro Zone,false,0.2541120666120666,202_dropoff
202,dropoff,2023,3,14507,9.582386570538903,0,Manhattan,Roosevelt Island,Boro Zone,false,0.2541120666120666,202_dropoff
202,dropoff,2023,4,14380,9.573593631275038,0,Manhattan,Roosevelt Island,Boro Zone,false,0.2541120666120666,202_dropoff
202,dropoff,2023,5,15873,9.672374831572242,0,Manhattan,Roosevelt Island,Boro Zone,false,0.2541120666120666,202_dropoff
202,dropoff,2024,2,16425,9.706559843352812,1,Manhattan,Roosevelt Island,Boro Zone,false,0.2541120666120666,202_dropoff
202,dropoff,2024,3,18802,9.841718526138497,1,Manhattan,Roosevelt Island,Boro Zone,false,0.2541120666120666,202_dropoff
202,dropoff,2024,4,14914,9.61005564810374,1,Manhattan,Roosevelt Island,Boro Zone,false,0.2541120666120666,202_dropoff
202,dropoff,2024,5,16478,9.709781436875536,1,Manhattan,Roosevelt Island,Boro Zone,false,0.2541120666120666,202_dropoff
202,pickup,2023,2,12138,9.4040963063958,0,Manhattan,Roosevelt Island,Boro Zone,false,0.19597097869712873,202_pickup
202,pickup,2023,3,13026,9.474702639106347,0,Manhattan,Roosevelt Island,Boro Zone,false,0.19597097869712873,202_pickup
202,pickup,2023,4,12790,9.456418894572888,0,Manhattan,Roosevelt Island,Boro Zone,false,0.19597097869712873,202_pickup
202,pickup,2023,5,13870,9.537483513308878,0,Manhattan,Roosevelt Island,Boro Zone,false,0.19597097869712873,202_pickup
202,pickup,2024,2,13891,9.53899642739739,1,Manhattan,Roosevelt Island,Boro Zone,false,0.19597097869712873,202_pickup
202,pickup,2024,3,15579,9.653679132512428,1,Manhattan,Roosevelt Island,Boro Zone,false,0.19597097869712873,202_pickup
202,pickup,2024,4,13112,9.481283120423665,1,Manhattan,Roosevelt Island,Boro Zone,false,0.19597097869712873,202_pickup
202,pickup,2024,5,14053,9.550591175100745,1,Manhattan,Roosevelt Island,Boro Zone,false,0.19597097869712873,202_pickup
203,dropoff,2023,2,22679,10.029194665158862,0,Queens,Rosedale,Boro Zone,false,0.01666616976238037,203_dropoff
203,dropoff,2023,3,26761,10.194700882751727,0,Queens,Rosedale,Boro Zone,false,0.01666616976238037,203_dropoff
203,dropoff,2023,4,24645,10.112329319139478,0,Queens,Rosedale,Boro Zone,false,0.01666616976238037,203_dropoff
203,dropoff,2023,5,26538,10.186332947096382,0,Queens,Rosedale,Boro Zone,false,0.01666616976238037,203_dropoff
203,dropoff,2024,2,26926,10.20084764153918,1,Queens,Rosedale,Boro Zone,false,0.01666616976238037,203_dropoff
203,dropoff,2024,3,29890,10.305279255277984,1,Queens,Rosedale,Boro Zone,false,0.01666616976238037,203_dropoff
203,dropoff,2024,4,27507,10.22219579671801,1,Queens,Rosedale,Boro Zone,false,0.01666616976238037,203_dropoff
203,dropoff,2024,5,28959,10.273636315516725,1,Queens,Rosedale,Boro Zone,false,0.01666616976238037,203_dropoff
203,pickup,2023,2,30170,10.314603332153107,0,Queens,Rosedale,Boro Zone,false,0.010673583625887913,203_pickup
203,pickup,2023,3,35441,10.475624621025222,0,Queens,Rosedale,Boro Zone,false,0.010673583625887913,203_pickup
203,pickup,2023,4,32856,10.399889655636395,0,Queens,Rosedale,Boro Zone,false,0.010673583625887913,203_pickup
203,pickup,2023,5,35696,10.482793916672314,0,Queens,Rosedale,Boro Zone,false,0.010673583625887913,203_pickup
203,pickup,2024,2,35678,10.482289531311213,1,Queens,Rosedale,Boro Zone,false,0.010673583625887913,203_pickup
203,pickup,2024,3,39440,10.582535808716571,1,Queens,Rosedale,Boro Zone,false,0.010673583625887913,203_pickup
203,pickup,2024,4,36744,10.51173022600563,1,Queens,Rosedale,Boro Zone,false,0.010673583625887913,203_pickup
203,pickup,2024,5,38337,10.554170766276814,1,Queens,Rosedale,Boro Zone,false,0.010673583625887913,203_pickup
204,dropoff,2023,2,3719,8.22121009392507,0,Staten Island,Rossville/Woodrow,Boro Zone,false,0.05892921307941071,204_dropoff
204,dropoff,2023,3,4250,8.354674261918463,0,Staten Island,Rossville/Woodrow,Boro Zone,false,0.05892921307941071,204_dropoff
204,dropoff,2023,4,4101,8.31898612539206,0,Staten Island,Rossville/Woodrow,Boro Zone,false,0.05892921307941071,204_dropoff
204,dropoff,2023,5,4628,8.439880088313567,0,Staten Island,Rossville/Woodrow,Boro Zone,false,0.05892921307941071,204_dropoff
204,dropoff,2024,2,4156,8.332308352219117,1,Staten Island,Rossville/Woodrow,Boro Zone,false,0.05892921307941071,204_dropoff
204,dropoff,2024,3,4934,8.503905297089302,1,Staten Island,Rossville/Woodrow,Boro Zone,false,0.05892921307941071,204_dropoff
204,dropoff,2024,4,4501,8.412054873292933,1,Staten Island,Rossville/Woodrow,Boro Zone,false,0.05892921307941071,204_dropoff
204,dropoff,2024,5,4998,8.516793111394898,1,Staten Island,Rossville/Woodrow,Boro Zone,false,0.05892921307941071,204_dropoff
204,pickup,2023,2,3953,8.282230063296685,0,Staten Island,Rossville/Woodrow,Boro Zone,false,0.02564958548934513,204_pickup
204,pickup,2023,3,4657,8.446126742982377,0,Staten Island,Rossville/Woodrow,Boro Zone,false,0.02564958548934513,204_pickup
204,pickup,2023,4,4370,8.382518288089635,0,Staten Island,Rossville/Woodrow,Boro Zone,false,0.02564958548934513,204_pickup
204,pickup,2023,5,4993,8.51579221050061,0,Staten Island,Rossville/Woodrow,Boro Zone,false,0.02564958548934513,204_pickup
204,pickup,2024,2,4501,8.412054873292933,1,Staten Island,Rossville/Woodrow,Boro Zone,false,0.02564958548934513,204_pickup
204,pickup,2024,3,5221,8.560444233410552,1,Staten Island,Rossville/Woodrow,Boro Zone,false,0.02564958548934513,204_pickup
204,pickup,2024,4,4890,8.494947582468917,1,Staten Island,Rossville/Woodrow,Boro Zone,false,0.02564958548934513,204_pickup
204,pickup,2024,5,5292,8.573951525234847,1,Staten Island,Rossville/Woodrow,Boro Zone,false,0.02564958548934513,204_pickup
205,dropoff,2023,2,57808,10.964882453387421,0,Queens,Saint Albans,Boro Zone,false,0.017338208860808318,205_dropoff
205,dropoff,2023,3,69583,11.150275563614356,0,Queens,Saint Albans,Boro Zone,false,0.017338208860808318,205_dropoff
205,dropoff,2023,4,63487,11.058590439512432,0,Queens,Saint Albans,Boro Zone,false,0.017338208860808318,205_dropoff
205,dropoff,2023,5,68376,11.132777164845853,0,Queens,Saint Albans,Boro Zone,false,0.017338208860808318,205_dropoff
205,dropoff,2024,2,64761,11.078458849302987,1,Queens,Saint Albans,Boro Zone,false,0.017338208860808318,205_dropoff
205,dropoff,2024,3,73577,11.206087755878668,1,Queens,Saint Albans,Boro Zone,false,0.017338208860808318,205_dropoff
205,dropoff,2024,4,68657,11.13687837249461,1,Queens,Saint Albans,Boro Zone,false,0.017338208860808318,205_dropoff
205,dropoff,2024,5,72333,11.189035735548938,1,Queens,Saint Albans,Boro Zone,false,0.017338208860808318,205_dropoff
205,pickup,2023,2,67080,11.113641215937145,0,Queens,Saint Albans,Boro Zone,false,0.013073373143062334,205_pickup
205,pickup,2023,3,80240,11.292777422635817,0,Queens,Saint Albans,Boro Zone,false,0.013073373143062334,205_pickup
205,pickup,2023,4,74259,11.215314261440563,0,Queens,Saint Albans,Boro Zone,false,0.013073373143062334,205_pickup
205,pickup,2023,5,79185,11.279542165925827,0,Queens,Saint Albans,Boro Zone,false,0.013073373143062334,205_pickup
205,pickup,2024,2,75001,11.225256725762893,1,Queens,Saint Albans,Boro Zone,false,0.013073373143062334,205_pickup
205,pickup,2024,3,85954,11.361567548413387,1,Queens,Saint Albans,Boro Zone,false,0.013073373143062334,205_pickup
205,pickup,2024,4,80092,11.29093125291254,1,Queens,Saint Albans,Boro Zone,false,0.013073373143062334,205_pickup
205,pickup,2024,5,84528,11.344838119404097,1,Queens,Saint Albans,Boro Zone,false,0.013073373143062334,205_pickup
206,dropoff,2023,2,34390,10.445521103426312,0,Staten Island,Saint George/New Brighton,Boro Zone,false,0.02101869105386,206_dropoff
206,dropoff,2023,3,42578,10.659092966935683,0,Staten Island,Saint George/New Brighton,Boro Zone,false,0.02101869105386,206_dropoff
206,dropoff,2023,4,38454,10.557218000732282,0,Staten Island,Saint George/New Brighton,Boro Zone,false,0.02101869105386,206_dropoff
206,dropoff,2023,5,41819,10.641106060692902,0,Staten Island,Saint George/New Brighton,Boro Zone,false,0.02101869105386,206_dropoff
206,dropoff,2024,2,41686,10.637920620001616,1,Staten Island,Saint George/New Brighton,Boro Zone,false,0.02101869105386,206_dropoff
206,dropoff,2024,3,47167,10.761449774510156,1,Staten Island,Saint George/New Brighton,Boro Zone,false,0.02101869105386,206_dropoff
206,dropoff,2024,4,41964,10.644567386851376,1,Staten Island,Saint George/New Brighton,Boro Zone,false,0.02101869105386,206_dropoff
206,dropoff,2024,5,44521,10.703716266952133,1,Staten Island,Saint George/New Brighton,Boro Zone,false,0.02101869105386,206_dropoff
206,pickup,2023,2,31414,10.355008932402978,0,Staten Island,Saint George/New Brighton,Boro Zone,false,0.014538267115693202,206_pickup
206,pickup,2023,3,39342,10.580047929491675,0,Staten Island,Saint George/New Brighton,Boro Zone,false,0.014538267115693202,206_pickup
206,pickup,2023,4,35815,10.48612207904855,0,Staten Island,Saint George/New Brighton,Boro Zone,false,0.014538267115693202,206_pickup
206,pickup,2023,5,38632,10.561836227553378,0,Staten Island,Saint George/New Brighton,Boro Zone,false,0.014538267115693202,206_pickup
206,pickup,2024,2,39269,10.578190682516476,1,Staten Island,Saint George/New Brighton,Boro Zone,false,0.014538267115693202,206_pickup
206,pickup,2024,3,44242,10.697429843130967,1,Staten Island,Saint George/New Brighton,Boro Zone,false,0.014538267115693202,206_pickup
206,pickup,2024,4,39797,10.591546811547127,1,Staten Island,Saint George/New Brighton,Boro Zone,false,0.014538267115693202,206_pickup
206,pickup,2024,5,42123,10.648349188782753,1,Staten Island,Saint George/New Brighton,Boro Zone,false,0.014538267115693202,206_pickup
207,dropoff,2023,2,3226,8.078998258685154,0,Queens,Saint Michaels Cemetery/Woodside,Boro Zone,false,0.015185185185185185,207_dropoff
207,dropoff,2023,3,3436,8.142063283104147,0,Queens,Saint Michaels Cemetery/Woodside,Boro Zone,false,0.015185185185185185,207_dropoff
207,dropoff,2023,4,3309,8.104401307921613,0,Queens,Saint Michaels Cemetery/Woodside,Boro Zone,false,0.015185185185185185,207_dropoff
207,dropoff,2023,5,3529,8.16876982367527,0,Queens,Saint Michaels Cemetery/Woodside,Boro Zone,false,0.015185185185185185,207_dropoff
207,dropoff,2024,2,3176,8.063377822367027,1,Queens,Saint Michaels Cemetery/Woodside,Boro Zone,false,0.015185185185185185,207_dropoff
207,dropoff,2024,3,3464,8.150179269682326,1,Queens,Saint Michaels Cemetery/Woodside,Boro Zone,false,0.015185185185185185,207_dropoff
207,dropoff,2024,4,3253,8.087332926473351,1,Queens,Saint Michaels Cemetery/Woodside,Boro Zone,false,0.015185185185185185,207_dropoff
207,dropoff,2024,5,3649,8.202208436436448,1,Queens,Saint Michaels Cemetery/Woodside,Boro Zone,false,0.015185185185185185,207_dropoff
207,pickup,2023,2,2951,7.989899374942939,0,Queens,Saint Michaels Cemetery/Woodside,Boro Zone,false,0.01577339169212982,207_pickup
207,pickup,2023,3,3055,8.024534871605695,0,Queens,Saint Michaels Cemetery/Woodside,Boro Zone,false,0.01577339169212982,207_pickup
207,pickup,2023,4,2902,7.973155433444133,0,Queens,Saint Michaels Cemetery/Woodside,Boro Zone,false,0.01577339169212982,207_pickup
207,pickup,2023,5,3201,8.071218539969863,0,Queens,Saint Michaels Cemetery/Woodside,Boro Zone,false,0.01577339169212982,207_pickup
207,pickup,2024,2,2789,7.933438387627489,1,Queens,Saint Michaels Cemetery/Woodside,Boro Zone,false,0.01577339169212982,207_pickup
207,pickup,2024,3,3076,8.031385330625534,1,Queens,Saint Michaels Cemetery/Woodside,Boro Zone,false,0.01577339169212982,207_pickup
207,pickup,2024,4,2937,7.98514393119862,1,Queens,Saint Michaels Cemetery/Woodside,Boro Zone,false,0.01577339169212982,207_pickup
207,pickup,2024,5,3209,8.073714641109857,1,Queens,Saint Michaels Cemetery/Woodside,Boro Zone,false,0.01577339169212982,207_pickup
208,dropoff,2023,2,51177,10.84304549134863,0,Bronx,Schuylerville/Edgewater Park,Boro Zone,false,0.04074332882036948,208_dropoff
208,dropoff,2023,3,61111,11.020447161688963,0,Bronx,Schuylerville/Edgewater Park,Boro Zone,false,0.04074332882036948,208_dropoff
208,dropoff,2023,4,56015,10.933374790992824,0,Bronx,Schuylerville/Edgewater Park,Boro Zone,false,0.04074332882036948,208_dropoff
208,dropoff,2023,5,60667,11.013155171881223,0,Bronx,Schuylerville/Edgewater Park,Boro Zone,false,0.04074332882036948,208_dropoff
208,dropoff,2024,2,60388,11.008545688687626,1,Bronx,Schuylerville/Edgewater Park,Boro Zone,false,0.04074332882036948,208_dropoff
208,dropoff,2024,3,68542,11.135201975043723,1,Bronx,Schuylerville/Edgewater Park,Boro Zone,false,0.04074332882036948,208_dropoff
208,dropoff,2024,4,63022,11.05123915076453,1,Bronx,Schuylerville/Edgewater Park,Boro Zone,false,0.04074332882036948,208_dropoff
208,dropoff,2024,5,68265,11.131152469118852,1,Bronx,Schuylerville/Edgewater Park,Boro Zone,false,0.04074332882036948,208_dropoff
208,pickup,2023,2,52617,10.870794540426248,0,Bronx,Schuylerville/Edgewater Park,Boro Zone,false,0.030621603260869566,208_pickup
208,pickup,2023,3,62939,11.049921282344737,0,Bronx,Schuylerville/Edgewater Park,Boro Zone,false,0.030621603260869566,208_pickup
208,pickup,2023,4,57948,10.967301335661542,0,Bronx,Schuylerville/Edgewater Park,Boro Zone,false,0.030621603260869566,208_pickup
208,pickup,2023,5,62016,11.035147695250439,0,Bronx,Schuylerville/Edgewater Park,Boro Zone,false,0.030621603260869566,208_pickup
208,pickup,2024,2,61396,11.025099965433299,1,Bronx,Schuylerville/Edgewater Park,Boro Zone,false,0.030621603260869566,208_pickup
208,pickup,2024,3,69118,11.143570467874122,1,Bronx,Schuylerville/Edgewater Park,Boro Zone,false,0.030621603260869566,208_pickup
208,pickup,2024,4,63529,11.0592517735417,1,Bronx,Schuylerville/Edgewater Park,Boro Zone,false,0.030621603260869566,208_pickup
208,pickup,2024,5,66909,11.111088766216067,1,Bronx,Schuylerville/Edgewater Park,Boro Zone,false,0.030621603260869566,208_pickup
209,dropoff,2023,2,41023,10.621888164008205,0,Manhattan,Seaport,Yellow Zone,true,1.0,209_dropoff
209,dropoff,2023,3,44953,10.713372778495833,0,Manhattan,Seaport,Yellow Zone,true,1.0,209_dropoff
209,dropoff,2023,4,42167,10.649393203588696,0,Manhattan,Seaport,Yellow Zone,true,1.0,209_dropoff
209,dropoff,2023,5,40941,10.619887284906223,0,Manhattan,Seaport,Yellow Zone,true,1.0,209_dropoff
209,dropoff,2024,2,40745,10.61508841175432,1,Manhattan,Seaport,Yellow Zone,true,1.0,209_dropoff
209,dropoff,2024,3,44023,10.692467503598817,1,Manhattan,Seaport,Yellow Zone,true,1.0,209_dropoff
209,dropoff,2024,4,41557,10.634821257814647,1,Manhattan,Seaport,Yellow Zone,true,1.0,209_dropoff
209,dropoff,2024,5,42774,10.663685720345683,1,Manhattan,Seaport,Yellow Zone,true,1.0,209_dropoff
209,pickup,2023,2,43778,10.6868866870731,0,Manhattan,Seaport,Yellow Zone,true,1.0,209_pickup
209,pickup,2023,3,49091,10.801430997592224,0,Manhattan,Seaport,Yellow Zone,true,1.0,209_pickup
209,pickup,2023,4,45644,10.72862744255457,0,Manhattan,Seaport,Yellow Zone,true,1.0,209_pickup
209,pickup,2023,5,44842,10.710900479224417,0,Manhattan,Seaport,Yellow Zone,true,1.0,209_pickup
209,pickup,2024,2,44704,10.707818262056689,1,Manhattan,Seaport,Yellow Zone,true,1.0,209_pickup
209,pickup,2024,3,49369,10.807077975832051,1,Manhattan,Seaport,Yellow Zone,true,1.0,209_pickup
209,pickup,2024,4,46096,10.73848145732431,1,Manhattan,Seaport,Yellow Zone,true,1.0,209_pickup
209,pickup,2024,5,48396,10.787172444661369,1,Manhattan,Seaport,Yellow Zone,true,1.0,209_pickup
210,dropoff,2023,2,51592,10.851121900690213,0,Brooklyn,Sheepshead Bay,Boro Zone,false,0.031351697401881456,210_dropoff
210,dropoff,2023,3,60808,11.015476638245877,0,Brooklyn,Sheepshead Bay,Boro Zone,false,0.031351697401881456,210_dropoff
210,dropoff,2023,4,54861,10.912557992542743,0,Brooklyn,Sheepshead Bay,Boro Zone,false,0.031351697401881456,210_dropoff
210,dropoff,2023,5,57671,10.96250972649727,0,Brooklyn,Sheepshead Bay,Boro Zone,false,0.031351697401881456,210_dropoff
210,dropoff,2024,2,57925,10.966904349300577,1,Brooklyn,Sheepshead Bay,Boro Zone,false,0.031351697401881456,210_dropoff
210,dropoff,2024,3,65045,11.08283461703566,1,Brooklyn,Sheepshead Bay,Boro Zone,false,0.031351697401881456,210_dropoff
210,dropoff,2024,4,58695,10.980109823312622,1,Brooklyn,Sheepshead Bay,Boro Zone,false,0.031351697401881456,210_dropoff
210,dropoff,2024,5,61471,11.02632079786699,1,Brooklyn,Sheepshead Bay,Boro Zone,false,0.031351697401881456,210_dropoff
210,pickup,2023,2,52820,10.874645185851124,0,Brooklyn,Sheepshead Bay,Boro Zone,false,0.022563973276188073,210_pickup
210,pickup,2023,3,62359,11.040663287122674,0,Brooklyn,Sheepshead Bay,Boro Zone,false,0.022563973276188073,210_pickup
210,pickup,2023,4,55858,10.930568035062993,0,Brooklyn,Sheepshead Bay,Boro Zone,false,0.022563973276188073,210_pickup
210,pickup,2023,5,59020,10.98563164849693,0,Brooklyn,Sheepshead Bay,Boro Zone,false,0.022563973276188073,210_pickup
210,pickup,2024,2,58356,10.974317460191786,1,Brooklyn,Sheepshead Bay,Boro Zone,false,0.022563973276188073,210_pickup
210,pickup,2024,3,65956,11.096743132020858,1,Brooklyn,Sheepshead Bay,Boro Zone,false,0.022563973276188073,210_pickup
210,pickup,2024,4,59976,11.001699761182898,1,Brooklyn,Sheepshead Bay,Boro Zone,false,0.022563973276188073,210_pickup
210,pickup,2024,5,61709,11.030185066354774,1,Brooklyn,Sheepshead Bay,Boro Zone,false,0.022563973276188073,210_pickup
211,dropoff,2023,2,111063,11.617852886856484,0,Manhattan,SoHo,Yellow Zone,true,1.0,211_dropoff
211,dropoff,2023,3,114385,11.647325230449884,0,Manhattan,SoHo,Yellow Zone,true,1.0,211_dropoff
211,dropoff,2023,4,113433,11.638967633232967,0,Manhattan,SoHo,Yellow Zone,true,1.0,211_dropoff
211,dropoff,2023,5,109579,11.604401029297891,0,Manhattan,SoHo,Yellow Zone,true,1.0,211_dropoff
211,dropoff,2024,2,107906,11.58901575674377,1,Manhattan,SoHo,Yellow Zone,true,1.0,211_dropoff
211,dropoff,2024,3,110572,11.613422171461853,1,Manhattan,SoHo,Yellow Zone,true,1.0,211_dropoff
211,dropoff,2024,4,103090,11.54335767209043,1,Manhattan,SoHo,Yellow Zone,true,1.0,211_dropoff
211,dropoff,2024,5,107249,11.58290851273747,1,Manhattan,SoHo,Yellow Zone,true,1.0,211_dropoff
211,pickup,2023,2,119987,11.695138682562371,0,Manhattan,SoHo,Yellow Zone,true,1.0,211_pickup
211,pickup,2023,3,122825,11.718515857036849,0,Manhattan,SoHo,Yellow Zone,true,1.0,211_pickup
211,pickup,2023,4,124060,11.728520598527108,0,Manhattan,SoHo,Yellow Zone,true,1.0,211_pickup
211,pickup,2023,5,120606,11.70028431328145,0,Manhattan,SoHo,Yellow Zone,true,1.0,211_pickup
211,pickup,2024,2,117744,11.67626805516638,1,Manhattan,SoHo,Yellow Zone,true,1.0,211_pickup
211,pickup,2024,3,122103,11.712620229821528,1,Manhattan,SoHo,Yellow Zone,true,1.0,211_pickup
211,pickup,2024,4,113443,11.63905578711444,1,Manhattan,SoHo,Yellow Zone,true,1.0,211_pickup
211,pickup,2024,5,119373,11.69000832371598,1,Manhattan,SoHo,Yellow Zone,true,1.0,211_pickup
212,dropoff,2023,2,43046,10.670024590324125,0,Bronx,Soundview/Bruckner,Boro Zone,false,0.03550686519736772,212_dropoff
212,dropoff,2023,3,49859,10.816954300719182,0,Bronx,Soundview/Bruckner,Boro Zone,false,0.03550686519736772,212_dropoff
212,dropoff,2023,4,45545,10.72645612717891,0,Bronx,Soundview/Bruckner,Boro Zone,false,0.03550686519736772,212_dropoff
212,dropoff,2023,5,47852,10.775868193290794,0,Bronx,Soundview/Bruckner,Boro Zone,false,0.03550686519736772,212_dropoff
212,dropoff,2024,2,46632,10.750042279725387,1,Bronx,Soundview/Bruckner,Boro Zone,false,0.03550686519736772,212_dropoff
212,dropoff,2024,3,51661,10.852458423798911,1,Bronx,Soundview/Bruckner,Boro Zone,false,0.03550686519736772,212_dropoff
212,dropoff,2024,4,47215,10.76246691769717,1,Bronx,Soundview/Bruckner,Boro Zone,false,0.03550686519736772,212_dropoff
212,dropoff,2024,5,48527,10.78987562305597,1,Bronx,Soundview/Bruckner,Boro Zone,false,0.03550686519736772,212_dropoff
212,pickup,2023,2,44922,10.71268293145874,0,Bronx,Soundview/Bruckner,Boro Zone,false,0.03200230795781795,212_pickup
212,pickup,2023,3,52277,10.864311782771091,0,Bronx,Soundview/Bruckner,Boro Zone,false,0.03200230795781795,212_pickup
212,pickup,2023,4,47530,10.769116369608055,0,Bronx,Soundview/Bruckner,Boro Zone,false,0.03200230795781795,212_pickup
212,pickup,2023,5,49382,10.8073412643066,0,Bronx,Soundview/Bruckner,Boro Zone,false,0.03200230795781795,212_pickup
212,pickup,2024,2,49923,10.818237097391455,1,Bronx,Soundview/Bruckner,Boro Zone,false,0.03200230795781795,212_pickup
212,pickup,2024,3,56395,10.940135781074018,1,Bronx,Soundview/Bruckner,Boro Zone,false,0.03200230795781795,212_pickup
212,pickup,2024,4,50425,10.828242362822413,1,Bronx,Soundview/Bruckner,Boro Zone,false,0.03200230795781795,212_pickup
212,pickup,2024,5,52004,10.859075917682059,1,Bronx,Soundview/Bruckner,Boro Zone,false,0.03200230795781795,212_pickup
213,dropoff,2023,2,78188,11.266871462072913,0,Bronx,Soundview/Castle Hill,Boro Zone,false,0.030616125200083718,213_dropoff
213,dropoff,2023,3,91809,11.427465611018738,0,Bronx,Soundview/Castle Hill,Boro Zone,false,0.030616125200083718,213_dropoff
213,dropoff,2023,4,82555,11.321220016865933,0,Bronx,Soundview/Castle Hill,Boro Zone,false,0.030616125200083718,213_dropoff
213,dropoff,2023,5,86681,11.369989992270412,0,Bronx,Soundview/Castle Hill,Boro Zone,false,0.030616125200083718,213_dropoff
213,dropoff,2024,2,88359,11.38916334013185,1,Bronx,Soundview/Castle Hill,Boro Zone,false,0.030616125200083718,213_dropoff
213,dropoff,2024,3,99585,11.508766829821369,1,Bronx,Soundview/Castle Hill,Boro Zone,false,0.030616125200083718,213_dropoff
213,dropoff,2024,4,89896,11.406408725587738,1,Bronx,Soundview/Castle Hill,Boro Zone,false,0.030616125200083718,213_dropoff
213,dropoff,2024,5,93828,11.449218597912514,1,Bronx,Soundview/Castle Hill,Boro Zone,false,0.030616125200083718,213_dropoff
213,pickup,2023,2,80199,11.292266324948939,0,Bronx,Soundview/Castle Hill,Boro Zone,false,0.0303750236431687,213_pickup
213,pickup,2023,3,94308,11.454321300654176,0,Bronx,Soundview/Castle Hill,Boro Zone,false,0.0303750236431687,213_pickup
213,pickup,2023,4,85376,11.35482030983524,0,Bronx,Soundview/Castle Hill,Boro Zone,false,0.0303750236431687,213_pickup
213,pickup,2023,5,89055,11.397009435372885,0,Bronx,Soundview/Castle Hill,Boro Zone,false,0.0303750236431687,213_pickup
213,pickup,2024,2,91466,11.423722597509459,1,Bronx,Soundview/Castle Hill,Boro Zone,false,0.0303750236431687,213_pickup
213,pickup,2024,3,102405,11.53669081852049,1,Bronx,Soundview/Castle Hill,Boro Zone,false,0.0303750236431687,213_pickup
213,pickup,2024,4,92557,11.435579949933482,1,Bronx,Soundview/Castle Hill,Boro Zone,false,0.0303750236431687,213_pickup
213,pickup,2024,5,95769,11.46969432077795,1,Bronx,Soundview/Castle Hill,Boro Zone,false,0.0303750236431687,213_pickup
214,dropoff,2023,2,14270,9.565914710470881,0,Staten Island,South Beach/Dongan Hills,Boro Zone,false,0.038440426487466525,214_dropoff
214,dropoff,2023,3,15978,9.678968055041988,0,Staten Island,South Beach/Dongan Hills,Boro Zone,false,0.038440426487466525,214_dropoff
214,dropoff,2023,4,14414,9.575955235484386,0,Staten Island,South Beach/Dongan Hills,Boro Zone,false,0.038440426487466525,214_dropoff
214,dropoff,2023,5,15457,9.645817254152318,0,Staten Island,South Beach/Dongan Hills,Boro Zone,false,0.038440426487466525,214_dropoff
214,dropoff,2024,2,15974,9.678717679477334,1,Staten Island,South Beach/Dongan Hills,Boro Zone,false,0.038440426487466525,214_dropoff
214,dropoff,2024,3,17543,9.772410288929185,1,Staten Island,South Beach/Dongan Hills,Boro Zone,false,0.038440426487466525,214_dropoff
214,dropoff,2024,4,15943,9.676775140407365,1,Staten Island,South Beach/Dongan Hills,Boro Zone,false,0.038440426487466525,214_dropoff
214,dropoff,2024,5,16749,9.72609383397847,1,Staten Island,South Beach/Dongan Hills,Boro Zone,false,0.038440426487466525,214_dropoff
214,pickup,2023,2,13523,9.512147218473359,0,Staten Island,South Beach/Dongan Hills,Boro Zone,false,0.026246359431214665,214_pickup
214,pickup,2023,3,15489,9.647885373547759,0,Staten Island,South Beach/Dongan Hills,Boro Zone,false,0.026246359431214665,214_pickup
214,pickup,2023,4,14185,9.559940347242952,0,Staten Island,South Beach/Dongan Hills,Boro Zone,false,0.026246359431214665,214_pickup
214,pickup,2023,5,15173,9.627272811525241,0,Staten Island,South Beach/Dongan Hills,Boro Zone,false,0.026246359431214665,214_pickup
214,pickup,2024,2,16022,9.681718056775063,1,Staten Island,South Beach/Dongan Hills,Boro Zone,false,0.026246359431214665,214_pickup
214,pickup,2024,3,17307,9.758866322925,1,Staten Island,South Beach/Dongan Hills,Boro Zone,false,0.026246359431214665,214_pickup
214,pickup,2024,4,15840,9.670293665368417,1,Staten Island,South Beach/Dongan Hills,Boro Zone,false,0.026246359431214665,214_pickup
214,pickup,2024,5,16746,9.725914702764378,1,Staten Island,South Beach/Dongan Hills,Boro Zone,false,0.026246359431214665,214_pickup
215,dropoff,2023,2,43348,10.677015845042886,0,Queens,South Jamaica,Boro Zone,false,0.016431792414596233,215_dropoff
215,dropoff,2023,3,52597,10.870414362878757,0,Queens,South Jamaica,Boro Zone,false,0.016431792414596233,215_dropoff
215,dropoff,2023,4,47947,10.777851513182249,0,Queens,South Jamaica,Boro Zone,false,0.016431792414596233,215_dropoff
215,dropoff,2023,5,51035,10.840266950837599,0,Queens,South Jamaica,Boro Zone,false,0.016431792414596233,215_dropoff
215,dropoff,2024,2,49452,10.808757781126818,1,Queens,South Jamaica,Boro Zone,false,0.016431792414596233,215_dropoff
215,dropoff,2024,3,56356,10.939443991173167,1,Queens,South Jamaica,Boro Zone,false,0.016431792414596233,215_dropoff
215,dropoff,2024,4,51454,10.848443483624047,1,Queens,South Jamaica,Boro Zone,false,0.016431792414596233,215_dropoff
215,dropoff,2024,5,52906,10.876272032964748,1,Queens,South Jamaica,Boro Zone,false,0.016431792414596233,215_dropoff
215,pickup,2023,2,52714,10.872636353898463,0,Queens,South Jamaica,Boro Zone,false,0.01268047495531905,215_pickup
215,pickup,2023,3,63535,11.059346214138635,0,Queens,South Jamaica,Boro Zone,false,0.01268047495531905,215_pickup
215,pickup,2023,4,57519,10.9598706069865,0,Queens,South Jamaica,Boro Zone,false,0.01268047495531905,215_pickup
215,pickup,2023,5,61791,11.031513001772588,0,Queens,South Jamaica,Boro Zone,false,0.01268047495531905,215_pickup
215,pickup,2024,2,59716,10.99735527017348,1,Queens,South Jamaica,Boro Zone,false,0.01268047495531905,215_pickup
215,pickup,2024,3,67386,11.11819256019109,1,Queens,South Jamaica,Boro Zone,false,0.01268047495531905,215_pickup
215,pickup,2024,4,62030,11.035373417967163,1,Queens,South Jamaica,Boro Zone,false,0.01268047495531905,215_pickup
215,pickup,2024,5,64673,11.077099082726058,1,Queens,South Jamaica,Boro Zone,false,0.01268047495531905,215_pickup
216,dropoff,2023,2,86495,11.367841887781077,0,Queens,South Ozone Park,Boro Zone,false,0.022985336312721275,216_dropoff
216,dropoff,2023,3,100880,11.5216869706388,0,Queens,South Ozone Park,Boro Zone,false,0.022985336312721275,216_dropoff
216,dropoff,2023,4,94532,11.456693680500177,0,Queens,South Ozone Park,Boro Zone,false,0.022985336312721275,216_dropoff
216,dropoff,2023,5,102512,11.537735143878804,0,Queens,South Ozone Park,Boro Zone,false,0.022985336312721275,216_dropoff
216,dropoff,2024,2,95700,11.468973577441046,1,Queens,South Ozone Park,Boro Zone,false,0.022985336312721275,216_dropoff
216,dropoff,2024,3,108330,11.592937402939613,1,Queens,South Ozone Park,Boro Zone,false,0.022985336312721275,216_dropoff
216,dropoff,2024,4,104568,11.557592856465387,1,Queens,South Ozone Park,Boro Zone,false,0.022985336312721275,216_dropoff
216,dropoff,2024,5,111601,11.622685289462678,1,Queens,South Ozone Park,Boro Zone,false,0.022985336312721275,216_dropoff
216,pickup,2023,2,112877,11.634054009277705,0,Queens,South Ozone Park,Boro Zone,false,0.015047523313995722,216_pickup
216,pickup,2023,3,131855,11.789458112943342,0,Queens,South Ozone Park,Boro Zone,false,0.015047523313995722,216_pickup
216,pickup,2023,4,119230,11.688809679800178,0,Queens,South Ozone Park,Boro Zone,false,0.015047523313995722,216_pickup
216,pickup,2023,5,127481,11.755722612868249,0,Queens,South Ozone Park,Boro Zone,false,0.015047523313995722,216_pickup
216,pickup,2024,2,118641,11.68385740563671,1,Queens,South Ozone Park,Boro Zone,false,0.015047523313995722,216_pickup
216,pickup,2024,3,132890,11.797276997325554,1,Queens,South Ozone Park,Boro Zone,false,0.015047523313995722,216_pickup
216,pickup,2024,4,127780,11.758065314156335,1,Queens,South Ozone Park,Boro Zone,false,0.015047523313995722,216_pickup
216,pickup,2024,5,134161,11.806795850255835,1,Queens,South Ozone Park,Boro Zone,false,0.015047523313995722,216_pickup
217,dropoff,2023,2,32721,10.395772352596852,0,Brooklyn,South Williamsburg,Boro Zone,false,0.07469702648675662,217_dropoff
217,dropoff,2023,3,37281,10.526239092474103,0,Brooklyn,South Williamsburg,Boro Zone,false,0.07469702648675662,217_dropoff
217,dropoff,2023,4,26408,10.181422273533029,0,Brooklyn,South Williamsburg,Boro Zone,false,0.07469702648675662,217_dropoff
217,dropoff,2023,5,31654,10.362619801893228,0,Brooklyn,South Williamsburg,Boro Zone,false,0.07469702648675662,217_dropoff
217,dropoff,2024,2,37440,10.530494930591528,1,Brooklyn,South Williamsburg,Boro Zone,false,0.07469702648675662,217_dropoff
217,dropoff,2024,3,40986,10.620985823959904,1,Brooklyn,South Williamsburg,Boro Zone,false,0.07469702648675662,217_dropoff
217,dropoff,2024,4,32816,10.398671480312162,1,Brooklyn,South Williamsburg,Boro Zone,false,0.07469702648675662,217_dropoff
217,dropoff,2024,5,35454,10.47599136057373,1,Brooklyn,South Williamsburg,Boro Zone,false,0.07469702648675662,217_dropoff
217,pickup,2023,2,30247,10.317152284987246,0,Brooklyn,South Williamsburg,Boro Zone,false,0.06125631744866812,217_pickup
217,pickup,2023,3,34924,10.460929550930699,0,Brooklyn,South Williamsburg,Boro Zone,false,0.06125631744866812,217_pickup
217,pickup,2023,4,25131,10.13185742282192,0,Brooklyn,South Williamsburg,Boro Zone,false,0.06125631744866812,217_pickup
217,pickup,2023,5,29604,10.295664766317357,0,Brooklyn,South Williamsburg,Boro Zone,false,0.06125631744866812,217_pickup
217,pickup,2024,2,34849,10.458779721372386,1,Brooklyn,South Williamsburg,Boro Zone,false,0.06125631744866812,217_pickup
217,pickup,2024,3,39096,10.57377543894999,1,Brooklyn,South Williamsburg,Boro Zone,false,0.06125631744866812,217_pickup
217,pickup,2024,4,31608,10.361165532091226,1,Brooklyn,South Williamsburg,Boro Zone,false,0.06125631744866812,217_pickup
217,pickup,2024,5,32330,10.383750870719478,1,Brooklyn,South Williamsburg,Boro Zone,false,0.06125631744866812,217_pickup
218,dropoff,2023,2,27718,10.229837300628748,0,Queens,Springfield Gardens North,Boro Zone,false,0.016708464708206663,218_dropoff
218,dropoff,2023,3,33098,10.407228136578889,0,Queens,Springfield Gardens North,Boro Zone,false,0.016708464708206663,218_dropoff
218,dropoff,2023,4,30190,10.315266022700884,0,Queens,Springfield Gardens North,Boro Zone,false,0.016708464708206663,218_dropoff
218,dropoff,2023,5,33003,10.404353745407546,0,Queens,Springfield Gardens North,Boro Zone,false,0.016708464708206663,218_dropoff
218,dropoff,2024,2,31496,10.357615832623573,1,Queens,Springfield Gardens North,Boro Zone,false,0.016708464708206663,218_dropoff
218,dropoff,2024,3,35529,10.478104543389605,1,Queens,Springfield Gardens North,Boro Zone,false,0.016708464708206663,218_dropoff
218,dropoff,2024,4,32573,10.391239003331517,1,Queens,Springfield Gardens North,Boro Zone,false,0.016708464708206663,218_dropoff
218,dropoff,2024,5,34266,10.441908887892918,1,Queens,Springfield Gardens North,Boro Zone,false,0.016708464708206663,218_dropoff
218,pickup,2023,2,36817,10.513714974009698,0,Queens,Springfield Gardens North,Boro Zone,false,0.012661803355193672,218_pickup
218,pickup,2023,3,43610,10.683041760836812,0,Queens,Springfield Gardens North,Boro Zone,false,0.012661803355193672,218_pickup
218,pickup,2023,4,39706,10.589257588757023,0,Queens,Springfield Gardens North,Boro Zone,false,0.012661803355193672,218_pickup
218,pickup,2023,5,42719,10.662399065120399,0,Queens,Springfield Gardens North,Boro Zone,false,0.012661803355193672,218_pickup
218,pickup,2024,2,40972,10.620644185556426,1,Queens,Springfield Gardens North,Boro Zone,false,0.012661803355193672,218_pickup
218,pickup,2024,3,45907,10.734372889867487,1,Queens,Springfield Gardens North,Boro Zone,false,0.012661803355193672,218_pickup
218,pickup,2024,4,42189,10.649914802538357,1,Queens,Springfield Gardens North,Boro Zone,false,0.012661803355193672,218_pickup
218,pickup,2024,5,44385,10.70065685350242,1,Queens,Springfield Gardens North,Boro Zone,false,0.012661803355193672,218_pickup
219,dropoff,2023,2,24558,10.108792945720458,0,Queens,Springfield Gardens South,Boro Zone,false,0.01982891982891983,219_dropoff
219,dropoff,2023,3,29370,10.287729024192666,0,Queens,Springfield Gardens South,Boro Zone,false,0.01982891982891983,219_dropoff
219,dropoff,2023,4,27186,10.210457413895194,0,Queens,Springfield Gardens South,Boro Zone,false,0.01982891982891983,219_dropoff
219,dropoff,2023,5,28776,10.26729698537546,0,Queens,Springfield Gardens South,Boro Zone,false,0.01982891982891983,219_dropoff
219,dropoff,2024,2,27496,10.22179581852967,1,Queens,Springfield Gardens South,Boro Zone,false,0.01982891982891983,219_dropoff
219,dropoff,2024,3,31098,10.344898787417762,1,Queens,Springfield Gardens South,Boro Zone,false,0.01982891982891983,219_dropoff
219,dropoff,2024,4,29397,10.288647907303929,1,Queens,Springfield Gardens South,Boro Zone,false,0.01982891982891983,219_dropoff
219,dropoff,2024,5,30487,10.32505564222569,1,Queens,Springfield Gardens South,Boro Zone,false,0.01982891982891983,219_dropoff
219,pickup,2023,2,31143,10.346344779861354,0,Queens,Springfield Gardens South,Boro Zone,false,0.013542444968101615,219_pickup
219,pickup,2023,3,37363,10.528436188904791,0,Queens,Springfield Gardens South,Boro Zone,false,0.013542444968101615,219_pickup
219,pickup,2023,4,34467,10.447757623521474,0,Queens,Springfield Gardens South,Boro Zone,false,0.013542444968101615,219_pickup
219,pickup,2023,5,36219,10.497339122000497,0,Queens,Springfield Gardens South,Boro Zone,false,0.013542444968101615,219_pickup
219,pickup,2024,2,34927,10.46101544805463,1,Queens,Springfield Gardens South,Boro Zone,false,0.013542444968101615,219_pickup
219,pickup,2024,3,38826,10.56684540428532,1,Queens,Springfield Gardens South,Boro Zone,false,0.013542444968101615,219_pickup
219,pickup,2024,4,36590,10.507530258013253,1,Queens,Springfield Gardens South,Boro Zone,false,0.013542444968101615,219_pickup
219,pickup,2024,5,38243,10.551715815970995,1,Queens,Springfield Gardens South,Boro Zone,false,0.013542444968101615,219_pickup
220,dropoff,2023,2,55416,10.92262363970244,0,Bronx,Spuyten Duyvil/Kingsbridge,Boro Zone,false,0.06325054642733571,220_dropoff
220,dropoff,2023,3,62476,11.042537761977613,0,Bronx,Spuyten Duyvil/Kingsbridge,Boro Zone,false,0.06325054642733571,220_dropoff
220,dropoff,2023,4,57733,10.96358421275364,0,Bronx,Spuyten Duyvil/Kingsbridge,Boro Zone,false,0.06325054642733571,220_dropoff
220,dropoff,2023,5,61369,11.0246601006439,0,Bronx,Spuyten Duyvil/Kingsbridge,Boro Zone,false,0.06325054642733571,220_dropoff
220,dropoff,2024,2,60324,11.007485313480576,1,Bronx,Spuyten Duyvil/Kingsbridge,Boro Zone,false,0.06325054642733571,220_dropoff
220,dropoff,2024,3,65307,11.086854507069045,1,Bronx,Spuyten Duyvil/Kingsbridge,Boro Zone,false,0.06325054642733571,220_dropoff
220,dropoff,2024,4,61228,11.022359880211598,1,Bronx,Spuyten Duyvil/Kingsbridge,Boro Zone,false,0.06325054642733571,220_dropoff
220,dropoff,2024,5,64494,11.074327475201118,1,Bronx,Spuyten Duyvil/Kingsbridge,Boro Zone,false,0.06325054642733571,220_dropoff
220,pickup,2023,2,60344,11.007816801533467,0,Bronx,Spuyten Duyvil/Kingsbridge,Boro Zone,false,0.05135358229260612,220_pickup
220,pickup,2023,3,68793,11.138857274559097,0,Bronx,Spuyten Duyvil/Kingsbridge,Boro Zone,false,0.05135358229260612,220_pickup
220,pickup,2023,4,64075,11.067809551232273,0,Bronx,Spuyten Duyvil/Kingsbridge,Boro Zone,false,0.05135358229260612,220_pickup
220,pickup,2023,5,68464,11.134063338656597,0,Bronx,Spuyten Duyvil/Kingsbridge,Boro Zone,false,0.05135358229260612,220_pickup
220,pickup,2024,2,66505,11.105032411787397,1,Bronx,Spuyten Duyvil/Kingsbridge,Boro Zone,false,0.05135358229260612,220_pickup
220,pickup,2024,3,72158,11.186613438166152,1,Bronx,Spuyten Duyvil/Kingsbridge,Boro Zone,false,0.05135358229260612,220_pickup
220,pickup,2024,4,68141,11.129334366775014,1,Bronx,Spuyten Duyvil/Kingsbridge,Boro Zone,false,0.05135358229260612,220_pickup
220,pickup,2024,5,70738,11.166738189812438,1,Bronx,Spuyten Duyvil/Kingsbridge,Boro Zone,false,0.05135358229260612,220_pickup
221,dropoff,2023,2,19572,9.881855252409014,0,Staten Island,Stapleton,Boro Zone,false,0.037418655097613884,221_dropoff
221,dropoff,2023,3,23826,10.078532700359306,0,Staten Island,Stapleton,Boro Zone,false,0.037418655097613884,221_dropoff
221,dropoff,2023,4,21236,9.963453133703561,0,Staten Island,Stapleton,Boro Zone,false,0.037418655097613884,221_dropoff
221,dropoff,2023,5,22034,10.00034199390001,0,Staten Island,Stapleton,Boro Zone,false,0.037418655097613884,221_dropoff
221,dropoff,2024,2,22547,10.023357298386513,1,Staten Island,Stapleton,Boro Zone,false,0.037418655097613884,221_dropoff
221,dropoff,2024,3,25653,10.152415802824065,1,Staten Island,Stapleton,Boro Zone,false,0.037418655097613884,221_dropoff
221,dropoff,2024,4,22414,10.017441042611972,1,Staten Island,Stapleton,Boro Zone,false,0.037418655097613884,221_dropoff
221,dropoff,2024,5,23272,10.055006200175038,1,Staten Island,Stapleton,Boro Zone,false,0.037418655097613884,221_dropoff
221,pickup,2023,2,22854,10.03688143570666,0,Staten Island,Stapleton,Boro Zone,false,0.021321961620469083,221_pickup
221,pickup,2023,3,27519,10.222631954177766,0,Staten Island,Stapleton,Boro Zone,false,0.021321961620469083,221_pickup
221,pickup,2023,4,24508,10.106754873845546,0,Staten Island,Stapleton,Boro Zone,false,0.021321961620469083,221_pickup
221,pickup,2023,5,25954,10.164081019297177,0,Staten Island,Stapleton,Boro Zone,false,0.021321961620469083,221_pickup
221,pickup,2024,2,26886,10.199360984014199,1,Staten Island,Stapleton,Boro Zone,false,0.021321961620469083,221_pickup
221,pickup,2024,3,30619,10.32937601028517,1,Staten Island,Stapleton,Boro Zone,false,0.021321961620469083,221_pickup
221,pickup,2024,4,26669,10.191257121160007,1,Staten Island,Stapleton,Boro Zone,false,0.021321961620469083,221_pickup
221,pickup,2024,5,28014,10.240459664198992,1,Staten Island,Stapleton,Boro Zone,false,0.021321961620469083,221_pickup
222,dropoff,2023,2,19529,9.879655819282782,0,Brooklyn,Starrett City,Boro Zone,false,0.021518272894031326,222_dropoff
222,dropoff,2023,3,23164,10.05035462834568,0,Brooklyn,Starrett City,Boro Zone,false,0.021518272894031326,222_dropoff
222,dropoff,2023,4,20595,9.93280360687018,0,Brooklyn,Starrett City,Boro Zone,false,0.021518272894031326,222_dropoff
222,dropoff,2023,5,21756,9.98764486054285,0,Brooklyn,Starrett City,Boro Zone,false,0.021518272894031326,222_dropoff
222,dropoff,2024,2,21643,9.982437355514529,1,Brooklyn,Starrett City,Boro Zone,false,0.021518272894031326,222_dropoff
222,dropoff,2024,3,24560,10.108874382261078,1,Brooklyn,Starrett City,Boro Zone,false,0.021518272894031326,222_dropoff
222,dropoff,2024,4,21810,9.990123859195675,1,Brooklyn,Starrett City,Boro Zone,false,0.021518272894031326,222_dropoff
222,dropoff,2024,5,22999,10.043206015705211,1,Brooklyn,Starrett City,Boro Zone,false,0.021518272894031326,222_dropoff
222,pickup,2023,2,20865,9.945828393025653,0,Brooklyn,Starrett City,Boro Zone,false,0.016759094942324755,222_pickup
222,pickup,2023,3,24318,10.098972095856363,0,Brooklyn,Starrett City,Boro Zone,false,0.016759094942324755,222_pickup
222,pickup,2023,4,21797,9.989527624628513,0,Brooklyn,Starrett City,Boro Zone,false,0.016759094942324755,222_pickup
222,pickup,2023,5,23180,10.051045116893743,0,Brooklyn,Starrett City,Boro Zone,false,0.016759094942324755,222_pickup
222,pickup,2024,2,23154,10.049922830765674,1,Brooklyn,Starrett City,Boro Zone,false,0.016759094942324755,222_pickup
222,pickup,2024,3,26318,10.178008394710085,1,Brooklyn,Starrett City,Boro Zone,false,0.016759094942324755,222_pickup
222,pickup,2024,4,23592,10.068662950495112,1,Brooklyn,Starrett City,Boro Zone,false,0.016759094942324755,222_pickup
222,pickup,2024,5,24313,10.098766465702033,1,Brooklyn,Starrett City,Boro Zone,false,0.016759094942324755,222_pickup
223,dropoff,2023,2,84326,11.34244551873887,0,Queens,Steinway,Boro Zone,false,0.11349087841803407,223_dropoff
223,dropoff,2023,3,95159,11.463304455744613,0,Queens,Steinway,Boro Zone,false,0.11349087841803407,223_dropoff
223,dropoff,2023,4,91991,11.429446025158937,0,Queens,Steinway,Boro Zone,false,0.11349087841803407,223_dropoff
223,dropoff,2023,5,94853,11.460083603750695,0,Queens,Steinway,Boro Zone,false,0.11349087841803407,223_dropoff
223,dropoff,2024,2,95708,11.469057168513567,1,Queens,Steinway,Boro Zone,false,0.11349087841803407,223_dropoff
223,dropoff,2024,3,109020,11.599286630618272,1,Queens,Steinway,Boro Zone,false,0.11349087841803407,223_dropoff
223,dropoff,2024,4,99650,11.509419325640941,1,Queens,Steinway,Boro Zone,false,0.11349087841803407,223_dropoff
223,dropoff,2024,5,103187,11.544298155102592,1,Queens,Steinway,Boro Zone,false,0.11349087841803407,223_dropoff
223,pickup,2023,2,81051,11.302833865150633,0,Queens,Steinway,Boro Zone,false,0.08778797479982024,223_pickup
223,pickup,2023,3,91317,11.42209224859294,0,Queens,Steinway,Boro Zone,false,0.08778797479982024,223_pickup
223,pickup,2023,4,89277,11.399499174900035,0,Queens,Steinway,Boro Zone,false,0.08778797479982024,223_pickup
223,pickup,2023,5,92162,11.431303177083135,0,Queens,Steinway,Boro Zone,false,0.08778797479982024,223_pickup
223,pickup,2024,2,90989,11.418493899071638,1,Queens,Steinway,Boro Zone,false,0.08778797479982024,223_pickup
223,pickup,2024,3,102597,11.538563971525233,1,Queens,Steinway,Boro Zone,false,0.08778797479982024,223_pickup
223,pickup,2024,4,95273,11.464501733656077,1,Queens,Steinway,Boro Zone,false,0.08778797479982024,223_pickup
223,pickup,2024,5,99271,11.505608763069848,1,Queens,Steinway,Boro Zone,false,0.08778797479982024,223_pickup
224,dropoff,2023,2,37695,10.537282738645802,0,Manhattan,Stuy Town/Peter Cooper Village,Yellow Zone,true,1.0,224_dropoff
224,dropoff,2023,3,40396,10.606486049146447,0,Manhattan,Stuy Town/Peter Cooper Village,Yellow Zone,true,1.0,224_dropoff
224,dropoff,2023,4,38719,10.564085714610725,0,Manhattan,Stuy Town/Peter Cooper Village,Yellow Zone,true,1.0,224_dropoff
224,dropoff,2023,5,37984,10.544920297409394,0,Manhattan,Stuy Town/Peter Cooper Village,Yellow Zone,true,1.0,224_dropoff
224,dropoff,2024,2,36956,10.517483294790635,1,Manhattan,Stuy Town/Peter Cooper Village,Yellow Zone,true,1.0,224_dropoff
224,dropoff,2024,3,39507,10.58423315037833,1,Manhattan,Stuy Town/Peter Cooper Village,Yellow Zone,true,1.0,224_dropoff
224,dropoff,2024,4,36159,10.495681159256453,1,Manhattan,Stuy Town/Peter Cooper Village,Yellow Zone,true,1.0,224_dropoff
224,dropoff,2024,5,37883,10.542257741629742,1,Manhattan,Stuy Town/Peter Cooper Village,Yellow Zone,true,1.0,224_dropoff
224,pickup,2023,2,45890,10.73400250738888,0,Manhattan,Stuy Town/Peter Cooper Village,Yellow Zone,true,1.0,224_pickup
224,pickup,2023,3,50118,10.822135503983962,0,Manhattan,Stuy Town/Peter Cooper Village,Yellow Zone,true,1.0,224_pickup
224,pickup,2023,4,47410,10.766588455896164,0,Manhattan,Stuy Town/Peter Cooper Village,Yellow Zone,true,1.0,224_pickup
224,pickup,2023,5,46539,10.748045949732441,0,Manhattan,Stuy Town/Peter Cooper Village,Yellow Zone,true,1.0,224_pickup
224,pickup,2024,2,44863,10.71136868055954,1,Manhattan,Stuy Town/Peter Cooper Village,Yellow Zone,true,1.0,224_pickup
224,pickup,2024,3,48561,10.79057601860207,1,Manhattan,Stuy Town/Peter Cooper Village,Yellow Zone,true,1.0,224_pickup
224,pickup,2024,4,45155,10.7178562946849,1,Manhattan,Stuy Town/Peter Cooper Village,Yellow Zone,true,1.0,224_pickup
224,pickup,2024,5,46779,10.753189663252995,1,Manhattan,Stuy Town/Peter Cooper Village,Yellow Zone,true,1.0,224_pickup
225,dropoff,2023,2,152601,11.93558195089097,0,Brooklyn,Stuyvesant Heights,Boro Zone,false,0.11452305323232989,225_dropoff
225,dropoff,2023,3,172077,12.055697330037898,0,Brooklyn,Stuyvesant Heights,Boro Zone,false,0.11452305323232989,225_dropoff
225,dropoff,2023,4,160931,11.988730980675047,0,Brooklyn,Stuyvesant Heights,Boro Zone,false,0.11452305323232989,225_dropoff
225,dropoff,2023,5,166382,12.022041628441192,0,Brooklyn,Stuyvesant Heights,Boro Zone,false,0.11452305323232989,225_dropoff
225,dropoff,2024,2,165241,12.015160293295827,1,Brooklyn,Stuyvesant Heights,Boro Zone,false,0.11452305323232989,225_dropoff
225,dropoff,2024,3,183547,12.120226044471062,1,Brooklyn,Stuyvesant Heights,Boro Zone,false,0.11452305323232989,225_dropoff
225,dropoff,2024,4,163146,12.002400784405559,1,Brooklyn,Stuyvesant Heights,Boro Zone,false,0.11452305323232989,225_dropoff
225,dropoff,2024,5,174158,12.067718212149336,1,Brooklyn,Stuyvesant Heights,Boro Zone,false,0.11452305323232989,225_dropoff
225,pickup,2023,2,144914,11.883895741999009,0,Brooklyn,Stuyvesant Heights,Boro Zone,false,0.08093605120834699,225_pickup
225,pickup,2023,3,163497,12.004549920527253,0,Brooklyn,Stuyvesant Heights,Boro Zone,false,0.08093605120834699,225_pickup
225,pickup,2023,4,151965,11.931405510155887,0,Brooklyn,Stuyvesant Heights,Boro Zone,false,0.08093605120834699,225_pickup
225,pickup,2023,5,156086,11.95816241638283,0,Brooklyn,Stuyvesant Heights,Boro Zone,false,0.08093605120834699,225_pickup
225,pickup,2024,2,156011,11.957681796566275,1,Brooklyn,Stuyvesant Heights,Boro Zone,false,0.08093605120834699,225_pickup
225,pickup,2024,3,175122,12.073238152871593,1,Brooklyn,Stuyvesant Heights,Boro Zone,false,0.08093605120834699,225_pickup
225,pickup,2024,4,155329,11.953300727054836,1,Brooklyn,Stuyvesant Heights,Boro Zone,false,0.08093605120834699,225_pickup
225,pickup,2024,5,164980,12.013579533414722,1,Brooklyn,Stuyvesant Heights,Boro Zone,false,0.08093605120834699,225_pickup
226,dropoff,2023,2,108133,11.591117229936478,0,Queens,Sunnyside,Boro Zone,false,0.13156894968445595,226_dropoff
226,dropoff,2023,3,122931,11.719378501339111,0,Queens,Sunnyside,Boro Zone,false,0.13156894968445595,226_dropoff
226,dropoff,2023,4,113695,11.641274703397892,0,Queens,Sunnyside,Boro Zone,false,0.13156894968445595,226_dropoff
226,dropoff,2023,5,115874,11.660258672841705,0,Queens,Sunnyside,Boro Zone,false,0.13156894968445595,226_dropoff
226,dropoff,2024,2,113431,11.638950001524101,1,Queens,Sunnyside,Boro Zone,false,0.13156894968445595,226_dropoff
226,dropoff,2024,3,132108,11.791375048858404,1,Queens,Sunnyside,Boro Zone,false,0.13156894968445595,226_dropoff
226,dropoff,2024,4,119636,11.692209078550732,1,Queens,Sunnyside,Boro Zone,false,0.13156894968445595,226_dropoff
226,dropoff,2024,5,122091,11.712521947308366,1,Queens,Sunnyside,Boro Zone,false,0.13156894968445595,226_dropoff
226,pickup,2023,2,108919,11.598359765695237,0,Queens,Sunnyside,Boro Zone,false,0.12667335424296053,226_pickup
226,pickup,2023,3,120311,11.697835335854052,0,Queens,Sunnyside,Boro Zone,false,0.12667335424296053,226_pickup
226,pickup,2023,4,112841,11.6337350271823,0,Queens,Sunnyside,Boro Zone,false,0.12667335424296053,226_pickup
226,pickup,2023,5,114497,11.64830390075982,0,Queens,Sunnyside,Boro Zone,false,0.12667335424296053,226_pickup
226,pickup,2024,2,111963,11.625923738554432,1,Queens,Sunnyside,Boro Zone,false,0.12667335424296053,226_pickup
226,pickup,2024,3,130125,11.77625080591727,1,Queens,Sunnyside,Boro Zone,false,0.12667335424296053,226_pickup
226,pickup,2024,4,117480,11.674023385312557,1,Queens,Sunnyside,Boro Zone,false,0.12667335424296053,226_pickup
226,pickup,2024,5,119981,11.695088675894803,1,Queens,Sunnyside,Boro Zone,false,0.12667335424296053,226_pickup
227,dropoff,2023,2,45028,10.715039797474695,0,Brooklyn,Sunset Park East,Boro Zone,false,0.06523633026955415,227_dropoff
227,dropoff,2023,3,51716,10.853522490374443,0,Brooklyn,Sunset Park East,Boro Zone,false,0.06523633026955415,227_dropoff
227,dropoff,2023,4,46450,10.746131744241984,0,Brooklyn,Sunset Park East,Boro Zone,false,0.06523633026955415,227_dropoff
227,dropoff,2023,5,50793,10.83551382879634,0,Brooklyn,Sunset Park East,Boro Zone,false,0.06523633026955415,227_dropoff
227,dropoff,2024,2,48222,10.783570627440774,1,Brooklyn,Sunset Park East,Boro Zone,false,0.06523633026955415,227_dropoff
227,dropoff,2024,3,52646,10.87134554126669,1,Brooklyn,Sunset Park East,Boro Zone,false,0.06523633026955415,227_dropoff
227,dropoff,2024,4,49412,10.807948588656703,1,Brooklyn,Sunset Park East,Boro Zone,false,0.06523633026955415,227_dropoff
227,dropoff,2024,5,51147,10.842459118633341,1,Brooklyn,Sunset Park East,Boro Zone,false,0.06523633026955415,227_dropoff
227,pickup,2023,2,42916,10.666999995756637,0,Brooklyn,Sunset Park East,Boro Zone,false,0.05273846017640354,227_pickup
227,pickup,2023,3,48331,10.785828455707216,0,Brooklyn,Sunset Park East,Boro Zone,false,0.05273846017640354,227_pickup
227,pickup,2023,4,43716,10.685469446796564,0,Brooklyn,Sunset Park East,Boro Zone,false,0.05273846017640354,227_pickup
227,pickup,2023,5,45759,10.731143772668043,0,Brooklyn,Sunset Park East,Boro Zone,false,0.05273846017640354,227_pickup
227,pickup,2024,2,45728,10.730466080729594,1,Brooklyn,Sunset Park East,Boro Zone,false,0.05273846017640354,227_pickup
227,pickup,2024,3,48899,10.79751222535611,1,Brooklyn,Sunset Park East,Boro Zone,false,0.05273846017640354,227_pickup
227,pickup,2024,4,45288,10.720797375716495,1,Brooklyn,Sunset Park East,Boro Zone,false,0.05273846017640354,227_pickup
227,pickup,2024,5,47488,10.768232326527052,1,Brooklyn,Sunset Park East,Boro Zone,false,0.05273846017640354,227_pickup
228,dropoff,2023,2,84405,11.343381920535489,0,Brooklyn,Sunset Park West,Boro Zone,false,0.09258787808950072,228_dropoff
228,dropoff,2023,3,99395,11.506857089568621,0,Brooklyn,Sunset Park West,Boro Zone,false,0.09258787808950072,228_dropoff
228,dropoff,2023,4,90418,11.412198641603746,0,Brooklyn,Sunset Park West,Boro Zone,false,0.09258787808950072,228_dropoff
228,dropoff,2023,5,98941,11.50227899186626,0,Brooklyn,Sunset Park West,Boro Zone,false,0.09258787808950072,228_dropoff
228,dropoff,2024,2,98021,11.492937020411091,1,Brooklyn,Sunset Park West,Boro Zone,false,0.09258787808950072,228_dropoff
228,dropoff,2024,3,103596,11.548253998023522,1,Brooklyn,Sunset Park West,Boro Zone,false,0.09258787808950072,228_dropoff
228,dropoff,2024,4,99340,11.506303588661341,1,Brooklyn,Sunset Park West,Boro Zone,false,0.09258787808950072,228_dropoff
228,dropoff,2024,5,102005,11.53277711067283,1,Brooklyn,Sunset Park West,Boro Zone,false,0.09258787808950072,228_dropoff
228,pickup,2023,2,82449,11.319935199351429,0,Brooklyn,Sunset Park West,Boro Zone,false,0.08068770255646672,228_pickup
228,pickup,2023,3,94487,11.456217537881178,0,Brooklyn,Sunset Park West,Boro Zone,false,0.08068770255646672,228_pickup
228,pickup,2023,4,87467,11.37901685835231,0,Brooklyn,Sunset Park West,Boro Zone,false,0.08068770255646672,228_pickup
228,pickup,2023,5,96916,11.48159990292732,0,Brooklyn,Sunset Park West,Boro Zone,false,0.08068770255646672,228_pickup
228,pickup,2024,2,93866,11.449623512299967,1,Brooklyn,Sunset Park West,Boro Zone,false,0.08068770255646672,228_pickup
228,pickup,2024,3,97026,11.482734262805998,1,Brooklyn,Sunset Park West,Boro Zone,false,0.08068770255646672,228_pickup
228,pickup,2024,4,93064,11.441042707496603,1,Brooklyn,Sunset Park West,Boro Zone,false,0.08068770255646672,228_pickup
228,pickup,2024,5,96842,11.480836063461615,1,Brooklyn,Sunset Park West,Boro Zone,false,0.08068770255646672,228_pickup
229,dropoff,2023,2,98255,11.495321419021867,0,Manhattan,Sutton Place/Turtle Bay North,Yellow Zone,true,1.0,229_dropoff
229,dropoff,2023,3,106953,11.580144764608027,0,Manhattan,Sutton Place/Turtle Bay North,Yellow Zone,true,1.0,229_dropoff
229,dropoff,2023,4,101059,11.523459783685128,0,Manhattan,Sutton Place/Turtle Bay North,Yellow Zone,true,1.0,229_dropoff
229,dropoff,2023,5,97819,11.490874111182784,0,Manhattan,Sutton Place/Turtle Bay North,Yellow Zone,true,1.0,229_dropoff
229,dropoff,2024,2,95621,11.468147740188575,1,Manhattan,Sutton Place/Turtle Bay North,Yellow Zone,true,1.0,229_dropoff
229,dropoff,2024,3,102181,11.534501029487908,1,Manhattan,Sutton Place/Turtle Bay North,Yellow Zone,true,1.0,229_dropoff
229,dropoff,2024,4,93394,11.444582382324773,1,Manhattan,Sutton Place/Turtle Bay North,Yellow Zone,true,1.0,229_dropoff
229,dropoff,2024,5,97304,11.485595377298273,1,Manhattan,Sutton Place/Turtle Bay North,Yellow Zone,true,1.0,229_dropoff
229,pickup,2023,2,119258,11.689044492454304,0,Manhattan,Sutton Place/Turtle Bay North,Yellow Zone,true,1.0,229_pickup
229,pickup,2023,3,133431,11.801339769274822,0,Manhattan,Sutton Place/Turtle Bay North,Yellow Zone,true,1.0,229_pickup
229,pickup,2023,4,124633,11.733128697781618,0,Manhattan,Sutton Place/Turtle Bay North,Yellow Zone,true,1.0,229_pickup
229,pickup,2023,5,126723,11.749758881010447,0,Manhattan,Sutton Place/Turtle Bay North,Yellow Zone,true,1.0,229_pickup
229,pickup,2024,2,118039,11.678770357316484,1,Manhattan,Sutton Place/Turtle Bay North,Yellow Zone,true,1.0,229_pickup
229,pickup,2024,3,127327,11.75451385946372,1,Manhattan,Sutton Place/Turtle Bay North,Yellow Zone,true,1.0,229_pickup
229,pickup,2024,4,118003,11.678465326853438,1,Manhattan,Sutton Place/Turtle Bay North,Yellow Zone,true,1.0,229_pickup
229,pickup,2024,5,126513,11.748100348667986,1,Manhattan,Sutton Place/Turtle Bay North,Yellow Zone,true,1.0,229_pickup
230,dropoff,2023,2,199493,12.203534426977168,0,Manhattan,Times Sq/Theatre District,Yellow Zone,true,1.0,230_dropoff
230,dropoff,2023,3,227970,12.33696932033194,0,Manhattan,Times Sq/Theatre District,Yellow Zone,true,1.0,230_dropoff
230,dropoff,2023,4,210460,12.257050890294803,0,Manhattan,Times Sq/Theatre District,Yellow Zone,true,1.0,230_dropoff
230,dropoff,2023,5,215467,12.28056304454942,0,Manhattan,Times Sq/Theatre District,Yellow Zone,true,1.0,230_dropoff
230,dropoff,2024,2,199872,12.20543244064275,1,Manhattan,Times Sq/Theatre District,Yellow Zone,true,1.0,230_dropoff
230,dropoff,2024,3,224970,12.323722338963545,1,Manhattan,Times Sq/Theatre District,Yellow Zone,true,1.0,230_dropoff
230,dropoff,2024,4,212285,12.265684990461317,1,Manhattan,Times Sq/Theatre District,Yellow Zone,true,1.0,230_dropoff
230,dropoff,2024,5,222481,12.312596983683793,1,Manhattan,Times Sq/Theatre District,Yellow Zone,true,1.0,230_dropoff
230,pickup,2023,2,229204,12.342367715677417,0,Manhattan,Times Sq/Theatre District,Yellow Zone,true,1.0,230_pickup
230,pickup,2023,3,259788,12.46762119277543,0,Manhattan,Times Sq/Theatre District,Yellow Zone,true,1.0,230_pickup
230,pickup,2023,4,230722,12.3489688015571,0,Manhattan,Times Sq/Theatre District,Yellow Zone,true,1.0,230_pickup
230,pickup,2023,5,241459,12.394454965405094,0,Manhattan,Times Sq/Theatre District,Yellow Zone,true,1.0,230_pickup
230,pickup,2024,2,233076,12.359119859620133,1,Manhattan,Times Sq/Theatre District,Yellow Zone,true,1.0,230_pickup
230,pickup,2024,3,259270,12.465625268728548,1,Manhattan,Times Sq/Theatre District,Yellow Zone,true,1.0,230_pickup
230,pickup,2024,4,241881,12.396201148660065,1,Manhattan,Times Sq/Theatre District,Yellow Zone,true,1.0,230_pickup
230,pickup,2024,5,255147,12.449595128633458,1,Manhattan,Times Sq/Theatre District,Yellow Zone,true,1.0,230_pickup
231,dropoff,2023,2,196936,12.190634081840983,0,Manhattan,TriBeCa/Civic Center,Yellow Zone,true,1.0,231_dropoff
231,dropoff,2023,3,209713,12.2534952082923,0,Manhattan,TriBeCa/Civic Center,Yellow Zone,true,1.0,231_dropoff
231,dropoff,2023,4,200019,12.20616764101796,0,Manhattan,TriBeCa/Civic Center,Yellow Zone,true,1.0,231_dropoff
231,dropoff,2023,5,199108,12.201602670058723,0,Manhattan,TriBeCa/Civic Center,Yellow Zone,true,1.0,231_dropoff
231,dropoff,2024,2,197396,12.192967142351694,1,Manhattan,TriBeCa/Civic Center,Yellow Zone,true,1.0,231_dropoff
231,dropoff,2024,3,201707,12.214571428347535,1,Manhattan,TriBeCa/Civic Center,Yellow Zone,true,1.0,231_dropoff
231,dropoff,2024,4,198680,12.199450769221286,1,Manhattan,TriBeCa/Civic Center,Yellow Zone,true,1.0,231_dropoff
231,dropoff,2024,5,202874,12.220340375661182,1,Manhattan,TriBeCa/Civic Center,Yellow Zone,true,1.0,231_dropoff
231,pickup,2023,2,229055,12.341717428371547,0,Manhattan,TriBeCa/Civic Center,Yellow Zone,true,1.0,231_pickup
231,pickup,2023,3,247333,12.418490885771606,0,Manhattan,TriBeCa/Civic Center,Yellow Zone,true,1.0,231_pickup
231,pickup,2023,4,235079,12.367676906846516,0,Manhattan,TriBeCa/Civic Center,Yellow Zone,true,1.0,231_pickup
231,pickup,2023,5,237587,12.378289151169058,0,Manhattan,TriBeCa/Civic Center,Yellow Zone,true,1.0,231_pickup
231,pickup,2024,2,231345,12.351665381825825,1,Manhattan,TriBeCa/Civic Center,Yellow Zone,true,1.0,231_pickup
231,pickup,2024,3,238886,12.383741729671248,1,Manhattan,TriBeCa/Civic Center,Yellow Zone,true,1.0,231_pickup
231,pickup,2024,4,234919,12.366996052859134,1,Manhattan,TriBeCa/Civic Center,Yellow Zone,true,1.0,231_pickup
231,pickup,2024,5,241460,12.394459106886378,1,Manhattan,TriBeCa/Civic Center,Yellow Zone,true,1.0,231_pickup
232,dropoff,2023,2,76243,11.241680886976791,0,Manhattan,Two Bridges/Seward Park,Yellow Zone,true,1.0,232_dropoff
232,dropoff,2023,3,82281,11.317895497314819,0,Manhattan,Two Bridges/Seward Park,Yellow Zone,true,1.0,232_dropoff
232,dropoff,2023,4,78897,11.275898483297391,0,Manhattan,Two Bridges/Seward Park,Yellow Zone,true,1.0,232_dropoff
232,dropoff,2023,5,78873,11.275594242945168,0,Manhattan,Two Bridges/Seward Park,Yellow Zone,true,1.0,232_dropoff
232,dropoff,2024,2,81382,11.306909397316609,1,Manhattan,Two Bridges/Seward Park,Yellow Zone,true,1.0,232_dropoff
232,dropoff,2024,3,83162,11.328545791706802,1,Manhattan,Two Bridges/Seward Park,Yellow Zone,true,1.0,232_dropoff
232,dropoff,2024,4,78935,11.276380007965827,1,Manhattan,Two Bridges/Seward Park,Yellow Zone,true,1.0,232_dropoff
232,dropoff,2024,5,79728,11.286376120521187,1,Manhattan,Two Bridges/Seward Park,Yellow Zone,true,1.0,232_dropoff
232,pickup,2023,2,85541,11.35675107214979,0,Manhattan,Two Bridges/Seward Park,Yellow Zone,true,1.0,232_pickup
232,pickup,2023,3,92436,11.434271792140967,0,Manhattan,Two Bridges/Seward Park,Yellow Zone,true,1.0,232_pickup
232,pickup,2023,4,89288,11.39962237933555,0,Manhattan,Two Bridges/Seward Park,Yellow Zone,true,1.0,232_pickup
232,pickup,2023,5,89686,11.40406996005754,0,Manhattan,Two Bridges/Seward Park,Yellow Zone,true,1.0,232_pickup
232,pickup,2024,2,92860,11.438848261573913,1,Manhattan,Two Bridges/Seward Park,Yellow Zone,true,1.0,232_pickup
232,pickup,2024,3,96074,11.472874006843877,1,Manhattan,Two Bridges/Seward Park,Yellow Zone,true,1.0,232_pickup
232,pickup,2024,4,90992,11.41852686954658,1,Manhattan,Two Bridges/Seward Park,Yellow Zone,true,1.0,232_pickup
232,pickup,2024,5,92176,11.431455071972165,1,Manhattan,Two Bridges/Seward Park,Yellow Zone,true,1.0,232_pickup
233,dropoff,2023,2,106650,11.577307723899496,0,Manhattan,UN/Turtle Bay South,Yellow Zone,true,1.0,233_dropoff
233,dropoff,2023,3,118685,11.684228203615053,0,Manhattan,UN/Turtle Bay South,Yellow Zone,true,1.0,233_dropoff
233,dropoff,2023,4,108017,11.590043901126519,0,Manhattan,UN/Turtle Bay South,Yellow Zone,true,1.0,233_dropoff
233,dropoff,2023,5,108791,11.597183889394207,0,Manhattan,UN/Turtle Bay South,Yellow Zone,true,1.0,233_dropoff
233,dropoff,2024,2,102988,11.542367755570186,1,Manhattan,UN/Turtle Bay South,Yellow Zone,true,1.0,233_dropoff
233,dropoff,2024,3,112605,11.631641398675212,1,Manhattan,UN/Turtle Bay South,Yellow Zone,true,1.0,233_dropoff
233,dropoff,2024,4,104238,11.554432025121955,1,Manhattan,UN/Turtle Bay South,Yellow Zone,true,1.0,233_dropoff
233,dropoff,2024,5,105118,11.562838807662253,1,Manhattan,UN/Turtle Bay South,Yellow Zone,true,1.0,233_dropoff
233,pickup,2023,2,115851,11.6600601616748,0,Manhattan,UN/Turtle Bay South,Yellow Zone,true,1.0,233_pickup
233,pickup,2023,3,129381,11.770516818737994,0,Manhattan,UN/Turtle Bay South,Yellow Zone,true,1.0,233_pickup
233,pickup,2023,4,118964,11.686576205316552,0,Manhattan,UN/Turtle Bay South,Yellow Zone,true,1.0,233_pickup
233,pickup,2023,5,119340,11.689731841076073,0,Manhattan,UN/Turtle Bay South,Yellow Zone,true,1.0,233_pickup
233,pickup,2024,2,112905,11.634302036136742,1,Manhattan,UN/Turtle Bay South,Yellow Zone,true,1.0,233_pickup
233,pickup,2024,3,123217,11.721702307575212,1,Manhattan,UN/Turtle Bay South,Yellow Zone,true,1.0,233_pickup
233,pickup,2024,4,113128,11.636275199987612,1,Manhattan,UN/Turtle Bay South,Yellow Zone,true,1.0,233_pickup
233,pickup,2024,5,116949,11.669493221313092,1,Manhattan,UN/Turtle Bay South,Yellow Zone,true,1.0,233_pickup
234,dropoff,2023,2,194707,12.179251143461824,0,Manhattan,Union Sq,Yellow Zone,true,1.0,234_dropoff
234,dropoff,2023,3,209281,12.251433125527017,0,Manhattan,Union Sq,Yellow Zone,true,1.0,234_dropoff
234,dropoff,2023,4,195864,12.18517581981719,0,Manhattan,Union Sq,Yellow Zone,true,1.0,234_dropoff
234,dropoff,2023,5,189771,12.153573361070949,0,Manhattan,Union Sq,Yellow Zone,true,1.0,234_dropoff
234,dropoff,2024,2,190444,12.157113467078632,1,Manhattan,Union Sq,Yellow Zone,true,1.0,234_dropoff
234,dropoff,2024,3,196914,12.19052236418186,1,Manhattan,Union Sq,Yellow Zone,true,1.0,234_dropoff
234,dropoff,2024,4,185256,12.1294939312978,1,Manhattan,Union Sq,Yellow Zone,true,1.0,234_dropoff
234,dropoff,2024,5,185393,12.130233175198304,1,Manhattan,Union Sq,Yellow Zone,true,1.0,234_dropoff
234,pickup,2023,2,215912,12.28262619624595,0,Manhattan,Union Sq,Yellow Zone,true,1.0,234_pickup
234,pickup,2023,3,234278,12.3642637233737,0,Manhattan,Union Sq,Yellow Zone,true,1.0,234_pickup
234,pickup,2023,4,216966,12.287495938219037,0,Manhattan,Union Sq,Yellow Zone,true,1.0,234_pickup
234,pickup,2023,5,214028,12.27386212656653,0,Manhattan,Union Sq,Yellow Zone,true,1.0,234_pickup
234,pickup,2024,2,216113,12.283556698020165,1,Manhattan,Union Sq,Yellow Zone,true,1.0,234_pickup
234,pickup,2024,3,222330,12.311918043613515,1,Manhattan,Union Sq,Yellow Zone,true,1.0,234_pickup
234,pickup,2024,4,208429,12.247353734650375,1,Manhattan,Union Sq,Yellow Zone,true,1.0,234_pickup
234,pickup,2024,5,212516,12.266772558629796,1,Manhattan,Union Sq,Yellow Zone,true,1.0,234_pickup
235,dropoff,2023,2,70107,11.157777925383916,0,Bronx,University Heights/Morris Heights,Boro Zone,false,0.04192013090894578,235_dropoff
235,dropoff,2023,3,82070,11.315327820623757,0,Bronx,University Heights/Morris Heights,Boro Zone,false,0.04192013090894578,235_dropoff
235,dropoff,2023,4,73071,11.199186850198666,0,Bronx,University Heights/Morris Heights,Boro Zone,false,0.04192013090894578,235_dropoff
235,dropoff,2023,5,75419,11.230814511641974,0,Bronx,University Heights/Morris Heights,Boro Zone,false,0.04192013090894578,235_dropoff
235,dropoff,2024,2,77660,11.260095603285658,1,Bronx,University Heights/Morris Heights,Boro Zone,false,0.04192013090894578,235_dropoff
235,dropoff,2024,3,86331,11.365944024621301,1,Bronx,University Heights/Morris Heights,Boro Zone,false,0.04192013090894578,235_dropoff
235,dropoff,2024,4,77783,11.261678177292485,1,Bronx,University Heights/Morris Heights,Boro Zone,false,0.04192013090894578,235_dropoff
235,dropoff,2024,5,79205,11.279794707122951,1,Bronx,University Heights/Morris Heights,Boro Zone,false,0.04192013090894578,235_dropoff
235,pickup,2023,2,73972,11.211441922204767,0,Bronx,University Heights/Morris Heights,Boro Zone,false,0.04411923054997815,235_pickup
235,pickup,2023,3,86160,11.36396131183027,0,Bronx,University Heights/Morris Heights,Boro Zone,false,0.04411923054997815,235_pickup
235,pickup,2023,4,77035,11.252015143015875,0,Bronx,University Heights/Morris Heights,Boro Zone,false,0.04411923054997815,235_pickup
235,pickup,2023,5,78591,11.27201246804444,0,Bronx,University Heights/Morris Heights,Boro Zone,false,0.04411923054997815,235_pickup
235,pickup,2024,2,81271,11.305544528335016,1,Bronx,University Heights/Morris Heights,Boro Zone,false,0.04411923054997815,235_pickup
235,pickup,2024,3,90176,11.409518595258351,1,Bronx,University Heights/Morris Heights,Boro Zone,false,0.04411923054997815,235_pickup
235,pickup,2024,4,81649,11.310184850926182,1,Bronx,University Heights/Morris Heights,Boro Zone,false,0.04411923054997815,235_pickup
235,pickup,2024,5,83129,11.328148897101162,1,Bronx,University Heights/Morris Heights,Boro Zone,false,0.04411923054997815,235_pickup
236,dropoff,2023,2,145031,11.884702791655672,0,Manhattan,Upper East Side North,Yellow Zone,false,0.3752233710138465,236_dropoff
236,dropoff,2023,3,151485,11.928241889128767,0,Manhattan,Upper East Side North,Yellow Zone,false,0.3752233710138465,236_dropoff
236,dropoff,2023,4,149614,11.915813923031608,0,Manhattan,Upper East Side North,Yellow Zone,false,0.3752233710138465,236_dropoff
236,dropoff,2023,5,154888,11.950457554069,0,Manhattan,Upper East Side North,Yellow Zone,false,0.3752233710138465,236_dropoff
236,dropoff,2024,2,147286,11.900131553806112,1,Manhattan,Upper East Side North,Yellow Zone,false,0.3752233710138465,236_dropoff
236,dropoff,2024,3,147175,11.899377633896462,1,Manhattan,Upper East Side North,Yellow Zone,false,0.3752233710138465,236_dropoff
236,dropoff,2024,4,147884,11.904183461643367,1,Manhattan,Upper East Side North,Yellow Zone,false,0.3752233710138465,236_dropoff
236,dropoff,2024,5,154312,11.946731805904076,1,Manhattan,Upper East Side North,Yellow Zone,false,0.3752233710138465,236_dropoff
236,pickup,2023,2,145806,11.890032249973338,0,Manhattan,Upper East Side North,Yellow Zone,false,0.36166768953807127,236_pickup
236,pickup,2023,3,153340,11.940412957112885,0,Manhattan,Upper East Side North,Yellow Zone,false,0.36166768953807127,236_pickup
236,pickup,2023,4,152265,11.933377702886641,0,Manhattan,Upper East Side North,Yellow Zone,false,0.36166768953807127,236_pickup
236,pickup,2023,5,159614,11.980513679448979,0,Manhattan,Upper East Side North,Yellow Zone,false,0.36166768953807127,236_pickup
236,pickup,2024,2,148114,11.905737526510627,1,Manhattan,Upper East Side North,Yellow Zone,false,0.36166768953807127,236_pickup
236,pickup,2024,3,149790,11.916989592162764,1,Manhattan,Upper East Side North,Yellow Zone,false,0.36166768953807127,236_pickup
236,pickup,2024,4,150133,11.919276846888375,1,Manhattan,Upper East Side North,Yellow Zone,false,0.36166768953807127,236_pickup
236,pickup,2024,5,160473,11.985880983101847,1,Manhattan,Upper East Side North,Yellow Zone,false,0.36166768953807127,236_pickup
237,dropoff,2023,2,152440,11.934526354987797,0,Manhattan,Upper East Side South,Yellow Zone,false,0.4569247664084744,237_dropoff
237,dropoff,2023,3,162301,11.997207914913153,0,Manhattan,Upper East Side South,Yellow Zone,false,0.4569247664084744,237_dropoff
237,dropoff,2023,4,162584,11.998950070270142,0,Manhattan,Upper East Side South,Yellow Zone,false,0.4569247664084744,237_dropoff
237,dropoff,2023,5,171029,12.049588411749204,0,Manhattan,Upper East Side South,Yellow Zone,false,0.4569247664084744,237_dropoff
237,dropoff,2024,2,154048,11.945019521142743,1,Manhattan,Upper East Side South,Yellow Zone,false,0.4569247664084744,237_dropoff
237,dropoff,2024,3,156876,11.96321096334986,1,Manhattan,Upper East Side South,Yellow Zone,false,0.4569247664084744,237_dropoff
237,dropoff,2024,4,162041,11.995604668613309,1,Manhattan,Upper East Side South,Yellow Zone,false,0.4569247664084744,237_dropoff
237,dropoff,2024,5,171213,12.050663674386334,1,Manhattan,Upper East Side South,Yellow Zone,false,0.4569247664084744,237_dropoff
237,pickup,2023,2,156197,11.958873310057315,0,Manhattan,Upper East Side South,Yellow Zone,false,0.4338766067992783,237_pickup
237,pickup,2023,3,168146,12.0325879286012,0,Manhattan,Upper East Side South,Yellow Zone,false,0.4338766067992783,237_pickup
237,pickup,2023,4,166660,12.023711087936197,0,Manhattan,Upper East Side South,Yellow Zone,false,0.4338766067992783,237_pickup
237,pickup,2023,5,176862,12.083125046445296,0,Manhattan,Upper East Side South,Yellow Zone,false,0.4338766067992783,237_pickup
237,pickup,2024,2,158972,11.976483365065901,1,Manhattan,Upper East Side South,Yellow Zone,false,0.4338766067992783,237_pickup
237,pickup,2024,3,163278,12.003209548511109,1,Manhattan,Upper East Side South,Yellow Zone,false,0.4338766067992783,237_pickup
237,pickup,2024,4,167232,12.027137348880284,1,Manhattan,Upper East Side South,Yellow Zone,false,0.4338766067992783,237_pickup
237,pickup,2024,5,180107,12.10130639770468,1,Manhattan,Upper East Side South,Yellow Zone,false,0.4338766067992783,237_pickup
238,dropoff,2023,2,91836,11.427759656597921,0,Manhattan,Upper West Side North,Yellow Zone,false,0.3037883719113703,238_dropoff
238,dropoff,2023,3,98738,11.500225156391997,0,Manhattan,Upper West Side North,Yellow Zone,false,0.3037883719113703,238_dropoff
238,dropoff,2023,4,95050,11.462158347916576,0,Manhattan,Upper West Side North,Yellow Zone,false,0.3037883719113703,238_dropoff
238,dropoff,2023,5,98446,11.49726345348056,0,Manhattan,Upper West Side North,Yellow Zone,false,0.3037883719113703,238_dropoff
238,dropoff,2024,2,96496,11.477256835690769,1,Manhattan,Upper West Side North,Yellow Zone,false,0.3037883719113703,238_dropoff
238,dropoff,2024,3,97940,11.492110325256307,1,Manhattan,Upper West Side North,Yellow Zone,false,0.3037883719113703,238_dropoff
238,dropoff,2024,4,96958,11.482033174027695,1,Manhattan,Upper West Side North,Yellow Zone,false,0.3037883719113703,238_dropoff
238,dropoff,2024,5,99203,11.50492353475117,1,Manhattan,Upper West Side North,Yellow Zone,false,0.3037883719113703,238_dropoff
238,pickup,2023,2,98370,11.496491158506803,0,Manhattan,Upper West Side North,Yellow Zone,false,0.26463714739703315,238_pickup
238,pickup,2023,3,108115,11.590950754407995,0,Manhattan,Upper West Side North,Yellow Zone,false,0.26463714739703315,238_pickup
238,pickup,2023,4,105326,11.564815581224172,0,Manhattan,Upper West Side North,Yellow Zone,false,0.26463714739703315,238_pickup
238,pickup,2023,5,107960,11.58951606713194,0,Manhattan,Upper West Side North,Yellow Zone,false,0.26463714739703315,238_pickup
238,pickup,2024,2,104809,11.559894925044382,1,Manhattan,Upper West Side North,Yellow Zone,false,0.26463714739703315,238_pickup
238,pickup,2024,3,107496,11.585208916555246,1,Manhattan,Upper West Side North,Yellow Zone,false,0.26463714739703315,238_pickup
238,pickup,2024,4,108244,11.592143217076858,1,Manhattan,Upper West Side North,Yellow Zone,false,0.26463714739703315,238_pickup
238,pickup,2024,5,110447,11.61229104686779,1,Manhattan,Upper West Side North,Yellow Zone,false,0.26463714739703315,238_pickup
239,dropoff,2023,2,112519,11.630877375255379,0,Manhattan,Upper West Side South,Yellow Zone,false,0.3793729532084048,239_dropoff
239,dropoff,2023,3,121393,11.706788495319067,0,Manhattan,Upper West Side South,Yellow Zone,false,0.3793729532084048,239_dropoff
239,dropoff,2023,4,121168,11.704933291353603,0,Manhattan,Upper West Side South,Yellow Zone,false,0.3793729532084048,239_dropoff
239,dropoff,2023,5,121886,11.71084146063754,0,Manhattan,Upper West Side South,Yellow Zone,false,0.3793729532084048,239_dropoff
239,dropoff,2024,2,116073,11.66197458250061,1,Manhattan,Upper West Side South,Yellow Zone,false,0.3793729532084048,239_dropoff
239,dropoff,2024,3,125485,11.739941508498312,1,Manhattan,Upper West Side South,Yellow Zone,false,0.3793729532084048,239_dropoff
239,dropoff,2024,4,116296,11.66389394410616,1,Manhattan,Upper West Side South,Yellow Zone,false,0.3793729532084048,239_dropoff
239,dropoff,2024,5,119109,11.687794319238998,1,Manhattan,Upper West Side South,Yellow Zone,false,0.3793729532084048,239_dropoff
239,pickup,2023,2,122168,11.713152425633018,0,Manhattan,Upper West Side South,Yellow Zone,false,0.35810581019889565,239_pickup
239,pickup,2023,3,132976,11.797923939792808,0,Manhattan,Upper West Side South,Yellow Zone,false,0.35810581019889565,239_pickup
239,pickup,2023,4,132452,11.793975594623962,0,Manhattan,Upper West Side South,Yellow Zone,false,0.35810581019889565,239_pickup
239,pickup,2023,5,135794,11.81889431050915,0,Manhattan,Upper West Side South,Yellow Zone,false,0.35810581019889565,239_pickup
239,pickup,2024,2,128328,11.762344765296676,1,Manhattan,Upper West Side South,Yellow Zone,false,0.35810581019889565,239_pickup
239,pickup,2024,3,137994,11.834965484933266,1,Manhattan,Upper West Side South,Yellow Zone,false,0.35810581019889565,239_pickup
239,pickup,2024,4,129636,11.772485802104985,1,Manhattan,Upper West Side South,Yellow Zone,false,0.35810581019889565,239_pickup
239,pickup,2024,5,134431,11.80880633523637,1,Manhattan,Upper West Side South,Yellow Zone,false,0.35810581019889565,239_pickup
240,dropoff,2023,2,8692,9.07015834137632,0,Bronx,Van Cortlandt Park,Boro Zone,false,0.03998945122389777,240_dropoff
240,dropoff,2023,3,10602,9.268797941547751,0,Bronx,Van Cortlandt Park,Boro Zone,false,0.03998945122389777,240_dropoff
240,dropoff,2023,4,10776,9.2850767180902,0,Bronx,Van Cortlandt Park,Boro Zone,false,0.03998945122389777,240_dropoff
240,dropoff,2023,5,11641,9.36228862824824,0,Bronx,Van Cortlandt Park,Boro Zone,false,0.03998945122389777,240_dropoff
240,dropoff,2024,2,10378,9.247443459927686,1,Bronx,Van Cortlandt Park,Boro Zone,false,0.03998945122389777,240_dropoff
240,dropoff,2024,3,11533,9.35296777022594,1,Bronx,Van Cortlandt Park,Boro Zone,false,0.03998945122389777,240_dropoff
240,dropoff,2024,4,11733,9.370160663423624,1,Bronx,Van Cortlandt Park,Boro Zone,false,0.03998945122389777,240_dropoff
240,dropoff,2024,5,12309,9.418085981110297,1,Bronx,Van Cortlandt Park,Boro Zone,false,0.03998945122389777,240_dropoff
240,pickup,2023,2,9777,9.18778796750567,0,Bronx,Van Cortlandt Park,Boro Zone,false,0.030240757965779057,240_pickup
240,pickup,2023,3,11880,9.382611592916636,0,Bronx,Van Cortlandt Park,Boro Zone,false,0.030240757965779057,240_pickup
240,pickup,2023,4,12174,9.40705780905387,0,Bronx,Van Cortlandt Park,Boro Zone,false,0.030240757965779057,240_pickup
240,pickup,2023,5,12398,9.425290448261865,0,Bronx,Van Cortlandt Park,Boro Zone,false,0.030240757965779057,240_pickup
240,pickup,2024,2,11417,9.342858751676328,1,Bronx,Van Cortlandt Park,Boro Zone,false,0.030240757965779057,240_pickup
240,pickup,2024,3,12933,9.467537463415244,1,Bronx,Van Cortlandt Park,Boro Zone,false,0.030240757965779057,240_pickup
240,pickup,2024,4,13090,9.479603858903946,1,Bronx,Van Cortlandt Park,Boro Zone,false,0.030240757965779057,240_pickup
240,pickup,2024,5,13123,9.482121694896287,1,Bronx,Van Cortlandt Park,Boro Zone,false,0.030240757965779057,240_pickup
241,dropoff,2023,2,63082,11.052190746344808,0,Bronx,Van Cortlandt Village,Boro Zone,false,0.04259307472012497,241_dropoff
241,dropoff,2023,3,72751,11.194797930643736,0,Bronx,Van Cortlandt Village,Boro Zone,false,0.04259307472012497,241_dropoff
241,dropoff,2023,4,64684,11.077269154697834,0,Bronx,Van Cortlandt Village,Boro Zone,false,0.04259307472012497,241_dropoff
241,dropoff,2023,5,68353,11.132440732922605,0,Bronx,Van Cortlandt Village,Boro Zone,false,0.04259307472012497,241_dropoff
241,dropoff,2024,2,69479,11.148779827620494,1,Bronx,Van Cortlandt Village,Boro Zone,false,0.04259307472012497,241_dropoff
241,dropoff,2024,3,77690,11.260481827944467,1,Bronx,Van Cortlandt Village,Boro Zone,false,0.04259307472012497,241_dropoff
241,dropoff,2024,4,69801,11.153403615295403,1,Bronx,Van Cortlandt Village,Boro Zone,false,0.04259307472012497,241_dropoff
241,dropoff,2024,5,75698,11.234507018997263,1,Bronx,Van Cortlandt Village,Boro Zone,false,0.04259307472012497,241_dropoff
241,pickup,2023,2,65124,11.084048423851405,0,Bronx,Van Cortlandt Village,Boro Zone,false,0.038515731752763925,241_pickup
241,pickup,2023,3,75625,11.233542195333143,0,Bronx,Van Cortlandt Village,Boro Zone,false,0.038515731752763925,241_pickup
241,pickup,2023,4,68727,11.137897414101458,0,Bronx,Van Cortlandt Village,Boro Zone,false,0.038515731752763925,241_pickup
241,pickup,2023,5,72279,11.188288909524681,0,Bronx,Van Cortlandt Village,Boro Zone,false,0.038515731752763925,241_pickup
241,pickup,2024,2,71905,11.18310108232048,1,Bronx,Van Cortlandt Village,Boro Zone,false,0.038515731752763925,241_pickup
241,pickup,2024,3,80920,11.301216291281682,1,Bronx,Van Cortlandt Village,Boro Zone,false,0.038515731752763925,241_pickup
241,pickup,2024,4,73785,11.20891073789755,1,Bronx,Van Cortlandt Village,Boro Zone,false,0.038515731752763925,241_pickup
241,pickup,2024,5,77361,11.25623805662067,1,Bronx,Van Cortlandt Village,Boro Zone,false,0.038515731752763925,241_pickup
242,dropoff,2023,2,67356,11.1177472647302,0,Bronx,Van Nest/Morris Park,Boro Zone,false,0.021179154298789315,242_dropoff
242,dropoff,2023,3,77170,11.25376605945165,0,Bronx,Van Nest/Morris Park,Boro Zone,false,0.021179154298789315,242_dropoff
242,dropoff,2023,4,69078,11.14299157990172,0,Bronx,Van Nest/Morris Park,Boro Zone,false,0.021179154298789315,242_dropoff
242,dropoff,2023,5,73093,11.199487881918735,0,Bronx,Van Nest/Morris Park,Boro Zone,false,0.021179154298789315,242_dropoff
242,dropoff,2024,2,74946,11.224523133193964,1,Bronx,Van Nest/Morris Park,Boro Zone,false,0.021179154298789315,242_dropoff
242,dropoff,2024,3,81705,11.310870478485885,1,Bronx,Van Nest/Morris Park,Boro Zone,false,0.021179154298789315,242_dropoff
242,dropoff,2024,4,77273,11.255099885073665,1,Bronx,Van Nest/Morris Park,Boro Zone,false,0.021179154298789315,242_dropoff
242,dropoff,2024,5,79021,11.277468918909353,1,Bronx,Van Nest/Morris Park,Boro Zone,false,0.021179154298789315,242_dropoff
242,pickup,2023,2,68001,11.127277689932466,0,Bronx,Van Nest/Morris Park,Boro Zone,false,0.020106842307903855,242_pickup
242,pickup,2023,3,78046,11.265053675431062,0,Bronx,Van Nest/Morris Park,Boro Zone,false,0.020106842307903855,242_pickup
242,pickup,2023,4,70308,11.16064086933279,0,Bronx,Van Nest/Morris Park,Boro Zone,false,0.020106842307903855,242_pickup
242,pickup,2023,5,74541,11.219104588559038,0,Bronx,Van Nest/Morris Park,Boro Zone,false,0.020106842307903855,242_pickup
242,pickup,2024,2,76000,11.238488619268468,1,Bronx,Van Nest/Morris Park,Boro Zone,false,0.020106842307903855,242_pickup
242,pickup,2024,3,82483,11.320347490483307,1,Bronx,Van Nest/Morris Park,Boro Zone,false,0.020106842307903855,242_pickup
242,pickup,2024,4,77384,11.256535319862383,1,Bronx,Van Nest/Morris Park,Boro Zone,false,0.020106842307903855,242_pickup
242,pickup,2024,5,78098,11.26571972730526,1,Bronx,Van Nest/Morris Park,Boro Zone,false,0.020106842307903855,242_pickup
243,dropoff,2023,2,88694,11.392947522266775,0,Manhattan,Washington Heights North,Boro Zone,false,0.1306508973830967,243_dropoff
243,dropoff,2023,3,101573,11.528533030777757,0,Manhattan,Washington Heights North,Boro Zone,false,0.1306508973830967,243_dropoff
243,dropoff,2023,4,95727,11.469255669310835,0,Manhattan,Washington Heights North,Boro Zone,false,0.1306508973830967,243_dropoff
243,dropoff,2023,5,100073,11.513655198649829,0,Manhattan,Washington Heights North,Boro Zone,false,0.1306508973830967,243_dropoff
243,dropoff,2024,2,94967,11.46128474181524,1,Manhattan,Washington Heights North,Boro Zone,false,0.1306508973830967,243_dropoff
243,dropoff,2024,3,103741,11.549652687342256,1,Manhattan,Washington Heights North,Boro Zone,false,0.1306508973830967,243_dropoff
243,dropoff,2024,4,94744,11.45893379640133,1,Manhattan,Washington Heights North,Boro Zone,false,0.1306508973830967,243_dropoff
243,dropoff,2024,5,101966,11.53239470336517,1,Manhattan,Washington Heights North,Boro Zone,false,0.1306508973830967,243_dropoff
243,pickup,2023,2,93720,11.448066892621732,0,Manhattan,Washington Heights North,Boro Zone,false,0.11489686560922714,243_pickup
243,pickup,2023,3,108378,11.593380395360613,0,Manhattan,Washington Heights North,Boro Zone,false,0.11489686560922714,243_pickup
243,pickup,2023,4,102260,11.53527386863399,0,Manhattan,Washington Heights North,Boro Zone,false,0.11489686560922714,243_pickup
243,pickup,2023,5,106950,11.580116714510552,0,Manhattan,Washington Heights North,Boro Zone,false,0.11489686560922714,243_pickup
243,pickup,2024,2,103431,11.546660002699857,1,Manhattan,Washington Heights North,Boro Zone,false,0.11489686560922714,243_pickup
243,pickup,2024,3,112429,11.630077190281053,1,Manhattan,Washington Heights North,Boro Zone,false,0.11489686560922714,243_pickup
243,pickup,2024,4,103994,11.552088484151552,1,Manhattan,Washington Heights North,Boro Zone,false,0.11489686560922714,243_pickup
243,pickup,2024,5,110958,11.616907030312932,1,Manhattan,Washington Heights North,Boro Zone,false,0.11489686560922714,243_pickup
244,dropoff,2023,2,134927,11.812489170426826,0,Manhattan,Washington Heights South,Boro Zone,false,0.13653800878031216,244_dropoff
244,dropoff,2023,3,152465,11.934690340491846,0,Manhattan,Washington Heights South,Boro Zone,false,0.13653800878031216,244_dropoff
244,dropoff,2023,4,142206,11.865031989553959,0,Manhattan,Washington Heights South,Boro Zone,false,0.13653800878031216,244_dropoff
244,dropoff,2023,5,148058,11.905359367868574,0,Manhattan,Washington Heights South,Boro Zone,false,0.13653800878031216,244_dropoff
244,dropoff,2024,2,150991,11.924975511371747,1,Manhattan,Washington Heights South,Boro Zone,false,0.13653800878031216,244_dropoff
244,dropoff,2024,3,161946,11.995018225313283,1,Manhattan,Washington Heights South,Boro Zone,false,0.13653800878031216,244_dropoff
244,dropoff,2024,4,150217,11.91983619433096,1,Manhattan,Washington Heights South,Boro Zone,false,0.13653800878031216,244_dropoff
244,dropoff,2024,5,156952,11.963695305100664,1,Manhattan,Washington Heights South,Boro Zone,false,0.13653800878031216,244_dropoff
244,pickup,2023,2,133885,11.804736501505687,0,Manhattan,Washington Heights South,Boro Zone,false,0.11709012131715771,244_pickup
244,pickup,2023,3,151762,11.930068783225273,0,Manhattan,Washington Heights South,Boro Zone,false,0.11709012131715771,244_pickup
244,pickup,2023,4,142060,11.8640047825518,0,Manhattan,Washington Heights South,Boro Zone,false,0.11709012131715771,244_pickup
244,pickup,2023,5,149293,11.913666096962618,0,Manhattan,Washington Heights South,Boro Zone,false,0.11709012131715771,244_pickup
244,pickup,2024,2,150082,11.918937090377272,1,Manhattan,Washington Heights South,Boro Zone,false,0.11709012131715771,244_pickup
244,pickup,2024,3,161146,11.990066065340736,1,Manhattan,Washington Heights South,Boro Zone,false,0.11709012131715771,244_pickup
244,pickup,2024,4,150999,11.925028493258576,1,Manhattan,Washington Heights South,Boro Zone,false,0.11709012131715771,244_pickup
244,pickup,2024,5,158635,11.97436124479481,1,Manhattan,Washington Heights South,Boro Zone,false,0.11709012131715771,244_pickup
245,dropoff,2023,2,12094,9.400464740833158,0,Staten Island,West Brighton,Boro Zone,false,0.038269341386252514,245_dropoff
245,dropoff,2023,3,15811,9.668461179310146,0,Staten Island,West Brighton,Boro Zone,false,0.038269341386252514,245_dropoff
245,dropoff,2023,4,13058,9.477156251746578,0,Staten Island,West Brighton,Boro Zone,false,0.038269341386252514,245_dropoff
245,dropoff,2023,5,14669,9.593491702487762,0,Staten Island,West Brighton,Boro Zone,false,0.038269341386252514,245_dropoff
245,dropoff,2024,2,13251,9.491828300264636,1,Staten Island,West Brighton,Boro Zone,false,0.038269341386252514,245_dropoff
245,dropoff,2024,3,16273,9.697262571660614,1,Staten Island,West Brighton,Boro Zone,false,0.038269341386252514,245_dropoff
245,dropoff,2024,4,13815,9.533510237357516,1,Staten Island,West Brighton,Boro Zone,false,0.038269341386252514,245_dropoff
245,dropoff,2024,5,14701,9.595670797663967,1,Staten Island,West Brighton,Boro Zone,false,0.038269341386252514,245_dropoff
245,pickup,2023,2,12488,9.432523462195268,0,Staten Island,West Brighton,Boro Zone,false,0.023231900728502213,245_pickup
245,pickup,2023,3,16210,9.693383614729722,0,Staten Island,West Brighton,Boro Zone,false,0.023231900728502213,245_pickup
245,pickup,2023,4,13687,9.524201756211266,0,Staten Island,West Brighton,Boro Zone,false,0.023231900728502213,245_pickup
245,pickup,2023,5,14993,9.615338704494903,0,Staten Island,West Brighton,Boro Zone,false,0.023231900728502213,245_pickup
245,pickup,2024,2,13831,9.534667728624708,1,Staten Island,West Brighton,Boro Zone,false,0.023231900728502213,245_pickup
245,pickup,2024,3,17145,9.74946186489702,1,Staten Island,West Brighton,Boro Zone,false,0.023231900728502213,245_pickup
245,pickup,2024,4,14606,9.589187682180055,1,Staten Island,West Brighton,Boro Zone,false,0.023231900728502213,245_pickup
245,pickup,2024,5,15642,9.657714883161557,1,Staten Island,West Brighton,Boro Zone,false,0.023231900728502213,245_pickup
246,dropoff,2023,2,192077,12.16565161228087,0,Manhattan,West Chelsea/Hudson Yards,Yellow Zone,true,1.0,246_dropoff
246,dropoff,2023,3,208673,12.24852371239123,0,Manhattan,West Chelsea/Hudson Yards,Yellow Zone,true,1.0,246_dropoff
246,dropoff,2023,4,204822,12.229896588253172,0,Manhattan,West Chelsea/Hudson Yards,Yellow Zone,true,1.0,246_dropoff
246,dropoff,2023,5,221036,12.306080863161391,0,Manhattan,West Chelsea/Hudson Yards,Yellow Zone,true,1.0,246_dropoff
246,dropoff,2024,2,204998,12.230755501975393,1,Manhattan,West Chelsea/Hudson Yards,Yellow Zone,true,1.0,246_dropoff
246,dropoff,2024,3,211016,12.259689238967187,1,Manhattan,West Chelsea/Hudson Yards,Yellow Zone,true,1.0,246_dropoff
246,dropoff,2024,4,207684,12.243772972713,1,Manhattan,West Chelsea/Hudson Yards,Yellow Zone,true,1.0,246_dropoff
246,dropoff,2024,5,224339,12.320913579669444,1,Manhattan,West Chelsea/Hudson Yards,Yellow Zone,true,1.0,246_dropoff
246,pickup,2023,2,199518,12.203659736805884,0,Manhattan,West Chelsea/Hudson Yards,Yellow Zone,true,1.0,246_pickup
246,pickup,2023,3,219396,12.298633595116506,0,Manhattan,West Chelsea/Hudson Yards,Yellow Zone,true,1.0,246_pickup
246,pickup,2023,4,213691,12.272286325305727,0,Manhattan,West Chelsea/Hudson Yards,Yellow Zone,true,1.0,246_pickup
246,pickup,2023,5,231550,12.352551111908898,0,Manhattan,West Chelsea/Hudson Yards,Yellow Zone,true,1.0,246_pickup
246,pickup,2024,2,210672,12.258057700596124,1,Manhattan,West Chelsea/Hudson Yards,Yellow Zone,true,1.0,246_pickup
246,pickup,2024,3,221046,12.306126103637148,1,Manhattan,West Chelsea/Hudson Yards,Yellow Zone,true,1.0,246_pickup
246,pickup,2024,4,217593,12.290381624328841,1,Manhattan,West Chelsea/Hudson Yards,Yellow Zone,true,1.0,246_pickup
246,pickup,2024,5,236857,12.375211862485573,1,Manhattan,West Chelsea/Hudson Yards,Yellow Zone,true,1.0,246_pickup
247,dropoff,2023,2,75825,11.236183332556783,0,Bronx,West Concourse,Boro Zone,false,0.050801426045621864,247_dropoff
247,dropoff,2023,3,91293,11.421829393326107,0,Bronx,West Concourse,Boro Zone,false,0.050801426045621864,247_dropoff
247,dropoff,2023,4,87633,11.380912918314976,0,Bronx,West Concourse,Boro Zone,false,0.050801426045621864,247_dropoff
247,dropoff,2023,5,90259,11.41043859421481,0,Bronx,West Concourse,Boro Zone,false,0.050801426045621864,247_dropoff
247,dropoff,2024,2,88530,11.391096756605094,1,Bronx,West Concourse,Boro Zone,false,0.050801426045621864,247_dropoff
247,dropoff,2024,3,98380,11.49659281034933,1,Bronx,West Concourse,Boro Zone,false,0.050801426045621864,247_dropoff
247,dropoff,2024,4,93781,11.448717555841151,1,Bronx,West Concourse,Boro Zone,false,0.050801426045621864,247_dropoff
247,dropoff,2024,5,96206,11.474247004771236,1,Bronx,West Concourse,Boro Zone,false,0.050801426045621864,247_dropoff
247,pickup,2023,2,78874,11.275606921474713,0,Bronx,West Concourse,Boro Zone,false,0.051828144044633234,247_pickup
247,pickup,2023,3,92692,11.43703744793777,0,Bronx,West Concourse,Boro Zone,false,0.051828144044633234,247_pickup
247,pickup,2023,4,90050,11.408120350604102,0,Bronx,West Concourse,Boro Zone,false,0.051828144044633234,247_pickup
247,pickup,2023,5,93635,11.447159524194609,0,Bronx,West Concourse,Boro Zone,false,0.051828144044633234,247_pickup
247,pickup,2024,2,94884,11.460410371858927,1,Bronx,West Concourse,Boro Zone,false,0.051828144044633234,247_pickup
247,pickup,2024,3,102857,11.541094953047072,1,Bronx,West Concourse,Boro Zone,false,0.051828144044633234,247_pickup
247,pickup,2024,4,99800,11.510923462299555,1,Bronx,West Concourse,Boro Zone,false,0.051828144044633234,247_pickup
247,pickup,2024,5,101933,11.532071013692459,1,Bronx,West Concourse,Boro Zone,false,0.051828144044633234,247_pickup
248,dropoff,2023,2,39349,10.580225840562024,0,Bronx,West Farms/Bronx River,Boro Zone,false,0.03602257438474086,248_dropoff
248,dropoff,2023,3,46050,10.737483041683452,0,Bronx,West Farms/Bronx River,Boro Zone,false,0.03602257438474086,248_dropoff
248,dropoff,2023,4,41102,10.623812061100866,0,Bronx,West Farms/Bronx River,Boro Zone,false,0.03602257438474086,248_dropoff
248,dropoff,2023,5,41477,10.632894335716385,0,Bronx,West Farms/Bronx River,Boro Zone,false,0.03602257438474086,248_dropoff
248,dropoff,2024,2,43520,10.680975881529823,1,Bronx,West Farms/Bronx River,Boro Zone,false,0.03602257438474086,248_dropoff
248,dropoff,2024,3,48211,10.783342489769069,1,Bronx,West Farms/Bronx River,Boro Zone,false,0.03602257438474086,248_dropoff
248,dropoff,2024,4,42784,10.66391947990167,1,Bronx,West Farms/Bronx River,Boro Zone,false,0.03602257438474086,248_dropoff
248,dropoff,2024,5,44581,10.705063038271945,1,Bronx,West Farms/Bronx River,Boro Zone,false,0.03602257438474086,248_dropoff
248,pickup,2023,2,42791,10.664083079084039,0,Bronx,West Farms/Bronx River,Boro Zone,false,0.03570686695748193,248_pickup
248,pickup,2023,3,50023,10.820238178642716,0,Bronx,West Farms/Bronx River,Boro Zone,false,0.03570686695748193,248_pickup
248,pickup,2023,4,44911,10.712438032589617,0,Bronx,West Farms/Bronx River,Boro Zone,false,0.03570686695748193,248_pickup
248,pickup,2023,5,45209,10.7190514610438,0,Bronx,West Farms/Bronx River,Boro Zone,false,0.03570686695748193,248_pickup
248,pickup,2024,2,47561,10.769768376656003,1,Bronx,West Farms/Bronx River,Boro Zone,false,0.03570686695748193,248_pickup
248,pickup,2024,3,53890,10.894700210927542,1,Bronx,West Farms/Bronx River,Boro Zone,false,0.03570686695748193,248_pickup
248,pickup,2024,4,47267,10.763567656573366,1,Bronx,West Farms/Bronx River,Boro Zone,false,0.03570686695748193,248_pickup
248,pickup,2024,5,48724,10.79392700081985,1,Bronx,West Farms/Bronx River,Boro Zone,false,0.03570686695748193,248_pickup
249,dropoff,2023,2,166698,12.023939071066433,0,Manhattan,West Village,Yellow Zone,true,1.0,249_dropoff
249,dropoff,2023,3,176043,12.07848356236128,0,Manhattan,West Village,Yellow Zone,true,1.0,249_dropoff
249,dropoff,2023,4,171374,12.05160358169077,0,Manhattan,West Village,Yellow Zone,true,1.0,249_dropoff
249,dropoff,2023,5,154562,11.948350589321217,0,Manhattan,West Village,Yellow Zone,true,1.0,249_dropoff
249,dropoff,2024,2,168901,12.03706802344148,1,Manhattan,West Village,Yellow Zone,true,1.0,249_dropoff
249,dropoff,2024,3,178650,12.093183863451555,1,Manhattan,West Village,Yellow Zone,true,1.0,249_dropoff
249,dropoff,2024,4,161484,11.992161345529542,1,Manhattan,West Village,Yellow Zone,true,1.0,249_dropoff
249,dropoff,2024,5,161025,11.989314911415091,1,Manhattan,West Village,Yellow Zone,true,1.0,249_dropoff
249,pickup,2023,2,191891,12.164682781469194,0,Manhattan,West Village,Yellow Zone,true,1.0,249_pickup
249,pickup,2023,3,204847,12.230018638005685,0,Manhattan,West Village,Yellow Zone,true,1.0,249_pickup
249,pickup,2023,4,202401,12.218006157094704,0,Manhattan,West Village,Yellow Zone,true,1.0,249_pickup
249,pickup,2023,5,187175,12.139799287098885,0,Manhattan,West Village,Yellow Zone,true,1.0,249_pickup
249,pickup,2024,2,193271,12.171848628074887,1,Manhattan,West Village,Yellow Zone,true,1.0,249_pickup
249,pickup,2024,3,209090,12.250520060265469,1,Manhattan,West Village,Yellow Zone,true,1.0,249_pickup
249,pickup,2024,4,190799,12.158975796892442,1,Manhattan,West Village,Yellow Zone,true,1.0,249_pickup
249,pickup,2024,5,191833,12.164380480854994,1,Manhattan,West Village,Yellow Zone,true,1.0,249_pickup
250,dropoff,2023,2,41513,10.633761910177357,0,Bronx,Westchester Village/Unionport,Boro Zone,false,0.030322895130519556,250_dropoff
250,dropoff,2023,3,48115,10.7813492577905,0,Bronx,Westchester Village/Unionport,Boro Zone,false,0.030322895130519556,250_dropoff
250,dropoff,2023,4,43549,10.681642019904501,0,Bronx,Westchester Village/Unionport,Boro Zone,false,0.030322895130519556,250_dropoff
250,dropoff,2023,5,45302,10.721106460606913,0,Bronx,Westchester Village/Unionport,Boro Zone,false,0.030322895130519556,250_dropoff
250,dropoff,2024,2,45736,10.730641012943806,1,Bronx,Westchester Village/Unionport,Boro Zone,false,0.030322895130519556,250_dropoff
250,dropoff,2024,3,51369,10.84679015665708,1,Bronx,Westchester Village/Unionport,Boro Zone,false,0.030322895130519556,250_dropoff
250,dropoff,2024,4,46947,10.756774584831282,1,Bronx,Westchester Village/Unionport,Boro Zone,false,0.030322895130519556,250_dropoff
250,dropoff,2024,5,49347,10.806632252740268,1,Bronx,Westchester Village/Unionport,Boro Zone,false,0.030322895130519556,250_dropoff
250,pickup,2023,2,42101,10.647826772357497,0,Bronx,Westchester Village/Unionport,Boro Zone,false,0.03168682332846635,250_pickup
250,pickup,2023,3,48338,10.785973279797922,0,Bronx,Westchester Village/Unionport,Boro Zone,false,0.03168682332846635,250_pickup
250,pickup,2023,4,44449,10.702097743501133,0,Bronx,Westchester Village/Unionport,Boro Zone,false,0.03168682332846635,250_pickup
250,pickup,2023,5,46607,10.74950602342493,0,Bronx,Westchester Village/Unionport,Boro Zone,false,0.03168682332846635,250_pickup
250,pickup,2024,2,46659,10.75062111371267,1,Bronx,Westchester Village/Unionport,Boro Zone,false,0.03168682332846635,250_pickup
250,pickup,2024,3,52418,10.867005322772965,1,Bronx,Westchester Village/Unionport,Boro Zone,false,0.03168682332846635,250_pickup
250,pickup,2024,4,47085,10.759709757944163,1,Bronx,Westchester Village/Unionport,Boro Zone,false,0.03168682332846635,250_pickup
250,pickup,2024,5,47940,10.777705507988376,1,Bronx,Westchester Village/Unionport,Boro Zone,false,0.03168682332846635,250_pickup
251,dropoff,2023,2,11432,9.344171719609703,0,Staten Island,Westerleigh,Boro Zone,false,0.03851989044982563,251_dropoff
251,dropoff,2023,3,13659,9.522153924002891,0,Staten Island,Westerleigh,Boro Zone,false,0.03851989044982563,251_dropoff
251,dropoff,2023,4,12387,9.4244028145542,0,Staten Island,Westerleigh,Boro Zone,false,0.03851989044982563,251_dropoff
251,dropoff,2023,5,13275,9.49363784611014,0,Staten Island,Westerleigh,Boro Zone,false,0.03851989044982563,251_dropoff
251,dropoff,2024,2,12829,9.45946351224934,1,Staten Island,Westerleigh,Boro Zone,false,0.03851989044982563,251_dropoff
251,dropoff,2024,3,14397,9.574775130526355,1,Staten Island,Westerleigh,Boro Zone,false,0.03851989044982563,251_dropoff
251,dropoff,2024,4,13129,9.48257880293411,1,Staten Island,Westerleigh,Boro Zone,false,0.03851989044982563,251_dropoff
251,dropoff,2024,5,13738,9.527920994773828,1,Staten Island,Westerleigh,Boro Zone,false,0.03851989044982563,251_dropoff
251,pickup,2023,2,12628,9.443671849677882,0,Staten Island,Westerleigh,Boro Zone,false,0.021800293737724064,251_pickup
251,pickup,2023,3,15209,9.629642636872369,0,Staten Island,Westerleigh,Boro Zone,false,0.021800293737724064,251_pickup
251,pickup,2023,4,13804,9.532713684217894,0,Staten Island,Westerleigh,Boro Zone,false,0.021800293737724064,251_pickup
251,pickup,2023,5,14872,9.60723552940128,0,Staten Island,Westerleigh,Boro Zone,false,0.021800293737724064,251_pickup
251,pickup,2024,2,14382,9.57373270366244,1,Staten Island,Westerleigh,Boro Zone,false,0.021800293737724064,251_pickup
251,pickup,2024,3,15994,9.679968930891835,1,Staten Island,Westerleigh,Boro Zone,false,0.021800293737724064,251_pickup
251,pickup,2024,4,14569,9.586651262653996,1,Staten Island,Westerleigh,Boro Zone,false,0.021800293737724064,251_pickup
251,pickup,2024,5,15625,9.656627474604603,1,Staten Island,Westerleigh,Boro Zone,false,0.021800293737724064,251_pickup
252,dropoff,2023,2,20793,9.942371670586095,0,Queens,Whitestone,Boro Zone,false,0.047245302874180606,252_dropoff
252,dropoff,2023,3,23997,10.085684101516932,0,Queens,Whitestone,Boro Zone,false,0.047245302874180606,252_dropoff
252,dropoff,2023,4,22431,10.018199209668024,0,Queens,Whitestone,Boro Zone,false,0.047245302874180606,252_dropoff
252,dropoff,2023,5,24005,10.08601742096504,0,Queens,Whitestone,Boro Zone,false,0.047245302874180606,252_dropoff
252,dropoff,2024,2,22591,10.025306875857222,1,Queens,Whitestone,Boro Zone,false,0.047245302874180606,252_dropoff
252,dropoff,2024,3,24895,10.122422259076282,1,Queens,Whitestone,Boro Zone,false,0.047245302874180606,252_dropoff
252,dropoff,2024,4,23721,10.074116010739036,1,Queens,Whitestone,Boro Zone,false,0.047245302874180606,252_dropoff
252,dropoff,2024,5,26245,10.1752307736864,1,Queens,Whitestone,Boro Zone,false,0.047245302874180606,252_dropoff
252,pickup,2023,2,20363,9.921474807550515,0,Queens,Whitestone,Boro Zone,false,0.03673397173629387,252_pickup
252,pickup,2023,3,23668,10.071879203796584,0,Queens,Whitestone,Boro Zone,false,0.03673397173629387,252_pickup
252,pickup,2023,4,22349,10.014536856311423,0,Queens,Whitestone,Boro Zone,false,0.03673397173629387,252_pickup
252,pickup,2023,5,24054,10.088056581870562,0,Queens,Whitestone,Boro Zone,false,0.03673397173629387,252_pickup
252,pickup,2024,2,21950,9.996522418503318,1,Queens,Whitestone,Boro Zone,false,0.03673397173629387,252_pickup
252,pickup,2024,3,24165,10.092660584279184,1,Queens,Whitestone,Boro Zone,false,0.03673397173629387,252_pickup
252,pickup,2024,4,23201,10.05195066017375,1,Queens,Whitestone,Boro Zone,false,0.03673397173629387,252_pickup
252,pickup,2024,5,25457,10.144746033275508,1,Queens,Whitestone,Boro Zone,false,0.03673397173629387,252_pickup
253,dropoff,2023,2,552,6.313548046277095,0,Queens,Willets Point,Boro Zone,false,0.03673705525021695,253_dropoff
253,dropoff,2023,3,666,6.501289670540389,0,Queens,Willets Point,Boro Zone,false,0.03673705525021695,253_dropoff
253,dropoff,2023,4,1052,6.9584483932976555,0,Queens,Willets Point,Boro Zone,false,0.03673705525021695,253_dropoff
253,dropoff,2023,5,1187,7.079184394609668,0,Queens,Willets Point,Boro Zone,false,0.03673705525021695,253_dropoff
253,dropoff,2024,2,540,6.29156913955832,1,Queens,Willets Point,Boro Zone,false,0.03673705525021695,253_dropoff
253,dropoff,2024,3,769,6.645090969505644,1,Queens,Willets Point,Boro Zone,false,0.03673705525021695,253_dropoff
253,dropoff,2024,4,839,6.732210706467206,1,Queens,Willets Point,Boro Zone,false,0.03673705525021695,253_dropoff
253,dropoff,2024,5,1014,6.921658184151129,1,Queens,Willets Point,Boro Zone,false,0.03673705525021695,253_dropoff
253,pickup,2023,2,523,6.259581464064923,0,Queens,Willets Point,Boro Zone,false,0.07541089268449887,253_pickup
253,pickup,2023,3,634,6.452048954437226,0,Queens,Willets Point,Boro Zone,false,0.07541089268449887,253_pickup
253,pickup,2023,4,929,6.834108738813838,0,Queens,Willets Point,Boro Zone,false,0.07541089268449887,253_pickup
253,pickup,2023,5,1017,6.92461239604856,0,Queens,Willets Point,Boro Zone,false,0.07541089268449887,253_pickup
253,pickup,2024,2,422,6.045005314036012,1,Queens,Willets Point,Boro Zone,false,0.07541089268449887,253_pickup
253,pickup,2024,3,644,6.467698726104354,1,Queens,Willets Point,Boro Zone,false,0.07541089268449887,253_pickup
253,pickup,2024,4,762,6.635946555686647,1,Queens,Willets Point,Boro Zone,false,0.07541089268449887,253_pickup
253,pickup,2024,5,882,6.782192056006791,1,Queens,Willets Point,Boro Zone,false,0.07541089268449887,253_pickup
254,dropoff,2023,2,70150,11.158391085530607,0,Bronx,Williamsbridge/Olinville,Boro Zone,false,0.02707360956243442,254_dropoff
254,dropoff,2023,3,82712,11.323119973266529,0,Bronx,Williamsbridge/Olinville,Boro Zone,false,0.02707360956243442,254_dropoff
254,dropoff,2023,4,73774,11.208761644992062,0,Bronx,Williamsbridge/Olinville,Boro Zone,false,0.02707360956243442,254_dropoff
254,dropoff,2023,5,77387,11.256574086814853,0,Bronx,Williamsbridge/Olinville,Boro Zone,false,0.02707360956243442,254_dropoff
254,dropoff,2024,2,78120,11.266001384990615,1,Bronx,Williamsbridge/Olinville,Boro Zone,false,0.02707360956243442,254_dropoff
254,dropoff,2024,3,89212,11.398770838667849,1,Bronx,Williamsbridge/Olinville,Boro Zone,false,0.02707360956243442,254_dropoff
254,dropoff,2024,4,81092,11.303339591588085,1,Bronx,Williamsbridge/Olinville,Boro Zone,false,0.02707360956243442,254_dropoff
254,dropoff,2024,5,83005,11.326656125928176,1,Bronx,Williamsbridge/Olinville,Boro Zone,false,0.02707360956243442,254_dropoff
254,pickup,2023,2,81281,11.305667565886232,0,Bronx,Williamsbridge/Olinville,Boro Zone,false,0.022912116396270832,254_pickup
254,pickup,2023,3,95238,11.464134300800296,0,Bronx,Williamsbridge/Olinville,Boro Zone,false,0.022912116396270832,254_pickup
254,pickup,2023,4,86104,11.363311146944135,0,Bronx,Williamsbridge/Olinville,Boro Zone,false,0.022912116396270832,254_pickup
254,pickup,2023,5,90378,11.41175615393087,0,Bronx,Williamsbridge/Olinville,Boro Zone,false,0.022912116396270832,254_pickup
254,pickup,2024,2,91666,11.42590681522688,1,Bronx,Williamsbridge/Olinville,Boro Zone,false,0.022912116396270832,254_pickup
254,pickup,2024,3,103614,11.548427734812725,1,Bronx,Williamsbridge/Olinville,Boro Zone,false,0.022912116396270832,254_pickup
254,pickup,2024,4,93840,11.449346483327357,1,Bronx,Williamsbridge/Olinville,Boro Zone,false,0.022912116396270832,254_pickup
254,pickup,2024,5,95607,11.468001318116233,1,Bronx,Williamsbridge/Olinville,Boro Zone,false,0.022912116396270832,254_pickup
255,dropoff,2023,2,170113,12.044218201095644,0,Brooklyn,Williamsburg (North Side),Boro Zone,false,0.2461675740579305,255_dropoff
255,dropoff,2023,3,187809,12.143180767930698,0,Brooklyn,Williamsburg (North Side),Boro Zone,false,0.2461675740579305,255_dropoff
255,dropoff,2023,4,189662,12.152998819568241,0,Brooklyn,Williamsburg (North Side),Boro Zone,false,0.2461675740579305,255_dropoff
255,dropoff,2023,5,181980,12.111652069910681,0,Brooklyn,Williamsburg (North Side),Boro Zone,false,0.2461675740579305,255_dropoff
255,dropoff,2024,2,172780,12.059774387912876,1,Brooklyn,Williamsburg (North Side),Boro Zone,false,0.2461675740579305,255_dropoff
255,dropoff,2024,3,199528,12.203709856340986,1,Brooklyn,Williamsburg (North Side),Boro Zone,false,0.2461675740579305,255_dropoff
255,dropoff,2024,4,186005,12.133528834054461,1,Brooklyn,Williamsburg (North Side),Boro Zone,false,0.2461675740579305,255_dropoff
255,dropoff,2024,5,189359,12.151399963227576,1,Brooklyn,Williamsburg (North Side),Boro Zone,false,0.2461675740579305,255_dropoff
255,pickup,2023,2,181734,12.110299358508254,0,Brooklyn,Williamsburg (North Side),Boro Zone,false,0.21801100322060987,255_pickup
255,pickup,2023,3,201773,12.21489858211272,0,Brooklyn,Williamsburg (North Side),Boro Zone,false,0.21801100322060987,255_pickup
255,pickup,2023,4,204158,12.226649482852334,0,Brooklyn,Williamsburg (North Side),Boro Zone,false,0.21801100322060987,255_pickup
255,pickup,2023,5,198832,12.200215526045776,0,Brooklyn,Williamsburg (North Side),Boro Zone,false,0.21801100322060987,255_pickup
255,pickup,2024,2,188241,12.145478335754325,1,Brooklyn,Williamsburg (North Side),Boro Zone,false,0.21801100322060987,255_pickup
255,pickup,2024,3,217963,12.292080602595705,1,Brooklyn,Williamsburg (North Side),Boro Zone,false,0.21801100322060987,255_pickup
255,pickup,2024,4,203621,12.224015701758056,1,Brooklyn,Williamsburg (North Side),Boro Zone,false,0.21801100322060987,255_pickup
255,pickup,2024,5,209262,12.251342334377657,1,Brooklyn,Williamsburg (North Side),Boro Zone,false,0.21801100322060987,255_pickup
256,dropoff,2023,2,141871,11.862673472987751,0,Brooklyn,Williamsburg (South Side),Boro Zone,false,0.26955910869966365,256_dropoff
256,dropoff,2023,3,160084,11.98345395645168,0,Brooklyn,Williamsburg (South Side),Boro Zone,false,0.26955910869966365,256_dropoff
256,dropoff,2023,4,157371,11.966361354026013,0,Brooklyn,Williamsburg (South Side),Boro Zone,false,0.26955910869966365,256_dropoff
256,dropoff,2023,5,158468,11.97330795917191,0,Brooklyn,Williamsburg (South Side),Boro Zone,false,0.26955910869966365,256_dropoff
256,dropoff,2024,2,154213,11.946090042653786,1,Brooklyn,Williamsburg (South Side),Boro Zone,false,0.26955910869966365,256_dropoff
256,dropoff,2024,3,169268,12.039238536670556,1,Brooklyn,Williamsburg (South Side),Boro Zone,false,0.26955910869966365,256_dropoff
256,dropoff,2024,4,151724,11.929818359810692,1,Brooklyn,Williamsburg (South Side),Boro Zone,false,0.26955910869966365,256_dropoff
256,dropoff,2024,5,161648,11.993176410667514,1,Brooklyn,Williamsburg (South Side),Boro Zone,false,0.26955910869966365,256_dropoff
256,pickup,2023,2,149281,11.91358571487974,0,Brooklyn,Williamsburg (South Side),Boro Zone,false,0.2255783146368544,256_pickup
256,pickup,2023,3,167943,12.03137991510069,0,Brooklyn,Williamsburg (South Side),Boro Zone,false,0.2255783146368544,256_pickup
256,pickup,2023,4,167178,12.0268143920281,0,Brooklyn,Williamsburg (South Side),Boro Zone,false,0.2255783146368544,256_pickup
256,pickup,2023,5,168573,12.035124169376983,0,Brooklyn,Williamsburg (South Side),Boro Zone,false,0.2255783146368544,256_pickup
256,pickup,2024,2,162316,11.997300331514937,1,Brooklyn,Williamsburg (South Side),Boro Zone,false,0.2255783146368544,256_pickup
256,pickup,2024,3,178320,12.091334968059751,1,Brooklyn,Williamsburg (South Side),Boro Zone,false,0.2255783146368544,256_pickup
256,pickup,2024,4,161312,11.991095656882358,1,Brooklyn,Williamsburg (South Side),Boro Zone,false,0.2255783146368544,256_pickup
256,pickup,2024,5,172899,12.060462887964663,1,Brooklyn,Williamsburg (South Side),Boro Zone,false,0.2255783146368544,256_pickup
257,dropoff,2023,2,26496,10.184749057184986,0,Brooklyn,Windsor Terrace,Boro Zone,false,0.14258163941765462,257_dropoff
257,dropoff,2023,3,30497,10.32538359710204,0,Brooklyn,Windsor Terrace,Boro Zone,false,0.14258163941765462,257_dropoff
257,dropoff,2023,4,28403,10.254250052373257,0,Brooklyn,Windsor Terrace,Boro Zone,false,0.14258163941765462,257_dropoff
257,dropoff,2023,5,30755,10.333807861642468,0,Brooklyn,Windsor Terrace,Boro Zone,false,0.14258163941765462,257_dropoff
257,dropoff,2024,2,30543,10.326890805775305,1,Brooklyn,Windsor Terrace,Boro Zone,false,0.14258163941765462,257_dropoff
257,dropoff,2024,3,34293,10.442696530693889,1,Brooklyn,Windsor Terrace,Boro Zone,false,0.14258163941765462,257_dropoff
257,dropoff,2024,4,31015,10.342226237407218,1,Brooklyn,Windsor Terrace,Boro Zone,false,0.14258163941765462,257_dropoff
257,dropoff,2024,5,32982,10.403717237088715,1,Brooklyn,Windsor Terrace,Boro Zone,false,0.14258163941765462,257_dropoff
257,pickup,2023,2,24924,10.123586473664112,0,Brooklyn,Windsor Terrace,Boro Zone,false,0.11758698665110512,257_pickup
257,pickup,2023,3,28421,10.25488358752045,0,Brooklyn,Windsor Terrace,Boro Zone,false,0.11758698665110512,257_pickup
257,pickup,2023,4,27603,10.22567974145047,0,Brooklyn,Windsor Terrace,Boro Zone,false,0.11758698665110512,257_pickup
257,pickup,2023,5,28724,10.265488289230207,0,Brooklyn,Windsor Terrace,Boro Zone,false,0.11758698665110512,257_pickup
257,pickup,2024,2,27655,10.227561822428779,1,Brooklyn,Windsor Terrace,Boro Zone,false,0.11758698665110512,257_pickup
257,pickup,2024,3,31090,10.344641503052799,1,Brooklyn,Windsor Terrace,Boro Zone,false,0.11758698665110512,257_pickup
257,pickup,2024,4,28025,10.24085224794036,1,Brooklyn,Windsor Terrace,Boro Zone,false,0.11758698665110512,257_pickup
257,pickup,2024,5,30241,10.316953898529778,1,Brooklyn,Windsor Terrace,Boro Zone,false,0.11758698665110512,257_pickup
258,dropoff,2023,2,48794,10.795362633462494,0,Queens,Woodhaven,Boro Zone,false,0.03916533205085703,258_dropoff
258,dropoff,2023,3,57187,10.954081878810257,0,Queens,Woodhaven,Boro Zone,false,0.03916533205085703,258_dropoff
258,dropoff,2023,4,52479,10.868168368558376,0,Queens,Woodhaven,Boro Zone,false,0.03916533205085703,258_dropoff
258,dropoff,2023,5,55709,10.92789699275503,0,Queens,Woodhaven,Boro Zone,false,0.03916533205085703,258_dropoff
258,dropoff,2024,2,55277,10.920112187793817,1,Queens,Woodhaven,Boro Zone,false,0.03916533205085703,258_dropoff
258,dropoff,2024,3,62581,11.044216996641383,1,Queens,Woodhaven,Boro Zone,false,0.03916533205085703,258_dropoff
258,dropoff,2024,4,57089,10.952366732602407,1,Queens,Woodhaven,Boro Zone,false,0.03916533205085703,258_dropoff
258,dropoff,2024,5,60579,11.011703577346932,1,Queens,Woodhaven,Boro Zone,false,0.03916533205085703,258_dropoff
258,pickup,2023,2,53249,10.882734304052615,0,Queens,Woodhaven,Boro Zone,false,0.031618974783846364,258_pickup
258,pickup,2023,3,62853,11.048553945576122,0,Queens,Woodhaven,Boro Zone,false,0.031618974783846364,258_pickup
258,pickup,2023,4,58104,10.969989787286003,0,Queens,Woodhaven,Boro Zone,false,0.031618974783846364,258_pickup
258,pickup,2023,5,61159,11.021232309353408,0,Queens,Woodhaven,Boro Zone,false,0.031618974783846364,258_pickup
258,pickup,2024,2,60405,11.008827161953665,1,Queens,Woodhaven,Boro Zone,false,0.031618974783846364,258_pickup
258,pickup,2024,3,68704,11.137562700678508,1,Queens,Woodhaven,Boro Zone,false,0.031618974783846364,258_pickup
258,pickup,2024,4,62676,11.045733878224299,1,Queens,Woodhaven,Boro Zone,false,0.031618974783846364,258_pickup
258,pickup,2024,5,65903,11.09593924297492,1,Queens,Woodhaven,Boro Zone,false,0.031618974783846364,258_pickup
259,dropoff,2023,2,41825,10.641249525855025,0,Bronx,Woodlawn/Wakefield,Boro Zone,false,0.04203992343450916,259_dropoff
259,dropoff,2023,3,49495,10.809626933353908,0,Bronx,Woodlawn/Wakefield,Boro Zone,false,0.04203992343450916,259_dropoff
259,dropoff,2023,4,44895,10.712081708954909,0,Bronx,Woodlawn/Wakefield,Boro Zone,false,0.04203992343450916,259_dropoff
259,dropoff,2023,5,46635,10.750106611160964,0,Bronx,Woodlawn/Wakefield,Boro Zone,false,0.04203992343450916,259_dropoff
259,dropoff,2024,2,48554,10.790431859615053,1,Bronx,Woodlawn/Wakefield,Boro Zone,false,0.04203992343450916,259_dropoff
259,dropoff,2024,3,54070,10.898034782376051,1,Bronx,Woodlawn/Wakefield,Boro Zone,false,0.04203992343450916,259_dropoff
259,dropoff,2024,4,50732,10.83431215418732,1,Bronx,Woodlawn/Wakefield,Boro Zone,false,0.04203992343450916,259_dropoff
259,dropoff,2024,5,50820,10.836045256874154,1,Bronx,Woodlawn/Wakefield,Boro Zone,false,0.04203992343450916,259_dropoff
259,pickup,2023,2,52605,10.870566451242388,0,Bronx,Woodlawn/Wakefield,Boro Zone,false,0.02643518341348505,259_pickup
259,pickup,2023,3,63361,11.056603809192042,0,Bronx,Woodlawn/Wakefield,Boro Zone,false,0.02643518341348505,259_pickup
259,pickup,2023,4,58495,10.976696559481702,0,Bronx,Woodlawn/Wakefield,Boro Zone,false,0.02643518341348505,259_pickup
259,pickup,2023,5,60718,11.013995473450624,0,Bronx,Woodlawn/Wakefield,Boro Zone,false,0.02643518341348505,259_pickup
259,pickup,2024,2,61312,11.023730861330533,1,Bronx,Woodlawn/Wakefield,Boro Zone,false,0.02643518341348505,259_pickup
259,pickup,2024,3,68556,11.135406208512462,1,Bronx,Woodlawn/Wakefield,Boro Zone,false,0.02643518341348505,259_pickup
259,pickup,2024,4,63501,11.05881093278828,1,Bronx,Woodlawn/Wakefield,Boro Zone,false,0.02643518341348505,259_pickup
259,pickup,2024,5,65202,11.085245422290907,1,Bronx,Woodlawn/Wakefield,Boro Zone,false,0.02643518341348505,259_pickup
260,dropoff,2023,2,73487,11.204863798809154,0,Queens,Woodside,Boro Zone,false,0.08052716006668134,260_dropoff
260,dropoff,2023,3,82224,11.317202509232011,0,Queens,Woodside,Boro Zone,false,0.08052716006668134,260_dropoff
260,dropoff,2023,4,78981,11.276962596193759,0,Queens,Woodside,Boro Zone,false,0.08052716006668134,260_dropoff
260,dropoff,2023,5,83238,11.32945925330878,0,Queens,Woodside,Boro Zone,false,0.08052716006668134,260_dropoff
260,dropoff,2024,2,81091,11.303327259839381,1,Queens,Woodside,Boro Zone,false,0.08052716006668134,260_dropoff
260,dropoff,2024,3,91450,11.423547653819012,1,Queens,Woodside,Boro Zone,false,0.08052716006668134,260_dropoff
260,dropoff,2024,4,84111,11.33989263407853,1,Queens,Woodside,Boro Zone,false,0.08052716006668134,260_dropoff
260,dropoff,2024,5,89453,11.401468626664016,1,Queens,Woodside,Boro Zone,false,0.08052716006668134,260_dropoff
260,pickup,2023,2,73185,11.200745760918048,0,Queens,Woodside,Boro Zone,false,0.07111357354914538,260_pickup
260,pickup,2023,3,80429,11.29513008664912,0,Queens,Woodside,Boro Zone,false,0.07111357354914538,260_pickup
260,pickup,2023,4,77635,11.25977363541527,0,Queens,Woodside,Boro Zone,false,0.07111357354914538,260_pickup
260,pickup,2023,5,80998,11.302179741991715,0,Queens,Woodside,Boro Zone,false,0.07111357354914538,260_pickup
260,pickup,2024,2,78749,11.274020858194556,1,Queens,Woodside,Boro Zone,false,0.07111357354914538,260_pickup
260,pickup,2024,3,89276,11.399487973744076,1,Queens,Woodside,Boro Zone,false,0.07111357354914538,260_pickup
260,pickup,2024,4,81656,11.310270580083335,1,Queens,Woodside,Boro Zone,false,0.07111357354914538,260_pickup
260,pickup,2024,5,87104,11.374858086011137,1,Queens,Woodside,Boro Zone,false,0.07111357354914538,260_pickup
261,dropoff,2023,2,64805,11.079138039857476,0,Manhattan,World Trade Center,Yellow Zone,true,1.0,261_dropoff
261,dropoff,2023,3,75259,11.228690776788357,0,Manhattan,World Trade Center,Yellow Zone,true,1.0,261_dropoff
261,dropoff,2023,4,72848,11.196130357574564,0,Manhattan,World Trade Center,Yellow Zone,true,1.0,261_dropoff
261,dropoff,2023,5,74631,11.220311249472886,0,Manhattan,World Trade Center,Yellow Zone,true,1.0,261_dropoff
261,dropoff,2024,2,68900,11.14041145700175,1,Manhattan,World Trade Center,Yellow Zone,true,1.0,261_dropoff
261,dropoff,2024,3,76938,11.25075518168717,1,Manhattan,World Trade Center,Yellow Zone,true,1.0,261_dropoff
261,dropoff,2024,4,71642,11.179436773149567,1,Manhattan,World Trade Center,Yellow Zone,true,1.0,261_dropoff
261,dropoff,2024,5,75062,11.226069717684418,1,Manhattan,World Trade Center,Yellow Zone,true,1.0,261_dropoff
261,pickup,2023,2,66312,11.102126155271362,0,Manhattan,World Trade Center,Yellow Zone,true,1.0,261_pickup
261,pickup,2023,3,77720,11.260867903491377,0,Manhattan,World Trade Center,Yellow Zone,true,1.0,261_pickup
261,pickup,2023,4,73565,11.205924648132047,0,Manhattan,World Trade Center,Yellow Zone,true,1.0,261_pickup
261,pickup,2023,5,76225,11.241444771856456,0,Manhattan,World Trade Center,Yellow Zone,true,1.0,261_pickup
261,pickup,2024,2,69066,11.142817848143117,1,Manhattan,World Trade Center,Yellow Zone,true,1.0,261_pickup
261,pickup,2024,3,77696,11.260559054979115,1,Manhattan,World Trade Center,Yellow Zone,true,1.0,261_pickup
261,pickup,2024,4,72888,11.196679295393695,1,Manhattan,World Trade Center,Yellow Zone,true,1.0,261_pickup
261,pickup,2024,5,77845,11.262474949123774,1,Manhattan,World Trade Center,Yellow Zone,true,1.0,261_pickup
262,dropoff,2023,2,61912,11.033469300950294,0,Manhattan,Yorkville East,Yellow Zone,false,0.3880941196566597,262_dropoff
262,dropoff,2023,3,66160,11.099831329697572,0,Manhattan,Yorkville East,Yellow Zone,false,0.3880941196566597,262_dropoff
262,dropoff,2023,4,64739,11.078119080959949,0,Manhattan,Yorkville East,Yellow Zone,false,0.3880941196566597,262_dropoff
262,dropoff,2023,5,64776,11.07869044336595,0,Manhattan,Yorkville East,Yellow Zone,false,0.3880941196566597,262_dropoff
262,dropoff,2024,2,61940,11.033921453527194,1,Manhattan,Yorkville East,Yellow Zone,false,0.3880941196566597,262_dropoff
262,dropoff,2024,3,64048,11.067388081232355,1,Manhattan,Yorkville East,Yellow Zone,false,0.3880941196566597,262_dropoff
262,dropoff,2024,4,62366,11.040775534066068,1,Manhattan,Yorkville East,Yellow Zone,false,0.3880941196566597,262_dropoff
262,dropoff,2024,5,64070,11.067731514633067,1,Manhattan,Yorkville East,Yellow Zone,false,0.3880941196566597,262_dropoff
262,pickup,2023,2,73822,11.209412069145728,0,Manhattan,Yorkville East,Yellow Zone,false,0.3868230042675534,262_pickup
262,pickup,2023,3,80004,11.28983191240606,0,Manhattan,Yorkville East,Yellow Zone,false,0.3868230042675534,262_pickup
262,pickup,2023,4,78029,11.264835831444937,0,Manhattan,Yorkville East,Yellow Zone,false,0.3868230042675534,262_pickup
262,pickup,2023,5,79096,11.278417583576969,0,Manhattan,Yorkville East,Yellow Zone,false,0.3868230042675534,262_pickup
262,pickup,2024,2,73716,11.207975150951928,1,Manhattan,Yorkville East,Yellow Zone,false,0.3868230042675534,262_pickup
262,pickup,2024,3,75796,11.235800799789505,1,Manhattan,Yorkville East,Yellow Zone,false,0.3868230042675534,262_pickup
262,pickup,2024,4,74036,11.212306740376608,1,Manhattan,Yorkville East,Yellow Zone,false,0.3868230042675534,262_pickup
262,pickup,2024,5,76851,11.249623761243825,1,Manhattan,Yorkville East,Yellow Zone,false,0.3868230042675534,262_pickup
263,dropoff,2023,2,98113,11.493875154612681,0,Manhattan,Yorkville West,Yellow Zone,false,0.39101189097078454,263_dropoff
263,dropoff,2023,3,104885,11.56061979083289,0,Manhattan,Yorkville West,Yellow Zone,false,0.39101189097078454,263_dropoff
263,dropoff,2023,4,100479,11.517704029423202,0,Manhattan,Yorkville West,Yellow Zone,false,0.39101189097078454,263_dropoff
263,dropoff,2023,5,97920,11.491906097746153,0,Manhattan,Yorkville West,Yellow Zone,false,0.39101189097078454,263_dropoff
263,dropoff,2024,2,100890,11.521786093402424,1,Manhattan,Yorkville West,Yellow Zone,false,0.39101189097078454,263_dropoff
263,dropoff,2024,3,104673,11.558596483945792,1,Manhattan,Yorkville West,Yellow Zone,false,0.39101189097078454,263_dropoff
263,dropoff,2024,4,97776,11.490434427134696,1,Manhattan,Yorkville West,Yellow Zone,false,0.39101189097078454,263_dropoff
263,dropoff,2024,5,99519,11.508103859691012,1,Manhattan,Yorkville West,Yellow Zone,false,0.39101189097078454,263_dropoff
263,pickup,2023,2,104980,11.56152513480629,0,Manhattan,Yorkville West,Yellow Zone,false,0.3408723969022795,263_pickup
263,pickup,2023,3,115131,11.653825889463395,0,Manhattan,Yorkville West,Yellow Zone,false,0.3408723969022795,263_pickup
263,pickup,2023,4,110024,11.608453802794545,0,Manhattan,Yorkville West,Yellow Zone,false,0.3408723969022795,263_pickup
263,pickup,2023,5,108381,11.59340807587215,0,Manhattan,Yorkville West,Yellow Zone,false,0.3408723969022795,263_pickup
263,pickup,2024,2,108649,11.595877781776597,1,Manhattan,Yorkville West,Yellow Zone,false,0.3408723969022795,263_pickup
263,pickup,2024,3,114543,11.648705577328267,1,Manhattan,Yorkville West,Yellow Zone,false,0.3408723969022795,263_pickup
263,pickup,2024,4,107009,11.580668222056348,1,Manhattan,Yorkville West,Yellow Zone,false,0.3408723969022795,263_pickup
263,pickup,2024,5,110675,11.614353257600342,1,Manhattan,Yorkville West,Yellow Zone,false,0.3408723969022795,263_pickup
265,dropoff,2023,2,682373,13.433331708140031,0,N/A,Outside of NYC,N/A,false,0.3667183177391784,265_dropoff
265,dropoff,2023,3,800100,13.592491998838215,0,N/A,Outside of NYC,N/A,false,0.3667183177391784,265_dropoff
265,dropoff,2023,4,779392,13.56626940752819,0,N/A,Outside of NYC,N/A,false,0.3667183177391784,265_dropoff
265,dropoff,2023,5,841007,13.64235526234494,0,N/A,Outside of NYC,N/A,false,0.3667183177391784,265_dropoff
265,dropoff,2024,2,753417,13.53237413836034,1,N/A,Outside of NYC,N/A,false,0.3667183177391784,265_dropoff
265,dropoff,2024,3,832945,13.632722892558576,1,N/A,Outside of NYC,N/A,false,0.3667183177391784,265_dropoff
265,dropoff,2024,4,805532,13.59925820768779,1,N/A,Outside of NYC,N/A,false,0.3667183177391784,265_dropoff
265,dropoff,2024,5,872692,13.679337966156252,1,N/A,Outside of NYC,N/A,false,0.3667183177391784,265_dropoff
265,pickup,2023,2,890,6.7912214627261855,0,N/A,Outside of NYC,N/A,false,0.03375959079283888,265_pickup
265,pickup,2023,3,1049,6.955592608396297,0,N/A,Outside of NYC,N/A,false,0.03375959079283888,265_pickup
265,pickup,2023,4,991,6.898714534329988,0,N/A,Outside of NYC,N/A,false,0.03375959079283888,265_pickup
265,pickup,2023,5,980,6.887552571664617,0,N/A,Outside of NYC,N/A,false,0.03375959079283888,265_pickup
265,pickup,2024,2,737,6.602587892189336,1,N/A,Outside of NYC,N/A,false,0.03375959079283888,265_pickup
265,pickup,2024,3,796,6.679599185844383,1,N/A,Outside of NYC,N/A,false,0.03375959079283888,265_pickup
265,pickup,2024,4,769,6.645090969505644,1,N/A,Outside of NYC,N/A,false,0.03375959079283888,265_pickup
265,pickup,2024,5,841,6.734591659972948,1,N/A,Outside of NYC,N/A,false,0.03375959079283888,265_pickup
