vehicle,zone,direction,year,month,n_trips,Borough,zone_name,crz_zone,charged_share
hvfhv,1,dropoff,2024,2,127130,EWR,Newark Airport,false,0.6713
hvfhv,1,dropoff,2024,3,141384,EWR,Newark Airport,false,0.6713
hvfhv,1,dropoff,2024,4,142899,EWR,Newark Airport,false,0.6713
hvfhv,1,dropoff,2024,5,155973,EWR,Newark Airport,false,0.6713
hvfhv,1,dropoff,2024,6,139637,EWR,Newark Airport,false,0.6713
hvfhv,1,dropoff,2025,2,135871,EWR,Newark Airport,false,0.6713
hvfhv,1,dropoff,2025,3,156031,EWR,Newark Airport,false,0.6713
hvfhv,1,dropoff,2025,4,132711,EWR,Newark Airport,false,0.6713
hvfhv,1,dropoff,2025,5,130494,EWR,Newark Airport,false,0.6713
hvfhv,1,dropoff,2025,6,134053,EWR,Newark Airport,false,0.6713
hvfhv,1,pickup,2024,2,1,EWR,Newark Airport,false,0.0
hvfhv,1,pickup,2024,4,1,EWR,Newark Airport,false,0.0
hvfhv,1,pickup,2024,5,1,EWR,Newark Airport,false,0.0
hvfhv,1,pickup,2025,2,1,EWR,Newark Airport,false,0.0
hvfhv,1,pickup,2025,3,2,EWR,Newark Airport,false,0.0
hvfhv,2,dropoff,2024,2,34,Queens,Jamaica Bay,false,0.0789
hvfhv,2,dropoff,2024,3,33,Queens,Jamaica Bay,false,0.0789
hvfhv,2,dropoff,2024,4,53,Queens,Jamaica Bay,false,0.0789
hvfhv,2,dropoff,2024,5,73,Queens,Jamaica Bay,false,0.0789
hvfhv,2,dropoff,2024,6,73,Queens,Jamaica Bay,false,0.0789
hvfhv,2,dropoff,2025,2,17,Queens,Jamaica Bay,false,0.0789
hvfhv,2,dropoff,2025,3,35,Queens,Jamaica Bay,false,0.0789
hvfhv,2,dropoff,2025,4,67,Queens,Jamaica Bay,false,0.0789
hvfhv,2,dropoff,2025,5,74,Queens,Jamaica Bay,false,0.0789
hvfhv,2,dropoff,2025,6,58,Queens,Jamaica Bay,false,0.0789
hvfhv,2,pickup,2024,2,26,Queens,Jamaica Bay,false,0.0606
hvfhv,2,pickup,2024,3,31,Queens,Jamaica Bay,false,0.0606
hvfhv,2,pickup,2024,4,49,Queens,Jamaica Bay,false,0.0606
hvfhv,2,pickup,2024,5,58,Queens,Jamaica Bay,false,0.0606
hvfhv,2,pickup,2024,6,67,Queens,Jamaica Bay,false,0.0606
hvfhv,2,pickup,2025,2,20,Queens,Jamaica Bay,false,0.0606
hvfhv,2,pickup,2025,3,40,Queens,Jamaica Bay,false,0.0606
hvfhv,2,pickup,2025,4,52,Queens,Jamaica Bay,false,0.0606
hvfhv,2,pickup,2025,5,70,Queens,Jamaica Bay,false,0.0606
hvfhv,2,pickup,2025,6,64,Queens,Jamaica Bay,false,0.0606
hvfhv,3,dropoff,2024,2,40392,Bronx,Allerton/Pelham Gardens,false,0.0277
hvfhv,3,dropoff,2024,3,44472,Bronx,Allerton/Pelham Gardens,false,0.0277
hvfhv,3,dropoff,2024,4,41197,Bronx,Allerton/Pelham Gardens,false,0.0277
hvfhv,3,dropoff,2024,5,43080,Bronx,Allerton/Pelham Gardens,false,0.0277
hvfhv,3,dropoff,2024,6,40832,Bronx,Allerton/Pelham Gardens,false,0.0277
hvfhv,3,dropoff,2025,2,42410,Bronx,Allerton/Pelham Gardens,false,0.0277
hvfhv,3,dropoff,2025,3,45624,Bronx,Allerton/Pelham Gardens,false,0.0277
hvfhv,3,dropoff,2025,4,42925,Bronx,Allerton/Pelham Gardens,false,0.0277
hvfhv,3,dropoff,2025,5,46547,Bronx,Allerton/Pelham Gardens,false,0.0277
hvfhv,3,dropoff,2025,6,43823,Bronx,Allerton/Pelham Gardens,false,0.0277
hvfhv,3,pickup,2024,2,42752,Bronx,Allerton/Pelham Gardens,false,0.0216
hvfhv,3,pickup,2024,3,47175,Bronx,Allerton/Pelham Gardens,false,0.0216
hvfhv,3,pickup,2024,4,43754,Bronx,Allerton/Pelham Gardens,false,0.0216
hvfhv,3,pickup,2024,5,44486,Bronx,Allerton/Pelham Gardens,false,0.0216
hvfhv,3,pickup,2024,6,42516,Bronx,Allerton/Pelham Gardens,false,0.0216
hvfhv,3,pickup,2025,2,44173,Bronx,Allerton/Pelham Gardens,false,0.0216
hvfhv,3,pickup,2025,3,48073,Bronx,Allerton/Pelham Gardens,false,0.0216
hvfhv,3,pickup,2025,4,45525,Bronx,Allerton/Pelham Gardens,false,0.0216
hvfhv,3,pickup,2025,5,48625,Bronx,Allerton/Pelham Gardens,false,0.0216
hvfhv,3,pickup,2025,6,46417,Bronx,Allerton/Pelham Gardens,false,0.0216
hvfhv,4,dropoff,2024,2,55468,Manhattan,Alphabet City,true,1.0
hvfhv,4,dropoff,2024,3,58233,Manhattan,Alphabet City,true,1.0
hvfhv,4,dropoff,2024,4,52795,Manhattan,Alphabet City,true,1.0
hvfhv,4,dropoff,2024,5,53026,Manhattan,Alphabet City,true,1.0
hvfhv,4,dropoff,2024,6,51980,Manhattan,Alphabet City,true,1.0
hvfhv,4,dropoff,2025,2,50163,Manhattan,Alphabet City,true,1.0
hvfhv,4,dropoff,2025,3,50468,Manhattan,Alphabet City,true,1.0
hvfhv,4,dropoff,2025,4,48497,Manhattan,Alphabet City,true,1.0
hvfhv,4,dropoff,2025,5,49170,Manhattan,Alphabet City,true,1.0
hvfhv,4,dropoff,2025,6,43829,Manhattan,Alphabet City,true,1.0
hvfhv,4,pickup,2024,2,64363,Manhattan,Alphabet City,true,1.0
hvfhv,4,pickup,2024,3,68920,Manhattan,Alphabet City,true,1.0
hvfhv,4,pickup,2024,4,62653,Manhattan,Alphabet City,true,1.0
hvfhv,4,pickup,2024,5,63960,Manhattan,Alphabet City,true,1.0
hvfhv,4,pickup,2024,6,61458,Manhattan,Alphabet City,true,1.0
hvfhv,4,pickup,2025,2,59306,Manhattan,Alphabet City,true,1.0
hvfhv,4,pickup,2025,3,60062,Manhattan,Alphabet City,true,1.0
hvfhv,4,pickup,2025,4,57673,Manhattan,Alphabet City,true,1.0
hvfhv,4,pickup,2025,5,58634,Manhattan,Alphabet City,true,1.0
hvfhv,4,pickup,2025,6,52164,Manhattan,Alphabet City,true,1.0
hvfhv,5,dropoff,2024,2,4887,Staten Island,Arden Heights,false,0.0408
hvfhv,5,dropoff,2024,3,5605,Staten Island,Arden Heights,false,0.0408
hvfhv,5,dropoff,2024,4,5198,Staten Island,Arden Heights,false,0.0408
hvfhv,5,dropoff,2024,5,5491,Staten Island,Arden Heights,false,0.0408
hvfhv,5,dropoff,2024,6,5479,Staten Island,Arden Heights,false,0.0408
hvfhv,5,dropoff,2025,2,4854,Staten Island,Arden Heights,false,0.0408
hvfhv,5,dropoff,2025,3,5378,Staten Island,Arden Heights,false,0.0408
hvfhv,5,dropoff,2025,4,5059,Staten Island,Arden Heights,false,0.0408
hvfhv,5,dropoff,2025,5,5780,Staten Island,Arden Heights,false,0.0408
hvfhv,5,dropoff,2025,6,5701,Staten Island,Arden Heights,false,0.0408
hvfhv,5,pickup,2024,2,5300,Staten Island,Arden Heights,false,0.0202
hvfhv,5,pickup,2024,3,6022,Staten Island,Arden Heights,false,0.0202
hvfhv,5,pickup,2024,4,5681,Staten Island,Arden Heights,false,0.0202
hvfhv,5,pickup,2024,5,6225,Staten Island,Arden Heights,false,0.0202
hvfhv,5,pickup,2024,6,6222,Staten Island,Arden Heights,false,0.0202
hvfhv,5,pickup,2025,2,5487,Staten Island,Arden Heights,false,0.0202
hvfhv,5,pickup,2025,3,5879,Staten Island,Arden Heights,false,0.0202
hvfhv,5,pickup,2025,4,5465,Staten Island,Arden Heights,false,0.0202
hvfhv,5,pickup,2025,5,6271,Staten Island,Arden Heights,false,0.0202
hvfhv,5,pickup,2025,6,6150,Staten Island,Arden Heights,false,0.0202
hvfhv,6,dropoff,2024,2,10719,Staten Island,Arrochar/Fort Wadsworth,false,0.0431
hvfhv,6,dropoff,2024,3,12114,Staten Island,Arrochar/Fort Wadsworth,false,0.0431
hvfhv,6,dropoff,2024,4,11187,Staten Island,Arrochar/Fort Wadsworth,false,0.0431
hvfhv,6,dropoff,2024,5,12034,Staten Island,Arrochar/Fort Wadsworth,false,0.0431
hvfhv,6,dropoff,2024,6,11543,Staten Island,Arrochar/Fort Wadsworth,false,0.0431
hvfhv,6,dropoff,2025,2,11551,Staten Island,Arrochar/Fort Wadsworth,false,0.0431
hvfhv,6,dropoff,2025,3,12515,Staten Island,Arrochar/Fort Wadsworth,false,0.0431
hvfhv,6,dropoff,2025,4,12294,Staten Island,Arrochar/Fort Wadsworth,false,0.0431
hvfhv,6,dropoff,2025,5,12900,Staten Island,Arrochar/Fort Wadsworth,false,0.0431
hvfhv,6,dropoff,2025,6,12325,Staten Island,Arrochar/Fort Wadsworth,false,0.0431
hvfhv,6,pickup,2024,2,10000,Staten Island,Arrochar/Fort Wadsworth,false,0.0327
hvfhv,6,pickup,2024,3,11400,Staten Island,Arrochar/Fort Wadsworth,false,0.0327
hvfhv,6,pickup,2024,4,10362,Staten Island,Arrochar/Fort Wadsworth,false,0.0327
hvfhv,6,pickup,2024,5,11470,Staten Island,Arrochar/Fort Wadsworth,false,0.0327
hvfhv,6,pickup,2024,6,11231,Staten Island,Arrochar/Fort Wadsworth,false,0.0327
hvfhv,6,pickup,2025,2,10956,Staten Island,Arrochar/Fort Wadsworth,false,0.0327
hvfhv,6,pickup,2025,3,11944,Staten Island,Arrochar/Fort Wadsworth,false,0.0327
hvfhv,6,pickup,2025,4,11570,Staten Island,Arrochar/Fort Wadsworth,false,0.0327
hvfhv,6,pickup,2025,5,12658,Staten Island,Arrochar/Fort Wadsworth,false,0.0327
hvfhv,6,pickup,2025,6,11953,Staten Island,Arrochar/Fort Wadsworth,false,0.0327
hvfhv,7,dropoff,2024,2,179001,Queens,Astoria,false,0.1317
hvfhv,7,dropoff,2024,3,207500,Queens,Astoria,false,0.1317
hvfhv,7,dropoff,2024,4,186225,Queens,Astoria,false,0.1317
hvfhv,7,dropoff,2024,5,193683,Queens,Astoria,false,0.1317
hvfhv,7,dropoff,2024,6,191608,Queens,Astoria,false,0.1317
hvfhv,7,dropoff,2025,2,179822,Queens,Astoria,false,0.1317
hvfhv,7,dropoff,2025,3,192786,Queens,Astoria,false,0.1317
hvfhv,7,dropoff,2025,4,183885,Queens,Astoria,false,0.1317
hvfhv,7,dropoff,2025,5,205790,Queens,Astoria,false,0.1317
hvfhv,7,dropoff,2025,6,186630,Queens,Astoria,false,0.1317
hvfhv,7,pickup,2024,2,182008,Queens,Astoria,false,0.1006
hvfhv,7,pickup,2024,3,209733,Queens,Astoria,false,0.1006
hvfhv,7,pickup,2024,4,190542,Queens,Astoria,false,0.1006
hvfhv,7,pickup,2024,5,197617,Queens,Astoria,false,0.1006
hvfhv,7,pickup,2024,6,196548,Queens,Astoria,false,0.1006
hvfhv,7,pickup,2025,2,183832,Queens,Astoria,false,0.1006
hvfhv,7,pickup,2025,3,196342,Queens,Astoria,false,0.1006
hvfhv,7,pickup,2025,4,187052,Queens,Astoria,false,0.1006
hvfhv,7,pickup,2025,5,205719,Queens,Astoria,false,0.1006
hvfhv,7,pickup,2025,6,190650,Queens,Astoria,false,0.1006
hvfhv,8,dropoff,2024,2,410,Queens,Astoria Park,false,0.0672
hvfhv,8,dropoff,2024,3,572,Queens,Astoria Park,false,0.0672
hvfhv,8,dropoff,2024,4,849,Queens,Astoria Park,false,0.0672
hvfhv,8,dropoff,2024,5,873,Queens,Astoria Park,false,0.0672
hvfhv,8,dropoff,2024,6,1763,Queens,Astoria Park,false,0.0672
hvfhv,8,dropoff,2025,2,368,Queens,Astoria Park,false,0.0672
hvfhv,8,dropoff,2025,3,711,Queens,Astoria Park,false,0.0672
hvfhv,8,dropoff,2025,4,903,Queens,Astoria Park,false,0.0672
hvfhv,8,dropoff,2025,5,1205,Queens,Astoria Park,false,0.0672
hvfhv,8,dropoff,2025,6,2305,Queens,Astoria Park,false,0.0672
hvfhv,8,pickup,2024,2,501,Queens,Astoria Park,false,0.0763
hvfhv,8,pickup,2024,3,659,Queens,Astoria Park,false,0.0763
hvfhv,8,pickup,2024,4,746,Queens,Astoria Park,false,0.0763
hvfhv,8,pickup,2024,5,944,Queens,Astoria Park,false,0.0763
hvfhv,8,pickup,2024,6,1527,Queens,Astoria Park,false,0.0763
hvfhv,8,pickup,2025,2,385,Queens,Astoria Park,false,0.0763
hvfhv,8,pickup,2025,3,587,Queens,Astoria Park,false,0.0763
hvfhv,8,pickup,2025,4,711,Queens,Astoria Park,false,0.0763
hvfhv,8,pickup,2025,5,928,Queens,Astoria Park,false,0.0763
hvfhv,8,pickup,2025,6,1294,Queens,Astoria Park,false,0.0763
hvfhv,9,dropoff,2024,2,15989,Queens,Auburndale,false,0.0453
hvfhv,9,dropoff,2024,3,17617,Queens,Auburndale,false,0.0453
hvfhv,9,dropoff,2024,4,16572,Queens,Auburndale,false,0.0453
hvfhv,9,dropoff,2024,5,18726,Queens,Auburndale,false,0.0453
hvfhv,9,dropoff,2024,6,17474,Queens,Auburndale,false,0.0453
hvfhv,9,dropoff,2025,2,16282,Queens,Auburndale,false,0.0453
hvfhv,9,dropoff,2025,3,17977,Queens,Auburndale,false,0.0453
hvfhv,9,dropoff,2025,4,17262,Queens,Auburndale,false,0.0453
hvfhv,9,dropoff,2025,5,19569,Queens,Auburndale,false,0.0453
hvfhv,9,dropoff,2025,6,18616,Queens,Auburndale,false,0.0453
hvfhv,9,pickup,2024,2,15795,Queens,Auburndale,false,0.0299
hvfhv,9,pickup,2024,3,17614,Queens,Auburndale,false,0.0299
hvfhv,9,pickup,2024,4,16272,Queens,Auburndale,false,0.0299
hvfhv,9,pickup,2024,5,18285,Queens,Auburndale,false,0.0299
hvfhv,9,pickup,2024,6,17546,Queens,Auburndale,false,0.0299
hvfhv,9,pickup,2025,2,16627,Queens,Auburndale,false,0.0299
hvfhv,9,pickup,2025,3,18336,Queens,Auburndale,false,0.0299
hvfhv,9,pickup,2025,4,17701,Queens,Auburndale,false,0.0299
hvfhv,9,pickup,2025,5,20029,Queens,Auburndale,false,0.0299
hvfhv,9,pickup,2025,6,19360,Queens,Auburndale,false,0.0299
hvfhv,10,dropoff,2024,2,50122,Queens,Baisley Park,false,0.0247
hvfhv,10,dropoff,2024,3,57653,Queens,Baisley Park,false,0.0247
hvfhv,10,dropoff,2024,4,52913,Queens,Baisley Park,false,0.0247
hvfhv,10,dropoff,2024,5,57726,Queens,Baisley Park,false,0.0247
hvfhv,10,dropoff,2024,6,55806,Queens,Baisley Park,false,0.0247
hvfhv,10,dropoff,2025,2,52290,Queens,Baisley Park,false,0.0247
hvfhv,10,dropoff,2025,3,57760,Queens,Baisley Park,false,0.0247
hvfhv,10,dropoff,2025,4,56147,Queens,Baisley Park,false,0.0247
hvfhv,10,dropoff,2025,5,61865,Queens,Baisley Park,false,0.0247
hvfhv,10,dropoff,2025,6,59631,Queens,Baisley Park,false,0.0247
hvfhv,10,pickup,2024,2,60175,Queens,Baisley Park,false,0.018
hvfhv,10,pickup,2024,3,68292,Queens,Baisley Park,false,0.018
hvfhv,10,pickup,2024,4,63324,Queens,Baisley Park,false,0.018
hvfhv,10,pickup,2024,5,67914,Queens,Baisley Park,false,0.018
hvfhv,10,pickup,2024,6,65738,Queens,Baisley Park,false,0.018
hvfhv,10,pickup,2025,2,61541,Queens,Baisley Park,false,0.018
hvfhv,10,pickup,2025,3,67887,Queens,Baisley Park,false,0.018
hvfhv,10,pickup,2025,4,65487,Queens,Baisley Park,false,0.018
hvfhv,10,pickup,2025,5,72525,Queens,Baisley Park,false,0.018
hvfhv,10,pickup,2025,6,70104,Queens,Baisley Park,false,0.018
hvfhv,11,dropoff,2024,2,20596,Brooklyn,Bath Beach,false,0.0572
hvfhv,11,dropoff,2024,3,22708,Brooklyn,Bath Beach,false,0.0572
hvfhv,11,dropoff,2024,4,21236,Brooklyn,Bath Beach,false,0.0572
hvfhv,11,dropoff,2024,5,21962,Brooklyn,Bath Beach,false,0.0572
hvfhv,11,dropoff,2024,6,21251,Brooklyn,Bath Beach,false,0.0572
hvfhv,11,dropoff,2025,2,21745,Brooklyn,Bath Beach,false,0.0572
hvfhv,11,dropoff,2025,3,23274,Brooklyn,Bath Beach,false,0.0572
hvfhv,11,dropoff,2025,4,21794,Brooklyn,Bath Beach,false,0.0572
hvfhv,11,dropoff,2025,5,23923,Brooklyn,Bath Beach,false,0.0572
hvfhv,11,dropoff,2025,6,24220,Brooklyn,Bath Beach,false,0.0572
hvfhv,11,pickup,2024,2,20769,Brooklyn,Bath Beach,false,0.0384
hvfhv,11,pickup,2024,3,23035,Brooklyn,Bath Beach,false,0.0384
hvfhv,11,pickup,2024,4,21042,Brooklyn,Bath Beach,false,0.0384
hvfhv,11,pickup,2024,5,22051,Brooklyn,Bath Beach,false,0.0384
hvfhv,11,pickup,2024,6,21383,Brooklyn,Bath Beach,false,0.0384
hvfhv,11,pickup,2025,2,21998,Brooklyn,Bath Beach,false,0.0384
hvfhv,11,pickup,2025,3,23797,Brooklyn,Bath Beach,false,0.0384
hvfhv,11,pickup,2025,4,22438,Brooklyn,Bath Beach,false,0.0384
hvfhv,11,pickup,2025,5,24371,Brooklyn,Bath Beach,false,0.0384
hvfhv,11,pickup,2025,6,23664,Brooklyn,Bath Beach,false,0.0384
hvfhv,12,dropoff,2024,2,2732,Manhattan,Battery Park,true,1.0
hvfhv,12,dropoff,2024,3,3672,Manhattan,Battery Park,true,1.0
hvfhv,12,dropoff,2024,4,3506,Manhattan,Battery Park,true,1.0
hvfhv,12,dropoff,2024,5,3930,Manhattan,Battery Park,true,1.0
hvfhv,12,dropoff,2024,6,4486,Manhattan,Battery Park,true,1.0
hvfhv,12,dropoff,2025,2,2554,Manhattan,Battery Park,true,1.0
hvfhv,12,dropoff,2025,3,3620,Manhattan,Battery Park,true,1.0
hvfhv,12,dropoff,2025,4,3340,Manhattan,Battery Park,true,1.0
hvfhv,12,dropoff,2025,5,3292,Manhattan,Battery Park,true,1.0
hvfhv,12,dropoff,2025,6,3920,Manhattan,Battery Park,true,1.0
hvfhv,12,pickup,2024,2,1781,Manhattan,Battery Park,true,1.0
hvfhv,12,pickup,2024,3,2300,Manhattan,Battery Park,true,1.0
hvfhv,12,pickup,2024,4,2375,Manhattan,Battery Park,true,1.0
hvfhv,12,pickup,2024,5,2490,Manhattan,Battery Park,true,1.0
hvfhv,12,pickup,2024,6,2702,Manhattan,Battery Park,true,1.0
hvfhv,12,pickup,2025,2,1322,Manhattan,Battery Park,true,1.0
hvfhv,12,pickup,2025,3,1824,Manhattan,Battery Park,true,1.0
hvfhv,12,pickup,2025,4,1949,Manhattan,Battery Park,true,1.0
hvfhv,12,pickup,2025,5,2210,Manhattan,Battery Park,true,1.0
hvfhv,12,pickup,2025,6,2380,Manhattan,Battery Park,true,1.0
hvfhv,13,dropoff,2024,2,78657,Manhattan,Battery Park City,true,1.0
hvfhv,13,dropoff,2024,3,84784,Manhattan,Battery Park City,true,1.0
hvfhv,13,dropoff,2024,4,83221,Manhattan,Battery Park City,true,1.0
hvfhv,13,dropoff,2024,5,84859,Manhattan,Battery Park City,true,1.0
hvfhv,13,dropoff,2024,6,83733,Manhattan,Battery Park City,true,1.0
hvfhv,13,dropoff,2025,2,74202,Manhattan,Battery Park City,true,1.0
hvfhv,13,dropoff,2025,3,78339,Manhattan,Battery Park City,true,1.0
hvfhv,13,dropoff,2025,4,79455,Manhattan,Battery Park City,true,1.0
hvfhv,13,dropoff,2025,5,79270,Manhattan,Battery Park City,true,1.0
hvfhv,13,dropoff,2025,6,77606,Manhattan,Battery Park City,true,1.0
hvfhv,13,pickup,2024,2,87434,Manhattan,Battery Park City,true,1.0
hvfhv,13,pickup,2024,3,92747,Manhattan,Battery Park City,true,1.0
hvfhv,13,pickup,2024,4,90869,Manhattan,Battery Park City,true,1.0
hvfhv,13,pickup,2024,5,93153,Manhattan,Battery Park City,true,1.0
hvfhv,13,pickup,2024,6,91767,Manhattan,Battery Park City,true,1.0
hvfhv,13,pickup,2025,2,84715,Manhattan,Battery Park City,true,1.0
hvfhv,13,pickup,2025,3,87997,Manhattan,Battery Park City,true,1.0
hvfhv,13,pickup,2025,4,87757,Manhattan,Battery Park City,true,1.0
hvfhv,13,pickup,2025,5,88611,Manhattan,Battery Park City,true,1.0
hvfhv,13,pickup,2025,6,88001,Manhattan,Battery Park City,true,1.0
hvfhv,14,dropoff,2024,2,102239,Brooklyn,Bay Ridge,false,0.0913
hvfhv,14,dropoff,2024,3,114761,Brooklyn,Bay Ridge,false,0.0913
hvfhv,14,dropoff,2024,4,108208,Brooklyn,Bay Ridge,false,0.0913
hvfhv,14,dropoff,2024,5,113746,Brooklyn,Bay Ridge,false,0.0913
hvfhv,14,dropoff,2024,6,111143,Brooklyn,Bay Ridge,false,0.0913
hvfhv,14,dropoff,2025,2,108685,Brooklyn,Bay Ridge,false,0.0913
hvfhv,14,dropoff,2025,3,113662,Brooklyn,Bay Ridge,false,0.0913
hvfhv,14,dropoff,2025,4,109720,Brooklyn,Bay Ridge,false,0.0913
hvfhv,14,dropoff,2025,5,119423,Brooklyn,Bay Ridge,false,0.0913
hvfhv,14,dropoff,2025,6,113736,Brooklyn,Bay Ridge,false,0.0913
hvfhv,14,pickup,2024,2,98401,Brooklyn,Bay Ridge,false,0.0681
hvfhv,14,pickup,2024,3,110652,Brooklyn,Bay Ridge,false,0.0681
hvfhv,14,pickup,2024,4,101849,Brooklyn,Bay Ridge,false,0.0681
hvfhv,14,pickup,2024,5,108568,Brooklyn,Bay Ridge,false,0.0681
hvfhv,14,pickup,2024,6,106672,Brooklyn,Bay Ridge,false,0.0681
hvfhv,14,pickup,2025,2,105632,Brooklyn,Bay Ridge,false,0.0681
hvfhv,14,pickup,2025,3,111437,Brooklyn,Bay Ridge,false,0.0681
hvfhv,14,pickup,2025,4,105765,Brooklyn,Bay Ridge,false,0.0681
hvfhv,14,pickup,2025,5,115525,Brooklyn,Bay Ridge,false,0.0681
hvfhv,14,pickup,2025,6,111365,Brooklyn,Bay Ridge,false,0.0681
hvfhv,15,dropoff,2024,2,12287,Queens,Bay Terrace/Fort Totten,false,0.06
hvfhv,15,dropoff,2024,3,13762,Queens,Bay Terrace/Fort Totten,false,0.06
hvfhv,15,dropoff,2024,4,13243,Queens,Bay Terrace/Fort Totten,false,0.06
hvfhv,15,dropoff,2024,5,14156,Queens,Bay Terrace/Fort Totten,false,0.06
hvfhv,15,dropoff,2024,6,14201,Queens,Bay Terrace/Fort Totten,false,0.06
hvfhv,15,dropoff,2025,2,13157,Queens,Bay Terrace/Fort Totten,false,0.06
hvfhv,15,dropoff,2025,3,13926,Queens,Bay Terrace/Fort Totten,false,0.06
hvfhv,15,dropoff,2025,4,13917,Queens,Bay Terrace/Fort Totten,false,0.06
hvfhv,15,dropoff,2025,5,15698,Queens,Bay Terrace/Fort Totten,false,0.06
hvfhv,15,dropoff,2025,6,15634,Queens,Bay Terrace/Fort Totten,false,0.06
hvfhv,15,pickup,2024,2,12459,Queens,Bay Terrace/Fort Totten,false,0.0398
hvfhv,15,pickup,2024,3,14079,Queens,Bay Terrace/Fort Totten,false,0.0398
hvfhv,15,pickup,2024,4,13580,Queens,Bay Terrace/Fort Totten,false,0.0398
hvfhv,15,pickup,2024,5,14610,Queens,Bay Terrace/Fort Totten,false,0.0398
hvfhv,15,pickup,2024,6,14553,Queens,Bay Terrace/Fort Totten,false,0.0398
hvfhv,15,pickup,2025,2,13322,Queens,Bay Terrace/Fort Totten,false,0.0398
hvfhv,15,pickup,2025,3,14151,Queens,Bay Terrace/Fort Totten,false,0.0398
hvfhv,15,pickup,2025,4,14255,Queens,Bay Terrace/Fort Totten,false,0.0398
hvfhv,15,pickup,2025,5,15908,Queens,Bay Terrace/Fort Totten,false,0.0398
hvfhv,15,pickup,2025,6,15424,Queens,Bay Terrace/Fort Totten,false,0.0398
hvfhv,16,dropoff,2024,2,34862,Queens,Bayside,false,0.0461
hvfhv,16,dropoff,2024,3,38740,Queens,Bayside,false,0.0461
hvfhv,16,dropoff,2024,4,36410,Queens,Bayside,false,0.0461
hvfhv,16,dropoff,2024,5,38782,Queens,Bayside,false,0.0461
hvfhv,16,dropoff,2024,6,37447,Queens,Bayside,false,0.0461
hvfhv,16,dropoff,2025,2,36421,Queens,Bayside,false,0.0461
hvfhv,16,dropoff,2025,3,40362,Queens,Bayside,false,0.0461
hvfhv,16,dropoff,2025,4,38835,Queens,Bayside,false,0.0461
hvfhv,16,dropoff,2025,5,42375,Queens,Bayside,false,0.0461
hvfhv,16,dropoff,2025,6,40179,Queens,Bayside,false,0.0461
hvfhv,16,pickup,2024,2,35136,Queens,Bayside,false,0.0279
hvfhv,16,pickup,2024,3,39911,Queens,Bayside,false,0.0279
hvfhv,16,pickup,2024,4,37167,Queens,Bayside,false,0.0279
hvfhv,16,pickup,2024,5,39745,Queens,Bayside,false,0.0279
hvfhv,16,pickup,2024,6,38266,Queens,Bayside,false,0.0279
hvfhv,16,pickup,2025,2,37324,Queens,Bayside,false,0.0279
hvfhv,16,pickup,2025,3,41747,Queens,Bayside,false,0.0279
hvfhv,16,pickup,2025,4,39833,Queens,Bayside,false,0.0279
hvfhv,16,pickup,2025,5,44474,Queens,Bayside,false,0.0279
hvfhv,16,pickup,2025,6,42912,Queens,Bayside,false,0.0279
hvfhv,17,dropoff,2024,2,169293,Brooklyn,Bedford,false,0.1143
hvfhv,17,dropoff,2024,3,184594,Brooklyn,Bedford,false,0.1143
hvfhv,17,dropoff,2024,4,163559,Brooklyn,Bedford,false,0.1143
hvfhv,17,dropoff,2024,5,172682,Brooklyn,Bedford,false,0.1143
hvfhv,17,dropoff,2024,6,175456,Brooklyn,Bedford,false,0.1143
hvfhv,17,dropoff,2025,2,166850,Brooklyn,Bedford,false,0.1143
hvfhv,17,dropoff,2025,3,171022,Brooklyn,Bedford,false,0.1143
hvfhv,17,dropoff,2025,4,159111,Brooklyn,Bedford,false,0.1143
hvfhv,17,dropoff,2025,5,176146,Brooklyn,Bedford,false,0.1143
hvfhv,17,dropoff,2025,6,165735,Brooklyn,Bedford,false,0.1143
hvfhv,17,pickup,2024,2,166669,Brooklyn,Bedford,false,0.0859
hvfhv,17,pickup,2024,3,179979,Brooklyn,Bedford,false,0.0859
hvfhv,17,pickup,2024,4,157988,Brooklyn,Bedford,false,0.0859
hvfhv,17,pickup,2024,5,168160,Brooklyn,Bedford,false,0.0859
hvfhv,17,pickup,2024,6,171945,Brooklyn,Bedford,false,0.0859
hvfhv,17,pickup,2025,2,162207,Brooklyn,Bedford,false,0.0859
hvfhv,17,pickup,2025,3,167335,Brooklyn,Bedford,false,0.0859
hvfhv,17,pickup,2025,4,154279,Brooklyn,Bedford,false,0.0859
hvfhv,17,pickup,2025,5,171559,Brooklyn,Bedford,false,0.0859
hvfhv,17,pickup,2025,6,161418,Brooklyn,Bedford,false,0.0859
hvfhv,18,dropoff,2024,2,84965,Bronx,Bedford Park,false,0.0327
hvfhv,18,dropoff,2024,3,93173,Bronx,Bedford Park,false,0.0327
hvfhv,18,dropoff,2024,4,85657,Bronx,Bedford Park,false,0.0327
hvfhv,18,dropoff,2024,5,86046,Bronx,Bedford Park,false,0.0327
hvfhv,18,dropoff,2024,6,83985,Bronx,Bedford Park,false,0.0327
hvfhv,18,dropoff,2025,2,88058,Bronx,Bedford Park,false,0.0327
hvfhv,18,dropoff,2025,3,94761,Bronx,Bedford Park,false,0.0327
hvfhv,18,dropoff,2025,4,88153,Bronx,Bedford Park,false,0.0327
hvfhv,18,dropoff,2025,5,92318,Bronx,Bedford Park,false,0.0327
hvfhv,18,dropoff,2025,6,87448,Bronx,Bedford Park,false,0.0327
hvfhv,18,pickup,2024,2,88542,Bronx,Bedford Park,false,0.0273
hvfhv,18,pickup,2024,3,99260,Bronx,Bedford Park,false,0.0273
hvfhv,18,pickup,2024,4,90536,Bronx,Bedford Park,false,0.0273
hvfhv,18,pickup,2024,5,91927,Bronx,Bedford Park,false,0.0273
hvfhv,18,pickup,2024,6,89736,Bronx,Bedford Park,false,0.0273
hvfhv,18,pickup,2025,2,93462,Bronx,Bedford Park,false,0.0273
hvfhv,18,pickup,2025,3,102166,Bronx,Bedford Park,false,0.0273
hvfhv,18,pickup,2025,4,95203,Bronx,Bedford Park,false,0.0273
hvfhv,18,pickup,2025,5,99238,Bronx,Bedford Park,false,0.0273
hvfhv,18,pickup,2025,6,93834,Bronx,Bedford Park,false,0.0273
hvfhv,19,dropoff,2024,2,13062,Queens,Bellerose,false,0.0339
hvfhv,19,dropoff,2024,3,14238,Queens,Bellerose,false,0.0339
hvfhv,19,dropoff,2024,4,13815,Queens,Bellerose,false,0.0339
hvfhv,19,dropoff,2024,5,14574,Queens,Bellerose,false,0.0339
hvfhv,19,dropoff,2024,6,14570,Queens,Bellerose,false,0.0339
hvfhv,19,dropoff,2025,2,13514,Queens,Bellerose,false,0.0339
hvfhv,19,dropoff,2025,3,14933,Queens,Bellerose,false,0.0339
hvfhv,19,dropoff,2025,4,13761,Queens,Bellerose,false,0.0339
hvfhv,19,dropoff,2025,5,15496,Queens,Bellerose,false,0.0339
hvfhv,19,dropoff,2025,6,14570,Queens,Bellerose,false,0.0339
hvfhv,19,pickup,2024,2,16132,Queens,Bellerose,false,0.0208
hvfhv,19,pickup,2024,3,17439,Queens,Bellerose,false,0.0208
hvfhv,19,pickup,2024,4,16848,Queens,Bellerose,false,0.0208
hvfhv,19,pickup,2024,5,17751,Queens,Bellerose,false,0.0208
hvfhv,19,pickup,2024,6,17427,Queens,Bellerose,false,0.0208
hvfhv,19,pickup,2025,2,17545,Queens,Bellerose,false,0.0208
hvfhv,19,pickup,2025,3,18765,Queens,Bellerose,false,0.0208
hvfhv,19,pickup,2025,4,18011,Queens,Bellerose,false,0.0208
hvfhv,19,pickup,2025,5,19570,Queens,Bellerose,false,0.0208
hvfhv,19,pickup,2025,6,18960,Queens,Bellerose,false,0.0208
hvfhv,20,dropoff,2024,2,55418,Bronx,Belmont,false,0.045
hvfhv,20,dropoff,2024,3,61423,Bronx,Belmont,false,0.045
hvfhv,20,dropoff,2024,4,58758,Bronx,Belmont,false,0.045
hvfhv,20,dropoff,2024,5,59830,Bronx,Belmont,false,0.045
hvfhv,20,dropoff,2024,6,55471,Bronx,Belmont,false,0.045
hvfhv,20,dropoff,2025,2,57464,Bronx,Belmont,false,0.045
hvfhv,20,dropoff,2025,3,62933,Bronx,Belmont,false,0.045
hvfhv,20,dropoff,2025,4,60472,Bronx,Belmont,false,0.045
hvfhv,20,dropoff,2025,5,62974,Bronx,Belmont,false,0.045
hvfhv,20,dropoff,2025,6,56258,Bronx,Belmont,false,0.045
hvfhv,20,pickup,2024,2,55467,Bronx,Belmont,false,0.0396
hvfhv,20,pickup,2024,3,62983,Bronx,Belmont,false,0.0396
hvfhv,20,pickup,2024,4,59318,Bronx,Belmont,false,0.0396
hvfhv,20,pickup,2024,5,60579,Bronx,Belmont,false,0.0396
hvfhv,20,pickup,2024,6,55962,Bronx,Belmont,false,0.0396
hvfhv,20,pickup,2025,2,58341,Bronx,Belmont,false,0.0396
hvfhv,20,pickup,2025,3,63364,Bronx,Belmont,false,0.0396
hvfhv,20,pickup,2025,4,61782,Bronx,Belmont,false,0.0396
hvfhv,20,pickup,2025,5,65235,Bronx,Belmont,false,0.0396
hvfhv,20,pickup,2025,6,57608,Bronx,Belmont,false,0.0396
hvfhv,21,dropoff,2024,2,47841,Brooklyn,Bensonhurst East,false,0.0456
hvfhv,21,dropoff,2024,3,52947,Brooklyn,Bensonhurst East,false,0.0456
hvfhv,21,dropoff,2024,4,47526,Brooklyn,Bensonhurst East,false,0.0456
hvfhv,21,dropoff,2024,5,50557,Brooklyn,Bensonhurst East,false,0.0456
hvfhv,21,dropoff,2024,6,47798,Brooklyn,Bensonhurst East,false,0.0456
hvfhv,21,dropoff,2025,2,51087,Brooklyn,Bensonhurst East,false,0.0456
hvfhv,21,dropoff,2025,3,53296,Brooklyn,Bensonhurst East,false,0.0456
hvfhv,21,dropoff,2025,4,50480,Brooklyn,Bensonhurst East,false,0.0456
hvfhv,21,dropoff,2025,5,54831,Brooklyn,Bensonhurst East,false,0.0456
hvfhv,21,dropoff,2025,6,51903,Brooklyn,Bensonhurst East,false,0.0456
hvfhv,21,pickup,2024,2,48514,Brooklyn,Bensonhurst East,false,0.031
hvfhv,21,pickup,2024,3,54253,Brooklyn,Bensonhurst East,false,0.031
hvfhv,21,pickup,2024,4,48604,Brooklyn,Bensonhurst East,false,0.031
hvfhv,21,pickup,2024,5,50788,Brooklyn,Bensonhurst East,false,0.031
hvfhv,21,pickup,2024,6,47940,Brooklyn,Bensonhurst East,false,0.031
hvfhv,21,pickup,2025,2,51884,Brooklyn,Bensonhurst East,false,0.031
hvfhv,21,pickup,2025,3,54567,Brooklyn,Bensonhurst East,false,0.031
hvfhv,21,pickup,2025,4,51168,Brooklyn,Bensonhurst East,false,0.031
hvfhv,21,pickup,2025,5,56332,Brooklyn,Bensonhurst East,false,0.031
hvfhv,21,pickup,2025,6,55384,Brooklyn,Bensonhurst East,false,0.031
hvfhv,22,dropoff,2024,2,61361,Brooklyn,Bensonhurst West,false,0.0528
hvfhv,22,dropoff,2024,3,68773,Brooklyn,Bensonhurst West,false,0.0528
hvfhv,22,dropoff,2024,4,62447,Brooklyn,Bensonhurst West,false,0.0528
hvfhv,22,dropoff,2024,5,66077,Brooklyn,Bensonhurst West,false,0.0528
hvfhv,22,dropoff,2024,6,63409,Brooklyn,Bensonhurst West,false,0.0528
hvfhv,22,dropoff,2025,2,66264,Brooklyn,Bensonhurst West,false,0.0528
hvfhv,22,dropoff,2025,3,68467,Brooklyn,Bensonhurst West,false,0.0528
hvfhv,22,dropoff,2025,4,63845,Brooklyn,Bensonhurst West,false,0.0528
hvfhv,22,dropoff,2025,5,71243,Brooklyn,Bensonhurst West,false,0.0528
hvfhv,22,dropoff,2025,6,72205,Brooklyn,Bensonhurst West,false,0.0528
hvfhv,22,pickup,2024,2,62977,Brooklyn,Bensonhurst West,false,0.0384
hvfhv,22,pickup,2024,3,71000,Brooklyn,Bensonhurst West,false,0.0384
hvfhv,22,pickup,2024,4,63483,Brooklyn,Bensonhurst West,false,0.0384
hvfhv,22,pickup,2024,5,66961,Brooklyn,Bensonhurst West,false,0.0384
hvfhv,22,pickup,2024,6,64674,Brooklyn,Bensonhurst West,false,0.0384
hvfhv,22,pickup,2025,2,68273,Brooklyn,Bensonhurst West,false,0.0384
hvfhv,22,pickup,2025,3,70735,Brooklyn,Bensonhurst West,false,0.0384
hvfhv,22,pickup,2025,4,66008,Brooklyn,Bensonhurst West,false,0.0384
hvfhv,22,pickup,2025,5,73366,Brooklyn,Bensonhurst West,false,0.0384
hvfhv,22,pickup,2025,6,75177,Brooklyn,Bensonhurst West,false,0.0384
hvfhv,23,dropoff,2024,2,33834,Staten Island,Bloomfield/Emerson Hill,false,0.0234
hvfhv,23,dropoff,2024,3,36315,Staten Island,Bloomfield/Emerson Hill,false,0.0234
hvfhv,23,dropoff,2024,4,32964,Staten Island,Bloomfield/Emerson Hill,false,0.0234
hvfhv,23,dropoff,2024,5,34870,Staten Island,Bloomfield/Emerson Hill,false,0.0234
hvfhv,23,dropoff,2024,6,31015,Staten Island,Bloomfield/Emerson Hill,false,0.0234
hvfhv,23,dropoff,2025,2,34129,Staten Island,Bloomfield/Emerson Hill,false,0.0234
hvfhv,23,dropoff,2025,3,36660,Staten Island,Bloomfield/Emerson Hill,false,0.0234
hvfhv,23,dropoff,2025,4,34494,Staten Island,Bloomfield/Emerson Hill,false,0.0234
hvfhv,23,dropoff,2025,5,36844,Staten Island,Bloomfield/Emerson Hill,false,0.0234
hvfhv,23,dropoff,2025,6,33488,Staten Island,Bloomfield/Emerson Hill,false,0.0234
hvfhv,23,pickup,2024,2,29807,Staten Island,Bloomfield/Emerson Hill,false,0.0174
hvfhv,23,pickup,2024,3,32152,Staten Island,Bloomfield/Emerson Hill,false,0.0174
hvfhv,23,pickup,2024,4,29451,Staten Island,Bloomfield/Emerson Hill,false,0.0174
hvfhv,23,pickup,2024,5,30644,Staten Island,Bloomfield/Emerson Hill,false,0.0174
hvfhv,23,pickup,2024,6,27811,Staten Island,Bloomfield/Emerson Hill,false,0.0174
hvfhv,23,pickup,2025,2,30737,Staten Island,Bloomfield/Emerson Hill,false,0.0174
hvfhv,23,pickup,2025,3,32699,Staten Island,Bloomfield/Emerson Hill,false,0.0174
hvfhv,23,pickup,2025,4,31024,Staten Island,Bloomfield/Emerson Hill,false,0.0174
hvfhv,23,pickup,2025,5,33079,Staten Island,Bloomfield/Emerson Hill,false,0.0174
hvfhv,23,pickup,2025,6,30611,Staten Island,Bloomfield/Emerson Hill,false,0.0174
hvfhv,24,dropoff,2024,2,26117,Manhattan,Bloomingdale,false,0.2407
hvfhv,24,dropoff,2024,3,27673,Manhattan,Bloomingdale,false,0.2407
hvfhv,24,dropoff,2024,4,26550,Manhattan,Bloomingdale,false,0.2407
hvfhv,24,dropoff,2024,5,28057,Manhattan,Bloomingdale,false,0.2407
hvfhv,24,dropoff,2024,6,25012,Manhattan,Bloomingdale,false,0.2407
hvfhv,24,dropoff,2025,2,24428,Manhattan,Bloomingdale,false,0.2407
hvfhv,24,dropoff,2025,3,25015,Manhattan,Bloomingdale,false,0.2407
hvfhv,24,dropoff,2025,4,25407,Manhattan,Bloomingdale,false,0.2407
hvfhv,24,dropoff,2025,5,26776,Manhattan,Bloomingdale,false,0.2407
hvfhv,24,dropoff,2025,6,22128,Manhattan,Bloomingdale,false,0.2407
hvfhv,24,pickup,2024,2,28760,Manhattan,Bloomingdale,false,0.2047
hvfhv,24,pickup,2024,3,29831,Manhattan,Bloomingdale,false,0.2047
hvfhv,24,pickup,2024,4,30316,Manhattan,Bloomingdale,false,0.2047
hvfhv,24,pickup,2024,5,30751,Manhattan,Bloomingdale,false,0.2047
hvfhv,24,pickup,2024,6,26403,Manhattan,Bloomingdale,false,0.2047
hvfhv,24,pickup,2025,2,27307,Manhattan,Bloomingdale,false,0.2047
hvfhv,24,pickup,2025,3,27472,Manhattan,Bloomingdale,false,0.2047
hvfhv,24,pickup,2025,4,27869,Manhattan,Bloomingdale,false,0.2047
hvfhv,24,pickup,2025,5,28915,Manhattan,Bloomingdale,false,0.2047
hvfhv,24,pickup,2025,6,23705,Manhattan,Bloomingdale,false,0.2047
hvfhv,25,dropoff,2024,2,102652,Brooklyn,Boerum Hill,false,0.1995
hvfhv,25,dropoff,2024,3,112931,Brooklyn,Boerum Hill,false,0.1995
hvfhv,25,dropoff,2024,4,102652,Brooklyn,Boerum Hill,false,0.1995
hvfhv,25,dropoff,2024,5,107132,Brooklyn,Boerum Hill,false,0.1995
hvfhv,25,dropoff,2024,6,104992,Brooklyn,Boerum Hill,false,0.1995
hvfhv,25,dropoff,2025,2,104486,Brooklyn,Boerum Hill,false,0.1995
hvfhv,25,dropoff,2025,3,106636,Brooklyn,Boerum Hill,false,0.1995
hvfhv,25,dropoff,2025,4,102541,Brooklyn,Boerum Hill,false,0.1995
hvfhv,25,dropoff,2025,5,112389,Brooklyn,Boerum Hill,false,0.1995
hvfhv,25,dropoff,2025,6,104258,Brooklyn,Boerum Hill,false,0.1995
hvfhv,25,pickup,2024,2,114831,Brooklyn,Boerum Hill,false,0.152
hvfhv,25,pickup,2024,3,125699,Brooklyn,Boerum Hill,false,0.152
hvfhv,25,pickup,2024,4,114446,Brooklyn,Boerum Hill,false,0.152
hvfhv,25,pickup,2024,5,119698,Brooklyn,Boerum Hill,false,0.152
hvfhv,25,pickup,2024,6,117029,Brooklyn,Boerum Hill,false,0.152
hvfhv,25,pickup,2025,2,115068,Brooklyn,Boerum Hill,false,0.152
hvfhv,25,pickup,2025,3,118807,Brooklyn,Boerum Hill,false,0.152
hvfhv,25,pickup,2025,4,114812,Brooklyn,Boerum Hill,false,0.152
hvfhv,25,pickup,2025,5,127337,Brooklyn,Boerum Hill,false,0.152
hvfhv,25,pickup,2025,6,117017,Brooklyn,Boerum Hill,false,0.152
hvfhv,26,dropoff,2024,2,109674,Brooklyn,Borough Park,false,0.024
hvfhv,26,dropoff,2024,3,120160,Brooklyn,Borough Park,false,0.024
hvfhv,26,dropoff,2024,4,98502,Brooklyn,Borough Park,false,0.024
hvfhv,26,dropoff,2024,5,105111,Brooklyn,Borough Park,false,0.024
hvfhv,26,dropoff,2024,6,99316,Brooklyn,Borough Park,false,0.024
hvfhv,26,dropoff,2025,2,111577,Brooklyn,Borough Park,false,0.024
hvfhv,26,dropoff,2025,3,117076,Brooklyn,Borough Park,false,0.024
hvfhv,26,dropoff,2025,4,92394,Brooklyn,Borough Park,false,0.024
hvfhv,26,dropoff,2025,5,106768,Brooklyn,Borough Park,false,0.024
hvfhv,26,dropoff,2025,6,109573,Brooklyn,Borough Park,false,0.024
hvfhv,26,pickup,2024,2,106860,Brooklyn,Borough Park,false,0.021
hvfhv,26,pickup,2024,3,117371,Brooklyn,Borough Park,false,0.021
hvfhv,26,pickup,2024,4,96072,Brooklyn,Borough Park,false,0.021
hvfhv,26,pickup,2024,5,101029,Brooklyn,Borough Park,false,0.021
hvfhv,26,pickup,2024,6,95518,Brooklyn,Borough Park,false,0.021
hvfhv,26,pickup,2025,2,109838,Brooklyn,Borough Park,false,0.021
hvfhv,26,pickup,2025,3,114416,Brooklyn,Borough Park,false,0.021
hvfhv,26,pickup,2025,4,88827,Brooklyn,Borough Park,false,0.021
hvfhv,26,pickup,2025,5,103620,Brooklyn,Borough Park,false,0.021
hvfhv,26,pickup,2025,6,106906,Brooklyn,Borough Park,false,0.021
hvfhv,27,dropoff,2024,2,876,Queens,Breezy Point/Fort Tilden/Riis Beach,false,0.0819
hvfhv,27,dropoff,2024,3,1118,Queens,Breezy Point/Fort Tilden/Riis Beach,false,0.0819
hvfhv,27,dropoff,2024,4,1102,Queens,Breezy Point/Fort Tilden/Riis Beach,false,0.0819
hvfhv,27,dropoff,2024,5,1919,Queens,Breezy Point/Fort Tilden/Riis Beach,false,0.0819
hvfhv,27,dropoff,2024,6,4842,Queens,Breezy Point/Fort Tilden/Riis Beach,false,0.0819
hvfhv,27,dropoff,2025,2,808,Queens,Breezy Point/Fort Tilden/Riis Beach,false,0.0819
hvfhv,27,dropoff,2025,3,1131,Queens,Breezy Point/Fort Tilden/Riis Beach,false,0.0819
hvfhv,27,dropoff,2025,4,1051,Queens,Breezy Point/Fort Tilden/Riis Beach,false,0.0819
hvfhv,27,dropoff,2025,5,1713,Queens,Breezy Point/Fort Tilden/Riis Beach,false,0.0819
hvfhv,27,dropoff,2025,6,3965,Queens,Breezy Point/Fort Tilden/Riis Beach,false,0.0819
hvfhv,27,pickup,2024,2,544,Queens,Breezy Point/Fort Tilden/Riis Beach,false,0.044
hvfhv,27,pickup,2024,3,686,Queens,Breezy Point/Fort Tilden/Riis Beach,false,0.044
hvfhv,27,pickup,2024,4,680,Queens,Breezy Point/Fort Tilden/Riis Beach,false,0.044
hvfhv,27,pickup,2024,5,1405,Queens,Breezy Point/Fort Tilden/Riis Beach,false,0.044
hvfhv,27,pickup,2024,6,3299,Queens,Breezy Point/Fort Tilden/Riis Beach,false,0.044
hvfhv,27,pickup,2025,2,557,Queens,Breezy Point/Fort Tilden/Riis Beach,false,0.044
hvfhv,27,pickup,2025,3,708,Queens,Breezy Point/Fort Tilden/Riis Beach,false,0.044
hvfhv,27,pickup,2025,4,685,Queens,Breezy Point/Fort Tilden/Riis Beach,false,0.044
hvfhv,27,pickup,2025,5,1124,Queens,Breezy Point/Fort Tilden/Riis Beach,false,0.044
hvfhv,27,pickup,2025,6,2698,Queens,Breezy Point/Fort Tilden/Riis Beach,false,0.044
hvfhv,28,dropoff,2024,2,44048,Queens,Briarwood/Jamaica Hills,false,0.047
hvfhv,28,dropoff,2024,3,48906,Queens,Briarwood/Jamaica Hills,false,0.047
hvfhv,28,dropoff,2024,4,45704,Queens,Briarwood/Jamaica Hills,false,0.047
hvfhv,28,dropoff,2024,5,47605,Queens,Briarwood/Jamaica Hills,false,0.047
hvfhv,28,dropoff,2024,6,45379,Queens,Briarwood/Jamaica Hills,false,0.047
hvfhv,28,dropoff,2025,2,46550,Queens,Briarwood/Jamaica Hills,false,0.047
hvfhv,28,dropoff,2025,3,49621,Queens,Briarwood/Jamaica Hills,false,0.047
hvfhv,28,dropoff,2025,4,47361,Queens,Briarwood/Jamaica Hills,false,0.047
hvfhv,28,dropoff,2025,5,51130,Queens,Briarwood/Jamaica Hills,false,0.047
hvfhv,28,dropoff,2025,6,47954,Queens,Briarwood/Jamaica Hills,false,0.047
hvfhv,28,pickup,2024,2,47011,Queens,Briarwood/Jamaica Hills,false,0.0322
hvfhv,28,pickup,2024,3,51545,Queens,Briarwood/Jamaica Hills,false,0.0322
hvfhv,28,pickup,2024,4,48083,Queens,Briarwood/Jamaica Hills,false,0.0322
hvfhv,28,pickup,2024,5,49669,Queens,Briarwood/Jamaica Hills,false,0.0322
hvfhv,28,pickup,2024,6,48171,Queens,Briarwood/Jamaica Hills,false,0.0322
hvfhv,28,pickup,2025,2,47992,Queens,Briarwood/Jamaica Hills,false,0.0322
hvfhv,28,pickup,2025,3,51319,Queens,Briarwood/Jamaica Hills,false,0.0322
hvfhv,28,pickup,2025,4,49585,Queens,Briarwood/Jamaica Hills,false,0.0322
hvfhv,28,pickup,2025,5,53625,Queens,Briarwood/Jamaica Hills,false,0.0322
hvfhv,28,pickup,2025,6,50909,Queens,Briarwood/Jamaica Hills,false,0.0322
hvfhv,29,dropoff,2024,2,37078,Brooklyn,Brighton Beach,false,0.0357
hvfhv,29,dropoff,2024,3,41039,Brooklyn,Brighton Beach,false,0.0357
hvfhv,29,dropoff,2024,4,38124,Brooklyn,Brighton Beach,false,0.0357
hvfhv,29,dropoff,2024,5,40074,Brooklyn,Brighton Beach,false,0.0357
hvfhv,29,dropoff,2024,6,39355,Brooklyn,Brighton Beach,false,0.0357
hvfhv,29,dropoff,2025,2,40510,Brooklyn,Brighton Beach,false,0.0357
hvfhv,29,dropoff,2025,3,43330,Brooklyn,Brighton Beach,false,0.0357
hvfhv,29,dropoff,2025,4,40421,Brooklyn,Brighton Beach,false,0.0357
hvfhv,29,dropoff,2025,5,44453,Brooklyn,Brighton Beach,false,0.0357
hvfhv,29,dropoff,2025,6,44311,Brooklyn,Brighton Beach,false,0.0357
hvfhv,29,pickup,2024,2,35269,Brooklyn,Brighton Beach,false,0.0263
hvfhv,29,pickup,2024,3,38335,Brooklyn,Brighton Beach,false,0.0263
hvfhv,29,pickup,2024,4,35873,Brooklyn,Brighton Beach,false,0.0263
hvfhv,29,pickup,2024,5,37726,Brooklyn,Brighton Beach,false,0.0263
hvfhv,29,pickup,2024,6,36346,Brooklyn,Brighton Beach,false,0.0263
hvfhv,29,pickup,2025,2,38493,Brooklyn,Brighton Beach,false,0.0263
hvfhv,29,pickup,2025,3,41796,Brooklyn,Brighton Beach,false,0.0263
hvfhv,29,pickup,2025,4,38614,Brooklyn,Brighton Beach,false,0.0263
hvfhv,29,pickup,2025,5,42694,Brooklyn,Brighton Beach,false,0.0263
hvfhv,29,pickup,2025,6,42012,Brooklyn,Brighton Beach,false,0.0263
hvfhv,30,dropoff,2024,2,808,Queens,Broad Channel,false,0.0461
hvfhv,30,dropoff,2024,3,1062,Queens,Broad Channel,false,0.0461
hvfhv,30,dropoff,2024,4,949,Queens,Broad Channel,false,0.0461
hvfhv,30,dropoff,2024,5,1204,Queens,Broad Channel,false,0.0461
hvfhv,30,dropoff,2024,6,1512,Queens,Broad Channel,false,0.0461
hvfhv,30,dropoff,2025,2,895,Queens,Broad Channel,false,0.0461
hvfhv,30,dropoff,2025,3,1186,Queens,Broad Channel,false,0.0461
hvfhv,30,dropoff,2025,4,1043,Queens,Broad Channel,false,0.0461
hvfhv,30,dropoff,2025,5,1421,Queens,Broad Channel,false,0.0461
hvfhv,30,dropoff,2025,6,1521,Queens,Broad Channel,false,0.0461
hvfhv,30,pickup,2024,2,851,Queens,Broad Channel,false,0.0214
hvfhv,30,pickup,2024,3,1053,Queens,Broad Channel,false,0.0214
hvfhv,30,pickup,2024,4,915,Queens,Broad Channel,false,0.0214
hvfhv,30,pickup,2024,5,1171,Queens,Broad Channel,false,0.0214
hvfhv,30,pickup,2024,6,1762,Queens,Broad Channel,false,0.0214
hvfhv,30,pickup,2025,2,771,Queens,Broad Channel,false,0.0214
hvfhv,30,pickup,2025,3,911,Queens,Broad Channel,false,0.0214
hvfhv,30,pickup,2025,4,799,Queens,Broad Channel,false,0.0214
hvfhv,30,pickup,2025,5,1167,Queens,Broad Channel,false,0.0214
hvfhv,30,pickup,2025,6,1479,Queens,Broad Channel,false,0.0214
hvfhv,31,dropoff,2024,2,5926,Bronx,Bronx Park,false,0.0929
hvfhv,31,dropoff,2024,3,8709,Bronx,Bronx Park,false,0.0929
hvfhv,31,dropoff,2024,4,10637,Bronx,Bronx Park,false,0.0929
hvfhv,31,dropoff,2024,5,9781,Bronx,Bronx Park,false,0.0929
hvfhv,31,dropoff,2024,6,11510,Bronx,Bronx Park,false,0.0929
hvfhv,31,dropoff,2025,2,6141,Bronx,Bronx Park,false,0.0929
hvfhv,31,dropoff,2025,3,8522,Bronx,Bronx Park,false,0.0929
hvfhv,31,dropoff,2025,4,10788,Bronx,Bronx Park,false,0.0929
hvfhv,31,dropoff,2025,5,10954,Bronx,Bronx Park,false,0.0929
hvfhv,31,dropoff,2025,6,11071,Bronx,Bronx Park,false,0.0929
hvfhv,31,pickup,2024,2,5484,Bronx,Bronx Park,false,0.0838
hvfhv,31,pickup,2024,3,7814,Bronx,Bronx Park,false,0.0838
hvfhv,31,pickup,2024,4,9125,Bronx,Bronx Park,false,0.0838
hvfhv,31,pickup,2024,5,8531,Bronx,Bronx Park,false,0.0838
hvfhv,31,pickup,2024,6,9793,Bronx,Bronx Park,false,0.0838
hvfhv,31,pickup,2025,2,5629,Bronx,Bronx Park,false,0.0838
hvfhv,31,pickup,2025,3,7731,Bronx,Bronx Park,false,0.0838
hvfhv,31,pickup,2025,4,9366,Bronx,Bronx Park,false,0.0838
hvfhv,31,pickup,2025,5,9728,Bronx,Bronx Park,false,0.0838
hvfhv,31,pickup,2025,6,9911,Bronx,Bronx Park,false,0.0838
hvfhv,32,dropoff,2024,2,43423,Bronx,Bronxdale,false,0.0347
hvfhv,32,dropoff,2024,3,48872,Bronx,Bronxdale,false,0.0347
hvfhv,32,dropoff,2024,4,43782,Bronx,Bronxdale,false,0.0347
hvfhv,32,dropoff,2024,5,44264,Bronx,Bronxdale,false,0.0347
hvfhv,32,dropoff,2024,6,43675,Bronx,Bronxdale,false,0.0347
hvfhv,32,dropoff,2025,2,43693,Bronx,Bronxdale,false,0.0347
hvfhv,32,dropoff,2025,3,47003,Bronx,Bronxdale,false,0.0347
hvfhv,32,dropoff,2025,4,43390,Bronx,Bronxdale,false,0.0347
hvfhv,32,dropoff,2025,5,47147,Bronx,Bronxdale,false,0.0347
hvfhv,32,dropoff,2025,6,43906,Bronx,Bronxdale,false,0.0347
hvfhv,32,pickup,2024,2,47067,Bronx,Bronxdale,false,0.0294
hvfhv,32,pickup,2024,3,52909,Bronx,Bronxdale,false,0.0294
hvfhv,32,pickup,2024,4,47163,Bronx,Bronxdale,false,0.0294
hvfhv,32,pickup,2024,5,48561,Bronx,Bronxdale,false,0.0294
hvfhv,32,pickup,2024,6,47903,Bronx,Bronxdale,false,0.0294
hvfhv,32,pickup,2025,2,48715,Bronx,Bronxdale,false,0.0294
hvfhv,32,pickup,2025,3,52598,Bronx,Bronxdale,false,0.0294
hvfhv,32,pickup,2025,4,49009,Bronx,Bronxdale,false,0.0294
hvfhv,32,pickup,2025,5,52330,Bronx,Bronxdale,false,0.0294
hvfhv,32,pickup,2025,6,49382,Bronx,Bronxdale,false,0.0294
hvfhv,33,dropoff,2024,2,86954,Brooklyn,Brooklyn Heights,false,0.2898
hvfhv,33,dropoff,2024,3,95638,Brooklyn,Brooklyn Heights,false,0.2898
hvfhv,33,dropoff,2024,4,92447,Brooklyn,Brooklyn Heights,false,0.2898
hvfhv,33,dropoff,2024,5,98370,Brooklyn,Brooklyn Heights,false,0.2898
hvfhv,33,dropoff,2024,6,96368,Brooklyn,Brooklyn Heights,false,0.2898
hvfhv,33,dropoff,2025,2,89820,Brooklyn,Brooklyn Heights,false,0.2898
hvfhv,33,dropoff,2025,3,93481,Brooklyn,Brooklyn Heights,false,0.2898
hvfhv,33,dropoff,2025,4,93069,Brooklyn,Brooklyn Heights,false,0.2898
hvfhv,33,dropoff,2025,5,99989,Brooklyn,Brooklyn Heights,false,0.2898
hvfhv,33,dropoff,2025,6,93408,Brooklyn,Brooklyn Heights,false,0.2898
hvfhv,33,pickup,2024,2,88290,Brooklyn,Brooklyn Heights,false,0.2596
hvfhv,33,pickup,2024,3,97497,Brooklyn,Brooklyn Heights,false,0.2596
hvfhv,33,pickup,2024,4,95387,Brooklyn,Brooklyn Heights,false,0.2596
hvfhv,33,pickup,2024,5,103517,Brooklyn,Brooklyn Heights,false,0.2596
hvfhv,33,pickup,2024,6,101126,Brooklyn,Brooklyn Heights,false,0.2596
hvfhv,33,pickup,2025,2,89987,Brooklyn,Brooklyn Heights,false,0.2596
hvfhv,33,pickup,2025,3,93597,Brooklyn,Brooklyn Heights,false,0.2596
hvfhv,33,pickup,2025,4,94824,Brooklyn,Brooklyn Heights,false,0.2596
hvfhv,33,pickup,2025,5,103493,Brooklyn,Brooklyn Heights,false,0.2596
hvfhv,33,pickup,2025,6,95333,Brooklyn,Brooklyn Heights,false,0.2596
hvfhv,34,dropoff,2024,2,18612,Brooklyn,Brooklyn Navy Yard,false,0.1677
hvfhv,34,dropoff,2024,3,23125,Brooklyn,Brooklyn Navy Yard,false,0.1677
hvfhv,34,dropoff,2024,4,21370,Brooklyn,Brooklyn Navy Yard,false,0.1677
hvfhv,34,dropoff,2024,5,23435,Brooklyn,Brooklyn Navy Yard,false,0.1677
hvfhv,34,dropoff,2024,6,25226,Brooklyn,Brooklyn Navy Yard,false,0.1677
hvfhv,34,dropoff,2025,2,19920,Brooklyn,Brooklyn Navy Yard,false,0.1677
hvfhv,34,dropoff,2025,3,20552,Brooklyn,Brooklyn Navy Yard,false,0.1677
hvfhv,34,dropoff,2025,4,17389,Brooklyn,Brooklyn Navy Yard,false,0.1677
hvfhv,34,dropoff,2025,5,20438,Brooklyn,Brooklyn Navy Yard,false,0.1677
hvfhv,34,dropoff,2025,6,18364,Brooklyn,Brooklyn Navy Yard,false,0.1677
hvfhv,34,pickup,2024,2,15666,Brooklyn,Brooklyn Navy Yard,false,0.2156
hvfhv,34,pickup,2024,3,19915,Brooklyn,Brooklyn Navy Yard,false,0.2156
hvfhv,34,pickup,2024,4,17860,Brooklyn,Brooklyn Navy Yard,false,0.2156
hvfhv,34,pickup,2024,5,20617,Brooklyn,Brooklyn Navy Yard,false,0.2156
hvfhv,34,pickup,2024,6,21535,Brooklyn,Brooklyn Navy Yard,false,0.2156
hvfhv,34,pickup,2025,2,15709,Brooklyn,Brooklyn Navy Yard,false,0.2156
hvfhv,34,pickup,2025,3,18988,Brooklyn,Brooklyn Navy Yard,false,0.2156
hvfhv,34,pickup,2025,4,14952,Brooklyn,Brooklyn Navy Yard,false,0.2156
hvfhv,34,pickup,2025,5,17895,Brooklyn,Brooklyn Navy Yard,false,0.2156
hvfhv,34,pickup,2025,6,16218,Brooklyn,Brooklyn Navy Yard,false,0.2156
hvfhv,35,dropoff,2024,2,110481,Brooklyn,Brownsville,false,0.0207
hvfhv,35,dropoff,2024,3,129105,Brooklyn,Brownsville,false,0.0207
hvfhv,35,dropoff,2024,4,110457,Brooklyn,Brownsville,false,0.0207
hvfhv,35,dropoff,2024,5,114055,Brooklyn,Brownsville,false,0.0207
hvfhv,35,dropoff,2024,6,112460,Brooklyn,Brownsville,false,0.0207
hvfhv,35,dropoff,2025,2,111663,Brooklyn,Brownsville,false,0.0207
hvfhv,35,dropoff,2025,3,122722,Brooklyn,Brownsville,false,0.0207
hvfhv,35,dropoff,2025,4,112959,Brooklyn,Brownsville,false,0.0207
hvfhv,35,dropoff,2025,5,117271,Brooklyn,Brownsville,false,0.0207
hvfhv,35,dropoff,2025,6,112230,Brooklyn,Brownsville,false,0.0207
hvfhv,35,pickup,2024,2,117734,Brooklyn,Brownsville,false,0.0184
hvfhv,35,pickup,2024,3,138036,Brooklyn,Brownsville,false,0.0184
hvfhv,35,pickup,2024,4,117973,Brooklyn,Brownsville,false,0.0184
hvfhv,35,pickup,2024,5,121870,Brooklyn,Brownsville,false,0.0184
hvfhv,35,pickup,2024,6,120873,Brooklyn,Brownsville,false,0.0184
hvfhv,35,pickup,2025,2,118148,Brooklyn,Brownsville,false,0.0184
hvfhv,35,pickup,2025,3,130218,Brooklyn,Brownsville,false,0.0184
hvfhv,35,pickup,2025,4,120282,Brooklyn,Brownsville,false,0.0184
hvfhv,35,pickup,2025,5,123674,Brooklyn,Brownsville,false,0.0184
hvfhv,35,pickup,2025,6,117257,Brooklyn,Brownsville,false,0.0184
hvfhv,36,dropoff,2024,2,146646,Brooklyn,Bushwick North,false,0.1173
hvfhv,36,dropoff,2024,3,165138,Brooklyn,Bushwick North,false,0.1173
hvfhv,36,dropoff,2024,4,150717,Brooklyn,Bushwick North,false,0.1173
hvfhv,36,dropoff,2024,5,160775,Brooklyn,Bushwick North,false,0.1173
hvfhv,36,dropoff,2024,6,166237,Brooklyn,Bushwick North,false,0.1173
hvfhv,36,dropoff,2025,2,151244,Brooklyn,Bushwick North,false,0.1173
hvfhv,36,dropoff,2025,3,156612,Brooklyn,Bushwick North,false,0.1173
hvfhv,36,dropoff,2025,4,150215,Brooklyn,Bushwick North,false,0.1173
hvfhv,36,dropoff,2025,5,165346,Brooklyn,Bushwick North,false,0.1173
hvfhv,36,dropoff,2025,6,164825,Brooklyn,Bushwick North,false,0.1173
hvfhv,36,pickup,2024,2,151054,Brooklyn,Bushwick North,false,0.0841
hvfhv,36,pickup,2024,3,168168,Brooklyn,Bushwick North,false,0.0841
hvfhv,36,pickup,2024,4,153731,Brooklyn,Bushwick North,false,0.0841
hvfhv,36,pickup,2024,5,165768,Brooklyn,Bushwick North,false,0.0841
hvfhv,36,pickup,2024,6,173586,Brooklyn,Bushwick North,false,0.0841
hvfhv,36,pickup,2025,2,156339,Brooklyn,Bushwick North,false,0.0841
hvfhv,36,pickup,2025,3,164139,Brooklyn,Bushwick North,false,0.0841
hvfhv,36,pickup,2025,4,154287,Brooklyn,Bushwick North,false,0.0841
hvfhv,36,pickup,2025,5,170812,Brooklyn,Bushwick North,false,0.0841
hvfhv,36,pickup,2025,6,171235,Brooklyn,Bushwick North,false,0.0841
hvfhv,37,dropoff,2024,2,215839,Brooklyn,Bushwick South,false,0.1312
hvfhv,37,dropoff,2024,3,236466,Brooklyn,Bushwick South,false,0.1312
hvfhv,37,dropoff,2024,4,214666,Brooklyn,Bushwick South,false,0.1312
hvfhv,37,dropoff,2024,5,224640,Brooklyn,Bushwick South,false,0.1312
hvfhv,37,dropoff,2024,6,230760,Brooklyn,Bushwick South,false,0.1312
hvfhv,37,dropoff,2025,2,213546,Brooklyn,Bushwick South,false,0.1312
hvfhv,37,dropoff,2025,3,223313,Brooklyn,Bushwick South,false,0.1312
hvfhv,37,dropoff,2025,4,216326,Brooklyn,Bushwick South,false,0.1312
hvfhv,37,dropoff,2025,5,238931,Brooklyn,Bushwick South,false,0.1312
hvfhv,37,dropoff,2025,6,230564,Brooklyn,Bushwick South,false,0.1312
hvfhv,37,pickup,2024,2,211670,Brooklyn,Bushwick South,false,0.093
hvfhv,37,pickup,2024,3,232594,Brooklyn,Bushwick South,false,0.093
hvfhv,37,pickup,2024,4,211561,Brooklyn,Bushwick South,false,0.093
hvfhv,37,pickup,2024,5,219812,Brooklyn,Bushwick South,false,0.093
hvfhv,37,pickup,2024,6,227891,Brooklyn,Bushwick South,false,0.093
hvfhv,37,pickup,2025,2,209583,Brooklyn,Bushwick South,false,0.093
hvfhv,37,pickup,2025,3,222479,Brooklyn,Bushwick South,false,0.093
hvfhv,37,pickup,2025,4,213306,Brooklyn,Bushwick South,false,0.093
hvfhv,37,pickup,2025,5,234984,Brooklyn,Bushwick South,false,0.093
hvfhv,37,pickup,2025,6,228443,Brooklyn,Bushwick South,false,0.093
hvfhv,38,dropoff,2024,2,16650,Queens,Cambria Heights,false,0.026
hvfhv,38,dropoff,2024,3,18473,Queens,Cambria Heights,false,0.026
hvfhv,38,dropoff,2024,4,17058,Queens,Cambria Heights,false,0.026
hvfhv,38,dropoff,2024,5,18482,Queens,Cambria Heights,false,0.026
hvfhv,38,dropoff,2024,6,18251,Queens,Cambria Heights,false,0.026
hvfhv,38,dropoff,2025,2,19018,Queens,Cambria Heights,false,0.026
hvfhv,38,dropoff,2025,3,20472,Queens,Cambria Heights,false,0.026
hvfhv,38,dropoff,2025,4,19319,Queens,Cambria Heights,false,0.026
hvfhv,38,dropoff,2025,5,21119,Queens,Cambria Heights,false,0.026
hvfhv,38,dropoff,2025,6,21173,Queens,Cambria Heights,false,0.026
hvfhv,38,pickup,2024,2,21806,Queens,Cambria Heights,false,0.0181
hvfhv,38,pickup,2024,3,24066,Queens,Cambria Heights,false,0.0181
hvfhv,38,pickup,2024,4,22457,Queens,Cambria Heights,false,0.0181
hvfhv,38,pickup,2024,5,23824,Queens,Cambria Heights,false,0.0181
hvfhv,38,pickup,2024,6,23698,Queens,Cambria Heights,false,0.0181
hvfhv,38,pickup,2025,2,24051,Queens,Cambria Heights,false,0.0181
hvfhv,38,pickup,2025,3,25982,Queens,Cambria Heights,false,0.0181
hvfhv,38,pickup,2025,4,25426,Queens,Cambria Heights,false,0.0181
hvfhv,38,pickup,2025,5,27261,Queens,Cambria Heights,false,0.0181
hvfhv,38,pickup,2025,6,27408,Queens,Cambria Heights,false,0.0181
hvfhv,39,dropoff,2024,2,131148,Brooklyn,Canarsie,false,0.0168
hvfhv,39,dropoff,2024,3,148169,Brooklyn,Canarsie,false,0.0168
hvfhv,39,dropoff,2024,4,136871,Brooklyn,Canarsie,false,0.0168
hvfhv,39,dropoff,2024,5,142904,Brooklyn,Canarsie,false,0.0168
hvfhv,39,dropoff,2024,6,141726,Brooklyn,Canarsie,false,0.0168
hvfhv,39,dropoff,2025,2,133479,Brooklyn,Canarsie,false,0.0168
hvfhv,39,dropoff,2025,3,145090,Brooklyn,Canarsie,false,0.0168
hvfhv,39,dropoff,2025,4,139701,Brooklyn,Canarsie,false,0.0168
hvfhv,39,dropoff,2025,5,148806,Brooklyn,Canarsie,false,0.0168
hvfhv,39,dropoff,2025,6,145537,Brooklyn,Canarsie,false,0.0168
hvfhv,39,pickup,2024,2,136544,Brooklyn,Canarsie,false,0.0138
hvfhv,39,pickup,2024,3,154815,Brooklyn,Canarsie,false,0.0138
hvfhv,39,pickup,2024,4,142382,Brooklyn,Canarsie,false,0.0138
hvfhv,39,pickup,2024,5,148650,Brooklyn,Canarsie,false,0.0138
hvfhv,39,pickup,2024,6,147959,Brooklyn,Canarsie,false,0.0138
hvfhv,39,pickup,2025,2,139042,Brooklyn,Canarsie,false,0.0138
hvfhv,39,pickup,2025,3,151628,Brooklyn,Canarsie,false,0.0138
hvfhv,39,pickup,2025,4,145522,Brooklyn,Canarsie,false,0.0138
hvfhv,39,pickup,2025,5,155736,Brooklyn,Canarsie,false,0.0138
hvfhv,39,pickup,2025,6,151552,Brooklyn,Canarsie,false,0.0138
hvfhv,40,dropoff,2024,2,45686,Brooklyn,Carroll Gardens,false,0.213
hvfhv,40,dropoff,2024,3,49131,Brooklyn,Carroll Gardens,false,0.213
hvfhv,40,dropoff,2024,4,45343,Brooklyn,Carroll Gardens,false,0.213
hvfhv,40,dropoff,2024,5,47116,Brooklyn,Carroll Gardens,false,0.213
hvfhv,40,dropoff,2024,6,45954,Brooklyn,Carroll Gardens,false,0.213
hvfhv,40,dropoff,2025,2,47536,Brooklyn,Carroll Gardens,false,0.213
hvfhv,40,dropoff,2025,3,46167,Brooklyn,Carroll Gardens,false,0.213
hvfhv,40,dropoff,2025,4,45328,Brooklyn,Carroll Gardens,false,0.213
hvfhv,40,dropoff,2025,5,52089,Brooklyn,Carroll Gardens,false,0.213
hvfhv,40,dropoff,2025,6,45626,Brooklyn,Carroll Gardens,false,0.213
hvfhv,40,pickup,2024,2,45282,Brooklyn,Carroll Gardens,false,0.1744
hvfhv,40,pickup,2024,3,48281,Brooklyn,Carroll Gardens,false,0.1744
hvfhv,40,pickup,2024,4,44456,Brooklyn,Carroll Gardens,false,0.1744
hvfhv,40,pickup,2024,5,48317,Brooklyn,Carroll Gardens,false,0.1744
hvfhv,40,pickup,2024,6,46726,Brooklyn,Carroll Gardens,false,0.1744
hvfhv,40,pickup,2025,2,46668,Brooklyn,Carroll Gardens,false,0.1744
hvfhv,40,pickup,2025,3,48679,Brooklyn,Carroll Gardens,false,0.1744
hvfhv,40,pickup,2025,4,47632,Brooklyn,Carroll Gardens,false,0.1744
hvfhv,40,pickup,2025,5,54635,Brooklyn,Carroll Gardens,false,0.1744
hvfhv,40,pickup,2025,6,48155,Brooklyn,Carroll Gardens,false,0.1744
hvfhv,41,dropoff,2024,2,118396,Manhattan,Central Harlem,false,0.1464
hvfhv,41,dropoff,2024,3,128375,Manhattan,Central Harlem,false,0.1464
hvfhv,41,dropoff,2024,4,117433,Manhattan,Central Harlem,false,0.1464
hvfhv,41,dropoff,2024,5,120779,Manhattan,Central Harlem,false,0.1464
hvfhv,41,dropoff,2024,6,120825,Manhattan,Central Harlem,false,0.1464
hvfhv,41,dropoff,2025,2,115419,Manhattan,Central Harlem,false,0.1464
hvfhv,41,dropoff,2025,3,121199,Manhattan,Central Harlem,false,0.1464
hvfhv,41,dropoff,2025,4,117271,Manhattan,Central Harlem,false,0.1464
hvfhv,41,dropoff,2025,5,121785,Manhattan,Central Harlem,false,0.1464
hvfhv,41,dropoff,2025,6,114437,Manhattan,Central Harlem,false,0.1464
hvfhv,41,pickup,2024,2,127615,Manhattan,Central Harlem,false,0.1237
hvfhv,41,pickup,2024,3,138812,Manhattan,Central Harlem,false,0.1237
hvfhv,41,pickup,2024,4,130401,Manhattan,Central Harlem,false,0.1237
hvfhv,41,pickup,2024,5,133168,Manhattan,Central Harlem,false,0.1237
hvfhv,41,pickup,2024,6,132073,Manhattan,Central Harlem,false,0.1237
hvfhv,41,pickup,2025,2,128144,Manhattan,Central Harlem,false,0.1237
hvfhv,41,pickup,2025,3,133735,Manhattan,Central Harlem,false,0.1237
hvfhv,41,pickup,2025,4,129519,Manhattan,Central Harlem,false,0.1237
hvfhv,41,pickup,2025,5,133925,Manhattan,Central Harlem,false,0.1237
hvfhv,41,pickup,2025,6,127807,Manhattan,Central Harlem,false,0.1237
hvfhv,42,dropoff,2024,2,164358,Manhattan,Central Harlem North,false,0.1173
hvfhv,42,dropoff,2024,3,179739,Manhattan,Central Harlem North,false,0.1173
hvfhv,42,dropoff,2024,4,164198,Manhattan,Central Harlem North,false,0.1173
hvfhv,42,dropoff,2024,5,164999,Manhattan,Central Harlem North,false,0.1173
hvfhv,42,dropoff,2024,6,163593,Manhattan,Central Harlem North,false,0.1173
hvfhv,42,dropoff,2025,2,156957,Manhattan,Central Harlem North,false,0.1173
hvfhv,42,dropoff,2025,3,169249,Manhattan,Central Harlem North,false,0.1173
hvfhv,42,dropoff,2025,4,160472,Manhattan,Central Harlem North,false,0.1173
hvfhv,42,dropoff,2025,5,162250,Manhattan,Central Harlem North,false,0.1173
hvfhv,42,dropoff,2025,6,153951,Manhattan,Central Harlem North,false,0.1173
hvfhv,42,pickup,2024,2,178071,Manhattan,Central Harlem North,false,0.1009
hvfhv,42,pickup,2024,3,195266,Manhattan,Central Harlem North,false,0.1009
hvfhv,42,pickup,2024,4,180286,Manhattan,Central Harlem North,false,0.1009
hvfhv,42,pickup,2024,5,183014,Manhattan,Central Harlem North,false,0.1009
hvfhv,42,pickup,2024,6,179440,Manhattan,Central Harlem North,false,0.1009
hvfhv,42,pickup,2025,2,174423,Manhattan,Central Harlem North,false,0.1009
hvfhv,42,pickup,2025,3,188070,Manhattan,Central Harlem North,false,0.1009
hvfhv,42,pickup,2025,4,179274,Manhattan,Central Harlem North,false,0.1009
hvfhv,42,pickup,2025,5,182569,Manhattan,Central Harlem North,false,0.1009
hvfhv,42,pickup,2025,6,172391,Manhattan,Central Harlem North,false,0.1009
hvfhv,43,dropoff,2024,2,34106,Manhattan,Central Park,false,0.5301
hvfhv,43,dropoff,2024,3,40680,Manhattan,Central Park,false,0.5301
hvfhv,43,dropoff,2024,4,42463,Manhattan,Central Park,false,0.5301
hvfhv,43,dropoff,2024,5,45947,Manhattan,Central Park,false,0.5301
hvfhv,43,dropoff,2024,6,46811,Manhattan,Central Park,false,0.5301
hvfhv,43,dropoff,2025,2,34227,Manhattan,Central Park,false,0.5301
hvfhv,43,dropoff,2025,3,35960,Manhattan,Central Park,false,0.5301
hvfhv,43,dropoff,2025,4,42570,Manhattan,Central Park,false,0.5301
hvfhv,43,dropoff,2025,5,46181,Manhattan,Central Park,false,0.5301
hvfhv,43,dropoff,2025,6,43634,Manhattan,Central Park,false,0.5301
hvfhv,43,pickup,2024,2,23060,Manhattan,Central Park,false,0.4861
hvfhv,43,pickup,2024,3,28106,Manhattan,Central Park,false,0.4861
hvfhv,43,pickup,2024,4,30394,Manhattan,Central Park,false,0.4861
hvfhv,43,pickup,2024,5,34426,Manhattan,Central Park,false,0.4861
hvfhv,43,pickup,2024,6,34325,Manhattan,Central Park,false,0.4861
hvfhv,43,pickup,2025,2,23181,Manhattan,Central Park,false,0.4861
hvfhv,43,pickup,2025,3,25697,Manhattan,Central Park,false,0.4861
hvfhv,43,pickup,2025,4,30194,Manhattan,Central Park,false,0.4861
hvfhv,43,pickup,2025,5,33376,Manhattan,Central Park,false,0.4861
hvfhv,43,pickup,2025,6,31200,Manhattan,Central Park,false,0.4861
hvfhv,44,dropoff,2024,2,7177,Staten Island,Charleston/Tottenville,false,0.0316
hvfhv,44,dropoff,2024,3,8200,Staten Island,Charleston/Tottenville,false,0.0316
hvfhv,44,dropoff,2024,4,7796,Staten Island,Charleston/Tottenville,false,0.0316
hvfhv,44,dropoff,2024,5,8367,Staten Island,Charleston/Tottenville,false,0.0316
hvfhv,44,dropoff,2024,6,8586,Staten Island,Charleston/Tottenville,false,0.0316
hvfhv,44,dropoff,2025,2,8075,Staten Island,Charleston/Tottenville,false,0.0316
hvfhv,44,dropoff,2025,3,8975,Staten Island,Charleston/Tottenville,false,0.0316
hvfhv,44,dropoff,2025,4,8477,Staten Island,Charleston/Tottenville,false,0.0316
hvfhv,44,dropoff,2025,5,9697,Staten Island,Charleston/Tottenville,false,0.0316
hvfhv,44,dropoff,2025,6,9899,Staten Island,Charleston/Tottenville,false,0.0316
hvfhv,44,pickup,2024,2,7139,Staten Island,Charleston/Tottenville,false,0.0161
hvfhv,44,pickup,2024,3,7988,Staten Island,Charleston/Tottenville,false,0.0161
hvfhv,44,pickup,2024,4,7762,Staten Island,Charleston/Tottenville,false,0.0161
hvfhv,44,pickup,2024,5,8286,Staten Island,Charleston/Tottenville,false,0.0161
hvfhv,44,pickup,2024,6,8495,Staten Island,Charleston/Tottenville,false,0.0161
hvfhv,44,pickup,2025,2,8208,Staten Island,Charleston/Tottenville,false,0.0161
hvfhv,44,pickup,2025,3,9005,Staten Island,Charleston/Tottenville,false,0.0161
hvfhv,44,pickup,2025,4,8340,Staten Island,Charleston/Tottenville,false,0.0161
hvfhv,44,pickup,2025,5,9652,Staten Island,Charleston/Tottenville,false,0.0161
hvfhv,44,pickup,2025,6,9809,Staten Island,Charleston/Tottenville,false,0.0161
hvfhv,45,dropoff,2024,2,45502,Manhattan,Chinatown,true,1.0
hvfhv,45,dropoff,2024,3,46899,Manhattan,Chinatown,true,1.0
hvfhv,45,dropoff,2024,4,42232,Manhattan,Chinatown,true,1.0
hvfhv,45,dropoff,2024,5,45692,Manhattan,Chinatown,true,1.0
hvfhv,45,dropoff,2024,6,43326,Manhattan,Chinatown,true,1.0
hvfhv,45,dropoff,2025,2,42255,Manhattan,Chinatown,true,1.0
hvfhv,45,dropoff,2025,3,43277,Manhattan,Chinatown,true,1.0
hvfhv,45,dropoff,2025,4,42491,Manhattan,Chinatown,true,1.0
hvfhv,45,dropoff,2025,5,44967,Manhattan,Chinatown,true,1.0
hvfhv,45,dropoff,2025,6,41442,Manhattan,Chinatown,true,1.0
hvfhv,45,pickup,2024,2,51626,Manhattan,Chinatown,true,1.0
hvfhv,45,pickup,2024,3,54255,Manhattan,Chinatown,true,1.0
hvfhv,45,pickup,2024,4,48053,Manhattan,Chinatown,true,1.0
hvfhv,45,pickup,2024,5,52073,Manhattan,Chinatown,true,1.0
hvfhv,45,pickup,2024,6,49610,Manhattan,Chinatown,true,1.0
hvfhv,45,pickup,2025,2,48511,Manhattan,Chinatown,true,1.0
hvfhv,45,pickup,2025,3,49397,Manhattan,Chinatown,true,1.0
hvfhv,45,pickup,2025,4,49108,Manhattan,Chinatown,true,1.0
hvfhv,45,pickup,2025,5,51364,Manhattan,Chinatown,true,1.0
hvfhv,45,pickup,2025,6,47391,Manhattan,Chinatown,true,1.0
hvfhv,46,dropoff,2024,2,3146,Bronx,City Island,false,0.0387
hvfhv,46,dropoff,2024,3,3946,Bronx,City Island,false,0.0387
hvfhv,46,dropoff,2024,4,3847,Bronx,City Island,false,0.0387
hvfhv,46,dropoff,2024,5,4929,Bronx,City Island,false,0.0387
hvfhv,46,dropoff,2024,6,5923,Bronx,City Island,false,0.0387
hvfhv,46,dropoff,2025,2,3390,Bronx,City Island,false,0.0387
hvfhv,46,dropoff,2025,3,4219,Bronx,City Island,false,0.0387
hvfhv,46,dropoff,2025,4,4190,Bronx,City Island,false,0.0387
hvfhv,46,dropoff,2025,5,5194,Bronx,City Island,false,0.0387
hvfhv,46,dropoff,2025,6,6019,Bronx,City Island,false,0.0387
hvfhv,46,pickup,2024,2,2870,Bronx,City Island,false,0.0338
hvfhv,46,pickup,2024,3,3566,Bronx,City Island,false,0.0338
hvfhv,46,pickup,2024,4,3539,Bronx,City Island,false,0.0338
hvfhv,46,pickup,2024,5,4613,Bronx,City Island,false,0.0338
hvfhv,46,pickup,2024,6,5441,Bronx,City Island,false,0.0338
hvfhv,46,pickup,2025,2,3134,Bronx,City Island,false,0.0338
hvfhv,46,pickup,2025,3,3828,Bronx,City Island,false,0.0338
hvfhv,46,pickup,2025,4,3701,Bronx,City Island,false,0.0338
hvfhv,46,pickup,2025,5,4633,Bronx,City Island,false,0.0338
hvfhv,46,pickup,2025,6,5496,Bronx,City Island,false,0.0338
hvfhv,47,dropoff,2024,2,60559,Bronx,Claremont/Bathgate,false,0.0282
hvfhv,47,dropoff,2024,3,69347,Bronx,Claremont/Bathgate,false,0.0282
hvfhv,47,dropoff,2024,4,61354,Bronx,Claremont/Bathgate,false,0.0282
hvfhv,47,dropoff,2024,5,63432,Bronx,Claremont/Bathgate,false,0.0282
hvfhv,47,dropoff,2024,6,60884,Bronx,Claremont/Bathgate,false,0.0282
hvfhv,47,dropoff,2025,2,62514,Bronx,Claremont/Bathgate,false,0.0282
hvfhv,47,dropoff,2025,3,68690,Bronx,Claremont/Bathgate,false,0.0282
hvfhv,47,dropoff,2025,4,62769,Bronx,Claremont/Bathgate,false,0.0282
hvfhv,47,dropoff,2025,5,65984,Bronx,Claremont/Bathgate,false,0.0282
hvfhv,47,dropoff,2025,6,61819,Bronx,Claremont/Bathgate,false,0.0282
hvfhv,47,pickup,2024,2,63752,Bronx,Claremont/Bathgate,false,0.0286
hvfhv,47,pickup,2024,3,72567,Bronx,Claremont/Bathgate,false,0.0286
hvfhv,47,pickup,2024,4,65171,Bronx,Claremont/Bathgate,false,0.0286
hvfhv,47,pickup,2024,5,67006,Bronx,Claremont/Bathgate,false,0.0286
hvfhv,47,pickup,2024,6,64635,Bronx,Claremont/Bathgate,false,0.0286
hvfhv,47,pickup,2025,2,65409,Bronx,Claremont/Bathgate,false,0.0286
hvfhv,47,pickup,2025,3,72579,Bronx,Claremont/Bathgate,false,0.0286
hvfhv,47,pickup,2025,4,66066,Bronx,Claremont/Bathgate,false,0.0286
hvfhv,47,pickup,2025,5,69381,Bronx,Claremont/Bathgate,false,0.0286
hvfhv,47,pickup,2025,6,64568,Bronx,Claremont/Bathgate,false,0.0286
hvfhv,48,dropoff,2024,2,157731,Manhattan,Clinton East,true,1.0
hvfhv,48,dropoff,2024,3,172150,Manhattan,Clinton East,true,1.0
hvfhv,48,dropoff,2024,4,155115,Manhattan,Clinton East,true,1.0
hvfhv,48,dropoff,2024,5,162741,Manhattan,Clinton East,true,1.0
hvfhv,48,dropoff,2024,6,162476,Manhattan,Clinton East,true,1.0
hvfhv,48,dropoff,2025,2,147373,Manhattan,Clinton East,true,1.0
hvfhv,48,dropoff,2025,3,156320,Manhattan,Clinton East,true,1.0
hvfhv,48,dropoff,2025,4,148659,Manhattan,Clinton East,true,1.0
hvfhv,48,dropoff,2025,5,150829,Manhattan,Clinton East,true,1.0
hvfhv,48,dropoff,2025,6,146337,Manhattan,Clinton East,true,1.0
hvfhv,48,pickup,2024,2,188021,Manhattan,Clinton East,true,1.0
hvfhv,48,pickup,2024,3,207370,Manhattan,Clinton East,true,1.0
hvfhv,48,pickup,2024,4,189858,Manhattan,Clinton East,true,1.0
hvfhv,48,pickup,2024,5,204675,Manhattan,Clinton East,true,1.0
hvfhv,48,pickup,2024,6,204641,Manhattan,Clinton East,true,1.0
hvfhv,48,pickup,2025,2,182303,Manhattan,Clinton East,true,1.0
hvfhv,48,pickup,2025,3,196119,Manhattan,Clinton East,true,1.0
hvfhv,48,pickup,2025,4,187846,Manhattan,Clinton East,true,1.0
hvfhv,48,pickup,2025,5,198575,Manhattan,Clinton East,true,1.0
hvfhv,48,pickup,2025,6,189411,Manhattan,Clinton East,true,1.0
hvfhv,49,dropoff,2024,2,123044,Brooklyn,Clinton Hill,false,0.1711
hvfhv,49,dropoff,2024,3,134636,Brooklyn,Clinton Hill,false,0.1711
hvfhv,49,dropoff,2024,4,122236,Brooklyn,Clinton Hill,false,0.1711
hvfhv,49,dropoff,2024,5,124730,Brooklyn,Clinton Hill,false,0.1711
hvfhv,49,dropoff,2024,6,119157,Brooklyn,Clinton Hill,false,0.1711
hvfhv,49,dropoff,2025,2,124664,Brooklyn,Clinton Hill,false,0.1711
hvfhv,49,dropoff,2025,3,126446,Brooklyn,Clinton Hill,false,0.1711
hvfhv,49,dropoff,2025,4,121603,Brooklyn,Clinton Hill,false,0.1711
hvfhv,49,dropoff,2025,5,130787,Brooklyn,Clinton Hill,false,0.1711
hvfhv,49,dropoff,2025,6,114082,Brooklyn,Clinton Hill,false,0.1711
hvfhv,49,pickup,2024,2,121954,Brooklyn,Clinton Hill,false,0.1469
hvfhv,49,pickup,2024,3,132092,Brooklyn,Clinton Hill,false,0.1469
hvfhv,49,pickup,2024,4,119768,Brooklyn,Clinton Hill,false,0.1469
hvfhv,49,pickup,2024,5,123858,Brooklyn,Clinton Hill,false,0.1469
hvfhv,49,pickup,2024,6,117674,Brooklyn,Clinton Hill,false,0.1469
hvfhv,49,pickup,2025,2,123530,Brooklyn,Clinton Hill,false,0.1469
hvfhv,49,pickup,2025,3,125521,Brooklyn,Clinton Hill,false,0.1469
hvfhv,49,pickup,2025,4,120005,Brooklyn,Clinton Hill,false,0.1469
hvfhv,49,pickup,2025,5,131432,Brooklyn,Clinton Hill,false,0.1469
hvfhv,49,pickup,2025,6,114889,Brooklyn,Clinton Hill,false,0.1469
hvfhv,50,dropoff,2024,2,95025,Manhattan,Clinton West,true,1.0
hvfhv,50,dropoff,2024,3,98909,Manhattan,Clinton West,true,1.0
hvfhv,50,dropoff,2024,4,96470,Manhattan,Clinton West,true,1.0
hvfhv,50,dropoff,2024,5,101255,Manhattan,Clinton West,true,1.0
hvfhv,50,dropoff,2024,6,97343,Manhattan,Clinton West,true,1.0
hvfhv,50,dropoff,2025,2,83482,Manhattan,Clinton West,true,1.0
hvfhv,50,dropoff,2025,3,85538,Manhattan,Clinton West,true,1.0
hvfhv,50,dropoff,2025,4,88599,Manhattan,Clinton West,true,1.0
hvfhv,50,dropoff,2025,5,91369,Manhattan,Clinton West,true,1.0
hvfhv,50,dropoff,2025,6,84914,Manhattan,Clinton West,true,1.0
hvfhv,50,pickup,2024,2,113142,Manhattan,Clinton West,true,1.0
hvfhv,50,pickup,2024,3,120522,Manhattan,Clinton West,true,1.0
hvfhv,50,pickup,2024,4,114813,Manhattan,Clinton West,true,1.0
hvfhv,50,pickup,2024,5,122876,Manhattan,Clinton West,true,1.0
hvfhv,50,pickup,2024,6,119641,Manhattan,Clinton West,true,1.0
hvfhv,50,pickup,2025,2,102826,Manhattan,Clinton West,true,1.0
hvfhv,50,pickup,2025,3,106386,Manhattan,Clinton West,true,1.0
hvfhv,50,pickup,2025,4,108172,Manhattan,Clinton West,true,1.0
hvfhv,50,pickup,2025,5,110131,Manhattan,Clinton West,true,1.0
hvfhv,50,pickup,2025,6,106362,Manhattan,Clinton West,true,1.0
hvfhv,51,dropoff,2024,2,68328,Bronx,Co-Op City,false,0.024
hvfhv,51,dropoff,2024,3,76248,Bronx,Co-Op City,false,0.024
hvfhv,51,dropoff,2024,4,68652,Bronx,Co-Op City,false,0.024
hvfhv,51,dropoff,2024,5,71537,Bronx,Co-Op City,false,0.024
hvfhv,51,dropoff,2024,6,73813,Bronx,Co-Op City,false,0.024
hvfhv,51,dropoff,2025,2,68649,Bronx,Co-Op City,false,0.024
hvfhv,51,dropoff,2025,3,73174,Bronx,Co-Op City,false,0.024
hvfhv,51,dropoff,2025,4,70903,Bronx,Co-Op City,false,0.024
hvfhv,51,dropoff,2025,5,77641,Bronx,Co-Op City,false,0.024
hvfhv,51,dropoff,2025,6,73187,Bronx,Co-Op City,false,0.024
hvfhv,51,pickup,2024,2,72635,Bronx,Co-Op City,false,0.0201
hvfhv,51,pickup,2024,3,81358,Bronx,Co-Op City,false,0.0201
hvfhv,51,pickup,2024,4,74287,Bronx,Co-Op City,false,0.0201
hvfhv,51,pickup,2024,5,75742,Bronx,Co-Op City,false,0.0201
hvfhv,51,pickup,2024,6,77915,Bronx,Co-Op City,false,0.0201
hvfhv,51,pickup,2025,2,74127,Bronx,Co-Op City,false,0.0201
hvfhv,51,pickup,2025,3,79119,Bronx,Co-Op City,false,0.0201
hvfhv,51,pickup,2025,4,76259,Bronx,Co-Op City,false,0.0201
hvfhv,51,pickup,2025,5,83818,Bronx,Co-Op City,false,0.0201
hvfhv,51,pickup,2025,6,79489,Bronx,Co-Op City,false,0.0201
hvfhv,52,dropoff,2024,2,27678,Brooklyn,Cobble Hill,false,0.2322
hvfhv,52,dropoff,2024,3,29539,Brooklyn,Cobble Hill,false,0.2322
hvfhv,52,dropoff,2024,4,27086,Brooklyn,Cobble Hill,false,0.2322
hvfhv,52,dropoff,2024,5,27891,Brooklyn,Cobble Hill,false,0.2322
hvfhv,52,dropoff,2024,6,26808,Brooklyn,Cobble Hill,false,0.2322
hvfhv,52,dropoff,2025,2,28441,Brooklyn,Cobble Hill,false,0.2322
hvfhv,52,dropoff,2025,3,28238,Brooklyn,Cobble Hill,false,0.2322
hvfhv,52,dropoff,2025,4,27627,Brooklyn,Cobble Hill,false,0.2322
hvfhv,52,dropoff,2025,5,29792,Brooklyn,Cobble Hill,false,0.2322
hvfhv,52,dropoff,2025,6,26424,Brooklyn,Cobble Hill,false,0.2322
hvfhv,52,pickup,2024,2,31349,Brooklyn,Cobble Hill,false,0.1998
hvfhv,52,pickup,2024,3,33599,Brooklyn,Cobble Hill,false,0.1998
hvfhv,52,pickup,2024,4,31275,Brooklyn,Cobble Hill,false,0.1998
hvfhv,52,pickup,2024,5,32025,Brooklyn,Cobble Hill,false,0.1998
hvfhv,52,pickup,2024,6,30572,Brooklyn,Cobble Hill,false,0.1998
hvfhv,52,pickup,2025,2,31333,Brooklyn,Cobble Hill,false,0.1998
hvfhv,52,pickup,2025,3,31354,Brooklyn,Cobble Hill,false,0.1998
hvfhv,52,pickup,2025,4,30753,Brooklyn,Cobble Hill,false,0.1998
hvfhv,52,pickup,2025,5,33288,Brooklyn,Cobble Hill,false,0.1998
hvfhv,52,pickup,2025,6,29793,Brooklyn,Cobble Hill,false,0.1998
hvfhv,53,dropoff,2024,2,27791,Queens,College Point,false,0.0386
hvfhv,53,dropoff,2024,3,30430,Queens,College Point,false,0.0386
hvfhv,53,dropoff,2024,4,29449,Queens,College Point,false,0.0386
hvfhv,53,dropoff,2024,5,31338,Queens,College Point,false,0.0386
hvfhv,53,dropoff,2024,6,30090,Queens,College Point,false,0.0386
hvfhv,53,dropoff,2025,2,28672,Queens,College Point,false,0.0386
hvfhv,53,dropoff,2025,3,30910,Queens,College Point,false,0.0386
hvfhv,53,dropoff,2025,4,30317,Queens,College Point,false,0.0386
hvfhv,53,dropoff,2025,5,33696,Queens,College Point,false,0.0386
hvfhv,53,dropoff,2025,6,32501,Queens,College Point,false,0.0386
hvfhv,53,pickup,2024,2,26438,Queens,College Point,false,0.0345
hvfhv,53,pickup,2024,3,29000,Queens,College Point,false,0.0345
hvfhv,53,pickup,2024,4,28188,Queens,College Point,false,0.0345
hvfhv,53,pickup,2024,5,30125,Queens,College Point,false,0.0345
hvfhv,53,pickup,2024,6,29363,Queens,College Point,false,0.0345
hvfhv,53,pickup,2025,2,27554,Queens,College Point,false,0.0345
hvfhv,53,pickup,2025,3,29592,Queens,College Point,false,0.0345
hvfhv,53,pickup,2025,4,28952,Queens,College Point,false,0.0345
hvfhv,53,pickup,2025,5,32821,Queens,College Point,false,0.0345
hvfhv,53,pickup,2025,6,31400,Queens,College Point,false,0.0345
hvfhv,54,dropoff,2024,2,11085,Brooklyn,Columbia Street,false,0.2165
hvfhv,54,dropoff,2024,3,12026,Brooklyn,Columbia Street,false,0.2165
hvfhv,54,dropoff,2024,4,11397,Brooklyn,Columbia Street,false,0.2165
hvfhv,54,dropoff,2024,5,12016,Brooklyn,Columbia Street,false,0.2165
hvfhv,54,dropoff,2024,6,11642,Brooklyn,Columbia Street,false,0.2165
hvfhv,54,dropoff,2025,2,11589,Brooklyn,Columbia Street,false,0.2165
hvfhv,54,dropoff,2025,3,11511,Brooklyn,Columbia Street,false,0.2165
hvfhv,54,dropoff,2025,4,11247,Brooklyn,Columbia Street,false,0.2165
hvfhv,54,dropoff,2025,5,12896,Brooklyn,Columbia Street,false,0.2165
hvfhv,54,dropoff,2025,6,11592,Brooklyn,Columbia Street,false,0.2165
hvfhv,54,pickup,2024,2,10878,Brooklyn,Columbia Street,false,0.2233
hvfhv,54,pickup,2024,3,11859,Brooklyn,Columbia Street,false,0.2233
hvfhv,54,pickup,2024,4,11089,Brooklyn,Columbia Street,false,0.2233
hvfhv,54,pickup,2024,5,11965,Brooklyn,Columbia Street,false,0.2233
hvfhv,54,pickup,2024,6,11893,Brooklyn,Columbia Street,false,0.2233
hvfhv,54,pickup,2025,2,11464,Brooklyn,Columbia Street,false,0.2233
hvfhv,54,pickup,2025,3,11864,Brooklyn,Columbia Street,false,0.2233
hvfhv,54,pickup,2025,4,11596,Brooklyn,Columbia Street,false,0.2233
hvfhv,54,pickup,2025,5,12950,Brooklyn,Columbia Street,false,0.2233
hvfhv,54,pickup,2025,6,11833,Brooklyn,Columbia Street,false,0.2233
hvfhv,55,dropoff,2024,2,49340,Brooklyn,Coney Island,false,0.0398
hvfhv,55,dropoff,2024,3,55651,Brooklyn,Coney Island,false,0.0398
hvfhv,55,dropoff,2024,4,52298,Brooklyn,Coney Island,false,0.0398
hvfhv,55,dropoff,2024,5,57470,Brooklyn,Coney Island,false,0.0398
hvfhv,55,dropoff,2024,6,62443,Brooklyn,Coney Island,false,0.0398
hvfhv,55,dropoff,2025,2,51779,Brooklyn,Coney Island,false,0.0398
hvfhv,55,dropoff,2025,3,57502,Brooklyn,Coney Island,false,0.0398
hvfhv,55,dropoff,2025,4,55113,Brooklyn,Coney Island,false,0.0398
hvfhv,55,dropoff,2025,5,62464,Brooklyn,Coney Island,false,0.0398
hvfhv,55,dropoff,2025,6,64746,Brooklyn,Coney Island,false,0.0398
hvfhv,55,pickup,2024,2,48236,Brooklyn,Coney Island,false,0.0366
hvfhv,55,pickup,2024,3,54287,Brooklyn,Coney Island,false,0.0366
hvfhv,55,pickup,2024,4,50540,Brooklyn,Coney Island,false,0.0366
hvfhv,55,pickup,2024,5,55556,Brooklyn,Coney Island,false,0.0366
hvfhv,55,pickup,2024,6,58843,Brooklyn,Coney Island,false,0.0366
hvfhv,55,pickup,2025,2,50510,Brooklyn,Coney Island,false,0.0366
hvfhv,55,pickup,2025,3,56716,Brooklyn,Coney Island,false,0.0366
hvfhv,55,pickup,2025,4,53518,Brooklyn,Coney Island,false,0.0366
hvfhv,55,pickup,2025,5,60373,Brooklyn,Coney Island,false,0.0366
hvfhv,55,pickup,2025,6,61740,Brooklyn,Coney Island,false,0.0366
hvfhv,56,dropoff,2024,2,48492,Queens,Corona,false,0.0527
hvfhv,56,dropoff,2024,3,53529,Queens,Corona,false,0.0527
hvfhv,56,dropoff,2024,4,49617,Queens,Corona,false,0.0527
hvfhv,56,dropoff,2024,5,52463,Queens,Corona,false,0.0527
hvfhv,56,dropoff,2024,6,54048,Queens,Corona,false,0.0527
hvfhv,56,dropoff,2025,2,50634,Queens,Corona,false,0.0527
hvfhv,56,dropoff,2025,3,53471,Queens,Corona,false,0.0527
hvfhv,56,dropoff,2025,4,50812,Queens,Corona,false,0.0527
hvfhv,56,dropoff,2025,5,57304,Queens,Corona,false,0.0527
hvfhv,56,dropoff,2025,6,55804,Queens,Corona,false,0.0527
hvfhv,56,pickup,2024,2,54757,Queens,Corona,false,0.0463
hvfhv,56,pickup,2024,3,59973,Queens,Corona,false,0.0463
hvfhv,56,pickup,2024,4,56042,Queens,Corona,false,0.0463
hvfhv,56,pickup,2024,5,59037,Queens,Corona,false,0.0463
hvfhv,56,pickup,2024,6,60831,Queens,Corona,false,0.0463
hvfhv,56,pickup,2025,2,56745,Queens,Corona,false,0.0463
hvfhv,56,pickup,2025,3,60294,Queens,Corona,false,0.0463
hvfhv,56,pickup,2025,4,58655,Queens,Corona,false,0.0463
hvfhv,56,pickup,2025,5,64799,Queens,Corona,false,0.0463
hvfhv,56,pickup,2025,6,64426,Queens,Corona,false,0.0463
hvfhv,57,dropoff,2024,2,3444,Queens,Corona,false,0.0315
hvfhv,57,dropoff,2024,3,3796,Queens,Corona,false,0.0315
hvfhv,57,dropoff,2024,4,3483,Queens,Corona,false,0.0315
hvfhv,57,dropoff,2024,5,3897,Queens,Corona,false,0.0315
hvfhv,57,dropoff,2024,6,4096,Queens,Corona,false,0.0315
hvfhv,57,dropoff,2025,2,3775,Queens,Corona,false,0.0315
hvfhv,57,dropoff,2025,3,3882,Queens,Corona,false,0.0315
hvfhv,57,dropoff,2025,4,3857,Queens,Corona,false,0.0315
hvfhv,57,dropoff,2025,5,4055,Queens,Corona,false,0.0315
hvfhv,57,dropoff,2025,6,4048,Queens,Corona,false,0.0315
hvfhv,57,pickup,2024,2,3918,Queens,Corona,false,0.0278
hvfhv,57,pickup,2024,3,4220,Queens,Corona,false,0.0278
hvfhv,57,pickup,2024,4,4036,Queens,Corona,false,0.0278
hvfhv,57,pickup,2024,5,4153,Queens,Corona,false,0.0278
hvfhv,57,pickup,2024,6,4537,Queens,Corona,false,0.0278
hvfhv,57,pickup,2025,2,4068,Queens,Corona,false,0.0278
hvfhv,57,pickup,2025,3,4215,Queens,Corona,false,0.0278
hvfhv,57,pickup,2025,4,4560,Queens,Corona,false,0.0278
hvfhv,57,pickup,2025,5,5030,Queens,Corona,false,0.0278
hvfhv,57,pickup,2025,6,5165,Queens,Corona,false,0.0278
hvfhv,58,dropoff,2024,2,5688,Bronx,Country Club,false,0.0613
hvfhv,58,dropoff,2024,3,6449,Bronx,Country Club,false,0.0613
hvfhv,58,dropoff,2024,4,6026,Bronx,Country Club,false,0.0613
hvfhv,58,dropoff,2024,5,6536,Bronx,Country Club,false,0.0613
hvfhv,58,dropoff,2024,6,6628,Bronx,Country Club,false,0.0613
hvfhv,58,dropoff,2025,2,6207,Bronx,Country Club,false,0.0613
hvfhv,58,dropoff,2025,3,6716,Bronx,Country Club,false,0.0613
hvfhv,58,dropoff,2025,4,6302,Bronx,Country Club,false,0.0613
hvfhv,58,dropoff,2025,5,6816,Bronx,Country Club,false,0.0613
hvfhv,58,dropoff,2025,6,6548,Bronx,Country Club,false,0.0613
hvfhv,58,pickup,2024,2,6039,Bronx,Country Club,false,0.0401
hvfhv,58,pickup,2024,3,6798,Bronx,Country Club,false,0.0401
hvfhv,58,pickup,2024,4,6425,Bronx,Country Club,false,0.0401
hvfhv,58,pickup,2024,5,6953,Bronx,Country Club,false,0.0401
hvfhv,58,pickup,2024,6,6882,Bronx,Country Club,false,0.0401
hvfhv,58,pickup,2025,2,6239,Bronx,Country Club,false,0.0401
hvfhv,58,pickup,2025,3,6905,Bronx,Country Club,false,0.0401
hvfhv,58,pickup,2025,4,6489,Bronx,Country Club,false,0.0401
hvfhv,58,pickup,2025,5,7304,Bronx,Country Club,false,0.0401
hvfhv,58,pickup,2025,6,6972,Bronx,Country Club,false,0.0401
hvfhv,59,dropoff,2024,2,1976,Bronx,Crotona Park,false,0.0348
hvfhv,59,dropoff,2024,3,2316,Bronx,Crotona Park,false,0.0348
hvfhv,59,dropoff,2024,4,2413,Bronx,Crotona Park,false,0.0348
hvfhv,59,dropoff,2024,5,2614,Bronx,Crotona Park,false,0.0348
hvfhv,59,dropoff,2024,6,3242,Bronx,Crotona Park,false,0.0348
hvfhv,59,dropoff,2025,2,2346,Bronx,Crotona Park,false,0.0348
hvfhv,59,dropoff,2025,3,2917,Bronx,Crotona Park,false,0.0348
hvfhv,59,dropoff,2025,4,2522,Bronx,Crotona Park,false,0.0348
hvfhv,59,dropoff,2025,5,2816,Bronx,Crotona Park,false,0.0348
hvfhv,59,dropoff,2025,6,3228,Bronx,Crotona Park,false,0.0348
hvfhv,59,pickup,2024,2,2013,Bronx,Crotona Park,false,0.0401
hvfhv,59,pickup,2024,3,2157,Bronx,Crotona Park,false,0.0401
hvfhv,59,pickup,2024,4,2158,Bronx,Crotona Park,false,0.0401
hvfhv,59,pickup,2024,5,2152,Bronx,Crotona Park,false,0.0401
hvfhv,59,pickup,2024,6,2553,Bronx,Crotona Park,false,0.0401
hvfhv,59,pickup,2025,2,2183,Bronx,Crotona Park,false,0.0401
hvfhv,59,pickup,2025,3,2644,Bronx,Crotona Park,false,0.0401
hvfhv,59,pickup,2025,4,2424,Bronx,Crotona Park,false,0.0401
hvfhv,59,pickup,2025,5,2499,Bronx,Crotona Park,false,0.0401
hvfhv,59,pickup,2025,6,2601,Bronx,Crotona Park,false,0.0401
hvfhv,60,dropoff,2024,2,39931,Bronx,Crotona Park East,false,0.0328
hvfhv,60,dropoff,2024,3,44739,Bronx,Crotona Park East,false,0.0328
hvfhv,60,dropoff,2024,4,40049,Bronx,Crotona Park East,false,0.0328
hvfhv,60,dropoff,2024,5,41158,Bronx,Crotona Park East,false,0.0328
hvfhv,60,dropoff,2024,6,40286,Bronx,Crotona Park East,false,0.0328
hvfhv,60,dropoff,2025,2,40502,Bronx,Crotona Park East,false,0.0328
hvfhv,60,dropoff,2025,3,44872,Bronx,Crotona Park East,false,0.0328
hvfhv,60,dropoff,2025,4,40712,Bronx,Crotona Park East,false,0.0328
hvfhv,60,dropoff,2025,5,43448,Bronx,Crotona Park East,false,0.0328
hvfhv,60,dropoff,2025,6,41004,Bronx,Crotona Park East,false,0.0328
hvfhv,60,pickup,2024,2,43358,Bronx,Crotona Park East,false,0.0326
hvfhv,60,pickup,2024,3,48750,Bronx,Crotona Park East,false,0.0326
hvfhv,60,pickup,2024,4,43957,Bronx,Crotona Park East,false,0.0326
hvfhv,60,pickup,2024,5,45071,Bronx,Crotona Park East,false,0.0326
hvfhv,60,pickup,2024,6,44133,Bronx,Crotona Park East,false,0.0326
hvfhv,60,pickup,2025,2,44647,Bronx,Crotona Park East,false,0.0326
hvfhv,60,pickup,2025,3,49192,Bronx,Crotona Park East,false,0.0326
hvfhv,60,pickup,2025,4,45543,Bronx,Crotona Park East,false,0.0326
hvfhv,60,pickup,2025,5,47653,Bronx,Crotona Park East,false,0.0326
hvfhv,60,pickup,2025,6,45256,Bronx,Crotona Park East,false,0.0326
hvfhv,61,dropoff,2024,2,268756,Brooklyn,Crown Heights North,false,0.0838
hvfhv,61,dropoff,2024,3,303569,Brooklyn,Crown Heights North,false,0.0838
hvfhv,61,dropoff,2024,4,266195,Brooklyn,Crown Heights North,false,0.0838
hvfhv,61,dropoff,2024,5,280911,Brooklyn,Crown Heights North,false,0.0838
hvfhv,61,dropoff,2024,6,282643,Brooklyn,Crown Heights North,false,0.0838
hvfhv,61,dropoff,2025,2,266000,Brooklyn,Crown Heights North,false,0.0838
hvfhv,61,dropoff,2025,3,282765,Brooklyn,Crown Heights North,false,0.0838
hvfhv,61,dropoff,2025,4,265258,Brooklyn,Crown Heights North,false,0.0838
hvfhv,61,dropoff,2025,5,289030,Brooklyn,Crown Heights North,false,0.0838
hvfhv,61,dropoff,2025,6,279432,Brooklyn,Crown Heights North,false,0.0838
hvfhv,61,pickup,2024,2,260865,Brooklyn,Crown Heights North,false,0.057
hvfhv,61,pickup,2024,3,290279,Brooklyn,Crown Heights North,false,0.057
hvfhv,61,pickup,2024,4,254591,Brooklyn,Crown Heights North,false,0.057
hvfhv,61,pickup,2024,5,266798,Brooklyn,Crown Heights North,false,0.057
hvfhv,61,pickup,2024,6,270556,Brooklyn,Crown Heights North,false,0.057
hvfhv,61,pickup,2025,2,250608,Brooklyn,Crown Heights North,false,0.057
hvfhv,61,pickup,2025,3,268505,Brooklyn,Crown Heights North,false,0.057
hvfhv,61,pickup,2025,4,251367,Brooklyn,Crown Heights North,false,0.057
hvfhv,61,pickup,2025,5,268100,Brooklyn,Crown Heights North,false,0.057
hvfhv,61,pickup,2025,6,261970,Brooklyn,Crown Heights North,false,0.057
hvfhv,62,dropoff,2024,2,72179,Brooklyn,Crown Heights South,false,0.0748
hvfhv,62,dropoff,2024,3,79461,Brooklyn,Crown Heights South,false,0.0748
hvfhv,62,dropoff,2024,4,69583,Brooklyn,Crown Heights South,false,0.0748
hvfhv,62,dropoff,2024,5,72833,Brooklyn,Crown Heights South,false,0.0748
hvfhv,62,dropoff,2024,6,72234,Brooklyn,Crown Heights South,false,0.0748
hvfhv,62,dropoff,2025,2,74002,Brooklyn,Crown Heights South,false,0.0748
hvfhv,62,dropoff,2025,3,76829,Brooklyn,Crown Heights South,false,0.0748
hvfhv,62,dropoff,2025,4,70045,Brooklyn,Crown Heights South,false,0.0748
hvfhv,62,dropoff,2025,5,75090,Brooklyn,Crown Heights South,false,0.0748
hvfhv,62,dropoff,2025,6,73093,Brooklyn,Crown Heights South,false,0.0748
hvfhv,62,pickup,2024,2,72559,Brooklyn,Crown Heights South,false,0.0518
hvfhv,62,pickup,2024,3,79200,Brooklyn,Crown Heights South,false,0.0518
hvfhv,62,pickup,2024,4,70972,Brooklyn,Crown Heights South,false,0.0518
hvfhv,62,pickup,2024,5,73035,Brooklyn,Crown Heights South,false,0.0518
hvfhv,62,pickup,2024,6,74351,Brooklyn,Crown Heights South,false,0.0518
hvfhv,62,pickup,2025,2,73166,Brooklyn,Crown Heights South,false,0.0518
hvfhv,62,pickup,2025,3,76249,Brooklyn,Crown Heights South,false,0.0518
hvfhv,62,pickup,2025,4,69915,Brooklyn,Crown Heights South,false,0.0518
hvfhv,62,pickup,2025,5,75009,Brooklyn,Crown Heights South,false,0.0518
hvfhv,62,pickup,2025,6,73654,Brooklyn,Crown Heights South,false,0.0518
hvfhv,63,dropoff,2024,2,56792,Brooklyn,Cypress Hills,false,0.0309
hvfhv,63,dropoff,2024,3,65059,Brooklyn,Cypress Hills,false,0.0309
hvfhv,63,dropoff,2024,4,59362,Brooklyn,Cypress Hills,false,0.0309
hvfhv,63,dropoff,2024,5,63028,Brooklyn,Cypress Hills,false,0.0309
hvfhv,63,dropoff,2024,6,61736,Brooklyn,Cypress Hills,false,0.0309
hvfhv,63,dropoff,2025,2,58674,Brooklyn,Cypress Hills,false,0.0309
hvfhv,63,dropoff,2025,3,64626,Brooklyn,Cypress Hills,false,0.0309
hvfhv,63,dropoff,2025,4,60887,Brooklyn,Cypress Hills,false,0.0309
hvfhv,63,dropoff,2025,5,65528,Brooklyn,Cypress Hills,false,0.0309
hvfhv,63,dropoff,2025,6,63131,Brooklyn,Cypress Hills,false,0.0309
hvfhv,63,pickup,2024,2,58518,Brooklyn,Cypress Hills,false,0.0246
hvfhv,63,pickup,2024,3,67471,Brooklyn,Cypress Hills,false,0.0246
hvfhv,63,pickup,2024,4,60561,Brooklyn,Cypress Hills,false,0.0246
hvfhv,63,pickup,2024,5,65898,Brooklyn,Cypress Hills,false,0.0246
hvfhv,63,pickup,2024,6,63402,Brooklyn,Cypress Hills,false,0.0246
hvfhv,63,pickup,2025,2,60805,Brooklyn,Cypress Hills,false,0.0246
hvfhv,63,pickup,2025,3,66909,Brooklyn,Cypress Hills,false,0.0246
hvfhv,63,pickup,2025,4,63044,Brooklyn,Cypress Hills,false,0.0246
hvfhv,63,pickup,2025,5,67282,Brooklyn,Cypress Hills,false,0.0246
hvfhv,63,pickup,2025,6,65238,Brooklyn,Cypress Hills,false,0.0246
hvfhv,64,dropoff,2024,2,10581,Queens,Douglaston,false,0.0637
hvfhv,64,dropoff,2024,3,11652,Queens,Douglaston,false,0.0637
hvfhv,64,dropoff,2024,4,11071,Queens,Douglaston,false,0.0637
hvfhv,64,dropoff,2024,5,11817,Queens,Douglaston,false,0.0637
hvfhv,64,dropoff,2024,6,11967,Queens,Douglaston,false,0.0637
hvfhv,64,dropoff,2025,2,11129,Queens,Douglaston,false,0.0637
hvfhv,64,dropoff,2025,3,12242,Queens,Douglaston,false,0.0637
hvfhv,64,dropoff,2025,4,11663,Queens,Douglaston,false,0.0637
hvfhv,64,dropoff,2025,5,13053,Queens,Douglaston,false,0.0637
hvfhv,64,dropoff,2025,6,12423,Queens,Douglaston,false,0.0637
hvfhv,64,pickup,2024,2,11581,Queens,Douglaston,false,0.0337
hvfhv,64,pickup,2024,3,12848,Queens,Douglaston,false,0.0337
hvfhv,64,pickup,2024,4,12154,Queens,Douglaston,false,0.0337
hvfhv,64,pickup,2024,5,13165,Queens,Douglaston,false,0.0337
hvfhv,64,pickup,2024,6,13469,Queens,Douglaston,false,0.0337
hvfhv,64,pickup,2025,2,12265,Queens,Douglaston,false,0.0337
hvfhv,64,pickup,2025,3,13325,Queens,Douglaston,false,0.0337
hvfhv,64,pickup,2025,4,13016,Queens,Douglaston,false,0.0337
hvfhv,64,pickup,2025,5,14834,Queens,Douglaston,false,0.0337
hvfhv,64,pickup,2025,6,14373,Queens,Douglaston,false,0.0337
hvfhv,65,dropoff,2024,2,81550,Brooklyn,Downtown Brooklyn/MetroTech,false,0.2547
hvfhv,65,dropoff,2024,3,92448,Brooklyn,Downtown Brooklyn/MetroTech,false,0.2547
hvfhv,65,dropoff,2024,4,83882,Brooklyn,Downtown Brooklyn/MetroTech,false,0.2547
hvfhv,65,dropoff,2024,5,89796,Brooklyn,Downtown Brooklyn/MetroTech,false,0.2547
hvfhv,65,dropoff,2024,6,88011,Brooklyn,Downtown Brooklyn/MetroTech,false,0.2547
hvfhv,65,dropoff,2025,2,81452,Brooklyn,Downtown Brooklyn/MetroTech,false,0.2547
hvfhv,65,dropoff,2025,3,86018,Brooklyn,Downtown Brooklyn/MetroTech,false,0.2547
hvfhv,65,dropoff,2025,4,85256,Brooklyn,Downtown Brooklyn/MetroTech,false,0.2547
hvfhv,65,dropoff,2025,5,90952,Brooklyn,Downtown Brooklyn/MetroTech,false,0.2547
hvfhv,65,dropoff,2025,6,85765,Brooklyn,Downtown Brooklyn/MetroTech,false,0.2547
hvfhv,65,pickup,2024,2,91113,Brooklyn,Downtown Brooklyn/MetroTech,false,0.2073
hvfhv,65,pickup,2024,3,103286,Brooklyn,Downtown Brooklyn/MetroTech,false,0.2073
hvfhv,65,pickup,2024,4,94012,Brooklyn,Downtown Brooklyn/MetroTech,false,0.2073
hvfhv,65,pickup,2024,5,100938,Brooklyn,Downtown Brooklyn/MetroTech,false,0.2073
hvfhv,65,pickup,2024,6,99014,Brooklyn,Downtown Brooklyn/MetroTech,false,0.2073
hvfhv,65,pickup,2025,2,90049,Brooklyn,Downtown Brooklyn/MetroTech,false,0.2073
hvfhv,65,pickup,2025,3,92286,Brooklyn,Downtown Brooklyn/MetroTech,false,0.2073
hvfhv,65,pickup,2025,4,91702,Brooklyn,Downtown Brooklyn/MetroTech,false,0.2073
hvfhv,65,pickup,2025,5,100880,Brooklyn,Downtown Brooklyn/MetroTech,false,0.2073
hvfhv,65,pickup,2025,6,93198,Brooklyn,Downtown Brooklyn/MetroTech,false,0.2073
hvfhv,66,dropoff,2024,2,62413,Brooklyn,DUMBO/Vinegar Hill,false,0.3564
hvfhv,66,dropoff,2024,3,68205,Brooklyn,DUMBO/Vinegar Hill,false,0.3564
hvfhv,66,dropoff,2024,4,64787,Brooklyn,DUMBO/Vinegar Hill,false,0.3564
hvfhv,66,dropoff,2024,5,69074,Brooklyn,DUMBO/Vinegar Hill,false,0.3564
hvfhv,66,dropoff,2024,6,69242,Brooklyn,DUMBO/Vinegar Hill,false,0.3564
hvfhv,66,dropoff,2025,2,63197,Brooklyn,DUMBO/Vinegar Hill,false,0.3564
hvfhv,66,dropoff,2025,3,67139,Brooklyn,DUMBO/Vinegar Hill,false,0.3564
hvfhv,66,dropoff,2025,4,67656,Brooklyn,DUMBO/Vinegar Hill,false,0.3564
hvfhv,66,dropoff,2025,5,73090,Brooklyn,DUMBO/Vinegar Hill,false,0.3564
hvfhv,66,dropoff,2025,6,70055,Brooklyn,DUMBO/Vinegar Hill,false,0.3564
hvfhv,66,pickup,2024,2,70446,Brooklyn,DUMBO/Vinegar Hill,false,0.3363
hvfhv,66,pickup,2024,3,77105,Brooklyn,DUMBO/Vinegar Hill,false,0.3363
hvfhv,66,pickup,2024,4,74312,Brooklyn,DUMBO/Vinegar Hill,false,0.3363
hvfhv,66,pickup,2024,5,78175,Brooklyn,DUMBO/Vinegar Hill,false,0.3363
hvfhv,66,pickup,2024,6,77546,Brooklyn,DUMBO/Vinegar Hill,false,0.3363
hvfhv,66,pickup,2025,2,71010,Brooklyn,DUMBO/Vinegar Hill,false,0.3363
hvfhv,66,pickup,2025,3,74455,Brooklyn,DUMBO/Vinegar Hill,false,0.3363
hvfhv,66,pickup,2025,4,75602,Brooklyn,DUMBO/Vinegar Hill,false,0.3363
hvfhv,66,pickup,2025,5,80399,Brooklyn,DUMBO/Vinegar Hill,false,0.3363
hvfhv,66,pickup,2025,6,77679,Brooklyn,DUMBO/Vinegar Hill,false,0.3363
hvfhv,67,dropoff,2024,2,32442,Brooklyn,Dyker Heights,false,0.0841
hvfhv,67,dropoff,2024,3,36568,Brooklyn,Dyker Heights,false,0.0841
hvfhv,67,dropoff,2024,4,34636,Brooklyn,Dyker Heights,false,0.0841
hvfhv,67,dropoff,2024,5,36576,Brooklyn,Dyker Heights,false,0.0841
hvfhv,67,dropoff,2024,6,35714,Brooklyn,Dyker Heights,false,0.0841
hvfhv,67,dropoff,2025,2,34084,Brooklyn,Dyker Heights,false,0.0841
hvfhv,67,dropoff,2025,3,36544,Brooklyn,Dyker Heights,false,0.0841
hvfhv,67,dropoff,2025,4,35780,Brooklyn,Dyker Heights,false,0.0841
hvfhv,67,dropoff,2025,5,39303,Brooklyn,Dyker Heights,false,0.0841
hvfhv,67,dropoff,2025,6,37939,Brooklyn,Dyker Heights,false,0.0841
hvfhv,67,pickup,2024,2,32025,Brooklyn,Dyker Heights,false,0.0668
hvfhv,67,pickup,2024,3,35573,Brooklyn,Dyker Heights,false,0.0668
hvfhv,67,pickup,2024,4,33519,Brooklyn,Dyker Heights,false,0.0668
hvfhv,67,pickup,2024,5,36133,Brooklyn,Dyker Heights,false,0.0668
hvfhv,67,pickup,2024,6,35280,Brooklyn,Dyker Heights,false,0.0668
hvfhv,67,pickup,2025,2,34105,Brooklyn,Dyker Heights,false,0.0668
hvfhv,67,pickup,2025,3,36195,Brooklyn,Dyker Heights,false,0.0668
hvfhv,67,pickup,2025,4,35342,Brooklyn,Dyker Heights,false,0.0668
hvfhv,67,pickup,2025,5,38639,Brooklyn,Dyker Heights,false,0.0668
hvfhv,67,pickup,2025,6,37425,Brooklyn,Dyker Heights,false,0.0668
hvfhv,68,dropoff,2024,2,209266,Manhattan,East Chelsea,true,1.0
hvfhv,68,dropoff,2024,3,225598,Manhattan,East Chelsea,true,1.0
hvfhv,68,dropoff,2024,4,213499,Manhattan,East Chelsea,true,1.0
hvfhv,68,dropoff,2024,5,223093,Manhattan,East Chelsea,true,1.0
hvfhv,68,dropoff,2024,6,219318,Manhattan,East Chelsea,true,1.0
hvfhv,68,dropoff,2025,2,202957,Manhattan,East Chelsea,true,1.0
hvfhv,68,dropoff,2025,3,207414,Manhattan,East Chelsea,true,1.0
hvfhv,68,dropoff,2025,4,203399,Manhattan,East Chelsea,true,1.0
hvfhv,68,dropoff,2025,5,208653,Manhattan,East Chelsea,true,1.0
hvfhv,68,dropoff,2025,6,201258,Manhattan,East Chelsea,true,1.0
hvfhv,68,pickup,2024,2,215258,Manhattan,East Chelsea,true,1.0
hvfhv,68,pickup,2024,3,231167,Manhattan,East Chelsea,true,1.0
hvfhv,68,pickup,2024,4,218772,Manhattan,East Chelsea,true,1.0
hvfhv,68,pickup,2024,5,240146,Manhattan,East Chelsea,true,1.0
hvfhv,68,pickup,2024,6,229861,Manhattan,East Chelsea,true,1.0
hvfhv,68,pickup,2025,2,209601,Manhattan,East Chelsea,true,1.0
hvfhv,68,pickup,2025,3,211533,Manhattan,East Chelsea,true,1.0
hvfhv,68,pickup,2025,4,205435,Manhattan,East Chelsea,true,1.0
hvfhv,68,pickup,2025,5,215037,Manhattan,East Chelsea,true,1.0
hvfhv,68,pickup,2025,6,203393,Manhattan,East Chelsea,true,1.0
hvfhv,69,dropoff,2024,2,97733,Bronx,East Concourse/Concourse Village,false,0.0492
hvfhv,69,dropoff,2024,3,109433,Bronx,East Concourse/Concourse Village,false,0.0492
hvfhv,69,dropoff,2024,4,98517,Bronx,East Concourse/Concourse Village,false,0.0492
hvfhv,69,dropoff,2024,5,100014,Bronx,East Concourse/Concourse Village,false,0.0492
hvfhv,69,dropoff,2024,6,97173,Bronx,East Concourse/Concourse Village,false,0.0492
hvfhv,69,dropoff,2025,2,98680,Bronx,East Concourse/Concourse Village,false,0.0492
hvfhv,69,dropoff,2025,3,107892,Bronx,East Concourse/Concourse Village,false,0.0492
hvfhv,69,dropoff,2025,4,100616,Bronx,East Concourse/Concourse Village,false,0.0492
hvfhv,69,dropoff,2025,5,105758,Bronx,East Concourse/Concourse Village,false,0.0492
hvfhv,69,dropoff,2025,6,99036,Bronx,East Concourse/Concourse Village,false,0.0492
hvfhv,69,pickup,2024,2,98907,Bronx,East Concourse/Concourse Village,false,0.0449
hvfhv,69,pickup,2024,3,110869,Bronx,East Concourse/Concourse Village,false,0.0449
hvfhv,69,pickup,2024,4,99689,Bronx,East Concourse/Concourse Village,false,0.0449
hvfhv,69,pickup,2024,5,101798,Bronx,East Concourse/Concourse Village,false,0.0449
hvfhv,69,pickup,2024,6,98063,Bronx,East Concourse/Concourse Village,false,0.0449
hvfhv,69,pickup,2025,2,98824,Bronx,East Concourse/Concourse Village,false,0.0449
hvfhv,69,pickup,2025,3,107889,Bronx,East Concourse/Concourse Village,false,0.0449
hvfhv,69,pickup,2025,4,102054,Bronx,East Concourse/Concourse Village,false,0.0449
hvfhv,69,pickup,2025,5,107257,Bronx,East Concourse/Concourse Village,false,0.0449
hvfhv,69,pickup,2025,6,100620,Bronx,East Concourse/Concourse Village,false,0.0449
hvfhv,70,dropoff,2024,2,33248,Queens,East Elmhurst,false,0.0678
hvfhv,70,dropoff,2024,3,38753,Queens,East Elmhurst,false,0.0678
hvfhv,70,dropoff,2024,4,35764,Queens,East Elmhurst,false,0.0678
hvfhv,70,dropoff,2024,5,40201,Queens,East Elmhurst,false,0.0678
hvfhv,70,dropoff,2024,6,39678,Queens,East Elmhurst,false,0.0678
hvfhv,70,dropoff,2025,2,35335,Queens,East Elmhurst,false,0.0678
hvfhv,70,dropoff,2025,3,39348,Queens,East Elmhurst,false,0.0678
hvfhv,70,dropoff,2025,4,38437,Queens,East Elmhurst,false,0.0678
hvfhv,70,dropoff,2025,5,44057,Queens,East Elmhurst,false,0.0678
hvfhv,70,dropoff,2025,6,43021,Queens,East Elmhurst,false,0.0678
hvfhv,70,pickup,2024,2,43555,Queens,East Elmhurst,false,0.0665
hvfhv,70,pickup,2024,3,48851,Queens,East Elmhurst,false,0.0665
hvfhv,70,pickup,2024,4,45719,Queens,East Elmhurst,false,0.0665
hvfhv,70,pickup,2024,5,51743,Queens,East Elmhurst,false,0.0665
hvfhv,70,pickup,2024,6,50032,Queens,East Elmhurst,false,0.0665
hvfhv,70,pickup,2025,2,42707,Queens,East Elmhurst,false,0.0665
hvfhv,70,pickup,2025,3,47013,Queens,East Elmhurst,false,0.0665
hvfhv,70,pickup,2025,4,47496,Queens,East Elmhurst,false,0.0665
hvfhv,70,pickup,2025,5,51995,Queens,East Elmhurst,false,0.0665
hvfhv,70,pickup,2025,6,50598,Queens,East Elmhurst,false,0.0665
hvfhv,71,dropoff,2024,2,79719,Brooklyn,East Flatbush/Farragut,false,0.034
hvfhv,71,dropoff,2024,3,91502,Brooklyn,East Flatbush/Farragut,false,0.034
hvfhv,71,dropoff,2024,4,83689,Brooklyn,East Flatbush/Farragut,false,0.034
hvfhv,71,dropoff,2024,5,87997,Brooklyn,East Flatbush/Farragut,false,0.034
hvfhv,71,dropoff,2024,6,88225,Brooklyn,East Flatbush/Farragut,false,0.034
hvfhv,71,dropoff,2025,2,80842,Brooklyn,East Flatbush/Farragut,false,0.034
hvfhv,71,dropoff,2025,3,86091,Brooklyn,East Flatbush/Farragut,false,0.034
hvfhv,71,dropoff,2025,4,83074,Brooklyn,East Flatbush/Farragut,false,0.034
hvfhv,71,dropoff,2025,5,89065,Brooklyn,East Flatbush/Farragut,false,0.034
hvfhv,71,dropoff,2025,6,86463,Brooklyn,East Flatbush/Farragut,false,0.034
hvfhv,71,pickup,2024,2,81313,Brooklyn,East Flatbush/Farragut,false,0.027
hvfhv,71,pickup,2024,3,92404,Brooklyn,East Flatbush/Farragut,false,0.027
hvfhv,71,pickup,2024,4,84550,Brooklyn,East Flatbush/Farragut,false,0.027
hvfhv,71,pickup,2024,5,88818,Brooklyn,East Flatbush/Farragut,false,0.027
hvfhv,71,pickup,2024,6,89271,Brooklyn,East Flatbush/Farragut,false,0.027
hvfhv,71,pickup,2025,2,81820,Brooklyn,East Flatbush/Farragut,false,0.027
hvfhv,71,pickup,2025,3,87675,Brooklyn,East Flatbush/Farragut,false,0.027
hvfhv,71,pickup,2025,4,84381,Brooklyn,East Flatbush/Farragut,false,0.027
hvfhv,71,pickup,2025,5,89648,Brooklyn,East Flatbush/Farragut,false,0.027
hvfhv,71,pickup,2025,6,87096,Brooklyn,East Flatbush/Farragut,false,0.027
hvfhv,72,dropoff,2024,2,91382,Brooklyn,East Flatbush/Remsen Village,false,0.0245
hvfhv,72,dropoff,2024,3,105372,Brooklyn,East Flatbush/Remsen Village,false,0.0245
hvfhv,72,dropoff,2024,4,93682,Brooklyn,East Flatbush/Remsen Village,false,0.0245
hvfhv,72,dropoff,2024,5,98929,Brooklyn,East Flatbush/Remsen Village,false,0.0245
hvfhv,72,dropoff,2024,6,99324,Brooklyn,East Flatbush/Remsen Village,false,0.0245
hvfhv,72,dropoff,2025,2,90194,Brooklyn,East Flatbush/Remsen Village,false,0.0245
hvfhv,72,dropoff,2025,3,98727,Brooklyn,East Flatbush/Remsen Village,false,0.0245
hvfhv,72,dropoff,2025,4,94305,Brooklyn,East Flatbush/Remsen Village,false,0.0245
hvfhv,72,dropoff,2025,5,100700,Brooklyn,East Flatbush/Remsen Village,false,0.0245
hvfhv,72,dropoff,2025,6,96546,Brooklyn,East Flatbush/Remsen Village,false,0.0245
hvfhv,72,pickup,2024,2,95779,Brooklyn,East Flatbush/Remsen Village,false,0.0194
hvfhv,72,pickup,2024,3,109297,Brooklyn,East Flatbush/Remsen Village,false,0.0194
hvfhv,72,pickup,2024,4,98012,Brooklyn,East Flatbush/Remsen Village,false,0.0194
hvfhv,72,pickup,2024,5,103096,Brooklyn,East Flatbush/Remsen Village,false,0.0194
hvfhv,72,pickup,2024,6,103165,Brooklyn,East Flatbush/Remsen Village,false,0.0194
hvfhv,72,pickup,2025,2,93980,Brooklyn,East Flatbush/Remsen Village,false,0.0194
hvfhv,72,pickup,2025,3,101962,Brooklyn,East Flatbush/Remsen Village,false,0.0194
hvfhv,72,pickup,2025,4,97858,Brooklyn,East Flatbush/Remsen Village,false,0.0194
hvfhv,72,pickup,2025,5,104186,Brooklyn,East Flatbush/Remsen Village,false,0.0194
hvfhv,72,pickup,2025,6,100177,Brooklyn,East Flatbush/Remsen Village,false,0.0194
hvfhv,73,dropoff,2024,2,17812,Queens,East Flushing,false,0.0467
hvfhv,73,dropoff,2024,3,19727,Queens,East Flushing,false,0.0467
hvfhv,73,dropoff,2024,4,18079,Queens,East Flushing,false,0.0467
hvfhv,73,dropoff,2024,5,19183,Queens,East Flushing,false,0.0467
hvfhv,73,dropoff,2024,6,18517,Queens,East Flushing,false,0.0467
hvfhv,73,dropoff,2025,2,18845,Queens,East Flushing,false,0.0467
hvfhv,73,dropoff,2025,3,19499,Queens,East Flushing,false,0.0467
hvfhv,73,dropoff,2025,4,18975,Queens,East Flushing,false,0.0467
hvfhv,73,dropoff,2025,5,20268,Queens,East Flushing,false,0.0467
hvfhv,73,dropoff,2025,6,19565,Queens,East Flushing,false,0.0467
hvfhv,73,pickup,2024,2,18932,Queens,East Flushing,false,0.0297
hvfhv,73,pickup,2024,3,20895,Queens,East Flushing,false,0.0297
hvfhv,73,pickup,2024,4,19062,Queens,East Flushing,false,0.0297
hvfhv,73,pickup,2024,5,20129,Queens,East Flushing,false,0.0297
hvfhv,73,pickup,2024,6,19684,Queens,East Flushing,false,0.0297
hvfhv,73,pickup,2025,2,19885,Queens,East Flushing,false,0.0297
hvfhv,73,pickup,2025,3,20683,Queens,East Flushing,false,0.0297
hvfhv,73,pickup,2025,4,20094,Queens,East Flushing,false,0.0297
hvfhv,73,pickup,2025,5,21644,Queens,East Flushing,false,0.0297
hvfhv,73,pickup,2025,6,20859,Queens,East Flushing,false,0.0297
hvfhv,74,dropoff,2024,2,133085,Manhattan,East Harlem North,false,0.1148
hvfhv,74,dropoff,2024,3,148280,Manhattan,East Harlem North,false,0.1148
hvfhv,74,dropoff,2024,4,132823,Manhattan,East Harlem North,false,0.1148
hvfhv,74,dropoff,2024,5,136908,Manhattan,East Harlem North,false,0.1148
hvfhv,74,dropoff,2024,6,133648,Manhattan,East Harlem North,false,0.1148
hvfhv,74,dropoff,2025,2,128141,Manhattan,East Harlem North,false,0.1148
hvfhv,74,dropoff,2025,3,140239,Manhattan,East Harlem North,false,0.1148
hvfhv,74,dropoff,2025,4,133413,Manhattan,East Harlem North,false,0.1148
hvfhv,74,dropoff,2025,5,133343,Manhattan,East Harlem North,false,0.1148
hvfhv,74,dropoff,2025,6,126259,Manhattan,East Harlem North,false,0.1148
hvfhv,74,pickup,2024,2,137893,Manhattan,East Harlem North,false,0.1151
hvfhv,74,pickup,2024,3,153228,Manhattan,East Harlem North,false,0.1151
hvfhv,74,pickup,2024,4,137317,Manhattan,East Harlem North,false,0.1151
hvfhv,74,pickup,2024,5,143397,Manhattan,East Harlem North,false,0.1151
hvfhv,74,pickup,2024,6,141232,Manhattan,East Harlem North,false,0.1151
hvfhv,74,pickup,2025,2,135038,Manhattan,East Harlem North,false,0.1151
hvfhv,74,pickup,2025,3,148281,Manhattan,East Harlem North,false,0.1151
hvfhv,74,pickup,2025,4,141091,Manhattan,East Harlem North,false,0.1151
hvfhv,74,pickup,2025,5,139933,Manhattan,East Harlem North,false,0.1151
hvfhv,74,pickup,2025,6,132991,Manhattan,East Harlem North,false,0.1151
hvfhv,75,dropoff,2024,2,133585,Manhattan,East Harlem South,false,0.186
hvfhv,75,dropoff,2024,3,141451,Manhattan,East Harlem South,false,0.186
hvfhv,75,dropoff,2024,4,131576,Manhattan,East Harlem South,false,0.186
hvfhv,75,dropoff,2024,5,134172,Manhattan,East Harlem South,false,0.186
hvfhv,75,dropoff,2024,6,126630,Manhattan,East Harlem South,false,0.186
hvfhv,75,dropoff,2025,2,124259,Manhattan,East Harlem South,false,0.186
hvfhv,75,dropoff,2025,3,129763,Manhattan,East Harlem South,false,0.186
hvfhv,75,dropoff,2025,4,125482,Manhattan,East Harlem South,false,0.186
hvfhv,75,dropoff,2025,5,124144,Manhattan,East Harlem South,false,0.186
hvfhv,75,dropoff,2025,6,117427,Manhattan,East Harlem South,false,0.186
hvfhv,75,pickup,2024,2,131623,Manhattan,East Harlem South,false,0.1712
hvfhv,75,pickup,2024,3,140891,Manhattan,East Harlem South,false,0.1712
hvfhv,75,pickup,2024,4,130056,Manhattan,East Harlem South,false,0.1712
hvfhv,75,pickup,2024,5,133334,Manhattan,East Harlem South,false,0.1712
hvfhv,75,pickup,2024,6,125568,Manhattan,East Harlem South,false,0.1712
hvfhv,75,pickup,2025,2,124233,Manhattan,East Harlem South,false,0.1712
hvfhv,75,pickup,2025,3,128462,Manhattan,East Harlem South,false,0.1712
hvfhv,75,pickup,2025,4,124880,Manhattan,East Harlem South,false,0.1712
hvfhv,75,pickup,2025,5,123748,Manhattan,East Harlem South,false,0.1712
hvfhv,75,pickup,2025,6,114486,Manhattan,East Harlem South,false,0.1712
hvfhv,76,dropoff,2024,2,209216,Brooklyn,East New York,false,0.0149
hvfhv,76,dropoff,2024,3,237755,Brooklyn,East New York,false,0.0149
hvfhv,76,dropoff,2024,4,213436,Brooklyn,East New York,false,0.0149
hvfhv,76,dropoff,2024,5,220154,Brooklyn,East New York,false,0.0149
hvfhv,76,dropoff,2024,6,214119,Brooklyn,East New York,false,0.0149
hvfhv,76,dropoff,2025,2,206268,Brooklyn,East New York,false,0.0149
hvfhv,76,dropoff,2025,3,229108,Brooklyn,East New York,false,0.0149
hvfhv,76,dropoff,2025,4,215945,Brooklyn,East New York,false,0.0149
hvfhv,76,dropoff,2025,5,225871,Brooklyn,East New York,false,0.0149
hvfhv,76,dropoff,2025,6,217814,Brooklyn,East New York,false,0.0149
hvfhv,76,pickup,2024,2,208723,Brooklyn,East New York,false,0.0132
hvfhv,76,pickup,2024,3,237966,Brooklyn,East New York,false,0.0132
hvfhv,76,pickup,2024,4,213479,Brooklyn,East New York,false,0.0132
hvfhv,76,pickup,2024,5,220585,Brooklyn,East New York,false,0.0132
hvfhv,76,pickup,2024,6,214523,Brooklyn,East New York,false,0.0132
hvfhv,76,pickup,2025,2,208557,Brooklyn,East New York,false,0.0132
hvfhv,76,pickup,2025,3,230741,Brooklyn,East New York,false,0.0132
hvfhv,76,pickup,2025,4,216962,Brooklyn,East New York,false,0.0132
hvfhv,76,pickup,2025,5,228557,Brooklyn,East New York,false,0.0132
hvfhv,76,pickup,2025,6,221066,Brooklyn,East New York,false,0.0132
hvfhv,77,dropoff,2024,2,54741,Brooklyn,East New York/Pennsylvania Avenue,false,0.021
hvfhv,77,dropoff,2024,3,63613,Brooklyn,East New York/Pennsylvania Avenue,false,0.021
hvfhv,77,dropoff,2024,4,57728,Brooklyn,East New York/Pennsylvania Avenue,false,0.021
hvfhv,77,dropoff,2024,5,60083,Brooklyn,East New York/Pennsylvania Avenue,false,0.021
hvfhv,77,dropoff,2024,6,59112,Brooklyn,East New York/Pennsylvania Avenue,false,0.021
hvfhv,77,dropoff,2025,2,54933,Brooklyn,East New York/Pennsylvania Avenue,false,0.021
hvfhv,77,dropoff,2025,3,60289,Brooklyn,East New York/Pennsylvania Avenue,false,0.021
hvfhv,77,dropoff,2025,4,56860,Brooklyn,East New York/Pennsylvania Avenue,false,0.021
hvfhv,77,dropoff,2025,5,59214,Brooklyn,East New York/Pennsylvania Avenue,false,0.021
hvfhv,77,dropoff,2025,6,58664,Brooklyn,East New York/Pennsylvania Avenue,false,0.021
hvfhv,77,pickup,2024,2,55687,Brooklyn,East New York/Pennsylvania Avenue,false,0.0178
hvfhv,77,pickup,2024,3,64340,Brooklyn,East New York/Pennsylvania Avenue,false,0.0178
hvfhv,77,pickup,2024,4,58716,Brooklyn,East New York/Pennsylvania Avenue,false,0.0178
hvfhv,77,pickup,2024,5,60352,Brooklyn,East New York/Pennsylvania Avenue,false,0.0178
hvfhv,77,pickup,2024,6,59663,Brooklyn,East New York/Pennsylvania Avenue,false,0.0178
hvfhv,77,pickup,2025,2,55658,Brooklyn,East New York/Pennsylvania Avenue,false,0.0178
hvfhv,77,pickup,2025,3,61026,Brooklyn,East New York/Pennsylvania Avenue,false,0.0178
hvfhv,77,pickup,2025,4,57831,Brooklyn,East New York/Pennsylvania Avenue,false,0.0178
hvfhv,77,pickup,2025,5,59734,Brooklyn,East New York/Pennsylvania Avenue,false,0.0178
hvfhv,77,pickup,2025,6,59758,Brooklyn,East New York/Pennsylvania Avenue,false,0.0178
hvfhv,78,dropoff,2024,2,79816,Bronx,East Tremont,false,0.0289
hvfhv,78,dropoff,2024,3,89890,Bronx,East Tremont,false,0.0289
hvfhv,78,dropoff,2024,4,82230,Bronx,East Tremont,false,0.0289
hvfhv,78,dropoff,2024,5,82473,Bronx,East Tremont,false,0.0289
hvfhv,78,dropoff,2024,6,79625,Bronx,East Tremont,false,0.0289
hvfhv,78,dropoff,2025,2,82952,Bronx,East Tremont,false,0.0289
hvfhv,78,dropoff,2025,3,89675,Bronx,East Tremont,false,0.0289
hvfhv,78,dropoff,2025,4,84323,Bronx,East Tremont,false,0.0289
hvfhv,78,dropoff,2025,5,87514,Bronx,East Tremont,false,0.0289
hvfhv,78,dropoff,2025,6,80775,Bronx,East Tremont,false,0.0289
hvfhv,78,pickup,2024,2,85061,Bronx,East Tremont,false,0.0316
hvfhv,78,pickup,2024,3,95843,Bronx,East Tremont,false,0.0316
hvfhv,78,pickup,2024,4,86778,Bronx,East Tremont,false,0.0316
hvfhv,78,pickup,2024,5,88522,Bronx,East Tremont,false,0.0316
hvfhv,78,pickup,2024,6,84168,Bronx,East Tremont,false,0.0316
hvfhv,78,pickup,2025,2,86305,Bronx,East Tremont,false,0.0316
hvfhv,78,pickup,2025,3,95333,Bronx,East Tremont,false,0.0316
hvfhv,78,pickup,2025,4,89382,Bronx,East Tremont,false,0.0316
hvfhv,78,pickup,2025,5,93176,Bronx,East Tremont,false,0.0316
hvfhv,78,pickup,2025,6,85398,Bronx,East Tremont,false,0.0316
hvfhv,79,dropoff,2024,2,230534,Manhattan,East Village,true,1.0
hvfhv,79,dropoff,2024,3,245889,Manhattan,East Village,true,1.0
hvfhv,79,dropoff,2024,4,216303,Manhattan,East Village,true,1.0
hvfhv,79,dropoff,2024,5,214426,Manhattan,East Village,true,1.0
hvfhv,79,dropoff,2024,6,211917,Manhattan,East Village,true,1.0
hvfhv,79,dropoff,2025,2,207851,Manhattan,East Village,true,1.0
hvfhv,79,dropoff,2025,3,204394,Manhattan,East Village,true,1.0
hvfhv,79,dropoff,2025,4,197041,Manhattan,East Village,true,1.0
hvfhv,79,dropoff,2025,5,200195,Manhattan,East Village,true,1.0
hvfhv,79,dropoff,2025,6,181201,Manhattan,East Village,true,1.0
hvfhv,79,pickup,2024,2,275509,Manhattan,East Village,true,1.0
hvfhv,79,pickup,2024,3,297337,Manhattan,East Village,true,1.0
hvfhv,79,pickup,2024,4,265501,Manhattan,East Village,true,1.0
hvfhv,79,pickup,2024,5,266803,Manhattan,East Village,true,1.0
hvfhv,79,pickup,2024,6,262052,Manhattan,East Village,true,1.0
hvfhv,79,pickup,2025,2,248603,Manhattan,East Village,true,1.0
hvfhv,79,pickup,2025,3,251752,Manhattan,East Village,true,1.0
hvfhv,79,pickup,2025,4,241444,Manhattan,East Village,true,1.0
hvfhv,79,pickup,2025,5,246845,Manhattan,East Village,true,1.0
hvfhv,79,pickup,2025,6,222300,Manhattan,East Village,true,1.0
hvfhv,80,dropoff,2024,2,143838,Brooklyn,East Williamsburg,false,0.186
hvfhv,80,dropoff,2024,3,159922,Brooklyn,East Williamsburg,false,0.186
hvfhv,80,dropoff,2024,4,147527,Brooklyn,East Williamsburg,false,0.186
hvfhv,80,dropoff,2024,5,165172,Brooklyn,East Williamsburg,false,0.186
hvfhv,80,dropoff,2024,6,175290,Brooklyn,East Williamsburg,false,0.186
hvfhv,80,dropoff,2025,2,145587,Brooklyn,East Williamsburg,false,0.186
hvfhv,80,dropoff,2025,3,150732,Brooklyn,East Williamsburg,false,0.186
hvfhv,80,dropoff,2025,4,146171,Brooklyn,East Williamsburg,false,0.186
hvfhv,80,dropoff,2025,5,164556,Brooklyn,East Williamsburg,false,0.186
hvfhv,80,dropoff,2025,6,156645,Brooklyn,East Williamsburg,false,0.186
hvfhv,80,pickup,2024,2,150435,Brooklyn,East Williamsburg,false,0.1593
hvfhv,80,pickup,2024,3,165717,Brooklyn,East Williamsburg,false,0.1593
hvfhv,80,pickup,2024,4,153096,Brooklyn,East Williamsburg,false,0.1593
hvfhv,80,pickup,2024,5,174276,Brooklyn,East Williamsburg,false,0.1593
hvfhv,80,pickup,2024,6,185430,Brooklyn,East Williamsburg,false,0.1593
hvfhv,80,pickup,2025,2,147924,Brooklyn,East Williamsburg,false,0.1593
hvfhv,80,pickup,2025,3,153972,Brooklyn,East Williamsburg,false,0.1593
hvfhv,80,pickup,2025,4,149008,Brooklyn,East Williamsburg,false,0.1593
hvfhv,80,pickup,2025,5,170424,Brooklyn,East Williamsburg,false,0.1593
hvfhv,80,pickup,2025,6,167607,Brooklyn,East Williamsburg,false,0.1593
hvfhv,81,dropoff,2024,2,47864,Bronx,Eastchester,false,0.0218
hvfhv,81,dropoff,2024,3,53983,Bronx,Eastchester,false,0.0218
hvfhv,81,dropoff,2024,4,49360,Bronx,Eastchester,false,0.0218
hvfhv,81,dropoff,2024,5,51649,Bronx,Eastchester,false,0.0218
hvfhv,81,dropoff,2024,6,50336,Bronx,Eastchester,false,0.0218
hvfhv,81,dropoff,2025,2,49106,Bronx,Eastchester,false,0.0218
hvfhv,81,dropoff,2025,3,53179,Bronx,Eastchester,false,0.0218
hvfhv,81,dropoff,2025,4,50259,Bronx,Eastchester,false,0.0218
hvfhv,81,dropoff,2025,5,54474,Bronx,Eastchester,false,0.0218
hvfhv,81,dropoff,2025,6,52063,Bronx,Eastchester,false,0.0218
hvfhv,81,pickup,2024,2,52317,Bronx,Eastchester,false,0.0174
hvfhv,81,pickup,2024,3,58737,Bronx,Eastchester,false,0.0174
hvfhv,81,pickup,2024,4,54111,Bronx,Eastchester,false,0.0174
hvfhv,81,pickup,2024,5,56115,Bronx,Eastchester,false,0.0174
hvfhv,81,pickup,2024,6,55544,Bronx,Eastchester,false,0.0174
hvfhv,81,pickup,2025,2,54759,Bronx,Eastchester,false,0.0174
hvfhv,81,pickup,2025,3,60032,Bronx,Eastchester,false,0.0174
hvfhv,81,pickup,2025,4,56835,Bronx,Eastchester,false,0.0174
hvfhv,81,pickup,2025,5,61128,Bronx,Eastchester,false,0.0174
hvfhv,81,pickup,2025,6,59055,Bronx,Eastchester,false,0.0174
hvfhv,82,dropoff,2024,2,124898,Queens,Elmhurst,false,0.0566
hvfhv,82,dropoff,2024,3,136721,Queens,Elmhurst,false,0.0566
hvfhv,82,dropoff,2024,4,127070,Queens,Elmhurst,false,0.0566
hvfhv,82,dropoff,2024,5,133048,Queens,Elmhurst,false,0.0566
hvfhv,82,dropoff,2024,6,131269,Queens,Elmhurst,false,0.0566
hvfhv,82,dropoff,2025,2,131658,Queens,Elmhurst,false,0.0566
hvfhv,82,dropoff,2025,3,138088,Queens,Elmhurst,false,0.0566
hvfhv,82,dropoff,2025,4,133401,Queens,Elmhurst,false,0.0566
hvfhv,82,dropoff,2025,5,143675,Queens,Elmhurst,false,0.0566
hvfhv,82,dropoff,2025,6,141774,Queens,Elmhurst,false,0.0566
hvfhv,82,pickup,2024,2,127876,Queens,Elmhurst,false,0.0398
hvfhv,82,pickup,2024,3,139933,Queens,Elmhurst,false,0.0398
hvfhv,82,pickup,2024,4,129816,Queens,Elmhurst,false,0.0398
hvfhv,82,pickup,2024,5,137523,Queens,Elmhurst,false,0.0398
hvfhv,82,pickup,2024,6,137176,Queens,Elmhurst,false,0.0398
hvfhv,82,pickup,2025,2,136664,Queens,Elmhurst,false,0.0398
hvfhv,82,pickup,2025,3,142252,Queens,Elmhurst,false,0.0398
hvfhv,82,pickup,2025,4,136834,Queens,Elmhurst,false,0.0398
hvfhv,82,pickup,2025,5,150141,Queens,Elmhurst,false,0.0398
hvfhv,82,pickup,2025,6,148319,Queens,Elmhurst,false,0.0398
hvfhv,83,dropoff,2024,2,40375,Queens,Elmhurst/Maspeth,false,0.0809
hvfhv,83,dropoff,2024,3,44453,Queens,Elmhurst/Maspeth,false,0.0809
hvfhv,83,dropoff,2024,4,41434,Queens,Elmhurst/Maspeth,false,0.0809
hvfhv,83,dropoff,2024,5,42794,Queens,Elmhurst/Maspeth,false,0.0809
hvfhv,83,dropoff,2024,6,43070,Queens,Elmhurst/Maspeth,false,0.0809
hvfhv,83,dropoff,2025,2,42916,Queens,Elmhurst/Maspeth,false,0.0809
hvfhv,83,dropoff,2025,3,46924,Queens,Elmhurst/Maspeth,false,0.0809
hvfhv,83,dropoff,2025,4,45140,Queens,Elmhurst/Maspeth,false,0.0809
hvfhv,83,dropoff,2025,5,48737,Queens,Elmhurst/Maspeth,false,0.0809
hvfhv,83,dropoff,2025,6,47883,Queens,Elmhurst/Maspeth,false,0.0809
hvfhv,83,pickup,2024,2,39981,Queens,Elmhurst/Maspeth,false,0.0629
hvfhv,83,pickup,2024,3,44619,Queens,Elmhurst/Maspeth,false,0.0629
hvfhv,83,pickup,2024,4,41627,Queens,Elmhurst/Maspeth,false,0.0629
hvfhv,83,pickup,2024,5,43100,Queens,Elmhurst/Maspeth,false,0.0629
hvfhv,83,pickup,2024,6,43669,Queens,Elmhurst/Maspeth,false,0.0629
hvfhv,83,pickup,2025,2,44020,Queens,Elmhurst/Maspeth,false,0.0629
hvfhv,83,pickup,2025,3,47642,Queens,Elmhurst/Maspeth,false,0.0629
hvfhv,83,pickup,2025,4,45515,Queens,Elmhurst/Maspeth,false,0.0629
hvfhv,83,pickup,2025,5,50000,Queens,Elmhurst/Maspeth,false,0.0629
hvfhv,83,pickup,2025,6,49507,Queens,Elmhurst/Maspeth,false,0.0629
hvfhv,84,dropoff,2024,2,7750,Staten Island,Eltingville/Annadale/Prince's Bay,false,0.0459
hvfhv,84,dropoff,2024,3,8773,Staten Island,Eltingville/Annadale/Prince's Bay,false,0.0459
hvfhv,84,dropoff,2024,4,7878,Staten Island,Eltingville/Annadale/Prince's Bay,false,0.0459
hvfhv,84,dropoff,2024,5,8847,Staten Island,Eltingville/Annadale/Prince's Bay,false,0.0459
hvfhv,84,dropoff,2024,6,8699,Staten Island,Eltingville/Annadale/Prince's Bay,false,0.0459
hvfhv,84,dropoff,2025,2,8288,Staten Island,Eltingville/Annadale/Prince's Bay,false,0.0459
hvfhv,84,dropoff,2025,3,9418,Staten Island,Eltingville/Annadale/Prince's Bay,false,0.0459
hvfhv,84,dropoff,2025,4,8572,Staten Island,Eltingville/Annadale/Prince's Bay,false,0.0459
hvfhv,84,dropoff,2025,5,9896,Staten Island,Eltingville/Annadale/Prince's Bay,false,0.0459
hvfhv,84,dropoff,2025,6,9549,Staten Island,Eltingville/Annadale/Prince's Bay,false,0.0459
hvfhv,84,pickup,2024,2,8085,Staten Island,Eltingville/Annadale/Prince's Bay,false,0.0189
hvfhv,84,pickup,2024,3,8991,Staten Island,Eltingville/Annadale/Prince's Bay,false,0.0189
hvfhv,84,pickup,2024,4,8367,Staten Island,Eltingville/Annadale/Prince's Bay,false,0.0189
hvfhv,84,pickup,2024,5,9191,Staten Island,Eltingville/Annadale/Prince's Bay,false,0.0189
hvfhv,84,pickup,2024,6,9140,Staten Island,Eltingville/Annadale/Prince's Bay,false,0.0189
hvfhv,84,pickup,2025,2,8545,Staten Island,Eltingville/Annadale/Prince's Bay,false,0.0189
hvfhv,84,pickup,2025,3,9956,Staten Island,Eltingville/Annadale/Prince's Bay,false,0.0189
hvfhv,84,pickup,2025,4,9233,Staten Island,Eltingville/Annadale/Prince's Bay,false,0.0189
hvfhv,84,pickup,2025,5,10436,Staten Island,Eltingville/Annadale/Prince's Bay,false,0.0189
hvfhv,84,pickup,2025,6,9988,Staten Island,Eltingville/Annadale/Prince's Bay,false,0.0189
hvfhv,85,dropoff,2024,2,59644,Brooklyn,Erasmus,false,0.0648
hvfhv,85,dropoff,2024,3,68350,Brooklyn,Erasmus,false,0.0648
hvfhv,85,dropoff,2024,4,60395,Brooklyn,Erasmus,false,0.0648
hvfhv,85,dropoff,2024,5,63103,Brooklyn,Erasmus,false,0.0648
hvfhv,85,dropoff,2024,6,63927,Brooklyn,Erasmus,false,0.0648
hvfhv,85,dropoff,2025,2,60924,Brooklyn,Erasmus,false,0.0648
hvfhv,85,dropoff,2025,3,64404,Brooklyn,Erasmus,false,0.0648
hvfhv,85,dropoff,2025,4,61728,Brooklyn,Erasmus,false,0.0648
hvfhv,85,dropoff,2025,5,65889,Brooklyn,Erasmus,false,0.0648
hvfhv,85,dropoff,2025,6,64081,Brooklyn,Erasmus,false,0.0648
hvfhv,85,pickup,2024,2,59675,Brooklyn,Erasmus,false,0.0431
hvfhv,85,pickup,2024,3,67773,Brooklyn,Erasmus,false,0.0431
hvfhv,85,pickup,2024,4,60003,Brooklyn,Erasmus,false,0.0431
hvfhv,85,pickup,2024,5,63879,Brooklyn,Erasmus,false,0.0431
hvfhv,85,pickup,2024,6,63869,Brooklyn,Erasmus,false,0.0431
hvfhv,85,pickup,2025,2,61217,Brooklyn,Erasmus,false,0.0431
hvfhv,85,pickup,2025,3,64581,Brooklyn,Erasmus,false,0.0431
hvfhv,85,pickup,2025,4,61018,Brooklyn,Erasmus,false,0.0431
hvfhv,85,pickup,2025,5,66245,Brooklyn,Erasmus,false,0.0431
hvfhv,85,pickup,2025,6,64096,Brooklyn,Erasmus,false,0.0431
hvfhv,86,dropoff,2024,2,32938,Queens,Far Rockaway,false,0.017
hvfhv,86,dropoff,2024,3,37924,Queens,Far Rockaway,false,0.017
hvfhv,86,dropoff,2024,4,33524,Queens,Far Rockaway,false,0.017
hvfhv,86,dropoff,2024,5,34637,Queens,Far Rockaway,false,0.017
hvfhv,86,dropoff,2024,6,33515,Queens,Far Rockaway,false,0.017
hvfhv,86,dropoff,2025,2,37980,Queens,Far Rockaway,false,0.017
hvfhv,86,dropoff,2025,3,41946,Queens,Far Rockaway,false,0.017
hvfhv,86,dropoff,2025,4,38158,Queens,Far Rockaway,false,0.017
hvfhv,86,dropoff,2025,5,38956,Queens,Far Rockaway,false,0.017
hvfhv,86,dropoff,2025,6,36865,Queens,Far Rockaway,false,0.017
hvfhv,86,pickup,2024,2,40430,Queens,Far Rockaway,false,0.0105
hvfhv,86,pickup,2024,3,45511,Queens,Far Rockaway,false,0.0105
hvfhv,86,pickup,2024,4,40609,Queens,Far Rockaway,false,0.0105
hvfhv,86,pickup,2024,5,41859,Queens,Far Rockaway,false,0.0105
hvfhv,86,pickup,2024,6,40812,Queens,Far Rockaway,false,0.0105
hvfhv,86,pickup,2025,2,45142,Queens,Far Rockaway,false,0.0105
hvfhv,86,pickup,2025,3,50530,Queens,Far Rockaway,false,0.0105
hvfhv,86,pickup,2025,4,46015,Queens,Far Rockaway,false,0.0105
hvfhv,86,pickup,2025,5,47860,Queens,Far Rockaway,false,0.0105
hvfhv,86,pickup,2025,6,44796,Queens,Far Rockaway,false,0.0105
hvfhv,87,dropoff,2024,2,108637,Manhattan,Financial District North,true,1.0
hvfhv,87,dropoff,2024,3,114908,Manhattan,Financial District North,true,1.0
hvfhv,87,dropoff,2024,4,111765,Manhattan,Financial District North,true,1.0
hvfhv,87,dropoff,2024,5,120929,Manhattan,Financial District North,true,1.0
hvfhv,87,dropoff,2024,6,121683,Manhattan,Financial District North,true,1.0
hvfhv,87,dropoff,2025,2,106036,Manhattan,Financial District North,true,1.0
hvfhv,87,dropoff,2025,3,108617,Manhattan,Financial District North,true,1.0
hvfhv,87,dropoff,2025,4,110670,Manhattan,Financial District North,true,1.0
hvfhv,87,dropoff,2025,5,118856,Manhattan,Financial District North,true,1.0
hvfhv,87,dropoff,2025,6,111826,Manhattan,Financial District North,true,1.0
hvfhv,87,pickup,2024,2,115387,Manhattan,Financial District North,true,1.0
hvfhv,87,pickup,2024,3,123019,Manhattan,Financial District North,true,1.0
hvfhv,87,pickup,2024,4,119592,Manhattan,Financial District North,true,1.0
hvfhv,87,pickup,2024,5,131506,Manhattan,Financial District North,true,1.0
hvfhv,87,pickup,2024,6,129300,Manhattan,Financial District North,true,1.0
hvfhv,87,pickup,2025,2,115685,Manhattan,Financial District North,true,1.0
hvfhv,87,pickup,2025,3,119640,Manhattan,Financial District North,true,1.0
hvfhv,87,pickup,2025,4,122063,Manhattan,Financial District North,true,1.0
hvfhv,87,pickup,2025,5,133201,Manhattan,Financial District North,true,1.0
hvfhv,87,pickup,2025,6,123530,Manhattan,Financial District North,true,1.0
hvfhv,88,dropoff,2024,2,46187,Manhattan,Financial District South,true,1.0
hvfhv,88,dropoff,2024,3,52599,Manhattan,Financial District South,true,1.0
hvfhv,88,dropoff,2024,4,51237,Manhattan,Financial District South,true,1.0
hvfhv,88,dropoff,2024,5,55954,Manhattan,Financial District South,true,1.0
hvfhv,88,dropoff,2024,6,54094,Manhattan,Financial District South,true,1.0
hvfhv,88,dropoff,2025,2,42664,Manhattan,Financial District South,true,1.0
hvfhv,88,dropoff,2025,3,48036,Manhattan,Financial District South,true,1.0
hvfhv,88,dropoff,2025,4,48723,Manhattan,Financial District South,true,1.0
hvfhv,88,dropoff,2025,5,52491,Manhattan,Financial District South,true,1.0
hvfhv,88,dropoff,2025,6,48330,Manhattan,Financial District South,true,1.0
hvfhv,88,pickup,2024,2,47974,Manhattan,Financial District South,true,1.0
hvfhv,88,pickup,2024,3,54026,Manhattan,Financial District South,true,1.0
hvfhv,88,pickup,2024,4,51863,Manhattan,Financial District South,true,1.0
hvfhv,88,pickup,2024,5,56321,Manhattan,Financial District South,true,1.0
hvfhv,88,pickup,2024,6,54621,Manhattan,Financial District South,true,1.0
hvfhv,88,pickup,2025,2,45233,Manhattan,Financial District South,true,1.0
hvfhv,88,pickup,2025,3,49822,Manhattan,Financial District South,true,1.0
hvfhv,88,pickup,2025,4,48777,Manhattan,Financial District South,true,1.0
hvfhv,88,pickup,2025,5,53530,Manhattan,Financial District South,true,1.0
hvfhv,88,pickup,2025,6,48975,Manhattan,Financial District South,true,1.0
hvfhv,89,dropoff,2024,2,154705,Brooklyn,Flatbush/Ditmas Park,false,0.0696
hvfhv,89,dropoff,2024,3,181233,Brooklyn,Flatbush/Ditmas Park,false,0.0696
hvfhv,89,dropoff,2024,4,155382,Brooklyn,Flatbush/Ditmas Park,false,0.0696
hvfhv,89,dropoff,2024,5,163836,Brooklyn,Flatbush/Ditmas Park,false,0.0696
hvfhv,89,dropoff,2024,6,160460,Brooklyn,Flatbush/Ditmas Park,false,0.0696
hvfhv,89,dropoff,2025,2,158330,Brooklyn,Flatbush/Ditmas Park,false,0.0696
hvfhv,89,dropoff,2025,3,168040,Brooklyn,Flatbush/Ditmas Park,false,0.0696
hvfhv,89,dropoff,2025,4,160900,Brooklyn,Flatbush/Ditmas Park,false,0.0696
hvfhv,89,dropoff,2025,5,169948,Brooklyn,Flatbush/Ditmas Park,false,0.0696
hvfhv,89,dropoff,2025,6,160316,Brooklyn,Flatbush/Ditmas Park,false,0.0696
hvfhv,89,pickup,2024,2,148419,Brooklyn,Flatbush/Ditmas Park,false,0.0546
hvfhv,89,pickup,2024,3,173565,Brooklyn,Flatbush/Ditmas Park,false,0.0546
hvfhv,89,pickup,2024,4,149830,Brooklyn,Flatbush/Ditmas Park,false,0.0546
hvfhv,89,pickup,2024,5,157833,Brooklyn,Flatbush/Ditmas Park,false,0.0546
hvfhv,89,pickup,2024,6,158286,Brooklyn,Flatbush/Ditmas Park,false,0.0546
hvfhv,89,pickup,2025,2,155342,Brooklyn,Flatbush/Ditmas Park,false,0.0546
hvfhv,89,pickup,2025,3,162073,Brooklyn,Flatbush/Ditmas Park,false,0.0546
hvfhv,89,pickup,2025,4,156465,Brooklyn,Flatbush/Ditmas Park,false,0.0546
hvfhv,89,pickup,2025,5,164823,Brooklyn,Flatbush/Ditmas Park,false,0.0546
hvfhv,89,pickup,2025,6,158521,Brooklyn,Flatbush/Ditmas Park,false,0.0546
hvfhv,90,dropoff,2024,2,119142,Manhattan,Flatiron,true,1.0
hvfhv,90,dropoff,2024,3,125746,Manhattan,Flatiron,true,1.0
hvfhv,90,dropoff,2024,4,115507,Manhattan,Flatiron,true,1.0
hvfhv,90,dropoff,2024,5,116481,Manhattan,Flatiron,true,1.0
hvfhv,90,dropoff,2024,6,111452,Manhattan,Flatiron,true,1.0
hvfhv,90,dropoff,2025,2,114101,Manhattan,Flatiron,true,1.0
hvfhv,90,dropoff,2025,3,114785,Manhattan,Flatiron,true,1.0
hvfhv,90,dropoff,2025,4,110320,Manhattan,Flatiron,true,1.0
hvfhv,90,dropoff,2025,5,111037,Manhattan,Flatiron,true,1.0
hvfhv,90,dropoff,2025,6,100026,Manhattan,Flatiron,true,1.0
hvfhv,90,pickup,2024,2,136246,Manhattan,Flatiron,true,1.0
hvfhv,90,pickup,2024,3,144570,Manhattan,Flatiron,true,1.0
hvfhv,90,pickup,2024,4,133758,Manhattan,Flatiron,true,1.0
hvfhv,90,pickup,2024,5,139659,Manhattan,Flatiron,true,1.0
hvfhv,90,pickup,2024,6,135894,Manhattan,Flatiron,true,1.0
hvfhv,90,pickup,2025,2,132977,Manhattan,Flatiron,true,1.0
hvfhv,90,pickup,2025,3,134428,Manhattan,Flatiron,true,1.0
hvfhv,90,pickup,2025,4,131143,Manhattan,Flatiron,true,1.0
hvfhv,90,pickup,2025,5,133324,Manhattan,Flatiron,true,1.0
hvfhv,90,pickup,2025,6,123459,Manhattan,Flatiron,true,1.0
hvfhv,91,dropoff,2024,2,84971,Brooklyn,Flatlands,false,0.0268
hvfhv,91,dropoff,2024,3,96798,Brooklyn,Flatlands,false,0.0268
hvfhv,91,dropoff,2024,4,87447,Brooklyn,Flatlands,false,0.0268
hvfhv,91,dropoff,2024,5,94189,Brooklyn,Flatlands,false,0.0268
hvfhv,91,dropoff,2024,6,92596,Brooklyn,Flatlands,false,0.0268
hvfhv,91,dropoff,2025,2,86762,Brooklyn,Flatlands,false,0.0268
hvfhv,91,dropoff,2025,3,93116,Brooklyn,Flatlands,false,0.0268
hvfhv,91,dropoff,2025,4,89108,Brooklyn,Flatlands,false,0.0268
hvfhv,91,dropoff,2025,5,96547,Brooklyn,Flatlands,false,0.0268
hvfhv,91,dropoff,2025,6,92750,Brooklyn,Flatlands,false,0.0268
hvfhv,91,pickup,2024,2,91690,Brooklyn,Flatlands,false,0.0196
hvfhv,91,pickup,2024,3,104861,Brooklyn,Flatlands,false,0.0196
hvfhv,91,pickup,2024,4,93769,Brooklyn,Flatlands,false,0.0196
hvfhv,91,pickup,2024,5,100810,Brooklyn,Flatlands,false,0.0196
hvfhv,91,pickup,2024,6,99790,Brooklyn,Flatlands,false,0.0196
hvfhv,91,pickup,2025,2,93291,Brooklyn,Flatlands,false,0.0196
hvfhv,91,pickup,2025,3,100508,Brooklyn,Flatlands,false,0.0196
hvfhv,91,pickup,2025,4,95380,Brooklyn,Flatlands,false,0.0196
hvfhv,91,pickup,2025,5,102395,Brooklyn,Flatlands,false,0.0196
hvfhv,91,pickup,2025,6,100194,Brooklyn,Flatlands,false,0.0196
hvfhv,92,dropoff,2024,2,94674,Queens,Flushing,false,0.0643
hvfhv,92,dropoff,2024,3,103215,Queens,Flushing,false,0.0643
hvfhv,92,dropoff,2024,4,94384,Queens,Flushing,false,0.0643
hvfhv,92,dropoff,2024,5,102252,Queens,Flushing,false,0.0643
hvfhv,92,dropoff,2024,6,97813,Queens,Flushing,false,0.0643
hvfhv,92,dropoff,2025,2,97358,Queens,Flushing,false,0.0643
hvfhv,92,dropoff,2025,3,102748,Queens,Flushing,false,0.0643
hvfhv,92,dropoff,2025,4,99479,Queens,Flushing,false,0.0643
hvfhv,92,dropoff,2025,5,108383,Queens,Flushing,false,0.0643
hvfhv,92,dropoff,2025,6,106386,Queens,Flushing,false,0.0643
hvfhv,92,pickup,2024,2,96877,Queens,Flushing,false,0.0571
hvfhv,92,pickup,2024,3,104237,Queens,Flushing,false,0.0571
hvfhv,92,pickup,2024,4,95311,Queens,Flushing,false,0.0571
hvfhv,92,pickup,2024,5,104640,Queens,Flushing,false,0.0571
hvfhv,92,pickup,2024,6,99006,Queens,Flushing,false,0.0571
hvfhv,92,pickup,2025,2,98798,Queens,Flushing,false,0.0571
hvfhv,92,pickup,2025,3,105660,Queens,Flushing,false,0.0571
hvfhv,92,pickup,2025,4,102395,Queens,Flushing,false,0.0571
hvfhv,92,pickup,2025,5,111944,Queens,Flushing,false,0.0571
hvfhv,92,pickup,2025,6,110637,Queens,Flushing,false,0.0571
hvfhv,93,dropoff,2024,2,7715,Queens,Flushing Meadows-Corona Park,false,0.1077
hvfhv,93,dropoff,2024,3,11965,Queens,Flushing Meadows-Corona Park,false,0.1077
hvfhv,93,dropoff,2024,4,18796,Queens,Flushing Meadows-Corona Park,false,0.1077
hvfhv,93,dropoff,2024,5,29796,Queens,Flushing Meadows-Corona Park,false,0.1077
hvfhv,93,dropoff,2024,6,39200,Queens,Flushing Meadows-Corona Park,false,0.1077
hvfhv,93,dropoff,2025,2,7617,Queens,Flushing Meadows-Corona Park,false,0.1077
hvfhv,93,dropoff,2025,3,9934,Queens,Flushing Meadows-Corona Park,false,0.1077
hvfhv,93,dropoff,2025,4,20958,Queens,Flushing Meadows-Corona Park,false,0.1077
hvfhv,93,dropoff,2025,5,27916,Queens,Flushing Meadows-Corona Park,false,0.1077
hvfhv,93,dropoff,2025,6,41745,Queens,Flushing Meadows-Corona Park,false,0.1077
hvfhv,93,pickup,2024,2,5330,Queens,Flushing Meadows-Corona Park,false,0.1175
hvfhv,93,pickup,2024,3,7751,Queens,Flushing Meadows-Corona Park,false,0.1175
hvfhv,93,pickup,2024,4,13163,Queens,Flushing Meadows-Corona Park,false,0.1175
hvfhv,93,pickup,2024,5,21141,Queens,Flushing Meadows-Corona Park,false,0.1175
hvfhv,93,pickup,2024,6,25026,Queens,Flushing Meadows-Corona Park,false,0.1175
hvfhv,93,pickup,2025,2,5402,Queens,Flushing Meadows-Corona Park,false,0.1175
hvfhv,93,pickup,2025,3,6642,Queens,Flushing Meadows-Corona Park,false,0.1175
hvfhv,93,pickup,2025,4,12951,Queens,Flushing Meadows-Corona Park,false,0.1175
hvfhv,93,pickup,2025,5,18285,Queens,Flushing Meadows-Corona Park,false,0.1175
hvfhv,93,pickup,2025,6,23995,Queens,Flushing Meadows-Corona Park,false,0.1175
hvfhv,94,dropoff,2024,2,38672,Bronx,Fordham South,false,0.0354
hvfhv,94,dropoff,2024,3,43232,Bronx,Fordham South,false,0.0354
hvfhv,94,dropoff,2024,4,38334,Bronx,Fordham South,false,0.0354
hvfhv,94,dropoff,2024,5,38317,Bronx,Fordham South,false,0.0354
hvfhv,94,dropoff,2024,6,37826,Bronx,Fordham South,false,0.0354
hvfhv,94,dropoff,2025,2,37472,Bronx,Fordham South,false,0.0354
hvfhv,94,dropoff,2025,3,41327,Bronx,Fordham South,false,0.0354
hvfhv,94,dropoff,2025,4,37576,Bronx,Fordham South,false,0.0354
hvfhv,94,dropoff,2025,5,39289,Bronx,Fordham South,false,0.0354
hvfhv,94,dropoff,2025,6,36918,Bronx,Fordham South,false,0.0354
hvfhv,94,pickup,2024,2,41553,Bronx,Fordham South,false,0.0294
hvfhv,94,pickup,2024,3,46920,Bronx,Fordham South,false,0.0294
hvfhv,94,pickup,2024,4,41777,Bronx,Fordham South,false,0.0294
hvfhv,94,pickup,2024,5,41633,Bronx,Fordham South,false,0.0294
hvfhv,94,pickup,2024,6,40775,Bronx,Fordham South,false,0.0294
hvfhv,94,pickup,2025,2,40904,Bronx,Fordham South,false,0.0294
hvfhv,94,pickup,2025,3,45419,Bronx,Fordham South,false,0.0294
hvfhv,94,pickup,2025,4,41283,Bronx,Fordham South,false,0.0294
hvfhv,94,pickup,2025,5,43717,Bronx,Fordham South,false,0.0294
hvfhv,94,pickup,2025,6,40858,Bronx,Fordham South,false,0.0294
hvfhv,95,dropoff,2024,2,127711,Queens,Forest Hills,false,0.0774
hvfhv,95,dropoff,2024,3,140442,Queens,Forest Hills,false,0.0774
hvfhv,95,dropoff,2024,4,129320,Queens,Forest Hills,false,0.0774
hvfhv,95,dropoff,2024,5,141748,Queens,Forest Hills,false,0.0774
hvfhv,95,dropoff,2024,6,138585,Queens,Forest Hills,false,0.0774
hvfhv,95,dropoff,2025,2,134055,Queens,Forest Hills,false,0.0774
hvfhv,95,dropoff,2025,3,141682,Queens,Forest Hills,false,0.0774
hvfhv,95,dropoff,2025,4,136812,Queens,Forest Hills,false,0.0774
hvfhv,95,dropoff,2025,5,149941,Queens,Forest Hills,false,0.0774
hvfhv,95,dropoff,2025,6,142891,Queens,Forest Hills,false,0.0774
hvfhv,95,pickup,2024,2,123804,Queens,Forest Hills,false,0.0525
hvfhv,95,pickup,2024,3,135002,Queens,Forest Hills,false,0.0525
hvfhv,95,pickup,2024,4,124458,Queens,Forest Hills,false,0.0525
hvfhv,95,pickup,2024,5,136835,Queens,Forest Hills,false,0.0525
hvfhv,95,pickup,2024,6,136308,Queens,Forest Hills,false,0.0525
hvfhv,95,pickup,2025,2,129280,Queens,Forest Hills,false,0.0525
hvfhv,95,pickup,2025,3,136914,Queens,Forest Hills,false,0.0525
hvfhv,95,pickup,2025,4,133158,Queens,Forest Hills,false,0.0525
hvfhv,95,pickup,2025,5,146332,Queens,Forest Hills,false,0.0525
hvfhv,95,pickup,2025,6,141330,Queens,Forest Hills,false,0.0525
hvfhv,96,dropoff,2024,2,2460,Queens,Forest Park/Highland Park,false,0.0711
hvfhv,96,dropoff,2024,3,3120,Queens,Forest Park/Highland Park,false,0.0711
hvfhv,96,dropoff,2024,4,3335,Queens,Forest Park/Highland Park,false,0.0711
hvfhv,96,dropoff,2024,5,3848,Queens,Forest Park/Highland Park,false,0.0711
hvfhv,96,dropoff,2024,6,4788,Queens,Forest Park/Highland Park,false,0.0711
hvfhv,96,dropoff,2025,2,2129,Queens,Forest Park/Highland Park,false,0.0711
hvfhv,96,dropoff,2025,3,2916,Queens,Forest Park/Highland Park,false,0.0711
hvfhv,96,dropoff,2025,4,3295,Queens,Forest Park/Highland Park,false,0.0711
hvfhv,96,dropoff,2025,5,4167,Queens,Forest Park/Highland Park,false,0.0711
hvfhv,96,dropoff,2025,6,4246,Queens,Forest Park/Highland Park,false,0.0711
hvfhv,96,pickup,2024,2,2134,Queens,Forest Park/Highland Park,false,0.0578
hvfhv,96,pickup,2024,3,2647,Queens,Forest Park/Highland Park,false,0.0578
hvfhv,96,pickup,2024,4,2904,Queens,Forest Park/Highland Park,false,0.0578
hvfhv,96,pickup,2024,5,3340,Queens,Forest Park/Highland Park,false,0.0578
hvfhv,96,pickup,2024,6,3903,Queens,Forest Park/Highland Park,false,0.0578
hvfhv,96,pickup,2025,2,2002,Queens,Forest Park/Highland Park,false,0.0578
hvfhv,96,pickup,2025,3,2739,Queens,Forest Park/Highland Park,false,0.0578
hvfhv,96,pickup,2025,4,2926,Queens,Forest Park/Highland Park,false,0.0578
hvfhv,96,pickup,2025,5,3613,Queens,Forest Park/Highland Park,false,0.0578
hvfhv,96,pickup,2025,6,3753,Queens,Forest Park/Highland Park,false,0.0578
hvfhv,97,dropoff,2024,2,118699,Brooklyn,Fort Greene,false,0.164
hvfhv,97,dropoff,2024,3,135481,Brooklyn,Fort Greene,false,0.164
hvfhv,97,dropoff,2024,4,123826,Brooklyn,Fort Greene,false,0.164
hvfhv,97,dropoff,2024,5,128320,Brooklyn,Fort Greene,false,0.164
hvfhv,97,dropoff,2024,6,128598,Brooklyn,Fort Greene,false,0.164
hvfhv,97,dropoff,2025,2,118103,Brooklyn,Fort Greene,false,0.164
hvfhv,97,dropoff,2025,3,125999,Brooklyn,Fort Greene,false,0.164
hvfhv,97,dropoff,2025,4,121609,Brooklyn,Fort Greene,false,0.164
hvfhv,97,dropoff,2025,5,130191,Brooklyn,Fort Greene,false,0.164
hvfhv,97,dropoff,2025,6,118979,Brooklyn,Fort Greene,false,0.164
hvfhv,97,pickup,2024,2,125245,Brooklyn,Fort Greene,false,0.1517
hvfhv,97,pickup,2024,3,139913,Brooklyn,Fort Greene,false,0.1517
hvfhv,97,pickup,2024,4,129429,Brooklyn,Fort Greene,false,0.1517
hvfhv,97,pickup,2024,5,133490,Brooklyn,Fort Greene,false,0.1517
hvfhv,97,pickup,2024,6,133169,Brooklyn,Fort Greene,false,0.1517
hvfhv,97,pickup,2025,2,128260,Brooklyn,Fort Greene,false,0.1517
hvfhv,97,pickup,2025,3,137233,Brooklyn,Fort Greene,false,0.1517
hvfhv,97,pickup,2025,4,130379,Brooklyn,Fort Greene,false,0.1517
hvfhv,97,pickup,2025,5,139527,Brooklyn,Fort Greene,false,0.1517
hvfhv,97,pickup,2025,6,126484,Brooklyn,Fort Greene,false,0.1517
hvfhv,98,dropoff,2024,2,16007,Queens,Fresh Meadows,false,0.0401
hvfhv,98,dropoff,2024,3,18113,Queens,Fresh Meadows,false,0.0401
hvfhv,98,dropoff,2024,4,17112,Queens,Fresh Meadows,false,0.0401
hvfhv,98,dropoff,2024,5,18728,Queens,Fresh Meadows,false,0.0401
hvfhv,98,dropoff,2024,6,18821,Queens,Fresh Meadows,false,0.0401
hvfhv,98,dropoff,2025,2,17356,Queens,Fresh Meadows,false,0.0401
hvfhv,98,dropoff,2025,3,18252,Queens,Fresh Meadows,false,0.0401
hvfhv,98,dropoff,2025,4,18202,Queens,Fresh Meadows,false,0.0401
hvfhv,98,dropoff,2025,5,20819,Queens,Fresh Meadows,false,0.0401
hvfhv,98,dropoff,2025,6,19073,Queens,Fresh Meadows,false,0.0401
hvfhv,98,pickup,2024,2,16200,Queens,Fresh Meadows,false,0.0273
hvfhv,98,pickup,2024,3,18317,Queens,Fresh Meadows,false,0.0273
hvfhv,98,pickup,2024,4,16909,Queens,Fresh Meadows,false,0.0273
hvfhv,98,pickup,2024,5,18268,Queens,Fresh Meadows,false,0.0273
hvfhv,98,pickup,2024,6,18052,Queens,Fresh Meadows,false,0.0273
hvfhv,98,pickup,2025,2,18189,Queens,Fresh Meadows,false,0.0273
hvfhv,98,pickup,2025,3,19101,Queens,Fresh Meadows,false,0.0273
hvfhv,98,pickup,2025,4,18576,Queens,Fresh Meadows,false,0.0273
hvfhv,98,pickup,2025,5,20936,Queens,Fresh Meadows,false,0.0273
hvfhv,98,pickup,2025,6,19174,Queens,Fresh Meadows,false,0.0273
hvfhv,99,dropoff,2024,2,527,Staten Island,Freshkills Park,false,0.0183
hvfhv,99,dropoff,2024,3,575,Staten Island,Freshkills Park,false,0.0183
hvfhv,99,dropoff,2024,4,491,Staten Island,Freshkills Park,false,0.0183
hvfhv,99,dropoff,2024,5,491,Staten Island,Freshkills Park,false,0.0183
hvfhv,99,dropoff,2024,6,535,Staten Island,Freshkills Park,false,0.0183
hvfhv,99,dropoff,2025,2,476,Staten Island,Freshkills Park,false,0.0183
hvfhv,99,dropoff,2025,3,560,Staten Island,Freshkills Park,false,0.0183
hvfhv,99,dropoff,2025,4,574,Staten Island,Freshkills Park,false,0.0183
hvfhv,99,dropoff,2025,5,628,Staten Island,Freshkills Park,false,0.0183
hvfhv,99,dropoff,2025,6,557,Staten Island,Freshkills Park,false,0.0183
hvfhv,99,pickup,2024,2,418,Staten Island,Freshkills Park,false,0.011
hvfhv,99,pickup,2024,3,447,Staten Island,Freshkills Park,false,0.011
hvfhv,99,pickup,2024,4,427,Staten Island,Freshkills Park,false,0.011
hvfhv,99,pickup,2024,5,436,Staten Island,Freshkills Park,false,0.011
hvfhv,99,pickup,2024,6,460,Staten Island,Freshkills Park,false,0.011
hvfhv,99,pickup,2025,2,382,Staten Island,Freshkills Park,false,0.011
hvfhv,99,pickup,2025,3,462,Staten Island,Freshkills Park,false,0.011
hvfhv,99,pickup,2025,4,526,Staten Island,Freshkills Park,false,0.011
hvfhv,99,pickup,2025,5,581,Staten Island,Freshkills Park,false,0.011
hvfhv,99,pickup,2025,6,543,Staten Island,Freshkills Park,false,0.011
hvfhv,100,dropoff,2024,2,91002,Manhattan,Garment District,true,1.0
hvfhv,100,dropoff,2024,3,97850,Manhattan,Garment District,true,1.0
hvfhv,100,dropoff,2024,4,89130,Manhattan,Garment District,true,1.0
hvfhv,100,dropoff,2024,5,95000,Manhattan,Garment District,true,1.0
hvfhv,100,dropoff,2024,6,92781,Manhattan,Garment District,true,1.0
hvfhv,100,dropoff,2025,2,88062,Manhattan,Garment District,true,1.0
hvfhv,100,dropoff,2025,3,88046,Manhattan,Garment District,true,1.0
hvfhv,100,dropoff,2025,4,85390,Manhattan,Garment District,true,1.0
hvfhv,100,dropoff,2025,5,89704,Manhattan,Garment District,true,1.0
hvfhv,100,dropoff,2025,6,86007,Manhattan,Garment District,true,1.0
hvfhv,100,pickup,2024,2,110123,Manhattan,Garment District,true,1.0
hvfhv,100,pickup,2024,3,119191,Manhattan,Garment District,true,1.0
hvfhv,100,pickup,2024,4,108158,Manhattan,Garment District,true,1.0
hvfhv,100,pickup,2024,5,118328,Manhattan,Garment District,true,1.0
hvfhv,100,pickup,2024,6,115594,Manhattan,Garment District,true,1.0
hvfhv,100,pickup,2025,2,105363,Manhattan,Garment District,true,1.0
hvfhv,100,pickup,2025,3,108156,Manhattan,Garment District,true,1.0
hvfhv,100,pickup,2025,4,104048,Manhattan,Garment District,true,1.0
hvfhv,100,pickup,2025,5,112145,Manhattan,Garment District,true,1.0
hvfhv,100,pickup,2025,6,106127,Manhattan,Garment District,true,1.0
hvfhv,101,dropoff,2024,2,11995,Queens,Glen Oaks,false,0.0399
hvfhv,101,dropoff,2024,3,12822,Queens,Glen Oaks,false,0.0399
hvfhv,101,dropoff,2024,4,11984,Queens,Glen Oaks,false,0.0399
hvfhv,101,dropoff,2024,5,12538,Queens,Glen Oaks,false,0.0399
hvfhv,101,dropoff,2024,6,12089,Queens,Glen Oaks,false,0.0399
hvfhv,101,dropoff,2025,2,12848,Queens,Glen Oaks,false,0.0399
hvfhv,101,dropoff,2025,3,13642,Queens,Glen Oaks,false,0.0399
hvfhv,101,dropoff,2025,4,13541,Queens,Glen Oaks,false,0.0399
hvfhv,101,dropoff,2025,5,14003,Queens,Glen Oaks,false,0.0399
hvfhv,101,dropoff,2025,6,13582,Queens,Glen Oaks,false,0.0399
hvfhv,101,pickup,2024,2,16080,Queens,Glen Oaks,false,0.02
hvfhv,101,pickup,2024,3,17231,Queens,Glen Oaks,false,0.02
hvfhv,101,pickup,2024,4,16635,Queens,Glen Oaks,false,0.02
hvfhv,101,pickup,2024,5,17244,Queens,Glen Oaks,false,0.02
hvfhv,101,pickup,2024,6,16681,Queens,Glen Oaks,false,0.02
hvfhv,101,pickup,2025,2,17646,Queens,Glen Oaks,false,0.02
hvfhv,101,pickup,2025,3,19050,Queens,Glen Oaks,false,0.02
hvfhv,101,pickup,2025,4,18923,Queens,Glen Oaks,false,0.02
hvfhv,101,pickup,2025,5,19646,Queens,Glen Oaks,false,0.02
hvfhv,101,pickup,2025,6,19384,Queens,Glen Oaks,false,0.02
hvfhv,102,dropoff,2024,2,42837,Queens,Glendale,false,0.0437
hvfhv,102,dropoff,2024,3,48345,Queens,Glendale,false,0.0437
hvfhv,102,dropoff,2024,4,44161,Queens,Glendale,false,0.0437
hvfhv,102,dropoff,2024,5,46828,Queens,Glendale,false,0.0437
hvfhv,102,dropoff,2024,6,47168,Queens,Glendale,false,0.0437
hvfhv,102,dropoff,2025,2,44798,Queens,Glendale,false,0.0437
hvfhv,102,dropoff,2025,3,47482,Queens,Glendale,false,0.0437
hvfhv,102,dropoff,2025,4,46139,Queens,Glendale,false,0.0437
hvfhv,102,dropoff,2025,5,50912,Queens,Glendale,false,0.0437
hvfhv,102,dropoff,2025,6,47932,Queens,Glendale,false,0.0437
hvfhv,102,pickup,2024,2,43467,Queens,Glendale,false,0.032
hvfhv,102,pickup,2024,3,49513,Queens,Glendale,false,0.032
hvfhv,102,pickup,2024,4,44917,Queens,Glendale,false,0.032
hvfhv,102,pickup,2024,5,48213,Queens,Glendale,false,0.032
hvfhv,102,pickup,2024,6,47624,Queens,Glendale,false,0.032
hvfhv,102,pickup,2025,2,45351,Queens,Glendale,false,0.032
hvfhv,102,pickup,2025,3,47837,Queens,Glendale,false,0.032
hvfhv,102,pickup,2025,4,46511,Queens,Glendale,false,0.032
hvfhv,102,pickup,2025,5,51452,Queens,Glendale,false,0.032
hvfhv,102,pickup,2025,6,48942,Queens,Glendale,false,0.032
hvfhv,104,dropoff,2024,3,1,Manhattan,Governor's Island/Ellis Island/Liberty Island,false,1.0
hvfhv,104,dropoff,2025,5,1,Manhattan,Governor's Island/Ellis Island/Liberty Island,false,1.0
hvfhv,104,dropoff,2025,6,1,Manhattan,Governor's Island/Ellis Island/Liberty Island,false,1.0
hvfhv,105,dropoff,2024,2,7,Manhattan,Governor's Island/Ellis Island/Liberty Island,false,0.4286
hvfhv,105,dropoff,2024,3,10,Manhattan,Governor's Island/Ellis Island/Liberty Island,false,0.4286
hvfhv,105,dropoff,2024,4,9,Manhattan,Governor's Island/Ellis Island/Liberty Island,false,0.4286
hvfhv,105,dropoff,2024,5,6,Manhattan,Governor's Island/Ellis Island/Liberty Island,false,0.4286
hvfhv,105,dropoff,2024,6,3,Manhattan,Governor's Island/Ellis Island/Liberty Island,false,0.4286
hvfhv,105,dropoff,2025,2,8,Manhattan,Governor's Island/Ellis Island/Liberty Island,false,0.4286
hvfhv,105,dropoff,2025,3,8,Manhattan,Governor's Island/Ellis Island/Liberty Island,false,0.4286
hvfhv,105,dropoff,2025,4,8,Manhattan,Governor's Island/Ellis Island/Liberty Island,false,0.4286
hvfhv,105,dropoff,2025,5,10,Manhattan,Governor's Island/Ellis Island/Liberty Island,false,0.4286
hvfhv,105,dropoff,2025,6,6,Manhattan,Governor's Island/Ellis Island/Liberty Island,false,0.4286
hvfhv,105,pickup,2024,2,3,Manhattan,Governor's Island/Ellis Island/Liberty Island,false,0.5833
hvfhv,105,pickup,2024,3,2,Manhattan,Governor's Island/Ellis Island/Liberty Island,false,0.5833
hvfhv,105,pickup,2024,4,1,Manhattan,Governor's Island/Ellis Island/Liberty Island,false,0.5833
hvfhv,105,pickup,2024,5,1,Manhattan,Governor's Island/Ellis Island/Liberty Island,false,0.5833
hvfhv,105,pickup,2024,6,5,Manhattan,Governor's Island/Ellis Island/Liberty Island,false,0.5833
hvfhv,105,pickup,2025,2,2,Manhattan,Governor's Island/Ellis Island/Liberty Island,false,0.5833
hvfhv,105,pickup,2025,3,2,Manhattan,Governor's Island/Ellis Island/Liberty Island,false,0.5833
hvfhv,105,pickup,2025,4,2,Manhattan,Governor's Island/Ellis Island/Liberty Island,false,0.5833
hvfhv,105,pickup,2025,5,5,Manhattan,Governor's Island/Ellis Island/Liberty Island,false,0.5833
hvfhv,105,pickup,2025,6,4,Manhattan,Governor's Island/Ellis Island/Liberty Island,false,0.5833
hvfhv,106,dropoff,2024,2,35991,Brooklyn,Gowanus,false,0.1186
hvfhv,106,dropoff,2024,3,40052,Brooklyn,Gowanus,false,0.1186
hvfhv,106,dropoff,2024,4,36742,Brooklyn,Gowanus,false,0.1186
hvfhv,106,dropoff,2024,5,38357,Brooklyn,Gowanus,false,0.1186
hvfhv,106,dropoff,2024,6,37589,Brooklyn,Gowanus,false,0.1186
hvfhv,106,dropoff,2025,2,38539,Brooklyn,Gowanus,false,0.1186
hvfhv,106,dropoff,2025,3,39765,Brooklyn,Gowanus,false,0.1186
hvfhv,106,dropoff,2025,4,38844,Brooklyn,Gowanus,false,0.1186
hvfhv,106,dropoff,2025,5,44612,Brooklyn,Gowanus,false,0.1186
hvfhv,106,dropoff,2025,6,42005,Brooklyn,Gowanus,false,0.1186
hvfhv,106,pickup,2024,2,38726,Brooklyn,Gowanus,false,0.099
hvfhv,106,pickup,2024,3,44228,Brooklyn,Gowanus,false,0.099
hvfhv,106,pickup,2024,4,40900,Brooklyn,Gowanus,false,0.099
hvfhv,106,pickup,2024,5,41579,Brooklyn,Gowanus,false,0.099
hvfhv,106,pickup,2024,6,40596,Brooklyn,Gowanus,false,0.099
hvfhv,106,pickup,2025,2,40915,Brooklyn,Gowanus,false,0.099
hvfhv,106,pickup,2025,3,42985,Brooklyn,Gowanus,false,0.099
hvfhv,106,pickup,2025,4,42118,Brooklyn,Gowanus,false,0.099
hvfhv,106,pickup,2025,5,47090,Brooklyn,Gowanus,false,0.099
hvfhv,106,pickup,2025,6,45217,Brooklyn,Gowanus,false,0.099
hvfhv,107,dropoff,2024,2,143167,Manhattan,Gramercy,true,1.0
hvfhv,107,dropoff,2024,3,151511,Manhattan,Gramercy,true,1.0
hvfhv,107,dropoff,2024,4,140013,Manhattan,Gramercy,true,1.0
hvfhv,107,dropoff,2024,5,139286,Manhattan,Gramercy,true,1.0
hvfhv,107,dropoff,2024,6,132082,Manhattan,Gramercy,true,1.0
hvfhv,107,dropoff,2025,2,132323,Manhattan,Gramercy,true,1.0
hvfhv,107,dropoff,2025,3,131561,Manhattan,Gramercy,true,1.0
hvfhv,107,dropoff,2025,4,129123,Manhattan,Gramercy,true,1.0
hvfhv,107,dropoff,2025,5,126385,Manhattan,Gramercy,true,1.0
hvfhv,107,dropoff,2025,6,113947,Manhattan,Gramercy,true,1.0
hvfhv,107,pickup,2024,2,161494,Manhattan,Gramercy,true,1.0
hvfhv,107,pickup,2024,3,171061,Manhattan,Gramercy,true,1.0
hvfhv,107,pickup,2024,4,159147,Manhattan,Gramercy,true,1.0
hvfhv,107,pickup,2024,5,162473,Manhattan,Gramercy,true,1.0
hvfhv,107,pickup,2024,6,153997,Manhattan,Gramercy,true,1.0
hvfhv,107,pickup,2025,2,149943,Manhattan,Gramercy,true,1.0
hvfhv,107,pickup,2025,3,150858,Manhattan,Gramercy,true,1.0
hvfhv,107,pickup,2025,4,148412,Manhattan,Gramercy,true,1.0
hvfhv,107,pickup,2025,5,147208,Manhattan,Gramercy,true,1.0
hvfhv,107,pickup,2025,6,130926,Manhattan,Gramercy,true,1.0
hvfhv,108,dropoff,2024,2,26356,Brooklyn,Gravesend,false,0.0339
hvfhv,108,dropoff,2024,3,29739,Brooklyn,Gravesend,false,0.0339
hvfhv,108,dropoff,2024,4,26402,Brooklyn,Gravesend,false,0.0339
hvfhv,108,dropoff,2024,5,28257,Brooklyn,Gravesend,false,0.0339
hvfhv,108,dropoff,2024,6,27162,Brooklyn,Gravesend,false,0.0339
hvfhv,108,dropoff,2025,2,27461,Brooklyn,Gravesend,false,0.0339
hvfhv,108,dropoff,2025,3,29551,Brooklyn,Gravesend,false,0.0339
hvfhv,108,dropoff,2025,4,27567,Brooklyn,Gravesend,false,0.0339
hvfhv,108,dropoff,2025,5,30032,Brooklyn,Gravesend,false,0.0339
hvfhv,108,dropoff,2025,6,29245,Brooklyn,Gravesend,false,0.0339
hvfhv,108,pickup,2024,2,26047,Brooklyn,Gravesend,false,0.0296
hvfhv,108,pickup,2024,3,29747,Brooklyn,Gravesend,false,0.0296
hvfhv,108,pickup,2024,4,26709,Brooklyn,Gravesend,false,0.0296
hvfhv,108,pickup,2024,5,28216,Brooklyn,Gravesend,false,0.0296
hvfhv,108,pickup,2024,6,26950,Brooklyn,Gravesend,false,0.0296
hvfhv,108,pickup,2025,2,27850,Brooklyn,Gravesend,false,0.0296
hvfhv,108,pickup,2025,3,30473,Brooklyn,Gravesend,false,0.0296
hvfhv,108,pickup,2025,4,27848,Brooklyn,Gravesend,false,0.0296
hvfhv,108,pickup,2025,5,31191,Brooklyn,Gravesend,false,0.0296
hvfhv,108,pickup,2025,6,29952,Brooklyn,Gravesend,false,0.0296
hvfhv,109,dropoff,2024,2,11066,Staten Island,Great Kills,false,0.0373
hvfhv,109,dropoff,2024,3,12912,Staten Island,Great Kills,false,0.0373
hvfhv,109,dropoff,2024,4,11467,Staten Island,Great Kills,false,0.0373
hvfhv,109,dropoff,2024,5,12617,Staten Island,Great Kills,false,0.0373
hvfhv,109,dropoff,2024,6,12855,Staten Island,Great Kills,false,0.0373
hvfhv,109,dropoff,2025,2,11663,Staten Island,Great Kills,false,0.0373
hvfhv,109,dropoff,2025,3,13133,Staten Island,Great Kills,false,0.0373
hvfhv,109,dropoff,2025,4,12457,Staten Island,Great Kills,false,0.0373
hvfhv,109,dropoff,2025,5,13780,Staten Island,Great Kills,false,0.0373
hvfhv,109,dropoff,2025,6,13591,Staten Island,Great Kills,false,0.0373
hvfhv,109,pickup,2024,2,11948,Staten Island,Great Kills,false,0.0211
hvfhv,109,pickup,2024,3,13980,Staten Island,Great Kills,false,0.0211
hvfhv,109,pickup,2024,4,12503,Staten Island,Great Kills,false,0.0211
hvfhv,109,pickup,2024,5,13602,Staten Island,Great Kills,false,0.0211
hvfhv,109,pickup,2024,6,13750,Staten Island,Great Kills,false,0.0211
hvfhv,109,pickup,2025,2,12832,Staten Island,Great Kills,false,0.0211
hvfhv,109,pickup,2025,3,14279,Staten Island,Great Kills,false,0.0211
hvfhv,109,pickup,2025,4,13644,Staten Island,Great Kills,false,0.0211
hvfhv,109,pickup,2025,5,14998,Staten Island,Great Kills,false,0.0211
hvfhv,109,pickup,2025,6,14886,Staten Island,Great Kills,false,0.0211
hvfhv,110,dropoff,2024,2,53,Staten Island,Great Kills Park,false,0.0028
hvfhv,110,dropoff,2024,3,60,Staten Island,Great Kills Park,false,0.0028
hvfhv,110,dropoff,2024,4,63,Staten Island,Great Kills Park,false,0.0028
hvfhv,110,dropoff,2024,5,86,Staten Island,Great Kills Park,false,0.0028
hvfhv,110,dropoff,2024,6,101,Staten Island,Great Kills Park,false,0.0028
hvfhv,110,dropoff,2025,2,48,Staten Island,Great Kills Park,false,0.0028
hvfhv,110,dropoff,2025,3,58,Staten Island,Great Kills Park,false,0.0028
hvfhv,110,dropoff,2025,4,85,Staten Island,Great Kills Park,false,0.0028
hvfhv,110,dropoff,2025,5,93,Staten Island,Great Kills Park,false,0.0028
hvfhv,110,dropoff,2025,6,89,Staten Island,Great Kills Park,false,0.0028
hvfhv,110,pickup,2024,2,25,Staten Island,Great Kills Park,false,0.0291
hvfhv,110,pickup,2024,3,26,Staten Island,Great Kills Park,false,0.0291
hvfhv,110,pickup,2024,4,37,Staten Island,Great Kills Park,false,0.0291
hvfhv,110,pickup,2024,5,47,Staten Island,Great Kills Park,false,0.0291
hvfhv,110,pickup,2024,6,71,Staten Island,Great Kills Park,false,0.0291
hvfhv,110,pickup,2025,2,22,Staten Island,Great Kills Park,false,0.0291
hvfhv,110,pickup,2025,3,26,Staten Island,Great Kills Park,false,0.0291
hvfhv,110,pickup,2025,4,46,Staten Island,Great Kills Park,false,0.0291
hvfhv,110,pickup,2025,5,47,Staten Island,Great Kills Park,false,0.0291
hvfhv,110,pickup,2025,6,68,Staten Island,Great Kills Park,false,0.0291
hvfhv,111,dropoff,2024,2,754,Brooklyn,Green-Wood Cemetery,false,0.1047
hvfhv,111,dropoff,2024,3,891,Brooklyn,Green-Wood Cemetery,false,0.1047
hvfhv,111,dropoff,2024,4,933,Brooklyn,Green-Wood Cemetery,false,0.1047
hvfhv,111,dropoff,2024,5,1003,Brooklyn,Green-Wood Cemetery,false,0.1047
hvfhv,111,dropoff,2024,6,928,Brooklyn,Green-Wood Cemetery,false,0.1047
hvfhv,111,dropoff,2025,2,654,Brooklyn,Green-Wood Cemetery,false,0.1047
hvfhv,111,dropoff,2025,3,732,Brooklyn,Green-Wood Cemetery,false,0.1047
hvfhv,111,dropoff,2025,4,860,Brooklyn,Green-Wood Cemetery,false,0.1047
hvfhv,111,dropoff,2025,5,1037,Brooklyn,Green-Wood Cemetery,false,0.1047
hvfhv,111,dropoff,2025,6,937,Brooklyn,Green-Wood Cemetery,false,0.1047
hvfhv,111,pickup,2024,2,577,Brooklyn,Green-Wood Cemetery,false,0.0685
hvfhv,111,pickup,2024,3,753,Brooklyn,Green-Wood Cemetery,false,0.0685
hvfhv,111,pickup,2024,4,864,Brooklyn,Green-Wood Cemetery,false,0.0685
hvfhv,111,pickup,2024,5,973,Brooklyn,Green-Wood Cemetery,false,0.0685
hvfhv,111,pickup,2024,6,906,Brooklyn,Green-Wood Cemetery,false,0.0685
hvfhv,111,pickup,2025,2,551,Brooklyn,Green-Wood Cemetery,false,0.0685
hvfhv,111,pickup,2025,3,665,Brooklyn,Green-Wood Cemetery,false,0.0685
hvfhv,111,pickup,2025,4,735,Brooklyn,Green-Wood Cemetery,false,0.0685
hvfhv,111,pickup,2025,5,888,Brooklyn,Green-Wood Cemetery,false,0.0685
hvfhv,111,pickup,2025,6,896,Brooklyn,Green-Wood Cemetery,false,0.0685
hvfhv,112,dropoff,2024,2,177852,Brooklyn,Greenpoint,false,0.2229
hvfhv,112,dropoff,2024,3,194020,Brooklyn,Greenpoint,false,0.2229
hvfhv,112,dropoff,2024,4,179250,Brooklyn,Greenpoint,false,0.2229
hvfhv,112,dropoff,2024,5,192299,Brooklyn,Greenpoint,false,0.2229
hvfhv,112,dropoff,2024,6,193453,Brooklyn,Greenpoint,false,0.2229
hvfhv,112,dropoff,2025,2,186495,Brooklyn,Greenpoint,false,0.2229
hvfhv,112,dropoff,2025,3,192583,Brooklyn,Greenpoint,false,0.2229
hvfhv,112,dropoff,2025,4,184863,Brooklyn,Greenpoint,false,0.2229
hvfhv,112,dropoff,2025,5,208496,Brooklyn,Greenpoint,false,0.2229
hvfhv,112,dropoff,2025,6,191355,Brooklyn,Greenpoint,false,0.2229
hvfhv,112,pickup,2024,2,178566,Brooklyn,Greenpoint,false,0.2012
hvfhv,112,pickup,2024,3,197428,Brooklyn,Greenpoint,false,0.2012
hvfhv,112,pickup,2024,4,180530,Brooklyn,Greenpoint,false,0.2012
hvfhv,112,pickup,2024,5,196181,Brooklyn,Greenpoint,false,0.2012
hvfhv,112,pickup,2024,6,198795,Brooklyn,Greenpoint,false,0.2012
hvfhv,112,pickup,2025,2,188168,Brooklyn,Greenpoint,false,0.2012
hvfhv,112,pickup,2025,3,195986,Brooklyn,Greenpoint,false,0.2012
hvfhv,112,pickup,2025,4,187825,Brooklyn,Greenpoint,false,0.2012
hvfhv,112,pickup,2025,5,211863,Brooklyn,Greenpoint,false,0.2012
hvfhv,112,pickup,2025,6,200365,Brooklyn,Greenpoint,false,0.2012
hvfhv,113,dropoff,2024,2,116517,Manhattan,Greenwich Village North,true,1.0
hvfhv,113,dropoff,2024,3,118243,Manhattan,Greenwich Village North,true,1.0
hvfhv,113,dropoff,2024,4,117005,Manhattan,Greenwich Village North,true,1.0
hvfhv,113,dropoff,2024,5,105987,Manhattan,Greenwich Village North,true,1.0
hvfhv,113,dropoff,2024,6,91540,Manhattan,Greenwich Village North,true,1.0
hvfhv,113,dropoff,2025,2,106853,Manhattan,Greenwich Village North,true,1.0
hvfhv,113,dropoff,2025,3,102444,Manhattan,Greenwich Village North,true,1.0
hvfhv,113,dropoff,2025,4,106018,Manhattan,Greenwich Village North,true,1.0
hvfhv,113,dropoff,2025,5,98765,Manhattan,Greenwich Village North,true,1.0
hvfhv,113,dropoff,2025,6,81603,Manhattan,Greenwich Village North,true,1.0
hvfhv,113,pickup,2024,2,133324,Manhattan,Greenwich Village North,true,1.0
hvfhv,113,pickup,2024,3,136274,Manhattan,Greenwich Village North,true,1.0
hvfhv,113,pickup,2024,4,133726,Manhattan,Greenwich Village North,true,1.0
hvfhv,113,pickup,2024,5,128252,Manhattan,Greenwich Village North,true,1.0
hvfhv,113,pickup,2024,6,113016,Manhattan,Greenwich Village North,true,1.0
hvfhv,113,pickup,2025,2,120696,Manhattan,Greenwich Village North,true,1.0
hvfhv,113,pickup,2025,3,118672,Manhattan,Greenwich Village North,true,1.0
hvfhv,113,pickup,2025,4,122086,Manhattan,Greenwich Village North,true,1.0
hvfhv,113,pickup,2025,5,119283,Manhattan,Greenwich Village North,true,1.0
hvfhv,113,pickup,2025,6,101839,Manhattan,Greenwich Village North,true,1.0
hvfhv,114,dropoff,2024,2,122404,Manhattan,Greenwich Village South,true,1.0
hvfhv,114,dropoff,2024,3,128004,Manhattan,Greenwich Village South,true,1.0
hvfhv,114,dropoff,2024,4,120271,Manhattan,Greenwich Village South,true,1.0
hvfhv,114,dropoff,2024,5,113253,Manhattan,Greenwich Village South,true,1.0
hvfhv,114,dropoff,2024,6,105088,Manhattan,Greenwich Village South,true,1.0
hvfhv,114,dropoff,2025,2,112025,Manhattan,Greenwich Village South,true,1.0
hvfhv,114,dropoff,2025,3,109521,Manhattan,Greenwich Village South,true,1.0
hvfhv,114,dropoff,2025,4,110440,Manhattan,Greenwich Village South,true,1.0
hvfhv,114,dropoff,2025,5,105503,Manhattan,Greenwich Village South,true,1.0
hvfhv,114,dropoff,2025,6,91600,Manhattan,Greenwich Village South,true,1.0
hvfhv,114,pickup,2024,2,137246,Manhattan,Greenwich Village South,true,1.0
hvfhv,114,pickup,2024,3,145233,Manhattan,Greenwich Village South,true,1.0
hvfhv,114,pickup,2024,4,135192,Manhattan,Greenwich Village South,true,1.0
hvfhv,114,pickup,2024,5,131735,Manhattan,Greenwich Village South,true,1.0
hvfhv,114,pickup,2024,6,119862,Manhattan,Greenwich Village South,true,1.0
hvfhv,114,pickup,2025,2,125666,Manhattan,Greenwich Village South,true,1.0
hvfhv,114,pickup,2025,3,126571,Manhattan,Greenwich Village South,true,1.0
hvfhv,114,pickup,2025,4,124165,Manhattan,Greenwich Village South,true,1.0
hvfhv,114,pickup,2025,5,123424,Manhattan,Greenwich Village South,true,1.0
hvfhv,114,pickup,2025,6,106515,Manhattan,Greenwich Village South,true,1.0
hvfhv,115,dropoff,2024,2,14206,Staten Island,Grymes Hill/Clifton,false,0.04
hvfhv,115,dropoff,2024,3,16140,Staten Island,Grymes Hill/Clifton,false,0.04
hvfhv,115,dropoff,2024,4,14585,Staten Island,Grymes Hill/Clifton,false,0.04
hvfhv,115,dropoff,2024,5,14943,Staten Island,Grymes Hill/Clifton,false,0.04
hvfhv,115,dropoff,2024,6,13846,Staten Island,Grymes Hill/Clifton,false,0.04
hvfhv,115,dropoff,2025,2,15512,Staten Island,Grymes Hill/Clifton,false,0.04
hvfhv,115,dropoff,2025,3,16678,Staten Island,Grymes Hill/Clifton,false,0.04
hvfhv,115,dropoff,2025,4,15261,Staten Island,Grymes Hill/Clifton,false,0.04
hvfhv,115,dropoff,2025,5,16112,Staten Island,Grymes Hill/Clifton,false,0.04
hvfhv,115,dropoff,2025,6,15003,Staten Island,Grymes Hill/Clifton,false,0.04
hvfhv,115,pickup,2024,2,15850,Staten Island,Grymes Hill/Clifton,false,0.0197
hvfhv,115,pickup,2024,3,17641,Staten Island,Grymes Hill/Clifton,false,0.0197
hvfhv,115,pickup,2024,4,16015,Staten Island,Grymes Hill/Clifton,false,0.0197
hvfhv,115,pickup,2024,5,16488,Staten Island,Grymes Hill/Clifton,false,0.0197
hvfhv,115,pickup,2024,6,15556,Staten Island,Grymes Hill/Clifton,false,0.0197
hvfhv,115,pickup,2025,2,17026,Staten Island,Grymes Hill/Clifton,false,0.0197
hvfhv,115,pickup,2025,3,18456,Staten Island,Grymes Hill/Clifton,false,0.0197
hvfhv,115,pickup,2025,4,17195,Staten Island,Grymes Hill/Clifton,false,0.0197
hvfhv,115,pickup,2025,5,17826,Staten Island,Grymes Hill/Clifton,false,0.0197
hvfhv,115,pickup,2025,6,16843,Staten Island,Grymes Hill/Clifton,false,0.0197
hvfhv,116,dropoff,2024,2,85793,Manhattan,Hamilton Heights,false,0.1444
hvfhv,116,dropoff,2024,3,92160,Manhattan,Hamilton Heights,false,0.1444
hvfhv,116,dropoff,2024,4,83913,Manhattan,Hamilton Heights,false,0.1444
hvfhv,116,dropoff,2024,5,87145,Manhattan,Hamilton Heights,false,0.1444
hvfhv,116,dropoff,2024,6,85512,Manhattan,Hamilton Heights,false,0.1444
hvfhv,116,dropoff,2025,2,81415,Manhattan,Hamilton Heights,false,0.1444
hvfhv,116,dropoff,2025,3,87389,Manhattan,Hamilton Heights,false,0.1444
hvfhv,116,dropoff,2025,4,83260,Manhattan,Hamilton Heights,false,0.1444
hvfhv,116,dropoff,2025,5,85564,Manhattan,Hamilton Heights,false,0.1444
hvfhv,116,dropoff,2025,6,79287,Manhattan,Hamilton Heights,false,0.1444
hvfhv,116,pickup,2024,2,90599,Manhattan,Hamilton Heights,false,0.1231
hvfhv,116,pickup,2024,3,95417,Manhattan,Hamilton Heights,false,0.1231
hvfhv,116,pickup,2024,4,89305,Manhattan,Hamilton Heights,false,0.1231
hvfhv,116,pickup,2024,5,92511,Manhattan,Hamilton Heights,false,0.1231
hvfhv,116,pickup,2024,6,91039,Manhattan,Hamilton Heights,false,0.1231
hvfhv,116,pickup,2025,2,87751,Manhattan,Hamilton Heights,false,0.1231
hvfhv,116,pickup,2025,3,93694,Manhattan,Hamilton Heights,false,0.1231
hvfhv,116,pickup,2025,4,89976,Manhattan,Hamilton Heights,false,0.1231
hvfhv,116,pickup,2025,5,91844,Manhattan,Hamilton Heights,false,0.1231
hvfhv,116,pickup,2025,6,86605,Manhattan,Hamilton Heights,false,0.1231
hvfhv,117,dropoff,2024,2,26446,Queens,Hammels/Arverne,false,0.0216
hvfhv,117,dropoff,2024,3,30682,Queens,Hammels/Arverne,false,0.0216
hvfhv,117,dropoff,2024,4,26525,Queens,Hammels/Arverne,false,0.0216
hvfhv,117,dropoff,2024,5,27510,Queens,Hammels/Arverne,false,0.0216
hvfhv,117,dropoff,2024,6,28331,Queens,Hammels/Arverne,false,0.0216
hvfhv,117,dropoff,2025,2,28347,Queens,Hammels/Arverne,false,0.0216
hvfhv,117,dropoff,2025,3,31598,Queens,Hammels/Arverne,false,0.0216
hvfhv,117,dropoff,2025,4,28627,Queens,Hammels/Arverne,false,0.0216
hvfhv,117,dropoff,2025,5,30371,Queens,Hammels/Arverne,false,0.0216
hvfhv,117,dropoff,2025,6,29765,Queens,Hammels/Arverne,false,0.0216
hvfhv,117,pickup,2024,2,29514,Queens,Hammels/Arverne,false,0.0144
hvfhv,117,pickup,2024,3,34553,Queens,Hammels/Arverne,false,0.0144
hvfhv,117,pickup,2024,4,29856,Queens,Hammels/Arverne,false,0.0144
hvfhv,117,pickup,2024,5,30969,Queens,Hammels/Arverne,false,0.0144
hvfhv,117,pickup,2024,6,32359,Queens,Hammels/Arverne,false,0.0144
hvfhv,117,pickup,2025,2,31884,Queens,Hammels/Arverne,false,0.0144
hvfhv,117,pickup,2025,3,35873,Queens,Hammels/Arverne,false,0.0144
hvfhv,117,pickup,2025,4,31811,Queens,Hammels/Arverne,false,0.0144
hvfhv,117,pickup,2025,5,33480,Queens,Hammels/Arverne,false,0.0144
hvfhv,117,pickup,2025,6,33434,Queens,Hammels/Arverne,false,0.0144
hvfhv,118,dropoff,2024,2,20032,Staten Island,Heartland Village/Todt Hill,false,0.0403
hvfhv,118,dropoff,2024,3,22178,Staten Island,Heartland Village/Todt Hill,false,0.0403
hvfhv,118,dropoff,2024,4,20122,Staten Island,Heartland Village/Todt Hill,false,0.0403
hvfhv,118,dropoff,2024,5,22385,Staten Island,Heartland Village/Todt Hill,false,0.0403
hvfhv,118,dropoff,2024,6,21831,Staten Island,Heartland Village/Todt Hill,false,0.0403
hvfhv,118,dropoff,2025,2,20376,Staten Island,Heartland Village/Todt Hill,false,0.0403
hvfhv,118,dropoff,2025,3,21461,Staten Island,Heartland Village/Todt Hill,false,0.0403
hvfhv,118,dropoff,2025,4,21297,Staten Island,Heartland Village/Todt Hill,false,0.0403
hvfhv,118,dropoff,2025,5,23809,Staten Island,Heartland Village/Todt Hill,false,0.0403
hvfhv,118,dropoff,2025,6,22408,Staten Island,Heartland Village/Todt Hill,false,0.0403
hvfhv,118,pickup,2024,2,18967,Staten Island,Heartland Village/Todt Hill,false,0.028
hvfhv,118,pickup,2024,3,21127,Staten Island,Heartland Village/Todt Hill,false,0.028
hvfhv,118,pickup,2024,4,19128,Staten Island,Heartland Village/Todt Hill,false,0.028
hvfhv,118,pickup,2024,5,20991,Staten Island,Heartland Village/Todt Hill,false,0.028
hvfhv,118,pickup,2024,6,20539,Staten Island,Heartland Village/Todt Hill,false,0.028
hvfhv,118,pickup,2025,2,19587,Staten Island,Heartland Village/Todt Hill,false,0.028
hvfhv,118,pickup,2025,3,20523,Staten Island,Heartland Village/Todt Hill,false,0.028
hvfhv,118,pickup,2025,4,20431,Staten Island,Heartland Village/Todt Hill,false,0.028
hvfhv,118,pickup,2025,5,22521,Staten Island,Heartland Village/Todt Hill,false,0.028
hvfhv,118,pickup,2025,6,21505,Staten Island,Heartland Village/Todt Hill,false,0.028
hvfhv,119,dropoff,2024,2,59965,Bronx,Highbridge,false,0.0631
hvfhv,119,dropoff,2024,3,68008,Bronx,Highbridge,false,0.0631
hvfhv,119,dropoff,2024,4,64954,Bronx,Highbridge,false,0.0631
hvfhv,119,dropoff,2024,5,68057,Bronx,Highbridge,false,0.0631
hvfhv,119,dropoff,2024,6,65545,Bronx,Highbridge,false,0.0631
hvfhv,119,dropoff,2025,2,60775,Bronx,Highbridge,false,0.0631
hvfhv,119,dropoff,2025,3,68924,Bronx,Highbridge,false,0.0631
hvfhv,119,dropoff,2025,4,65145,Bronx,Highbridge,false,0.0631
hvfhv,119,dropoff,2025,5,69634,Bronx,Highbridge,false,0.0631
hvfhv,119,dropoff,2025,6,65779,Bronx,Highbridge,false,0.0631
hvfhv,119,pickup,2024,2,63058,Bronx,Highbridge,false,0.0554
hvfhv,119,pickup,2024,3,71443,Bronx,Highbridge,false,0.0554
hvfhv,119,pickup,2024,4,66535,Bronx,Highbridge,false,0.0554
hvfhv,119,pickup,2024,5,68518,Bronx,Highbridge,false,0.0554
hvfhv,119,pickup,2024,6,65277,Bronx,Highbridge,false,0.0554
hvfhv,119,pickup,2025,2,64216,Bronx,Highbridge,false,0.0554
hvfhv,119,pickup,2025,3,71456,Bronx,Highbridge,false,0.0554
hvfhv,119,pickup,2025,4,67415,Bronx,Highbridge,false,0.0554
hvfhv,119,pickup,2025,5,71015,Bronx,Highbridge,false,0.0554
hvfhv,119,pickup,2025,6,67095,Bronx,Highbridge,false,0.0554
hvfhv,120,dropoff,2024,2,2748,Manhattan,Highbridge Park,false,0.1411
hvfhv,120,dropoff,2024,3,2981,Manhattan,Highbridge Park,false,0.1411
hvfhv,120,dropoff,2024,4,2863,Manhattan,Highbridge Park,false,0.1411
hvfhv,120,dropoff,2024,5,3417,Manhattan,Highbridge Park,false,0.1411
hvfhv,120,dropoff,2024,6,3239,Manhattan,Highbridge Park,false,0.1411
hvfhv,120,dropoff,2025,2,2498,Manhattan,Highbridge Park,false,0.1411
hvfhv,120,dropoff,2025,3,2782,Manhattan,Highbridge Park,false,0.1411
hvfhv,120,dropoff,2025,4,2636,Manhattan,Highbridge Park,false,0.1411
hvfhv,120,dropoff,2025,5,2558,Manhattan,Highbridge Park,false,0.1411
hvfhv,120,dropoff,2025,6,2576,Manhattan,Highbridge Park,false,0.1411
hvfhv,120,pickup,2024,2,1801,Manhattan,Highbridge Park,false,0.0886
hvfhv,120,pickup,2024,3,1958,Manhattan,Highbridge Park,false,0.0886
hvfhv,120,pickup,2024,4,1992,Manhattan,Highbridge Park,false,0.0886
hvfhv,120,pickup,2024,5,2285,Manhattan,Highbridge Park,false,0.0886
hvfhv,120,pickup,2024,6,2318,Manhattan,Highbridge Park,false,0.0886
hvfhv,120,pickup,2025,2,1720,Manhattan,Highbridge Park,false,0.0886
hvfhv,120,pickup,2025,3,2075,Manhattan,Highbridge Park,false,0.0886
hvfhv,120,pickup,2025,4,1889,Manhattan,Highbridge Park,false,0.0886
hvfhv,120,pickup,2025,5,1951,Manhattan,Highbridge Park,false,0.0886
hvfhv,120,pickup,2025,6,1852,Manhattan,Highbridge Park,false,0.0886
hvfhv,121,dropoff,2024,2,42395,Queens,Hillcrest/Pomonok,false,0.0444
hvfhv,121,dropoff,2024,3,47496,Queens,Hillcrest/Pomonok,false,0.0444
hvfhv,121,dropoff,2024,4,45486,Queens,Hillcrest/Pomonok,false,0.0444
hvfhv,121,dropoff,2024,5,41906,Queens,Hillcrest/Pomonok,false,0.0444
hvfhv,121,dropoff,2024,6,40570,Queens,Hillcrest/Pomonok,false,0.0444
hvfhv,121,dropoff,2025,2,45348,Queens,Hillcrest/Pomonok,false,0.0444
hvfhv,121,dropoff,2025,3,47872,Queens,Hillcrest/Pomonok,false,0.0444
hvfhv,121,dropoff,2025,4,45853,Queens,Hillcrest/Pomonok,false,0.0444
hvfhv,121,dropoff,2025,5,44895,Queens,Hillcrest/Pomonok,false,0.0444
hvfhv,121,dropoff,2025,6,41674,Queens,Hillcrest/Pomonok,false,0.0444
hvfhv,121,pickup,2024,2,43983,Queens,Hillcrest/Pomonok,false,0.0314
hvfhv,121,pickup,2024,3,48385,Queens,Hillcrest/Pomonok,false,0.0314
hvfhv,121,pickup,2024,4,46045,Queens,Hillcrest/Pomonok,false,0.0314
hvfhv,121,pickup,2024,5,42619,Queens,Hillcrest/Pomonok,false,0.0314
hvfhv,121,pickup,2024,6,39418,Queens,Hillcrest/Pomonok,false,0.0314
hvfhv,121,pickup,2025,2,46385,Queens,Hillcrest/Pomonok,false,0.0314
hvfhv,121,pickup,2025,3,48596,Queens,Hillcrest/Pomonok,false,0.0314
hvfhv,121,pickup,2025,4,46479,Queens,Hillcrest/Pomonok,false,0.0314
hvfhv,121,pickup,2025,5,46775,Queens,Hillcrest/Pomonok,false,0.0314
hvfhv,121,pickup,2025,6,41870,Queens,Hillcrest/Pomonok,false,0.0314
hvfhv,122,dropoff,2024,2,18920,Queens,Hollis,false,0.0217
hvfhv,122,dropoff,2024,3,21969,Queens,Hollis,false,0.0217
hvfhv,122,dropoff,2024,4,20423,Queens,Hollis,false,0.0217
hvfhv,122,dropoff,2024,5,21515,Queens,Hollis,false,0.0217
hvfhv,122,dropoff,2024,6,20972,Queens,Hollis,false,0.0217
hvfhv,122,dropoff,2025,2,20924,Queens,Hollis,false,0.0217
hvfhv,122,dropoff,2025,3,23236,Queens,Hollis,false,0.0217
hvfhv,122,dropoff,2025,4,21647,Queens,Hollis,false,0.0217
hvfhv,122,dropoff,2025,5,24065,Queens,Hollis,false,0.0217
hvfhv,122,dropoff,2025,6,22779,Queens,Hollis,false,0.0217
hvfhv,122,pickup,2024,2,21063,Queens,Hollis,false,0.0165
hvfhv,122,pickup,2024,3,24589,Queens,Hollis,false,0.0165
hvfhv,122,pickup,2024,4,23195,Queens,Hollis,false,0.0165
hvfhv,122,pickup,2024,5,23859,Queens,Hollis,false,0.0165
hvfhv,122,pickup,2024,6,23472,Queens,Hollis,false,0.0165
hvfhv,122,pickup,2025,2,23076,Queens,Hollis,false,0.0165
hvfhv,122,pickup,2025,3,26267,Queens,Hollis,false,0.0165
hvfhv,122,pickup,2025,4,24944,Queens,Hollis,false,0.0165
hvfhv,122,pickup,2025,5,26652,Queens,Hollis,false,0.0165
hvfhv,122,pickup,2025,6,25285,Queens,Hollis,false,0.0165
hvfhv,123,dropoff,2024,2,58860,Brooklyn,Homecrest,false,0.0344
hvfhv,123,dropoff,2024,3,65915,Brooklyn,Homecrest,false,0.0344
hvfhv,123,dropoff,2024,4,56116,Brooklyn,Homecrest,false,0.0344
hvfhv,123,dropoff,2024,5,59310,Brooklyn,Homecrest,false,0.0344
hvfhv,123,dropoff,2024,6,52627,Brooklyn,Homecrest,false,0.0344
hvfhv,123,dropoff,2025,2,63754,Brooklyn,Homecrest,false,0.0344
hvfhv,123,dropoff,2025,3,68621,Brooklyn,Homecrest,false,0.0344
hvfhv,123,dropoff,2025,4,57346,Brooklyn,Homecrest,false,0.0344
hvfhv,123,dropoff,2025,5,65048,Brooklyn,Homecrest,false,0.0344
hvfhv,123,dropoff,2025,6,56992,Brooklyn,Homecrest,false,0.0344
hvfhv,123,pickup,2024,2,57192,Brooklyn,Homecrest,false,0.0315
hvfhv,123,pickup,2024,3,64205,Brooklyn,Homecrest,false,0.0315
hvfhv,123,pickup,2024,4,54979,Brooklyn,Homecrest,false,0.0315
hvfhv,123,pickup,2024,5,58355,Brooklyn,Homecrest,false,0.0315
hvfhv,123,pickup,2024,6,50179,Brooklyn,Homecrest,false,0.0315
hvfhv,123,pickup,2025,2,61695,Brooklyn,Homecrest,false,0.0315
hvfhv,123,pickup,2025,3,66698,Brooklyn,Homecrest,false,0.0315
hvfhv,123,pickup,2025,4,55819,Brooklyn,Homecrest,false,0.0315
hvfhv,123,pickup,2025,5,63704,Brooklyn,Homecrest,false,0.0315
hvfhv,123,pickup,2025,6,55829,Brooklyn,Homecrest,false,0.0315
hvfhv,124,dropoff,2024,2,25523,Queens,Howard Beach,false,0.029
hvfhv,124,dropoff,2024,3,28551,Queens,Howard Beach,false,0.029
hvfhv,124,dropoff,2024,4,26840,Queens,Howard Beach,false,0.029
hvfhv,124,dropoff,2024,5,28988,Queens,Howard Beach,false,0.029
hvfhv,124,dropoff,2024,6,29432,Queens,Howard Beach,false,0.029
hvfhv,124,dropoff,2025,2,27181,Queens,Howard Beach,false,0.029
hvfhv,124,dropoff,2025,3,30086,Queens,Howard Beach,false,0.029
hvfhv,124,dropoff,2025,4,29604,Queens,Howard Beach,false,0.029
hvfhv,124,dropoff,2025,5,31344,Queens,Howard Beach,false,0.029
hvfhv,124,dropoff,2025,6,30667,Queens,Howard Beach,false,0.029
hvfhv,124,pickup,2024,2,27309,Queens,Howard Beach,false,0.0238
hvfhv,124,pickup,2024,3,30442,Queens,Howard Beach,false,0.0238
hvfhv,124,pickup,2024,4,28738,Queens,Howard Beach,false,0.0238
hvfhv,124,pickup,2024,5,30325,Queens,Howard Beach,false,0.0238
hvfhv,124,pickup,2024,6,31218,Queens,Howard Beach,false,0.0238
hvfhv,124,pickup,2025,2,28576,Queens,Howard Beach,false,0.0238
hvfhv,124,pickup,2025,3,31413,Queens,Howard Beach,false,0.0238
hvfhv,124,pickup,2025,4,31251,Queens,Howard Beach,false,0.0238
hvfhv,124,pickup,2025,5,32770,Queens,Howard Beach,false,0.0238
hvfhv,124,pickup,2025,6,31857,Queens,Howard Beach,false,0.0238
hvfhv,125,dropoff,2024,2,61229,Manhattan,Hudson Sq,true,1.0
hvfhv,125,dropoff,2024,3,64429,Manhattan,Hudson Sq,true,1.0
hvfhv,125,dropoff,2024,4,62374,Manhattan,Hudson Sq,true,1.0
hvfhv,125,dropoff,2024,5,62262,Manhattan,Hudson Sq,true,1.0
hvfhv,125,dropoff,2024,6,58321,Manhattan,Hudson Sq,true,1.0
hvfhv,125,dropoff,2025,2,63284,Manhattan,Hudson Sq,true,1.0
hvfhv,125,dropoff,2025,3,61540,Manhattan,Hudson Sq,true,1.0
hvfhv,125,dropoff,2025,4,62368,Manhattan,Hudson Sq,true,1.0
hvfhv,125,dropoff,2025,5,64141,Manhattan,Hudson Sq,true,1.0
hvfhv,125,dropoff,2025,6,57683,Manhattan,Hudson Sq,true,1.0
hvfhv,125,pickup,2024,2,72184,Manhattan,Hudson Sq,true,1.0
hvfhv,125,pickup,2024,3,75231,Manhattan,Hudson Sq,true,1.0
hvfhv,125,pickup,2024,4,72264,Manhattan,Hudson Sq,true,1.0
hvfhv,125,pickup,2024,5,73339,Manhattan,Hudson Sq,true,1.0
hvfhv,125,pickup,2024,6,69843,Manhattan,Hudson Sq,true,1.0
hvfhv,125,pickup,2025,2,72807,Manhattan,Hudson Sq,true,1.0
hvfhv,125,pickup,2025,3,72066,Manhattan,Hudson Sq,true,1.0
hvfhv,125,pickup,2025,4,71945,Manhattan,Hudson Sq,true,1.0
hvfhv,125,pickup,2025,5,73751,Manhattan,Hudson Sq,true,1.0
hvfhv,125,pickup,2025,6,67318,Manhattan,Hudson Sq,true,1.0
hvfhv,126,dropoff,2024,2,64796,Bronx,Hunts Point,false,0.0317
hvfhv,126,dropoff,2024,3,71778,Bronx,Hunts Point,false,0.0317
hvfhv,126,dropoff,2024,4,64660,Bronx,Hunts Point,false,0.0317
hvfhv,126,dropoff,2024,5,64938,Bronx,Hunts Point,false,0.0317
hvfhv,126,dropoff,2024,6,63231,Bronx,Hunts Point,false,0.0317
hvfhv,126,dropoff,2025,2,65129,Bronx,Hunts Point,false,0.0317
hvfhv,126,dropoff,2025,3,71748,Bronx,Hunts Point,false,0.0317
hvfhv,126,dropoff,2025,4,66459,Bronx,Hunts Point,false,0.0317
hvfhv,126,dropoff,2025,5,68794,Bronx,Hunts Point,false,0.0317
hvfhv,126,dropoff,2025,6,65887,Bronx,Hunts Point,false,0.0317
hvfhv,126,pickup,2024,2,59506,Bronx,Hunts Point,false,0.0331
hvfhv,126,pickup,2024,3,66397,Bronx,Hunts Point,false,0.0331
hvfhv,126,pickup,2024,4,59712,Bronx,Hunts Point,false,0.0331
hvfhv,126,pickup,2024,5,61464,Bronx,Hunts Point,false,0.0331
hvfhv,126,pickup,2024,6,60496,Bronx,Hunts Point,false,0.0331
hvfhv,126,pickup,2025,2,61183,Bronx,Hunts Point,false,0.0331
hvfhv,126,pickup,2025,3,69320,Bronx,Hunts Point,false,0.0331
hvfhv,126,pickup,2025,4,62485,Bronx,Hunts Point,false,0.0331
hvfhv,126,pickup,2025,5,63146,Bronx,Hunts Point,false,0.0331
hvfhv,126,pickup,2025,6,60255,Bronx,Hunts Point,false,0.0331
hvfhv,127,dropoff,2024,2,69007,Manhattan,Inwood,false,0.0847
hvfhv,127,dropoff,2024,3,76010,Manhattan,Inwood,false,0.0847
hvfhv,127,dropoff,2024,4,68741,Manhattan,Inwood,false,0.0847
hvfhv,127,dropoff,2024,5,77710,Manhattan,Inwood,false,0.0847
hvfhv,127,dropoff,2024,6,70318,Manhattan,Inwood,false,0.0847
hvfhv,127,dropoff,2025,2,66295,Manhattan,Inwood,false,0.0847
hvfhv,127,dropoff,2025,3,74243,Manhattan,Inwood,false,0.0847
hvfhv,127,dropoff,2025,4,68923,Manhattan,Inwood,false,0.0847
hvfhv,127,dropoff,2025,5,72794,Manhattan,Inwood,false,0.0847
hvfhv,127,dropoff,2025,6,66673,Manhattan,Inwood,false,0.0847
hvfhv,127,pickup,2024,2,69218,Manhattan,Inwood,false,0.0751
hvfhv,127,pickup,2024,3,77134,Manhattan,Inwood,false,0.0751
hvfhv,127,pickup,2024,4,70473,Manhattan,Inwood,false,0.0751
hvfhv,127,pickup,2024,5,77361,Manhattan,Inwood,false,0.0751
hvfhv,127,pickup,2024,6,72145,Manhattan,Inwood,false,0.0751
hvfhv,127,pickup,2025,2,68586,Manhattan,Inwood,false,0.0751
hvfhv,127,pickup,2025,3,78388,Manhattan,Inwood,false,0.0751
hvfhv,127,pickup,2025,4,71793,Manhattan,Inwood,false,0.0751
hvfhv,127,pickup,2025,5,76528,Manhattan,Inwood,false,0.0751
hvfhv,127,pickup,2025,6,72690,Manhattan,Inwood,false,0.0751
hvfhv,128,dropoff,2024,2,6253,Manhattan,Inwood Hill Park,false,0.0726
hvfhv,128,dropoff,2024,3,6495,Manhattan,Inwood Hill Park,false,0.0726
hvfhv,128,dropoff,2024,4,6530,Manhattan,Inwood Hill Park,false,0.0726
hvfhv,128,dropoff,2024,5,8110,Manhattan,Inwood Hill Park,false,0.0726
hvfhv,128,dropoff,2024,6,6629,Manhattan,Inwood Hill Park,false,0.0726
hvfhv,128,dropoff,2025,2,6345,Manhattan,Inwood Hill Park,false,0.0726
hvfhv,128,dropoff,2025,3,6735,Manhattan,Inwood Hill Park,false,0.0726
hvfhv,128,dropoff,2025,4,7142,Manhattan,Inwood Hill Park,false,0.0726
hvfhv,128,dropoff,2025,5,7080,Manhattan,Inwood Hill Park,false,0.0726
hvfhv,128,dropoff,2025,6,6542,Manhattan,Inwood Hill Park,false,0.0726
hvfhv,128,pickup,2024,2,5435,Manhattan,Inwood Hill Park,false,0.0838
hvfhv,128,pickup,2024,3,5651,Manhattan,Inwood Hill Park,false,0.0838
hvfhv,128,pickup,2024,4,5388,Manhattan,Inwood Hill Park,false,0.0838
hvfhv,128,pickup,2024,5,6183,Manhattan,Inwood Hill Park,false,0.0838
hvfhv,128,pickup,2024,6,5326,Manhattan,Inwood Hill Park,false,0.0838
hvfhv,128,pickup,2025,2,5455,Manhattan,Inwood Hill Park,false,0.0838
hvfhv,128,pickup,2025,3,5978,Manhattan,Inwood Hill Park,false,0.0838
hvfhv,128,pickup,2025,4,6211,Manhattan,Inwood Hill Park,false,0.0838
hvfhv,128,pickup,2025,5,6045,Manhattan,Inwood Hill Park,false,0.0838
hvfhv,128,pickup,2025,6,5494,Manhattan,Inwood Hill Park,false,0.0838
hvfhv,129,dropoff,2024,2,130858,Queens,Jackson Heights,false,0.0676
hvfhv,129,dropoff,2024,3,144815,Queens,Jackson Heights,false,0.0676
hvfhv,129,dropoff,2024,4,135117,Queens,Jackson Heights,false,0.0676
hvfhv,129,dropoff,2024,5,141544,Queens,Jackson Heights,false,0.0676
hvfhv,129,dropoff,2024,6,140186,Queens,Jackson Heights,false,0.0676
hvfhv,129,dropoff,2025,2,133995,Queens,Jackson Heights,false,0.0676
hvfhv,129,dropoff,2025,3,141910,Queens,Jackson Heights,false,0.0676
hvfhv,129,dropoff,2025,4,135616,Queens,Jackson Heights,false,0.0676
hvfhv,129,dropoff,2025,5,149291,Queens,Jackson Heights,false,0.0676
hvfhv,129,dropoff,2025,6,144131,Queens,Jackson Heights,false,0.0676
hvfhv,129,pickup,2024,2,143924,Queens,Jackson Heights,false,0.0501
hvfhv,129,pickup,2024,3,158747,Queens,Jackson Heights,false,0.0501
hvfhv,129,pickup,2024,4,148344,Queens,Jackson Heights,false,0.0501
hvfhv,129,pickup,2024,5,155569,Queens,Jackson Heights,false,0.0501
hvfhv,129,pickup,2024,6,154814,Queens,Jackson Heights,false,0.0501
hvfhv,129,pickup,2025,2,145804,Queens,Jackson Heights,false,0.0501
hvfhv,129,pickup,2025,3,154789,Queens,Jackson Heights,false,0.0501
hvfhv,129,pickup,2025,4,148571,Queens,Jackson Heights,false,0.0501
hvfhv,129,pickup,2025,5,163432,Queens,Jackson Heights,false,0.0501
hvfhv,129,pickup,2025,6,160474,Queens,Jackson Heights,false,0.0501
hvfhv,130,dropoff,2024,2,142592,Queens,Jamaica,false,0.0156
hvfhv,130,dropoff,2024,3,158714,Queens,Jamaica,false,0.0156
hvfhv,130,dropoff,2024,4,149524,Queens,Jamaica,false,0.0156
hvfhv,130,dropoff,2024,5,155673,Queens,Jamaica,false,0.0156
hvfhv,130,dropoff,2024,6,150222,Queens,Jamaica,false,0.0156
hvfhv,130,dropoff,2025,2,152139,Queens,Jamaica,false,0.0156
hvfhv,130,dropoff,2025,3,165415,Queens,Jamaica,false,0.0156
hvfhv,130,dropoff,2025,4,160112,Queens,Jamaica,false,0.0156
hvfhv,130,dropoff,2025,5,168843,Queens,Jamaica,false,0.0156
hvfhv,130,dropoff,2025,6,160605,Queens,Jamaica,false,0.0156
hvfhv,130,pickup,2024,2,139078,Queens,Jamaica,false,0.0162
hvfhv,130,pickup,2024,3,154317,Queens,Jamaica,false,0.0162
hvfhv,130,pickup,2024,4,144580,Queens,Jamaica,false,0.0162
hvfhv,130,pickup,2024,5,149738,Queens,Jamaica,false,0.0162
hvfhv,130,pickup,2024,6,146311,Queens,Jamaica,false,0.0162
hvfhv,130,pickup,2025,2,147815,Queens,Jamaica,false,0.0162
hvfhv,130,pickup,2025,3,160486,Queens,Jamaica,false,0.0162
hvfhv,130,pickup,2025,4,154369,Queens,Jamaica,false,0.0162
hvfhv,130,pickup,2025,5,170102,Queens,Jamaica,false,0.0162
hvfhv,130,pickup,2025,6,165487,Queens,Jamaica,false,0.0162
hvfhv,131,dropoff,2024,2,28513,Queens,Jamaica Estates,false,0.042
hvfhv,131,dropoff,2024,3,31616,Queens,Jamaica Estates,false,0.042
hvfhv,131,dropoff,2024,4,29825,Queens,Jamaica Estates,false,0.042
hvfhv,131,dropoff,2024,5,29955,Queens,Jamaica Estates,false,0.042
hvfhv,131,dropoff,2024,6,29094,Queens,Jamaica Estates,false,0.042
hvfhv,131,dropoff,2025,2,29985,Queens,Jamaica Estates,false,0.042
hvfhv,131,dropoff,2025,3,32626,Queens,Jamaica Estates,false,0.042
hvfhv,131,dropoff,2025,4,30937,Queens,Jamaica Estates,false,0.042
hvfhv,131,dropoff,2025,5,32822,Queens,Jamaica Estates,false,0.042
hvfhv,131,dropoff,2025,6,31341,Queens,Jamaica Estates,false,0.042
hvfhv,131,pickup,2024,2,29531,Queens,Jamaica Estates,false,0.0295
hvfhv,131,pickup,2024,3,32402,Queens,Jamaica Estates,false,0.0295
hvfhv,131,pickup,2024,4,30576,Queens,Jamaica Estates,false,0.0295
hvfhv,131,pickup,2024,5,30518,Queens,Jamaica Estates,false,0.0295
hvfhv,131,pickup,2024,6,29829,Queens,Jamaica Estates,false,0.0295
hvfhv,131,pickup,2025,2,30536,Queens,Jamaica Estates,false,0.0295
hvfhv,131,pickup,2025,3,33361,Queens,Jamaica Estates,false,0.0295
hvfhv,131,pickup,2025,4,31494,Queens,Jamaica Estates,false,0.0295
hvfhv,131,pickup,2025,5,33236,Queens,Jamaica Estates,false,0.0295
hvfhv,131,pickup,2025,6,31668,Queens,Jamaica Estates,false,0.0295
hvfhv,132,dropoff,2024,2,386656,Queens,JFK Airport,false,0.2793
hvfhv,132,dropoff,2024,3,437568,Queens,JFK Airport,false,0.2793
hvfhv,132,dropoff,2024,4,417411,Queens,JFK Airport,false,0.2793
hvfhv,132,dropoff,2024,5,484965,Queens,JFK Airport,false,0.2793
hvfhv,132,dropoff,2024,6,452549,Queens,JFK Airport,false,0.2793
hvfhv,132,dropoff,2025,2,376653,Queens,JFK Airport,false,0.2793
hvfhv,132,dropoff,2025,3,426618,Queens,JFK Airport,false,0.2793
hvfhv,132,dropoff,2025,4,405311,Queens,JFK Airport,false,0.2793
hvfhv,132,dropoff,2025,5,486933,Queens,JFK Airport,false,0.2793
hvfhv,132,dropoff,2025,6,459030,Queens,JFK Airport,false,0.2793
hvfhv,132,pickup,2024,2,314120,Queens,JFK Airport,false,0.2512
hvfhv,132,pickup,2024,3,370943,Queens,JFK Airport,false,0.2512
hvfhv,132,pickup,2024,4,364532,Queens,JFK Airport,false,0.2512
hvfhv,132,pickup,2024,5,395142,Queens,JFK Airport,false,0.2512
hvfhv,132,pickup,2024,6,375675,Queens,JFK Airport,false,0.2512
hvfhv,132,pickup,2025,2,316374,Queens,JFK Airport,false,0.2512
hvfhv,132,pickup,2025,3,366851,Queens,JFK Airport,false,0.2512
hvfhv,132,pickup,2025,4,351154,Queens,JFK Airport,false,0.2512
hvfhv,132,pickup,2025,5,372409,Queens,JFK Airport,false,0.2512
hvfhv,132,pickup,2025,6,344110,Queens,JFK Airport,false,0.2512
hvfhv,133,dropoff,2024,2,38879,Brooklyn,Kensington,false,0.0832
hvfhv,133,dropoff,2024,3,43062,Brooklyn,Kensington,false,0.0832
hvfhv,133,dropoff,2024,4,37087,Brooklyn,Kensington,false,0.0832
hvfhv,133,dropoff,2024,5,38211,Brooklyn,Kensington,false,0.0832
hvfhv,133,dropoff,2024,6,38977,Brooklyn,Kensington,false,0.0832
hvfhv,133,dropoff,2025,2,38746,Brooklyn,Kensington,false,0.0832
hvfhv,133,dropoff,2025,3,40268,Brooklyn,Kensington,false,0.0832
hvfhv,133,dropoff,2025,4,36469,Brooklyn,Kensington,false,0.0832
hvfhv,133,dropoff,2025,5,39993,Brooklyn,Kensington,false,0.0832
hvfhv,133,dropoff,2025,6,39087,Brooklyn,Kensington,false,0.0832
hvfhv,133,pickup,2024,2,37786,Brooklyn,Kensington,false,0.0669
hvfhv,133,pickup,2024,3,41699,Brooklyn,Kensington,false,0.0669
hvfhv,133,pickup,2024,4,36162,Brooklyn,Kensington,false,0.0669
hvfhv,133,pickup,2024,5,37457,Brooklyn,Kensington,false,0.0669
hvfhv,133,pickup,2024,6,37360,Brooklyn,Kensington,false,0.0669
hvfhv,133,pickup,2025,2,38049,Brooklyn,Kensington,false,0.0669
hvfhv,133,pickup,2025,3,39625,Brooklyn,Kensington,false,0.0669
hvfhv,133,pickup,2025,4,35964,Brooklyn,Kensington,false,0.0669
hvfhv,133,pickup,2025,5,39957,Brooklyn,Kensington,false,0.0669
hvfhv,133,pickup,2025,6,38338,Brooklyn,Kensington,false,0.0669
hvfhv,134,dropoff,2024,2,41612,Queens,Kew Gardens,false,0.0423
hvfhv,134,dropoff,2024,3,45348,Queens,Kew Gardens,false,0.0423
hvfhv,134,dropoff,2024,4,42294,Queens,Kew Gardens,false,0.0423
hvfhv,134,dropoff,2024,5,44717,Queens,Kew Gardens,false,0.0423
hvfhv,134,dropoff,2024,6,42970,Queens,Kew Gardens,false,0.0423
hvfhv,134,dropoff,2025,2,43765,Queens,Kew Gardens,false,0.0423
hvfhv,134,dropoff,2025,3,47151,Queens,Kew Gardens,false,0.0423
hvfhv,134,dropoff,2025,4,45551,Queens,Kew Gardens,false,0.0423
hvfhv,134,dropoff,2025,5,47981,Queens,Kew Gardens,false,0.0423
hvfhv,134,dropoff,2025,6,46167,Queens,Kew Gardens,false,0.0423
hvfhv,134,pickup,2024,2,41530,Queens,Kew Gardens,false,0.0261
hvfhv,134,pickup,2024,3,45025,Queens,Kew Gardens,false,0.0261
hvfhv,134,pickup,2024,4,41943,Queens,Kew Gardens,false,0.0261
hvfhv,134,pickup,2024,5,44670,Queens,Kew Gardens,false,0.0261
hvfhv,134,pickup,2024,6,43308,Queens,Kew Gardens,false,0.0261
hvfhv,134,pickup,2025,2,43251,Queens,Kew Gardens,false,0.0261
hvfhv,134,pickup,2025,3,47257,Queens,Kew Gardens,false,0.0261
hvfhv,134,pickup,2025,4,45770,Queens,Kew Gardens,false,0.0261
hvfhv,134,pickup,2025,5,49035,Queens,Kew Gardens,false,0.0261
hvfhv,134,pickup,2025,6,47874,Queens,Kew Gardens,false,0.0261
hvfhv,135,dropoff,2024,2,34656,Queens,Kew Gardens Hills,false,0.0478
hvfhv,135,dropoff,2024,3,38623,Queens,Kew Gardens Hills,false,0.0478
hvfhv,135,dropoff,2024,4,33313,Queens,Kew Gardens Hills,false,0.0478
hvfhv,135,dropoff,2024,5,37609,Queens,Kew Gardens Hills,false,0.0478
hvfhv,135,dropoff,2024,6,31006,Queens,Kew Gardens Hills,false,0.0478
hvfhv,135,dropoff,2025,2,35197,Queens,Kew Gardens Hills,false,0.0478
hvfhv,135,dropoff,2025,3,38049,Queens,Kew Gardens Hills,false,0.0478
hvfhv,135,dropoff,2025,4,34270,Queens,Kew Gardens Hills,false,0.0478
hvfhv,135,dropoff,2025,5,38827,Queens,Kew Gardens Hills,false,0.0478
hvfhv,135,dropoff,2025,6,32272,Queens,Kew Gardens Hills,false,0.0478
hvfhv,135,pickup,2024,2,34299,Queens,Kew Gardens Hills,false,0.0367
hvfhv,135,pickup,2024,3,37913,Queens,Kew Gardens Hills,false,0.0367
hvfhv,135,pickup,2024,4,33813,Queens,Kew Gardens Hills,false,0.0367
hvfhv,135,pickup,2024,5,36969,Queens,Kew Gardens Hills,false,0.0367
hvfhv,135,pickup,2024,6,33211,Queens,Kew Gardens Hills,false,0.0367
hvfhv,135,pickup,2025,2,35354,Queens,Kew Gardens Hills,false,0.0367
hvfhv,135,pickup,2025,3,38555,Queens,Kew Gardens Hills,false,0.0367
hvfhv,135,pickup,2025,4,35069,Queens,Kew Gardens Hills,false,0.0367
hvfhv,135,pickup,2025,5,39202,Queens,Kew Gardens Hills,false,0.0367
hvfhv,135,pickup,2025,6,34799,Queens,Kew Gardens Hills,false,0.0367
hvfhv,136,dropoff,2024,2,49518,Bronx,Kingsbridge Heights,false,0.0373
hvfhv,136,dropoff,2024,3,55070,Bronx,Kingsbridge Heights,false,0.0373
hvfhv,136,dropoff,2024,4,48482,Bronx,Kingsbridge Heights,false,0.0373
hvfhv,136,dropoff,2024,5,49455,Bronx,Kingsbridge Heights,false,0.0373
hvfhv,136,dropoff,2024,6,46833,Bronx,Kingsbridge Heights,false,0.0373
hvfhv,136,dropoff,2025,2,50403,Bronx,Kingsbridge Heights,false,0.0373
hvfhv,136,dropoff,2025,3,54274,Bronx,Kingsbridge Heights,false,0.0373
hvfhv,136,dropoff,2025,4,50492,Bronx,Kingsbridge Heights,false,0.0373
hvfhv,136,dropoff,2025,5,52844,Bronx,Kingsbridge Heights,false,0.0373
hvfhv,136,dropoff,2025,6,48790,Bronx,Kingsbridge Heights,false,0.0373
hvfhv,136,pickup,2024,2,50900,Bronx,Kingsbridge Heights,false,0.0347
hvfhv,136,pickup,2024,3,56326,Bronx,Kingsbridge Heights,false,0.0347
hvfhv,136,pickup,2024,4,51011,Bronx,Kingsbridge Heights,false,0.0347
hvfhv,136,pickup,2024,5,52072,Bronx,Kingsbridge Heights,false,0.0347
hvfhv,136,pickup,2024,6,50011,Bronx,Kingsbridge Heights,false,0.0347
hvfhv,136,pickup,2025,2,51875,Bronx,Kingsbridge Heights,false,0.0347
hvfhv,136,pickup,2025,3,57139,Bronx,Kingsbridge Heights,false,0.0347
hvfhv,136,pickup,2025,4,52858,Bronx,Kingsbridge Heights,false,0.0347
hvfhv,136,pickup,2025,5,55277,Bronx,Kingsbridge Heights,false,0.0347
hvfhv,136,pickup,2025,6,52245,Bronx,Kingsbridge Heights,false,0.0347
hvfhv,137,dropoff,2024,2,111959,Manhattan,Kips Bay,true,1.0
hvfhv,137,dropoff,2024,3,119351,Manhattan,Kips Bay,true,1.0
hvfhv,137,dropoff,2024,4,107184,Manhattan,Kips Bay,true,1.0
hvfhv,137,dropoff,2024,5,108932,Manhattan,Kips Bay,true,1.0
hvfhv,137,dropoff,2024,6,105077,Manhattan,Kips Bay,true,1.0
hvfhv,137,dropoff,2025,2,105159,Manhattan,Kips Bay,true,1.0
hvfhv,137,dropoff,2025,3,106155,Manhattan,Kips Bay,true,1.0
hvfhv,137,dropoff,2025,4,102295,Manhattan,Kips Bay,true,1.0
hvfhv,137,dropoff,2025,5,102020,Manhattan,Kips Bay,true,1.0
hvfhv,137,dropoff,2025,6,93976,Manhattan,Kips Bay,true,1.0
hvfhv,137,pickup,2024,2,112902,Manhattan,Kips Bay,true,1.0
hvfhv,137,pickup,2024,3,120411,Manhattan,Kips Bay,true,1.0
hvfhv,137,pickup,2024,4,107738,Manhattan,Kips Bay,true,1.0
hvfhv,137,pickup,2024,5,110510,Manhattan,Kips Bay,true,1.0
hvfhv,137,pickup,2024,6,106442,Manhattan,Kips Bay,true,1.0
hvfhv,137,pickup,2025,2,105714,Manhattan,Kips Bay,true,1.0
hvfhv,137,pickup,2025,3,106167,Manhattan,Kips Bay,true,1.0
hvfhv,137,pickup,2025,4,103061,Manhattan,Kips Bay,true,1.0
hvfhv,137,pickup,2025,5,104635,Manhattan,Kips Bay,true,1.0
hvfhv,137,pickup,2025,6,94485,Manhattan,Kips Bay,true,1.0
hvfhv,138,dropoff,2024,2,375714,Queens,LaGuardia Airport,false,0.4122
hvfhv,138,dropoff,2024,3,429149,Queens,LaGuardia Airport,false,0.4122
hvfhv,138,dropoff,2024,4,423361,Queens,LaGuardia Airport,false,0.4122
hvfhv,138,dropoff,2024,5,478321,Queens,LaGuardia Airport,false,0.4122
hvfhv,138,dropoff,2024,6,446774,Queens,LaGuardia Airport,false,0.4122
hvfhv,138,dropoff,2025,2,370385,Queens,LaGuardia Airport,false,0.4122
hvfhv,138,dropoff,2025,3,434514,Queens,LaGuardia Airport,false,0.4122
hvfhv,138,dropoff,2025,4,433069,Queens,LaGuardia Airport,false,0.4122
hvfhv,138,dropoff,2025,5,489175,Queens,LaGuardia Airport,false,0.4122
hvfhv,138,dropoff,2025,6,461188,Queens,LaGuardia Airport,false,0.4122
hvfhv,138,pickup,2024,2,336430,Queens,LaGuardia Airport,false,0.394
hvfhv,138,pickup,2024,3,388298,Queens,LaGuardia Airport,false,0.394
hvfhv,138,pickup,2024,4,393009,Queens,LaGuardia Airport,false,0.394
hvfhv,138,pickup,2024,5,434578,Queens,LaGuardia Airport,false,0.394
hvfhv,138,pickup,2024,6,407169,Queens,LaGuardia Airport,false,0.394
hvfhv,138,pickup,2025,2,339117,Queens,LaGuardia Airport,false,0.394
hvfhv,138,pickup,2025,3,403134,Queens,LaGuardia Airport,false,0.394
hvfhv,138,pickup,2025,4,404704,Queens,LaGuardia Airport,false,0.394
hvfhv,138,pickup,2025,5,465295,Queens,LaGuardia Airport,false,0.394
hvfhv,138,pickup,2025,6,436688,Queens,LaGuardia Airport,false,0.394
hvfhv,139,dropoff,2024,2,28076,Queens,Laurelton,false,0.0143
hvfhv,139,dropoff,2024,3,32183,Queens,Laurelton,false,0.0143
hvfhv,139,dropoff,2024,4,29567,Queens,Laurelton,false,0.0143
hvfhv,139,dropoff,2024,5,31845,Queens,Laurelton,false,0.0143
hvfhv,139,dropoff,2024,6,31162,Queens,Laurelton,false,0.0143
hvfhv,139,dropoff,2025,2,30171,Queens,Laurelton,false,0.0143
hvfhv,139,dropoff,2025,3,33675,Queens,Laurelton,false,0.0143
hvfhv,139,dropoff,2025,4,32235,Queens,Laurelton,false,0.0143
hvfhv,139,dropoff,2025,5,35643,Queens,Laurelton,false,0.0143
hvfhv,139,dropoff,2025,6,34596,Queens,Laurelton,false,0.0143
hvfhv,139,pickup,2024,2,34304,Queens,Laurelton,false,0.0099
hvfhv,139,pickup,2024,3,38930,Queens,Laurelton,false,0.0099
hvfhv,139,pickup,2024,4,36300,Queens,Laurelton,false,0.0099
hvfhv,139,pickup,2024,5,38838,Queens,Laurelton,false,0.0099
hvfhv,139,pickup,2024,6,38158,Queens,Laurelton,false,0.0099
hvfhv,139,pickup,2025,2,37504,Queens,Laurelton,false,0.0099
hvfhv,139,pickup,2025,3,41215,Queens,Laurelton,false,0.0099
hvfhv,139,pickup,2025,4,39306,Queens,Laurelton,false,0.0099
hvfhv,139,pickup,2025,5,42985,Queens,Laurelton,false,0.0099
hvfhv,139,pickup,2025,6,42418,Queens,Laurelton,false,0.0099
hvfhv,140,dropoff,2024,2,123205,Manhattan,Lenox Hill East,false,0.3777
hvfhv,140,dropoff,2024,3,128351,Manhattan,Lenox Hill East,false,0.3777
hvfhv,140,dropoff,2024,4,120242,Manhattan,Lenox Hill East,false,0.3777
hvfhv,140,dropoff,2024,5,123016,Manhattan,Lenox Hill East,false,0.3777
hvfhv,140,dropoff,2024,6,111826,Manhattan,Lenox Hill East,false,0.3777
hvfhv,140,dropoff,2025,2,120555,Manhattan,Lenox Hill East,false,0.3777
hvfhv,140,dropoff,2025,3,120601,Manhattan,Lenox Hill East,false,0.3777
hvfhv,140,dropoff,2025,4,119072,Manhattan,Lenox Hill East,false,0.3777
hvfhv,140,dropoff,2025,5,117759,Manhattan,Lenox Hill East,false,0.3777
hvfhv,140,dropoff,2025,6,107970,Manhattan,Lenox Hill East,false,0.3777
hvfhv,140,pickup,2024,2,119718,Manhattan,Lenox Hill East,false,0.3841
hvfhv,140,pickup,2024,3,125763,Manhattan,Lenox Hill East,false,0.3841
hvfhv,140,pickup,2024,4,118186,Manhattan,Lenox Hill East,false,0.3841
hvfhv,140,pickup,2024,5,120939,Manhattan,Lenox Hill East,false,0.3841
hvfhv,140,pickup,2024,6,111394,Manhattan,Lenox Hill East,false,0.3841
hvfhv,140,pickup,2025,2,116199,Manhattan,Lenox Hill East,false,0.3841
hvfhv,140,pickup,2025,3,115992,Manhattan,Lenox Hill East,false,0.3841
hvfhv,140,pickup,2025,4,113293,Manhattan,Lenox Hill East,false,0.3841
hvfhv,140,pickup,2025,5,115625,Manhattan,Lenox Hill East,false,0.3841
hvfhv,140,pickup,2025,6,105453,Manhattan,Lenox Hill East,false,0.3841
hvfhv,141,dropoff,2024,2,115036,Manhattan,Lenox Hill West,false,0.449
hvfhv,141,dropoff,2024,3,121706,Manhattan,Lenox Hill West,false,0.449
hvfhv,141,dropoff,2024,4,111060,Manhattan,Lenox Hill West,false,0.449
hvfhv,141,dropoff,2024,5,113242,Manhattan,Lenox Hill West,false,0.449
hvfhv,141,dropoff,2024,6,106295,Manhattan,Lenox Hill West,false,0.449
hvfhv,141,dropoff,2025,2,108397,Manhattan,Lenox Hill West,false,0.449
hvfhv,141,dropoff,2025,3,108913,Manhattan,Lenox Hill West,false,0.449
hvfhv,141,dropoff,2025,4,108050,Manhattan,Lenox Hill West,false,0.449
hvfhv,141,dropoff,2025,5,109048,Manhattan,Lenox Hill West,false,0.449
hvfhv,141,dropoff,2025,6,99398,Manhattan,Lenox Hill West,false,0.449
hvfhv,141,pickup,2024,2,131158,Manhattan,Lenox Hill West,false,0.4181
hvfhv,141,pickup,2024,3,140735,Manhattan,Lenox Hill West,false,0.4181
hvfhv,141,pickup,2024,4,130105,Manhattan,Lenox Hill West,false,0.4181
hvfhv,141,pickup,2024,5,137119,Manhattan,Lenox Hill West,false,0.4181
hvfhv,141,pickup,2024,6,128657,Manhattan,Lenox Hill West,false,0.4181
hvfhv,141,pickup,2025,2,127784,Manhattan,Lenox Hill West,false,0.4181
hvfhv,141,pickup,2025,3,129093,Manhattan,Lenox Hill West,false,0.4181
hvfhv,141,pickup,2025,4,128674,Manhattan,Lenox Hill West,false,0.4181
hvfhv,141,pickup,2025,5,132184,Manhattan,Lenox Hill West,false,0.4181
hvfhv,141,pickup,2025,6,120494,Manhattan,Lenox Hill West,false,0.4181
hvfhv,142,dropoff,2024,2,127316,Manhattan,Lincoln Square East,false,0.4429
hvfhv,142,dropoff,2024,3,137320,Manhattan,Lincoln Square East,false,0.4429
hvfhv,142,dropoff,2024,4,135629,Manhattan,Lincoln Square East,false,0.4429
hvfhv,142,dropoff,2024,5,138387,Manhattan,Lincoln Square East,false,0.4429
hvfhv,142,dropoff,2024,6,123426,Manhattan,Lincoln Square East,false,0.4429
hvfhv,142,dropoff,2025,2,119801,Manhattan,Lincoln Square East,false,0.4429
hvfhv,142,dropoff,2025,3,119909,Manhattan,Lincoln Square East,false,0.4429
hvfhv,142,dropoff,2025,4,123523,Manhattan,Lincoln Square East,false,0.4429
hvfhv,142,dropoff,2025,5,128765,Manhattan,Lincoln Square East,false,0.4429
hvfhv,142,dropoff,2025,6,110402,Manhattan,Lincoln Square East,false,0.4429
hvfhv,142,pickup,2024,2,133745,Manhattan,Lincoln Square East,false,0.4219
hvfhv,142,pickup,2024,3,147498,Manhattan,Lincoln Square East,false,0.4219
hvfhv,142,pickup,2024,4,145656,Manhattan,Lincoln Square East,false,0.4219
hvfhv,142,pickup,2024,5,151033,Manhattan,Lincoln Square East,false,0.4219
hvfhv,142,pickup,2024,6,133393,Manhattan,Lincoln Square East,false,0.4219
hvfhv,142,pickup,2025,2,124914,Manhattan,Lincoln Square East,false,0.4219
hvfhv,142,pickup,2025,3,127204,Manhattan,Lincoln Square East,false,0.4219
hvfhv,142,pickup,2025,4,132455,Manhattan,Lincoln Square East,false,0.4219
hvfhv,142,pickup,2025,5,139044,Manhattan,Lincoln Square East,false,0.4219
hvfhv,142,pickup,2025,6,119879,Manhattan,Lincoln Square East,false,0.4219
hvfhv,143,dropoff,2024,2,81609,Manhattan,Lincoln Square West,false,0.4605
hvfhv,143,dropoff,2024,3,83455,Manhattan,Lincoln Square West,false,0.4605
hvfhv,143,dropoff,2024,4,79936,Manhattan,Lincoln Square West,false,0.4605
hvfhv,143,dropoff,2024,5,80670,Manhattan,Lincoln Square West,false,0.4605
hvfhv,143,dropoff,2024,6,71912,Manhattan,Lincoln Square West,false,0.4605
hvfhv,143,dropoff,2025,2,77257,Manhattan,Lincoln Square West,false,0.4605
hvfhv,143,dropoff,2025,3,76547,Manhattan,Lincoln Square West,false,0.4605
hvfhv,143,dropoff,2025,4,76856,Manhattan,Lincoln Square West,false,0.4605
hvfhv,143,dropoff,2025,5,77442,Manhattan,Lincoln Square West,false,0.4605
hvfhv,143,dropoff,2025,6,66458,Manhattan,Lincoln Square West,false,0.4605
hvfhv,143,pickup,2024,2,104756,Manhattan,Lincoln Square West,false,0.4462
hvfhv,143,pickup,2024,3,107853,Manhattan,Lincoln Square West,false,0.4462
hvfhv,143,pickup,2024,4,105057,Manhattan,Lincoln Square West,false,0.4462
hvfhv,143,pickup,2024,5,106810,Manhattan,Lincoln Square West,false,0.4462
hvfhv,143,pickup,2024,6,96794,Manhattan,Lincoln Square West,false,0.4462
hvfhv,143,pickup,2025,2,99432,Manhattan,Lincoln Square West,false,0.4462
hvfhv,143,pickup,2025,3,100096,Manhattan,Lincoln Square West,false,0.4462
hvfhv,143,pickup,2025,4,101959,Manhattan,Lincoln Square West,false,0.4462
hvfhv,143,pickup,2025,5,101731,Manhattan,Lincoln Square West,false,0.4462
hvfhv,143,pickup,2025,6,88350,Manhattan,Lincoln Square West,false,0.4462
hvfhv,144,dropoff,2024,2,126579,Manhattan,Little Italy/NoLiTa,true,1.0
hvfhv,144,dropoff,2024,3,130762,Manhattan,Little Italy/NoLiTa,true,1.0
hvfhv,144,dropoff,2024,4,117734,Manhattan,Little Italy/NoLiTa,true,1.0
hvfhv,144,dropoff,2024,5,122882,Manhattan,Little Italy/NoLiTa,true,1.0
hvfhv,144,dropoff,2024,6,120277,Manhattan,Little Italy/NoLiTa,true,1.0
hvfhv,144,dropoff,2025,2,117690,Manhattan,Little Italy/NoLiTa,true,1.0
hvfhv,144,dropoff,2025,3,113870,Manhattan,Little Italy/NoLiTa,true,1.0
hvfhv,144,dropoff,2025,4,111556,Manhattan,Little Italy/NoLiTa,true,1.0
hvfhv,144,dropoff,2025,5,114767,Manhattan,Little Italy/NoLiTa,true,1.0
hvfhv,144,dropoff,2025,6,106136,Manhattan,Little Italy/NoLiTa,true,1.0
hvfhv,144,pickup,2024,2,151575,Manhattan,Little Italy/NoLiTa,true,1.0
hvfhv,144,pickup,2024,3,157178,Manhattan,Little Italy/NoLiTa,true,1.0
hvfhv,144,pickup,2024,4,142446,Manhattan,Little Italy/NoLiTa,true,1.0
hvfhv,144,pickup,2024,5,150897,Manhattan,Little Italy/NoLiTa,true,1.0
hvfhv,144,pickup,2024,6,144853,Manhattan,Little Italy/NoLiTa,true,1.0
hvfhv,144,pickup,2025,2,138106,Manhattan,Little Italy/NoLiTa,true,1.0
hvfhv,144,pickup,2025,3,136252,Manhattan,Little Italy/NoLiTa,true,1.0
hvfhv,144,pickup,2025,4,133426,Manhattan,Little Italy/NoLiTa,true,1.0
hvfhv,144,pickup,2025,5,139363,Manhattan,Little Italy/NoLiTa,true,1.0
hvfhv,144,pickup,2025,6,128259,Manhattan,Little Italy/NoLiTa,true,1.0
hvfhv,145,dropoff,2024,2,150880,Queens,Long Island City/Hunters Point,false,0.2501
hvfhv,145,dropoff,2024,3,170080,Queens,Long Island City/Hunters Point,false,0.2501
hvfhv,145,dropoff,2024,4,156012,Queens,Long Island City/Hunters Point,false,0.2501
hvfhv,145,dropoff,2024,5,166227,Queens,Long Island City/Hunters Point,false,0.2501
hvfhv,145,dropoff,2024,6,161239,Queens,Long Island City/Hunters Point,false,0.2501
hvfhv,145,dropoff,2025,2,160107,Queens,Long Island City/Hunters Point,false,0.2501
hvfhv,145,dropoff,2025,3,168988,Queens,Long Island City/Hunters Point,false,0.2501
hvfhv,145,dropoff,2025,4,161764,Queens,Long Island City/Hunters Point,false,0.2501
hvfhv,145,dropoff,2025,5,176928,Queens,Long Island City/Hunters Point,false,0.2501
hvfhv,145,dropoff,2025,6,168318,Queens,Long Island City/Hunters Point,false,0.2501
hvfhv,145,pickup,2024,2,151412,Queens,Long Island City/Hunters Point,false,0.1924
hvfhv,145,pickup,2024,3,175122,Queens,Long Island City/Hunters Point,false,0.1924
hvfhv,145,pickup,2024,4,157692,Queens,Long Island City/Hunters Point,false,0.1924
hvfhv,145,pickup,2024,5,170250,Queens,Long Island City/Hunters Point,false,0.1924
hvfhv,145,pickup,2024,6,167245,Queens,Long Island City/Hunters Point,false,0.1924
hvfhv,145,pickup,2025,2,163600,Queens,Long Island City/Hunters Point,false,0.1924
hvfhv,145,pickup,2025,3,171442,Queens,Long Island City/Hunters Point,false,0.1924
hvfhv,145,pickup,2025,4,163490,Queens,Long Island City/Hunters Point,false,0.1924
hvfhv,145,pickup,2025,5,181091,Queens,Long Island City/Hunters Point,false,0.1924
hvfhv,145,pickup,2025,6,173890,Queens,Long Island City/Hunters Point,false,0.1924
hvfhv,146,dropoff,2024,2,48669,Queens,Long Island City/Queens Plaza,false,0.2093
hvfhv,146,dropoff,2024,3,55443,Queens,Long Island City/Queens Plaza,false,0.2093
hvfhv,146,dropoff,2024,4,49213,Queens,Long Island City/Queens Plaza,false,0.2093
hvfhv,146,dropoff,2024,5,52828,Queens,Long Island City/Queens Plaza,false,0.2093
hvfhv,146,dropoff,2024,6,51517,Queens,Long Island City/Queens Plaza,false,0.2093
hvfhv,146,dropoff,2025,2,50625,Queens,Long Island City/Queens Plaza,false,0.2093
hvfhv,146,dropoff,2025,3,53892,Queens,Long Island City/Queens Plaza,false,0.2093
hvfhv,146,dropoff,2025,4,50774,Queens,Long Island City/Queens Plaza,false,0.2093
hvfhv,146,dropoff,2025,5,57782,Queens,Long Island City/Queens Plaza,false,0.2093
hvfhv,146,dropoff,2025,6,53343,Queens,Long Island City/Queens Plaza,false,0.2093
hvfhv,146,pickup,2024,2,46346,Queens,Long Island City/Queens Plaza,false,0.1587
hvfhv,146,pickup,2024,3,53910,Queens,Long Island City/Queens Plaza,false,0.1587
hvfhv,146,pickup,2024,4,47530,Queens,Long Island City/Queens Plaza,false,0.1587
hvfhv,146,pickup,2024,5,49947,Queens,Long Island City/Queens Plaza,false,0.1587
hvfhv,146,pickup,2024,6,50585,Queens,Long Island City/Queens Plaza,false,0.1587
hvfhv,146,pickup,2025,2,47843,Queens,Long Island City/Queens Plaza,false,0.1587
hvfhv,146,pickup,2025,3,50083,Queens,Long Island City/Queens Plaza,false,0.1587
hvfhv,146,pickup,2025,4,47848,Queens,Long Island City/Queens Plaza,false,0.1587
hvfhv,146,pickup,2025,5,56057,Queens,Long Island City/Queens Plaza,false,0.1587
hvfhv,146,pickup,2025,6,51529,Queens,Long Island City/Queens Plaza,false,0.1587
hvfhv,147,dropoff,2024,2,38057,Bronx,Longwood,false,0.0436
hvfhv,147,dropoff,2024,3,43402,Bronx,Longwood,false,0.0436
hvfhv,147,dropoff,2024,4,38583,Bronx,Longwood,false,0.0436
hvfhv,147,dropoff,2024,5,39755,Bronx,Longwood,false,0.0436
hvfhv,147,dropoff,2024,6,38170,Bronx,Longwood,false,0.0436
hvfhv,147,dropoff,2025,2,38758,Bronx,Longwood,false,0.0436
hvfhv,147,dropoff,2025,3,43368,Bronx,Longwood,false,0.0436
hvfhv,147,dropoff,2025,4,39681,Bronx,Longwood,false,0.0436
hvfhv,147,dropoff,2025,5,41722,Bronx,Longwood,false,0.0436
hvfhv,147,dropoff,2025,6,39028,Bronx,Longwood,false,0.0436
hvfhv,147,pickup,2024,2,39911,Bronx,Longwood,false,0.0385
hvfhv,147,pickup,2024,3,45604,Bronx,Longwood,false,0.0385
hvfhv,147,pickup,2024,4,41094,Bronx,Longwood,false,0.0385
hvfhv,147,pickup,2024,5,43185,Bronx,Longwood,false,0.0385
hvfhv,147,pickup,2024,6,41016,Bronx,Longwood,false,0.0385
hvfhv,147,pickup,2025,2,41145,Bronx,Longwood,false,0.0385
hvfhv,147,pickup,2025,3,45509,Bronx,Longwood,false,0.0385
hvfhv,147,pickup,2025,4,42449,Bronx,Longwood,false,0.0385
hvfhv,147,pickup,2025,5,44504,Bronx,Longwood,false,0.0385
hvfhv,147,pickup,2025,6,41837,Bronx,Longwood,false,0.0385
hvfhv,148,dropoff,2024,2,168004,Manhattan,Lower East Side,true,1.0
hvfhv,148,dropoff,2024,3,172150,Manhattan,Lower East Side,true,1.0
hvfhv,148,dropoff,2024,4,153585,Manhattan,Lower East Side,true,1.0
hvfhv,148,dropoff,2024,5,161035,Manhattan,Lower East Side,true,1.0
hvfhv,148,dropoff,2024,6,163584,Manhattan,Lower East Side,true,1.0
hvfhv,148,dropoff,2025,2,155007,Manhattan,Lower East Side,true,1.0
hvfhv,148,dropoff,2025,3,150837,Manhattan,Lower East Side,true,1.0
hvfhv,148,dropoff,2025,4,149699,Manhattan,Lower East Side,true,1.0
hvfhv,148,dropoff,2025,5,160994,Manhattan,Lower East Side,true,1.0
hvfhv,148,dropoff,2025,6,145119,Manhattan,Lower East Side,true,1.0
hvfhv,148,pickup,2024,2,214971,Manhattan,Lower East Side,true,1.0
hvfhv,148,pickup,2024,3,223622,Manhattan,Lower East Side,true,1.0
hvfhv,148,pickup,2024,4,199560,Manhattan,Lower East Side,true,1.0
hvfhv,148,pickup,2024,5,209620,Manhattan,Lower East Side,true,1.0
hvfhv,148,pickup,2024,6,212672,Manhattan,Lower East Side,true,1.0
hvfhv,148,pickup,2025,2,198823,Manhattan,Lower East Side,true,1.0
hvfhv,148,pickup,2025,3,199534,Manhattan,Lower East Side,true,1.0
hvfhv,148,pickup,2025,4,194128,Manhattan,Lower East Side,true,1.0
hvfhv,148,pickup,2025,5,212568,Manhattan,Lower East Side,true,1.0
hvfhv,148,pickup,2025,6,193591,Manhattan,Lower East Side,true,1.0
hvfhv,149,dropoff,2024,2,45425,Brooklyn,Madison,false,0.0344
hvfhv,149,dropoff,2024,3,50377,Brooklyn,Madison,false,0.0344
hvfhv,149,dropoff,2024,4,46225,Brooklyn,Madison,false,0.0344
hvfhv,149,dropoff,2024,5,47897,Brooklyn,Madison,false,0.0344
hvfhv,149,dropoff,2024,6,43874,Brooklyn,Madison,false,0.0344
hvfhv,149,dropoff,2025,2,46778,Brooklyn,Madison,false,0.0344
hvfhv,149,dropoff,2025,3,52575,Brooklyn,Madison,false,0.0344
hvfhv,149,dropoff,2025,4,46068,Brooklyn,Madison,false,0.0344
hvfhv,149,dropoff,2025,5,51353,Brooklyn,Madison,false,0.0344
hvfhv,149,dropoff,2025,6,46860,Brooklyn,Madison,false,0.0344
hvfhv,149,pickup,2024,2,45308,Brooklyn,Madison,false,0.0238
hvfhv,149,pickup,2024,3,50260,Brooklyn,Madison,false,0.0238
hvfhv,149,pickup,2024,4,46691,Brooklyn,Madison,false,0.0238
hvfhv,149,pickup,2024,5,48147,Brooklyn,Madison,false,0.0238
hvfhv,149,pickup,2024,6,45094,Brooklyn,Madison,false,0.0238
hvfhv,149,pickup,2025,2,47374,Brooklyn,Madison,false,0.0238
hvfhv,149,pickup,2025,3,53184,Brooklyn,Madison,false,0.0238
hvfhv,149,pickup,2025,4,46915,Brooklyn,Madison,false,0.0238
hvfhv,149,pickup,2025,5,52704,Brooklyn,Madison,false,0.0238
hvfhv,149,pickup,2025,6,47668,Brooklyn,Madison,false,0.0238
hvfhv,150,dropoff,2024,2,20195,Brooklyn,Manhattan Beach,false,0.0275
hvfhv,150,dropoff,2024,3,26002,Brooklyn,Manhattan Beach,false,0.0275
hvfhv,150,dropoff,2024,4,23630,Brooklyn,Manhattan Beach,false,0.0275
hvfhv,150,dropoff,2024,5,25963,Brooklyn,Manhattan Beach,false,0.0275
hvfhv,150,dropoff,2024,6,25799,Brooklyn,Manhattan Beach,false,0.0275
hvfhv,150,dropoff,2025,2,21657,Brooklyn,Manhattan Beach,false,0.0275
hvfhv,150,dropoff,2025,3,25407,Brooklyn,Manhattan Beach,false,0.0275
hvfhv,150,dropoff,2025,4,23802,Brooklyn,Manhattan Beach,false,0.0275
hvfhv,150,dropoff,2025,5,27025,Brooklyn,Manhattan Beach,false,0.0275
hvfhv,150,dropoff,2025,6,25828,Brooklyn,Manhattan Beach,false,0.0275
hvfhv,150,pickup,2024,2,18326,Brooklyn,Manhattan Beach,false,0.026
hvfhv,150,pickup,2024,3,22117,Brooklyn,Manhattan Beach,false,0.026
hvfhv,150,pickup,2024,4,20839,Brooklyn,Manhattan Beach,false,0.026
hvfhv,150,pickup,2024,5,22460,Brooklyn,Manhattan Beach,false,0.026
hvfhv,150,pickup,2024,6,22391,Brooklyn,Manhattan Beach,false,0.026
hvfhv,150,pickup,2025,2,20001,Brooklyn,Manhattan Beach,false,0.026
hvfhv,150,pickup,2025,3,22010,Brooklyn,Manhattan Beach,false,0.026
hvfhv,150,pickup,2025,4,20646,Brooklyn,Manhattan Beach,false,0.026
hvfhv,150,pickup,2025,5,23477,Brooklyn,Manhattan Beach,false,0.026
hvfhv,150,pickup,2025,6,22797,Brooklyn,Manhattan Beach,false,0.026
hvfhv,151,dropoff,2024,2,53245,Manhattan,Manhattan Valley,false,0.2535
hvfhv,151,dropoff,2024,3,56382,Manhattan,Manhattan Valley,false,0.2535
hvfhv,151,dropoff,2024,4,53310,Manhattan,Manhattan Valley,false,0.2535
hvfhv,151,dropoff,2024,5,55901,Manhattan,Manhattan Valley,false,0.2535
hvfhv,151,dropoff,2024,6,52502,Manhattan,Manhattan Valley,false,0.2535
hvfhv,151,dropoff,2025,2,49789,Manhattan,Manhattan Valley,false,0.2535
hvfhv,151,dropoff,2025,3,51199,Manhattan,Manhattan Valley,false,0.2535
hvfhv,151,dropoff,2025,4,49643,Manhattan,Manhattan Valley,false,0.2535
hvfhv,151,dropoff,2025,5,51398,Manhattan,Manhattan Valley,false,0.2535
hvfhv,151,dropoff,2025,6,46798,Manhattan,Manhattan Valley,false,0.2535
hvfhv,151,pickup,2024,2,59943,Manhattan,Manhattan Valley,false,0.2112
hvfhv,151,pickup,2024,3,62414,Manhattan,Manhattan Valley,false,0.2112
hvfhv,151,pickup,2024,4,60831,Manhattan,Manhattan Valley,false,0.2112
hvfhv,151,pickup,2024,5,61968,Manhattan,Manhattan Valley,false,0.2112
hvfhv,151,pickup,2024,6,58429,Manhattan,Manhattan Valley,false,0.2112
hvfhv,151,pickup,2025,2,55429,Manhattan,Manhattan Valley,false,0.2112
hvfhv,151,pickup,2025,3,57150,Manhattan,Manhattan Valley,false,0.2112
hvfhv,151,pickup,2025,4,56245,Manhattan,Manhattan Valley,false,0.2112
hvfhv,151,pickup,2025,5,56709,Manhattan,Manhattan Valley,false,0.2112
hvfhv,151,pickup,2025,6,50643,Manhattan,Manhattan Valley,false,0.2112
hvfhv,152,dropoff,2024,2,48320,Manhattan,Manhattanville,false,0.1431
hvfhv,152,dropoff,2024,3,50353,Manhattan,Manhattanville,false,0.1431
hvfhv,152,dropoff,2024,4,47869,Manhattan,Manhattanville,false,0.1431
hvfhv,152,dropoff,2024,5,47916,Manhattan,Manhattanville,false,0.1431
hvfhv,152,dropoff,2024,6,44267,Manhattan,Manhattanville,false,0.1431
hvfhv,152,dropoff,2025,2,46347,Manhattan,Manhattanville,false,0.1431
hvfhv,152,dropoff,2025,3,47251,Manhattan,Manhattanville,false,0.1431
hvfhv,152,dropoff,2025,4,47114,Manhattan,Manhattanville,false,0.1431
hvfhv,152,dropoff,2025,5,46554,Manhattan,Manhattanville,false,0.1431
hvfhv,152,dropoff,2025,6,40730,Manhattan,Manhattanville,false,0.1431
hvfhv,152,pickup,2024,2,45946,Manhattan,Manhattanville,false,0.1403
hvfhv,152,pickup,2024,3,47268,Manhattan,Manhattanville,false,0.1403
hvfhv,152,pickup,2024,4,47221,Manhattan,Manhattanville,false,0.1403
hvfhv,152,pickup,2024,5,46859,Manhattan,Manhattanville,false,0.1403
hvfhv,152,pickup,2024,6,44334,Manhattan,Manhattanville,false,0.1403
hvfhv,152,pickup,2025,2,43589,Manhattan,Manhattanville,false,0.1403
hvfhv,152,pickup,2025,3,45666,Manhattan,Manhattanville,false,0.1403
hvfhv,152,pickup,2025,4,44786,Manhattan,Manhattanville,false,0.1403
hvfhv,152,pickup,2025,5,45326,Manhattan,Manhattanville,false,0.1403
hvfhv,152,pickup,2025,6,40038,Manhattan,Manhattanville,false,0.1403
hvfhv,153,dropoff,2024,2,15222,Manhattan,Marble Hill,false,0.0392
hvfhv,153,dropoff,2024,3,16833,Manhattan,Marble Hill,false,0.0392
hvfhv,153,dropoff,2024,4,14838,Manhattan,Marble Hill,false,0.0392
hvfhv,153,dropoff,2024,5,15594,Manhattan,Marble Hill,false,0.0392
hvfhv,153,dropoff,2024,6,15228,Manhattan,Marble Hill,false,0.0392
hvfhv,153,dropoff,2025,2,14865,Manhattan,Marble Hill,false,0.0392
hvfhv,153,dropoff,2025,3,16297,Manhattan,Marble Hill,false,0.0392
hvfhv,153,dropoff,2025,4,14961,Manhattan,Marble Hill,false,0.0392
hvfhv,153,dropoff,2025,5,15945,Manhattan,Marble Hill,false,0.0392
hvfhv,153,dropoff,2025,6,15358,Manhattan,Marble Hill,false,0.0392
hvfhv,153,pickup,2024,2,19161,Manhattan,Marble Hill,false,0.0285
hvfhv,153,pickup,2024,3,20293,Manhattan,Marble Hill,false,0.0285
hvfhv,153,pickup,2024,4,18436,Manhattan,Marble Hill,false,0.0285
hvfhv,153,pickup,2024,5,19182,Manhattan,Marble Hill,false,0.0285
hvfhv,153,pickup,2024,6,18776,Manhattan,Marble Hill,false,0.0285
hvfhv,153,pickup,2025,2,18270,Manhattan,Marble Hill,false,0.0285
hvfhv,153,pickup,2025,3,20115,Manhattan,Marble Hill,false,0.0285
hvfhv,153,pickup,2025,4,18405,Manhattan,Marble Hill,false,0.0285
hvfhv,153,pickup,2025,5,19848,Manhattan,Marble Hill,false,0.0285
hvfhv,153,pickup,2025,6,18526,Manhattan,Marble Hill,false,0.0285
hvfhv,154,dropoff,2024,2,2387,Brooklyn,Marine Park/Floyd Bennett Field,false,0.0578
hvfhv,154,dropoff,2024,3,3067,Brooklyn,Marine Park/Floyd Bennett Field,false,0.0578
hvfhv,154,dropoff,2024,4,2878,Brooklyn,Marine Park/Floyd Bennett Field,false,0.0578
hvfhv,154,dropoff,2024,5,3620,Brooklyn,Marine Park/Floyd Bennett Field,false,0.0578
hvfhv,154,dropoff,2024,6,4046,Brooklyn,Marine Park/Floyd Bennett Field,false,0.0578
hvfhv,154,dropoff,2025,2,1538,Brooklyn,Marine Park/Floyd Bennett Field,false,0.0578
hvfhv,154,dropoff,2025,3,2069,Brooklyn,Marine Park/Floyd Bennett Field,false,0.0578
hvfhv,154,dropoff,2025,4,2306,Brooklyn,Marine Park/Floyd Bennett Field,false,0.0578
hvfhv,154,dropoff,2025,5,2648,Brooklyn,Marine Park/Floyd Bennett Field,false,0.0578
hvfhv,154,dropoff,2025,6,2723,Brooklyn,Marine Park/Floyd Bennett Field,false,0.0578
hvfhv,154,pickup,2024,2,1704,Brooklyn,Marine Park/Floyd Bennett Field,false,0.0632
hvfhv,154,pickup,2024,3,2071,Brooklyn,Marine Park/Floyd Bennett Field,false,0.0632
hvfhv,154,pickup,2024,4,1999,Brooklyn,Marine Park/Floyd Bennett Field,false,0.0632
hvfhv,154,pickup,2024,5,2435,Brooklyn,Marine Park/Floyd Bennett Field,false,0.0632
hvfhv,154,pickup,2024,6,2705,Brooklyn,Marine Park/Floyd Bennett Field,false,0.0632
hvfhv,154,pickup,2025,2,1175,Brooklyn,Marine Park/Floyd Bennett Field,false,0.0632
hvfhv,154,pickup,2025,3,1537,Brooklyn,Marine Park/Floyd Bennett Field,false,0.0632
hvfhv,154,pickup,2025,4,1748,Brooklyn,Marine Park/Floyd Bennett Field,false,0.0632
hvfhv,154,pickup,2025,5,1990,Brooklyn,Marine Park/Floyd Bennett Field,false,0.0632
hvfhv,154,pickup,2025,6,2341,Brooklyn,Marine Park/Floyd Bennett Field,false,0.0632
hvfhv,155,dropoff,2024,2,54007,Brooklyn,Marine Park/Mill Basin,false,0.0261
hvfhv,155,dropoff,2024,3,59734,Brooklyn,Marine Park/Mill Basin,false,0.0261
hvfhv,155,dropoff,2024,4,54876,Brooklyn,Marine Park/Mill Basin,false,0.0261
hvfhv,155,dropoff,2024,5,59236,Brooklyn,Marine Park/Mill Basin,false,0.0261
hvfhv,155,dropoff,2024,6,58636,Brooklyn,Marine Park/Mill Basin,false,0.0261
hvfhv,155,dropoff,2025,2,55295,Brooklyn,Marine Park/Mill Basin,false,0.0261
hvfhv,155,dropoff,2025,3,58730,Brooklyn,Marine Park/Mill Basin,false,0.0261
hvfhv,155,dropoff,2025,4,54683,Brooklyn,Marine Park/Mill Basin,false,0.0261
hvfhv,155,dropoff,2025,5,60316,Brooklyn,Marine Park/Mill Basin,false,0.0261
hvfhv,155,dropoff,2025,6,58881,Brooklyn,Marine Park/Mill Basin,false,0.0261
hvfhv,155,pickup,2024,2,52119,Brooklyn,Marine Park/Mill Basin,false,0.0195
hvfhv,155,pickup,2024,3,57701,Brooklyn,Marine Park/Mill Basin,false,0.0195
hvfhv,155,pickup,2024,4,53353,Brooklyn,Marine Park/Mill Basin,false,0.0195
hvfhv,155,pickup,2024,5,57305,Brooklyn,Marine Park/Mill Basin,false,0.0195
hvfhv,155,pickup,2024,6,56245,Brooklyn,Marine Park/Mill Basin,false,0.0195
hvfhv,155,pickup,2025,2,53476,Brooklyn,Marine Park/Mill Basin,false,0.0195
hvfhv,155,pickup,2025,3,56574,Brooklyn,Marine Park/Mill Basin,false,0.0195
hvfhv,155,pickup,2025,4,52846,Brooklyn,Marine Park/Mill Basin,false,0.0195
hvfhv,155,pickup,2025,5,58165,Brooklyn,Marine Park/Mill Basin,false,0.0195
hvfhv,155,pickup,2025,6,57338,Brooklyn,Marine Park/Mill Basin,false,0.0195
hvfhv,156,dropoff,2024,2,22272,Staten Island,Mariners Harbor,false,0.0163
hvfhv,156,dropoff,2024,3,24613,Staten Island,Mariners Harbor,false,0.0163
hvfhv,156,dropoff,2024,4,21985,Staten Island,Mariners Harbor,false,0.0163
hvfhv,156,dropoff,2024,5,23059,Staten Island,Mariners Harbor,false,0.0163
hvfhv,156,dropoff,2024,6,22199,Staten Island,Mariners Harbor,false,0.0163
hvfhv,156,dropoff,2025,2,22874,Staten Island,Mariners Harbor,false,0.0163
hvfhv,156,dropoff,2025,3,24317,Staten Island,Mariners Harbor,false,0.0163
hvfhv,156,dropoff,2025,4,23051,Staten Island,Mariners Harbor,false,0.0163
hvfhv,156,dropoff,2025,5,25060,Staten Island,Mariners Harbor,false,0.0163
hvfhv,156,dropoff,2025,6,24311,Staten Island,Mariners Harbor,false,0.0163
hvfhv,156,pickup,2024,2,26187,Staten Island,Mariners Harbor,false,0.0124
hvfhv,156,pickup,2024,3,28714,Staten Island,Mariners Harbor,false,0.0124
hvfhv,156,pickup,2024,4,25675,Staten Island,Mariners Harbor,false,0.0124
hvfhv,156,pickup,2024,5,27107,Staten Island,Mariners Harbor,false,0.0124
hvfhv,156,pickup,2024,6,26187,Staten Island,Mariners Harbor,false,0.0124
hvfhv,156,pickup,2025,2,27047,Staten Island,Mariners Harbor,false,0.0124
hvfhv,156,pickup,2025,3,29065,Staten Island,Mariners Harbor,false,0.0124
hvfhv,156,pickup,2025,4,27599,Staten Island,Mariners Harbor,false,0.0124
hvfhv,156,pickup,2025,5,30228,Staten Island,Mariners Harbor,false,0.0124
hvfhv,156,pickup,2025,6,28981,Staten Island,Mariners Harbor,false,0.0124
hvfhv,157,dropoff,2024,2,56523,Queens,Maspeth,false,0.0865
hvfhv,157,dropoff,2024,3,63415,Queens,Maspeth,false,0.0865
hvfhv,157,dropoff,2024,4,56272,Queens,Maspeth,false,0.0865
hvfhv,157,dropoff,2024,5,62443,Queens,Maspeth,false,0.0865
hvfhv,157,dropoff,2024,6,64464,Queens,Maspeth,false,0.0865
hvfhv,157,dropoff,2025,2,59043,Queens,Maspeth,false,0.0865
hvfhv,157,dropoff,2025,3,62839,Queens,Maspeth,false,0.0865
hvfhv,157,dropoff,2025,4,56674,Queens,Maspeth,false,0.0865
hvfhv,157,dropoff,2025,5,75392,Queens,Maspeth,false,0.0865
hvfhv,157,dropoff,2025,6,68228,Queens,Maspeth,false,0.0865
hvfhv,157,pickup,2024,2,60058,Queens,Maspeth,false,0.0943
hvfhv,157,pickup,2024,3,66987,Queens,Maspeth,false,0.0943
hvfhv,157,pickup,2024,4,58833,Queens,Maspeth,false,0.0943
hvfhv,157,pickup,2024,5,65551,Queens,Maspeth,false,0.0943
hvfhv,157,pickup,2024,6,67614,Queens,Maspeth,false,0.0943
hvfhv,157,pickup,2025,2,60702,Queens,Maspeth,false,0.0943
hvfhv,157,pickup,2025,3,66060,Queens,Maspeth,false,0.0943
hvfhv,157,pickup,2025,4,58782,Queens,Maspeth,false,0.0943
hvfhv,157,pickup,2025,5,77720,Queens,Maspeth,false,0.0943
hvfhv,157,pickup,2025,6,71486,Queens,Maspeth,false,0.0943
hvfhv,158,dropoff,2024,2,104157,Manhattan,Meatpacking/West Village West,true,1.0
hvfhv,158,dropoff,2024,3,111762,Manhattan,Meatpacking/West Village West,true,1.0
hvfhv,158,dropoff,2024,4,108667,Manhattan,Meatpacking/West Village West,true,1.0
hvfhv,158,dropoff,2024,5,114111,Manhattan,Meatpacking/West Village West,true,1.0
hvfhv,158,dropoff,2024,6,112904,Manhattan,Meatpacking/West Village West,true,1.0
hvfhv,158,dropoff,2025,2,98485,Manhattan,Meatpacking/West Village West,true,1.0
hvfhv,158,dropoff,2025,3,101058,Manhattan,Meatpacking/West Village West,true,1.0
hvfhv,158,dropoff,2025,4,107014,Manhattan,Meatpacking/West Village West,true,1.0
hvfhv,158,dropoff,2025,5,111164,Manhattan,Meatpacking/West Village West,true,1.0
hvfhv,158,dropoff,2025,6,101114,Manhattan,Meatpacking/West Village West,true,1.0
hvfhv,158,pickup,2024,2,117423,Manhattan,Meatpacking/West Village West,true,1.0
hvfhv,158,pickup,2024,3,126378,Manhattan,Meatpacking/West Village West,true,1.0
hvfhv,158,pickup,2024,4,121959,Manhattan,Meatpacking/West Village West,true,1.0
hvfhv,158,pickup,2024,5,130376,Manhattan,Meatpacking/West Village West,true,1.0
hvfhv,158,pickup,2024,6,127284,Manhattan,Meatpacking/West Village West,true,1.0
hvfhv,158,pickup,2025,2,110840,Manhattan,Meatpacking/West Village West,true,1.0
hvfhv,158,pickup,2025,3,114434,Manhattan,Meatpacking/West Village West,true,1.0
hvfhv,158,pickup,2025,4,119182,Manhattan,Meatpacking/West Village West,true,1.0
hvfhv,158,pickup,2025,5,125285,Manhattan,Meatpacking/West Village West,true,1.0
hvfhv,158,pickup,2025,6,113876,Manhattan,Meatpacking/West Village West,true,1.0
hvfhv,159,dropoff,2024,2,90369,Bronx,Melrose South,false,0.0393
hvfhv,159,dropoff,2024,3,101126,Bronx,Melrose South,false,0.0393
hvfhv,159,dropoff,2024,4,91790,Bronx,Melrose South,false,0.0393
hvfhv,159,dropoff,2024,5,92467,Bronx,Melrose South,false,0.0393
hvfhv,159,dropoff,2024,6,86970,Bronx,Melrose South,false,0.0393
hvfhv,159,dropoff,2025,2,92369,Bronx,Melrose South,false,0.0393
hvfhv,159,dropoff,2025,3,101399,Bronx,Melrose South,false,0.0393
hvfhv,159,dropoff,2025,4,92656,Bronx,Melrose South,false,0.0393
hvfhv,159,dropoff,2025,5,96321,Bronx,Melrose South,false,0.0393
hvfhv,159,dropoff,2025,6,88524,Bronx,Melrose South,false,0.0393
hvfhv,159,pickup,2024,2,88086,Bronx,Melrose South,false,0.0421
hvfhv,159,pickup,2024,3,97484,Bronx,Melrose South,false,0.0421
hvfhv,159,pickup,2024,4,89347,Bronx,Melrose South,false,0.0421
hvfhv,159,pickup,2024,5,89943,Bronx,Melrose South,false,0.0421
hvfhv,159,pickup,2024,6,85304,Bronx,Melrose South,false,0.0421
hvfhv,159,pickup,2025,2,90356,Bronx,Melrose South,false,0.0421
hvfhv,159,pickup,2025,3,97425,Bronx,Melrose South,false,0.0421
hvfhv,159,pickup,2025,4,89817,Bronx,Melrose South,false,0.0421
hvfhv,159,pickup,2025,5,94608,Bronx,Melrose South,false,0.0421
hvfhv,159,pickup,2025,6,87636,Bronx,Melrose South,false,0.0421
hvfhv,160,dropoff,2024,2,40388,Queens,Middle Village,false,0.074
hvfhv,160,dropoff,2024,3,44795,Queens,Middle Village,false,0.074
hvfhv,160,dropoff,2024,4,41981,Queens,Middle Village,false,0.074
hvfhv,160,dropoff,2024,5,44910,Queens,Middle Village,false,0.074
hvfhv,160,dropoff,2024,6,44036,Queens,Middle Village,false,0.074
hvfhv,160,dropoff,2025,2,42769,Queens,Middle Village,false,0.074
hvfhv,160,dropoff,2025,3,45753,Queens,Middle Village,false,0.074
hvfhv,160,dropoff,2025,4,44653,Queens,Middle Village,false,0.074
hvfhv,160,dropoff,2025,5,49267,Queens,Middle Village,false,0.074
hvfhv,160,dropoff,2025,6,47493,Queens,Middle Village,false,0.074
hvfhv,160,pickup,2024,2,39547,Queens,Middle Village,false,0.0558
hvfhv,160,pickup,2024,3,44146,Queens,Middle Village,false,0.0558
hvfhv,160,pickup,2024,4,40967,Queens,Middle Village,false,0.0558
hvfhv,160,pickup,2024,5,43858,Queens,Middle Village,false,0.0558
hvfhv,160,pickup,2024,6,43125,Queens,Middle Village,false,0.0558
hvfhv,160,pickup,2025,2,41543,Queens,Middle Village,false,0.0558
hvfhv,160,pickup,2025,3,44328,Queens,Middle Village,false,0.0558
hvfhv,160,pickup,2025,4,43849,Queens,Middle Village,false,0.0558
hvfhv,160,pickup,2025,5,48117,Queens,Middle Village,false,0.0558
hvfhv,160,pickup,2025,6,46744,Queens,Middle Village,false,0.0558
hvfhv,161,dropoff,2024,2,206979,Manhattan,Midtown Center,true,1.0
hvfhv,161,dropoff,2024,3,218831,Manhattan,Midtown Center,true,1.0
hvfhv,161,dropoff,2024,4,212043,Manhattan,Midtown Center,true,1.0
hvfhv,161,dropoff,2024,5,220537,Manhattan,Midtown Center,true,1.0
hvfhv,161,dropoff,2024,6,203523,Manhattan,Midtown Center,true,1.0
hvfhv,161,dropoff,2025,2,202354,Manhattan,Midtown Center,true,1.0
hvfhv,161,dropoff,2025,3,206654,Manhattan,Midtown Center,true,1.0
hvfhv,161,dropoff,2025,4,210876,Manhattan,Midtown Center,true,1.0
hvfhv,161,dropoff,2025,5,210765,Manhattan,Midtown Center,true,1.0
hvfhv,161,dropoff,2025,6,202547,Manhattan,Midtown Center,true,1.0
hvfhv,161,pickup,2024,2,232658,Manhattan,Midtown Center,true,1.0
hvfhv,161,pickup,2024,3,240776,Manhattan,Midtown Center,true,1.0
hvfhv,161,pickup,2024,4,237271,Manhattan,Midtown Center,true,1.0
hvfhv,161,pickup,2024,5,245605,Manhattan,Midtown Center,true,1.0
hvfhv,161,pickup,2024,6,226926,Manhattan,Midtown Center,true,1.0
hvfhv,161,pickup,2025,2,228944,Manhattan,Midtown Center,true,1.0
hvfhv,161,pickup,2025,3,238695,Manhattan,Midtown Center,true,1.0
hvfhv,161,pickup,2025,4,235017,Manhattan,Midtown Center,true,1.0
hvfhv,161,pickup,2025,5,239042,Manhattan,Midtown Center,true,1.0
hvfhv,161,pickup,2025,6,224826,Manhattan,Midtown Center,true,1.0
hvfhv,162,dropoff,2024,2,154470,Manhattan,Midtown East,true,1.0
hvfhv,162,dropoff,2024,3,170066,Manhattan,Midtown East,true,1.0
hvfhv,162,dropoff,2024,4,161821,Manhattan,Midtown East,true,1.0
hvfhv,162,dropoff,2024,5,169759,Manhattan,Midtown East,true,1.0
hvfhv,162,dropoff,2024,6,171294,Manhattan,Midtown East,true,1.0
hvfhv,162,dropoff,2025,2,146984,Manhattan,Midtown East,true,1.0
hvfhv,162,dropoff,2025,3,155312,Manhattan,Midtown East,true,1.0
hvfhv,162,dropoff,2025,4,156785,Manhattan,Midtown East,true,1.0
hvfhv,162,dropoff,2025,5,161620,Manhattan,Midtown East,true,1.0
hvfhv,162,dropoff,2025,6,162390,Manhattan,Midtown East,true,1.0
hvfhv,162,pickup,2024,2,156924,Manhattan,Midtown East,true,1.0
hvfhv,162,pickup,2024,3,168114,Manhattan,Midtown East,true,1.0
hvfhv,162,pickup,2024,4,159076,Manhattan,Midtown East,true,1.0
hvfhv,162,pickup,2024,5,164672,Manhattan,Midtown East,true,1.0
hvfhv,162,pickup,2024,6,157189,Manhattan,Midtown East,true,1.0
hvfhv,162,pickup,2025,2,152328,Manhattan,Midtown East,true,1.0
hvfhv,162,pickup,2025,3,157833,Manhattan,Midtown East,true,1.0
hvfhv,162,pickup,2025,4,158486,Manhattan,Midtown East,true,1.0
hvfhv,162,pickup,2025,5,162551,Manhattan,Midtown East,true,1.0
hvfhv,162,pickup,2025,6,156989,Manhattan,Midtown East,true,1.0
hvfhv,163,dropoff,2024,2,139016,Manhattan,Midtown North,true,1.0
hvfhv,163,dropoff,2024,3,147491,Manhattan,Midtown North,true,1.0
hvfhv,163,dropoff,2024,4,142313,Manhattan,Midtown North,true,1.0
hvfhv,163,dropoff,2024,5,147777,Manhattan,Midtown North,true,1.0
hvfhv,163,dropoff,2024,6,138526,Manhattan,Midtown North,true,1.0
hvfhv,163,dropoff,2025,2,135138,Manhattan,Midtown North,true,1.0
hvfhv,163,dropoff,2025,3,137990,Manhattan,Midtown North,true,1.0
hvfhv,163,dropoff,2025,4,138894,Manhattan,Midtown North,true,1.0
hvfhv,163,dropoff,2025,5,144088,Manhattan,Midtown North,true,1.0
hvfhv,163,dropoff,2025,6,132898,Manhattan,Midtown North,true,1.0
hvfhv,163,pickup,2024,2,162983,Manhattan,Midtown North,true,1.0
hvfhv,163,pickup,2024,3,173657,Manhattan,Midtown North,true,1.0
hvfhv,163,pickup,2024,4,166048,Manhattan,Midtown North,true,1.0
hvfhv,163,pickup,2024,5,175883,Manhattan,Midtown North,true,1.0
hvfhv,163,pickup,2024,6,162243,Manhattan,Midtown North,true,1.0
hvfhv,163,pickup,2025,2,156967,Manhattan,Midtown North,true,1.0
hvfhv,163,pickup,2025,3,162176,Manhattan,Midtown North,true,1.0
hvfhv,163,pickup,2025,4,163779,Manhattan,Midtown North,true,1.0
hvfhv,163,pickup,2025,5,173366,Manhattan,Midtown North,true,1.0
hvfhv,163,pickup,2025,6,159620,Manhattan,Midtown North,true,1.0
hvfhv,164,dropoff,2024,2,175181,Manhattan,Midtown South,true,1.0
hvfhv,164,dropoff,2024,3,189742,Manhattan,Midtown South,true,1.0
hvfhv,164,dropoff,2024,4,173967,Manhattan,Midtown South,true,1.0
hvfhv,164,dropoff,2024,5,184996,Manhattan,Midtown South,true,1.0
hvfhv,164,dropoff,2024,6,174533,Manhattan,Midtown South,true,1.0
hvfhv,164,dropoff,2025,2,163791,Manhattan,Midtown South,true,1.0
hvfhv,164,dropoff,2025,3,167612,Manhattan,Midtown South,true,1.0
hvfhv,164,dropoff,2025,4,162366,Manhattan,Midtown South,true,1.0
hvfhv,164,dropoff,2025,5,172761,Manhattan,Midtown South,true,1.0
hvfhv,164,dropoff,2025,6,160031,Manhattan,Midtown South,true,1.0
hvfhv,164,pickup,2024,2,205190,Manhattan,Midtown South,true,1.0
hvfhv,164,pickup,2024,3,223013,Manhattan,Midtown South,true,1.0
hvfhv,164,pickup,2024,4,203239,Manhattan,Midtown South,true,1.0
hvfhv,164,pickup,2024,5,220191,Manhattan,Midtown South,true,1.0
hvfhv,164,pickup,2024,6,208785,Manhattan,Midtown South,true,1.0
hvfhv,164,pickup,2025,2,193295,Manhattan,Midtown South,true,1.0
hvfhv,164,pickup,2025,3,201600,Manhattan,Midtown South,true,1.0
hvfhv,164,pickup,2025,4,193419,Manhattan,Midtown South,true,1.0
hvfhv,164,pickup,2025,5,206676,Manhattan,Midtown South,true,1.0
hvfhv,164,pickup,2025,6,191657,Manhattan,Midtown South,true,1.0
hvfhv,165,dropoff,2024,2,58234,Brooklyn,Midwood,false,0.0469
hvfhv,165,dropoff,2024,3,66283,Brooklyn,Midwood,false,0.0469
hvfhv,165,dropoff,2024,4,53981,Brooklyn,Midwood,false,0.0469
hvfhv,165,dropoff,2024,5,60801,Brooklyn,Midwood,false,0.0469
hvfhv,165,dropoff,2024,6,55857,Brooklyn,Midwood,false,0.0469
hvfhv,165,dropoff,2025,2,59853,Brooklyn,Midwood,false,0.0469
hvfhv,165,dropoff,2025,3,64669,Brooklyn,Midwood,false,0.0469
hvfhv,165,dropoff,2025,4,55052,Brooklyn,Midwood,false,0.0469
hvfhv,165,dropoff,2025,5,62564,Brooklyn,Midwood,false,0.0469
hvfhv,165,dropoff,2025,6,58369,Brooklyn,Midwood,false,0.0469
hvfhv,165,pickup,2024,2,59026,Brooklyn,Midwood,false,0.0376
hvfhv,165,pickup,2024,3,66992,Brooklyn,Midwood,false,0.0376
hvfhv,165,pickup,2024,4,55871,Brooklyn,Midwood,false,0.0376
hvfhv,165,pickup,2024,5,62555,Brooklyn,Midwood,false,0.0376
hvfhv,165,pickup,2024,6,56397,Brooklyn,Midwood,false,0.0376
hvfhv,165,pickup,2025,2,61479,Brooklyn,Midwood,false,0.0376
hvfhv,165,pickup,2025,3,66385,Brooklyn,Midwood,false,0.0376
hvfhv,165,pickup,2025,4,57512,Brooklyn,Midwood,false,0.0376
hvfhv,165,pickup,2025,5,64960,Brooklyn,Midwood,false,0.0376
hvfhv,165,pickup,2025,6,60073,Brooklyn,Midwood,false,0.0376
hvfhv,166,dropoff,2024,2,100663,Manhattan,Morningside Heights,false,0.2056
hvfhv,166,dropoff,2024,3,99937,Manhattan,Morningside Heights,false,0.2056
hvfhv,166,dropoff,2024,4,102477,Manhattan,Morningside Heights,false,0.2056
hvfhv,166,dropoff,2024,5,89433,Manhattan,Morningside Heights,false,0.2056
hvfhv,166,dropoff,2024,6,74794,Manhattan,Morningside Heights,false,0.2056
hvfhv,166,dropoff,2025,2,96053,Manhattan,Morningside Heights,false,0.2056
hvfhv,166,dropoff,2025,3,92910,Manhattan,Morningside Heights,false,0.2056
hvfhv,166,dropoff,2025,4,100039,Manhattan,Morningside Heights,false,0.2056
hvfhv,166,dropoff,2025,5,96057,Manhattan,Morningside Heights,false,0.2056
hvfhv,166,dropoff,2025,6,68447,Manhattan,Morningside Heights,false,0.2056
hvfhv,166,pickup,2024,2,95357,Manhattan,Morningside Heights,false,0.192
hvfhv,166,pickup,2024,3,94126,Manhattan,Morningside Heights,false,0.192
hvfhv,166,pickup,2024,4,101651,Manhattan,Morningside Heights,false,0.192
hvfhv,166,pickup,2024,5,93447,Manhattan,Morningside Heights,false,0.192
hvfhv,166,pickup,2024,6,69192,Manhattan,Morningside Heights,false,0.192
hvfhv,166,pickup,2025,2,88260,Manhattan,Morningside Heights,false,0.192
hvfhv,166,pickup,2025,3,88479,Manhattan,Morningside Heights,false,0.192
hvfhv,166,pickup,2025,4,92948,Manhattan,Morningside Heights,false,0.192
hvfhv,166,pickup,2025,5,93852,Manhattan,Morningside Heights,false,0.192
hvfhv,166,pickup,2025,6,63329,Manhattan,Morningside Heights,false,0.192
hvfhv,167,dropoff,2024,2,66998,Bronx,Morrisania/Melrose,false,0.0363
hvfhv,167,dropoff,2024,3,77010,Bronx,Morrisania/Melrose,false,0.0363
hvfhv,167,dropoff,2024,4,69229,Bronx,Morrisania/Melrose,false,0.0363
hvfhv,167,dropoff,2024,5,69933,Bronx,Morrisania/Melrose,false,0.0363
hvfhv,167,dropoff,2024,6,68148,Bronx,Morrisania/Melrose,false,0.0363
hvfhv,167,dropoff,2025,2,69881,Bronx,Morrisania/Melrose,false,0.0363
hvfhv,167,dropoff,2025,3,76888,Bronx,Morrisania/Melrose,false,0.0363
hvfhv,167,dropoff,2025,4,69771,Bronx,Morrisania/Melrose,false,0.0363
hvfhv,167,dropoff,2025,5,73882,Bronx,Morrisania/Melrose,false,0.0363
hvfhv,167,dropoff,2025,6,69798,Bronx,Morrisania/Melrose,false,0.0363
hvfhv,167,pickup,2024,2,70949,Bronx,Morrisania/Melrose,false,0.0376
hvfhv,167,pickup,2024,3,81072,Bronx,Morrisania/Melrose,false,0.0376
hvfhv,167,pickup,2024,4,72871,Bronx,Morrisania/Melrose,false,0.0376
hvfhv,167,pickup,2024,5,73970,Bronx,Morrisania/Melrose,false,0.0376
hvfhv,167,pickup,2024,6,71914,Bronx,Morrisania/Melrose,false,0.0376
hvfhv,167,pickup,2025,2,72890,Bronx,Morrisania/Melrose,false,0.0376
hvfhv,167,pickup,2025,3,80818,Bronx,Morrisania/Melrose,false,0.0376
hvfhv,167,pickup,2025,4,74213,Bronx,Morrisania/Melrose,false,0.0376
hvfhv,167,pickup,2025,5,77196,Bronx,Morrisania/Melrose,false,0.0376
hvfhv,167,pickup,2025,6,73555,Bronx,Morrisania/Melrose,false,0.0376
hvfhv,168,dropoff,2024,2,117848,Bronx,Mott Haven/Port Morris,false,0.0723
hvfhv,168,dropoff,2024,3,133739,Bronx,Mott Haven/Port Morris,false,0.0723
hvfhv,168,dropoff,2024,4,119402,Bronx,Mott Haven/Port Morris,false,0.0723
hvfhv,168,dropoff,2024,5,123163,Bronx,Mott Haven/Port Morris,false,0.0723
hvfhv,168,dropoff,2024,6,121189,Bronx,Mott Haven/Port Morris,false,0.0723
hvfhv,168,dropoff,2025,2,124633,Bronx,Mott Haven/Port Morris,false,0.0723
hvfhv,168,dropoff,2025,3,140350,Bronx,Mott Haven/Port Morris,false,0.0723
hvfhv,168,dropoff,2025,4,131914,Bronx,Mott Haven/Port Morris,false,0.0723
hvfhv,168,dropoff,2025,5,136206,Bronx,Mott Haven/Port Morris,false,0.0723
hvfhv,168,dropoff,2025,6,128491,Bronx,Mott Haven/Port Morris,false,0.0723
hvfhv,168,pickup,2024,2,116811,Bronx,Mott Haven/Port Morris,false,0.0638
hvfhv,168,pickup,2024,3,131780,Bronx,Mott Haven/Port Morris,false,0.0638
hvfhv,168,pickup,2024,4,118141,Bronx,Mott Haven/Port Morris,false,0.0638
hvfhv,168,pickup,2024,5,123303,Bronx,Mott Haven/Port Morris,false,0.0638
hvfhv,168,pickup,2024,6,121841,Bronx,Mott Haven/Port Morris,false,0.0638
hvfhv,168,pickup,2025,2,124523,Bronx,Mott Haven/Port Morris,false,0.0638
hvfhv,168,pickup,2025,3,140563,Bronx,Mott Haven/Port Morris,false,0.0638
hvfhv,168,pickup,2025,4,132441,Bronx,Mott Haven/Port Morris,false,0.0638
hvfhv,168,pickup,2025,5,134804,Bronx,Mott Haven/Port Morris,false,0.0638
hvfhv,168,pickup,2025,6,128644,Bronx,Mott Haven/Port Morris,false,0.0638
hvfhv,169,dropoff,2024,2,86864,Bronx,Mount Hope,false,0.0401
hvfhv,169,dropoff,2024,3,95193,Bronx,Mount Hope,false,0.0401
hvfhv,169,dropoff,2024,4,88406,Bronx,Mount Hope,false,0.0401
hvfhv,169,dropoff,2024,5,87922,Bronx,Mount Hope,false,0.0401
hvfhv,169,dropoff,2024,6,85961,Bronx,Mount Hope,false,0.0401
hvfhv,169,dropoff,2025,2,85827,Bronx,Mount Hope,false,0.0401
hvfhv,169,dropoff,2025,3,92748,Bronx,Mount Hope,false,0.0401
hvfhv,169,dropoff,2025,4,86226,Bronx,Mount Hope,false,0.0401
hvfhv,169,dropoff,2025,5,89446,Bronx,Mount Hope,false,0.0401
hvfhv,169,dropoff,2025,6,84107,Bronx,Mount Hope,false,0.0401
hvfhv,169,pickup,2024,2,91699,Bronx,Mount Hope,false,0.0326
hvfhv,169,pickup,2024,3,102173,Bronx,Mount Hope,false,0.0326
hvfhv,169,pickup,2024,4,93887,Bronx,Mount Hope,false,0.0326
hvfhv,169,pickup,2024,5,94426,Bronx,Mount Hope,false,0.0326
hvfhv,169,pickup,2024,6,92736,Bronx,Mount Hope,false,0.0326
hvfhv,169,pickup,2025,2,91443,Bronx,Mount Hope,false,0.0326
hvfhv,169,pickup,2025,3,101650,Bronx,Mount Hope,false,0.0326
hvfhv,169,pickup,2025,4,92450,Bronx,Mount Hope,false,0.0326
hvfhv,169,pickup,2025,5,95996,Bronx,Mount Hope,false,0.0326
hvfhv,169,pickup,2025,6,90526,Bronx,Mount Hope,false,0.0326
hvfhv,170,dropoff,2024,2,177860,Manhattan,Murray Hill,true,1.0
hvfhv,170,dropoff,2024,3,193121,Manhattan,Murray Hill,true,1.0
hvfhv,170,dropoff,2024,4,179677,Manhattan,Murray Hill,true,1.0
hvfhv,170,dropoff,2024,5,186927,Manhattan,Murray Hill,true,1.0
hvfhv,170,dropoff,2024,6,182228,Manhattan,Murray Hill,true,1.0
hvfhv,170,dropoff,2025,2,171070,Manhattan,Murray Hill,true,1.0
hvfhv,170,dropoff,2025,3,175414,Manhattan,Murray Hill,true,1.0
hvfhv,170,dropoff,2025,4,170636,Manhattan,Murray Hill,true,1.0
hvfhv,170,dropoff,2025,5,173161,Manhattan,Murray Hill,true,1.0
hvfhv,170,dropoff,2025,6,163104,Manhattan,Murray Hill,true,1.0
hvfhv,170,pickup,2024,2,183453,Manhattan,Murray Hill,true,1.0
hvfhv,170,pickup,2024,3,196434,Manhattan,Murray Hill,true,1.0
hvfhv,170,pickup,2024,4,179982,Manhattan,Murray Hill,true,1.0
hvfhv,170,pickup,2024,5,187492,Manhattan,Murray Hill,true,1.0
hvfhv,170,pickup,2024,6,181174,Manhattan,Murray Hill,true,1.0
hvfhv,170,pickup,2025,2,177098,Manhattan,Murray Hill,true,1.0
hvfhv,170,pickup,2025,3,181181,Manhattan,Murray Hill,true,1.0
hvfhv,170,pickup,2025,4,175233,Manhattan,Murray Hill,true,1.0
hvfhv,170,pickup,2025,5,179171,Manhattan,Murray Hill,true,1.0
hvfhv,170,pickup,2025,6,166399,Manhattan,Murray Hill,true,1.0
hvfhv,171,dropoff,2024,2,35323,Queens,Murray Hill-Queens,false,0.05
hvfhv,171,dropoff,2024,3,38650,Queens,Murray Hill-Queens,false,0.05
hvfhv,171,dropoff,2024,4,36131,Queens,Murray Hill-Queens,false,0.05
hvfhv,171,dropoff,2024,5,38534,Queens,Murray Hill-Queens,false,0.05
hvfhv,171,dropoff,2024,6,37419,Queens,Murray Hill-Queens,false,0.05
hvfhv,171,dropoff,2025,2,37055,Queens,Murray Hill-Queens,false,0.05
hvfhv,171,dropoff,2025,3,39166,Queens,Murray Hill-Queens,false,0.05
hvfhv,171,dropoff,2025,4,37575,Queens,Murray Hill-Queens,false,0.05
hvfhv,171,dropoff,2025,5,41525,Queens,Murray Hill-Queens,false,0.05
hvfhv,171,dropoff,2025,6,39694,Queens,Murray Hill-Queens,false,0.05
hvfhv,171,pickup,2024,2,36051,Queens,Murray Hill-Queens,false,0.0338
hvfhv,171,pickup,2024,3,39192,Queens,Murray Hill-Queens,false,0.0338
hvfhv,171,pickup,2024,4,36235,Queens,Murray Hill-Queens,false,0.0338
hvfhv,171,pickup,2024,5,38915,Queens,Murray Hill-Queens,false,0.0338
hvfhv,171,pickup,2024,6,37639,Queens,Murray Hill-Queens,false,0.0338
hvfhv,171,pickup,2025,2,38028,Queens,Murray Hill-Queens,false,0.0338
hvfhv,171,pickup,2025,3,39829,Queens,Murray Hill-Queens,false,0.0338
hvfhv,171,pickup,2025,4,38652,Queens,Murray Hill-Queens,false,0.0338
hvfhv,171,pickup,2025,5,41915,Queens,Murray Hill-Queens,false,0.0338
hvfhv,171,pickup,2025,6,40784,Queens,Murray Hill-Queens,false,0.0338
hvfhv,172,dropoff,2024,2,10596,Staten Island,New Dorp/Midland Beach,false,0.0304
hvfhv,172,dropoff,2024,3,12291,Staten Island,New Dorp/Midland Beach,false,0.0304
hvfhv,172,dropoff,2024,4,11225,Staten Island,New Dorp/Midland Beach,false,0.0304
hvfhv,172,dropoff,2024,5,12243,Staten Island,New Dorp/Midland Beach,false,0.0304
hvfhv,172,dropoff,2024,6,11759,Staten Island,New Dorp/Midland Beach,false,0.0304
hvfhv,172,dropoff,2025,2,11571,Staten Island,New Dorp/Midland Beach,false,0.0304
hvfhv,172,dropoff,2025,3,12788,Staten Island,New Dorp/Midland Beach,false,0.0304
hvfhv,172,dropoff,2025,4,12283,Staten Island,New Dorp/Midland Beach,false,0.0304
hvfhv,172,dropoff,2025,5,13501,Staten Island,New Dorp/Midland Beach,false,0.0304
hvfhv,172,dropoff,2025,6,12879,Staten Island,New Dorp/Midland Beach,false,0.0304
hvfhv,172,pickup,2024,2,11126,Staten Island,New Dorp/Midland Beach,false,0.0222
hvfhv,172,pickup,2024,3,13041,Staten Island,New Dorp/Midland Beach,false,0.0222
hvfhv,172,pickup,2024,4,11839,Staten Island,New Dorp/Midland Beach,false,0.0222
hvfhv,172,pickup,2024,5,12521,Staten Island,New Dorp/Midland Beach,false,0.0222
hvfhv,172,pickup,2024,6,11980,Staten Island,New Dorp/Midland Beach,false,0.0222
hvfhv,172,pickup,2025,2,12316,Staten Island,New Dorp/Midland Beach,false,0.0222
hvfhv,172,pickup,2025,3,13249,Staten Island,New Dorp/Midland Beach,false,0.0222
hvfhv,172,pickup,2025,4,12853,Staten Island,New Dorp/Midland Beach,false,0.0222
hvfhv,172,pickup,2025,5,14070,Staten Island,New Dorp/Midland Beach,false,0.0222
hvfhv,172,pickup,2025,6,13357,Staten Island,New Dorp/Midland Beach,false,0.0222
hvfhv,173,dropoff,2024,2,40216,Queens,North Corona,false,0.0357
hvfhv,173,dropoff,2024,3,44887,Queens,North Corona,false,0.0357
hvfhv,173,dropoff,2024,4,40825,Queens,North Corona,false,0.0357
hvfhv,173,dropoff,2024,5,43781,Queens,North Corona,false,0.0357
hvfhv,173,dropoff,2024,6,44192,Queens,North Corona,false,0.0357
hvfhv,173,dropoff,2025,2,43403,Queens,North Corona,false,0.0357
hvfhv,173,dropoff,2025,3,45490,Queens,North Corona,false,0.0357
hvfhv,173,dropoff,2025,4,43701,Queens,North Corona,false,0.0357
hvfhv,173,dropoff,2025,5,48939,Queens,North Corona,false,0.0357
hvfhv,173,dropoff,2025,6,48227,Queens,North Corona,false,0.0357
hvfhv,173,pickup,2024,2,43772,Queens,North Corona,false,0.0282
hvfhv,173,pickup,2024,3,48493,Queens,North Corona,false,0.0282
hvfhv,173,pickup,2024,4,44213,Queens,North Corona,false,0.0282
hvfhv,173,pickup,2024,5,46966,Queens,North Corona,false,0.0282
hvfhv,173,pickup,2024,6,47400,Queens,North Corona,false,0.0282
hvfhv,173,pickup,2025,2,47234,Queens,North Corona,false,0.0282
hvfhv,173,pickup,2025,3,49008,Queens,North Corona,false,0.0282
hvfhv,173,pickup,2025,4,47977,Queens,North Corona,false,0.0282
hvfhv,173,pickup,2025,5,53595,Queens,North Corona,false,0.0282
hvfhv,173,pickup,2025,6,52849,Queens,North Corona,false,0.0282
hvfhv,174,dropoff,2024,2,79778,Bronx,Norwood,false,0.0312
hvfhv,174,dropoff,2024,3,86864,Bronx,Norwood,false,0.0312
hvfhv,174,dropoff,2024,4,81136,Bronx,Norwood,false,0.0312
hvfhv,174,dropoff,2024,5,82173,Bronx,Norwood,false,0.0312
hvfhv,174,dropoff,2024,6,77860,Bronx,Norwood,false,0.0312
hvfhv,174,dropoff,2025,2,80943,Bronx,Norwood,false,0.0312
hvfhv,174,dropoff,2025,3,86695,Bronx,Norwood,false,0.0312
hvfhv,174,dropoff,2025,4,82427,Bronx,Norwood,false,0.0312
hvfhv,174,dropoff,2025,5,85277,Bronx,Norwood,false,0.0312
hvfhv,174,dropoff,2025,6,80558,Bronx,Norwood,false,0.0312
hvfhv,174,pickup,2024,2,82444,Bronx,Norwood,false,0.0237
hvfhv,174,pickup,2024,3,90627,Bronx,Norwood,false,0.0237
hvfhv,174,pickup,2024,4,82990,Bronx,Norwood,false,0.0237
hvfhv,174,pickup,2024,5,84075,Bronx,Norwood,false,0.0237
hvfhv,174,pickup,2024,6,79545,Bronx,Norwood,false,0.0237
hvfhv,174,pickup,2025,2,84531,Bronx,Norwood,false,0.0237
hvfhv,174,pickup,2025,3,89706,Bronx,Norwood,false,0.0237
hvfhv,174,pickup,2025,4,84719,Bronx,Norwood,false,0.0237
hvfhv,174,pickup,2025,5,89502,Bronx,Norwood,false,0.0237
hvfhv,174,pickup,2025,6,84594,Bronx,Norwood,false,0.0237
hvfhv,175,dropoff,2024,2,15509,Queens,Oakland Gardens,false,0.051
hvfhv,175,dropoff,2024,3,16816,Queens,Oakland Gardens,false,0.051
hvfhv,175,dropoff,2024,4,14664,Queens,Oakland Gardens,false,0.051
hvfhv,175,dropoff,2024,5,16050,Queens,Oakland Gardens,false,0.051
hvfhv,175,dropoff,2024,6,13499,Queens,Oakland Gardens,false,0.051
hvfhv,175,dropoff,2025,2,15964,Queens,Oakland Gardens,false,0.051
hvfhv,175,dropoff,2025,3,17245,Queens,Oakland Gardens,false,0.051
hvfhv,175,dropoff,2025,4,15682,Queens,Oakland Gardens,false,0.051
hvfhv,175,dropoff,2025,5,17076,Queens,Oakland Gardens,false,0.051
hvfhv,175,dropoff,2025,6,14300,Queens,Oakland Gardens,false,0.051
hvfhv,175,pickup,2024,2,15123,Queens,Oakland Gardens,false,0.0343
hvfhv,175,pickup,2024,3,16592,Queens,Oakland Gardens,false,0.0343
hvfhv,175,pickup,2024,4,15073,Queens,Oakland Gardens,false,0.0343
hvfhv,175,pickup,2024,5,16133,Queens,Oakland Gardens,false,0.0343
hvfhv,175,pickup,2024,6,14497,Queens,Oakland Gardens,false,0.0343
hvfhv,175,pickup,2025,2,15413,Queens,Oakland Gardens,false,0.0343
hvfhv,175,pickup,2025,3,16582,Queens,Oakland Gardens,false,0.0343
hvfhv,175,pickup,2025,4,16087,Queens,Oakland Gardens,false,0.0343
hvfhv,175,pickup,2025,5,17403,Queens,Oakland Gardens,false,0.0343
hvfhv,175,pickup,2025,6,15315,Queens,Oakland Gardens,false,0.0343
hvfhv,176,dropoff,2024,2,5674,Staten Island,Oakwood,false,0.05
hvfhv,176,dropoff,2024,3,6433,Staten Island,Oakwood,false,0.05
hvfhv,176,dropoff,2024,4,5771,Staten Island,Oakwood,false,0.05
hvfhv,176,dropoff,2024,5,6185,Staten Island,Oakwood,false,0.05
hvfhv,176,dropoff,2024,6,6114,Staten Island,Oakwood,false,0.05
hvfhv,176,dropoff,2025,2,6057,Staten Island,Oakwood,false,0.05
hvfhv,176,dropoff,2025,3,6858,Staten Island,Oakwood,false,0.05
hvfhv,176,dropoff,2025,4,6430,Staten Island,Oakwood,false,0.05
hvfhv,176,dropoff,2025,5,7057,Staten Island,Oakwood,false,0.05
hvfhv,176,dropoff,2025,6,6781,Staten Island,Oakwood,false,0.05
hvfhv,176,pickup,2024,2,6162,Staten Island,Oakwood,false,0.0307
hvfhv,176,pickup,2024,3,7047,Staten Island,Oakwood,false,0.0307
hvfhv,176,pickup,2024,4,6300,Staten Island,Oakwood,false,0.0307
hvfhv,176,pickup,2024,5,6727,Staten Island,Oakwood,false,0.0307
hvfhv,176,pickup,2024,6,6647,Staten Island,Oakwood,false,0.0307
hvfhv,176,pickup,2025,2,6741,Staten Island,Oakwood,false,0.0307
hvfhv,176,pickup,2025,3,7330,Staten Island,Oakwood,false,0.0307
hvfhv,176,pickup,2025,4,7063,Staten Island,Oakwood,false,0.0307
hvfhv,176,pickup,2025,5,7782,Staten Island,Oakwood,false,0.0307
hvfhv,176,pickup,2025,6,7266,Staten Island,Oakwood,false,0.0307
hvfhv,177,dropoff,2024,2,80501,Brooklyn,Ocean Hill,false,0.0478
hvfhv,177,dropoff,2024,3,90806,Brooklyn,Ocean Hill,false,0.0478
hvfhv,177,dropoff,2024,4,82006,Brooklyn,Ocean Hill,false,0.0478
hvfhv,177,dropoff,2024,5,87565,Brooklyn,Ocean Hill,false,0.0478
hvfhv,177,dropoff,2024,6,84941,Brooklyn,Ocean Hill,false,0.0478
hvfhv,177,dropoff,2025,2,77605,Brooklyn,Ocean Hill,false,0.0478
hvfhv,177,dropoff,2025,3,86208,Brooklyn,Ocean Hill,false,0.0478
hvfhv,177,dropoff,2025,4,81464,Brooklyn,Ocean Hill,false,0.0478
hvfhv,177,dropoff,2025,5,84918,Brooklyn,Ocean Hill,false,0.0478
hvfhv,177,dropoff,2025,6,82018,Brooklyn,Ocean Hill,false,0.0478
hvfhv,177,pickup,2024,2,80765,Brooklyn,Ocean Hill,false,0.033
hvfhv,177,pickup,2024,3,92542,Brooklyn,Ocean Hill,false,0.033
hvfhv,177,pickup,2024,4,83742,Brooklyn,Ocean Hill,false,0.033
hvfhv,177,pickup,2024,5,89266,Brooklyn,Ocean Hill,false,0.033
hvfhv,177,pickup,2024,6,85786,Brooklyn,Ocean Hill,false,0.033
hvfhv,177,pickup,2025,2,78817,Brooklyn,Ocean Hill,false,0.033
hvfhv,177,pickup,2025,3,86511,Brooklyn,Ocean Hill,false,0.033
hvfhv,177,pickup,2025,4,82423,Brooklyn,Ocean Hill,false,0.033
hvfhv,177,pickup,2025,5,86455,Brooklyn,Ocean Hill,false,0.033
hvfhv,177,pickup,2025,6,85488,Brooklyn,Ocean Hill,false,0.033
hvfhv,178,dropoff,2024,2,20199,Brooklyn,Ocean Parkway South,false,0.0481
hvfhv,178,dropoff,2024,3,22766,Brooklyn,Ocean Parkway South,false,0.0481
hvfhv,178,dropoff,2024,4,18501,Brooklyn,Ocean Parkway South,false,0.0481
hvfhv,178,dropoff,2024,5,20145,Brooklyn,Ocean Parkway South,false,0.0481
hvfhv,178,dropoff,2024,6,17078,Brooklyn,Ocean Parkway South,false,0.0481
hvfhv,178,dropoff,2025,2,20176,Brooklyn,Ocean Parkway South,false,0.0481
hvfhv,178,dropoff,2025,3,22126,Brooklyn,Ocean Parkway South,false,0.0481
hvfhv,178,dropoff,2025,4,17256,Brooklyn,Ocean Parkway South,false,0.0481
hvfhv,178,dropoff,2025,5,20653,Brooklyn,Ocean Parkway South,false,0.0481
hvfhv,178,dropoff,2025,6,18583,Brooklyn,Ocean Parkway South,false,0.0481
hvfhv,178,pickup,2024,2,21101,Brooklyn,Ocean Parkway South,false,0.0392
hvfhv,178,pickup,2024,3,23720,Brooklyn,Ocean Parkway South,false,0.0392
hvfhv,178,pickup,2024,4,19130,Brooklyn,Ocean Parkway South,false,0.0392
hvfhv,178,pickup,2024,5,21352,Brooklyn,Ocean Parkway South,false,0.0392
hvfhv,178,pickup,2024,6,17713,Brooklyn,Ocean Parkway South,false,0.0392
hvfhv,178,pickup,2025,2,21076,Brooklyn,Ocean Parkway South,false,0.0392
hvfhv,178,pickup,2025,3,24028,Brooklyn,Ocean Parkway South,false,0.0392
hvfhv,178,pickup,2025,4,18698,Brooklyn,Ocean Parkway South,false,0.0392
hvfhv,178,pickup,2025,5,21788,Brooklyn,Ocean Parkway South,false,0.0392
hvfhv,178,pickup,2025,6,19177,Brooklyn,Ocean Parkway South,false,0.0392
hvfhv,179,dropoff,2024,2,68893,Queens,Old Astoria,false,0.1372
hvfhv,179,dropoff,2024,3,78571,Queens,Old Astoria,false,0.1372
hvfhv,179,dropoff,2024,4,71239,Queens,Old Astoria,false,0.1372
hvfhv,179,dropoff,2024,5,73185,Queens,Old Astoria,false,0.1372
hvfhv,179,dropoff,2024,6,73248,Queens,Old Astoria,false,0.1372
hvfhv,179,dropoff,2025,2,71960,Queens,Old Astoria,false,0.1372
hvfhv,179,dropoff,2025,3,76229,Queens,Old Astoria,false,0.1372
hvfhv,179,dropoff,2025,4,72122,Queens,Old Astoria,false,0.1372
hvfhv,179,dropoff,2025,5,79270,Queens,Old Astoria,false,0.1372
hvfhv,179,dropoff,2025,6,73644,Queens,Old Astoria,false,0.1372
hvfhv,179,pickup,2024,2,65206,Queens,Old Astoria,false,0.1083
hvfhv,179,pickup,2024,3,73421,Queens,Old Astoria,false,0.1083
hvfhv,179,pickup,2024,4,68256,Queens,Old Astoria,false,0.1083
hvfhv,179,pickup,2024,5,70066,Queens,Old Astoria,false,0.1083
hvfhv,179,pickup,2024,6,70554,Queens,Old Astoria,false,0.1083
hvfhv,179,pickup,2025,2,67907,Queens,Old Astoria,false,0.1083
hvfhv,179,pickup,2025,3,71242,Queens,Old Astoria,false,0.1083
hvfhv,179,pickup,2025,4,68748,Queens,Old Astoria,false,0.1083
hvfhv,179,pickup,2025,5,74744,Queens,Old Astoria,false,0.1083
hvfhv,179,pickup,2025,6,72183,Queens,Old Astoria,false,0.1083
hvfhv,180,dropoff,2024,2,27643,Queens,Ozone Park,false,0.0288
hvfhv,180,dropoff,2024,3,31092,Queens,Ozone Park,false,0.0288
hvfhv,180,dropoff,2024,4,28776,Queens,Ozone Park,false,0.0288
hvfhv,180,dropoff,2024,5,29983,Queens,Ozone Park,false,0.0288
hvfhv,180,dropoff,2024,6,28944,Queens,Ozone Park,false,0.0288
hvfhv,180,dropoff,2025,2,28619,Queens,Ozone Park,false,0.0288
hvfhv,180,dropoff,2025,3,31216,Queens,Ozone Park,false,0.0288
hvfhv,180,dropoff,2025,4,30143,Queens,Ozone Park,false,0.0288
hvfhv,180,dropoff,2025,5,32191,Queens,Ozone Park,false,0.0288
hvfhv,180,dropoff,2025,6,30875,Queens,Ozone Park,false,0.0288
hvfhv,180,pickup,2024,2,31157,Queens,Ozone Park,false,0.02
hvfhv,180,pickup,2024,3,35010,Queens,Ozone Park,false,0.02
hvfhv,180,pickup,2024,4,32481,Queens,Ozone Park,false,0.02
hvfhv,180,pickup,2024,5,34935,Queens,Ozone Park,false,0.02
hvfhv,180,pickup,2024,6,33448,Queens,Ozone Park,false,0.02
hvfhv,180,pickup,2025,2,32493,Queens,Ozone Park,false,0.02
hvfhv,180,pickup,2025,3,35381,Queens,Ozone Park,false,0.02
hvfhv,180,pickup,2025,4,33941,Queens,Ozone Park,false,0.02
hvfhv,180,pickup,2025,5,36637,Queens,Ozone Park,false,0.02
hvfhv,180,pickup,2025,6,35548,Queens,Ozone Park,false,0.02
hvfhv,181,dropoff,2024,2,185338,Brooklyn,Park Slope,false,0.1444
hvfhv,181,dropoff,2024,3,207896,Brooklyn,Park Slope,false,0.1444
hvfhv,181,dropoff,2024,4,189968,Brooklyn,Park Slope,false,0.1444
hvfhv,181,dropoff,2024,5,196878,Brooklyn,Park Slope,false,0.1444
hvfhv,181,dropoff,2024,6,196979,Brooklyn,Park Slope,false,0.1444
hvfhv,181,dropoff,2025,2,194088,Brooklyn,Park Slope,false,0.1444
hvfhv,181,dropoff,2025,3,202273,Brooklyn,Park Slope,false,0.1444
hvfhv,181,dropoff,2025,4,194112,Brooklyn,Park Slope,false,0.1444
hvfhv,181,dropoff,2025,5,216946,Brooklyn,Park Slope,false,0.1444
hvfhv,181,dropoff,2025,6,195281,Brooklyn,Park Slope,false,0.1444
hvfhv,181,pickup,2024,2,185838,Brooklyn,Park Slope,false,0.1101
hvfhv,181,pickup,2024,3,210578,Brooklyn,Park Slope,false,0.1101
hvfhv,181,pickup,2024,4,192344,Brooklyn,Park Slope,false,0.1101
hvfhv,181,pickup,2024,5,195589,Brooklyn,Park Slope,false,0.1101
hvfhv,181,pickup,2024,6,196307,Brooklyn,Park Slope,false,0.1101
hvfhv,181,pickup,2025,2,191999,Brooklyn,Park Slope,false,0.1101
hvfhv,181,pickup,2025,3,197979,Brooklyn,Park Slope,false,0.1101
hvfhv,181,pickup,2025,4,190585,Brooklyn,Park Slope,false,0.1101
hvfhv,181,pickup,2025,5,209798,Brooklyn,Park Slope,false,0.1101
hvfhv,181,pickup,2025,6,195751,Brooklyn,Park Slope,false,0.1101
hvfhv,182,dropoff,2024,2,43803,Bronx,Parkchester,false,0.0471
hvfhv,182,dropoff,2024,3,48918,Bronx,Parkchester,false,0.0471
hvfhv,182,dropoff,2024,4,44719,Bronx,Parkchester,false,0.0471
hvfhv,182,dropoff,2024,5,45917,Bronx,Parkchester,false,0.0471
hvfhv,182,dropoff,2024,6,44385,Bronx,Parkchester,false,0.0471
hvfhv,182,dropoff,2025,2,44790,Bronx,Parkchester,false,0.0471
hvfhv,182,dropoff,2025,3,49440,Bronx,Parkchester,false,0.0471
hvfhv,182,dropoff,2025,4,46185,Bronx,Parkchester,false,0.0471
hvfhv,182,dropoff,2025,5,47513,Bronx,Parkchester,false,0.0471
hvfhv,182,dropoff,2025,6,44693,Bronx,Parkchester,false,0.0471
hvfhv,182,pickup,2024,2,49553,Bronx,Parkchester,false,0.0396
hvfhv,182,pickup,2024,3,56270,Bronx,Parkchester,false,0.0396
hvfhv,182,pickup,2024,4,51036,Bronx,Parkchester,false,0.0396
hvfhv,182,pickup,2024,5,52087,Bronx,Parkchester,false,0.0396
hvfhv,182,pickup,2024,6,50608,Bronx,Parkchester,false,0.0396
hvfhv,182,pickup,2025,2,52072,Bronx,Parkchester,false,0.0396
hvfhv,182,pickup,2025,3,56328,Bronx,Parkchester,false,0.0396
hvfhv,182,pickup,2025,4,52506,Bronx,Parkchester,false,0.0396
hvfhv,182,pickup,2025,5,55020,Bronx,Parkchester,false,0.0396
hvfhv,182,pickup,2025,6,52717,Bronx,Parkchester,false,0.0396
hvfhv,183,dropoff,2024,2,21826,Bronx,Pelham Bay,false,0.0417
hvfhv,183,dropoff,2024,3,23913,Bronx,Pelham Bay,false,0.0417
hvfhv,183,dropoff,2024,4,22716,Bronx,Pelham Bay,false,0.0417
hvfhv,183,dropoff,2024,5,23575,Bronx,Pelham Bay,false,0.0417
hvfhv,183,dropoff,2024,6,22972,Bronx,Pelham Bay,false,0.0417
hvfhv,183,dropoff,2025,2,22176,Bronx,Pelham Bay,false,0.0417
hvfhv,183,dropoff,2025,3,24435,Bronx,Pelham Bay,false,0.0417
hvfhv,183,dropoff,2025,4,23220,Bronx,Pelham Bay,false,0.0417
hvfhv,183,dropoff,2025,5,24808,Bronx,Pelham Bay,false,0.0417
hvfhv,183,dropoff,2025,6,23581,Bronx,Pelham Bay,false,0.0417
hvfhv,183,pickup,2024,2,24493,Bronx,Pelham Bay,false,0.0301
hvfhv,183,pickup,2024,3,27548,Bronx,Pelham Bay,false,0.0301
hvfhv,183,pickup,2024,4,25323,Bronx,Pelham Bay,false,0.0301
hvfhv,183,pickup,2024,5,26187,Bronx,Pelham Bay,false,0.0301
hvfhv,183,pickup,2024,6,26037,Bronx,Pelham Bay,false,0.0301
hvfhv,183,pickup,2025,2,24643,Bronx,Pelham Bay,false,0.0301
hvfhv,183,pickup,2025,3,26718,Bronx,Pelham Bay,false,0.0301
hvfhv,183,pickup,2025,4,25271,Bronx,Pelham Bay,false,0.0301
hvfhv,183,pickup,2025,5,27807,Bronx,Pelham Bay,false,0.0301
hvfhv,183,pickup,2025,6,27032,Bronx,Pelham Bay,false,0.0301
hvfhv,184,dropoff,2024,2,3492,Bronx,Pelham Bay Park,false,0.0397
hvfhv,184,dropoff,2024,3,4267,Bronx,Pelham Bay Park,false,0.0397
hvfhv,184,dropoff,2024,4,5030,Bronx,Pelham Bay Park,false,0.0397
hvfhv,184,dropoff,2024,5,6431,Bronx,Pelham Bay Park,false,0.0397
hvfhv,184,dropoff,2024,6,10737,Bronx,Pelham Bay Park,false,0.0397
hvfhv,184,dropoff,2025,2,3425,Bronx,Pelham Bay Park,false,0.0397
hvfhv,184,dropoff,2025,3,3942,Bronx,Pelham Bay Park,false,0.0397
hvfhv,184,dropoff,2025,4,4449,Bronx,Pelham Bay Park,false,0.0397
hvfhv,184,dropoff,2025,5,5730,Bronx,Pelham Bay Park,false,0.0397
hvfhv,184,dropoff,2025,6,9628,Bronx,Pelham Bay Park,false,0.0397
hvfhv,184,pickup,2024,2,3093,Bronx,Pelham Bay Park,false,0.0425
hvfhv,184,pickup,2024,3,3916,Bronx,Pelham Bay Park,false,0.0425
hvfhv,184,pickup,2024,4,4095,Bronx,Pelham Bay Park,false,0.0425
hvfhv,184,pickup,2024,5,5249,Bronx,Pelham Bay Park,false,0.0425
hvfhv,184,pickup,2024,6,8267,Bronx,Pelham Bay Park,false,0.0425
hvfhv,184,pickup,2025,2,3284,Bronx,Pelham Bay Park,false,0.0425
hvfhv,184,pickup,2025,3,4058,Bronx,Pelham Bay Park,false,0.0425
hvfhv,184,pickup,2025,4,4255,Bronx,Pelham Bay Park,false,0.0425
hvfhv,184,pickup,2025,5,5603,Bronx,Pelham Bay Park,false,0.0425
hvfhv,184,pickup,2025,6,8061,Bronx,Pelham Bay Park,false,0.0425
hvfhv,185,dropoff,2024,2,57731,Bronx,Pelham Parkway,false,0.0414
hvfhv,185,dropoff,2024,3,63521,Bronx,Pelham Parkway,false,0.0414
hvfhv,185,dropoff,2024,4,60316,Bronx,Pelham Parkway,false,0.0414
hvfhv,185,dropoff,2024,5,61055,Bronx,Pelham Parkway,false,0.0414
hvfhv,185,dropoff,2024,6,58043,Bronx,Pelham Parkway,false,0.0414
hvfhv,185,dropoff,2025,2,60262,Bronx,Pelham Parkway,false,0.0414
hvfhv,185,dropoff,2025,3,64640,Bronx,Pelham Parkway,false,0.0414
hvfhv,185,dropoff,2025,4,61314,Bronx,Pelham Parkway,false,0.0414
hvfhv,185,dropoff,2025,5,64582,Bronx,Pelham Parkway,false,0.0414
hvfhv,185,dropoff,2025,6,60506,Bronx,Pelham Parkway,false,0.0414
hvfhv,185,pickup,2024,2,60153,Bronx,Pelham Parkway,false,0.0314
hvfhv,185,pickup,2024,3,66421,Bronx,Pelham Parkway,false,0.0314
hvfhv,185,pickup,2024,4,62057,Bronx,Pelham Parkway,false,0.0314
hvfhv,185,pickup,2024,5,62799,Bronx,Pelham Parkway,false,0.0314
hvfhv,185,pickup,2024,6,60288,Bronx,Pelham Parkway,false,0.0314
hvfhv,185,pickup,2025,2,63370,Bronx,Pelham Parkway,false,0.0314
hvfhv,185,pickup,2025,3,67535,Bronx,Pelham Parkway,false,0.0314
hvfhv,185,pickup,2025,4,63539,Bronx,Pelham Parkway,false,0.0314
hvfhv,185,pickup,2025,5,67421,Bronx,Pelham Parkway,false,0.0314
hvfhv,185,pickup,2025,6,63608,Bronx,Pelham Parkway,false,0.0314
hvfhv,186,dropoff,2024,2,153923,Manhattan,Penn Station/Madison Sq West,true,1.0
hvfhv,186,dropoff,2024,3,170767,Manhattan,Penn Station/Madison Sq West,true,1.0
hvfhv,186,dropoff,2024,4,157071,Manhattan,Penn Station/Madison Sq West,true,1.0
hvfhv,186,dropoff,2024,5,168416,Manhattan,Penn Station/Madison Sq West,true,1.0
hvfhv,186,dropoff,2024,6,164943,Manhattan,Penn Station/Madison Sq West,true,1.0
hvfhv,186,dropoff,2025,2,141867,Manhattan,Penn Station/Madison Sq West,true,1.0
hvfhv,186,dropoff,2025,3,151874,Manhattan,Penn Station/Madison Sq West,true,1.0
hvfhv,186,dropoff,2025,4,146064,Manhattan,Penn Station/Madison Sq West,true,1.0
hvfhv,186,dropoff,2025,5,149464,Manhattan,Penn Station/Madison Sq West,true,1.0
hvfhv,186,dropoff,2025,6,141124,Manhattan,Penn Station/Madison Sq West,true,1.0
hvfhv,186,pickup,2024,2,118221,Manhattan,Penn Station/Madison Sq West,true,1.0
hvfhv,186,pickup,2024,3,132176,Manhattan,Penn Station/Madison Sq West,true,1.0
hvfhv,186,pickup,2024,4,120753,Manhattan,Penn Station/Madison Sq West,true,1.0
hvfhv,186,pickup,2024,5,132704,Manhattan,Penn Station/Madison Sq West,true,1.0
hvfhv,186,pickup,2024,6,129028,Manhattan,Penn Station/Madison Sq West,true,1.0
hvfhv,186,pickup,2025,2,118213,Manhattan,Penn Station/Madison Sq West,true,1.0
hvfhv,186,pickup,2025,3,126902,Manhattan,Penn Station/Madison Sq West,true,1.0
hvfhv,186,pickup,2025,4,119859,Manhattan,Penn Station/Madison Sq West,true,1.0
hvfhv,186,pickup,2025,5,128842,Manhattan,Penn Station/Madison Sq West,true,1.0
hvfhv,186,pickup,2025,6,118812,Manhattan,Penn Station/Madison Sq West,true,1.0
hvfhv,187,dropoff,2024,2,12172,Staten Island,Port Richmond,false,0.019
hvfhv,187,dropoff,2024,3,13491,Staten Island,Port Richmond,false,0.019
hvfhv,187,dropoff,2024,4,11921,Staten Island,Port Richmond,false,0.019
hvfhv,187,dropoff,2024,5,12668,Staten Island,Port Richmond,false,0.019
hvfhv,187,dropoff,2024,6,12461,Staten Island,Port Richmond,false,0.019
hvfhv,187,dropoff,2025,2,12762,Staten Island,Port Richmond,false,0.019
hvfhv,187,dropoff,2025,3,13633,Staten Island,Port Richmond,false,0.019
hvfhv,187,dropoff,2025,4,12813,Staten Island,Port Richmond,false,0.019
hvfhv,187,dropoff,2025,5,14233,Staten Island,Port Richmond,false,0.019
hvfhv,187,dropoff,2025,6,13836,Staten Island,Port Richmond,false,0.019
hvfhv,187,pickup,2024,2,13564,Staten Island,Port Richmond,false,0.0136
hvfhv,187,pickup,2024,3,15096,Staten Island,Port Richmond,false,0.0136
hvfhv,187,pickup,2024,4,13332,Staten Island,Port Richmond,false,0.0136
hvfhv,187,pickup,2024,5,14677,Staten Island,Port Richmond,false,0.0136
hvfhv,187,pickup,2024,6,14381,Staten Island,Port Richmond,false,0.0136
hvfhv,187,pickup,2025,2,14466,Staten Island,Port Richmond,false,0.0136
hvfhv,187,pickup,2025,3,15517,Staten Island,Port Richmond,false,0.0136
hvfhv,187,pickup,2025,4,14536,Staten Island,Port Richmond,false,0.0136
hvfhv,187,pickup,2025,5,16213,Staten Island,Port Richmond,false,0.0136
hvfhv,187,pickup,2025,6,15666,Staten Island,Port Richmond,false,0.0136
hvfhv,188,dropoff,2024,2,149772,Brooklyn,Prospect-Lefferts Gardens,false,0.0728
hvfhv,188,dropoff,2024,3,169630,Brooklyn,Prospect-Lefferts Gardens,false,0.0728
hvfhv,188,dropoff,2024,4,151932,Brooklyn,Prospect-Lefferts Gardens,false,0.0728
hvfhv,188,dropoff,2024,5,158940,Brooklyn,Prospect-Lefferts Gardens,false,0.0728
hvfhv,188,dropoff,2024,6,159226,Brooklyn,Prospect-Lefferts Gardens,false,0.0728
hvfhv,188,dropoff,2025,2,152595,Brooklyn,Prospect-Lefferts Gardens,false,0.0728
hvfhv,188,dropoff,2025,3,159402,Brooklyn,Prospect-Lefferts Gardens,false,0.0728
hvfhv,188,dropoff,2025,4,151562,Brooklyn,Prospect-Lefferts Gardens,false,0.0728
hvfhv,188,dropoff,2025,5,162775,Brooklyn,Prospect-Lefferts Gardens,false,0.0728
hvfhv,188,dropoff,2025,6,158036,Brooklyn,Prospect-Lefferts Gardens,false,0.0728
hvfhv,188,pickup,2024,2,144152,Brooklyn,Prospect-Lefferts Gardens,false,0.0511
hvfhv,188,pickup,2024,3,163811,Brooklyn,Prospect-Lefferts Gardens,false,0.0511
hvfhv,188,pickup,2024,4,145307,Brooklyn,Prospect-Lefferts Gardens,false,0.0511
hvfhv,188,pickup,2024,5,152991,Brooklyn,Prospect-Lefferts Gardens,false,0.0511
hvfhv,188,pickup,2024,6,155372,Brooklyn,Prospect-Lefferts Gardens,false,0.0511
hvfhv,188,pickup,2025,2,146895,Brooklyn,Prospect-Lefferts Gardens,false,0.0511
hvfhv,188,pickup,2025,3,153185,Brooklyn,Prospect-Lefferts Gardens,false,0.0511
hvfhv,188,pickup,2025,4,146018,Brooklyn,Prospect-Lefferts Gardens,false,0.0511
hvfhv,188,pickup,2025,5,156526,Brooklyn,Prospect-Lefferts Gardens,false,0.0511
hvfhv,188,pickup,2025,6,152681,Brooklyn,Prospect-Lefferts Gardens,false,0.0511
hvfhv,189,dropoff,2024,2,72146,Brooklyn,Prospect Heights,false,0.1444
hvfhv,189,dropoff,2024,3,81780,Brooklyn,Prospect Heights,false,0.1444
hvfhv,189,dropoff,2024,4,72726,Brooklyn,Prospect Heights,false,0.1444
hvfhv,189,dropoff,2024,5,75594,Brooklyn,Prospect Heights,false,0.1444
hvfhv,189,dropoff,2024,6,72905,Brooklyn,Prospect Heights,false,0.1444
hvfhv,189,dropoff,2025,2,73605,Brooklyn,Prospect Heights,false,0.1444
hvfhv,189,dropoff,2025,3,76648,Brooklyn,Prospect Heights,false,0.1444
hvfhv,189,dropoff,2025,4,72993,Brooklyn,Prospect Heights,false,0.1444
hvfhv,189,dropoff,2025,5,78537,Brooklyn,Prospect Heights,false,0.1444
hvfhv,189,dropoff,2025,6,71798,Brooklyn,Prospect Heights,false,0.1444
hvfhv,189,pickup,2024,2,72901,Brooklyn,Prospect Heights,false,0.1108
hvfhv,189,pickup,2024,3,80288,Brooklyn,Prospect Heights,false,0.1108
hvfhv,189,pickup,2024,4,74273,Brooklyn,Prospect Heights,false,0.1108
hvfhv,189,pickup,2024,5,73647,Brooklyn,Prospect Heights,false,0.1108
hvfhv,189,pickup,2024,6,73249,Brooklyn,Prospect Heights,false,0.1108
hvfhv,189,pickup,2025,2,72940,Brooklyn,Prospect Heights,false,0.1108
hvfhv,189,pickup,2025,3,75965,Brooklyn,Prospect Heights,false,0.1108
hvfhv,189,pickup,2025,4,73511,Brooklyn,Prospect Heights,false,0.1108
hvfhv,189,pickup,2025,5,76962,Brooklyn,Prospect Heights,false,0.1108
hvfhv,189,pickup,2025,6,71427,Brooklyn,Prospect Heights,false,0.1108
hvfhv,190,dropoff,2024,2,14754,Brooklyn,Prospect Park,false,0.1102
hvfhv,190,dropoff,2024,3,17269,Brooklyn,Prospect Park,false,0.1102
hvfhv,190,dropoff,2024,4,20830,Brooklyn,Prospect Park,false,0.1102
hvfhv,190,dropoff,2024,5,18913,Brooklyn,Prospect Park,false,0.1102
hvfhv,190,dropoff,2024,6,22022,Brooklyn,Prospect Park,false,0.1102
hvfhv,190,dropoff,2025,2,12752,Brooklyn,Prospect Park,false,0.1102
hvfhv,190,dropoff,2025,3,14395,Brooklyn,Prospect Park,false,0.1102
hvfhv,190,dropoff,2025,4,19052,Brooklyn,Prospect Park,false,0.1102
hvfhv,190,dropoff,2025,5,18751,Brooklyn,Prospect Park,false,0.1102
hvfhv,190,dropoff,2025,6,17751,Brooklyn,Prospect Park,false,0.1102
hvfhv,190,pickup,2024,2,9804,Brooklyn,Prospect Park,false,0.0932
hvfhv,190,pickup,2024,3,11866,Brooklyn,Prospect Park,false,0.0932
hvfhv,190,pickup,2024,4,14851,Brooklyn,Prospect Park,false,0.0932
hvfhv,190,pickup,2024,5,13978,Brooklyn,Prospect Park,false,0.0932
hvfhv,190,pickup,2024,6,15853,Brooklyn,Prospect Park,false,0.0932
hvfhv,190,pickup,2025,2,8958,Brooklyn,Prospect Park,false,0.0932
hvfhv,190,pickup,2025,3,10460,Brooklyn,Prospect Park,false,0.0932
hvfhv,190,pickup,2025,4,14246,Brooklyn,Prospect Park,false,0.0932
hvfhv,190,pickup,2025,5,13882,Brooklyn,Prospect Park,false,0.0932
hvfhv,190,pickup,2025,6,13512,Brooklyn,Prospect Park,false,0.0932
hvfhv,191,dropoff,2024,2,42369,Queens,Queens Village,false,0.0226
hvfhv,191,dropoff,2024,3,47516,Queens,Queens Village,false,0.0226
hvfhv,191,dropoff,2024,4,43710,Queens,Queens Village,false,0.0226
hvfhv,191,dropoff,2024,5,46348,Queens,Queens Village,false,0.0226
hvfhv,191,dropoff,2024,6,46161,Queens,Queens Village,false,0.0226
hvfhv,191,dropoff,2025,2,44486,Queens,Queens Village,false,0.0226
hvfhv,191,dropoff,2025,3,49366,Queens,Queens Village,false,0.0226
hvfhv,191,dropoff,2025,4,47375,Queens,Queens Village,false,0.0226
hvfhv,191,dropoff,2025,5,50971,Queens,Queens Village,false,0.0226
hvfhv,191,dropoff,2025,6,49355,Queens,Queens Village,false,0.0226
hvfhv,191,pickup,2024,2,52028,Queens,Queens Village,false,0.0144
hvfhv,191,pickup,2024,3,58804,Queens,Queens Village,false,0.0144
hvfhv,191,pickup,2024,4,54137,Queens,Queens Village,false,0.0144
hvfhv,191,pickup,2024,5,57375,Queens,Queens Village,false,0.0144
hvfhv,191,pickup,2024,6,56981,Queens,Queens Village,false,0.0144
hvfhv,191,pickup,2025,2,56241,Queens,Queens Village,false,0.0144
hvfhv,191,pickup,2025,3,62365,Queens,Queens Village,false,0.0144
hvfhv,191,pickup,2025,4,60580,Queens,Queens Village,false,0.0144
hvfhv,191,pickup,2025,5,64313,Queens,Queens Village,false,0.0144
hvfhv,191,pickup,2025,6,61658,Queens,Queens Village,false,0.0144
hvfhv,192,dropoff,2024,2,23039,Queens,Queensboro Hill,false,0.0451
hvfhv,192,dropoff,2024,3,24584,Queens,Queensboro Hill,false,0.0451
hvfhv,192,dropoff,2024,4,23369,Queens,Queensboro Hill,false,0.0451
hvfhv,192,dropoff,2024,5,24626,Queens,Queensboro Hill,false,0.0451
hvfhv,192,dropoff,2024,6,24396,Queens,Queensboro Hill,false,0.0451
hvfhv,192,dropoff,2025,2,23584,Queens,Queensboro Hill,false,0.0451
hvfhv,192,dropoff,2025,3,25281,Queens,Queensboro Hill,false,0.0451
hvfhv,192,dropoff,2025,4,24051,Queens,Queensboro Hill,false,0.0451
hvfhv,192,dropoff,2025,5,26061,Queens,Queensboro Hill,false,0.0451
hvfhv,192,dropoff,2025,6,25920,Queens,Queensboro Hill,false,0.0451
hvfhv,192,pickup,2024,2,24120,Queens,Queensboro Hill,false,0.0352
hvfhv,192,pickup,2024,3,25659,Queens,Queensboro Hill,false,0.0352
hvfhv,192,pickup,2024,4,24105,Queens,Queensboro Hill,false,0.0352
hvfhv,192,pickup,2024,5,25707,Queens,Queensboro Hill,false,0.0352
hvfhv,192,pickup,2024,6,25334,Queens,Queensboro Hill,false,0.0352
hvfhv,192,pickup,2025,2,24950,Queens,Queensboro Hill,false,0.0352
hvfhv,192,pickup,2025,3,26387,Queens,Queensboro Hill,false,0.0352
hvfhv,192,pickup,2025,4,24840,Queens,Queensboro Hill,false,0.0352
hvfhv,192,pickup,2025,5,27732,Queens,Queensboro Hill,false,0.0352
hvfhv,192,pickup,2025,6,27192,Queens,Queensboro Hill,false,0.0352
hvfhv,193,dropoff,2024,2,25773,Queens,Queensbridge/Ravenswood,false,0.1051
hvfhv,193,dropoff,2024,3,30131,Queens,Queensbridge/Ravenswood,false,0.1051
hvfhv,193,dropoff,2024,4,26593,Queens,Queensbridge/Ravenswood,false,0.1051
hvfhv,193,dropoff,2024,5,29201,Queens,Queensbridge/Ravenswood,false,0.1051
hvfhv,193,dropoff,2024,6,29798,Queens,Queensbridge/Ravenswood,false,0.1051
hvfhv,193,dropoff,2025,2,27727,Queens,Queensbridge/Ravenswood,false,0.1051
hvfhv,193,dropoff,2025,3,31598,Queens,Queensbridge/Ravenswood,false,0.1051
hvfhv,193,dropoff,2025,4,30529,Queens,Queensbridge/Ravenswood,false,0.1051
hvfhv,193,dropoff,2025,5,35201,Queens,Queensbridge/Ravenswood,false,0.1051
hvfhv,193,dropoff,2025,6,34980,Queens,Queensbridge/Ravenswood,false,0.1051
hvfhv,193,pickup,2024,2,25911,Queens,Queensbridge/Ravenswood,false,0.1083
hvfhv,193,pickup,2024,3,30002,Queens,Queensbridge/Ravenswood,false,0.1083
hvfhv,193,pickup,2024,4,27059,Queens,Queensbridge/Ravenswood,false,0.1083
hvfhv,193,pickup,2024,5,28626,Queens,Queensbridge/Ravenswood,false,0.1083
hvfhv,193,pickup,2024,6,30156,Queens,Queensbridge/Ravenswood,false,0.1083
hvfhv,193,pickup,2025,2,27763,Queens,Queensbridge/Ravenswood,false,0.1083
hvfhv,193,pickup,2025,3,31837,Queens,Queensbridge/Ravenswood,false,0.1083
hvfhv,193,pickup,2025,4,30428,Queens,Queensbridge/Ravenswood,false,0.1083
hvfhv,193,pickup,2025,5,35137,Queens,Queensbridge/Ravenswood,false,0.1083
hvfhv,193,pickup,2025,6,35014,Queens,Queensbridge/Ravenswood,false,0.1083
hvfhv,194,dropoff,2024,2,4863,Manhattan,Randalls Island,false,0.1291
hvfhv,194,dropoff,2024,3,5915,Manhattan,Randalls Island,false,0.1291
hvfhv,194,dropoff,2024,4,9042,Manhattan,Randalls Island,false,0.1291
hvfhv,194,dropoff,2024,5,8863,Manhattan,Randalls Island,false,0.1291
hvfhv,194,dropoff,2024,6,9210,Manhattan,Randalls Island,false,0.1291
hvfhv,194,dropoff,2025,2,5867,Manhattan,Randalls Island,false,0.1291
hvfhv,194,dropoff,2025,3,10305,Manhattan,Randalls Island,false,0.1291
hvfhv,194,dropoff,2025,4,12261,Manhattan,Randalls Island,false,0.1291
hvfhv,194,dropoff,2025,5,9126,Manhattan,Randalls Island,false,0.1291
hvfhv,194,dropoff,2025,6,8021,Manhattan,Randalls Island,false,0.1291
hvfhv,194,pickup,2024,2,2111,Manhattan,Randalls Island,false,0.2039
hvfhv,194,pickup,2024,3,2522,Manhattan,Randalls Island,false,0.2039
hvfhv,194,pickup,2024,4,4202,Manhattan,Randalls Island,false,0.2039
hvfhv,194,pickup,2024,5,4021,Manhattan,Randalls Island,false,0.2039
hvfhv,194,pickup,2024,6,4372,Manhattan,Randalls Island,false,0.2039
hvfhv,194,pickup,2025,2,2792,Manhattan,Randalls Island,false,0.2039
hvfhv,194,pickup,2025,3,5761,Manhattan,Randalls Island,false,0.2039
hvfhv,194,pickup,2025,4,7156,Manhattan,Randalls Island,false,0.2039
hvfhv,194,pickup,2025,5,4730,Manhattan,Randalls Island,false,0.2039
hvfhv,194,pickup,2025,6,4201,Manhattan,Randalls Island,false,0.2039
hvfhv,195,dropoff,2024,2,33603,Brooklyn,Red Hook,false,0.1545
hvfhv,195,dropoff,2024,3,38087,Brooklyn,Red Hook,false,0.1545
hvfhv,195,dropoff,2024,4,35629,Brooklyn,Red Hook,false,0.1545
hvfhv,195,dropoff,2024,5,40628,Brooklyn,Red Hook,false,0.1545
hvfhv,195,dropoff,2024,6,41815,Brooklyn,Red Hook,false,0.1545
hvfhv,195,dropoff,2025,2,36346,Brooklyn,Red Hook,false,0.1545
hvfhv,195,dropoff,2025,3,40449,Brooklyn,Red Hook,false,0.1545
hvfhv,195,dropoff,2025,4,38547,Brooklyn,Red Hook,false,0.1545
hvfhv,195,dropoff,2025,5,49537,Brooklyn,Red Hook,false,0.1545
hvfhv,195,dropoff,2025,6,43785,Brooklyn,Red Hook,false,0.1545
hvfhv,195,pickup,2024,2,31813,Brooklyn,Red Hook,false,0.1668
hvfhv,195,pickup,2024,3,36698,Brooklyn,Red Hook,false,0.1668
hvfhv,195,pickup,2024,4,34860,Brooklyn,Red Hook,false,0.1668
hvfhv,195,pickup,2024,5,39245,Brooklyn,Red Hook,false,0.1668
hvfhv,195,pickup,2024,6,40903,Brooklyn,Red Hook,false,0.1668
hvfhv,195,pickup,2025,2,33852,Brooklyn,Red Hook,false,0.1668
hvfhv,195,pickup,2025,3,39045,Brooklyn,Red Hook,false,0.1668
hvfhv,195,pickup,2025,4,37607,Brooklyn,Red Hook,false,0.1668
hvfhv,195,pickup,2025,5,48065,Brooklyn,Red Hook,false,0.1668
hvfhv,195,pickup,2025,6,43146,Brooklyn,Red Hook,false,0.1668
hvfhv,196,dropoff,2024,2,43815,Queens,Rego Park,false,0.0777
hvfhv,196,dropoff,2024,3,47373,Queens,Rego Park,false,0.0777
hvfhv,196,dropoff,2024,4,43712,Queens,Rego Park,false,0.0777
hvfhv,196,dropoff,2024,5,46223,Queens,Rego Park,false,0.0777
hvfhv,196,dropoff,2024,6,45779,Queens,Rego Park,false,0.0777
hvfhv,196,dropoff,2025,2,47188,Queens,Rego Park,false,0.0777
hvfhv,196,dropoff,2025,3,48946,Queens,Rego Park,false,0.0777
hvfhv,196,dropoff,2025,4,47349,Queens,Rego Park,false,0.0777
hvfhv,196,dropoff,2025,5,51309,Queens,Rego Park,false,0.0777
hvfhv,196,dropoff,2025,6,50073,Queens,Rego Park,false,0.0777
hvfhv,196,pickup,2024,2,46791,Queens,Rego Park,false,0.0529
hvfhv,196,pickup,2024,3,50346,Queens,Rego Park,false,0.0529
hvfhv,196,pickup,2024,4,46915,Queens,Rego Park,false,0.0529
hvfhv,196,pickup,2024,5,49310,Queens,Rego Park,false,0.0529
hvfhv,196,pickup,2024,6,49674,Queens,Rego Park,false,0.0529
hvfhv,196,pickup,2025,2,49695,Queens,Rego Park,false,0.0529
hvfhv,196,pickup,2025,3,52010,Queens,Rego Park,false,0.0529
hvfhv,196,pickup,2025,4,50247,Queens,Rego Park,false,0.0529
hvfhv,196,pickup,2025,5,54829,Queens,Rego Park,false,0.0529
hvfhv,196,pickup,2025,6,53728,Queens,Rego Park,false,0.0529
hvfhv,197,dropoff,2024,2,73141,Queens,Richmond Hill,false,0.0256
hvfhv,197,dropoff,2024,3,82319,Queens,Richmond Hill,false,0.0256
hvfhv,197,dropoff,2024,4,77203,Queens,Richmond Hill,false,0.0256
hvfhv,197,dropoff,2024,5,81220,Queens,Richmond Hill,false,0.0256
hvfhv,197,dropoff,2024,6,78436,Queens,Richmond Hill,false,0.0256
hvfhv,197,dropoff,2025,2,77324,Queens,Richmond Hill,false,0.0256
hvfhv,197,dropoff,2025,3,83252,Queens,Richmond Hill,false,0.0256
hvfhv,197,dropoff,2025,4,80386,Queens,Richmond Hill,false,0.0256
hvfhv,197,dropoff,2025,5,86433,Queens,Richmond Hill,false,0.0256
hvfhv,197,dropoff,2025,6,82317,Queens,Richmond Hill,false,0.0256
hvfhv,197,pickup,2024,2,80441,Queens,Richmond Hill,false,0.0188
hvfhv,197,pickup,2024,3,90412,Queens,Richmond Hill,false,0.0188
hvfhv,197,pickup,2024,4,84835,Queens,Richmond Hill,false,0.0188
hvfhv,197,pickup,2024,5,89199,Queens,Richmond Hill,false,0.0188
hvfhv,197,pickup,2024,6,85870,Queens,Richmond Hill,false,0.0188
hvfhv,197,pickup,2025,2,83942,Queens,Richmond Hill,false,0.0188
hvfhv,197,pickup,2025,3,90495,Queens,Richmond Hill,false,0.0188
hvfhv,197,pickup,2025,4,87991,Queens,Richmond Hill,false,0.0188
hvfhv,197,pickup,2025,5,93644,Queens,Richmond Hill,false,0.0188
hvfhv,197,pickup,2025,6,89223,Queens,Richmond Hill,false,0.0188
hvfhv,198,dropoff,2024,2,121502,Queens,Ridgewood,false,0.0985
hvfhv,198,dropoff,2024,3,134277,Queens,Ridgewood,false,0.0985
hvfhv,198,dropoff,2024,4,123145,Queens,Ridgewood,false,0.0985
hvfhv,198,dropoff,2024,5,131502,Queens,Ridgewood,false,0.0985
hvfhv,198,dropoff,2024,6,129297,Queens,Ridgewood,false,0.0985
hvfhv,198,dropoff,2025,2,125533,Queens,Ridgewood,false,0.0985
hvfhv,198,dropoff,2025,3,130439,Queens,Ridgewood,false,0.0985
hvfhv,198,dropoff,2025,4,124130,Queens,Ridgewood,false,0.0985
hvfhv,198,dropoff,2025,5,138492,Queens,Ridgewood,false,0.0985
hvfhv,198,dropoff,2025,6,134029,Queens,Ridgewood,false,0.0985
hvfhv,198,pickup,2024,2,116616,Queens,Ridgewood,false,0.0668
hvfhv,198,pickup,2024,3,130100,Queens,Ridgewood,false,0.0668
hvfhv,198,pickup,2024,4,117396,Queens,Ridgewood,false,0.0668
hvfhv,198,pickup,2024,5,124818,Queens,Ridgewood,false,0.0668
hvfhv,198,pickup,2024,6,124599,Queens,Ridgewood,false,0.0668
hvfhv,198,pickup,2025,2,123324,Queens,Ridgewood,false,0.0668
hvfhv,198,pickup,2025,3,127590,Queens,Ridgewood,false,0.0668
hvfhv,198,pickup,2025,4,120588,Queens,Ridgewood,false,0.0668
hvfhv,198,pickup,2025,5,134626,Queens,Ridgewood,false,0.0668
hvfhv,198,pickup,2025,6,131044,Queens,Ridgewood,false,0.0668
hvfhv,199,dropoff,2024,2,1,Bronx,Rikers Island,false,0.0
hvfhv,199,dropoff,2024,3,1,Bronx,Rikers Island,false,0.0
hvfhv,199,dropoff,2024,4,1,Bronx,Rikers Island,false,0.0
hvfhv,199,dropoff,2025,2,1,Bronx,Rikers Island,false,0.0
hvfhv,199,pickup,2024,2,5,Bronx,Rikers Island,false,0.0645
hvfhv,199,pickup,2024,3,7,Bronx,Rikers Island,false,0.0645
hvfhv,199,pickup,2024,4,8,Bronx,Rikers Island,false,0.0645
hvfhv,199,pickup,2024,5,1,Bronx,Rikers Island,false,0.0645
hvfhv,199,pickup,2024,6,10,Bronx,Rikers Island,false,0.0645
hvfhv,199,pickup,2025,2,4,Bronx,Rikers Island,false,0.0645
hvfhv,199,pickup,2025,3,9,Bronx,Rikers Island,false,0.0645
hvfhv,199,pickup,2025,4,7,Bronx,Rikers Island,false,0.0645
hvfhv,199,pickup,2025,5,8,Bronx,Rikers Island,false,0.0645
hvfhv,199,pickup,2025,6,8,Bronx,Rikers Island,false,0.0645
hvfhv,200,dropoff,2024,2,37132,Bronx,Riverdale/North Riverdale/Fieldston,false,0.093
hvfhv,200,dropoff,2024,3,37780,Bronx,Riverdale/North Riverdale/Fieldston,false,0.093
hvfhv,200,dropoff,2024,4,38359,Bronx,Riverdale/North Riverdale/Fieldston,false,0.093
hvfhv,200,dropoff,2024,5,42320,Bronx,Riverdale/North Riverdale/Fieldston,false,0.093
hvfhv,200,dropoff,2024,6,36501,Bronx,Riverdale/North Riverdale/Fieldston,false,0.093
hvfhv,200,dropoff,2025,2,38063,Bronx,Riverdale/North Riverdale/Fieldston,false,0.093
hvfhv,200,dropoff,2025,3,39530,Bronx,Riverdale/North Riverdale/Fieldston,false,0.093
hvfhv,200,dropoff,2025,4,39705,Bronx,Riverdale/North Riverdale/Fieldston,false,0.093
hvfhv,200,dropoff,2025,5,43810,Bronx,Riverdale/North Riverdale/Fieldston,false,0.093
hvfhv,200,dropoff,2025,6,38616,Bronx,Riverdale/North Riverdale/Fieldston,false,0.093
hvfhv,200,pickup,2024,2,39052,Bronx,Riverdale/North Riverdale/Fieldston,false,0.0819
hvfhv,200,pickup,2024,3,40215,Bronx,Riverdale/North Riverdale/Fieldston,false,0.0819
hvfhv,200,pickup,2024,4,40317,Bronx,Riverdale/North Riverdale/Fieldston,false,0.0819
hvfhv,200,pickup,2024,5,44061,Bronx,Riverdale/North Riverdale/Fieldston,false,0.0819
hvfhv,200,pickup,2024,6,37827,Bronx,Riverdale/North Riverdale/Fieldston,false,0.0819
hvfhv,200,pickup,2025,2,40033,Bronx,Riverdale/North Riverdale/Fieldston,false,0.0819
hvfhv,200,pickup,2025,3,42102,Bronx,Riverdale/North Riverdale/Fieldston,false,0.0819
hvfhv,200,pickup,2025,4,42832,Bronx,Riverdale/North Riverdale/Fieldston,false,0.0819
hvfhv,200,pickup,2025,5,46701,Bronx,Riverdale/North Riverdale/Fieldston,false,0.0819
hvfhv,200,pickup,2025,6,41331,Bronx,Riverdale/North Riverdale/Fieldston,false,0.0819
hvfhv,201,dropoff,2024,2,10643,Queens,Rockaway Park,false,0.0534
hvfhv,201,dropoff,2024,3,13660,Queens,Rockaway Park,false,0.0534
hvfhv,201,dropoff,2024,4,11391,Queens,Rockaway Park,false,0.0534
hvfhv,201,dropoff,2024,5,14565,Queens,Rockaway Park,false,0.0534
hvfhv,201,dropoff,2024,6,17957,Queens,Rockaway Park,false,0.0534
hvfhv,201,dropoff,2025,2,10800,Queens,Rockaway Park,false,0.0534
hvfhv,201,dropoff,2025,3,13076,Queens,Rockaway Park,false,0.0534
hvfhv,201,dropoff,2025,4,11363,Queens,Rockaway Park,false,0.0534
hvfhv,201,dropoff,2025,5,14662,Queens,Rockaway Park,false,0.0534
hvfhv,201,dropoff,2025,6,17094,Queens,Rockaway Park,false,0.0534
hvfhv,201,pickup,2024,2,9946,Queens,Rockaway Park,false,0.0267
hvfhv,201,pickup,2024,3,12935,Queens,Rockaway Park,false,0.0267
hvfhv,201,pickup,2024,4,10894,Queens,Rockaway Park,false,0.0267
hvfhv,201,pickup,2024,5,14149,Queens,Rockaway Park,false,0.0267
hvfhv,201,pickup,2024,6,18285,Queens,Rockaway Park,false,0.0267
hvfhv,201,pickup,2025,2,10220,Queens,Rockaway Park,false,0.0267
hvfhv,201,pickup,2025,3,12831,Queens,Rockaway Park,false,0.0267
hvfhv,201,pickup,2025,4,11151,Queens,Rockaway Park,false,0.0267
hvfhv,201,pickup,2025,5,14363,Queens,Rockaway Park,false,0.0267
hvfhv,201,pickup,2025,6,17553,Queens,Rockaway Park,false,0.0267
hvfhv,202,dropoff,2024,2,16424,Manhattan,Roosevelt Island,false,0.2491
hvfhv,202,dropoff,2024,3,18801,Manhattan,Roosevelt Island,false,0.2491
hvfhv,202,dropoff,2024,4,14913,Manhattan,Roosevelt Island,false,0.2491
hvfhv,202,dropoff,2024,5,16477,Manhattan,Roosevelt Island,false,0.2491
hvfhv,202,dropoff,2024,6,15849,Manhattan,Roosevelt Island,false,0.2491
hvfhv,202,dropoff,2025,2,13901,Manhattan,Roosevelt Island,false,0.2491
hvfhv,202,dropoff,2025,3,14911,Manhattan,Roosevelt Island,false,0.2491
hvfhv,202,dropoff,2025,4,14759,Manhattan,Roosevelt Island,false,0.2491
hvfhv,202,dropoff,2025,5,16348,Manhattan,Roosevelt Island,false,0.2491
hvfhv,202,dropoff,2025,6,15167,Manhattan,Roosevelt Island,false,0.2491
hvfhv,202,pickup,2024,2,13890,Manhattan,Roosevelt Island,false,0.1958
hvfhv,202,pickup,2024,3,15578,Manhattan,Roosevelt Island,false,0.1958
hvfhv,202,pickup,2024,4,13111,Manhattan,Roosevelt Island,false,0.1958
hvfhv,202,pickup,2024,5,14052,Manhattan,Roosevelt Island,false,0.1958
hvfhv,202,pickup,2024,6,14072,Manhattan,Roosevelt Island,false,0.1958
hvfhv,202,pickup,2025,2,12567,Manhattan,Roosevelt Island,false,0.1958
hvfhv,202,pickup,2025,3,13443,Manhattan,Roosevelt Island,false,0.1958
hvfhv,202,pickup,2025,4,13026,Manhattan,Roosevelt Island,false,0.1958
hvfhv,202,pickup,2025,5,14636,Manhattan,Roosevelt Island,false,0.1958
hvfhv,202,pickup,2025,6,13955,Manhattan,Roosevelt Island,false,0.1958
hvfhv,203,dropoff,2024,2,26921,Queens,Rosedale,false,0.0142
hvfhv,203,dropoff,2024,3,29881,Queens,Rosedale,false,0.0142
hvfhv,203,dropoff,2024,4,27496,Queens,Rosedale,false,0.0142
hvfhv,203,dropoff,2024,5,28952,Queens,Rosedale,false,0.0142
hvfhv,203,dropoff,2024,6,27914,Queens,Rosedale,false,0.0142
hvfhv,203,dropoff,2025,2,27159,Queens,Rosedale,false,0.0142
hvfhv,203,dropoff,2025,3,30304,Queens,Rosedale,false,0.0142
hvfhv,203,dropoff,2025,4,28527,Queens,Rosedale,false,0.0142
hvfhv,203,dropoff,2025,5,31434,Queens,Rosedale,false,0.0142
hvfhv,203,dropoff,2025,6,30637,Queens,Rosedale,false,0.0142
hvfhv,203,pickup,2024,2,35673,Queens,Rosedale,false,0.0076
hvfhv,203,pickup,2024,3,39431,Queens,Rosedale,false,0.0076
hvfhv,203,pickup,2024,4,36735,Queens,Rosedale,false,0.0076
hvfhv,203,pickup,2024,5,38330,Queens,Rosedale,false,0.0076
hvfhv,203,pickup,2024,6,37935,Queens,Rosedale,false,0.0076
hvfhv,203,pickup,2025,2,38096,Queens,Rosedale,false,0.0076
hvfhv,203,pickup,2025,3,41799,Queens,Rosedale,false,0.0076
hvfhv,203,pickup,2025,4,39679,Queens,Rosedale,false,0.0076
hvfhv,203,pickup,2025,5,43099,Queens,Rosedale,false,0.0076
hvfhv,203,pickup,2025,6,42088,Queens,Rosedale,false,0.0076
hvfhv,204,dropoff,2024,2,4155,Staten Island,Rossville/Woodrow,false,0.0554
hvfhv,204,dropoff,2024,3,4932,Staten Island,Rossville/Woodrow,false,0.0554
hvfhv,204,dropoff,2024,4,4501,Staten Island,Rossville/Woodrow,false,0.0554
hvfhv,204,dropoff,2024,5,4998,Staten Island,Rossville/Woodrow,false,0.0554
hvfhv,204,dropoff,2024,6,5223,Staten Island,Rossville/Woodrow,false,0.0554
hvfhv,204,dropoff,2025,2,4644,Staten Island,Rossville/Woodrow,false,0.0554
hvfhv,204,dropoff,2025,3,5293,Staten Island,Rossville/Woodrow,false,0.0554
hvfhv,204,dropoff,2025,4,5024,Staten Island,Rossville/Woodrow,false,0.0554
hvfhv,204,dropoff,2025,5,5572,Staten Island,Rossville/Woodrow,false,0.0554
hvfhv,204,dropoff,2025,6,5531,Staten Island,Rossville/Woodrow,false,0.0554
hvfhv,204,pickup,2024,2,4500,Staten Island,Rossville/Woodrow,false,0.0246
hvfhv,204,pickup,2024,3,5219,Staten Island,Rossville/Woodrow,false,0.0246
hvfhv,204,pickup,2024,4,4890,Staten Island,Rossville/Woodrow,false,0.0246
hvfhv,204,pickup,2024,5,5292,Staten Island,Rossville/Woodrow,false,0.0246
hvfhv,204,pickup,2024,6,5471,Staten Island,Rossville/Woodrow,false,0.0246
hvfhv,204,pickup,2025,2,4982,Staten Island,Rossville/Woodrow,false,0.0246
hvfhv,204,pickup,2025,3,5572,Staten Island,Rossville/Woodrow,false,0.0246
hvfhv,204,pickup,2025,4,5171,Staten Island,Rossville/Woodrow,false,0.0246
hvfhv,204,pickup,2025,5,5701,Staten Island,Rossville/Woodrow,false,0.0246
hvfhv,204,pickup,2025,6,5868,Staten Island,Rossville/Woodrow,false,0.0246
hvfhv,205,dropoff,2024,2,64748,Queens,Saint Albans,false,0.0152
hvfhv,205,dropoff,2024,3,73556,Queens,Saint Albans,false,0.0152
hvfhv,205,dropoff,2024,4,68641,Queens,Saint Albans,false,0.0152
hvfhv,205,dropoff,2024,5,72326,Queens,Saint Albans,false,0.0152
hvfhv,205,dropoff,2024,6,72254,Queens,Saint Albans,false,0.0152
hvfhv,205,dropoff,2025,2,69234,Queens,Saint Albans,false,0.0152
hvfhv,205,dropoff,2025,3,76862,Queens,Saint Albans,false,0.0152
hvfhv,205,dropoff,2025,4,73159,Queens,Saint Albans,false,0.0152
hvfhv,205,dropoff,2025,5,77920,Queens,Saint Albans,false,0.0152
hvfhv,205,dropoff,2025,6,75760,Queens,Saint Albans,false,0.0152
hvfhv,205,pickup,2024,2,74988,Queens,Saint Albans,false,0.0105
hvfhv,205,pickup,2024,3,85932,Queens,Saint Albans,false,0.0105
hvfhv,205,pickup,2024,4,80075,Queens,Saint Albans,false,0.0105
hvfhv,205,pickup,2024,5,84521,Queens,Saint Albans,false,0.0105
hvfhv,205,pickup,2024,6,84618,Queens,Saint Albans,false,0.0105
hvfhv,205,pickup,2025,2,80670,Queens,Saint Albans,false,0.0105
hvfhv,205,pickup,2025,3,89564,Queens,Saint Albans,false,0.0105
hvfhv,205,pickup,2025,4,85193,Queens,Saint Albans,false,0.0105
hvfhv,205,pickup,2025,5,91309,Queens,Saint Albans,false,0.0105
hvfhv,205,pickup,2025,6,88072,Queens,Saint Albans,false,0.0105
hvfhv,206,dropoff,2024,2,41672,Staten Island,Saint George/New Brighton,false,0.017
hvfhv,206,dropoff,2024,3,47158,Staten Island,Saint George/New Brighton,false,0.017
hvfhv,206,dropoff,2024,4,41956,Staten Island,Saint George/New Brighton,false,0.017
hvfhv,206,dropoff,2024,5,44517,Staten Island,Saint George/New Brighton,false,0.017
hvfhv,206,dropoff,2024,6,42945,Staten Island,Saint George/New Brighton,false,0.017
hvfhv,206,dropoff,2025,2,41754,Staten Island,Saint George/New Brighton,false,0.017
hvfhv,206,dropoff,2025,3,45441,Staten Island,Saint George/New Brighton,false,0.017
hvfhv,206,dropoff,2025,4,43393,Staten Island,Saint George/New Brighton,false,0.017
hvfhv,206,dropoff,2025,5,46978,Staten Island,Saint George/New Brighton,false,0.017
hvfhv,206,dropoff,2025,6,46148,Staten Island,Saint George/New Brighton,false,0.017
hvfhv,206,pickup,2024,2,39255,Staten Island,Saint George/New Brighton,false,0.0127
hvfhv,206,pickup,2024,3,44232,Staten Island,Saint George/New Brighton,false,0.0127
hvfhv,206,pickup,2024,4,39789,Staten Island,Saint George/New Brighton,false,0.0127
hvfhv,206,pickup,2024,5,42119,Staten Island,Saint George/New Brighton,false,0.0127
hvfhv,206,pickup,2024,6,40278,Staten Island,Saint George/New Brighton,false,0.0127
hvfhv,206,pickup,2025,2,39450,Staten Island,Saint George/New Brighton,false,0.0127
hvfhv,206,pickup,2025,3,43372,Staten Island,Saint George/New Brighton,false,0.0127
hvfhv,206,pickup,2025,4,40977,Staten Island,Saint George/New Brighton,false,0.0127
hvfhv,206,pickup,2025,5,44446,Staten Island,Saint George/New Brighton,false,0.0127
hvfhv,206,pickup,2025,6,43465,Staten Island,Saint George/New Brighton,false,0.0127
hvfhv,207,dropoff,2024,2,3176,Queens,Saint Michaels Cemetery/Woodside,false,0.0143
hvfhv,207,dropoff,2024,3,3464,Queens,Saint Michaels Cemetery/Woodside,false,0.0143
hvfhv,207,dropoff,2024,4,3253,Queens,Saint Michaels Cemetery/Woodside,false,0.0143
hvfhv,207,dropoff,2024,5,3649,Queens,Saint Michaels Cemetery/Woodside,false,0.0143
hvfhv,207,dropoff,2024,6,3776,Queens,Saint Michaels Cemetery/Woodside,false,0.0143
hvfhv,207,dropoff,2025,2,3465,Queens,Saint Michaels Cemetery/Woodside,false,0.0143
hvfhv,207,dropoff,2025,3,3723,Queens,Saint Michaels Cemetery/Woodside,false,0.0143
hvfhv,207,dropoff,2025,4,3672,Queens,Saint Michaels Cemetery/Woodside,false,0.0143
hvfhv,207,dropoff,2025,5,3976,Queens,Saint Michaels Cemetery/Woodside,false,0.0143
hvfhv,207,dropoff,2025,6,4040,Queens,Saint Michaels Cemetery/Woodside,false,0.0143
hvfhv,207,pickup,2024,2,2789,Queens,Saint Michaels Cemetery/Woodside,false,0.0145
hvfhv,207,pickup,2024,3,3076,Queens,Saint Michaels Cemetery/Woodside,false,0.0145
hvfhv,207,pickup,2024,4,2937,Queens,Saint Michaels Cemetery/Woodside,false,0.0145
hvfhv,207,pickup,2024,5,3209,Queens,Saint Michaels Cemetery/Woodside,false,0.0145
hvfhv,207,pickup,2024,6,3459,Queens,Saint Michaels Cemetery/Woodside,false,0.0145
hvfhv,207,pickup,2025,2,3076,Queens,Saint Michaels Cemetery/Woodside,false,0.0145
hvfhv,207,pickup,2025,3,3304,Queens,Saint Michaels Cemetery/Woodside,false,0.0145
hvfhv,207,pickup,2025,4,3272,Queens,Saint Michaels Cemetery/Woodside,false,0.0145
hvfhv,207,pickup,2025,5,3567,Queens,Saint Michaels Cemetery/Woodside,false,0.0145
hvfhv,207,pickup,2025,6,3635,Queens,Saint Michaels Cemetery/Woodside,false,0.0145
hvfhv,208,dropoff,2024,2,60375,Bronx,Schuylerville/Edgewater Park,false,0.0416
hvfhv,208,dropoff,2024,3,68531,Bronx,Schuylerville/Edgewater Park,false,0.0416
hvfhv,208,dropoff,2024,4,63014,Bronx,Schuylerville/Edgewater Park,false,0.0416
hvfhv,208,dropoff,2024,5,68247,Bronx,Schuylerville/Edgewater Park,false,0.0416
hvfhv,208,dropoff,2024,6,66699,Bronx,Schuylerville/Edgewater Park,false,0.0416
hvfhv,208,dropoff,2025,2,60556,Bronx,Schuylerville/Edgewater Park,false,0.0416
hvfhv,208,dropoff,2025,3,68423,Bronx,Schuylerville/Edgewater Park,false,0.0416
hvfhv,208,dropoff,2025,4,63906,Bronx,Schuylerville/Edgewater Park,false,0.0416
hvfhv,208,dropoff,2025,5,70110,Bronx,Schuylerville/Edgewater Park,false,0.0416
hvfhv,208,dropoff,2025,6,66490,Bronx,Schuylerville/Edgewater Park,false,0.0416
hvfhv,208,pickup,2024,2,61383,Bronx,Schuylerville/Edgewater Park,false,0.0324
hvfhv,208,pickup,2024,3,69107,Bronx,Schuylerville/Edgewater Park,false,0.0324
hvfhv,208,pickup,2024,4,63519,Bronx,Schuylerville/Edgewater Park,false,0.0324
hvfhv,208,pickup,2024,5,66891,Bronx,Schuylerville/Edgewater Park,false,0.0324
hvfhv,208,pickup,2024,6,65863,Bronx,Schuylerville/Edgewater Park,false,0.0324
hvfhv,208,pickup,2025,2,61562,Bronx,Schuylerville/Edgewater Park,false,0.0324
hvfhv,208,pickup,2025,3,69458,Bronx,Schuylerville/Edgewater Park,false,0.0324
hvfhv,208,pickup,2025,4,64438,Bronx,Schuylerville/Edgewater Park,false,0.0324
hvfhv,208,pickup,2025,5,70906,Bronx,Schuylerville/Edgewater Park,false,0.0324
hvfhv,208,pickup,2025,6,68178,Bronx,Schuylerville/Edgewater Park,false,0.0324
hvfhv,209,dropoff,2024,2,40743,Manhattan,Seaport,true,1.0
hvfhv,209,dropoff,2024,3,44016,Manhattan,Seaport,true,1.0
hvfhv,209,dropoff,2024,4,41556,Manhattan,Seaport,true,1.0
hvfhv,209,dropoff,2024,5,42769,Manhattan,Seaport,true,1.0
hvfhv,209,dropoff,2024,6,41598,Manhattan,Seaport,true,1.0
hvfhv,209,dropoff,2025,2,36251,Manhattan,Seaport,true,1.0
hvfhv,209,dropoff,2025,3,36882,Manhattan,Seaport,true,1.0
hvfhv,209,dropoff,2025,4,37441,Manhattan,Seaport,true,1.0
hvfhv,209,dropoff,2025,5,40375,Manhattan,Seaport,true,1.0
hvfhv,209,dropoff,2025,6,37083,Manhattan,Seaport,true,1.0
hvfhv,209,pickup,2024,2,44702,Manhattan,Seaport,true,1.0
hvfhv,209,pickup,2024,3,49362,Manhattan,Seaport,true,1.0
hvfhv,209,pickup,2024,4,46094,Manhattan,Seaport,true,1.0
hvfhv,209,pickup,2024,5,48390,Manhattan,Seaport,true,1.0
hvfhv,209,pickup,2024,6,47611,Manhattan,Seaport,true,1.0
hvfhv,209,pickup,2025,2,39943,Manhattan,Seaport,true,1.0
hvfhv,209,pickup,2025,3,41973,Manhattan,Seaport,true,1.0
hvfhv,209,pickup,2025,4,41935,Manhattan,Seaport,true,1.0
hvfhv,209,pickup,2025,5,46301,Manhattan,Seaport,true,1.0
hvfhv,209,pickup,2025,6,42108,Manhattan,Seaport,true,1.0
hvfhv,210,dropoff,2024,2,57919,Brooklyn,Sheepshead Bay,false,0.0316
hvfhv,210,dropoff,2024,3,65036,Brooklyn,Sheepshead Bay,false,0.0316
hvfhv,210,dropoff,2024,4,58692,Brooklyn,Sheepshead Bay,false,0.0316
hvfhv,210,dropoff,2024,5,61466,Brooklyn,Sheepshead Bay,false,0.0316
hvfhv,210,dropoff,2024,6,60167,Brooklyn,Sheepshead Bay,false,0.0316
hvfhv,210,dropoff,2025,2,60484,Brooklyn,Sheepshead Bay,false,0.0316
hvfhv,210,dropoff,2025,3,64933,Brooklyn,Sheepshead Bay,false,0.0316
hvfhv,210,dropoff,2025,4,62051,Brooklyn,Sheepshead Bay,false,0.0316
hvfhv,210,dropoff,2025,5,67796,Brooklyn,Sheepshead Bay,false,0.0316
hvfhv,210,dropoff,2025,6,62771,Brooklyn,Sheepshead Bay,false,0.0316
hvfhv,210,pickup,2024,2,58350,Brooklyn,Sheepshead Bay,false,0.0218
hvfhv,210,pickup,2024,3,65947,Brooklyn,Sheepshead Bay,false,0.0218
hvfhv,210,pickup,2024,4,59973,Brooklyn,Sheepshead Bay,false,0.0218
hvfhv,210,pickup,2024,5,61704,Brooklyn,Sheepshead Bay,false,0.0218
hvfhv,210,pickup,2024,6,60847,Brooklyn,Sheepshead Bay,false,0.0218
hvfhv,210,pickup,2025,2,61383,Brooklyn,Sheepshead Bay,false,0.0218
hvfhv,210,pickup,2025,3,65971,Brooklyn,Sheepshead Bay,false,0.0218
hvfhv,210,pickup,2025,4,62555,Brooklyn,Sheepshead Bay,false,0.0218
hvfhv,210,pickup,2025,5,68930,Brooklyn,Sheepshead Bay,false,0.0218
hvfhv,210,pickup,2025,6,64170,Brooklyn,Sheepshead Bay,false,0.0218
hvfhv,211,dropoff,2024,2,107900,Manhattan,SoHo,true,1.0
hvfhv,211,dropoff,2024,3,110562,Manhattan,SoHo,true,1.0
hvfhv,211,dropoff,2024,4,103074,Manhattan,SoHo,true,1.0
hvfhv,211,dropoff,2024,5,107233,Manhattan,SoHo,true,1.0
hvfhv,211,dropoff,2024,6,101025,Manhattan,SoHo,true,1.0
hvfhv,211,dropoff,2025,2,104683,Manhattan,SoHo,true,1.0
hvfhv,211,dropoff,2025,3,100388,Manhattan,SoHo,true,1.0
hvfhv,211,dropoff,2025,4,100224,Manhattan,SoHo,true,1.0
hvfhv,211,dropoff,2025,5,102546,Manhattan,SoHo,true,1.0
hvfhv,211,dropoff,2025,6,92228,Manhattan,SoHo,true,1.0
hvfhv,211,pickup,2024,2,117738,Manhattan,SoHo,true,1.0
hvfhv,211,pickup,2024,3,122092,Manhattan,SoHo,true,1.0
hvfhv,211,pickup,2024,4,113427,Manhattan,SoHo,true,1.0
hvfhv,211,pickup,2024,5,119357,Manhattan,SoHo,true,1.0
hvfhv,211,pickup,2024,6,111157,Manhattan,SoHo,true,1.0
hvfhv,211,pickup,2025,2,114197,Manhattan,SoHo,true,1.0
hvfhv,211,pickup,2025,3,110763,Manhattan,SoHo,true,1.0
hvfhv,211,pickup,2025,4,111603,Manhattan,SoHo,true,1.0
hvfhv,211,pickup,2025,5,114113,Manhattan,SoHo,true,1.0
hvfhv,211,pickup,2025,6,103940,Manhattan,SoHo,true,1.0
hvfhv,212,dropoff,2024,2,46614,Bronx,Soundview/Bruckner,false,0.0377
hvfhv,212,dropoff,2024,3,51654,Bronx,Soundview/Bruckner,false,0.0377
hvfhv,212,dropoff,2024,4,47209,Bronx,Soundview/Bruckner,false,0.0377
hvfhv,212,dropoff,2024,5,48521,Bronx,Soundview/Bruckner,false,0.0377
hvfhv,212,dropoff,2024,6,48346,Bronx,Soundview/Bruckner,false,0.0377
hvfhv,212,dropoff,2025,2,48456,Bronx,Soundview/Bruckner,false,0.0377
hvfhv,212,dropoff,2025,3,53835,Bronx,Soundview/Bruckner,false,0.0377
hvfhv,212,dropoff,2025,4,50176,Bronx,Soundview/Bruckner,false,0.0377
hvfhv,212,dropoff,2025,5,51397,Bronx,Soundview/Bruckner,false,0.0377
hvfhv,212,dropoff,2025,6,48587,Bronx,Soundview/Bruckner,false,0.0377
hvfhv,212,pickup,2024,2,49905,Bronx,Soundview/Bruckner,false,0.0351
hvfhv,212,pickup,2024,3,56388,Bronx,Soundview/Bruckner,false,0.0351
hvfhv,212,pickup,2024,4,50420,Bronx,Soundview/Bruckner,false,0.0351
hvfhv,212,pickup,2024,5,51996,Bronx,Soundview/Bruckner,false,0.0351
hvfhv,212,pickup,2024,6,50956,Bronx,Soundview/Bruckner,false,0.0351
hvfhv,212,pickup,2025,2,52230,Bronx,Soundview/Bruckner,false,0.0351
hvfhv,212,pickup,2025,3,57189,Bronx,Soundview/Bruckner,false,0.0351
hvfhv,212,pickup,2025,4,52836,Bronx,Soundview/Bruckner,false,0.0351
hvfhv,212,pickup,2025,5,55695,Bronx,Soundview/Bruckner,false,0.0351
hvfhv,212,pickup,2025,6,52767,Bronx,Soundview/Bruckner,false,0.0351
hvfhv,213,dropoff,2024,2,88339,Bronx,Soundview/Castle Hill,false,0.0307
hvfhv,213,dropoff,2024,3,99569,Bronx,Soundview/Castle Hill,false,0.0307
hvfhv,213,dropoff,2024,4,89885,Bronx,Soundview/Castle Hill,false,0.0307
hvfhv,213,dropoff,2024,5,93817,Bronx,Soundview/Castle Hill,false,0.0307
hvfhv,213,dropoff,2024,6,91900,Bronx,Soundview/Castle Hill,false,0.0307
hvfhv,213,dropoff,2025,2,91943,Bronx,Soundview/Castle Hill,false,0.0307
hvfhv,213,dropoff,2025,3,100723,Bronx,Soundview/Castle Hill,false,0.0307
hvfhv,213,dropoff,2025,4,93598,Bronx,Soundview/Castle Hill,false,0.0307
hvfhv,213,dropoff,2025,5,97910,Bronx,Soundview/Castle Hill,false,0.0307
hvfhv,213,dropoff,2025,6,93763,Bronx,Soundview/Castle Hill,false,0.0307
hvfhv,213,pickup,2024,2,91446,Bronx,Soundview/Castle Hill,false,0.0285
hvfhv,213,pickup,2024,3,102389,Bronx,Soundview/Castle Hill,false,0.0285
hvfhv,213,pickup,2024,4,92546,Bronx,Soundview/Castle Hill,false,0.0285
hvfhv,213,pickup,2024,5,95758,Bronx,Soundview/Castle Hill,false,0.0285
hvfhv,213,pickup,2024,6,93684,Bronx,Soundview/Castle Hill,false,0.0285
hvfhv,213,pickup,2025,2,94481,Bronx,Soundview/Castle Hill,false,0.0285
hvfhv,213,pickup,2025,3,103097,Bronx,Soundview/Castle Hill,false,0.0285
hvfhv,213,pickup,2025,4,95992,Bronx,Soundview/Castle Hill,false,0.0285
hvfhv,213,pickup,2025,5,100250,Bronx,Soundview/Castle Hill,false,0.0285
hvfhv,213,pickup,2025,6,96581,Bronx,Soundview/Castle Hill,false,0.0285
hvfhv,214,dropoff,2024,2,15969,Staten Island,South Beach/Dongan Hills,false,0.0341
hvfhv,214,dropoff,2024,3,17541,Staten Island,South Beach/Dongan Hills,false,0.0341
hvfhv,214,dropoff,2024,4,15941,Staten Island,South Beach/Dongan Hills,false,0.0341
hvfhv,214,dropoff,2024,5,16745,Staten Island,South Beach/Dongan Hills,false,0.0341
hvfhv,214,dropoff,2024,6,16270,Staten Island,South Beach/Dongan Hills,false,0.0341
hvfhv,214,dropoff,2025,2,16794,Staten Island,South Beach/Dongan Hills,false,0.0341
hvfhv,214,dropoff,2025,3,18013,Staten Island,South Beach/Dongan Hills,false,0.0341
hvfhv,214,dropoff,2025,4,17133,Staten Island,South Beach/Dongan Hills,false,0.0341
hvfhv,214,dropoff,2025,5,18166,Staten Island,South Beach/Dongan Hills,false,0.0341
hvfhv,214,dropoff,2025,6,17476,Staten Island,South Beach/Dongan Hills,false,0.0341
hvfhv,214,pickup,2024,2,16017,Staten Island,South Beach/Dongan Hills,false,0.0254
hvfhv,214,pickup,2024,3,17306,Staten Island,South Beach/Dongan Hills,false,0.0254
hvfhv,214,pickup,2024,4,15838,Staten Island,South Beach/Dongan Hills,false,0.0254
hvfhv,214,pickup,2024,5,16742,Staten Island,South Beach/Dongan Hills,false,0.0254
hvfhv,214,pickup,2024,6,16188,Staten Island,South Beach/Dongan Hills,false,0.0254
hvfhv,214,pickup,2025,2,16976,Staten Island,South Beach/Dongan Hills,false,0.0254
hvfhv,214,pickup,2025,3,17832,Staten Island,South Beach/Dongan Hills,false,0.0254
hvfhv,214,pickup,2025,4,16989,Staten Island,South Beach/Dongan Hills,false,0.0254
hvfhv,214,pickup,2025,5,17790,Staten Island,South Beach/Dongan Hills,false,0.0254
hvfhv,214,pickup,2025,6,17274,Staten Island,South Beach/Dongan Hills,false,0.0254
hvfhv,215,dropoff,2024,2,49437,Queens,South Jamaica,false,0.0151
hvfhv,215,dropoff,2024,3,56346,Queens,South Jamaica,false,0.0151
hvfhv,215,dropoff,2024,4,51441,Queens,South Jamaica,false,0.0151
hvfhv,215,dropoff,2024,5,52898,Queens,South Jamaica,false,0.0151
hvfhv,215,dropoff,2024,6,51671,Queens,South Jamaica,false,0.0151
hvfhv,215,dropoff,2025,2,50362,Queens,South Jamaica,false,0.0151
hvfhv,215,dropoff,2025,3,55207,Queens,South Jamaica,false,0.0151
hvfhv,215,dropoff,2025,4,52867,Queens,South Jamaica,false,0.0151
hvfhv,215,dropoff,2025,5,56263,Queens,South Jamaica,false,0.0151
hvfhv,215,dropoff,2025,6,53601,Queens,South Jamaica,false,0.0151
hvfhv,215,pickup,2024,2,59701,Queens,South Jamaica,false,0.0112
hvfhv,215,pickup,2024,3,67376,Queens,South Jamaica,false,0.0112
hvfhv,215,pickup,2024,4,62018,Queens,South Jamaica,false,0.0112
hvfhv,215,pickup,2024,5,64664,Queens,South Jamaica,false,0.0112
hvfhv,215,pickup,2024,6,62869,Queens,South Jamaica,false,0.0112
hvfhv,215,pickup,2025,2,60251,Queens,South Jamaica,false,0.0112
hvfhv,215,pickup,2025,3,66497,Queens,South Jamaica,false,0.0112
hvfhv,215,pickup,2025,4,64033,Queens,South Jamaica,false,0.0112
hvfhv,215,pickup,2025,5,67574,Queens,South Jamaica,false,0.0112
hvfhv,215,pickup,2025,6,64156,Queens,South Jamaica,false,0.0112
hvfhv,216,dropoff,2024,2,95680,Queens,South Ozone Park,false,0.021
hvfhv,216,dropoff,2024,3,108301,Queens,South Ozone Park,false,0.021
hvfhv,216,dropoff,2024,4,104557,Queens,South Ozone Park,false,0.021
hvfhv,216,dropoff,2024,5,111581,Queens,South Ozone Park,false,0.021
hvfhv,216,dropoff,2024,6,109626,Queens,South Ozone Park,false,0.021
hvfhv,216,dropoff,2025,2,102615,Queens,South Ozone Park,false,0.021
hvfhv,216,dropoff,2025,3,111162,Queens,South Ozone Park,false,0.021
hvfhv,216,dropoff,2025,4,108840,Queens,South Ozone Park,false,0.021
hvfhv,216,dropoff,2025,5,119353,Queens,South Ozone Park,false,0.021
hvfhv,216,dropoff,2025,6,114069,Queens,South Ozone Park,false,0.021
hvfhv,216,pickup,2024,2,118620,Queens,South Ozone Park,false,0.0146
hvfhv,216,pickup,2024,3,132862,Queens,South Ozone Park,false,0.0146
hvfhv,216,pickup,2024,4,127769,Queens,South Ozone Park,false,0.0146
hvfhv,216,pickup,2024,5,134140,Queens,South Ozone Park,false,0.0146
hvfhv,216,pickup,2024,6,130175,Queens,South Ozone Park,false,0.0146
hvfhv,216,pickup,2025,2,123324,Queens,South Ozone Park,false,0.0146
hvfhv,216,pickup,2025,3,136282,Queens,South Ozone Park,false,0.0146
hvfhv,216,pickup,2025,4,134590,Queens,South Ozone Park,false,0.0146
hvfhv,216,pickup,2025,5,146008,Queens,South Ozone Park,false,0.0146
hvfhv,216,pickup,2025,6,141213,Queens,South Ozone Park,false,0.0146
hvfhv,217,dropoff,2024,2,37431,Brooklyn,South Williamsburg,false,0.0715
hvfhv,217,dropoff,2024,3,40973,Brooklyn,South Williamsburg,false,0.0715
hvfhv,217,dropoff,2024,4,32808,Brooklyn,South Williamsburg,false,0.0715
hvfhv,217,dropoff,2024,5,35447,Brooklyn,South Williamsburg,false,0.0715
hvfhv,217,dropoff,2024,6,33616,Brooklyn,South Williamsburg,false,0.0715
hvfhv,217,dropoff,2025,2,41082,Brooklyn,South Williamsburg,false,0.0715
hvfhv,217,dropoff,2025,3,41662,Brooklyn,South Williamsburg,false,0.0715
hvfhv,217,dropoff,2025,4,32203,Brooklyn,South Williamsburg,false,0.0715
hvfhv,217,dropoff,2025,5,35858,Brooklyn,South Williamsburg,false,0.0715
hvfhv,217,dropoff,2025,6,36390,Brooklyn,South Williamsburg,false,0.0715
hvfhv,217,pickup,2024,2,34840,Brooklyn,South Williamsburg,false,0.0606
hvfhv,217,pickup,2024,3,39083,Brooklyn,South Williamsburg,false,0.0606
hvfhv,217,pickup,2024,4,31600,Brooklyn,South Williamsburg,false,0.0606
hvfhv,217,pickup,2024,5,32323,Brooklyn,South Williamsburg,false,0.0606
hvfhv,217,pickup,2024,6,32592,Brooklyn,South Williamsburg,false,0.0606
hvfhv,217,pickup,2025,2,38763,Brooklyn,South Williamsburg,false,0.0606
hvfhv,217,pickup,2025,3,38733,Brooklyn,South Williamsburg,false,0.0606
hvfhv,217,pickup,2025,4,30700,Brooklyn,South Williamsburg,false,0.0606
hvfhv,217,pickup,2025,5,34170,Brooklyn,South Williamsburg,false,0.0606
hvfhv,217,pickup,2025,6,35322,Brooklyn,South Williamsburg,false,0.0606
hvfhv,218,dropoff,2024,2,31473,Queens,Springfield Gardens North,false,0.0151
hvfhv,218,dropoff,2024,3,35501,Queens,Springfield Gardens North,false,0.0151
hvfhv,218,dropoff,2024,4,32559,Queens,Springfield Gardens North,false,0.0151
hvfhv,218,dropoff,2024,5,34245,Queens,Springfield Gardens North,false,0.0151
hvfhv,218,dropoff,2024,6,34121,Queens,Springfield Gardens North,false,0.0151
hvfhv,218,dropoff,2025,2,33432,Queens,Springfield Gardens North,false,0.0151
hvfhv,218,dropoff,2025,3,36605,Queens,Springfield Gardens North,false,0.0151
hvfhv,218,dropoff,2025,4,34787,Queens,Springfield Gardens North,false,0.0151
hvfhv,218,dropoff,2025,5,37180,Queens,Springfield Gardens North,false,0.0151
hvfhv,218,dropoff,2025,6,35795,Queens,Springfield Gardens North,false,0.0151
hvfhv,218,pickup,2024,2,40948,Queens,Springfield Gardens North,false,0.0104
hvfhv,218,pickup,2024,3,45878,Queens,Springfield Gardens North,false,0.0104
hvfhv,218,pickup,2024,4,42175,Queens,Springfield Gardens North,false,0.0104
hvfhv,218,pickup,2024,5,44364,Queens,Springfield Gardens North,false,0.0104
hvfhv,218,pickup,2024,6,43898,Queens,Springfield Gardens North,false,0.0104
hvfhv,218,pickup,2025,2,40750,Queens,Springfield Gardens North,false,0.0104
hvfhv,218,pickup,2025,3,44611,Queens,Springfield Gardens North,false,0.0104
hvfhv,218,pickup,2025,4,42518,Queens,Springfield Gardens North,false,0.0104
hvfhv,218,pickup,2025,5,45676,Queens,Springfield Gardens North,false,0.0104
hvfhv,218,pickup,2025,6,44673,Queens,Springfield Gardens North,false,0.0104
hvfhv,219,dropoff,2024,2,27489,Queens,Springfield Gardens South,false,0.0165
hvfhv,219,dropoff,2024,3,31086,Queens,Springfield Gardens South,false,0.0165
hvfhv,219,dropoff,2024,4,29392,Queens,Springfield Gardens South,false,0.0165
hvfhv,219,dropoff,2024,5,30487,Queens,Springfield Gardens South,false,0.0165
hvfhv,219,dropoff,2024,6,30249,Queens,Springfield Gardens South,false,0.0165
hvfhv,219,dropoff,2025,2,29948,Queens,Springfield Gardens South,false,0.0165
hvfhv,219,dropoff,2025,3,33032,Queens,Springfield Gardens South,false,0.0165
hvfhv,219,dropoff,2025,4,31396,Queens,Springfield Gardens South,false,0.0165
hvfhv,219,dropoff,2025,5,33600,Queens,Springfield Gardens South,false,0.0165
hvfhv,219,dropoff,2025,6,32077,Queens,Springfield Gardens South,false,0.0165
hvfhv,219,pickup,2024,2,34920,Queens,Springfield Gardens South,false,0.0108
hvfhv,219,pickup,2024,3,38813,Queens,Springfield Gardens South,false,0.0108
hvfhv,219,pickup,2024,4,36585,Queens,Springfield Gardens South,false,0.0108
hvfhv,219,pickup,2024,5,38243,Queens,Springfield Gardens South,false,0.0108
hvfhv,219,pickup,2024,6,37909,Queens,Springfield Gardens South,false,0.0108
hvfhv,219,pickup,2025,2,36026,Queens,Springfield Gardens South,false,0.0108
hvfhv,219,pickup,2025,3,40244,Queens,Springfield Gardens South,false,0.0108
hvfhv,219,pickup,2025,4,38349,Queens,Springfield Gardens South,false,0.0108
hvfhv,219,pickup,2025,5,41639,Queens,Springfield Gardens South,false,0.0108
hvfhv,219,pickup,2025,6,40364,Queens,Springfield Gardens South,false,0.0108
hvfhv,220,dropoff,2024,2,60313,Bronx,Spuyten Duyvil/Kingsbridge,false,0.0654
hvfhv,220,dropoff,2024,3,65300,Bronx,Spuyten Duyvil/Kingsbridge,false,0.0654
hvfhv,220,dropoff,2024,4,61222,Bronx,Spuyten Duyvil/Kingsbridge,false,0.0654
hvfhv,220,dropoff,2024,5,64485,Bronx,Spuyten Duyvil/Kingsbridge,false,0.0654
hvfhv,220,dropoff,2024,6,60683,Bronx,Spuyten Duyvil/Kingsbridge,false,0.0654
hvfhv,220,dropoff,2025,2,62506,Bronx,Spuyten Duyvil/Kingsbridge,false,0.0654
hvfhv,220,dropoff,2025,3,67663,Bronx,Spuyten Duyvil/Kingsbridge,false,0.0654
hvfhv,220,dropoff,2025,4,64308,Bronx,Spuyten Duyvil/Kingsbridge,false,0.0654
hvfhv,220,dropoff,2025,5,68917,Bronx,Spuyten Duyvil/Kingsbridge,false,0.0654
hvfhv,220,dropoff,2025,6,64365,Bronx,Spuyten Duyvil/Kingsbridge,false,0.0654
hvfhv,220,pickup,2024,2,66494,Bronx,Spuyten Duyvil/Kingsbridge,false,0.0504
hvfhv,220,pickup,2024,3,72151,Bronx,Spuyten Duyvil/Kingsbridge,false,0.0504
hvfhv,220,pickup,2024,4,68135,Bronx,Spuyten Duyvil/Kingsbridge,false,0.0504
hvfhv,220,pickup,2024,5,70730,Bronx,Spuyten Duyvil/Kingsbridge,false,0.0504
hvfhv,220,pickup,2024,6,67465,Bronx,Spuyten Duyvil/Kingsbridge,false,0.0504
hvfhv,220,pickup,2025,2,68694,Bronx,Spuyten Duyvil/Kingsbridge,false,0.0504
hvfhv,220,pickup,2025,3,74427,Bronx,Spuyten Duyvil/Kingsbridge,false,0.0504
hvfhv,220,pickup,2025,4,71086,Bronx,Spuyten Duyvil/Kingsbridge,false,0.0504
hvfhv,220,pickup,2025,5,78406,Bronx,Spuyten Duyvil/Kingsbridge,false,0.0504
hvfhv,220,pickup,2025,6,72010,Bronx,Spuyten Duyvil/Kingsbridge,false,0.0504
hvfhv,221,dropoff,2024,2,22535,Staten Island,Stapleton,false,0.0316
hvfhv,221,dropoff,2024,3,25640,Staten Island,Stapleton,false,0.0316
hvfhv,221,dropoff,2024,4,22409,Staten Island,Stapleton,false,0.0316
hvfhv,221,dropoff,2024,5,23265,Staten Island,Stapleton,false,0.0316
hvfhv,221,dropoff,2024,6,22246,Staten Island,Stapleton,false,0.0316
hvfhv,221,dropoff,2025,2,23525,Staten Island,Stapleton,false,0.0316
hvfhv,221,dropoff,2025,3,25180,Staten Island,Stapleton,false,0.0316
hvfhv,221,dropoff,2025,4,23385,Staten Island,Stapleton,false,0.0316
hvfhv,221,dropoff,2025,5,25558,Staten Island,Stapleton,false,0.0316
hvfhv,221,dropoff,2025,6,23763,Staten Island,Stapleton,false,0.0316
hvfhv,221,pickup,2024,2,26874,Staten Island,Stapleton,false,0.0203
hvfhv,221,pickup,2024,3,30606,Staten Island,Stapleton,false,0.0203
hvfhv,221,pickup,2024,4,26663,Staten Island,Stapleton,false,0.0203
hvfhv,221,pickup,2024,5,28007,Staten Island,Stapleton,false,0.0203
hvfhv,221,pickup,2024,6,26766,Staten Island,Stapleton,false,0.0203
hvfhv,221,pickup,2025,2,28074,Staten Island,Stapleton,false,0.0203
hvfhv,221,pickup,2025,3,30318,Staten Island,Stapleton,false,0.0203
hvfhv,221,pickup,2025,4,28460,Staten Island,Stapleton,false,0.0203
hvfhv,221,pickup,2025,5,31241,Staten Island,Stapleton,false,0.0203
hvfhv,221,pickup,2025,6,28837,Staten Island,Stapleton,false,0.0203
hvfhv,222,dropoff,2024,2,21637,Brooklyn,Starrett City,false,0.0227
hvfhv,222,dropoff,2024,3,24556,Brooklyn,Starrett City,false,0.0227
hvfhv,222,dropoff,2024,4,21808,Brooklyn,Starrett City,false,0.0227
hvfhv,222,dropoff,2024,5,22998,Brooklyn,Starrett City,false,0.0227
hvfhv,222,dropoff,2024,6,22888,Brooklyn,Starrett City,false,0.0227
hvfhv,222,dropoff,2025,2,22393,Brooklyn,Starrett City,false,0.0227
hvfhv,222,dropoff,2025,3,24891,Brooklyn,Starrett City,false,0.0227
hvfhv,222,dropoff,2025,4,23495,Brooklyn,Starrett City,false,0.0227
hvfhv,222,dropoff,2025,5,25135,Brooklyn,Starrett City,false,0.0227
hvfhv,222,dropoff,2025,6,24215,Brooklyn,Starrett City,false,0.0227
hvfhv,222,pickup,2024,2,23148,Brooklyn,Starrett City,false,0.0151
hvfhv,222,pickup,2024,3,26314,Brooklyn,Starrett City,false,0.0151
hvfhv,222,pickup,2024,4,23590,Brooklyn,Starrett City,false,0.0151
hvfhv,222,pickup,2024,5,24312,Brooklyn,Starrett City,false,0.0151
hvfhv,222,pickup,2024,6,24000,Brooklyn,Starrett City,false,0.0151
hvfhv,222,pickup,2025,2,23596,Brooklyn,Starrett City,false,0.0151
hvfhv,222,pickup,2025,3,26020,Brooklyn,Starrett City,false,0.0151
hvfhv,222,pickup,2025,4,24649,Brooklyn,Starrett City,false,0.0151
hvfhv,222,pickup,2025,5,25904,Brooklyn,Starrett City,false,0.0151
hvfhv,222,pickup,2025,6,25049,Brooklyn,Starrett City,false,0.0151
hvfhv,223,dropoff,2024,2,95696,Queens,Steinway,false,0.1087
hvfhv,223,dropoff,2024,3,109010,Queens,Steinway,false,0.1087
hvfhv,223,dropoff,2024,4,99645,Queens,Steinway,false,0.1087
hvfhv,223,dropoff,2024,5,103180,Queens,Steinway,false,0.1087
hvfhv,223,dropoff,2024,6,104593,Queens,Steinway,false,0.1087
hvfhv,223,dropoff,2025,2,96956,Queens,Steinway,false,0.1087
hvfhv,223,dropoff,2025,3,105414,Queens,Steinway,false,0.1087
hvfhv,223,dropoff,2025,4,99530,Queens,Steinway,false,0.1087
hvfhv,223,dropoff,2025,5,110988,Queens,Steinway,false,0.1087
hvfhv,223,dropoff,2025,6,104802,Queens,Steinway,false,0.1087
hvfhv,223,pickup,2024,2,90977,Queens,Steinway,false,0.0812
hvfhv,223,pickup,2024,3,102587,Queens,Steinway,false,0.0812
hvfhv,223,pickup,2024,4,95268,Queens,Steinway,false,0.0812
hvfhv,223,pickup,2024,5,99264,Queens,Steinway,false,0.0812
hvfhv,223,pickup,2024,6,100024,Queens,Steinway,false,0.0812
hvfhv,223,pickup,2025,2,93642,Queens,Steinway,false,0.0812
hvfhv,223,pickup,2025,3,100298,Queens,Steinway,false,0.0812
hvfhv,223,pickup,2025,4,95037,Queens,Steinway,false,0.0812
hvfhv,223,pickup,2025,5,106058,Queens,Steinway,false,0.0812
hvfhv,223,pickup,2025,6,101024,Queens,Steinway,false,0.0812
hvfhv,224,dropoff,2024,2,36951,Manhattan,Stuy Town/Peter Cooper Village,true,1.0
hvfhv,224,dropoff,2024,3,39501,Manhattan,Stuy Town/Peter Cooper Village,true,1.0
hvfhv,224,dropoff,2024,4,36158,Manhattan,Stuy Town/Peter Cooper Village,true,1.0
hvfhv,224,dropoff,2024,5,37877,Manhattan,Stuy Town/Peter Cooper Village,true,1.0
hvfhv,224,dropoff,2024,6,36612,Manhattan,Stuy Town/Peter Cooper Village,true,1.0
hvfhv,224,dropoff,2025,2,33146,Manhattan,Stuy Town/Peter Cooper Village,true,1.0
hvfhv,224,dropoff,2025,3,32658,Manhattan,Stuy Town/Peter Cooper Village,true,1.0
hvfhv,224,dropoff,2025,4,32885,Manhattan,Stuy Town/Peter Cooper Village,true,1.0
hvfhv,224,dropoff,2025,5,34270,Manhattan,Stuy Town/Peter Cooper Village,true,1.0
hvfhv,224,dropoff,2025,6,30534,Manhattan,Stuy Town/Peter Cooper Village,true,1.0
hvfhv,224,pickup,2024,2,44857,Manhattan,Stuy Town/Peter Cooper Village,true,1.0
hvfhv,224,pickup,2024,3,48554,Manhattan,Stuy Town/Peter Cooper Village,true,1.0
hvfhv,224,pickup,2024,4,45154,Manhattan,Stuy Town/Peter Cooper Village,true,1.0
hvfhv,224,pickup,2024,5,46773,Manhattan,Stuy Town/Peter Cooper Village,true,1.0
hvfhv,224,pickup,2024,6,45392,Manhattan,Stuy Town/Peter Cooper Village,true,1.0
hvfhv,224,pickup,2025,2,39923,Manhattan,Stuy Town/Peter Cooper Village,true,1.0
hvfhv,224,pickup,2025,3,40711,Manhattan,Stuy Town/Peter Cooper Village,true,1.0
hvfhv,224,pickup,2025,4,41060,Manhattan,Stuy Town/Peter Cooper Village,true,1.0
hvfhv,224,pickup,2025,5,41973,Manhattan,Stuy Town/Peter Cooper Village,true,1.0
hvfhv,224,pickup,2025,6,38112,Manhattan,Stuy Town/Peter Cooper Village,true,1.0
hvfhv,225,dropoff,2024,2,165217,Brooklyn,Stuyvesant Heights,false,0.112
hvfhv,225,dropoff,2024,3,183516,Brooklyn,Stuyvesant Heights,false,0.112
hvfhv,225,dropoff,2024,4,163133,Brooklyn,Stuyvesant Heights,false,0.112
hvfhv,225,dropoff,2024,5,174134,Brooklyn,Stuyvesant Heights,false,0.112
hvfhv,225,dropoff,2024,6,173990,Brooklyn,Stuyvesant Heights,false,0.112
hvfhv,225,dropoff,2025,2,162229,Brooklyn,Stuyvesant Heights,false,0.112
hvfhv,225,dropoff,2025,3,171891,Brooklyn,Stuyvesant Heights,false,0.112
hvfhv,225,dropoff,2025,4,163547,Brooklyn,Stuyvesant Heights,false,0.112
hvfhv,225,dropoff,2025,5,176712,Brooklyn,Stuyvesant Heights,false,0.112
hvfhv,225,dropoff,2025,6,166419,Brooklyn,Stuyvesant Heights,false,0.112
hvfhv,225,pickup,2024,2,155988,Brooklyn,Stuyvesant Heights,false,0.0768
hvfhv,225,pickup,2024,3,175092,Brooklyn,Stuyvesant Heights,false,0.0768
hvfhv,225,pickup,2024,4,155316,Brooklyn,Stuyvesant Heights,false,0.0768
hvfhv,225,pickup,2024,5,164957,Brooklyn,Stuyvesant Heights,false,0.0768
hvfhv,225,pickup,2024,6,165600,Brooklyn,Stuyvesant Heights,false,0.0768
hvfhv,225,pickup,2025,2,154188,Brooklyn,Stuyvesant Heights,false,0.0768
hvfhv,225,pickup,2025,3,164045,Brooklyn,Stuyvesant Heights,false,0.0768
hvfhv,225,pickup,2025,4,155321,Brooklyn,Stuyvesant Heights,false,0.0768
hvfhv,225,pickup,2025,5,166797,Brooklyn,Stuyvesant Heights,false,0.0768
hvfhv,225,pickup,2025,6,158893,Brooklyn,Stuyvesant Heights,false,0.0768
hvfhv,226,dropoff,2024,2,113418,Queens,Sunnyside,false,0.125
hvfhv,226,dropoff,2024,3,132090,Queens,Sunnyside,false,0.125
hvfhv,226,dropoff,2024,4,119626,Queens,Sunnyside,false,0.125
hvfhv,226,dropoff,2024,5,122084,Queens,Sunnyside,false,0.125
hvfhv,226,dropoff,2024,6,118520,Queens,Sunnyside,false,0.125
hvfhv,226,dropoff,2025,2,120973,Queens,Sunnyside,false,0.125
hvfhv,226,dropoff,2025,3,128571,Queens,Sunnyside,false,0.125
hvfhv,226,dropoff,2025,4,121858,Queens,Sunnyside,false,0.125
hvfhv,226,dropoff,2025,5,131482,Queens,Sunnyside,false,0.125
hvfhv,226,dropoff,2025,6,128920,Queens,Sunnyside,false,0.125
hvfhv,226,pickup,2024,2,111951,Queens,Sunnyside,false,0.1128
hvfhv,226,pickup,2024,3,130107,Queens,Sunnyside,false,0.1128
hvfhv,226,pickup,2024,4,117470,Queens,Sunnyside,false,0.1128
hvfhv,226,pickup,2024,5,119974,Queens,Sunnyside,false,0.1128
hvfhv,226,pickup,2024,6,116011,Queens,Sunnyside,false,0.1128
hvfhv,226,pickup,2025,2,116433,Queens,Sunnyside,false,0.1128
hvfhv,226,pickup,2025,3,123633,Queens,Sunnyside,false,0.1128
hvfhv,226,pickup,2025,4,118808,Queens,Sunnyside,false,0.1128
hvfhv,226,pickup,2025,5,127725,Queens,Sunnyside,false,0.1128
hvfhv,226,pickup,2025,6,126220,Queens,Sunnyside,false,0.1128
hvfhv,227,dropoff,2024,2,48210,Brooklyn,Sunset Park East,false,0.0675
hvfhv,227,dropoff,2024,3,52638,Brooklyn,Sunset Park East,false,0.0675
hvfhv,227,dropoff,2024,4,49410,Brooklyn,Sunset Park East,false,0.0675
hvfhv,227,dropoff,2024,5,51146,Brooklyn,Sunset Park East,false,0.0675
hvfhv,227,dropoff,2024,6,49739,Brooklyn,Sunset Park East,false,0.0675
hvfhv,227,dropoff,2025,2,51181,Brooklyn,Sunset Park East,false,0.0675
hvfhv,227,dropoff,2025,3,52945,Brooklyn,Sunset Park East,false,0.0675
hvfhv,227,dropoff,2025,4,50510,Brooklyn,Sunset Park East,false,0.0675
hvfhv,227,dropoff,2025,5,55374,Brooklyn,Sunset Park East,false,0.0675
hvfhv,227,dropoff,2025,6,56101,Brooklyn,Sunset Park East,false,0.0675
hvfhv,227,pickup,2024,2,45716,Brooklyn,Sunset Park East,false,0.0507
hvfhv,227,pickup,2024,3,48891,Brooklyn,Sunset Park East,false,0.0507
hvfhv,227,pickup,2024,4,45286,Brooklyn,Sunset Park East,false,0.0507
hvfhv,227,pickup,2024,5,47487,Brooklyn,Sunset Park East,false,0.0507
hvfhv,227,pickup,2024,6,46800,Brooklyn,Sunset Park East,false,0.0507
hvfhv,227,pickup,2025,2,48929,Brooklyn,Sunset Park East,false,0.0507
hvfhv,227,pickup,2025,3,50592,Brooklyn,Sunset Park East,false,0.0507
hvfhv,227,pickup,2025,4,47402,Brooklyn,Sunset Park East,false,0.0507
hvfhv,227,pickup,2025,5,51820,Brooklyn,Sunset Park East,false,0.0507
hvfhv,227,pickup,2025,6,51972,Brooklyn,Sunset Park East,false,0.0507
hvfhv,228,dropoff,2024,2,98006,Brooklyn,Sunset Park West,false,0.0931
hvfhv,228,dropoff,2024,3,103585,Brooklyn,Sunset Park West,false,0.0931
hvfhv,228,dropoff,2024,4,99331,Brooklyn,Sunset Park West,false,0.0931
hvfhv,228,dropoff,2024,5,101990,Brooklyn,Sunset Park West,false,0.0931
hvfhv,228,dropoff,2024,6,104018,Brooklyn,Sunset Park West,false,0.0931
hvfhv,228,dropoff,2025,2,100184,Brooklyn,Sunset Park West,false,0.0931
hvfhv,228,dropoff,2025,3,103945,Brooklyn,Sunset Park West,false,0.0931
hvfhv,228,dropoff,2025,4,99581,Brooklyn,Sunset Park West,false,0.0931
hvfhv,228,dropoff,2025,5,110675,Brooklyn,Sunset Park West,false,0.0931
hvfhv,228,dropoff,2025,6,112297,Brooklyn,Sunset Park West,false,0.0931
hvfhv,228,pickup,2024,2,93851,Brooklyn,Sunset Park West,false,0.0797
hvfhv,228,pickup,2024,3,97015,Brooklyn,Sunset Park West,false,0.0797
hvfhv,228,pickup,2024,4,93055,Brooklyn,Sunset Park West,false,0.0797
hvfhv,228,pickup,2024,5,96827,Brooklyn,Sunset Park West,false,0.0797
hvfhv,228,pickup,2024,6,100466,Brooklyn,Sunset Park West,false,0.0797
hvfhv,228,pickup,2025,2,97585,Brooklyn,Sunset Park West,false,0.0797
hvfhv,228,pickup,2025,3,98266,Brooklyn,Sunset Park West,false,0.0797
hvfhv,228,pickup,2025,4,94076,Brooklyn,Sunset Park West,false,0.0797
hvfhv,228,pickup,2025,5,107227,Brooklyn,Sunset Park West,false,0.0797
hvfhv,228,pickup,2025,6,111072,Brooklyn,Sunset Park West,false,0.0797
hvfhv,229,dropoff,2024,2,95613,Manhattan,Sutton Place/Turtle Bay North,true,1.0
hvfhv,229,dropoff,2024,3,102164,Manhattan,Sutton Place/Turtle Bay North,true,1.0
hvfhv,229,dropoff,2024,4,93386,Manhattan,Sutton Place/Turtle Bay North,true,1.0
hvfhv,229,dropoff,2024,5,97293,Manhattan,Sutton Place/Turtle Bay North,true,1.0
hvfhv,229,dropoff,2024,6,91572,Manhattan,Sutton Place/Turtle Bay North,true,1.0
hvfhv,229,dropoff,2025,2,87149,Manhattan,Sutton Place/Turtle Bay North,true,1.0
hvfhv,229,dropoff,2025,3,87926,Manhattan,Sutton Place/Turtle Bay North,true,1.0
hvfhv,229,dropoff,2025,4,86795,Manhattan,Sutton Place/Turtle Bay North,true,1.0
hvfhv,229,dropoff,2025,5,89004,Manhattan,Sutton Place/Turtle Bay North,true,1.0
hvfhv,229,dropoff,2025,6,79727,Manhattan,Sutton Place/Turtle Bay North,true,1.0
hvfhv,229,pickup,2024,2,118031,Manhattan,Sutton Place/Turtle Bay North,true,1.0
hvfhv,229,pickup,2024,3,127310,Manhattan,Sutton Place/Turtle Bay North,true,1.0
hvfhv,229,pickup,2024,4,117995,Manhattan,Sutton Place/Turtle Bay North,true,1.0
hvfhv,229,pickup,2024,5,126501,Manhattan,Sutton Place/Turtle Bay North,true,1.0
hvfhv,229,pickup,2024,6,118345,Manhattan,Sutton Place/Turtle Bay North,true,1.0
hvfhv,229,pickup,2025,2,112186,Manhattan,Sutton Place/Turtle Bay North,true,1.0
hvfhv,229,pickup,2025,3,114150,Manhattan,Sutton Place/Turtle Bay North,true,1.0
hvfhv,229,pickup,2025,4,113711,Manhattan,Sutton Place/Turtle Bay North,true,1.0
hvfhv,229,pickup,2025,5,117980,Manhattan,Sutton Place/Turtle Bay North,true,1.0
hvfhv,229,pickup,2025,6,105585,Manhattan,Sutton Place/Turtle Bay North,true,1.0
hvfhv,230,dropoff,2024,2,199834,Manhattan,Times Sq/Theatre District,true,1.0
hvfhv,230,dropoff,2024,3,224930,Manhattan,Times Sq/Theatre District,true,1.0
hvfhv,230,dropoff,2024,4,212243,Manhattan,Times Sq/Theatre District,true,1.0
hvfhv,230,dropoff,2024,5,222447,Manhattan,Times Sq/Theatre District,true,1.0
hvfhv,230,dropoff,2024,6,218344,Manhattan,Times Sq/Theatre District,true,1.0
hvfhv,230,dropoff,2025,2,194741,Manhattan,Times Sq/Theatre District,true,1.0
hvfhv,230,dropoff,2025,3,208322,Manhattan,Times Sq/Theatre District,true,1.0
hvfhv,230,dropoff,2025,4,199165,Manhattan,Times Sq/Theatre District,true,1.0
hvfhv,230,dropoff,2025,5,211268,Manhattan,Times Sq/Theatre District,true,1.0
hvfhv,230,dropoff,2025,6,201931,Manhattan,Times Sq/Theatre District,true,1.0
hvfhv,230,pickup,2024,2,233038,Manhattan,Times Sq/Theatre District,true,1.0
hvfhv,230,pickup,2024,3,259229,Manhattan,Times Sq/Theatre District,true,1.0
hvfhv,230,pickup,2024,4,241839,Manhattan,Times Sq/Theatre District,true,1.0
hvfhv,230,pickup,2024,5,255112,Manhattan,Times Sq/Theatre District,true,1.0
hvfhv,230,pickup,2024,6,247854,Manhattan,Times Sq/Theatre District,true,1.0
hvfhv,230,pickup,2025,2,229661,Manhattan,Times Sq/Theatre District,true,1.0
hvfhv,230,pickup,2025,3,247138,Manhattan,Times Sq/Theatre District,true,1.0
hvfhv,230,pickup,2025,4,228729,Manhattan,Times Sq/Theatre District,true,1.0
hvfhv,230,pickup,2025,5,246782,Manhattan,Times Sq/Theatre District,true,1.0
hvfhv,230,pickup,2025,6,234445,Manhattan,Times Sq/Theatre District,true,1.0
hvfhv,231,dropoff,2024,2,197377,Manhattan,TriBeCa/Civic Center,true,1.0
hvfhv,231,dropoff,2024,3,201687,Manhattan,TriBeCa/Civic Center,true,1.0
hvfhv,231,dropoff,2024,4,198653,Manhattan,TriBeCa/Civic Center,true,1.0
hvfhv,231,dropoff,2024,5,202849,Manhattan,TriBeCa/Civic Center,true,1.0
hvfhv,231,dropoff,2024,6,190507,Manhattan,TriBeCa/Civic Center,true,1.0
hvfhv,231,dropoff,2025,2,190163,Manhattan,TriBeCa/Civic Center,true,1.0
hvfhv,231,dropoff,2025,3,186423,Manhattan,TriBeCa/Civic Center,true,1.0
hvfhv,231,dropoff,2025,4,189894,Manhattan,TriBeCa/Civic Center,true,1.0
hvfhv,231,dropoff,2025,5,192564,Manhattan,TriBeCa/Civic Center,true,1.0
hvfhv,231,dropoff,2025,6,177124,Manhattan,TriBeCa/Civic Center,true,1.0
hvfhv,231,pickup,2024,2,231326,Manhattan,TriBeCa/Civic Center,true,1.0
hvfhv,231,pickup,2024,3,238867,Manhattan,TriBeCa/Civic Center,true,1.0
hvfhv,231,pickup,2024,4,234892,Manhattan,TriBeCa/Civic Center,true,1.0
hvfhv,231,pickup,2024,5,241435,Manhattan,TriBeCa/Civic Center,true,1.0
hvfhv,231,pickup,2024,6,228610,Manhattan,TriBeCa/Civic Center,true,1.0
hvfhv,231,pickup,2025,2,222498,Manhattan,TriBeCa/Civic Center,true,1.0
hvfhv,231,pickup,2025,3,219470,Manhattan,TriBeCa/Civic Center,true,1.0
hvfhv,231,pickup,2025,4,225675,Manhattan,TriBeCa/Civic Center,true,1.0
hvfhv,231,pickup,2025,5,230571,Manhattan,TriBeCa/Civic Center,true,1.0
hvfhv,231,pickup,2025,6,212595,Manhattan,TriBeCa/Civic Center,true,1.0
hvfhv,232,dropoff,2024,2,81363,Manhattan,Two Bridges/Seward Park,true,1.0
hvfhv,232,dropoff,2024,3,83151,Manhattan,Two Bridges/Seward Park,true,1.0
hvfhv,232,dropoff,2024,4,78916,Manhattan,Two Bridges/Seward Park,true,1.0
hvfhv,232,dropoff,2024,5,79723,Manhattan,Two Bridges/Seward Park,true,1.0
hvfhv,232,dropoff,2024,6,76840,Manhattan,Two Bridges/Seward Park,true,1.0
hvfhv,232,dropoff,2025,2,71363,Manhattan,Two Bridges/Seward Park,true,1.0
hvfhv,232,dropoff,2025,3,72850,Manhattan,Two Bridges/Seward Park,true,1.0
hvfhv,232,dropoff,2025,4,71740,Manhattan,Two Bridges/Seward Park,true,1.0
hvfhv,232,dropoff,2025,5,76129,Manhattan,Two Bridges/Seward Park,true,1.0
hvfhv,232,dropoff,2025,6,68215,Manhattan,Two Bridges/Seward Park,true,1.0
hvfhv,232,pickup,2024,2,92841,Manhattan,Two Bridges/Seward Park,true,1.0
hvfhv,232,pickup,2024,3,96063,Manhattan,Two Bridges/Seward Park,true,1.0
hvfhv,232,pickup,2024,4,90972,Manhattan,Two Bridges/Seward Park,true,1.0
hvfhv,232,pickup,2024,5,92171,Manhattan,Two Bridges/Seward Park,true,1.0
hvfhv,232,pickup,2024,6,90171,Manhattan,Two Bridges/Seward Park,true,1.0
hvfhv,232,pickup,2025,2,83432,Manhattan,Two Bridges/Seward Park,true,1.0
hvfhv,232,pickup,2025,3,84618,Manhattan,Two Bridges/Seward Park,true,1.0
hvfhv,232,pickup,2025,4,84226,Manhattan,Two Bridges/Seward Park,true,1.0
hvfhv,232,pickup,2025,5,90049,Manhattan,Two Bridges/Seward Park,true,1.0
hvfhv,232,pickup,2025,6,81636,Manhattan,Two Bridges/Seward Park,true,1.0
hvfhv,233,dropoff,2024,2,102973,Manhattan,UN/Turtle Bay South,true,1.0
hvfhv,233,dropoff,2024,3,112587,Manhattan,UN/Turtle Bay South,true,1.0
hvfhv,233,dropoff,2024,4,104221,Manhattan,UN/Turtle Bay South,true,1.0
hvfhv,233,dropoff,2024,5,105105,Manhattan,UN/Turtle Bay South,true,1.0
hvfhv,233,dropoff,2024,6,100974,Manhattan,UN/Turtle Bay South,true,1.0
hvfhv,233,dropoff,2025,2,94988,Manhattan,UN/Turtle Bay South,true,1.0
hvfhv,233,dropoff,2025,3,99446,Manhattan,UN/Turtle Bay South,true,1.0
hvfhv,233,dropoff,2025,4,96000,Manhattan,UN/Turtle Bay South,true,1.0
hvfhv,233,dropoff,2025,5,95570,Manhattan,UN/Turtle Bay South,true,1.0
hvfhv,233,dropoff,2025,6,89004,Manhattan,UN/Turtle Bay South,true,1.0
hvfhv,233,pickup,2024,2,112890,Manhattan,UN/Turtle Bay South,true,1.0
hvfhv,233,pickup,2024,3,123199,Manhattan,UN/Turtle Bay South,true,1.0
hvfhv,233,pickup,2024,4,113112,Manhattan,UN/Turtle Bay South,true,1.0
hvfhv,233,pickup,2024,5,116936,Manhattan,UN/Turtle Bay South,true,1.0
hvfhv,233,pickup,2024,6,113255,Manhattan,UN/Turtle Bay South,true,1.0
hvfhv,233,pickup,2025,2,107814,Manhattan,UN/Turtle Bay South,true,1.0
hvfhv,233,pickup,2025,3,111497,Manhattan,UN/Turtle Bay South,true,1.0
hvfhv,233,pickup,2025,4,110191,Manhattan,UN/Turtle Bay South,true,1.0
hvfhv,233,pickup,2025,5,110469,Manhattan,UN/Turtle Bay South,true,1.0
hvfhv,233,pickup,2025,6,103425,Manhattan,UN/Turtle Bay South,true,1.0
hvfhv,234,dropoff,2024,2,190424,Manhattan,Union Sq,true,1.0
hvfhv,234,dropoff,2024,3,196890,Manhattan,Union Sq,true,1.0
hvfhv,234,dropoff,2024,4,185234,Manhattan,Union Sq,true,1.0
hvfhv,234,dropoff,2024,5,185368,Manhattan,Union Sq,true,1.0
hvfhv,234,dropoff,2024,6,177504,Manhattan,Union Sq,true,1.0
hvfhv,234,dropoff,2025,2,189411,Manhattan,Union Sq,true,1.0
hvfhv,234,dropoff,2025,3,186368,Manhattan,Union Sq,true,1.0
hvfhv,234,dropoff,2025,4,185464,Manhattan,Union Sq,true,1.0
hvfhv,234,dropoff,2025,5,185001,Manhattan,Union Sq,true,1.0
hvfhv,234,dropoff,2025,6,174387,Manhattan,Union Sq,true,1.0
hvfhv,234,pickup,2024,2,216094,Manhattan,Union Sq,true,1.0
hvfhv,234,pickup,2024,3,222306,Manhattan,Union Sq,true,1.0
hvfhv,234,pickup,2024,4,208406,Manhattan,Union Sq,true,1.0
hvfhv,234,pickup,2024,5,212492,Manhattan,Union Sq,true,1.0
hvfhv,234,pickup,2024,6,200876,Manhattan,Union Sq,true,1.0
hvfhv,234,pickup,2025,2,213211,Manhattan,Union Sq,true,1.0
hvfhv,234,pickup,2025,3,211590,Manhattan,Union Sq,true,1.0
hvfhv,234,pickup,2025,4,209562,Manhattan,Union Sq,true,1.0
hvfhv,234,pickup,2025,5,211555,Manhattan,Union Sq,true,1.0
hvfhv,234,pickup,2025,6,195071,Manhattan,Union Sq,true,1.0
hvfhv,235,dropoff,2024,2,77640,Bronx,University Heights/Morris Heights,false,0.0422
hvfhv,235,dropoff,2024,3,86316,Bronx,University Heights/Morris Heights,false,0.0422
hvfhv,235,dropoff,2024,4,77773,Bronx,University Heights/Morris Heights,false,0.0422
hvfhv,235,dropoff,2024,5,79184,Bronx,University Heights/Morris Heights,false,0.0422
hvfhv,235,dropoff,2024,6,76161,Bronx,University Heights/Morris Heights,false,0.0422
hvfhv,235,dropoff,2025,2,79140,Bronx,University Heights/Morris Heights,false,0.0422
hvfhv,235,dropoff,2025,3,87023,Bronx,University Heights/Morris Heights,false,0.0422
hvfhv,235,dropoff,2025,4,79228,Bronx,University Heights/Morris Heights,false,0.0422
hvfhv,235,dropoff,2025,5,82813,Bronx,University Heights/Morris Heights,false,0.0422
hvfhv,235,dropoff,2025,6,75872,Bronx,University Heights/Morris Heights,false,0.0422
hvfhv,235,pickup,2024,2,81251,Bronx,University Heights/Morris Heights,false,0.0435
hvfhv,235,pickup,2024,3,90161,Bronx,University Heights/Morris Heights,false,0.0435
hvfhv,235,pickup,2024,4,81639,Bronx,University Heights/Morris Heights,false,0.0435
hvfhv,235,pickup,2024,5,83108,Bronx,University Heights/Morris Heights,false,0.0435
hvfhv,235,pickup,2024,6,80495,Bronx,University Heights/Morris Heights,false,0.0435
hvfhv,235,pickup,2025,2,83365,Bronx,University Heights/Morris Heights,false,0.0435
hvfhv,235,pickup,2025,3,91712,Bronx,University Heights/Morris Heights,false,0.0435
hvfhv,235,pickup,2025,4,83879,Bronx,University Heights/Morris Heights,false,0.0435
hvfhv,235,pickup,2025,5,86313,Bronx,University Heights/Morris Heights,false,0.0435
hvfhv,235,pickup,2025,6,80553,Bronx,University Heights/Morris Heights,false,0.0435
hvfhv,236,dropoff,2024,2,147272,Manhattan,Upper East Side North,false,0.3616
hvfhv,236,dropoff,2024,3,147163,Manhattan,Upper East Side North,false,0.3616
hvfhv,236,dropoff,2024,4,147876,Manhattan,Upper East Side North,false,0.3616
hvfhv,236,dropoff,2024,5,154296,Manhattan,Upper East Side North,false,0.3616
hvfhv,236,dropoff,2024,6,132134,Manhattan,Upper East Side North,false,0.3616
hvfhv,236,dropoff,2025,2,137565,Manhattan,Upper East Side North,false,0.3616
hvfhv,236,dropoff,2025,3,132058,Manhattan,Upper East Side North,false,0.3616
hvfhv,236,dropoff,2025,4,141170,Manhattan,Upper East Side North,false,0.3616
hvfhv,236,dropoff,2025,5,146358,Manhattan,Upper East Side North,false,0.3616
hvfhv,236,dropoff,2025,6,123306,Manhattan,Upper East Side North,false,0.3616
hvfhv,236,pickup,2024,2,148100,Manhattan,Upper East Side North,false,0.3499
hvfhv,236,pickup,2024,3,149778,Manhattan,Upper East Side North,false,0.3499
hvfhv,236,pickup,2024,4,150125,Manhattan,Upper East Side North,false,0.3499
hvfhv,236,pickup,2024,5,160457,Manhattan,Upper East Side North,false,0.3499
hvfhv,236,pickup,2024,6,137734,Manhattan,Upper East Side North,false,0.3499
hvfhv,236,pickup,2025,2,139413,Manhattan,Upper East Side North,false,0.3499
hvfhv,236,pickup,2025,3,133899,Manhattan,Upper East Side North,false,0.3499
hvfhv,236,pickup,2025,4,144248,Manhattan,Upper East Side North,false,0.3499
hvfhv,236,pickup,2025,5,150845,Manhattan,Upper East Side North,false,0.3499
hvfhv,236,pickup,2025,6,126675,Manhattan,Upper East Side North,false,0.3499
hvfhv,237,dropoff,2024,2,154032,Manhattan,Upper East Side South,false,0.4475
hvfhv,237,dropoff,2024,3,156857,Manhattan,Upper East Side South,false,0.4475
hvfhv,237,dropoff,2024,4,162022,Manhattan,Upper East Side South,false,0.4475
hvfhv,237,dropoff,2024,5,171197,Manhattan,Upper East Side South,false,0.4475
hvfhv,237,dropoff,2024,6,146168,Manhattan,Upper East Side South,false,0.4475
hvfhv,237,dropoff,2025,2,154043,Manhattan,Upper East Side South,false,0.4475
hvfhv,237,dropoff,2025,3,150893,Manhattan,Upper East Side South,false,0.4475
hvfhv,237,dropoff,2025,4,163186,Manhattan,Upper East Side South,false,0.4475
hvfhv,237,dropoff,2025,5,174163,Manhattan,Upper East Side South,false,0.4475
hvfhv,237,dropoff,2025,6,147309,Manhattan,Upper East Side South,false,0.4475
hvfhv,237,pickup,2024,2,158956,Manhattan,Upper East Side South,false,0.4329
hvfhv,237,pickup,2024,3,163258,Manhattan,Upper East Side South,false,0.4329
hvfhv,237,pickup,2024,4,167213,Manhattan,Upper East Side South,false,0.4329
hvfhv,237,pickup,2024,5,180091,Manhattan,Upper East Side South,false,0.4329
hvfhv,237,pickup,2024,6,154895,Manhattan,Upper East Side South,false,0.4329
hvfhv,237,pickup,2025,2,160146,Manhattan,Upper East Side South,false,0.4329
hvfhv,237,pickup,2025,3,156788,Manhattan,Upper East Side South,false,0.4329
hvfhv,237,pickup,2025,4,170031,Manhattan,Upper East Side South,false,0.4329
hvfhv,237,pickup,2025,5,184638,Manhattan,Upper East Side South,false,0.4329
hvfhv,237,pickup,2025,6,155173,Manhattan,Upper East Side South,false,0.4329
hvfhv,238,dropoff,2024,2,96485,Manhattan,Upper West Side North,false,0.291
hvfhv,238,dropoff,2024,3,97931,Manhattan,Upper West Side North,false,0.291
hvfhv,238,dropoff,2024,4,96937,Manhattan,Upper West Side North,false,0.291
hvfhv,238,dropoff,2024,5,99192,Manhattan,Upper West Side North,false,0.291
hvfhv,238,dropoff,2024,6,88970,Manhattan,Upper West Side North,false,0.291
hvfhv,238,dropoff,2025,2,90377,Manhattan,Upper West Side North,false,0.291
hvfhv,238,dropoff,2025,3,88938,Manhattan,Upper West Side North,false,0.291
hvfhv,238,dropoff,2025,4,90304,Manhattan,Upper West Side North,false,0.291
hvfhv,238,dropoff,2025,5,91436,Manhattan,Upper West Side North,false,0.291
hvfhv,238,dropoff,2025,6,80821,Manhattan,Upper West Side North,false,0.291
hvfhv,238,pickup,2024,2,104799,Manhattan,Upper West Side North,false,0.2509
hvfhv,238,pickup,2024,3,107488,Manhattan,Upper West Side North,false,0.2509
hvfhv,238,pickup,2024,4,108222,Manhattan,Upper West Side North,false,0.2509
hvfhv,238,pickup,2024,5,110436,Manhattan,Upper West Side North,false,0.2509
hvfhv,238,pickup,2024,6,100826,Manhattan,Upper West Side North,false,0.2509
hvfhv,238,pickup,2025,2,99422,Manhattan,Upper West Side North,false,0.2509
hvfhv,238,pickup,2025,3,97799,Manhattan,Upper West Side North,false,0.2509
hvfhv,238,pickup,2025,4,100047,Manhattan,Upper West Side North,false,0.2509
hvfhv,238,pickup,2025,5,101764,Manhattan,Upper West Side North,false,0.2509
hvfhv,238,pickup,2025,6,90652,Manhattan,Upper West Side North,false,0.2509
hvfhv,239,dropoff,2024,2,116063,Manhattan,Upper West Side South,false,0.3623
hvfhv,239,dropoff,2024,3,125477,Manhattan,Upper West Side South,false,0.3623
hvfhv,239,dropoff,2024,4,116283,Manhattan,Upper West Side South,false,0.3623
hvfhv,239,dropoff,2024,5,119101,Manhattan,Upper West Side South,false,0.3623
hvfhv,239,dropoff,2024,6,111145,Manhattan,Upper West Side South,false,0.3623
hvfhv,239,dropoff,2025,2,107616,Manhattan,Upper West Side South,false,0.3623
hvfhv,239,dropoff,2025,3,108803,Manhattan,Upper West Side South,false,0.3623
hvfhv,239,dropoff,2025,4,110363,Manhattan,Upper West Side South,false,0.3623
hvfhv,239,dropoff,2025,5,113949,Manhattan,Upper West Side South,false,0.3623
hvfhv,239,dropoff,2025,6,100804,Manhattan,Upper West Side South,false,0.3623
hvfhv,239,pickup,2024,2,128319,Manhattan,Upper West Side South,false,0.3446
hvfhv,239,pickup,2024,3,137986,Manhattan,Upper West Side South,false,0.3446
hvfhv,239,pickup,2024,4,129623,Manhattan,Upper West Side South,false,0.3446
hvfhv,239,pickup,2024,5,134425,Manhattan,Upper West Side South,false,0.3446
hvfhv,239,pickup,2024,6,124730,Manhattan,Upper West Side South,false,0.3446
hvfhv,239,pickup,2025,2,117807,Manhattan,Upper West Side South,false,0.3446
hvfhv,239,pickup,2025,3,120991,Manhattan,Upper West Side South,false,0.3446
hvfhv,239,pickup,2025,4,122591,Manhattan,Upper West Side South,false,0.3446
hvfhv,239,pickup,2025,5,125973,Manhattan,Upper West Side South,false,0.3446
hvfhv,239,pickup,2025,6,112000,Manhattan,Upper West Side South,false,0.3446
hvfhv,240,dropoff,2024,2,10377,Bronx,Van Cortlandt Park,false,0.0421
hvfhv,240,dropoff,2024,3,11533,Bronx,Van Cortlandt Park,false,0.0421
hvfhv,240,dropoff,2024,4,11731,Bronx,Van Cortlandt Park,false,0.0421
hvfhv,240,dropoff,2024,5,12308,Bronx,Van Cortlandt Park,false,0.0421
hvfhv,240,dropoff,2024,6,13258,Bronx,Van Cortlandt Park,false,0.0421
hvfhv,240,dropoff,2025,2,9878,Bronx,Van Cortlandt Park,false,0.0421
hvfhv,240,dropoff,2025,3,11519,Bronx,Van Cortlandt Park,false,0.0421
hvfhv,240,dropoff,2025,4,11570,Bronx,Van Cortlandt Park,false,0.0421
hvfhv,240,dropoff,2025,5,12695,Bronx,Van Cortlandt Park,false,0.0421
hvfhv,240,dropoff,2025,6,12785,Bronx,Van Cortlandt Park,false,0.0421
hvfhv,240,pickup,2024,2,11416,Bronx,Van Cortlandt Park,false,0.0314
hvfhv,240,pickup,2024,3,12933,Bronx,Van Cortlandt Park,false,0.0314
hvfhv,240,pickup,2024,4,13088,Bronx,Van Cortlandt Park,false,0.0314
hvfhv,240,pickup,2024,5,13122,Bronx,Van Cortlandt Park,false,0.0314
hvfhv,240,pickup,2024,6,13980,Bronx,Van Cortlandt Park,false,0.0314
hvfhv,240,pickup,2025,2,12577,Bronx,Van Cortlandt Park,false,0.0314
hvfhv,240,pickup,2025,3,13870,Bronx,Van Cortlandt Park,false,0.0314
hvfhv,240,pickup,2025,4,14515,Bronx,Van Cortlandt Park,false,0.0314
hvfhv,240,pickup,2025,5,15772,Bronx,Van Cortlandt Park,false,0.0314
hvfhv,240,pickup,2025,6,15914,Bronx,Van Cortlandt Park,false,0.0314
hvfhv,241,dropoff,2024,2,69464,Bronx,Van Cortlandt Village,false,0.045
hvfhv,241,dropoff,2024,3,77673,Bronx,Van Cortlandt Village,false,0.045
hvfhv,241,dropoff,2024,4,69791,Bronx,Van Cortlandt Village,false,0.045
hvfhv,241,dropoff,2024,5,75688,Bronx,Van Cortlandt Village,false,0.045
hvfhv,241,dropoff,2024,6,69590,Bronx,Van Cortlandt Village,false,0.045
hvfhv,241,dropoff,2025,2,71062,Bronx,Van Cortlandt Village,false,0.045
hvfhv,241,dropoff,2025,3,78540,Bronx,Van Cortlandt Village,false,0.045
hvfhv,241,dropoff,2025,4,72233,Bronx,Van Cortlandt Village,false,0.045
hvfhv,241,dropoff,2025,5,78867,Bronx,Van Cortlandt Village,false,0.045
hvfhv,241,dropoff,2025,6,71547,Bronx,Van Cortlandt Village,false,0.045
hvfhv,241,pickup,2024,2,71890,Bronx,Van Cortlandt Village,false,0.0392
hvfhv,241,pickup,2024,3,80903,Bronx,Van Cortlandt Village,false,0.0392
hvfhv,241,pickup,2024,4,73774,Bronx,Van Cortlandt Village,false,0.0392
hvfhv,241,pickup,2024,5,77352,Bronx,Van Cortlandt Village,false,0.0392
hvfhv,241,pickup,2024,6,72891,Bronx,Van Cortlandt Village,false,0.0392
hvfhv,241,pickup,2025,2,73448,Bronx,Van Cortlandt Village,false,0.0392
hvfhv,241,pickup,2025,3,80537,Bronx,Van Cortlandt Village,false,0.0392
hvfhv,241,pickup,2025,4,75470,Bronx,Van Cortlandt Village,false,0.0392
hvfhv,241,pickup,2025,5,81498,Bronx,Van Cortlandt Village,false,0.0392
hvfhv,241,pickup,2025,6,75486,Bronx,Van Cortlandt Village,false,0.0392
hvfhv,242,dropoff,2024,2,74922,Bronx,Van Nest/Morris Park,false,0.022
hvfhv,242,dropoff,2024,3,81683,Bronx,Van Nest/Morris Park,false,0.022
hvfhv,242,dropoff,2024,4,77255,Bronx,Van Nest/Morris Park,false,0.022
hvfhv,242,dropoff,2024,5,79007,Bronx,Van Nest/Morris Park,false,0.022
hvfhv,242,dropoff,2024,6,75849,Bronx,Van Nest/Morris Park,false,0.022
hvfhv,242,dropoff,2025,2,77839,Bronx,Van Nest/Morris Park,false,0.022
hvfhv,242,dropoff,2025,3,83544,Bronx,Van Nest/Morris Park,false,0.022
hvfhv,242,dropoff,2025,4,79602,Bronx,Van Nest/Morris Park,false,0.022
hvfhv,242,dropoff,2025,5,83217,Bronx,Van Nest/Morris Park,false,0.022
hvfhv,242,dropoff,2025,6,78690,Bronx,Van Nest/Morris Park,false,0.022
hvfhv,242,pickup,2024,2,75976,Bronx,Van Nest/Morris Park,false,0.0196
hvfhv,242,pickup,2024,3,82461,Bronx,Van Nest/Morris Park,false,0.0196
hvfhv,242,pickup,2024,4,77367,Bronx,Van Nest/Morris Park,false,0.0196
hvfhv,242,pickup,2024,5,78084,Bronx,Van Nest/Morris Park,false,0.0196
hvfhv,242,pickup,2024,6,75290,Bronx,Van Nest/Morris Park,false,0.0196
hvfhv,242,pickup,2025,2,77940,Bronx,Van Nest/Morris Park,false,0.0196
hvfhv,242,pickup,2025,3,83737,Bronx,Van Nest/Morris Park,false,0.0196
hvfhv,242,pickup,2025,4,79142,Bronx,Van Nest/Morris Park,false,0.0196
hvfhv,242,pickup,2025,5,82861,Bronx,Van Nest/Morris Park,false,0.0196
hvfhv,242,pickup,2025,6,78567,Bronx,Van Nest/Morris Park,false,0.0196
hvfhv,243,dropoff,2024,2,94949,Manhattan,Washington Heights North,false,0.1265
hvfhv,243,dropoff,2024,3,103735,Manhattan,Washington Heights North,false,0.1265
hvfhv,243,dropoff,2024,4,94731,Manhattan,Washington Heights North,false,0.1265
hvfhv,243,dropoff,2024,5,101952,Manhattan,Washington Heights North,false,0.1265
hvfhv,243,dropoff,2024,6,97729,Manhattan,Washington Heights North,false,0.1265
hvfhv,243,dropoff,2025,2,92750,Manhattan,Washington Heights North,false,0.1265
hvfhv,243,dropoff,2025,3,100974,Manhattan,Washington Heights North,false,0.1265
hvfhv,243,dropoff,2025,4,94317,Manhattan,Washington Heights North,false,0.1265
hvfhv,243,dropoff,2025,5,98497,Manhattan,Washington Heights North,false,0.1265
hvfhv,243,dropoff,2025,6,91319,Manhattan,Washington Heights North,false,0.1265
hvfhv,243,pickup,2024,2,103413,Manhattan,Washington Heights North,false,0.1095
hvfhv,243,pickup,2024,3,112423,Manhattan,Washington Heights North,false,0.1095
hvfhv,243,pickup,2024,4,103980,Manhattan,Washington Heights North,false,0.1095
hvfhv,243,pickup,2024,5,110944,Manhattan,Washington Heights North,false,0.1095
hvfhv,243,pickup,2024,6,107060,Manhattan,Washington Heights North,false,0.1095
hvfhv,243,pickup,2025,2,103734,Manhattan,Washington Heights North,false,0.1095
hvfhv,243,pickup,2025,3,115499,Manhattan,Washington Heights North,false,0.1095
hvfhv,243,pickup,2025,4,106709,Manhattan,Washington Heights North,false,0.1095
hvfhv,243,pickup,2025,5,113950,Manhattan,Washington Heights North,false,0.1095
hvfhv,243,pickup,2025,6,106618,Manhattan,Washington Heights North,false,0.1095
hvfhv,244,dropoff,2024,2,150957,Manhattan,Washington Heights South,false,0.1275
hvfhv,244,dropoff,2024,3,161932,Manhattan,Washington Heights South,false,0.1275
hvfhv,244,dropoff,2024,4,150193,Manhattan,Washington Heights South,false,0.1275
hvfhv,244,dropoff,2024,5,156929,Manhattan,Washington Heights South,false,0.1275
hvfhv,244,dropoff,2024,6,149158,Manhattan,Washington Heights South,false,0.1275
hvfhv,244,dropoff,2025,2,145494,Manhattan,Washington Heights South,false,0.1275
hvfhv,244,dropoff,2025,3,154246,Manhattan,Washington Heights South,false,0.1275
hvfhv,244,dropoff,2025,4,144071,Manhattan,Washington Heights South,false,0.1275
hvfhv,244,dropoff,2025,5,149101,Manhattan,Washington Heights South,false,0.1275
hvfhv,244,dropoff,2025,6,137899,Manhattan,Washington Heights South,false,0.1275
hvfhv,244,pickup,2024,2,150046,Manhattan,Washington Heights South,false,0.1102
hvfhv,244,pickup,2024,3,161133,Manhattan,Washington Heights South,false,0.1102
hvfhv,244,pickup,2024,4,150975,Manhattan,Washington Heights South,false,0.1102
hvfhv,244,pickup,2024,5,158611,Manhattan,Washington Heights South,false,0.1102
hvfhv,244,pickup,2024,6,149996,Manhattan,Washington Heights South,false,0.1102
hvfhv,244,pickup,2025,2,148286,Manhattan,Washington Heights South,false,0.1102
hvfhv,244,pickup,2025,3,159895,Manhattan,Washington Heights South,false,0.1102
hvfhv,244,pickup,2025,4,150032,Manhattan,Washington Heights South,false,0.1102
hvfhv,244,pickup,2025,5,158018,Manhattan,Washington Heights South,false,0.1102
hvfhv,244,pickup,2025,6,145348,Manhattan,Washington Heights South,false,0.1102
hvfhv,245,dropoff,2024,2,13248,Staten Island,West Brighton,false,0.0367
hvfhv,245,dropoff,2024,3,16272,Staten Island,West Brighton,false,0.0367
hvfhv,245,dropoff,2024,4,13812,Staten Island,West Brighton,false,0.0367
hvfhv,245,dropoff,2024,5,14695,Staten Island,West Brighton,false,0.0367
hvfhv,245,dropoff,2024,6,14468,Staten Island,West Brighton,false,0.0367
hvfhv,245,dropoff,2025,2,13943,Staten Island,West Brighton,false,0.0367
hvfhv,245,dropoff,2025,3,16588,Staten Island,West Brighton,false,0.0367
hvfhv,245,dropoff,2025,4,14620,Staten Island,West Brighton,false,0.0367
hvfhv,245,dropoff,2025,5,16441,Staten Island,West Brighton,false,0.0367
hvfhv,245,dropoff,2025,6,15919,Staten Island,West Brighton,false,0.0367
hvfhv,245,pickup,2024,2,13828,Staten Island,West Brighton,false,0.0214
hvfhv,245,pickup,2024,3,17144,Staten Island,West Brighton,false,0.0214
hvfhv,245,pickup,2024,4,14604,Staten Island,West Brighton,false,0.0214
hvfhv,245,pickup,2024,5,15636,Staten Island,West Brighton,false,0.0214
hvfhv,245,pickup,2024,6,15208,Staten Island,West Brighton,false,0.0214
hvfhv,245,pickup,2025,2,14630,Staten Island,West Brighton,false,0.0214
hvfhv,245,pickup,2025,3,17694,Staten Island,West Brighton,false,0.0214
hvfhv,245,pickup,2025,4,15582,Staten Island,West Brighton,false,0.0214
hvfhv,245,pickup,2025,5,17420,Staten Island,West Brighton,false,0.0214
hvfhv,245,pickup,2025,6,16651,Staten Island,West Brighton,false,0.0214
hvfhv,246,dropoff,2024,2,204978,Manhattan,West Chelsea/Hudson Yards,true,1.0
hvfhv,246,dropoff,2024,3,211000,Manhattan,West Chelsea/Hudson Yards,true,1.0
hvfhv,246,dropoff,2024,4,207649,Manhattan,West Chelsea/Hudson Yards,true,1.0
hvfhv,246,dropoff,2024,5,224305,Manhattan,West Chelsea/Hudson Yards,true,1.0
hvfhv,246,dropoff,2024,6,209308,Manhattan,West Chelsea/Hudson Yards,true,1.0
hvfhv,246,dropoff,2025,2,190357,Manhattan,West Chelsea/Hudson Yards,true,1.0
hvfhv,246,dropoff,2025,3,190480,Manhattan,West Chelsea/Hudson Yards,true,1.0
hvfhv,246,dropoff,2025,4,187170,Manhattan,West Chelsea/Hudson Yards,true,1.0
hvfhv,246,dropoff,2025,5,199413,Manhattan,West Chelsea/Hudson Yards,true,1.0
hvfhv,246,dropoff,2025,6,193128,Manhattan,West Chelsea/Hudson Yards,true,1.0
hvfhv,246,pickup,2024,2,210652,Manhattan,West Chelsea/Hudson Yards,true,1.0
hvfhv,246,pickup,2024,3,221030,Manhattan,West Chelsea/Hudson Yards,true,1.0
hvfhv,246,pickup,2024,4,217557,Manhattan,West Chelsea/Hudson Yards,true,1.0
hvfhv,246,pickup,2024,5,236823,Manhattan,West Chelsea/Hudson Yards,true,1.0
hvfhv,246,pickup,2024,6,219708,Manhattan,West Chelsea/Hudson Yards,true,1.0
hvfhv,246,pickup,2025,2,202938,Manhattan,West Chelsea/Hudson Yards,true,1.0
hvfhv,246,pickup,2025,3,202119,Manhattan,West Chelsea/Hudson Yards,true,1.0
hvfhv,246,pickup,2025,4,202097,Manhattan,West Chelsea/Hudson Yards,true,1.0
hvfhv,246,pickup,2025,5,215007,Manhattan,West Chelsea/Hudson Yards,true,1.0
hvfhv,246,pickup,2025,6,203406,Manhattan,West Chelsea/Hudson Yards,true,1.0
hvfhv,247,dropoff,2024,2,88513,Bronx,West Concourse,false,0.0542
hvfhv,247,dropoff,2024,3,98364,Bronx,West Concourse,false,0.0542
hvfhv,247,dropoff,2024,4,93764,Bronx,West Concourse,false,0.0542
hvfhv,247,dropoff,2024,5,96192,Bronx,West Concourse,false,0.0542
hvfhv,247,dropoff,2024,6,94384,Bronx,West Concourse,false,0.0542
hvfhv,247,dropoff,2025,2,92227,Bronx,West Concourse,false,0.0542
hvfhv,247,dropoff,2025,3,104000,Bronx,West Concourse,false,0.0542
hvfhv,247,dropoff,2025,4,98911,Bronx,West Concourse,false,0.0542
hvfhv,247,dropoff,2025,5,103268,Bronx,West Concourse,false,0.0542
hvfhv,247,dropoff,2025,6,99174,Bronx,West Concourse,false,0.0542
hvfhv,247,pickup,2024,2,94866,Bronx,West Concourse,false,0.053
hvfhv,247,pickup,2024,3,102841,Bronx,West Concourse,false,0.053
hvfhv,247,pickup,2024,4,99780,Bronx,West Concourse,false,0.053
hvfhv,247,pickup,2024,5,101918,Bronx,West Concourse,false,0.053
hvfhv,247,pickup,2024,6,102098,Bronx,West Concourse,false,0.053
hvfhv,247,pickup,2025,2,95705,Bronx,West Concourse,false,0.053
hvfhv,247,pickup,2025,3,110499,Bronx,West Concourse,false,0.053
hvfhv,247,pickup,2025,4,103636,Bronx,West Concourse,false,0.053
hvfhv,247,pickup,2025,5,109088,Bronx,West Concourse,false,0.053
hvfhv,247,pickup,2025,6,106410,Bronx,West Concourse,false,0.053
hvfhv,248,dropoff,2024,2,43512,Bronx,West Farms/Bronx River,false,0.0399
hvfhv,248,dropoff,2024,3,48205,Bronx,West Farms/Bronx River,false,0.0399
hvfhv,248,dropoff,2024,4,42775,Bronx,West Farms/Bronx River,false,0.0399
hvfhv,248,dropoff,2024,5,44573,Bronx,West Farms/Bronx River,false,0.0399
hvfhv,248,dropoff,2024,6,43133,Bronx,West Farms/Bronx River,false,0.0399
hvfhv,248,dropoff,2025,2,43808,Bronx,West Farms/Bronx River,false,0.0399
hvfhv,248,dropoff,2025,3,48569,Bronx,West Farms/Bronx River,false,0.0399
hvfhv,248,dropoff,2025,4,45093,Bronx,West Farms/Bronx River,false,0.0399
hvfhv,248,dropoff,2025,5,46567,Bronx,West Farms/Bronx River,false,0.0399
hvfhv,248,dropoff,2025,6,43425,Bronx,West Farms/Bronx River,false,0.0399
hvfhv,248,pickup,2024,2,47553,Bronx,West Farms/Bronx River,false,0.0381
hvfhv,248,pickup,2024,3,53884,Bronx,West Farms/Bronx River,false,0.0381
hvfhv,248,pickup,2024,4,47258,Bronx,West Farms/Bronx River,false,0.0381
hvfhv,248,pickup,2024,5,48717,Bronx,West Farms/Bronx River,false,0.0381
hvfhv,248,pickup,2024,6,46762,Bronx,West Farms/Bronx River,false,0.0381
hvfhv,248,pickup,2025,2,47944,Bronx,West Farms/Bronx River,false,0.0381
hvfhv,248,pickup,2025,3,52757,Bronx,West Farms/Bronx River,false,0.0381
hvfhv,248,pickup,2025,4,49114,Bronx,West Farms/Bronx River,false,0.0381
hvfhv,248,pickup,2025,5,51314,Bronx,West Farms/Bronx River,false,0.0381
hvfhv,248,pickup,2025,6,48255,Bronx,West Farms/Bronx River,false,0.0381
hvfhv,249,dropoff,2024,2,168876,Manhattan,West Village,true,1.0
hvfhv,249,dropoff,2024,3,178624,Manhattan,West Village,true,1.0
hvfhv,249,dropoff,2024,4,161469,Manhattan,West Village,true,1.0
hvfhv,249,dropoff,2024,5,161008,Manhattan,West Village,true,1.0
hvfhv,249,dropoff,2024,6,154409,Manhattan,West Village,true,1.0
hvfhv,249,dropoff,2025,2,154427,Manhattan,West Village,true,1.0
hvfhv,249,dropoff,2025,3,153637,Manhattan,West Village,true,1.0
hvfhv,249,dropoff,2025,4,150912,Manhattan,West Village,true,1.0
hvfhv,249,dropoff,2025,5,150369,Manhattan,West Village,true,1.0
hvfhv,249,dropoff,2025,6,137904,Manhattan,West Village,true,1.0
hvfhv,249,pickup,2024,2,193245,Manhattan,West Village,true,1.0
hvfhv,249,pickup,2024,3,209064,Manhattan,West Village,true,1.0
hvfhv,249,pickup,2024,4,190784,Manhattan,West Village,true,1.0
hvfhv,249,pickup,2024,5,191817,Manhattan,West Village,true,1.0
hvfhv,249,pickup,2024,6,183537,Manhattan,West Village,true,1.0
hvfhv,249,pickup,2025,2,177093,Manhattan,West Village,true,1.0
hvfhv,249,pickup,2025,3,181054,Manhattan,West Village,true,1.0
hvfhv,249,pickup,2025,4,175875,Manhattan,West Village,true,1.0
hvfhv,249,pickup,2025,5,176218,Manhattan,West Village,true,1.0
hvfhv,249,pickup,2025,6,163307,Manhattan,West Village,true,1.0
hvfhv,250,dropoff,2024,2,45726,Bronx,Westchester Village/Unionport,false,0.0327
hvfhv,250,dropoff,2024,3,51361,Bronx,Westchester Village/Unionport,false,0.0327
hvfhv,250,dropoff,2024,4,46941,Bronx,Westchester Village/Unionport,false,0.0327
hvfhv,250,dropoff,2024,5,49340,Bronx,Westchester Village/Unionport,false,0.0327
hvfhv,250,dropoff,2024,6,47957,Bronx,Westchester Village/Unionport,false,0.0327
hvfhv,250,dropoff,2025,2,49236,Bronx,Westchester Village/Unionport,false,0.0327
hvfhv,250,dropoff,2025,3,53898,Bronx,Westchester Village/Unionport,false,0.0327
hvfhv,250,dropoff,2025,4,51248,Bronx,Westchester Village/Unionport,false,0.0327
hvfhv,250,dropoff,2025,5,51844,Bronx,Westchester Village/Unionport,false,0.0327
hvfhv,250,dropoff,2025,6,49230,Bronx,Westchester Village/Unionport,false,0.0327
hvfhv,250,pickup,2024,2,46649,Bronx,Westchester Village/Unionport,false,0.0304
hvfhv,250,pickup,2024,3,52410,Bronx,Westchester Village/Unionport,false,0.0304
hvfhv,250,pickup,2024,4,47079,Bronx,Westchester Village/Unionport,false,0.0304
hvfhv,250,pickup,2024,5,47933,Bronx,Westchester Village/Unionport,false,0.0304
hvfhv,250,pickup,2024,6,46563,Bronx,Westchester Village/Unionport,false,0.0304
hvfhv,250,pickup,2025,2,48727,Bronx,Westchester Village/Unionport,false,0.0304
hvfhv,250,pickup,2025,3,52960,Bronx,Westchester Village/Unionport,false,0.0304
hvfhv,250,pickup,2025,4,49266,Bronx,Westchester Village/Unionport,false,0.0304
hvfhv,250,pickup,2025,5,51401,Bronx,Westchester Village/Unionport,false,0.0304
hvfhv,250,pickup,2025,6,48880,Bronx,Westchester Village/Unionport,false,0.0304
hvfhv,251,dropoff,2024,2,12827,Staten Island,Westerleigh,false,0.0388
hvfhv,251,dropoff,2024,3,14393,Staten Island,Westerleigh,false,0.0388
hvfhv,251,dropoff,2024,4,13125,Staten Island,Westerleigh,false,0.0388
hvfhv,251,dropoff,2024,5,13737,Staten Island,Westerleigh,false,0.0388
hvfhv,251,dropoff,2024,6,13808,Staten Island,Westerleigh,false,0.0388
hvfhv,251,dropoff,2025,2,13062,Staten Island,Westerleigh,false,0.0388
hvfhv,251,dropoff,2025,3,14528,Staten Island,Westerleigh,false,0.0388
hvfhv,251,dropoff,2025,4,13582,Staten Island,Westerleigh,false,0.0388
hvfhv,251,dropoff,2025,5,15263,Staten Island,Westerleigh,false,0.0388
hvfhv,251,dropoff,2025,6,14875,Staten Island,Westerleigh,false,0.0388
hvfhv,251,pickup,2024,2,14380,Staten Island,Westerleigh,false,0.0235
hvfhv,251,pickup,2024,3,15990,Staten Island,Westerleigh,false,0.0235
hvfhv,251,pickup,2024,4,14565,Staten Island,Westerleigh,false,0.0235
hvfhv,251,pickup,2024,5,15624,Staten Island,Westerleigh,false,0.0235
hvfhv,251,pickup,2024,6,15361,Staten Island,Westerleigh,false,0.0235
hvfhv,251,pickup,2025,2,14967,Staten Island,Westerleigh,false,0.0235
hvfhv,251,pickup,2025,3,16319,Staten Island,Westerleigh,false,0.0235
hvfhv,251,pickup,2025,4,15560,Staten Island,Westerleigh,false,0.0235
hvfhv,251,pickup,2025,5,17560,Staten Island,Westerleigh,false,0.0235
hvfhv,251,pickup,2025,6,16642,Staten Island,Westerleigh,false,0.0235
hvfhv,252,dropoff,2024,2,22590,Queens,Whitestone,false,0.0485
hvfhv,252,dropoff,2024,3,24892,Queens,Whitestone,false,0.0485
hvfhv,252,dropoff,2024,4,23718,Queens,Whitestone,false,0.0485
hvfhv,252,dropoff,2024,5,26240,Queens,Whitestone,false,0.0485
hvfhv,252,dropoff,2024,6,25676,Queens,Whitestone,false,0.0485
hvfhv,252,dropoff,2025,2,24582,Queens,Whitestone,false,0.0485
hvfhv,252,dropoff,2025,3,26133,Queens,Whitestone,false,0.0485
hvfhv,252,dropoff,2025,4,25797,Queens,Whitestone,false,0.0485
hvfhv,252,dropoff,2025,5,28490,Queens,Whitestone,false,0.0485
hvfhv,252,dropoff,2025,6,27791,Queens,Whitestone,false,0.0485
hvfhv,252,pickup,2024,2,21949,Queens,Whitestone,false,0.0357
hvfhv,252,pickup,2024,3,24162,Queens,Whitestone,false,0.0357
hvfhv,252,pickup,2024,4,23198,Queens,Whitestone,false,0.0357
hvfhv,252,pickup,2024,5,25452,Queens,Whitestone,false,0.0357
hvfhv,252,pickup,2024,6,25355,Queens,Whitestone,false,0.0357
hvfhv,252,pickup,2025,2,24676,Queens,Whitestone,false,0.0357
hvfhv,252,pickup,2025,3,25800,Queens,Whitestone,false,0.0357
hvfhv,252,pickup,2025,4,25525,Queens,Whitestone,false,0.0357
hvfhv,252,pickup,2025,5,28260,Queens,Whitestone,false,0.0357
hvfhv,252,pickup,2025,6,27826,Queens,Whitestone,false,0.0357
hvfhv,253,dropoff,2024,2,540,Queens,Willets Point,false,0.03
hvfhv,253,dropoff,2024,3,769,Queens,Willets Point,false,0.03
hvfhv,253,dropoff,2024,4,839,Queens,Willets Point,false,0.03
hvfhv,253,dropoff,2024,5,1012,Queens,Willets Point,false,0.03
hvfhv,253,dropoff,2024,6,1176,Queens,Willets Point,false,0.03
hvfhv,253,dropoff,2025,2,550,Queens,Willets Point,false,0.03
hvfhv,253,dropoff,2025,3,541,Queens,Willets Point,false,0.03
hvfhv,253,dropoff,2025,4,1063,Queens,Willets Point,false,0.03
hvfhv,253,dropoff,2025,5,1102,Queens,Willets Point,false,0.03
hvfhv,253,dropoff,2025,6,1548,Queens,Willets Point,false,0.03
hvfhv,253,pickup,2024,2,422,Queens,Willets Point,false,0.0587
hvfhv,253,pickup,2024,3,644,Queens,Willets Point,false,0.0587
hvfhv,253,pickup,2024,4,762,Queens,Willets Point,false,0.0587
hvfhv,253,pickup,2024,5,880,Queens,Willets Point,false,0.0587
hvfhv,253,pickup,2024,6,970,Queens,Willets Point,false,0.0587
hvfhv,253,pickup,2025,2,326,Queens,Willets Point,false,0.0587
hvfhv,253,pickup,2025,3,414,Queens,Willets Point,false,0.0587
hvfhv,253,pickup,2025,4,765,Queens,Willets Point,false,0.0587
hvfhv,253,pickup,2025,5,860,Queens,Willets Point,false,0.0587
hvfhv,253,pickup,2025,6,1127,Queens,Willets Point,false,0.0587
hvfhv,254,dropoff,2024,2,78097,Bronx,Williamsbridge/Olinville,false,0.0257
hvfhv,254,dropoff,2024,3,89192,Bronx,Williamsbridge/Olinville,false,0.0257
hvfhv,254,dropoff,2024,4,81087,Bronx,Williamsbridge/Olinville,false,0.0257
hvfhv,254,dropoff,2024,5,82991,Bronx,Williamsbridge/Olinville,false,0.0257
hvfhv,254,dropoff,2024,6,81267,Bronx,Williamsbridge/Olinville,false,0.0257
hvfhv,254,dropoff,2025,2,82442,Bronx,Williamsbridge/Olinville,false,0.0257
hvfhv,254,dropoff,2025,3,90057,Bronx,Williamsbridge/Olinville,false,0.0257
hvfhv,254,dropoff,2025,4,83170,Bronx,Williamsbridge/Olinville,false,0.0257
hvfhv,254,dropoff,2025,5,89689,Bronx,Williamsbridge/Olinville,false,0.0257
hvfhv,254,dropoff,2025,6,85033,Bronx,Williamsbridge/Olinville,false,0.0257
hvfhv,254,pickup,2024,2,91643,Bronx,Williamsbridge/Olinville,false,0.0218
hvfhv,254,pickup,2024,3,103593,Bronx,Williamsbridge/Olinville,false,0.0218
hvfhv,254,pickup,2024,4,93835,Bronx,Williamsbridge/Olinville,false,0.0218
hvfhv,254,pickup,2024,5,95593,Bronx,Williamsbridge/Olinville,false,0.0218
hvfhv,254,pickup,2024,6,94965,Bronx,Williamsbridge/Olinville,false,0.0218
hvfhv,254,pickup,2025,2,95609,Bronx,Williamsbridge/Olinville,false,0.0218
hvfhv,254,pickup,2025,3,105501,Bronx,Williamsbridge/Olinville,false,0.0218
hvfhv,254,pickup,2025,4,98303,Bronx,Williamsbridge/Olinville,false,0.0218
hvfhv,254,pickup,2025,5,104632,Bronx,Williamsbridge/Olinville,false,0.0218
hvfhv,254,pickup,2025,6,99829,Bronx,Williamsbridge/Olinville,false,0.0218
hvfhv,255,dropoff,2024,2,172763,Brooklyn,Williamsburg (North Side),false,0.2387
hvfhv,255,dropoff,2024,3,199500,Brooklyn,Williamsburg (North Side),false,0.2387
hvfhv,255,dropoff,2024,4,185981,Brooklyn,Williamsburg (North Side),false,0.2387
hvfhv,255,dropoff,2024,5,189345,Brooklyn,Williamsburg (North Side),false,0.2387
hvfhv,255,dropoff,2024,6,200987,Brooklyn,Williamsburg (North Side),false,0.2387
hvfhv,255,dropoff,2025,2,179477,Brooklyn,Williamsburg (North Side),false,0.2387
hvfhv,255,dropoff,2025,3,184962,Brooklyn,Williamsburg (North Side),false,0.2387
hvfhv,255,dropoff,2025,4,180830,Brooklyn,Williamsburg (North Side),false,0.2387
hvfhv,255,dropoff,2025,5,197303,Brooklyn,Williamsburg (North Side),false,0.2387
hvfhv,255,dropoff,2025,6,185097,Brooklyn,Williamsburg (North Side),false,0.2387
hvfhv,255,pickup,2024,2,188224,Brooklyn,Williamsburg (North Side),false,0.2127
hvfhv,255,pickup,2024,3,217935,Brooklyn,Williamsburg (North Side),false,0.2127
hvfhv,255,pickup,2024,4,203597,Brooklyn,Williamsburg (North Side),false,0.2127
hvfhv,255,pickup,2024,5,209248,Brooklyn,Williamsburg (North Side),false,0.2127
hvfhv,255,pickup,2024,6,223852,Brooklyn,Williamsburg (North Side),false,0.2127
hvfhv,255,pickup,2025,2,194062,Brooklyn,Williamsburg (North Side),false,0.2127
hvfhv,255,pickup,2025,3,203059,Brooklyn,Williamsburg (North Side),false,0.2127
hvfhv,255,pickup,2025,4,194990,Brooklyn,Williamsburg (North Side),false,0.2127
hvfhv,255,pickup,2025,5,218810,Brooklyn,Williamsburg (North Side),false,0.2127
hvfhv,255,pickup,2025,6,204482,Brooklyn,Williamsburg (North Side),false,0.2127
hvfhv,256,dropoff,2024,2,154190,Brooklyn,Williamsburg (South Side),false,0.2606
hvfhv,256,dropoff,2024,3,169251,Brooklyn,Williamsburg (South Side),false,0.2606
hvfhv,256,dropoff,2024,4,151711,Brooklyn,Williamsburg (South Side),false,0.2606
hvfhv,256,dropoff,2024,5,161630,Brooklyn,Williamsburg (South Side),false,0.2606
hvfhv,256,dropoff,2024,6,164670,Brooklyn,Williamsburg (South Side),false,0.2606
hvfhv,256,dropoff,2025,2,158526,Brooklyn,Williamsburg (South Side),false,0.2606
hvfhv,256,dropoff,2025,3,163741,Brooklyn,Williamsburg (South Side),false,0.2606
hvfhv,256,dropoff,2025,4,154713,Brooklyn,Williamsburg (South Side),false,0.2606
hvfhv,256,dropoff,2025,5,173400,Brooklyn,Williamsburg (South Side),false,0.2606
hvfhv,256,dropoff,2025,6,159622,Brooklyn,Williamsburg (South Side),false,0.2606
hvfhv,256,pickup,2024,2,162293,Brooklyn,Williamsburg (South Side),false,0.2158
hvfhv,256,pickup,2024,3,178302,Brooklyn,Williamsburg (South Side),false,0.2158
hvfhv,256,pickup,2024,4,161299,Brooklyn,Williamsburg (South Side),false,0.2158
hvfhv,256,pickup,2024,5,172881,Brooklyn,Williamsburg (South Side),false,0.2158
hvfhv,256,pickup,2024,6,179697,Brooklyn,Williamsburg (South Side),false,0.2158
hvfhv,256,pickup,2025,2,163622,Brooklyn,Williamsburg (South Side),false,0.2158
hvfhv,256,pickup,2025,3,169622,Brooklyn,Williamsburg (South Side),false,0.2158
hvfhv,256,pickup,2025,4,161411,Brooklyn,Williamsburg (South Side),false,0.2158
hvfhv,256,pickup,2025,5,182146,Brooklyn,Williamsburg (South Side),false,0.2158
hvfhv,256,pickup,2025,6,171120,Brooklyn,Williamsburg (South Side),false,0.2158
hvfhv,257,dropoff,2024,2,30538,Brooklyn,Windsor Terrace,false,0.1426
hvfhv,257,dropoff,2024,3,34292,Brooklyn,Windsor Terrace,false,0.1426
hvfhv,257,dropoff,2024,4,31012,Brooklyn,Windsor Terrace,false,0.1426
hvfhv,257,dropoff,2024,5,32981,Brooklyn,Windsor Terrace,false,0.1426
hvfhv,257,dropoff,2024,6,34406,Brooklyn,Windsor Terrace,false,0.1426
hvfhv,257,dropoff,2025,2,32416,Brooklyn,Windsor Terrace,false,0.1426
hvfhv,257,dropoff,2025,3,33055,Brooklyn,Windsor Terrace,false,0.1426
hvfhv,257,dropoff,2025,4,33218,Brooklyn,Windsor Terrace,false,0.1426
hvfhv,257,dropoff,2025,5,36614,Brooklyn,Windsor Terrace,false,0.1426
hvfhv,257,dropoff,2025,6,34313,Brooklyn,Windsor Terrace,false,0.1426
hvfhv,257,pickup,2024,2,27650,Brooklyn,Windsor Terrace,false,0.1114
hvfhv,257,pickup,2024,3,31089,Brooklyn,Windsor Terrace,false,0.1114
hvfhv,257,pickup,2024,4,28022,Brooklyn,Windsor Terrace,false,0.1114
hvfhv,257,pickup,2024,5,30240,Brooklyn,Windsor Terrace,false,0.1114
hvfhv,257,pickup,2024,6,29957,Brooklyn,Windsor Terrace,false,0.1114
hvfhv,257,pickup,2025,2,29288,Brooklyn,Windsor Terrace,false,0.1114
hvfhv,257,pickup,2025,3,31045,Brooklyn,Windsor Terrace,false,0.1114
hvfhv,257,pickup,2025,4,31081,Brooklyn,Windsor Terrace,false,0.1114
hvfhv,257,pickup,2025,5,34254,Brooklyn,Windsor Terrace,false,0.1114
hvfhv,257,pickup,2025,6,31776,Brooklyn,Windsor Terrace,false,0.1114
hvfhv,258,dropoff,2024,2,55270,Queens,Woodhaven,false,0.0382
hvfhv,258,dropoff,2024,3,62573,Queens,Woodhaven,false,0.0382
hvfhv,258,dropoff,2024,4,57084,Queens,Woodhaven,false,0.0382
hvfhv,258,dropoff,2024,5,60575,Queens,Woodhaven,false,0.0382
hvfhv,258,dropoff,2024,6,58359,Queens,Woodhaven,false,0.0382
hvfhv,258,dropoff,2025,2,55988,Queens,Woodhaven,false,0.0382
hvfhv,258,dropoff,2025,3,61083,Queens,Woodhaven,false,0.0382
hvfhv,258,dropoff,2025,4,58077,Queens,Woodhaven,false,0.0382
hvfhv,258,dropoff,2025,5,63061,Queens,Woodhaven,false,0.0382
hvfhv,258,dropoff,2025,6,60710,Queens,Woodhaven,false,0.0382
hvfhv,258,pickup,2024,2,60398,Queens,Woodhaven,false,0.029
hvfhv,258,pickup,2024,3,68697,Queens,Woodhaven,false,0.029
hvfhv,258,pickup,2024,4,62671,Queens,Woodhaven,false,0.029
hvfhv,258,pickup,2024,5,65899,Queens,Woodhaven,false,0.029
hvfhv,258,pickup,2024,6,63737,Queens,Woodhaven,false,0.029
hvfhv,258,pickup,2025,2,61992,Queens,Woodhaven,false,0.029
hvfhv,258,pickup,2025,3,67015,Queens,Woodhaven,false,0.029
hvfhv,258,pickup,2025,4,64006,Queens,Woodhaven,false,0.029
hvfhv,258,pickup,2025,5,69495,Queens,Woodhaven,false,0.029
hvfhv,258,pickup,2025,6,67390,Queens,Woodhaven,false,0.029
hvfhv,259,dropoff,2024,2,48546,Bronx,Woodlawn/Wakefield,false,0.0411
hvfhv,259,dropoff,2024,3,54057,Bronx,Woodlawn/Wakefield,false,0.0411
hvfhv,259,dropoff,2024,4,50724,Bronx,Woodlawn/Wakefield,false,0.0411
hvfhv,259,dropoff,2024,5,50810,Bronx,Woodlawn/Wakefield,false,0.0411
hvfhv,259,dropoff,2024,6,49746,Bronx,Woodlawn/Wakefield,false,0.0411
hvfhv,259,dropoff,2025,2,50352,Bronx,Woodlawn/Wakefield,false,0.0411
hvfhv,259,dropoff,2025,3,55294,Bronx,Woodlawn/Wakefield,false,0.0411
hvfhv,259,dropoff,2025,4,51977,Bronx,Woodlawn/Wakefield,false,0.0411
hvfhv,259,dropoff,2025,5,56187,Bronx,Woodlawn/Wakefield,false,0.0411
hvfhv,259,dropoff,2025,6,52791,Bronx,Woodlawn/Wakefield,false,0.0411
hvfhv,259,pickup,2024,2,61304,Bronx,Woodlawn/Wakefield,false,0.0236
hvfhv,259,pickup,2024,3,68543,Bronx,Woodlawn/Wakefield,false,0.0236
hvfhv,259,pickup,2024,4,63493,Bronx,Woodlawn/Wakefield,false,0.0236
hvfhv,259,pickup,2024,5,65191,Bronx,Woodlawn/Wakefield,false,0.0236
hvfhv,259,pickup,2024,6,64182,Bronx,Woodlawn/Wakefield,false,0.0236
hvfhv,259,pickup,2025,2,64595,Bronx,Woodlawn/Wakefield,false,0.0236
hvfhv,259,pickup,2025,3,72105,Bronx,Woodlawn/Wakefield,false,0.0236
hvfhv,259,pickup,2025,4,67380,Bronx,Woodlawn/Wakefield,false,0.0236
hvfhv,259,pickup,2025,5,73144,Bronx,Woodlawn/Wakefield,false,0.0236
hvfhv,259,pickup,2025,6,69971,Bronx,Woodlawn/Wakefield,false,0.0236
hvfhv,260,dropoff,2024,2,81077,Queens,Woodside,false,0.0758
hvfhv,260,dropoff,2024,3,91436,Queens,Woodside,false,0.0758
hvfhv,260,dropoff,2024,4,84102,Queens,Woodside,false,0.0758
hvfhv,260,dropoff,2024,5,89445,Queens,Woodside,false,0.0758
hvfhv,260,dropoff,2024,6,89534,Queens,Woodside,false,0.0758
hvfhv,260,dropoff,2025,2,83405,Queens,Woodside,false,0.0758
hvfhv,260,dropoff,2025,3,89399,Queens,Woodside,false,0.0758
hvfhv,260,dropoff,2025,4,86472,Queens,Woodside,false,0.0758
hvfhv,260,dropoff,2025,5,95163,Queens,Woodside,false,0.0758
hvfhv,260,dropoff,2025,6,92850,Queens,Woodside,false,0.0758
hvfhv,260,pickup,2024,2,78735,Queens,Woodside,false,0.0645
hvfhv,260,pickup,2024,3,89262,Queens,Woodside,false,0.0645
hvfhv,260,pickup,2024,4,81648,Queens,Woodside,false,0.0645
hvfhv,260,pickup,2024,5,87097,Queens,Woodside,false,0.0645
hvfhv,260,pickup,2024,6,86584,Queens,Woodside,false,0.0645
hvfhv,260,pickup,2025,2,82941,Queens,Woodside,false,0.0645
hvfhv,260,pickup,2025,3,87953,Queens,Woodside,false,0.0645
hvfhv,260,pickup,2025,4,85703,Queens,Woodside,false,0.0645
hvfhv,260,pickup,2025,5,94203,Queens,Woodside,false,0.0645
hvfhv,260,pickup,2025,6,93333,Queens,Woodside,false,0.0645
hvfhv,261,dropoff,2024,2,68895,Manhattan,World Trade Center,true,1.0
hvfhv,261,dropoff,2024,3,76923,Manhattan,World Trade Center,true,1.0
hvfhv,261,dropoff,2024,4,71635,Manhattan,World Trade Center,true,1.0
hvfhv,261,dropoff,2024,5,75055,Manhattan,World Trade Center,true,1.0
hvfhv,261,dropoff,2024,6,72635,Manhattan,World Trade Center,true,1.0
hvfhv,261,dropoff,2025,2,65912,Manhattan,World Trade Center,true,1.0
hvfhv,261,dropoff,2025,3,70945,Manhattan,World Trade Center,true,1.0
hvfhv,261,dropoff,2025,4,72375,Manhattan,World Trade Center,true,1.0
hvfhv,261,dropoff,2025,5,73744,Manhattan,World Trade Center,true,1.0
hvfhv,261,dropoff,2025,6,68805,Manhattan,World Trade Center,true,1.0
hvfhv,261,pickup,2024,2,69061,Manhattan,World Trade Center,true,1.0
hvfhv,261,pickup,2024,3,77680,Manhattan,World Trade Center,true,1.0
hvfhv,261,pickup,2024,4,72882,Manhattan,World Trade Center,true,1.0
hvfhv,261,pickup,2024,5,77838,Manhattan,World Trade Center,true,1.0
hvfhv,261,pickup,2024,6,75779,Manhattan,World Trade Center,true,1.0
hvfhv,261,pickup,2025,2,69229,Manhattan,World Trade Center,true,1.0
hvfhv,261,pickup,2025,3,73353,Manhattan,World Trade Center,true,1.0
hvfhv,261,pickup,2025,4,74369,Manhattan,World Trade Center,true,1.0
hvfhv,261,pickup,2025,5,76035,Manhattan,World Trade Center,true,1.0
hvfhv,261,pickup,2025,6,70214,Manhattan,World Trade Center,true,1.0
hvfhv,262,dropoff,2024,2,61931,Manhattan,Yorkville East,false,0.3777
hvfhv,262,dropoff,2024,3,64042,Manhattan,Yorkville East,false,0.3777
hvfhv,262,dropoff,2024,4,62357,Manhattan,Yorkville East,false,0.3777
hvfhv,262,dropoff,2024,5,64063,Manhattan,Yorkville East,false,0.3777
hvfhv,262,dropoff,2024,6,59662,Manhattan,Yorkville East,false,0.3777
hvfhv,262,dropoff,2025,2,58262,Manhattan,Yorkville East,false,0.3777
hvfhv,262,dropoff,2025,3,57812,Manhattan,Yorkville East,false,0.3777
hvfhv,262,dropoff,2025,4,59060,Manhattan,Yorkville East,false,0.3777
hvfhv,262,dropoff,2025,5,60365,Manhattan,Yorkville East,false,0.3777
hvfhv,262,dropoff,2025,6,53618,Manhattan,Yorkville East,false,0.3777
hvfhv,262,pickup,2024,2,73707,Manhattan,Yorkville East,false,0.3694
hvfhv,262,pickup,2024,3,75789,Manhattan,Yorkville East,false,0.3694
hvfhv,262,pickup,2024,4,74027,Manhattan,Yorkville East,false,0.3694
hvfhv,262,pickup,2024,5,76844,Manhattan,Yorkville East,false,0.3694
hvfhv,262,pickup,2024,6,71181,Manhattan,Yorkville East,false,0.3694
hvfhv,262,pickup,2025,2,68475,Manhattan,Yorkville East,false,0.3694
hvfhv,262,pickup,2025,3,69035,Manhattan,Yorkville East,false,0.3694
hvfhv,262,pickup,2025,4,70746,Manhattan,Yorkville East,false,0.3694
hvfhv,262,pickup,2025,5,72536,Manhattan,Yorkville East,false,0.3694
hvfhv,262,pickup,2025,6,65252,Manhattan,Yorkville East,false,0.3694
hvfhv,263,dropoff,2024,2,100884,Manhattan,Yorkville West,false,0.3738
hvfhv,263,dropoff,2024,3,104661,Manhattan,Yorkville West,false,0.3738
hvfhv,263,dropoff,2024,4,97765,Manhattan,Yorkville West,false,0.3738
hvfhv,263,dropoff,2024,5,99513,Manhattan,Yorkville West,false,0.3738
hvfhv,263,dropoff,2024,6,95409,Manhattan,Yorkville West,false,0.3738
hvfhv,263,dropoff,2025,2,96329,Manhattan,Yorkville West,false,0.3738
hvfhv,263,dropoff,2025,3,96474,Manhattan,Yorkville West,false,0.3738
hvfhv,263,dropoff,2025,4,95624,Manhattan,Yorkville West,false,0.3738
hvfhv,263,dropoff,2025,5,97094,Manhattan,Yorkville West,false,0.3738
hvfhv,263,dropoff,2025,6,87992,Manhattan,Yorkville West,false,0.3738
hvfhv,263,pickup,2024,2,108643,Manhattan,Yorkville West,false,0.3214
hvfhv,263,pickup,2024,3,114532,Manhattan,Yorkville West,false,0.3214
hvfhv,263,pickup,2024,4,106998,Manhattan,Yorkville West,false,0.3214
hvfhv,263,pickup,2024,5,110669,Manhattan,Yorkville West,false,0.3214
hvfhv,263,pickup,2024,6,106452,Manhattan,Yorkville West,false,0.3214
hvfhv,263,pickup,2025,2,105185,Manhattan,Yorkville West,false,0.3214
hvfhv,263,pickup,2025,3,106339,Manhattan,Yorkville West,false,0.3214
hvfhv,263,pickup,2025,4,105834,Manhattan,Yorkville West,false,0.3214
hvfhv,263,pickup,2025,5,109110,Manhattan,Yorkville West,false,0.3214
hvfhv,263,pickup,2025,6,98291,Manhattan,Yorkville West,false,0.3214
hvfhv,264,dropoff,2025,2,1,Unknown,N/A,false,
hvfhv,264,dropoff,2025,6,563,Unknown,N/A,false,
hvfhv,264,pickup,2025,2,5,Unknown,N/A,false,
hvfhv,265,dropoff,2024,2,753414,N/A,Outside of NYC,false,0.3493
hvfhv,265,dropoff,2024,3,832942,N/A,Outside of NYC,false,0.3493
hvfhv,265,dropoff,2024,4,805529,N/A,Outside of NYC,false,0.3493
hvfhv,265,dropoff,2024,5,872688,N/A,Outside of NYC,false,0.3493
hvfhv,265,dropoff,2024,6,864305,N/A,Outside of NYC,false,0.3493
hvfhv,265,dropoff,2025,2,804422,N/A,Outside of NYC,false,0.3493
hvfhv,265,dropoff,2025,3,905110,N/A,Outside of NYC,false,0.3493
hvfhv,265,dropoff,2025,4,875093,N/A,Outside of NYC,false,0.3493
hvfhv,265,dropoff,2025,5,973596,N/A,Outside of NYC,false,0.3493
hvfhv,265,dropoff,2025,6,929174,N/A,Outside of NYC,false,0.3493
hvfhv,265,pickup,2024,2,734,N/A,Outside of NYC,false,0.0223
hvfhv,265,pickup,2024,3,795,N/A,Outside of NYC,false,0.0223
hvfhv,265,pickup,2024,4,768,N/A,Outside of NYC,false,0.0223
hvfhv,265,pickup,2024,5,840,N/A,Outside of NYC,false,0.0223
hvfhv,265,pickup,2024,6,857,N/A,Outside of NYC,false,0.0223
hvfhv,265,pickup,2025,2,703,N/A,Outside of NYC,false,0.0223
hvfhv,265,pickup,2025,3,798,N/A,Outside of NYC,false,0.0223
hvfhv,265,pickup,2025,4,844,N/A,Outside of NYC,false,0.0223
hvfhv,265,pickup,2025,5,861,N/A,Outside of NYC,false,0.0223
hvfhv,265,pickup,2025,6,912,N/A,Outside of NYC,false,0.0223
yellow,1,dropoff,2024,2,6291,EWR,Newark Airport,false,0.8191
yellow,1,dropoff,2024,3,7602,EWR,Newark Airport,false,0.8191
yellow,1,dropoff,2024,4,8305,EWR,Newark Airport,false,0.8191
yellow,1,dropoff,2024,5,9472,EWR,Newark Airport,false,0.8191
yellow,1,dropoff,2024,6,8317,EWR,Newark Airport,false,0.8191
yellow,1,dropoff,2025,2,5204,EWR,Newark Airport,false,0.8191
yellow,1,dropoff,2025,3,7228,EWR,Newark Airport,false,0.8191
yellow,1,dropoff,2025,4,6863,EWR,Newark Airport,false,0.8191
yellow,1,dropoff,2025,5,7126,EWR,Newark Airport,false,0.8191
yellow,1,dropoff,2025,6,6378,EWR,Newark Airport,false,0.8191
yellow,1,pickup,2024,2,53,EWR,Newark Airport,false,0.0406
yellow,1,pickup,2024,3,72,EWR,Newark Airport,false,0.0406
yellow,1,pickup,2024,4,93,EWR,Newark Airport,false,0.0406
yellow,1,pickup,2024,5,129,EWR,Newark Airport,false,0.0406
yellow,1,pickup,2024,6,96,EWR,Newark Airport,false,0.0406
yellow,1,pickup,2025,2,76,EWR,Newark Airport,false,0.0406
yellow,1,pickup,2025,3,60,EWR,Newark Airport,false,0.0406
yellow,1,pickup,2025,4,87,EWR,Newark Airport,false,0.0406
yellow,1,pickup,2025,5,113,EWR,Newark Airport,false,0.0406
yellow,1,pickup,2025,6,86,EWR,Newark Airport,false,0.0406
yellow,2,dropoff,2024,2,5,Queens,Jamaica Bay,false,0.0667
yellow,2,dropoff,2024,3,6,Queens,Jamaica Bay,false,0.0667
yellow,2,dropoff,2024,4,6,Queens,Jamaica Bay,false,0.0667
yellow,2,dropoff,2024,5,8,Queens,Jamaica Bay,false,0.0667
yellow,2,dropoff,2024,6,5,Queens,Jamaica Bay,false,0.0667
yellow,2,dropoff,2025,2,5,Queens,Jamaica Bay,false,0.0667
yellow,2,dropoff,2025,3,5,Queens,Jamaica Bay,false,0.0667
yellow,2,dropoff,2025,4,6,Queens,Jamaica Bay,false,0.0667
yellow,2,dropoff,2025,5,8,Queens,Jamaica Bay,false,0.0667
yellow,2,dropoff,2025,6,7,Queens,Jamaica Bay,false,0.0667
yellow,2,pickup,2024,2,1,Queens,Jamaica Bay,false,0.375
yellow,2,pickup,2024,3,7,Queens,Jamaica Bay,false,0.375
yellow,2,pickup,2024,4,3,Queens,Jamaica Bay,false,0.375
yellow,2,pickup,2024,5,2,Queens,Jamaica Bay,false,0.375
yellow,2,pickup,2024,6,3,Queens,Jamaica Bay,false,0.375
yellow,2,pickup,2025,2,3,Queens,Jamaica Bay,false,0.375
yellow,2,pickup,2025,3,2,Queens,Jamaica Bay,false,0.375
yellow,2,pickup,2025,4,7,Queens,Jamaica Bay,false,0.375
yellow,2,pickup,2025,5,2,Queens,Jamaica Bay,false,0.375
yellow,2,pickup,2025,6,3,Queens,Jamaica Bay,false,0.375
yellow,3,dropoff,2024,2,193,Bronx,Allerton/Pelham Gardens,false,0.1742
yellow,3,dropoff,2024,3,236,Bronx,Allerton/Pelham Gardens,false,0.1742
yellow,3,dropoff,2024,4,229,Bronx,Allerton/Pelham Gardens,false,0.1742
yellow,3,dropoff,2024,5,272,Bronx,Allerton/Pelham Gardens,false,0.1742
yellow,3,dropoff,2024,6,241,Bronx,Allerton/Pelham Gardens,false,0.1742
yellow,3,dropoff,2025,2,160,Bronx,Allerton/Pelham Gardens,false,0.1742
yellow,3,dropoff,2025,3,214,Bronx,Allerton/Pelham Gardens,false,0.1742
yellow,3,dropoff,2025,4,227,Bronx,Allerton/Pelham Gardens,false,0.1742
yellow,3,dropoff,2025,5,238,Bronx,Allerton/Pelham Gardens,false,0.1742
yellow,3,dropoff,2025,6,246,Bronx,Allerton/Pelham Gardens,false,0.1742
yellow,3,pickup,2024,2,83,Bronx,Allerton/Pelham Gardens,false,0.3506
yellow,3,pickup,2024,3,100,Bronx,Allerton/Pelham Gardens,false,0.3506
yellow,3,pickup,2024,4,107,Bronx,Allerton/Pelham Gardens,false,0.3506
yellow,3,pickup,2024,5,106,Bronx,Allerton/Pelham Gardens,false,0.3506
yellow,3,pickup,2024,6,86,Bronx,Allerton/Pelham Gardens,false,0.3506
yellow,3,pickup,2025,2,88,Bronx,Allerton/Pelham Gardens,false,0.3506
yellow,3,pickup,2025,3,114,Bronx,Allerton/Pelham Gardens,false,0.3506
yellow,3,pickup,2025,4,117,Bronx,Allerton/Pelham Gardens,false,0.3506
yellow,3,pickup,2025,5,114,Bronx,Allerton/Pelham Gardens,false,0.3506
yellow,3,pickup,2025,6,117,Bronx,Allerton/Pelham Gardens,false,0.3506
yellow,4,dropoff,2024,2,10543,Manhattan,Alphabet City,true,1.0
yellow,4,dropoff,2024,3,11888,Manhattan,Alphabet City,true,1.0
yellow,4,dropoff,2024,4,10694,Manhattan,Alphabet City,true,1.0
yellow,4,dropoff,2024,5,11313,Manhattan,Alphabet City,true,1.0
yellow,4,dropoff,2024,6,10551,Manhattan,Alphabet City,true,1.0
yellow,4,dropoff,2025,2,10328,Manhattan,Alphabet City,true,1.0
yellow,4,dropoff,2025,3,11549,Manhattan,Alphabet City,true,1.0
yellow,4,dropoff,2025,4,10552,Manhattan,Alphabet City,true,1.0
yellow,4,dropoff,2025,5,11271,Manhattan,Alphabet City,true,1.0
yellow,4,dropoff,2025,6,10084,Manhattan,Alphabet City,true,1.0
yellow,4,pickup,2024,2,3070,Manhattan,Alphabet City,true,1.0
yellow,4,pickup,2024,3,3559,Manhattan,Alphabet City,true,1.0
yellow,4,pickup,2024,4,3206,Manhattan,Alphabet City,true,1.0
yellow,4,pickup,2024,5,3164,Manhattan,Alphabet City,true,1.0
yellow,4,pickup,2024,6,3146,Manhattan,Alphabet City,true,1.0
yellow,4,pickup,2025,2,3425,Manhattan,Alphabet City,true,1.0
yellow,4,pickup,2025,3,4418,Manhattan,Alphabet City,true,1.0
yellow,4,pickup,2025,4,3640,Manhattan,Alphabet City,true,1.0
yellow,4,pickup,2025,5,4044,Manhattan,Alphabet City,true,1.0
yellow,4,pickup,2025,6,3492,Manhattan,Alphabet City,true,1.0
yellow,5,dropoff,2024,2,9,Staten Island,Arden Heights,false,0.3636
yellow,5,dropoff,2024,3,12,Staten Island,Arden Heights,false,0.3636
yellow,5,dropoff,2024,4,16,Staten Island,Arden Heights,false,0.3636
yellow,5,dropoff,2024,5,15,Staten Island,Arden Heights,false,0.3636
yellow,5,dropoff,2024,6,14,Staten Island,Arden Heights,false,0.3636
yellow,5,dropoff,2025,2,5,Staten Island,Arden Heights,false,0.3636
yellow,5,dropoff,2025,3,7,Staten Island,Arden Heights,false,0.3636
yellow,5,dropoff,2025,4,8,Staten Island,Arden Heights,false,0.3636
yellow,5,dropoff,2025,5,12,Staten Island,Arden Heights,false,0.3636
yellow,5,dropoff,2025,6,12,Staten Island,Arden Heights,false,0.3636
yellow,6,dropoff,2024,2,55,Staten Island,Arrochar/Fort Wadsworth,false,0.2392
yellow,6,dropoff,2024,3,73,Staten Island,Arrochar/Fort Wadsworth,false,0.2392
yellow,6,dropoff,2024,4,92,Staten Island,Arrochar/Fort Wadsworth,false,0.2392
yellow,6,dropoff,2024,5,85,Staten Island,Arrochar/Fort Wadsworth,false,0.2392
yellow,6,dropoff,2024,6,88,Staten Island,Arrochar/Fort Wadsworth,false,0.2392
yellow,6,dropoff,2025,2,52,Staten Island,Arrochar/Fort Wadsworth,false,0.2392
yellow,6,dropoff,2025,3,68,Staten Island,Arrochar/Fort Wadsworth,false,0.2392
yellow,6,dropoff,2025,4,64,Staten Island,Arrochar/Fort Wadsworth,false,0.2392
yellow,6,dropoff,2025,5,81,Staten Island,Arrochar/Fort Wadsworth,false,0.2392
yellow,6,dropoff,2025,6,77,Staten Island,Arrochar/Fort Wadsworth,false,0.2392
yellow,6,pickup,2024,2,15,Staten Island,Arrochar/Fort Wadsworth,false,0.0897
yellow,6,pickup,2024,3,21,Staten Island,Arrochar/Fort Wadsworth,false,0.0897
yellow,6,pickup,2024,4,25,Staten Island,Arrochar/Fort Wadsworth,false,0.0897
yellow,6,pickup,2024,5,46,Staten Island,Arrochar/Fort Wadsworth,false,0.0897
yellow,6,pickup,2024,6,38,Staten Island,Arrochar/Fort Wadsworth,false,0.0897
yellow,6,pickup,2025,2,43,Staten Island,Arrochar/Fort Wadsworth,false,0.0897
yellow,6,pickup,2025,3,47,Staten Island,Arrochar/Fort Wadsworth,false,0.0897
yellow,6,pickup,2025,4,43,Staten Island,Arrochar/Fort Wadsworth,false,0.0897
yellow,6,pickup,2025,5,45,Staten Island,Arrochar/Fort Wadsworth,false,0.0897
yellow,6,pickup,2025,6,38,Staten Island,Arrochar/Fort Wadsworth,false,0.0897
yellow,7,dropoff,2024,2,6491,Queens,Astoria,false,0.4455
yellow,7,dropoff,2024,3,7213,Queens,Astoria,false,0.4455
yellow,7,dropoff,2024,4,7105,Queens,Astoria,false,0.4455
yellow,7,dropoff,2024,5,7279,Queens,Astoria,false,0.4455
yellow,7,dropoff,2024,6,6719,Queens,Astoria,false,0.4455
yellow,7,dropoff,2025,2,5073,Queens,Astoria,false,0.4455
yellow,7,dropoff,2025,3,6746,Queens,Astoria,false,0.4455
yellow,7,dropoff,2025,4,5986,Queens,Astoria,false,0.4455
yellow,7,dropoff,2025,5,6942,Queens,Astoria,false,0.4455
yellow,7,dropoff,2025,6,6342,Queens,Astoria,false,0.4455
yellow,7,pickup,2024,2,937,Queens,Astoria,false,0.1836
yellow,7,pickup,2024,3,1225,Queens,Astoria,false,0.1836
yellow,7,pickup,2024,4,1158,Queens,Astoria,false,0.1836
yellow,7,pickup,2024,5,1249,Queens,Astoria,false,0.1836
yellow,7,pickup,2024,6,1171,Queens,Astoria,false,0.1836
yellow,7,pickup,2025,2,993,Queens,Astoria,false,0.1836
yellow,7,pickup,2025,3,1239,Queens,Astoria,false,0.1836
yellow,7,pickup,2025,4,1176,Queens,Astoria,false,0.1836
yellow,7,pickup,2025,5,1276,Queens,Astoria,false,0.1836
yellow,7,pickup,2025,6,1239,Queens,Astoria,false,0.1836
yellow,8,dropoff,2024,2,27,Queens,Astoria Park,false,0.3098
yellow,8,dropoff,2024,3,34,Queens,Astoria Park,false,0.3098
yellow,8,dropoff,2024,4,41,Queens,Astoria Park,false,0.3098
yellow,8,dropoff,2024,5,32,Queens,Astoria Park,false,0.3098
yellow,8,dropoff,2024,6,50,Queens,Astoria Park,false,0.3098
yellow,8,dropoff,2025,2,23,Queens,Astoria Park,false,0.3098
yellow,8,dropoff,2025,3,42,Queens,Astoria Park,false,0.3098
yellow,8,dropoff,2025,4,39,Queens,Astoria Park,false,0.3098
yellow,8,dropoff,2025,5,36,Queens,Astoria Park,false,0.3098
yellow,8,dropoff,2025,6,40,Queens,Astoria Park,false,0.3098
yellow,8,pickup,2024,2,2,Queens,Astoria Park,false,0.1321
yellow,8,pickup,2024,3,6,Queens,Astoria Park,false,0.1321
yellow,8,pickup,2024,4,12,Queens,Astoria Park,false,0.1321
yellow,8,pickup,2024,5,16,Queens,Astoria Park,false,0.1321
yellow,8,pickup,2024,6,17,Queens,Astoria Park,false,0.1321
yellow,8,pickup,2025,2,10,Queens,Astoria Park,false,0.1321
yellow,8,pickup,2025,3,13,Queens,Astoria Park,false,0.1321
yellow,8,pickup,2025,4,16,Queens,Astoria Park,false,0.1321
yellow,8,pickup,2025,5,16,Queens,Astoria Park,false,0.1321
yellow,8,pickup,2025,6,24,Queens,Astoria Park,false,0.1321
yellow,9,dropoff,2024,2,224,Queens,Auburndale,false,0.1182
yellow,9,dropoff,2024,3,271,Queens,Auburndale,false,0.1182
yellow,9,dropoff,2024,4,273,Queens,Auburndale,false,0.1182
yellow,9,dropoff,2024,5,320,Queens,Auburndale,false,0.1182
yellow,9,dropoff,2024,6,316,Queens,Auburndale,false,0.1182
yellow,9,dropoff,2025,2,210,Queens,Auburndale,false,0.1182
yellow,9,dropoff,2025,3,249,Queens,Auburndale,false,0.1182
yellow,9,dropoff,2025,4,251,Queens,Auburndale,false,0.1182
yellow,9,dropoff,2025,5,302,Queens,Auburndale,false,0.1182
yellow,9,dropoff,2025,6,318,Queens,Auburndale,false,0.1182
yellow,9,pickup,2024,2,48,Queens,Auburndale,false,0.1532
yellow,9,pickup,2024,3,38,Queens,Auburndale,false,0.1532
yellow,9,pickup,2024,4,48,Queens,Auburndale,false,0.1532
yellow,9,pickup,2024,5,49,Queens,Auburndale,false,0.1532
yellow,9,pickup,2024,6,39,Queens,Auburndale,false,0.1532
yellow,9,pickup,2025,2,32,Queens,Auburndale,false,0.1532
yellow,9,pickup,2025,3,28,Queens,Auburndale,false,0.1532
yellow,9,pickup,2025,4,40,Queens,Auburndale,false,0.1532
yellow,9,pickup,2025,5,44,Queens,Auburndale,false,0.1532
yellow,9,pickup,2025,6,37,Queens,Auburndale,false,0.1532
yellow,10,dropoff,2024,2,2036,Queens,Baisley Park,false,0.0586
yellow,10,dropoff,2024,3,2641,Queens,Baisley Park,false,0.0586
yellow,10,dropoff,2024,4,2549,Queens,Baisley Park,false,0.0586
yellow,10,dropoff,2024,5,2867,Queens,Baisley Park,false,0.0586
yellow,10,dropoff,2024,6,2819,Queens,Baisley Park,false,0.0586
yellow,10,dropoff,2025,2,2027,Queens,Baisley Park,false,0.0586
yellow,10,dropoff,2025,3,2669,Queens,Baisley Park,false,0.0586
yellow,10,dropoff,2025,4,2562,Queens,Baisley Park,false,0.0586
yellow,10,dropoff,2025,5,3136,Queens,Baisley Park,false,0.0586
yellow,10,dropoff,2025,6,3231,Queens,Baisley Park,false,0.0586
yellow,10,pickup,2024,2,827,Queens,Baisley Park,false,0.438
yellow,10,pickup,2024,3,1049,Queens,Baisley Park,false,0.438
yellow,10,pickup,2024,4,1061,Queens,Baisley Park,false,0.438
yellow,10,pickup,2024,5,1052,Queens,Baisley Park,false,0.438
yellow,10,pickup,2024,6,1025,Queens,Baisley Park,false,0.438
yellow,10,pickup,2025,2,633,Queens,Baisley Park,false,0.438
yellow,10,pickup,2025,3,858,Queens,Baisley Park,false,0.438
yellow,10,pickup,2025,4,921,Queens,Baisley Park,false,0.438
yellow,10,pickup,2025,5,1033,Queens,Baisley Park,false,0.438
yellow,10,pickup,2025,6,988,Queens,Baisley Park,false,0.438
yellow,11,dropoff,2024,2,166,Brooklyn,Bath Beach,false,0.251
yellow,11,dropoff,2024,3,205,Brooklyn,Bath Beach,false,0.251
yellow,11,dropoff,2024,4,193,Brooklyn,Bath Beach,false,0.251
yellow,11,dropoff,2024,5,221,Brooklyn,Bath Beach,false,0.251
yellow,11,dropoff,2024,6,191,Brooklyn,Bath Beach,false,0.251
yellow,11,dropoff,2025,2,139,Brooklyn,Bath Beach,false,0.251
yellow,11,dropoff,2025,3,196,Brooklyn,Bath Beach,false,0.251
yellow,11,dropoff,2025,4,187,Brooklyn,Bath Beach,false,0.251
yellow,11,dropoff,2025,5,218,Brooklyn,Bath Beach,false,0.251
yellow,11,dropoff,2025,6,201,Brooklyn,Bath Beach,false,0.251
yellow,11,pickup,2024,2,55,Brooklyn,Bath Beach,false,0.1903
yellow,11,pickup,2024,3,76,Brooklyn,Bath Beach,false,0.1903
yellow,11,pickup,2024,4,69,Brooklyn,Bath Beach,false,0.1903
yellow,11,pickup,2024,5,88,Brooklyn,Bath Beach,false,0.1903
yellow,11,pickup,2024,6,64,Brooklyn,Bath Beach,false,0.1903
yellow,11,pickup,2025,2,87,Brooklyn,Bath Beach,false,0.1903
yellow,11,pickup,2025,3,76,Brooklyn,Bath Beach,false,0.1903
yellow,11,pickup,2025,4,82,Brooklyn,Bath Beach,false,0.1903
yellow,11,pickup,2025,5,96,Brooklyn,Bath Beach,false,0.1903
yellow,11,pickup,2025,6,95,Brooklyn,Bath Beach,false,0.1903
yellow,12,dropoff,2024,2,1216,Manhattan,Battery Park,true,1.0
yellow,12,dropoff,2024,3,1892,Manhattan,Battery Park,true,1.0
yellow,12,dropoff,2024,4,1724,Manhattan,Battery Park,true,1.0
yellow,12,dropoff,2024,5,1803,Manhattan,Battery Park,true,1.0
yellow,12,dropoff,2024,6,2119,Manhattan,Battery Park,true,1.0
yellow,12,dropoff,2025,2,843,Manhattan,Battery Park,true,1.0
yellow,12,dropoff,2025,3,1525,Manhattan,Battery Park,true,1.0
yellow,12,dropoff,2025,4,1879,Manhattan,Battery Park,true,1.0
yellow,12,dropoff,2025,5,1580,Manhattan,Battery Park,true,1.0
yellow,12,dropoff,2025,6,1730,Manhattan,Battery Park,true,1.0
yellow,12,pickup,2024,2,766,Manhattan,Battery Park,true,1.0
yellow,12,pickup,2024,3,1063,Manhattan,Battery Park,true,1.0
yellow,12,pickup,2024,4,1171,Manhattan,Battery Park,true,1.0
yellow,12,pickup,2024,5,1264,Manhattan,Battery Park,true,1.0
yellow,12,pickup,2024,6,1426,Manhattan,Battery Park,true,1.0
yellow,12,pickup,2025,2,592,Manhattan,Battery Park,true,1.0
yellow,12,pickup,2025,3,982,Manhattan,Battery Park,true,1.0
yellow,12,pickup,2025,4,1185,Manhattan,Battery Park,true,1.0
yellow,12,pickup,2025,5,1143,Manhattan,Battery Park,true,1.0
yellow,12,pickup,2025,6,1238,Manhattan,Battery Park,true,1.0
yellow,13,dropoff,2024,2,18518,Manhattan,Battery Park City,true,1.0
yellow,13,dropoff,2024,3,21804,Manhattan,Battery Park City,true,1.0
yellow,13,dropoff,2024,4,22152,Manhattan,Battery Park City,true,1.0
yellow,13,dropoff,2024,5,22997,Manhattan,Battery Park City,true,1.0
yellow,13,dropoff,2024,6,22736,Manhattan,Battery Park City,true,1.0
yellow,13,dropoff,2025,2,17437,Manhattan,Battery Park City,true,1.0
yellow,13,dropoff,2025,3,21702,Manhattan,Battery Park City,true,1.0
yellow,13,dropoff,2025,4,21906,Manhattan,Battery Park City,true,1.0
yellow,13,dropoff,2025,5,22330,Manhattan,Battery Park City,true,1.0
yellow,13,dropoff,2025,6,21079,Manhattan,Battery Park City,true,1.0
yellow,13,pickup,2024,2,15058,Manhattan,Battery Park City,true,1.0
yellow,13,pickup,2024,3,16858,Manhattan,Battery Park City,true,1.0
yellow,13,pickup,2024,4,17274,Manhattan,Battery Park City,true,1.0
yellow,13,pickup,2024,5,18633,Manhattan,Battery Park City,true,1.0
yellow,13,pickup,2024,6,18678,Manhattan,Battery Park City,true,1.0
yellow,13,pickup,2025,2,14664,Manhattan,Battery Park City,true,1.0
yellow,13,pickup,2025,3,17685,Manhattan,Battery Park City,true,1.0
yellow,13,pickup,2025,4,18331,Manhattan,Battery Park City,true,1.0
yellow,13,pickup,2025,5,18547,Manhattan,Battery Park City,true,1.0
yellow,13,pickup,2025,6,17830,Manhattan,Battery Park City,true,1.0
yellow,14,dropoff,2024,2,1589,Brooklyn,Bay Ridge,false,0.4273
yellow,14,dropoff,2024,3,1867,Brooklyn,Bay Ridge,false,0.4273
yellow,14,dropoff,2024,4,2053,Brooklyn,Bay Ridge,false,0.4273
yellow,14,dropoff,2024,5,1998,Brooklyn,Bay Ridge,false,0.4273
yellow,14,dropoff,2024,6,1862,Brooklyn,Bay Ridge,false,0.4273
yellow,14,dropoff,2025,2,1717,Brooklyn,Bay Ridge,false,0.4273
yellow,14,dropoff,2025,3,1966,Brooklyn,Bay Ridge,false,0.4273
yellow,14,dropoff,2025,4,1858,Brooklyn,Bay Ridge,false,0.4273
yellow,14,dropoff,2025,5,2156,Brooklyn,Bay Ridge,false,0.4273
yellow,14,dropoff,2025,6,1991,Brooklyn,Bay Ridge,false,0.4273
yellow,14,pickup,2024,2,315,Brooklyn,Bay Ridge,false,0.1954
yellow,14,pickup,2024,3,395,Brooklyn,Bay Ridge,false,0.1954
yellow,14,pickup,2024,4,369,Brooklyn,Bay Ridge,false,0.1954
yellow,14,pickup,2024,5,386,Brooklyn,Bay Ridge,false,0.1954
yellow,14,pickup,2024,6,352,Brooklyn,Bay Ridge,false,0.1954
yellow,14,pickup,2025,2,440,Brooklyn,Bay Ridge,false,0.1954
yellow,14,pickup,2025,3,425,Brooklyn,Bay Ridge,false,0.1954
yellow,14,pickup,2025,4,394,Brooklyn,Bay Ridge,false,0.1954
yellow,14,pickup,2025,5,526,Brooklyn,Bay Ridge,false,0.1954
yellow,14,pickup,2025,6,566,Brooklyn,Bay Ridge,false,0.1954
yellow,15,dropoff,2024,2,345,Queens,Bay Terrace/Fort Totten,false,0.103
yellow,15,dropoff,2024,3,355,Queens,Bay Terrace/Fort Totten,false,0.103
yellow,15,dropoff,2024,4,383,Queens,Bay Terrace/Fort Totten,false,0.103
yellow,15,dropoff,2024,5,365,Queens,Bay Terrace/Fort Totten,false,0.103
yellow,15,dropoff,2024,6,319,Queens,Bay Terrace/Fort Totten,false,0.103
yellow,15,dropoff,2025,2,291,Queens,Bay Terrace/Fort Totten,false,0.103
yellow,15,dropoff,2025,3,292,Queens,Bay Terrace/Fort Totten,false,0.103
yellow,15,dropoff,2025,4,327,Queens,Bay Terrace/Fort Totten,false,0.103
yellow,15,dropoff,2025,5,383,Queens,Bay Terrace/Fort Totten,false,0.103
yellow,15,dropoff,2025,6,325,Queens,Bay Terrace/Fort Totten,false,0.103
yellow,15,pickup,2024,2,43,Queens,Bay Terrace/Fort Totten,false,0.3375
yellow,15,pickup,2024,3,35,Queens,Bay Terrace/Fort Totten,false,0.3375
yellow,15,pickup,2024,4,36,Queens,Bay Terrace/Fort Totten,false,0.3375
yellow,15,pickup,2024,5,32,Queens,Bay Terrace/Fort Totten,false,0.3375
yellow,15,pickup,2024,6,14,Queens,Bay Terrace/Fort Totten,false,0.3375
yellow,15,pickup,2025,2,24,Queens,Bay Terrace/Fort Totten,false,0.3375
yellow,15,pickup,2025,3,18,Queens,Bay Terrace/Fort Totten,false,0.3375
yellow,15,pickup,2025,4,32,Queens,Bay Terrace/Fort Totten,false,0.3375
yellow,15,pickup,2025,5,37,Queens,Bay Terrace/Fort Totten,false,0.3375
yellow,15,pickup,2025,6,24,Queens,Bay Terrace/Fort Totten,false,0.3375
yellow,16,dropoff,2024,2,418,Queens,Bayside,false,0.1095
yellow,16,dropoff,2024,3,462,Queens,Bayside,false,0.1095
yellow,16,dropoff,2024,4,533,Queens,Bayside,false,0.1095
yellow,16,dropoff,2024,5,549,Queens,Bayside,false,0.1095
yellow,16,dropoff,2024,6,476,Queens,Bayside,false,0.1095
yellow,16,dropoff,2025,2,376,Queens,Bayside,false,0.1095
yellow,16,dropoff,2025,3,405,Queens,Bayside,false,0.1095
yellow,16,dropoff,2025,4,504,Queens,Bayside,false,0.1095
yellow,16,dropoff,2025,5,497,Queens,Bayside,false,0.1095
yellow,16,dropoff,2025,6,540,Queens,Bayside,false,0.1095
yellow,16,pickup,2024,2,27,Queens,Bayside,false,0.095
yellow,16,pickup,2024,3,59,Queens,Bayside,false,0.095
yellow,16,pickup,2024,4,59,Queens,Bayside,false,0.095
yellow,16,pickup,2024,5,59,Queens,Bayside,false,0.095
yellow,16,pickup,2024,6,38,Queens,Bayside,false,0.095
yellow,16,pickup,2025,2,36,Queens,Bayside,false,0.095
yellow,16,pickup,2025,3,61,Queens,Bayside,false,0.095
yellow,16,pickup,2025,4,63,Queens,Bayside,false,0.095
yellow,16,pickup,2025,5,49,Queens,Bayside,false,0.095
yellow,16,pickup,2025,6,54,Queens,Bayside,false,0.095
yellow,17,dropoff,2024,2,2761,Brooklyn,Bedford,false,0.4201
yellow,17,dropoff,2024,3,2981,Brooklyn,Bedford,false,0.4201
yellow,17,dropoff,2024,4,2934,Brooklyn,Bedford,false,0.4201
yellow,17,dropoff,2024,5,3343,Brooklyn,Bedford,false,0.4201
yellow,17,dropoff,2024,6,3156,Brooklyn,Bedford,false,0.4201
yellow,17,dropoff,2025,2,2569,Brooklyn,Bedford,false,0.4201
yellow,17,dropoff,2025,3,3093,Brooklyn,Bedford,false,0.4201
yellow,17,dropoff,2025,4,2750,Brooklyn,Bedford,false,0.4201
yellow,17,dropoff,2025,5,3390,Brooklyn,Bedford,false,0.4201
yellow,17,dropoff,2025,6,3023,Brooklyn,Bedford,false,0.4201
yellow,17,pickup,2024,2,407,Brooklyn,Bedford,false,0.1523
yellow,17,pickup,2024,3,471,Brooklyn,Bedford,false,0.1523
yellow,17,pickup,2024,4,535,Brooklyn,Bedford,false,0.1523
yellow,17,pickup,2024,5,516,Brooklyn,Bedford,false,0.1523
yellow,17,pickup,2024,6,500,Brooklyn,Bedford,false,0.1523
yellow,17,pickup,2025,2,447,Brooklyn,Bedford,false,0.1523
yellow,17,pickup,2025,3,568,Brooklyn,Bedford,false,0.1523
yellow,17,pickup,2025,4,530,Brooklyn,Bedford,false,0.1523
yellow,17,pickup,2025,5,574,Brooklyn,Bedford,false,0.1523
yellow,17,pickup,2025,6,592,Brooklyn,Bedford,false,0.1523
yellow,18,dropoff,2024,2,317,Bronx,Bedford Park,false,0.2924
yellow,18,dropoff,2024,3,349,Bronx,Bedford Park,false,0.2924
yellow,18,dropoff,2024,4,371,Bronx,Bedford Park,false,0.2924
yellow,18,dropoff,2024,5,398,Bronx,Bedford Park,false,0.2924
yellow,18,dropoff,2024,6,388,Bronx,Bedford Park,false,0.2924
yellow,18,dropoff,2025,2,317,Bronx,Bedford Park,false,0.2924
yellow,18,dropoff,2025,3,395,Bronx,Bedford Park,false,0.2924
yellow,18,dropoff,2025,4,361,Bronx,Bedford Park,false,0.2924
yellow,18,dropoff,2025,5,408,Bronx,Bedford Park,false,0.2924
yellow,18,dropoff,2025,6,436,Bronx,Bedford Park,false,0.2924
yellow,18,pickup,2024,2,113,Bronx,Bedford Park,false,0.2954
yellow,18,pickup,2024,3,131,Bronx,Bedford Park,false,0.2954
yellow,18,pickup,2024,4,128,Bronx,Bedford Park,false,0.2954
yellow,18,pickup,2024,5,144,Bronx,Bedford Park,false,0.2954
yellow,18,pickup,2024,6,134,Bronx,Bedford Park,false,0.2954
yellow,18,pickup,2025,2,157,Bronx,Bedford Park,false,0.2954
yellow,18,pickup,2025,3,169,Bronx,Bedford Park,false,0.2954
yellow,18,pickup,2025,4,203,Bronx,Bedford Park,false,0.2954
yellow,18,pickup,2025,5,187,Bronx,Bedford Park,false,0.2954
yellow,18,pickup,2025,6,203,Bronx,Bedford Park,false,0.2954
yellow,19,dropoff,2024,2,389,Queens,Bellerose,false,0.0622
yellow,19,dropoff,2024,3,339,Queens,Bellerose,false,0.0622
yellow,19,dropoff,2024,4,411,Queens,Bellerose,false,0.0622
yellow,19,dropoff,2024,5,435,Queens,Bellerose,false,0.0622
yellow,19,dropoff,2024,6,386,Queens,Bellerose,false,0.0622
yellow,19,dropoff,2025,2,315,Queens,Bellerose,false,0.0622
yellow,19,dropoff,2025,3,339,Queens,Bellerose,false,0.0622
yellow,19,dropoff,2025,4,393,Queens,Bellerose,false,0.0622
yellow,19,dropoff,2025,5,399,Queens,Bellerose,false,0.0622
yellow,19,dropoff,2025,6,390,Queens,Bellerose,false,0.0622
yellow,19,pickup,2024,2,84,Queens,Bellerose,false,0.1111
yellow,19,pickup,2024,3,85,Queens,Bellerose,false,0.1111
yellow,19,pickup,2024,4,84,Queens,Bellerose,false,0.1111
yellow,19,pickup,2024,5,81,Queens,Bellerose,false,0.1111
yellow,19,pickup,2024,6,71,Queens,Bellerose,false,0.1111
yellow,19,pickup,2025,2,58,Queens,Bellerose,false,0.1111
yellow,19,pickup,2025,3,65,Queens,Bellerose,false,0.1111
yellow,19,pickup,2025,4,64,Queens,Bellerose,false,0.1111
yellow,19,pickup,2025,5,76,Queens,Bellerose,false,0.1111
yellow,19,pickup,2025,6,85,Queens,Bellerose,false,0.1111
yellow,20,dropoff,2024,2,279,Bronx,Belmont,false,0.2944
yellow,20,dropoff,2024,3,315,Bronx,Belmont,false,0.2944
yellow,20,dropoff,2024,4,395,Bronx,Belmont,false,0.2944
yellow,20,dropoff,2024,5,329,Bronx,Belmont,false,0.2944
yellow,20,dropoff,2024,6,292,Bronx,Belmont,false,0.2944
yellow,20,dropoff,2025,2,244,Bronx,Belmont,false,0.2944
yellow,20,dropoff,2025,3,347,Bronx,Belmont,false,0.2944
yellow,20,dropoff,2025,4,349,Bronx,Belmont,false,0.2944
yellow,20,dropoff,2025,5,364,Bronx,Belmont,false,0.2944
yellow,20,dropoff,2025,6,304,Bronx,Belmont,false,0.2944
yellow,20,pickup,2024,2,87,Bronx,Belmont,false,0.2204
yellow,20,pickup,2024,3,117,Bronx,Belmont,false,0.2204
yellow,20,pickup,2024,4,111,Bronx,Belmont,false,0.2204
yellow,20,pickup,2024,5,124,Bronx,Belmont,false,0.2204
yellow,20,pickup,2024,6,110,Bronx,Belmont,false,0.2204
yellow,20,pickup,2025,2,133,Bronx,Belmont,false,0.2204
yellow,20,pickup,2025,3,144,Bronx,Belmont,false,0.2204
yellow,20,pickup,2025,4,132,Bronx,Belmont,false,0.2204
yellow,20,pickup,2025,5,117,Bronx,Belmont,false,0.2204
yellow,20,pickup,2025,6,141,Bronx,Belmont,false,0.2204
yellow,21,dropoff,2024,2,290,Brooklyn,Bensonhurst East,false,0.2274
yellow,21,dropoff,2024,3,330,Brooklyn,Bensonhurst East,false,0.2274
yellow,21,dropoff,2024,4,361,Brooklyn,Bensonhurst East,false,0.2274
yellow,21,dropoff,2024,5,369,Brooklyn,Bensonhurst East,false,0.2274
yellow,21,dropoff,2024,6,317,Brooklyn,Bensonhurst East,false,0.2274
yellow,21,dropoff,2025,2,309,Brooklyn,Bensonhurst East,false,0.2274
yellow,21,dropoff,2025,3,328,Brooklyn,Bensonhurst East,false,0.2274
yellow,21,dropoff,2025,4,314,Brooklyn,Bensonhurst East,false,0.2274
yellow,21,dropoff,2025,5,373,Brooklyn,Bensonhurst East,false,0.2274
yellow,21,dropoff,2025,6,369,Brooklyn,Bensonhurst East,false,0.2274
yellow,21,pickup,2024,2,108,Brooklyn,Bensonhurst East,false,0.201
yellow,21,pickup,2024,3,119,Brooklyn,Bensonhurst East,false,0.201
yellow,21,pickup,2024,4,141,Brooklyn,Bensonhurst East,false,0.201
yellow,21,pickup,2024,5,130,Brooklyn,Bensonhurst East,false,0.201
yellow,21,pickup,2024,6,124,Brooklyn,Bensonhurst East,false,0.201
yellow,21,pickup,2025,2,135,Brooklyn,Bensonhurst East,false,0.201
yellow,21,pickup,2025,3,144,Brooklyn,Bensonhurst East,false,0.201
yellow,21,pickup,2025,4,165,Brooklyn,Bensonhurst East,false,0.201
yellow,21,pickup,2025,5,183,Brooklyn,Bensonhurst East,false,0.201
yellow,21,pickup,2025,6,156,Brooklyn,Bensonhurst East,false,0.201
yellow,22,dropoff,2024,2,360,Brooklyn,Bensonhurst West,false,0.3252
yellow,22,dropoff,2024,3,442,Brooklyn,Bensonhurst West,false,0.3252
yellow,22,dropoff,2024,4,474,Brooklyn,Bensonhurst West,false,0.3252
yellow,22,dropoff,2024,5,512,Brooklyn,Bensonhurst West,false,0.3252
yellow,22,dropoff,2024,6,460,Brooklyn,Bensonhurst West,false,0.3252
yellow,22,dropoff,2025,2,364,Brooklyn,Bensonhurst West,false,0.3252
yellow,22,dropoff,2025,3,502,Brooklyn,Bensonhurst West,false,0.3252
yellow,22,dropoff,2025,4,462,Brooklyn,Bensonhurst West,false,0.3252
yellow,22,dropoff,2025,5,512,Brooklyn,Bensonhurst West,false,0.3252
yellow,22,dropoff,2025,6,483,Brooklyn,Bensonhurst West,false,0.3252
yellow,22,pickup,2024,2,154,Brooklyn,Bensonhurst West,false,0.2957
yellow,22,pickup,2024,3,186,Brooklyn,Bensonhurst West,false,0.2957
yellow,22,pickup,2024,4,204,Brooklyn,Bensonhurst West,false,0.2957
yellow,22,pickup,2024,5,193,Brooklyn,Bensonhurst West,false,0.2957
yellow,22,pickup,2024,6,193,Brooklyn,Bensonhurst West,false,0.2957
yellow,22,pickup,2025,2,176,Brooklyn,Bensonhurst West,false,0.2957
yellow,22,pickup,2025,3,194,Brooklyn,Bensonhurst West,false,0.2957
yellow,22,pickup,2025,4,190,Brooklyn,Bensonhurst West,false,0.2957
yellow,22,pickup,2025,5,227,Brooklyn,Bensonhurst West,false,0.2957
yellow,22,pickup,2025,6,248,Brooklyn,Bensonhurst West,false,0.2957
yellow,23,dropoff,2024,2,40,Staten Island,Bloomfield/Emerson Hill,false,0.3447
yellow,23,dropoff,2024,3,56,Staten Island,Bloomfield/Emerson Hill,false,0.3447
yellow,23,dropoff,2024,4,64,Staten Island,Bloomfield/Emerson Hill,false,0.3447
yellow,23,dropoff,2024,5,77,Staten Island,Bloomfield/Emerson Hill,false,0.3447
yellow,23,dropoff,2024,6,56,Staten Island,Bloomfield/Emerson Hill,false,0.3447
yellow,23,dropoff,2025,2,45,Staten Island,Bloomfield/Emerson Hill,false,0.3447
yellow,23,dropoff,2025,3,42,Staten Island,Bloomfield/Emerson Hill,false,0.3447
yellow,23,dropoff,2025,4,63,Staten Island,Bloomfield/Emerson Hill,false,0.3447
yellow,23,dropoff,2025,5,77,Staten Island,Bloomfield/Emerson Hill,false,0.3447
yellow,23,dropoff,2025,6,58,Staten Island,Bloomfield/Emerson Hill,false,0.3447
yellow,23,pickup,2024,2,4,Staten Island,Bloomfield/Emerson Hill,false,0.6
yellow,23,pickup,2024,3,3,Staten Island,Bloomfield/Emerson Hill,false,0.6
yellow,23,pickup,2024,4,2,Staten Island,Bloomfield/Emerson Hill,false,0.6
yellow,23,pickup,2024,5,3,Staten Island,Bloomfield/Emerson Hill,false,0.6
yellow,23,pickup,2024,6,3,Staten Island,Bloomfield/Emerson Hill,false,0.6
yellow,23,pickup,2025,2,1,Staten Island,Bloomfield/Emerson Hill,false,0.6
yellow,23,pickup,2025,3,4,Staten Island,Bloomfield/Emerson Hill,false,0.6
yellow,23,pickup,2025,4,6,Staten Island,Bloomfield/Emerson Hill,false,0.6
yellow,23,pickup,2025,5,5,Staten Island,Bloomfield/Emerson Hill,false,0.6
yellow,23,pickup,2025,6,2,Staten Island,Bloomfield/Emerson Hill,false,0.6
yellow,24,dropoff,2024,2,8572,Manhattan,Bloomingdale,false,0.2697
yellow,24,dropoff,2024,3,10097,Manhattan,Bloomingdale,false,0.2697
yellow,24,dropoff,2024,4,9735,Manhattan,Bloomingdale,false,0.2697
yellow,24,dropoff,2024,5,10439,Manhattan,Bloomingdale,false,0.2697
yellow,24,dropoff,2024,6,9470,Manhattan,Bloomingdale,false,0.2697
yellow,24,dropoff,2025,2,8553,Manhattan,Bloomingdale,false,0.2697
yellow,24,dropoff,2025,3,9299,Manhattan,Bloomingdale,false,0.2697
yellow,24,dropoff,2025,4,9302,Manhattan,Bloomingdale,false,0.2697
yellow,24,dropoff,2025,5,9825,Manhattan,Bloomingdale,false,0.2697
yellow,24,dropoff,2025,6,8628,Manhattan,Bloomingdale,false,0.2697
yellow,24,pickup,2024,2,6708,Manhattan,Bloomingdale,false,0.179
yellow,24,pickup,2024,3,7196,Manhattan,Bloomingdale,false,0.179
yellow,24,pickup,2024,4,8052,Manhattan,Bloomingdale,false,0.179
yellow,24,pickup,2024,5,7851,Manhattan,Bloomingdale,false,0.179
yellow,24,pickup,2024,6,7021,Manhattan,Bloomingdale,false,0.179
yellow,24,pickup,2025,2,6059,Manhattan,Bloomingdale,false,0.179
yellow,24,pickup,2025,3,7057,Manhattan,Bloomingdale,false,0.179
yellow,24,pickup,2025,4,6880,Manhattan,Bloomingdale,false,0.179
yellow,24,pickup,2025,5,7075,Manhattan,Bloomingdale,false,0.179
yellow,24,pickup,2025,6,6171,Manhattan,Bloomingdale,false,0.179
yellow,25,dropoff,2024,2,4395,Brooklyn,Boerum Hill,false,0.4851
yellow,25,dropoff,2024,3,5105,Brooklyn,Boerum Hill,false,0.4851
yellow,25,dropoff,2024,4,5071,Brooklyn,Boerum Hill,false,0.4851
yellow,25,dropoff,2024,5,5437,Brooklyn,Boerum Hill,false,0.4851
yellow,25,dropoff,2024,6,5095,Brooklyn,Boerum Hill,false,0.4851
yellow,25,dropoff,2025,2,4413,Brooklyn,Boerum Hill,false,0.4851
yellow,25,dropoff,2025,3,5618,Brooklyn,Boerum Hill,false,0.4851
yellow,25,dropoff,2025,4,5133,Brooklyn,Boerum Hill,false,0.4851
yellow,25,dropoff,2025,5,5803,Brooklyn,Boerum Hill,false,0.4851
yellow,25,dropoff,2025,6,5519,Brooklyn,Boerum Hill,false,0.4851
yellow,25,pickup,2024,2,875,Brooklyn,Boerum Hill,false,0.1944
yellow,25,pickup,2024,3,1047,Brooklyn,Boerum Hill,false,0.1944
yellow,25,pickup,2024,4,976,Brooklyn,Boerum Hill,false,0.1944
yellow,25,pickup,2024,5,1070,Brooklyn,Boerum Hill,false,0.1944
yellow,25,pickup,2024,6,1114,Brooklyn,Boerum Hill,false,0.1944
yellow,25,pickup,2025,2,875,Brooklyn,Boerum Hill,false,0.1944
yellow,25,pickup,2025,3,1108,Brooklyn,Boerum Hill,false,0.1944
yellow,25,pickup,2025,4,1170,Brooklyn,Boerum Hill,false,0.1944
yellow,25,pickup,2025,5,1229,Brooklyn,Boerum Hill,false,0.1944
yellow,25,pickup,2025,6,1198,Brooklyn,Boerum Hill,false,0.1944
yellow,26,dropoff,2024,2,847,Brooklyn,Borough Park,false,0.212
yellow,26,dropoff,2024,3,893,Brooklyn,Borough Park,false,0.212
yellow,26,dropoff,2024,4,741,Brooklyn,Borough Park,false,0.212
yellow,26,dropoff,2024,5,958,Brooklyn,Borough Park,false,0.212
yellow,26,dropoff,2024,6,815,Brooklyn,Borough Park,false,0.212
yellow,26,dropoff,2025,2,910,Brooklyn,Borough Park,false,0.212
yellow,26,dropoff,2025,3,889,Brooklyn,Borough Park,false,0.212
yellow,26,dropoff,2025,4,719,Brooklyn,Borough Park,false,0.212
yellow,26,dropoff,2025,5,918,Brooklyn,Borough Park,false,0.212
yellow,26,dropoff,2025,6,890,Brooklyn,Borough Park,false,0.212
yellow,26,pickup,2024,2,172,Brooklyn,Borough Park,false,0.1945
yellow,26,pickup,2024,3,226,Brooklyn,Borough Park,false,0.1945
yellow,26,pickup,2024,4,216,Brooklyn,Borough Park,false,0.1945
yellow,26,pickup,2024,5,260,Brooklyn,Borough Park,false,0.1945
yellow,26,pickup,2024,6,247,Brooklyn,Borough Park,false,0.1945
yellow,26,pickup,2025,2,246,Brooklyn,Borough Park,false,0.1945
yellow,26,pickup,2025,3,257,Brooklyn,Borough Park,false,0.1945
yellow,26,pickup,2025,4,234,Brooklyn,Borough Park,false,0.1945
yellow,26,pickup,2025,5,321,Brooklyn,Borough Park,false,0.1945
yellow,26,pickup,2025,6,291,Brooklyn,Borough Park,false,0.1945
yellow,27,dropoff,2024,2,40,Queens,Breezy Point/Fort Tilden/Riis Beach,false,0.1283
yellow,27,dropoff,2024,3,61,Queens,Breezy Point/Fort Tilden/Riis Beach,false,0.1283
yellow,27,dropoff,2024,4,72,Queens,Breezy Point/Fort Tilden/Riis Beach,false,0.1283
yellow,27,dropoff,2024,5,66,Queens,Breezy Point/Fort Tilden/Riis Beach,false,0.1283
yellow,27,dropoff,2024,6,65,Queens,Breezy Point/Fort Tilden/Riis Beach,false,0.1283
yellow,27,dropoff,2025,2,44,Queens,Breezy Point/Fort Tilden/Riis Beach,false,0.1283
yellow,27,dropoff,2025,3,50,Queens,Breezy Point/Fort Tilden/Riis Beach,false,0.1283
yellow,27,dropoff,2025,4,55,Queens,Breezy Point/Fort Tilden/Riis Beach,false,0.1283
yellow,27,dropoff,2025,5,64,Queens,Breezy Point/Fort Tilden/Riis Beach,false,0.1283
yellow,27,dropoff,2025,6,68,Queens,Breezy Point/Fort Tilden/Riis Beach,false,0.1283
yellow,27,pickup,2024,2,1,Queens,Breezy Point/Fort Tilden/Riis Beach,false,0.0556
yellow,27,pickup,2024,3,2,Queens,Breezy Point/Fort Tilden/Riis Beach,false,0.0556
yellow,27,pickup,2024,4,4,Queens,Breezy Point/Fort Tilden/Riis Beach,false,0.0556
yellow,27,pickup,2024,5,3,Queens,Breezy Point/Fort Tilden/Riis Beach,false,0.0556
yellow,27,pickup,2024,6,8,Queens,Breezy Point/Fort Tilden/Riis Beach,false,0.0556
yellow,27,pickup,2025,2,3,Queens,Breezy Point/Fort Tilden/Riis Beach,false,0.0556
yellow,27,pickup,2025,3,1,Queens,Breezy Point/Fort Tilden/Riis Beach,false,0.0556
yellow,27,pickup,2025,4,1,Queens,Breezy Point/Fort Tilden/Riis Beach,false,0.0556
yellow,27,pickup,2025,5,3,Queens,Breezy Point/Fort Tilden/Riis Beach,false,0.0556
yellow,27,pickup,2025,6,8,Queens,Breezy Point/Fort Tilden/Riis Beach,false,0.0556
yellow,28,dropoff,2024,2,849,Queens,Briarwood/Jamaica Hills,false,0.1308
yellow,28,dropoff,2024,3,950,Queens,Briarwood/Jamaica Hills,false,0.1308
yellow,28,dropoff,2024,4,979,Queens,Briarwood/Jamaica Hills,false,0.1308
yellow,28,dropoff,2024,5,965,Queens,Briarwood/Jamaica Hills,false,0.1308
yellow,28,dropoff,2024,6,884,Queens,Briarwood/Jamaica Hills,false,0.1308
yellow,28,dropoff,2025,2,757,Queens,Briarwood/Jamaica Hills,false,0.1308
yellow,28,dropoff,2025,3,892,Queens,Briarwood/Jamaica Hills,false,0.1308
yellow,28,dropoff,2025,4,932,Queens,Briarwood/Jamaica Hills,false,0.1308
yellow,28,dropoff,2025,5,919,Queens,Briarwood/Jamaica Hills,false,0.1308
yellow,28,dropoff,2025,6,962,Queens,Briarwood/Jamaica Hills,false,0.1308
yellow,28,pickup,2024,2,262,Queens,Briarwood/Jamaica Hills,false,0.2896
yellow,28,pickup,2024,3,310,Queens,Briarwood/Jamaica Hills,false,0.2896
yellow,28,pickup,2024,4,272,Queens,Briarwood/Jamaica Hills,false,0.2896
yellow,28,pickup,2024,5,304,Queens,Briarwood/Jamaica Hills,false,0.2896
yellow,28,pickup,2024,6,247,Queens,Briarwood/Jamaica Hills,false,0.2896
yellow,28,pickup,2025,2,198,Queens,Briarwood/Jamaica Hills,false,0.2896
yellow,28,pickup,2025,3,207,Queens,Briarwood/Jamaica Hills,false,0.2896
yellow,28,pickup,2025,4,250,Queens,Briarwood/Jamaica Hills,false,0.2896
yellow,28,pickup,2025,5,270,Queens,Briarwood/Jamaica Hills,false,0.2896
yellow,28,pickup,2025,6,235,Queens,Briarwood/Jamaica Hills,false,0.2896
yellow,29,dropoff,2024,2,359,Brooklyn,Brighton Beach,false,0.2174
yellow,29,dropoff,2024,3,420,Brooklyn,Brighton Beach,false,0.2174
yellow,29,dropoff,2024,4,465,Brooklyn,Brighton Beach,false,0.2174
yellow,29,dropoff,2024,5,461,Brooklyn,Brighton Beach,false,0.2174
yellow,29,dropoff,2024,6,439,Brooklyn,Brighton Beach,false,0.2174
yellow,29,dropoff,2025,2,341,Brooklyn,Brighton Beach,false,0.2174
yellow,29,dropoff,2025,3,381,Brooklyn,Brighton Beach,false,0.2174
yellow,29,dropoff,2025,4,420,Brooklyn,Brighton Beach,false,0.2174
yellow,29,dropoff,2025,5,490,Brooklyn,Brighton Beach,false,0.2174
yellow,29,dropoff,2025,6,496,Brooklyn,Brighton Beach,false,0.2174
yellow,29,pickup,2024,2,171,Brooklyn,Brighton Beach,false,0.3274
yellow,29,pickup,2024,3,223,Brooklyn,Brighton Beach,false,0.3274
yellow,29,pickup,2024,4,219,Brooklyn,Brighton Beach,false,0.3274
yellow,29,pickup,2024,5,215,Brooklyn,Brighton Beach,false,0.3274
yellow,29,pickup,2024,6,186,Brooklyn,Brighton Beach,false,0.3274
yellow,29,pickup,2025,2,151,Brooklyn,Brighton Beach,false,0.3274
yellow,29,pickup,2025,3,170,Brooklyn,Brighton Beach,false,0.3274
yellow,29,pickup,2025,4,182,Brooklyn,Brighton Beach,false,0.3274
yellow,29,pickup,2025,5,195,Brooklyn,Brighton Beach,false,0.3274
yellow,29,pickup,2025,6,219,Brooklyn,Brighton Beach,false,0.3274
yellow,30,dropoff,2024,2,24,Queens,Broad Channel,false,0.0541
yellow,30,dropoff,2024,3,39,Queens,Broad Channel,false,0.0541
yellow,30,dropoff,2024,4,38,Queens,Broad Channel,false,0.0541
yellow,30,dropoff,2024,5,23,Queens,Broad Channel,false,0.0541
yellow,30,dropoff,2024,6,24,Queens,Broad Channel,false,0.0541
yellow,30,dropoff,2025,2,24,Queens,Broad Channel,false,0.0541
yellow,30,dropoff,2025,3,26,Queens,Broad Channel,false,0.0541
yellow,30,dropoff,2025,4,26,Queens,Broad Channel,false,0.0541
yellow,30,dropoff,2025,5,33,Queens,Broad Channel,false,0.0541
yellow,30,dropoff,2025,6,28,Queens,Broad Channel,false,0.0541
yellow,30,pickup,2024,2,1,Queens,Broad Channel,false,0.0
yellow,30,pickup,2024,3,3,Queens,Broad Channel,false,0.0
yellow,30,pickup,2024,4,4,Queens,Broad Channel,false,0.0
yellow,30,pickup,2024,5,3,Queens,Broad Channel,false,0.0
yellow,30,pickup,2024,6,3,Queens,Broad Channel,false,0.0
yellow,30,pickup,2025,3,3,Queens,Broad Channel,false,0.0
yellow,30,pickup,2025,4,4,Queens,Broad Channel,false,0.0
yellow,30,pickup,2025,5,2,Queens,Broad Channel,false,0.0
yellow,30,pickup,2025,6,2,Queens,Broad Channel,false,0.0
yellow,31,dropoff,2024,2,71,Bronx,Bronx Park,false,0.4744
yellow,31,dropoff,2024,3,174,Bronx,Bronx Park,false,0.4744
yellow,31,dropoff,2024,4,186,Bronx,Bronx Park,false,0.4744
yellow,31,dropoff,2024,5,158,Bronx,Bronx Park,false,0.4744
yellow,31,dropoff,2024,6,191,Bronx,Bronx Park,false,0.4744
yellow,31,dropoff,2025,2,62,Bronx,Bronx Park,false,0.4744
yellow,31,dropoff,2025,3,151,Bronx,Bronx Park,false,0.4744
yellow,31,dropoff,2025,4,193,Bronx,Bronx Park,false,0.4744
yellow,31,dropoff,2025,5,208,Bronx,Bronx Park,false,0.4744
yellow,31,dropoff,2025,6,171,Bronx,Bronx Park,false,0.4744
yellow,31,pickup,2024,2,10,Bronx,Bronx Park,false,0.2537
yellow,31,pickup,2024,3,15,Bronx,Bronx Park,false,0.2537
yellow,31,pickup,2024,4,22,Bronx,Bronx Park,false,0.2537
yellow,31,pickup,2024,5,10,Bronx,Bronx Park,false,0.2537
yellow,31,pickup,2024,6,10,Bronx,Bronx Park,false,0.2537
yellow,31,pickup,2025,2,6,Bronx,Bronx Park,false,0.2537
yellow,31,pickup,2025,3,14,Bronx,Bronx Park,false,0.2537
yellow,31,pickup,2025,4,23,Bronx,Bronx Park,false,0.2537
yellow,31,pickup,2025,5,22,Bronx,Bronx Park,false,0.2537
yellow,31,pickup,2025,6,27,Bronx,Bronx Park,false,0.2537
yellow,32,dropoff,2024,2,224,Bronx,Bronxdale,false,0.1981
yellow,32,dropoff,2024,3,251,Bronx,Bronxdale,false,0.1981
yellow,32,dropoff,2024,4,253,Bronx,Bronxdale,false,0.1981
yellow,32,dropoff,2024,5,246,Bronx,Bronxdale,false,0.1981
yellow,32,dropoff,2024,6,212,Bronx,Bronxdale,false,0.1981
yellow,32,dropoff,2025,2,182,Bronx,Bronxdale,false,0.1981
yellow,32,dropoff,2025,3,225,Bronx,Bronxdale,false,0.1981
yellow,32,dropoff,2025,4,219,Bronx,Bronxdale,false,0.1981
yellow,32,dropoff,2025,5,225,Bronx,Bronxdale,false,0.1981
yellow,32,dropoff,2025,6,238,Bronx,Bronxdale,false,0.1981
yellow,32,pickup,2024,2,112,Bronx,Bronxdale,false,0.2372
yellow,32,pickup,2024,3,114,Bronx,Bronxdale,false,0.2372
yellow,32,pickup,2024,4,153,Bronx,Bronxdale,false,0.2372
yellow,32,pickup,2024,5,111,Bronx,Bronxdale,false,0.2372
yellow,32,pickup,2024,6,96,Bronx,Bronxdale,false,0.2372
yellow,32,pickup,2025,2,117,Bronx,Bronxdale,false,0.2372
yellow,32,pickup,2025,3,141,Bronx,Bronxdale,false,0.2372
yellow,32,pickup,2025,4,155,Bronx,Bronxdale,false,0.2372
yellow,32,pickup,2025,5,146,Bronx,Bronxdale,false,0.2372
yellow,32,pickup,2025,6,157,Bronx,Bronxdale,false,0.2372
yellow,33,dropoff,2024,2,7188,Brooklyn,Brooklyn Heights,false,0.6098
yellow,33,dropoff,2024,3,8104,Brooklyn,Brooklyn Heights,false,0.6098
yellow,33,dropoff,2024,4,7978,Brooklyn,Brooklyn Heights,false,0.6098
yellow,33,dropoff,2024,5,8477,Brooklyn,Brooklyn Heights,false,0.6098
yellow,33,dropoff,2024,6,7798,Brooklyn,Brooklyn Heights,false,0.6098
yellow,33,dropoff,2025,2,7092,Brooklyn,Brooklyn Heights,false,0.6098
yellow,33,dropoff,2025,3,8399,Brooklyn,Brooklyn Heights,false,0.6098
yellow,33,dropoff,2025,4,8469,Brooklyn,Brooklyn Heights,false,0.6098
yellow,33,dropoff,2025,5,8825,Brooklyn,Brooklyn Heights,false,0.6098
yellow,33,dropoff,2025,6,8279,Brooklyn,Brooklyn Heights,false,0.6098
yellow,33,pickup,2024,2,882,Brooklyn,Brooklyn Heights,false,0.3699
yellow,33,pickup,2024,3,1098,Brooklyn,Brooklyn Heights,false,0.3699
yellow,33,pickup,2024,4,1155,Brooklyn,Brooklyn Heights,false,0.3699
yellow,33,pickup,2024,5,1290,Brooklyn,Brooklyn Heights,false,0.3699
yellow,33,pickup,2024,6,1258,Brooklyn,Brooklyn Heights,false,0.3699
yellow,33,pickup,2025,2,792,Brooklyn,Brooklyn Heights,false,0.3699
yellow,33,pickup,2025,3,1120,Brooklyn,Brooklyn Heights,false,0.3699
yellow,33,pickup,2025,4,1180,Brooklyn,Brooklyn Heights,false,0.3699
yellow,33,pickup,2025,5,1396,Brooklyn,Brooklyn Heights,false,0.3699
yellow,33,pickup,2025,6,1313,Brooklyn,Brooklyn Heights,false,0.3699
yellow,34,dropoff,2024,2,314,Brooklyn,Brooklyn Navy Yard,false,0.6058
yellow,34,dropoff,2024,3,353,Brooklyn,Brooklyn Navy Yard,false,0.6058
yellow,34,dropoff,2024,4,317,Brooklyn,Brooklyn Navy Yard,false,0.6058
yellow,34,dropoff,2024,5,389,Brooklyn,Brooklyn Navy Yard,false,0.6058
yellow,34,dropoff,2024,6,395,Brooklyn,Brooklyn Navy Yard,false,0.6058
yellow,34,dropoff,2025,2,268,Brooklyn,Brooklyn Navy Yard,false,0.6058
yellow,34,dropoff,2025,3,386,Brooklyn,Brooklyn Navy Yard,false,0.6058
yellow,34,dropoff,2025,4,319,Brooklyn,Brooklyn Navy Yard,false,0.6058
yellow,34,dropoff,2025,5,344,Brooklyn,Brooklyn Navy Yard,false,0.6058
yellow,34,dropoff,2025,6,326,Brooklyn,Brooklyn Navy Yard,false,0.6058
yellow,34,pickup,2024,2,32,Brooklyn,Brooklyn Navy Yard,false,0.3817
yellow,34,pickup,2024,3,36,Brooklyn,Brooklyn Navy Yard,false,0.3817
yellow,34,pickup,2024,4,36,Brooklyn,Brooklyn Navy Yard,false,0.3817
yellow,34,pickup,2024,5,60,Brooklyn,Brooklyn Navy Yard,false,0.3817
yellow,34,pickup,2024,6,77,Brooklyn,Brooklyn Navy Yard,false,0.3817
yellow,34,pickup,2025,2,41,Brooklyn,Brooklyn Navy Yard,false,0.3817
yellow,34,pickup,2025,3,168,Brooklyn,Brooklyn Navy Yard,false,0.3817
yellow,34,pickup,2025,4,66,Brooklyn,Brooklyn Navy Yard,false,0.3817
yellow,34,pickup,2025,5,80,Brooklyn,Brooklyn Navy Yard,false,0.3817
yellow,34,pickup,2025,6,105,Brooklyn,Brooklyn Navy Yard,false,0.3817
yellow,35,dropoff,2024,2,724,Brooklyn,Brownsville,false,0.1153
yellow,35,dropoff,2024,3,855,Brooklyn,Brownsville,false,0.1153
yellow,35,dropoff,2024,4,880,Brooklyn,Brownsville,false,0.1153
yellow,35,dropoff,2024,5,962,Brooklyn,Brownsville,false,0.1153
yellow,35,dropoff,2024,6,934,Brooklyn,Brownsville,false,0.1153
yellow,35,dropoff,2025,2,756,Brooklyn,Brownsville,false,0.1153
yellow,35,dropoff,2025,3,893,Brooklyn,Brownsville,false,0.1153
yellow,35,dropoff,2025,4,968,Brooklyn,Brownsville,false,0.1153
yellow,35,dropoff,2025,5,1033,Brooklyn,Brownsville,false,0.1153
yellow,35,dropoff,2025,6,1115,Brooklyn,Brownsville,false,0.1153
yellow,35,pickup,2024,2,511,Brooklyn,Brownsville,false,0.1061
yellow,35,pickup,2024,3,660,Brooklyn,Brownsville,false,0.1061
yellow,35,pickup,2024,4,706,Brooklyn,Brownsville,false,0.1061
yellow,35,pickup,2024,5,721,Brooklyn,Brownsville,false,0.1061
yellow,35,pickup,2024,6,700,Brooklyn,Brownsville,false,0.1061
yellow,35,pickup,2025,2,659,Brooklyn,Brownsville,false,0.1061
yellow,35,pickup,2025,3,725,Brooklyn,Brownsville,false,0.1061
yellow,35,pickup,2025,4,835,Brooklyn,Brownsville,false,0.1061
yellow,35,pickup,2025,5,800,Brooklyn,Brownsville,false,0.1061
yellow,35,pickup,2025,6,845,Brooklyn,Brownsville,false,0.1061
yellow,36,dropoff,2024,2,1360,Brooklyn,Bushwick North,false,0.4243
yellow,36,dropoff,2024,3,1697,Brooklyn,Bushwick North,false,0.4243
yellow,36,dropoff,2024,4,1671,Brooklyn,Bushwick North,false,0.4243
yellow,36,dropoff,2024,5,1776,Brooklyn,Bushwick North,false,0.4243
yellow,36,dropoff,2024,6,1929,Brooklyn,Bushwick North,false,0.4243
yellow,36,dropoff,2025,2,1285,Brooklyn,Bushwick North,false,0.4243
yellow,36,dropoff,2025,3,1645,Brooklyn,Bushwick North,false,0.4243
yellow,36,dropoff,2025,4,1624,Brooklyn,Bushwick North,false,0.4243
yellow,36,dropoff,2025,5,1950,Brooklyn,Bushwick North,false,0.4243
yellow,36,dropoff,2025,6,1988,Brooklyn,Bushwick North,false,0.4243
yellow,36,pickup,2024,2,108,Brooklyn,Bushwick North,false,0.1748
yellow,36,pickup,2024,3,132,Brooklyn,Bushwick North,false,0.1748
yellow,36,pickup,2024,4,158,Brooklyn,Bushwick North,false,0.1748
yellow,36,pickup,2024,5,189,Brooklyn,Bushwick North,false,0.1748
yellow,36,pickup,2024,6,208,Brooklyn,Bushwick North,false,0.1748
yellow,36,pickup,2025,2,177,Brooklyn,Bushwick North,false,0.1748
yellow,36,pickup,2025,3,250,Brooklyn,Bushwick North,false,0.1748
yellow,36,pickup,2025,4,279,Brooklyn,Bushwick North,false,0.1748
yellow,36,pickup,2025,5,265,Brooklyn,Bushwick North,false,0.1748
yellow,36,pickup,2025,6,300,Brooklyn,Bushwick North,false,0.1748
yellow,37,dropoff,2024,2,2420,Brooklyn,Bushwick South,false,0.4204
yellow,37,dropoff,2024,3,2794,Brooklyn,Bushwick South,false,0.4204
yellow,37,dropoff,2024,4,2743,Brooklyn,Bushwick South,false,0.4204
yellow,37,dropoff,2024,5,2958,Brooklyn,Bushwick South,false,0.4204
yellow,37,dropoff,2024,6,2967,Brooklyn,Bushwick South,false,0.4204
yellow,37,dropoff,2025,2,2393,Brooklyn,Bushwick South,false,0.4204
yellow,37,dropoff,2025,3,2830,Brooklyn,Bushwick South,false,0.4204
yellow,37,dropoff,2025,4,2730,Brooklyn,Bushwick South,false,0.4204
yellow,37,dropoff,2025,5,3374,Brooklyn,Bushwick South,false,0.4204
yellow,37,dropoff,2025,6,3216,Brooklyn,Bushwick South,false,0.4204
yellow,37,pickup,2024,2,289,Brooklyn,Bushwick South,false,0.1742
yellow,37,pickup,2024,3,367,Brooklyn,Bushwick South,false,0.1742
yellow,37,pickup,2024,4,384,Brooklyn,Bushwick South,false,0.1742
yellow,37,pickup,2024,5,376,Brooklyn,Bushwick South,false,0.1742
yellow,37,pickup,2024,6,398,Brooklyn,Bushwick South,false,0.1742
yellow,37,pickup,2025,2,387,Brooklyn,Bushwick South,false,0.1742
yellow,37,pickup,2025,3,497,Brooklyn,Bushwick South,false,0.1742
yellow,37,pickup,2025,4,526,Brooklyn,Bushwick South,false,0.1742
yellow,37,pickup,2025,5,488,Brooklyn,Bushwick South,false,0.1742
yellow,37,pickup,2025,6,586,Brooklyn,Bushwick South,false,0.1742
yellow,38,dropoff,2024,2,551,Queens,Cambria Heights,false,0.0644
yellow,38,dropoff,2024,3,521,Queens,Cambria Heights,false,0.0644
yellow,38,dropoff,2024,4,588,Queens,Cambria Heights,false,0.0644
yellow,38,dropoff,2024,5,611,Queens,Cambria Heights,false,0.0644
yellow,38,dropoff,2024,6,585,Queens,Cambria Heights,false,0.0644
yellow,38,dropoff,2025,2,593,Queens,Cambria Heights,false,0.0644
yellow,38,dropoff,2025,3,519,Queens,Cambria Heights,false,0.0644
yellow,38,dropoff,2025,4,511,Queens,Cambria Heights,false,0.0644
yellow,38,dropoff,2025,5,628,Queens,Cambria Heights,false,0.0644
yellow,38,dropoff,2025,6,718,Queens,Cambria Heights,false,0.0644
yellow,38,pickup,2024,2,134,Queens,Cambria Heights,false,0.1949
yellow,38,pickup,2024,3,155,Queens,Cambria Heights,false,0.1949
yellow,38,pickup,2024,4,130,Queens,Cambria Heights,false,0.1949
yellow,38,pickup,2024,5,147,Queens,Cambria Heights,false,0.1949
yellow,38,pickup,2024,6,137,Queens,Cambria Heights,false,0.1949
yellow,38,pickup,2025,2,112,Queens,Cambria Heights,false,0.1949
yellow,38,pickup,2025,3,144,Queens,Cambria Heights,false,0.1949
yellow,38,pickup,2025,4,158,Queens,Cambria Heights,false,0.1949
yellow,38,pickup,2025,5,135,Queens,Cambria Heights,false,0.1949
yellow,38,pickup,2025,6,141,Queens,Cambria Heights,false,0.1949
yellow,39,dropoff,2024,2,1102,Brooklyn,Canarsie,false,0.1
yellow,39,dropoff,2024,3,1307,Brooklyn,Canarsie,false,0.1
yellow,39,dropoff,2024,4,1438,Brooklyn,Canarsie,false,0.1
yellow,39,dropoff,2024,5,1546,Brooklyn,Canarsie,false,0.1
yellow,39,dropoff,2024,6,1479,Brooklyn,Canarsie,false,0.1
yellow,39,dropoff,2025,2,1174,Brooklyn,Canarsie,false,0.1
yellow,39,dropoff,2025,3,1406,Brooklyn,Canarsie,false,0.1
yellow,39,dropoff,2025,4,1478,Brooklyn,Canarsie,false,0.1
yellow,39,dropoff,2025,5,1625,Brooklyn,Canarsie,false,0.1
yellow,39,dropoff,2025,6,1591,Brooklyn,Canarsie,false,0.1
yellow,39,pickup,2024,2,499,Brooklyn,Canarsie,false,0.1886
yellow,39,pickup,2024,3,689,Brooklyn,Canarsie,false,0.1886
yellow,39,pickup,2024,4,836,Brooklyn,Canarsie,false,0.1886
yellow,39,pickup,2024,5,847,Brooklyn,Canarsie,false,0.1886
yellow,39,pickup,2024,6,782,Brooklyn,Canarsie,false,0.1886
yellow,39,pickup,2025,2,750,Brooklyn,Canarsie,false,0.1886
yellow,39,pickup,2025,3,932,Brooklyn,Canarsie,false,0.1886
yellow,39,pickup,2025,4,878,Brooklyn,Canarsie,false,0.1886
yellow,39,pickup,2025,5,899,Brooklyn,Canarsie,false,0.1886
yellow,39,pickup,2025,6,962,Brooklyn,Canarsie,false,0.1886
yellow,40,dropoff,2024,2,2592,Brooklyn,Carroll Gardens,false,0.585
yellow,40,dropoff,2024,3,2800,Brooklyn,Carroll Gardens,false,0.585
yellow,40,dropoff,2024,4,2655,Brooklyn,Carroll Gardens,false,0.585
yellow,40,dropoff,2024,5,2683,Brooklyn,Carroll Gardens,false,0.585
yellow,40,dropoff,2024,6,2697,Brooklyn,Carroll Gardens,false,0.585
yellow,40,dropoff,2025,2,2450,Brooklyn,Carroll Gardens,false,0.585
yellow,40,dropoff,2025,3,2695,Brooklyn,Carroll Gardens,false,0.585
yellow,40,dropoff,2025,4,2773,Brooklyn,Carroll Gardens,false,0.585
yellow,40,dropoff,2025,5,2936,Brooklyn,Carroll Gardens,false,0.585
yellow,40,dropoff,2025,6,2721,Brooklyn,Carroll Gardens,false,0.585
yellow,40,pickup,2024,2,250,Brooklyn,Carroll Gardens,false,0.3866
yellow,40,pickup,2024,3,284,Brooklyn,Carroll Gardens,false,0.3866
yellow,40,pickup,2024,4,297,Brooklyn,Carroll Gardens,false,0.3866
yellow,40,pickup,2024,5,330,Brooklyn,Carroll Gardens,false,0.3866
yellow,40,pickup,2024,6,298,Brooklyn,Carroll Gardens,false,0.3866
yellow,40,pickup,2025,2,181,Brooklyn,Carroll Gardens,false,0.3866
yellow,40,pickup,2025,3,253,Brooklyn,Carroll Gardens,false,0.3866
yellow,40,pickup,2025,4,269,Brooklyn,Carroll Gardens,false,0.3866
yellow,40,pickup,2025,5,305,Brooklyn,Carroll Gardens,false,0.3866
yellow,40,pickup,2025,6,277,Brooklyn,Carroll Gardens,false,0.3866
yellow,41,dropoff,2024,2,15364,Manhattan,Central Harlem,false,0.2874
yellow,41,dropoff,2024,3,17066,Manhattan,Central Harlem,false,0.2874
yellow,41,dropoff,2024,4,16566,Manhattan,Central Harlem,false,0.2874
yellow,41,dropoff,2024,5,17906,Manhattan,Central Harlem,false,0.2874
yellow,41,dropoff,2024,6,16946,Manhattan,Central Harlem,false,0.2874
yellow,41,dropoff,2025,2,13929,Manhattan,Central Harlem,false,0.2874
yellow,41,dropoff,2025,3,16287,Manhattan,Central Harlem,false,0.2874
yellow,41,dropoff,2025,4,16113,Manhattan,Central Harlem,false,0.2874
yellow,41,dropoff,2025,5,17408,Manhattan,Central Harlem,false,0.2874
yellow,41,dropoff,2025,6,15548,Manhattan,Central Harlem,false,0.2874
yellow,41,pickup,2024,2,5650,Manhattan,Central Harlem,false,0.1336
yellow,41,pickup,2024,3,6434,Manhattan,Central Harlem,false,0.1336
yellow,41,pickup,2024,4,6423,Manhattan,Central Harlem,false,0.1336
yellow,41,pickup,2024,5,7148,Manhattan,Central Harlem,false,0.1336
yellow,41,pickup,2024,6,6371,Manhattan,Central Harlem,false,0.1336
yellow,41,pickup,2025,2,5314,Manhattan,Central Harlem,false,0.1336
yellow,41,pickup,2025,3,6659,Manhattan,Central Harlem,false,0.1336
yellow,41,pickup,2025,4,6256,Manhattan,Central Harlem,false,0.1336
yellow,41,pickup,2025,5,7026,Manhattan,Central Harlem,false,0.1336
yellow,41,pickup,2025,6,6479,Manhattan,Central Harlem,false,0.1336
yellow,42,dropoff,2024,2,9419,Manhattan,Central Harlem North,false,0.3229
yellow,42,dropoff,2024,3,10965,Manhattan,Central Harlem North,false,0.3229
yellow,42,dropoff,2024,4,10625,Manhattan,Central Harlem North,false,0.3229
yellow,42,dropoff,2024,5,10709,Manhattan,Central Harlem North,false,0.3229
yellow,42,dropoff,2024,6,10218,Manhattan,Central Harlem North,false,0.3229
yellow,42,dropoff,2025,2,8329,Manhattan,Central Harlem North,false,0.3229
yellow,42,dropoff,2025,3,10277,Manhattan,Central Harlem North,false,0.3229
yellow,42,dropoff,2025,4,9558,Manhattan,Central Harlem North,false,0.3229
yellow,42,dropoff,2025,5,10092,Manhattan,Central Harlem North,false,0.3229
yellow,42,dropoff,2025,6,9369,Manhattan,Central Harlem North,false,0.3229
yellow,42,pickup,2024,2,2208,Manhattan,Central Harlem North,false,0.1265
yellow,42,pickup,2024,3,2736,Manhattan,Central Harlem North,false,0.1265
yellow,42,pickup,2024,4,2687,Manhattan,Central Harlem North,false,0.1265
yellow,42,pickup,2024,5,2798,Manhattan,Central Harlem North,false,0.1265
yellow,42,pickup,2024,6,2690,Manhattan,Central Harlem North,false,0.1265
yellow,42,pickup,2025,2,2289,Manhattan,Central Harlem North,false,0.1265
yellow,42,pickup,2025,3,2698,Manhattan,Central Harlem North,false,0.1265
yellow,42,pickup,2025,4,2672,Manhattan,Central Harlem North,false,0.1265
yellow,42,pickup,2025,5,2887,Manhattan,Central Harlem North,false,0.1265
yellow,42,pickup,2025,6,2640,Manhattan,Central Harlem North,false,0.1265
yellow,43,dropoff,2024,2,31373,Manhattan,Central Park,false,0.4449
yellow,43,dropoff,2024,3,34902,Manhattan,Central Park,false,0.4449
yellow,43,dropoff,2024,4,37291,Manhattan,Central Park,false,0.4449
yellow,43,dropoff,2024,5,39392,Manhattan,Central Park,false,0.4449
yellow,43,dropoff,2024,6,35536,Manhattan,Central Park,false,0.4449
yellow,43,dropoff,2025,2,27887,Manhattan,Central Park,false,0.4449
yellow,43,dropoff,2025,3,31347,Manhattan,Central Park,false,0.4449
yellow,43,dropoff,2025,4,35758,Manhattan,Central Park,false,0.4449
yellow,43,dropoff,2025,5,35729,Manhattan,Central Park,false,0.4449
yellow,43,dropoff,2025,6,32066,Manhattan,Central Park,false,0.4449
yellow,43,pickup,2024,2,43824,Manhattan,Central Park,false,0.4617
yellow,43,pickup,2024,3,49384,Manhattan,Central Park,false,0.4617
yellow,43,pickup,2024,4,51892,Manhattan,Central Park,false,0.4617
yellow,43,pickup,2024,5,54460,Manhattan,Central Park,false,0.4617
yellow,43,pickup,2024,6,51718,Manhattan,Central Park,false,0.4617
yellow,43,pickup,2025,2,38877,Manhattan,Central Park,false,0.4617
yellow,43,pickup,2025,3,45072,Manhattan,Central Park,false,0.4617
yellow,43,pickup,2025,4,50889,Manhattan,Central Park,false,0.4617
yellow,43,pickup,2025,5,51502,Manhattan,Central Park,false,0.4617
yellow,43,pickup,2025,6,45986,Manhattan,Central Park,false,0.4617
yellow,44,dropoff,2024,2,8,Staten Island,Charleston/Tottenville,false,0.4154
yellow,44,dropoff,2024,3,10,Staten Island,Charleston/Tottenville,false,0.4154
yellow,44,dropoff,2024,4,13,Staten Island,Charleston/Tottenville,false,0.4154
yellow,44,dropoff,2024,5,17,Staten Island,Charleston/Tottenville,false,0.4154
yellow,44,dropoff,2024,6,17,Staten Island,Charleston/Tottenville,false,0.4154
yellow,44,dropoff,2025,2,8,Staten Island,Charleston/Tottenville,false,0.4154
yellow,44,dropoff,2025,3,12,Staten Island,Charleston/Tottenville,false,0.4154
yellow,44,dropoff,2025,4,13,Staten Island,Charleston/Tottenville,false,0.4154
yellow,44,dropoff,2025,5,24,Staten Island,Charleston/Tottenville,false,0.4154
yellow,44,dropoff,2025,6,22,Staten Island,Charleston/Tottenville,false,0.4154
yellow,44,pickup,2024,5,2,Staten Island,Charleston/Tottenville,false,0.0
yellow,44,pickup,2025,4,1,Staten Island,Charleston/Tottenville,false,0.0
yellow,45,dropoff,2024,2,7019,Manhattan,Chinatown,true,1.0
yellow,45,dropoff,2024,3,8048,Manhattan,Chinatown,true,1.0
yellow,45,dropoff,2024,4,7635,Manhattan,Chinatown,true,1.0
yellow,45,dropoff,2024,5,8232,Manhattan,Chinatown,true,1.0
yellow,45,dropoff,2024,6,7983,Manhattan,Chinatown,true,1.0
yellow,45,dropoff,2025,2,6876,Manhattan,Chinatown,true,1.0
yellow,45,dropoff,2025,3,8052,Manhattan,Chinatown,true,1.0
yellow,45,dropoff,2025,4,8197,Manhattan,Chinatown,true,1.0
yellow,45,dropoff,2025,5,8626,Manhattan,Chinatown,true,1.0
yellow,45,dropoff,2025,6,7789,Manhattan,Chinatown,true,1.0
yellow,45,pickup,2024,2,3579,Manhattan,Chinatown,true,1.0
yellow,45,pickup,2024,3,3817,Manhattan,Chinatown,true,1.0
yellow,45,pickup,2024,4,3804,Manhattan,Chinatown,true,1.0
yellow,45,pickup,2024,5,4155,Manhattan,Chinatown,true,1.0
yellow,45,pickup,2024,6,4161,Manhattan,Chinatown,true,1.0
yellow,45,pickup,2025,2,3735,Manhattan,Chinatown,true,1.0
yellow,45,pickup,2025,3,4373,Manhattan,Chinatown,true,1.0
yellow,45,pickup,2025,4,4636,Manhattan,Chinatown,true,1.0
yellow,45,pickup,2025,5,4690,Manhattan,Chinatown,true,1.0
yellow,45,pickup,2025,6,4256,Manhattan,Chinatown,true,1.0
yellow,46,dropoff,2024,2,66,Bronx,City Island,false,0.176
yellow,46,dropoff,2024,3,66,Bronx,City Island,false,0.176
yellow,46,dropoff,2024,4,96,Bronx,City Island,false,0.176
yellow,46,dropoff,2024,5,86,Bronx,City Island,false,0.176
yellow,46,dropoff,2024,6,95,Bronx,City Island,false,0.176
yellow,46,dropoff,2025,2,46,Bronx,City Island,false,0.176
yellow,46,dropoff,2025,3,82,Bronx,City Island,false,0.176
yellow,46,dropoff,2025,4,77,Bronx,City Island,false,0.176
yellow,46,dropoff,2025,5,101,Bronx,City Island,false,0.176
yellow,46,dropoff,2025,6,101,Bronx,City Island,false,0.176
yellow,46,pickup,2024,2,12,Bronx,City Island,false,0.0921
yellow,46,pickup,2024,3,9,Bronx,City Island,false,0.0921
yellow,46,pickup,2024,4,11,Bronx,City Island,false,0.0921
yellow,46,pickup,2024,5,20,Bronx,City Island,false,0.0921
yellow,46,pickup,2024,6,24,Bronx,City Island,false,0.0921
yellow,46,pickup,2025,2,14,Bronx,City Island,false,0.0921
yellow,46,pickup,2025,3,21,Bronx,City Island,false,0.0921
yellow,46,pickup,2025,4,17,Bronx,City Island,false,0.0921
yellow,46,pickup,2025,5,16,Bronx,City Island,false,0.0921
yellow,46,pickup,2025,6,24,Bronx,City Island,false,0.0921
yellow,47,dropoff,2024,2,263,Bronx,Claremont/Bathgate,false,0.2497
yellow,47,dropoff,2024,3,280,Bronx,Claremont/Bathgate,false,0.2497
yellow,47,dropoff,2024,4,347,Bronx,Claremont/Bathgate,false,0.2497
yellow,47,dropoff,2024,5,344,Bronx,Claremont/Bathgate,false,0.2497
yellow,47,dropoff,2024,6,264,Bronx,Claremont/Bathgate,false,0.2497
yellow,47,dropoff,2025,2,222,Bronx,Claremont/Bathgate,false,0.2497
yellow,47,dropoff,2025,3,280,Bronx,Claremont/Bathgate,false,0.2497
yellow,47,dropoff,2025,4,289,Bronx,Claremont/Bathgate,false,0.2497
yellow,47,dropoff,2025,5,278,Bronx,Claremont/Bathgate,false,0.2497
yellow,47,dropoff,2025,6,298,Bronx,Claremont/Bathgate,false,0.2497
yellow,47,pickup,2024,2,133,Bronx,Claremont/Bathgate,false,0.1755
yellow,47,pickup,2024,3,170,Bronx,Claremont/Bathgate,false,0.1755
yellow,47,pickup,2024,4,162,Bronx,Claremont/Bathgate,false,0.1755
yellow,47,pickup,2024,5,166,Bronx,Claremont/Bathgate,false,0.1755
yellow,47,pickup,2024,6,144,Bronx,Claremont/Bathgate,false,0.1755
yellow,47,pickup,2025,2,163,Bronx,Claremont/Bathgate,false,0.1755
yellow,47,pickup,2025,3,221,Bronx,Claremont/Bathgate,false,0.1755
yellow,47,pickup,2025,4,188,Bronx,Claremont/Bathgate,false,0.1755
yellow,47,pickup,2025,5,214,Bronx,Claremont/Bathgate,false,0.1755
yellow,47,pickup,2025,6,198,Bronx,Claremont/Bathgate,false,0.1755
yellow,48,dropoff,2024,2,65124,Manhattan,Clinton East,true,1.0
yellow,48,dropoff,2024,3,75429,Manhattan,Clinton East,true,1.0
yellow,48,dropoff,2024,4,71209,Manhattan,Clinton East,true,1.0
yellow,48,dropoff,2024,5,74048,Manhattan,Clinton East,true,1.0
yellow,48,dropoff,2024,6,74028,Manhattan,Clinton East,true,1.0
yellow,48,dropoff,2025,2,62129,Manhattan,Clinton East,true,1.0
yellow,48,dropoff,2025,3,74515,Manhattan,Clinton East,true,1.0
yellow,48,dropoff,2025,4,70804,Manhattan,Clinton East,true,1.0
yellow,48,dropoff,2025,5,71901,Manhattan,Clinton East,true,1.0
yellow,48,dropoff,2025,6,69079,Manhattan,Clinton East,true,1.0
yellow,48,pickup,2024,2,70208,Manhattan,Clinton East,true,1.0
yellow,48,pickup,2024,3,81008,Manhattan,Clinton East,true,1.0
yellow,48,pickup,2024,4,77053,Manhattan,Clinton East,true,1.0
yellow,48,pickup,2024,5,79953,Manhattan,Clinton East,true,1.0
yellow,48,pickup,2024,6,78633,Manhattan,Clinton East,true,1.0
yellow,48,pickup,2025,2,65940,Manhattan,Clinton East,true,1.0
yellow,48,pickup,2025,3,79781,Manhattan,Clinton East,true,1.0
yellow,48,pickup,2025,4,76569,Manhattan,Clinton East,true,1.0
yellow,48,pickup,2025,5,76435,Manhattan,Clinton East,true,1.0
yellow,48,pickup,2025,6,72538,Manhattan,Clinton East,true,1.0
yellow,49,dropoff,2024,2,3497,Brooklyn,Clinton Hill,false,0.4661
yellow,49,dropoff,2024,3,4189,Brooklyn,Clinton Hill,false,0.4661
yellow,49,dropoff,2024,4,4032,Brooklyn,Clinton Hill,false,0.4661
yellow,49,dropoff,2024,5,4242,Brooklyn,Clinton Hill,false,0.4661
yellow,49,dropoff,2024,6,3957,Brooklyn,Clinton Hill,false,0.4661
yellow,49,dropoff,2025,2,3758,Brooklyn,Clinton Hill,false,0.4661
yellow,49,dropoff,2025,3,4223,Brooklyn,Clinton Hill,false,0.4661
yellow,49,dropoff,2025,4,4087,Brooklyn,Clinton Hill,false,0.4661
yellow,49,dropoff,2025,5,4597,Brooklyn,Clinton Hill,false,0.4661
yellow,49,dropoff,2025,6,4349,Brooklyn,Clinton Hill,false,0.4661
yellow,49,pickup,2024,2,380,Brooklyn,Clinton Hill,false,0.1692
yellow,49,pickup,2024,3,393,Brooklyn,Clinton Hill,false,0.1692
yellow,49,pickup,2024,4,483,Brooklyn,Clinton Hill,false,0.1692
yellow,49,pickup,2024,5,484,Brooklyn,Clinton Hill,false,0.1692
yellow,49,pickup,2024,6,447,Brooklyn,Clinton Hill,false,0.1692
yellow,49,pickup,2025,2,490,Brooklyn,Clinton Hill,false,0.1692
yellow,49,pickup,2025,3,531,Brooklyn,Clinton Hill,false,0.1692
yellow,49,pickup,2025,4,580,Brooklyn,Clinton Hill,false,0.1692
yellow,49,pickup,2025,5,578,Brooklyn,Clinton Hill,false,0.1692
yellow,49,pickup,2025,6,604,Brooklyn,Clinton Hill,false,0.1692
yellow,50,dropoff,2024,2,28266,Manhattan,Clinton West,true,1.0
yellow,50,dropoff,2024,3,31133,Manhattan,Clinton West,true,1.0
yellow,50,dropoff,2024,4,31989,Manhattan,Clinton West,true,1.0
yellow,50,dropoff,2024,5,33159,Manhattan,Clinton West,true,1.0
yellow,50,dropoff,2024,6,32049,Manhattan,Clinton West,true,1.0
yellow,50,dropoff,2025,2,26009,Manhattan,Clinton West,true,1.0
yellow,50,dropoff,2025,3,30305,Manhattan,Clinton West,true,1.0
yellow,50,dropoff,2025,4,30176,Manhattan,Clinton West,true,1.0
yellow,50,dropoff,2025,5,31809,Manhattan,Clinton West,true,1.0
yellow,50,dropoff,2025,6,29803,Manhattan,Clinton West,true,1.0
yellow,50,pickup,2024,2,14577,Manhattan,Clinton West,true,1.0
yellow,50,pickup,2024,3,16739,Manhattan,Clinton West,true,1.0
yellow,50,pickup,2024,4,16815,Manhattan,Clinton West,true,1.0
yellow,50,pickup,2024,5,18104,Manhattan,Clinton West,true,1.0
yellow,50,pickup,2024,6,18038,Manhattan,Clinton West,true,1.0
yellow,50,pickup,2025,2,12654,Manhattan,Clinton West,true,1.0
yellow,50,pickup,2025,3,15799,Manhattan,Clinton West,true,1.0
yellow,50,pickup,2025,4,15590,Manhattan,Clinton West,true,1.0
yellow,50,pickup,2025,5,17132,Manhattan,Clinton West,true,1.0
yellow,50,pickup,2025,6,16290,Manhattan,Clinton West,true,1.0
yellow,51,dropoff,2024,2,516,Bronx,Co-Op City,false,0.1785
yellow,51,dropoff,2024,3,533,Bronx,Co-Op City,false,0.1785
yellow,51,dropoff,2024,4,565,Bronx,Co-Op City,false,0.1785
yellow,51,dropoff,2024,5,578,Bronx,Co-Op City,false,0.1785
yellow,51,dropoff,2024,6,548,Bronx,Co-Op City,false,0.1785
yellow,51,dropoff,2025,2,556,Bronx,Co-Op City,false,0.1785
yellow,51,dropoff,2025,3,663,Bronx,Co-Op City,false,0.1785
yellow,51,dropoff,2025,4,616,Bronx,Co-Op City,false,0.1785
yellow,51,dropoff,2025,5,697,Bronx,Co-Op City,false,0.1785
yellow,51,dropoff,2025,6,680,Bronx,Co-Op City,false,0.1785
yellow,51,pickup,2024,2,345,Bronx,Co-Op City,false,0.2234
yellow,51,pickup,2024,3,392,Bronx,Co-Op City,false,0.2234
yellow,51,pickup,2024,4,424,Bronx,Co-Op City,false,0.2234
yellow,51,pickup,2024,5,434,Bronx,Co-Op City,false,0.2234
yellow,51,pickup,2024,6,307,Bronx,Co-Op City,false,0.2234
yellow,51,pickup,2025,2,338,Bronx,Co-Op City,false,0.2234
yellow,51,pickup,2025,3,363,Bronx,Co-Op City,false,0.2234
yellow,51,pickup,2025,4,385,Bronx,Co-Op City,false,0.2234
yellow,51,pickup,2025,5,432,Bronx,Co-Op City,false,0.2234
yellow,51,pickup,2025,6,465,Bronx,Co-Op City,false,0.2234
yellow,52,dropoff,2024,2,1917,Brooklyn,Cobble Hill,false,0.5955
yellow,52,dropoff,2024,3,2085,Brooklyn,Cobble Hill,false,0.5955
yellow,52,dropoff,2024,4,1956,Brooklyn,Cobble Hill,false,0.5955
yellow,52,dropoff,2024,5,2023,Brooklyn,Cobble Hill,false,0.5955
yellow,52,dropoff,2024,6,2038,Brooklyn,Cobble Hill,false,0.5955
yellow,52,dropoff,2025,2,1857,Brooklyn,Cobble Hill,false,0.5955
yellow,52,dropoff,2025,3,2225,Brooklyn,Cobble Hill,false,0.5955
yellow,52,dropoff,2025,4,2228,Brooklyn,Cobble Hill,false,0.5955
yellow,52,dropoff,2025,5,2239,Brooklyn,Cobble Hill,false,0.5955
yellow,52,dropoff,2025,6,2068,Brooklyn,Cobble Hill,false,0.5955
yellow,52,pickup,2024,2,438,Brooklyn,Cobble Hill,false,0.3422
yellow,52,pickup,2024,3,479,Brooklyn,Cobble Hill,false,0.3422
yellow,52,pickup,2024,4,495,Brooklyn,Cobble Hill,false,0.3422
yellow,52,pickup,2024,5,515,Brooklyn,Cobble Hill,false,0.3422
yellow,52,pickup,2024,6,440,Brooklyn,Cobble Hill,false,0.3422
yellow,52,pickup,2025,2,356,Brooklyn,Cobble Hill,false,0.3422
yellow,52,pickup,2025,3,458,Brooklyn,Cobble Hill,false,0.3422
yellow,52,pickup,2025,4,406,Brooklyn,Cobble Hill,false,0.3422
yellow,52,pickup,2025,5,484,Brooklyn,Cobble Hill,false,0.3422
yellow,52,pickup,2025,6,429,Brooklyn,Cobble Hill,false,0.3422
yellow,53,dropoff,2024,2,288,Queens,College Point,false,0.1041
yellow,53,dropoff,2024,3,336,Queens,College Point,false,0.1041
yellow,53,dropoff,2024,4,335,Queens,College Point,false,0.1041
yellow,53,dropoff,2024,5,443,Queens,College Point,false,0.1041
yellow,53,dropoff,2024,6,481,Queens,College Point,false,0.1041
yellow,53,dropoff,2025,2,256,Queens,College Point,false,0.1041
yellow,53,dropoff,2025,3,343,Queens,College Point,false,0.1041
yellow,53,dropoff,2025,4,299,Queens,College Point,false,0.1041
yellow,53,dropoff,2025,5,356,Queens,College Point,false,0.1041
yellow,53,dropoff,2025,6,398,Queens,College Point,false,0.1041
yellow,53,pickup,2024,2,44,Queens,College Point,false,0.327
yellow,53,pickup,2024,3,29,Queens,College Point,false,0.327
yellow,53,pickup,2024,4,40,Queens,College Point,false,0.327
yellow,53,pickup,2024,5,50,Queens,College Point,false,0.327
yellow,53,pickup,2024,6,48,Queens,College Point,false,0.327
yellow,53,pickup,2025,2,73,Queens,College Point,false,0.327
yellow,53,pickup,2025,3,70,Queens,College Point,false,0.327
yellow,53,pickup,2025,4,83,Queens,College Point,false,0.327
yellow,53,pickup,2025,5,81,Queens,College Point,false,0.327
yellow,53,pickup,2025,6,78,Queens,College Point,false,0.327
yellow,54,dropoff,2024,2,678,Brooklyn,Columbia Street,false,0.5799
yellow,54,dropoff,2024,3,674,Brooklyn,Columbia Street,false,0.5799
yellow,54,dropoff,2024,4,697,Brooklyn,Columbia Street,false,0.5799
yellow,54,dropoff,2024,5,659,Brooklyn,Columbia Street,false,0.5799
yellow,54,dropoff,2024,6,658,Brooklyn,Columbia Street,false,0.5799
yellow,54,dropoff,2025,2,666,Brooklyn,Columbia Street,false,0.5799
yellow,54,dropoff,2025,3,750,Brooklyn,Columbia Street,false,0.5799
yellow,54,dropoff,2025,4,745,Brooklyn,Columbia Street,false,0.5799
yellow,54,dropoff,2025,5,749,Brooklyn,Columbia Street,false,0.5799
yellow,54,dropoff,2025,6,749,Brooklyn,Columbia Street,false,0.5799
yellow,54,pickup,2024,2,31,Brooklyn,Columbia Street,false,0.2184
yellow,54,pickup,2024,3,35,Brooklyn,Columbia Street,false,0.2184
yellow,54,pickup,2024,4,45,Brooklyn,Columbia Street,false,0.2184
yellow,54,pickup,2024,5,51,Brooklyn,Columbia Street,false,0.2184
yellow,54,pickup,2024,6,44,Brooklyn,Columbia Street,false,0.2184
yellow,54,pickup,2025,2,39,Brooklyn,Columbia Street,false,0.2184
yellow,54,pickup,2025,3,46,Brooklyn,Columbia Street,false,0.2184
yellow,54,pickup,2025,4,47,Brooklyn,Columbia Street,false,0.2184
yellow,54,pickup,2025,5,79,Brooklyn,Columbia Street,false,0.2184
yellow,54,pickup,2025,6,72,Brooklyn,Columbia Street,false,0.2184
yellow,55,dropoff,2024,2,395,Brooklyn,Coney Island,false,0.2336
yellow,55,dropoff,2024,3,542,Brooklyn,Coney Island,false,0.2336
yellow,55,dropoff,2024,4,585,Brooklyn,Coney Island,false,0.2336
yellow,55,dropoff,2024,5,713,Brooklyn,Coney Island,false,0.2336
yellow,55,dropoff,2024,6,740,Brooklyn,Coney Island,false,0.2336
yellow,55,dropoff,2025,2,593,Brooklyn,Coney Island,false,0.2336
yellow,55,dropoff,2025,3,777,Brooklyn,Coney Island,false,0.2336
yellow,55,dropoff,2025,4,804,Brooklyn,Coney Island,false,0.2336
yellow,55,dropoff,2025,5,910,Brooklyn,Coney Island,false,0.2336
yellow,55,dropoff,2025,6,1027,Brooklyn,Coney Island,false,0.2336
yellow,55,pickup,2024,2,255,Brooklyn,Coney Island,false,0.2086
yellow,55,pickup,2024,3,367,Brooklyn,Coney Island,false,0.2086
yellow,55,pickup,2024,4,382,Brooklyn,Coney Island,false,0.2086
yellow,55,pickup,2024,5,444,Brooklyn,Coney Island,false,0.2086
yellow,55,pickup,2024,6,441,Brooklyn,Coney Island,false,0.2086
yellow,55,pickup,2025,2,408,Brooklyn,Coney Island,false,0.2086
yellow,55,pickup,2025,3,497,Brooklyn,Coney Island,false,0.2086
yellow,55,pickup,2025,4,532,Brooklyn,Coney Island,false,0.2086
yellow,55,pickup,2025,5,559,Brooklyn,Coney Island,false,0.2086
yellow,55,pickup,2025,6,615,Brooklyn,Coney Island,false,0.2086
yellow,56,dropoff,2024,2,654,Queens,Corona,false,0.2342
yellow,56,dropoff,2024,3,733,Queens,Corona,false,0.2342
yellow,56,dropoff,2024,4,753,Queens,Corona,false,0.2342
yellow,56,dropoff,2024,5,770,Queens,Corona,false,0.2342
yellow,56,dropoff,2024,6,715,Queens,Corona,false,0.2342
yellow,56,dropoff,2025,2,745,Queens,Corona,false,0.2342
yellow,56,dropoff,2025,3,843,Queens,Corona,false,0.2342
yellow,56,dropoff,2025,4,845,Queens,Corona,false,0.2342
yellow,56,dropoff,2025,5,910,Queens,Corona,false,0.2342
yellow,56,dropoff,2025,6,882,Queens,Corona,false,0.2342
yellow,56,pickup,2024,2,233,Queens,Corona,false,0.3521
yellow,56,pickup,2024,3,216,Queens,Corona,false,0.3521
yellow,56,pickup,2024,4,237,Queens,Corona,false,0.3521
yellow,56,pickup,2024,5,213,Queens,Corona,false,0.3521
yellow,56,pickup,2024,6,237,Queens,Corona,false,0.3521
yellow,56,pickup,2025,2,200,Queens,Corona,false,0.3521
yellow,56,pickup,2025,3,217,Queens,Corona,false,0.3521
yellow,56,pickup,2025,4,213,Queens,Corona,false,0.3521
yellow,56,pickup,2025,5,217,Queens,Corona,false,0.3521
yellow,56,pickup,2025,6,269,Queens,Corona,false,0.3521
yellow,57,dropoff,2024,2,37,Queens,Corona,false,0.166
yellow,57,dropoff,2024,3,46,Queens,Corona,false,0.166
yellow,57,dropoff,2024,4,62,Queens,Corona,false,0.166
yellow,57,dropoff,2024,5,37,Queens,Corona,false,0.166
yellow,57,dropoff,2024,6,59,Queens,Corona,false,0.166
yellow,57,dropoff,2025,2,27,Queens,Corona,false,0.166
yellow,57,dropoff,2025,3,35,Queens,Corona,false,0.166
yellow,57,dropoff,2025,4,44,Queens,Corona,false,0.166
yellow,57,dropoff,2025,5,33,Queens,Corona,false,0.166
yellow,57,dropoff,2025,6,50,Queens,Corona,false,0.166
yellow,57,pickup,2024,2,2,Queens,Corona,false,0.0571
yellow,57,pickup,2024,3,8,Queens,Corona,false,0.0571
yellow,57,pickup,2024,4,8,Queens,Corona,false,0.0571
yellow,57,pickup,2024,5,9,Queens,Corona,false,0.0571
yellow,57,pickup,2024,6,8,Queens,Corona,false,0.0571
yellow,57,pickup,2025,2,5,Queens,Corona,false,0.0571
yellow,57,pickup,2025,3,5,Queens,Corona,false,0.0571
yellow,57,pickup,2025,4,16,Queens,Corona,false,0.0571
yellow,57,pickup,2025,5,10,Queens,Corona,false,0.0571
yellow,57,pickup,2025,6,14,Queens,Corona,false,0.0571
yellow,58,dropoff,2024,2,69,Bronx,Country Club,false,0.1749
yellow,58,dropoff,2024,3,82,Bronx,Country Club,false,0.1749
yellow,58,dropoff,2024,4,89,Bronx,Country Club,false,0.1749
yellow,58,dropoff,2024,5,71,Bronx,Country Club,false,0.1749
yellow,58,dropoff,2024,6,72,Bronx,Country Club,false,0.1749
yellow,58,dropoff,2025,2,54,Bronx,Country Club,false,0.1749
yellow,58,dropoff,2025,3,71,Bronx,Country Club,false,0.1749
yellow,58,dropoff,2025,4,78,Bronx,Country Club,false,0.1749
yellow,58,dropoff,2025,5,86,Bronx,Country Club,false,0.1749
yellow,58,dropoff,2025,6,77,Bronx,Country Club,false,0.1749
yellow,58,pickup,2024,2,3,Bronx,Country Club,false,0.0667
yellow,58,pickup,2024,3,4,Bronx,Country Club,false,0.0667
yellow,58,pickup,2024,4,3,Bronx,Country Club,false,0.0667
yellow,58,pickup,2024,5,2,Bronx,Country Club,false,0.0667
yellow,58,pickup,2024,6,3,Bronx,Country Club,false,0.0667
yellow,58,pickup,2025,2,10,Bronx,Country Club,false,0.0667
yellow,58,pickup,2025,3,10,Bronx,Country Club,false,0.0667
yellow,58,pickup,2025,4,19,Bronx,Country Club,false,0.0667
yellow,58,pickup,2025,5,20,Bronx,Country Club,false,0.0667
yellow,58,pickup,2025,6,13,Bronx,Country Club,false,0.0667
yellow,59,dropoff,2024,2,7,Bronx,Crotona Park,false,0.2674
yellow,59,dropoff,2024,3,20,Bronx,Crotona Park,false,0.2674
yellow,59,dropoff,2024,4,18,Bronx,Crotona Park,false,0.2674
yellow,59,dropoff,2024,5,13,Bronx,Crotona Park,false,0.2674
yellow,59,dropoff,2024,6,28,Bronx,Crotona Park,false,0.2674
yellow,59,dropoff,2025,2,10,Bronx,Crotona Park,false,0.2674
yellow,59,dropoff,2025,3,13,Bronx,Crotona Park,false,0.2674
yellow,59,dropoff,2025,4,11,Bronx,Crotona Park,false,0.2674
yellow,59,dropoff,2025,5,13,Bronx,Crotona Park,false,0.2674
yellow,59,dropoff,2025,6,22,Bronx,Crotona Park,false,0.2674
yellow,59,pickup,2024,2,1,Bronx,Crotona Park,false,0.0526
yellow,59,pickup,2024,3,5,Bronx,Crotona Park,false,0.0526
yellow,59,pickup,2024,4,5,Bronx,Crotona Park,false,0.0526
yellow,59,pickup,2024,5,4,Bronx,Crotona Park,false,0.0526
yellow,59,pickup,2024,6,4,Bronx,Crotona Park,false,0.0526
yellow,59,pickup,2025,2,3,Bronx,Crotona Park,false,0.0526
yellow,59,pickup,2025,3,1,Bronx,Crotona Park,false,0.0526
yellow,59,pickup,2025,4,5,Bronx,Crotona Park,false,0.0526
yellow,59,pickup,2025,6,3,Bronx,Crotona Park,false,0.0526
yellow,60,dropoff,2024,2,174,Bronx,Crotona Park East,false,0.2077
yellow,60,dropoff,2024,3,200,Bronx,Crotona Park East,false,0.2077
yellow,60,dropoff,2024,4,255,Bronx,Crotona Park East,false,0.2077
yellow,60,dropoff,2024,5,202,Bronx,Crotona Park East,false,0.2077
yellow,60,dropoff,2024,6,214,Bronx,Crotona Park East,false,0.2077
yellow,60,dropoff,2025,2,124,Bronx,Crotona Park East,false,0.2077
yellow,60,dropoff,2025,3,181,Bronx,Crotona Park East,false,0.2077
yellow,60,dropoff,2025,4,198,Bronx,Crotona Park East,false,0.2077
yellow,60,dropoff,2025,5,186,Bronx,Crotona Park East,false,0.2077
yellow,60,dropoff,2025,6,196,Bronx,Crotona Park East,false,0.2077
yellow,60,pickup,2024,2,85,Bronx,Crotona Park East,false,0.2772
yellow,60,pickup,2024,3,114,Bronx,Crotona Park East,false,0.2772
yellow,60,pickup,2024,4,114,Bronx,Crotona Park East,false,0.2772
yellow,60,pickup,2024,5,134,Bronx,Crotona Park East,false,0.2772
yellow,60,pickup,2024,6,105,Bronx,Crotona Park East,false,0.2772
yellow,60,pickup,2025,2,103,Bronx,Crotona Park East,false,0.2772
yellow,60,pickup,2025,3,146,Bronx,Crotona Park East,false,0.2772
yellow,60,pickup,2025,4,147,Bronx,Crotona Park East,false,0.2772
yellow,60,pickup,2025,5,114,Bronx,Crotona Park East,false,0.2772
yellow,60,pickup,2025,6,150,Bronx,Crotona Park East,false,0.2772
yellow,61,dropoff,2024,2,3606,Brooklyn,Crown Heights North,false,0.3045
yellow,61,dropoff,2024,3,4183,Brooklyn,Crown Heights North,false,0.3045
yellow,61,dropoff,2024,4,4193,Brooklyn,Crown Heights North,false,0.3045
yellow,61,dropoff,2024,5,4344,Brooklyn,Crown Heights North,false,0.3045
yellow,61,dropoff,2024,6,4418,Brooklyn,Crown Heights North,false,0.3045
yellow,61,dropoff,2025,2,3729,Brooklyn,Crown Heights North,false,0.3045
yellow,61,dropoff,2025,3,4375,Brooklyn,Crown Heights North,false,0.3045
yellow,61,dropoff,2025,4,4367,Brooklyn,Crown Heights North,false,0.3045
yellow,61,dropoff,2025,5,4763,Brooklyn,Crown Heights North,false,0.3045
yellow,61,dropoff,2025,6,4615,Brooklyn,Crown Heights North,false,0.3045
yellow,61,pickup,2024,2,822,Brooklyn,Crown Heights North,false,0.1476
yellow,61,pickup,2024,3,1053,Brooklyn,Crown Heights North,false,0.1476
yellow,61,pickup,2024,4,1149,Brooklyn,Crown Heights North,false,0.1476
yellow,61,pickup,2024,5,1219,Brooklyn,Crown Heights North,false,0.1476
yellow,61,pickup,2024,6,1185,Brooklyn,Crown Heights North,false,0.1476
yellow,61,pickup,2025,2,1143,Brooklyn,Crown Heights North,false,0.1476
yellow,61,pickup,2025,3,1348,Brooklyn,Crown Heights North,false,0.1476
yellow,61,pickup,2025,4,1310,Brooklyn,Crown Heights North,false,0.1476
yellow,61,pickup,2025,5,1344,Brooklyn,Crown Heights North,false,0.1476
yellow,61,pickup,2025,6,1477,Brooklyn,Crown Heights North,false,0.1476
yellow,62,dropoff,2024,2,1083,Brooklyn,Crown Heights South,false,0.2831
yellow,62,dropoff,2024,3,1294,Brooklyn,Crown Heights South,false,0.2831
yellow,62,dropoff,2024,4,1316,Brooklyn,Crown Heights South,false,0.2831
yellow,62,dropoff,2024,5,1495,Brooklyn,Crown Heights South,false,0.2831
yellow,62,dropoff,2024,6,1361,Brooklyn,Crown Heights South,false,0.2831
yellow,62,dropoff,2025,2,1168,Brooklyn,Crown Heights South,false,0.2831
yellow,62,dropoff,2025,3,1251,Brooklyn,Crown Heights South,false,0.2831
yellow,62,dropoff,2025,4,1304,Brooklyn,Crown Heights South,false,0.2831
yellow,62,dropoff,2025,5,1446,Brooklyn,Crown Heights South,false,0.2831
yellow,62,dropoff,2025,6,1486,Brooklyn,Crown Heights South,false,0.2831
yellow,62,pickup,2024,2,288,Brooklyn,Crown Heights South,false,0.1379
yellow,62,pickup,2024,3,392,Brooklyn,Crown Heights South,false,0.1379
yellow,62,pickup,2024,4,424,Brooklyn,Crown Heights South,false,0.1379
yellow,62,pickup,2024,5,512,Brooklyn,Crown Heights South,false,0.1379
yellow,62,pickup,2024,6,415,Brooklyn,Crown Heights South,false,0.1379
yellow,62,pickup,2025,2,370,Brooklyn,Crown Heights South,false,0.1379
yellow,62,pickup,2025,3,429,Brooklyn,Crown Heights South,false,0.1379
yellow,62,pickup,2025,4,465,Brooklyn,Crown Heights South,false,0.1379
yellow,62,pickup,2025,5,486,Brooklyn,Crown Heights South,false,0.1379
yellow,62,pickup,2025,6,429,Brooklyn,Crown Heights South,false,0.1379
yellow,63,dropoff,2024,2,452,Brooklyn,Cypress Hills,false,0.1199
yellow,63,dropoff,2024,3,529,Brooklyn,Cypress Hills,false,0.1199
yellow,63,dropoff,2024,4,549,Brooklyn,Cypress Hills,false,0.1199
yellow,63,dropoff,2024,5,599,Brooklyn,Cypress Hills,false,0.1199
yellow,63,dropoff,2024,6,566,Brooklyn,Cypress Hills,false,0.1199
yellow,63,dropoff,2025,2,433,Brooklyn,Cypress Hills,false,0.1199
yellow,63,dropoff,2025,3,519,Brooklyn,Cypress Hills,false,0.1199
yellow,63,dropoff,2025,4,523,Brooklyn,Cypress Hills,false,0.1199
yellow,63,dropoff,2025,5,628,Brooklyn,Cypress Hills,false,0.1199
yellow,63,dropoff,2025,6,594,Brooklyn,Cypress Hills,false,0.1199
yellow,63,pickup,2024,2,117,Brooklyn,Cypress Hills,false,0.1839
yellow,63,pickup,2024,3,159,Brooklyn,Cypress Hills,false,0.1839
yellow,63,pickup,2024,4,156,Brooklyn,Cypress Hills,false,0.1839
yellow,63,pickup,2024,5,176,Brooklyn,Cypress Hills,false,0.1839
yellow,63,pickup,2024,6,224,Brooklyn,Cypress Hills,false,0.1839
yellow,63,pickup,2025,2,184,Brooklyn,Cypress Hills,false,0.1839
yellow,63,pickup,2025,3,193,Brooklyn,Cypress Hills,false,0.1839
yellow,63,pickup,2025,4,211,Brooklyn,Cypress Hills,false,0.1839
yellow,63,pickup,2025,5,210,Brooklyn,Cypress Hills,false,0.1839
yellow,63,pickup,2025,6,227,Brooklyn,Cypress Hills,false,0.1839
yellow,64,dropoff,2024,2,354,Queens,Douglaston,false,0.088
yellow,64,dropoff,2024,3,379,Queens,Douglaston,false,0.088
yellow,64,dropoff,2024,4,405,Queens,Douglaston,false,0.088
yellow,64,dropoff,2024,5,371,Queens,Douglaston,false,0.088
yellow,64,dropoff,2024,6,331,Queens,Douglaston,false,0.088
yellow,64,dropoff,2025,2,333,Queens,Douglaston,false,0.088
yellow,64,dropoff,2025,3,313,Queens,Douglaston,false,0.088
yellow,64,dropoff,2025,4,376,Queens,Douglaston,false,0.088
yellow,64,dropoff,2025,5,408,Queens,Douglaston,false,0.088
yellow,64,dropoff,2025,6,354,Queens,Douglaston,false,0.088
yellow,64,pickup,2024,2,31,Queens,Douglaston,false,0.1118
yellow,64,pickup,2024,3,38,Queens,Douglaston,false,0.1118
yellow,64,pickup,2024,4,37,Queens,Douglaston,false,0.1118
yellow,64,pickup,2024,5,39,Queens,Douglaston,false,0.1118
yellow,64,pickup,2024,6,25,Queens,Douglaston,false,0.1118
yellow,64,pickup,2025,2,27,Queens,Douglaston,false,0.1118
yellow,64,pickup,2025,3,30,Queens,Douglaston,false,0.1118
yellow,64,pickup,2025,4,14,Queens,Douglaston,false,0.1118
yellow,64,pickup,2025,5,28,Queens,Douglaston,false,0.1118
yellow,64,pickup,2025,6,32,Queens,Douglaston,false,0.1118
yellow,65,dropoff,2024,2,3610,Brooklyn,Downtown Brooklyn/MetroTech,false,0.5095
yellow,65,dropoff,2024,3,4443,Brooklyn,Downtown Brooklyn/MetroTech,false,0.5095
yellow,65,dropoff,2024,4,4473,Brooklyn,Downtown Brooklyn/MetroTech,false,0.5095
yellow,65,dropoff,2024,5,5141,Brooklyn,Downtown Brooklyn/MetroTech,false,0.5095
yellow,65,dropoff,2024,6,4600,Brooklyn,Downtown Brooklyn/MetroTech,false,0.5095
yellow,65,dropoff,2025,2,3398,Brooklyn,Downtown Brooklyn/MetroTech,false,0.5095
yellow,65,dropoff,2025,3,4498,Brooklyn,Downtown Brooklyn/MetroTech,false,0.5095
yellow,65,dropoff,2025,4,4404,Brooklyn,Downtown Brooklyn/MetroTech,false,0.5095
yellow,65,dropoff,2025,5,4978,Brooklyn,Downtown Brooklyn/MetroTech,false,0.5095
yellow,65,dropoff,2025,6,4511,Brooklyn,Downtown Brooklyn/MetroTech,false,0.5095
yellow,65,pickup,2024,2,1275,Brooklyn,Downtown Brooklyn/MetroTech,false,0.3964
yellow,65,pickup,2024,3,1561,Brooklyn,Downtown Brooklyn/MetroTech,false,0.3964
yellow,65,pickup,2024,4,1599,Brooklyn,Downtown Brooklyn/MetroTech,false,0.3964
yellow,65,pickup,2024,5,1969,Brooklyn,Downtown Brooklyn/MetroTech,false,0.3964
yellow,65,pickup,2024,6,1719,Brooklyn,Downtown Brooklyn/MetroTech,false,0.3964
yellow,65,pickup,2025,2,1088,Brooklyn,Downtown Brooklyn/MetroTech,false,0.3964
yellow,65,pickup,2025,3,1488,Brooklyn,Downtown Brooklyn/MetroTech,false,0.3964
yellow,65,pickup,2025,4,1673,Brooklyn,Downtown Brooklyn/MetroTech,false,0.3964
yellow,65,pickup,2025,5,1776,Brooklyn,Downtown Brooklyn/MetroTech,false,0.3964
yellow,65,pickup,2025,6,1654,Brooklyn,Downtown Brooklyn/MetroTech,false,0.3964
yellow,66,dropoff,2024,2,3443,Brooklyn,DUMBO/Vinegar Hill,false,0.7152
yellow,66,dropoff,2024,3,4006,Brooklyn,DUMBO/Vinegar Hill,false,0.7152
yellow,66,dropoff,2024,4,3969,Brooklyn,DUMBO/Vinegar Hill,false,0.7152
yellow,66,dropoff,2024,5,4159,Brooklyn,DUMBO/Vinegar Hill,false,0.7152
yellow,66,dropoff,2024,6,4199,Brooklyn,DUMBO/Vinegar Hill,false,0.7152
yellow,66,dropoff,2025,2,3458,Brooklyn,DUMBO/Vinegar Hill,false,0.7152
yellow,66,dropoff,2025,3,4465,Brooklyn,DUMBO/Vinegar Hill,false,0.7152
yellow,66,dropoff,2025,4,4713,Brooklyn,DUMBO/Vinegar Hill,false,0.7152
yellow,66,dropoff,2025,5,4839,Brooklyn,DUMBO/Vinegar Hill,false,0.7152
yellow,66,dropoff,2025,6,4648,Brooklyn,DUMBO/Vinegar Hill,false,0.7152
yellow,66,pickup,2024,2,503,Brooklyn,DUMBO/Vinegar Hill,false,0.4747
yellow,66,pickup,2024,3,596,Brooklyn,DUMBO/Vinegar Hill,false,0.4747
yellow,66,pickup,2024,4,737,Brooklyn,DUMBO/Vinegar Hill,false,0.4747
yellow,66,pickup,2024,5,913,Brooklyn,DUMBO/Vinegar Hill,false,0.4747
yellow,66,pickup,2024,6,967,Brooklyn,DUMBO/Vinegar Hill,false,0.4747
yellow,66,pickup,2025,2,585,Brooklyn,DUMBO/Vinegar Hill,false,0.4747
yellow,66,pickup,2025,3,842,Brooklyn,DUMBO/Vinegar Hill,false,0.4747
yellow,66,pickup,2025,4,1315,Brooklyn,DUMBO/Vinegar Hill,false,0.4747
yellow,66,pickup,2025,5,1306,Brooklyn,DUMBO/Vinegar Hill,false,0.4747
yellow,66,pickup,2025,6,1263,Brooklyn,DUMBO/Vinegar Hill,false,0.4747
yellow,67,dropoff,2024,2,301,Brooklyn,Dyker Heights,false,0.3872
yellow,67,dropoff,2024,3,375,Brooklyn,Dyker Heights,false,0.3872
yellow,67,dropoff,2024,4,382,Brooklyn,Dyker Heights,false,0.3872
yellow,67,dropoff,2024,5,376,Brooklyn,Dyker Heights,false,0.3872
yellow,67,dropoff,2024,6,361,Brooklyn,Dyker Heights,false,0.3872
yellow,67,dropoff,2025,2,290,Brooklyn,Dyker Heights,false,0.3872
yellow,67,dropoff,2025,3,353,Brooklyn,Dyker Heights,false,0.3872
yellow,67,dropoff,2025,4,345,Brooklyn,Dyker Heights,false,0.3872
yellow,67,dropoff,2025,5,427,Brooklyn,Dyker Heights,false,0.3872
yellow,67,dropoff,2025,6,376,Brooklyn,Dyker Heights,false,0.3872
yellow,67,pickup,2024,2,66,Brooklyn,Dyker Heights,false,0.3471
yellow,67,pickup,2024,3,77,Brooklyn,Dyker Heights,false,0.3471
yellow,67,pickup,2024,4,80,Brooklyn,Dyker Heights,false,0.3471
yellow,67,pickup,2024,5,69,Brooklyn,Dyker Heights,false,0.3471
yellow,67,pickup,2024,6,71,Brooklyn,Dyker Heights,false,0.3471
yellow,67,pickup,2025,2,81,Brooklyn,Dyker Heights,false,0.3471
yellow,67,pickup,2025,3,91,Brooklyn,Dyker Heights,false,0.3471
yellow,67,pickup,2025,4,63,Brooklyn,Dyker Heights,false,0.3471
yellow,67,pickup,2025,5,69,Brooklyn,Dyker Heights,false,0.3471
yellow,67,pickup,2025,6,91,Brooklyn,Dyker Heights,false,0.3471
yellow,68,dropoff,2024,2,70066,Manhattan,East Chelsea,true,1.0
yellow,68,dropoff,2024,3,78806,Manhattan,East Chelsea,true,1.0
yellow,68,dropoff,2024,4,77286,Manhattan,East Chelsea,true,1.0
yellow,68,dropoff,2024,5,80841,Manhattan,East Chelsea,true,1.0
yellow,68,dropoff,2024,6,79105,Manhattan,East Chelsea,true,1.0
yellow,68,dropoff,2025,2,69201,Manhattan,East Chelsea,true,1.0
yellow,68,dropoff,2025,3,80156,Manhattan,East Chelsea,true,1.0
yellow,68,dropoff,2025,4,79319,Manhattan,East Chelsea,true,1.0
yellow,68,dropoff,2025,5,79482,Manhattan,East Chelsea,true,1.0
yellow,68,dropoff,2025,6,75224,Manhattan,East Chelsea,true,1.0
yellow,68,pickup,2024,2,73886,Manhattan,East Chelsea,true,1.0
yellow,68,pickup,2024,3,81719,Manhattan,East Chelsea,true,1.0
yellow,68,pickup,2024,4,80477,Manhattan,East Chelsea,true,1.0
yellow,68,pickup,2024,5,86497,Manhattan,East Chelsea,true,1.0
yellow,68,pickup,2024,6,84268,Manhattan,East Chelsea,true,1.0
yellow,68,pickup,2025,2,74002,Manhattan,East Chelsea,true,1.0
yellow,68,pickup,2025,3,83834,Manhattan,East Chelsea,true,1.0
yellow,68,pickup,2025,4,82120,Manhattan,East Chelsea,true,1.0
yellow,68,pickup,2025,5,83866,Manhattan,East Chelsea,true,1.0
yellow,68,pickup,2025,6,79221,Manhattan,East Chelsea,true,1.0
yellow,69,dropoff,2024,2,863,Bronx,East Concourse/Concourse Village,false,0.2367
yellow,69,dropoff,2024,3,903,Bronx,East Concourse/Concourse Village,false,0.2367
yellow,69,dropoff,2024,4,895,Bronx,East Concourse/Concourse Village,false,0.2367
yellow,69,dropoff,2024,5,1037,Bronx,East Concourse/Concourse Village,false,0.2367
yellow,69,dropoff,2024,6,967,Bronx,East Concourse/Concourse Village,false,0.2367
yellow,69,dropoff,2025,2,754,Bronx,East Concourse/Concourse Village,false,0.2367
yellow,69,dropoff,2025,3,944,Bronx,East Concourse/Concourse Village,false,0.2367
yellow,69,dropoff,2025,4,854,Bronx,East Concourse/Concourse Village,false,0.2367
yellow,69,dropoff,2025,5,914,Bronx,East Concourse/Concourse Village,false,0.2367
yellow,69,dropoff,2025,6,960,Bronx,East Concourse/Concourse Village,false,0.2367
yellow,69,pickup,2024,2,316,Bronx,East Concourse/Concourse Village,false,0.2457
yellow,69,pickup,2024,3,317,Bronx,East Concourse/Concourse Village,false,0.2457
yellow,69,pickup,2024,4,317,Bronx,East Concourse/Concourse Village,false,0.2457
yellow,69,pickup,2024,5,344,Bronx,East Concourse/Concourse Village,false,0.2457
yellow,69,pickup,2024,6,326,Bronx,East Concourse/Concourse Village,false,0.2457
yellow,69,pickup,2025,2,332,Bronx,East Concourse/Concourse Village,false,0.2457
yellow,69,pickup,2025,3,397,Bronx,East Concourse/Concourse Village,false,0.2457
yellow,69,pickup,2025,4,390,Bronx,East Concourse/Concourse Village,false,0.2457
yellow,69,pickup,2025,5,416,Bronx,East Concourse/Concourse Village,false,0.2457
yellow,69,pickup,2025,6,408,Bronx,East Concourse/Concourse Village,false,0.2457
yellow,70,dropoff,2024,2,1032,Queens,East Elmhurst,false,0.2247
yellow,70,dropoff,2024,3,1455,Queens,East Elmhurst,false,0.2247
yellow,70,dropoff,2024,4,1348,Queens,East Elmhurst,false,0.2247
yellow,70,dropoff,2024,5,1585,Queens,East Elmhurst,false,0.2247
yellow,70,dropoff,2024,6,1546,Queens,East Elmhurst,false,0.2247
yellow,70,dropoff,2025,2,900,Queens,East Elmhurst,false,0.2247
yellow,70,dropoff,2025,3,1335,Queens,East Elmhurst,false,0.2247
yellow,70,dropoff,2025,4,1250,Queens,East Elmhurst,false,0.2247
yellow,70,dropoff,2025,5,1450,Queens,East Elmhurst,false,0.2247
yellow,70,dropoff,2025,6,1461,Queens,East Elmhurst,false,0.2247
yellow,70,pickup,2024,2,11111,Queens,East Elmhurst,false,0.4975
yellow,70,pickup,2024,3,13323,Queens,East Elmhurst,false,0.4975
yellow,70,pickup,2024,4,13682,Queens,East Elmhurst,false,0.4975
yellow,70,pickup,2024,5,13952,Queens,East Elmhurst,false,0.4975
yellow,70,pickup,2024,6,12836,Queens,East Elmhurst,false,0.4975
yellow,70,pickup,2025,2,8122,Queens,East Elmhurst,false,0.4975
yellow,70,pickup,2025,3,10466,Queens,East Elmhurst,false,0.4975
yellow,70,pickup,2025,4,11056,Queens,East Elmhurst,false,0.4975
yellow,70,pickup,2025,5,11397,Queens,East Elmhurst,false,0.4975
yellow,70,pickup,2025,6,11133,Queens,East Elmhurst,false,0.4975
yellow,71,dropoff,2024,2,641,Brooklyn,East Flatbush/Farragut,false,0.1461
yellow,71,dropoff,2024,3,768,Brooklyn,East Flatbush/Farragut,false,0.1461
yellow,71,dropoff,2024,4,795,Brooklyn,East Flatbush/Farragut,false,0.1461
yellow,71,dropoff,2024,5,927,Brooklyn,East Flatbush/Farragut,false,0.1461
yellow,71,dropoff,2024,6,873,Brooklyn,East Flatbush/Farragut,false,0.1461
yellow,71,dropoff,2025,2,706,Brooklyn,East Flatbush/Farragut,false,0.1461
yellow,71,dropoff,2025,3,818,Brooklyn,East Flatbush/Farragut,false,0.1461
yellow,71,dropoff,2025,4,879,Brooklyn,East Flatbush/Farragut,false,0.1461
yellow,71,dropoff,2025,5,1034,Brooklyn,East Flatbush/Farragut,false,0.1461
yellow,71,dropoff,2025,6,997,Brooklyn,East Flatbush/Farragut,false,0.1461
yellow,71,pickup,2024,2,302,Brooklyn,East Flatbush/Farragut,false,0.1056
yellow,71,pickup,2024,3,503,Brooklyn,East Flatbush/Farragut,false,0.1056
yellow,71,pickup,2024,4,486,Brooklyn,East Flatbush/Farragut,false,0.1056
yellow,71,pickup,2024,5,519,Brooklyn,East Flatbush/Farragut,false,0.1056
yellow,71,pickup,2024,6,510,Brooklyn,East Flatbush/Farragut,false,0.1056
yellow,71,pickup,2025,2,479,Brooklyn,East Flatbush/Farragut,false,0.1056
yellow,71,pickup,2025,3,595,Brooklyn,East Flatbush/Farragut,false,0.1056
yellow,71,pickup,2025,4,645,Brooklyn,East Flatbush/Farragut,false,0.1056
yellow,71,pickup,2025,5,644,Brooklyn,East Flatbush/Farragut,false,0.1056
yellow,71,pickup,2025,6,665,Brooklyn,East Flatbush/Farragut,false,0.1056
yellow,72,dropoff,2024,2,754,Brooklyn,East Flatbush/Remsen Village,false,0.123
yellow,72,dropoff,2024,3,857,Brooklyn,East Flatbush/Remsen Village,false,0.123
yellow,72,dropoff,2024,4,953,Brooklyn,East Flatbush/Remsen Village,false,0.123
yellow,72,dropoff,2024,5,958,Brooklyn,East Flatbush/Remsen Village,false,0.123
yellow,72,dropoff,2024,6,967,Brooklyn,East Flatbush/Remsen Village,false,0.123
yellow,72,dropoff,2025,2,763,Brooklyn,East Flatbush/Remsen Village,false,0.123
yellow,72,dropoff,2025,3,890,Brooklyn,East Flatbush/Remsen Village,false,0.123
yellow,72,dropoff,2025,4,948,Brooklyn,East Flatbush/Remsen Village,false,0.123
yellow,72,dropoff,2025,5,1032,Brooklyn,East Flatbush/Remsen Village,false,0.123
yellow,72,dropoff,2025,6,984,Brooklyn,East Flatbush/Remsen Village,false,0.123
yellow,72,pickup,2024,2,425,Brooklyn,East Flatbush/Remsen Village,false,0.1705
yellow,72,pickup,2024,3,563,Brooklyn,East Flatbush/Remsen Village,false,0.1705
yellow,72,pickup,2024,4,532,Brooklyn,East Flatbush/Remsen Village,false,0.1705
yellow,72,pickup,2024,5,603,Brooklyn,East Flatbush/Remsen Village,false,0.1705
yellow,72,pickup,2024,6,569,Brooklyn,East Flatbush/Remsen Village,false,0.1705
yellow,72,pickup,2025,2,561,Brooklyn,East Flatbush/Remsen Village,false,0.1705
yellow,72,pickup,2025,3,653,Brooklyn,East Flatbush/Remsen Village,false,0.1705
yellow,72,pickup,2025,4,635,Brooklyn,East Flatbush/Remsen Village,false,0.1705
yellow,72,pickup,2025,5,624,Brooklyn,East Flatbush/Remsen Village,false,0.1705
yellow,72,pickup,2025,6,709,Brooklyn,East Flatbush/Remsen Village,false,0.1705
yellow,73,dropoff,2024,2,149,Queens,East Flushing,false,0.1388
yellow,73,dropoff,2024,3,162,Queens,East Flushing,false,0.1388
yellow,73,dropoff,2024,4,185,Queens,East Flushing,false,0.1388
yellow,73,dropoff,2024,5,217,Queens,East Flushing,false,0.1388
yellow,73,dropoff,2024,6,159,Queens,East Flushing,false,0.1388
yellow,73,dropoff,2025,2,136,Queens,East Flushing,false,0.1388
yellow,73,dropoff,2025,3,141,Queens,East Flushing,false,0.1388
yellow,73,dropoff,2025,4,159,Queens,East Flushing,false,0.1388
yellow,73,dropoff,2025,5,180,Queens,East Flushing,false,0.1388
yellow,73,dropoff,2025,6,179,Queens,East Flushing,false,0.1388
yellow,73,pickup,2024,2,33,Queens,East Flushing,false,0.1275
yellow,73,pickup,2024,3,26,Queens,East Flushing,false,0.1275
yellow,73,pickup,2024,4,27,Queens,East Flushing,false,0.1275
yellow,73,pickup,2024,5,37,Queens,East Flushing,false,0.1275
yellow,73,pickup,2024,6,26,Queens,East Flushing,false,0.1275
yellow,73,pickup,2025,2,19,Queens,East Flushing,false,0.1275
yellow,73,pickup,2025,3,33,Queens,East Flushing,false,0.1275
yellow,73,pickup,2025,4,36,Queens,East Flushing,false,0.1275
yellow,73,pickup,2025,5,39,Queens,East Flushing,false,0.1275
yellow,73,pickup,2025,6,32,Queens,East Flushing,false,0.1275
yellow,74,dropoff,2024,2,16594,Manhattan,East Harlem North,false,0.1905
yellow,74,dropoff,2024,3,18759,Manhattan,East Harlem North,false,0.1905
yellow,74,dropoff,2024,4,18218,Manhattan,East Harlem North,false,0.1905
yellow,74,dropoff,2024,5,20345,Manhattan,East Harlem North,false,0.1905
yellow,74,dropoff,2024,6,19410,Manhattan,East Harlem North,false,0.1905
yellow,74,dropoff,2025,2,15131,Manhattan,East Harlem North,false,0.1905
yellow,74,dropoff,2025,3,17635,Manhattan,East Harlem North,false,0.1905
yellow,74,dropoff,2025,4,17605,Manhattan,East Harlem North,false,0.1905
yellow,74,dropoff,2025,5,18769,Manhattan,East Harlem North,false,0.1905
yellow,74,dropoff,2025,6,17483,Manhattan,East Harlem North,false,0.1905
yellow,74,pickup,2024,2,5072,Manhattan,East Harlem North,false,0.0968
yellow,74,pickup,2024,3,5932,Manhattan,East Harlem North,false,0.0968
yellow,74,pickup,2024,4,5636,Manhattan,East Harlem North,false,0.0968
yellow,74,pickup,2024,5,6232,Manhattan,East Harlem North,false,0.0968
yellow,74,pickup,2024,6,6086,Manhattan,East Harlem North,false,0.0968
yellow,74,pickup,2025,2,4605,Manhattan,East Harlem North,false,0.0968
yellow,74,pickup,2025,3,5752,Manhattan,East Harlem North,false,0.0968
yellow,74,pickup,2025,4,5519,Manhattan,East Harlem North,false,0.0968
yellow,74,pickup,2025,5,6055,Manhattan,East Harlem North,false,0.0968
yellow,74,pickup,2025,6,5957,Manhattan,East Harlem North,false,0.0968
yellow,75,dropoff,2024,2,31939,Manhattan,East Harlem South,false,0.2598
yellow,75,dropoff,2024,3,34385,Manhattan,East Harlem South,false,0.2598
yellow,75,dropoff,2024,4,33772,Manhattan,East Harlem South,false,0.2598
yellow,75,dropoff,2024,5,36372,Manhattan,East Harlem South,false,0.2598
yellow,75,dropoff,2024,6,32896,Manhattan,East Harlem South,false,0.2598
yellow,75,dropoff,2025,2,29634,Manhattan,East Harlem South,false,0.2598
yellow,75,dropoff,2025,3,32556,Manhattan,East Harlem South,false,0.2598
yellow,75,dropoff,2025,4,32468,Manhattan,East Harlem South,false,0.2598
yellow,75,dropoff,2025,5,33370,Manhattan,East Harlem South,false,0.2598
yellow,75,dropoff,2025,6,30336,Manhattan,East Harlem South,false,0.2598
yellow,75,pickup,2024,2,16155,Manhattan,East Harlem South,false,0.1757
yellow,75,pickup,2024,3,17045,Manhattan,East Harlem South,false,0.1757
yellow,75,pickup,2024,4,16548,Manhattan,East Harlem South,false,0.1757
yellow,75,pickup,2024,5,18262,Manhattan,East Harlem South,false,0.1757
yellow,75,pickup,2024,6,16370,Manhattan,East Harlem South,false,0.1757
yellow,75,pickup,2025,2,15581,Manhattan,East Harlem South,false,0.1757
yellow,75,pickup,2025,3,16549,Manhattan,East Harlem South,false,0.1757
yellow,75,pickup,2025,4,16997,Manhattan,East Harlem South,false,0.1757
yellow,75,pickup,2025,5,17205,Manhattan,East Harlem South,false,0.1757
yellow,75,pickup,2025,6,16019,Manhattan,East Harlem South,false,0.1757
yellow,76,dropoff,2024,2,1400,Brooklyn,East New York,false,0.096
yellow,76,dropoff,2024,3,1722,Brooklyn,East New York,false,0.096
yellow,76,dropoff,2024,4,1869,Brooklyn,East New York,false,0.096
yellow,76,dropoff,2024,5,1986,Brooklyn,East New York,false,0.096
yellow,76,dropoff,2024,6,1909,Brooklyn,East New York,false,0.096
yellow,76,dropoff,2025,2,1600,Brooklyn,East New York,false,0.096
yellow,76,dropoff,2025,3,2020,Brooklyn,East New York,false,0.096
yellow,76,dropoff,2025,4,1912,Brooklyn,East New York,false,0.096
yellow,76,dropoff,2025,5,2133,Brooklyn,East New York,false,0.096
yellow,76,dropoff,2025,6,2295,Brooklyn,East New York,false,0.096
yellow,76,pickup,2024,2,777,Brooklyn,East New York,false,0.1514
yellow,76,pickup,2024,3,1050,Brooklyn,East New York,false,0.1514
yellow,76,pickup,2024,4,1133,Brooklyn,East New York,false,0.1514
yellow,76,pickup,2024,5,1174,Brooklyn,East New York,false,0.1514
yellow,76,pickup,2024,6,1125,Brooklyn,East New York,false,0.1514
yellow,76,pickup,2025,2,1080,Brooklyn,East New York,false,0.1514
yellow,76,pickup,2025,3,1355,Brooklyn,East New York,false,0.1514
yellow,76,pickup,2025,4,1290,Brooklyn,East New York,false,0.1514
yellow,76,pickup,2025,5,1300,Brooklyn,East New York,false,0.1514
yellow,76,pickup,2025,6,1396,Brooklyn,East New York,false,0.1514
yellow,77,dropoff,2024,2,338,Brooklyn,East New York/Pennsylvania Avenue,false,0.1391
yellow,77,dropoff,2024,3,388,Brooklyn,East New York/Pennsylvania Avenue,false,0.1391
yellow,77,dropoff,2024,4,452,Brooklyn,East New York/Pennsylvania Avenue,false,0.1391
yellow,77,dropoff,2024,5,459,Brooklyn,East New York/Pennsylvania Avenue,false,0.1391
yellow,77,dropoff,2024,6,455,Brooklyn,East New York/Pennsylvania Avenue,false,0.1391
yellow,77,dropoff,2025,2,377,Brooklyn,East New York/Pennsylvania Avenue,false,0.1391
yellow,77,dropoff,2025,3,497,Brooklyn,East New York/Pennsylvania Avenue,false,0.1391
yellow,77,dropoff,2025,4,436,Brooklyn,East New York/Pennsylvania Avenue,false,0.1391
yellow,77,dropoff,2025,5,519,Brooklyn,East New York/Pennsylvania Avenue,false,0.1391
yellow,77,dropoff,2025,6,506,Brooklyn,East New York/Pennsylvania Avenue,false,0.1391
yellow,77,pickup,2024,2,173,Brooklyn,East New York/Pennsylvania Avenue,false,0.1505
yellow,77,pickup,2024,3,218,Brooklyn,East New York/Pennsylvania Avenue,false,0.1505
yellow,77,pickup,2024,4,245,Brooklyn,East New York/Pennsylvania Avenue,false,0.1505
yellow,77,pickup,2024,5,281,Brooklyn,East New York/Pennsylvania Avenue,false,0.1505
yellow,77,pickup,2024,6,259,Brooklyn,East New York/Pennsylvania Avenue,false,0.1505
yellow,77,pickup,2025,2,312,Brooklyn,East New York/Pennsylvania Avenue,false,0.1505
yellow,77,pickup,2025,3,308,Brooklyn,East New York/Pennsylvania Avenue,false,0.1505
yellow,77,pickup,2025,4,307,Brooklyn,East New York/Pennsylvania Avenue,false,0.1505
yellow,77,pickup,2025,5,311,Brooklyn,East New York/Pennsylvania Avenue,false,0.1505
yellow,77,pickup,2025,6,316,Brooklyn,East New York/Pennsylvania Avenue,false,0.1505
yellow,78,dropoff,2024,2,268,Bronx,East Tremont,false,0.1921
yellow,78,dropoff,2024,3,313,Bronx,East Tremont,false,0.1921
yellow,78,dropoff,2024,4,335,Bronx,East Tremont,false,0.1921
yellow,78,dropoff,2024,5,346,Bronx,East Tremont,false,0.1921
yellow,78,dropoff,2024,6,336,Bronx,East Tremont,false,0.1921
yellow,78,dropoff,2025,2,245,Bronx,East Tremont,false,0.1921
yellow,78,dropoff,2025,3,329,Bronx,East Tremont,false,0.1921
yellow,78,dropoff,2025,4,350,Bronx,East Tremont,false,0.1921
yellow,78,dropoff,2025,5,370,Bronx,East Tremont,false,0.1921
yellow,78,dropoff,2025,6,369,Bronx,East Tremont,false,0.1921
yellow,78,pickup,2024,2,177,Bronx,East Tremont,false,0.1805
yellow,78,pickup,2024,3,206,Bronx,East Tremont,false,0.1805
yellow,78,pickup,2024,4,191,Bronx,East Tremont,false,0.1805
yellow,78,pickup,2024,5,189,Bronx,East Tremont,false,0.1805
yellow,78,pickup,2024,6,168,Bronx,East Tremont,false,0.1805
yellow,78,pickup,2025,2,179,Bronx,East Tremont,false,0.1805
yellow,78,pickup,2025,3,233,Bronx,East Tremont,false,0.1805
yellow,78,pickup,2025,4,237,Bronx,East Tremont,false,0.1805
yellow,78,pickup,2025,5,263,Bronx,East Tremont,false,0.1805
yellow,78,pickup,2025,6,236,Bronx,East Tremont,false,0.1805
yellow,79,dropoff,2024,2,57307,Manhattan,East Village,true,1.0
yellow,79,dropoff,2024,3,64290,Manhattan,East Village,true,1.0
yellow,79,dropoff,2024,4,58643,Manhattan,East Village,true,1.0
yellow,79,dropoff,2024,5,60175,Manhattan,East Village,true,1.0
yellow,79,dropoff,2024,6,59872,Manhattan,East Village,true,1.0
yellow,79,dropoff,2025,2,55430,Manhattan,East Village,true,1.0
yellow,79,dropoff,2025,3,63392,Manhattan,East Village,true,1.0
yellow,79,dropoff,2025,4,57599,Manhattan,East Village,true,1.0
yellow,79,dropoff,2025,5,61638,Manhattan,East Village,true,1.0
yellow,79,dropoff,2025,6,56616,Manhattan,East Village,true,1.0
yellow,79,pickup,2024,2,65235,Manhattan,East Village,true,1.0
yellow,79,pickup,2024,3,71715,Manhattan,East Village,true,1.0
yellow,79,pickup,2024,4,65159,Manhattan,East Village,true,1.0
yellow,79,pickup,2024,5,65556,Manhattan,East Village,true,1.0
yellow,79,pickup,2024,6,67101,Manhattan,East Village,true,1.0
yellow,79,pickup,2025,2,62020,Manhattan,East Village,true,1.0
yellow,79,pickup,2025,3,72482,Manhattan,East Village,true,1.0
yellow,79,pickup,2025,4,62443,Manhattan,East Village,true,1.0
yellow,79,pickup,2025,5,68927,Manhattan,East Village,true,1.0
yellow,79,pickup,2025,6,64245,Manhattan,East Village,true,1.0
yellow,80,dropoff,2024,2,3001,Brooklyn,East Williamsburg,false,0.5332
yellow,80,dropoff,2024,3,3760,Brooklyn,East Williamsburg,false,0.5332
yellow,80,dropoff,2024,4,3617,Brooklyn,East Williamsburg,false,0.5332
yellow,80,dropoff,2024,5,3779,Brooklyn,East Williamsburg,false,0.5332
yellow,80,dropoff,2024,6,3985,Brooklyn,East Williamsburg,false,0.5332
yellow,80,dropoff,2025,2,2940,Brooklyn,East Williamsburg,false,0.5332
yellow,80,dropoff,2025,3,3561,Brooklyn,East Williamsburg,false,0.5332
yellow,80,dropoff,2025,4,3444,Brooklyn,East Williamsburg,false,0.5332
yellow,80,dropoff,2025,5,3987,Brooklyn,East Williamsburg,false,0.5332
yellow,80,dropoff,2025,6,3681,Brooklyn,East Williamsburg,false,0.5332
yellow,80,pickup,2024,2,322,Brooklyn,East Williamsburg,false,0.2979
yellow,80,pickup,2024,3,364,Brooklyn,East Williamsburg,false,0.2979
yellow,80,pickup,2024,4,431,Brooklyn,East Williamsburg,false,0.2979
yellow,80,pickup,2024,5,484,Brooklyn,East Williamsburg,false,0.2979
yellow,80,pickup,2024,6,685,Brooklyn,East Williamsburg,false,0.2979
yellow,80,pickup,2025,2,399,Brooklyn,East Williamsburg,false,0.2979
yellow,80,pickup,2025,3,465,Brooklyn,East Williamsburg,false,0.2979
yellow,80,pickup,2025,4,551,Brooklyn,East Williamsburg,false,0.2979
yellow,80,pickup,2025,5,650,Brooklyn,East Williamsburg,false,0.2979
yellow,80,pickup,2025,6,711,Brooklyn,East Williamsburg,false,0.2979
yellow,81,dropoff,2024,2,179,Bronx,Eastchester,false,0.1359
yellow,81,dropoff,2024,3,229,Bronx,Eastchester,false,0.1359
yellow,81,dropoff,2024,4,250,Bronx,Eastchester,false,0.1359
yellow,81,dropoff,2024,5,253,Bronx,Eastchester,false,0.1359
yellow,81,dropoff,2024,6,274,Bronx,Eastchester,false,0.1359
yellow,81,dropoff,2025,2,183,Bronx,Eastchester,false,0.1359
yellow,81,dropoff,2025,3,218,Bronx,Eastchester,false,0.1359
yellow,81,dropoff,2025,4,241,Bronx,Eastchester,false,0.1359
yellow,81,dropoff,2025,5,299,Bronx,Eastchester,false,0.1359
yellow,81,dropoff,2025,6,278,Bronx,Eastchester,false,0.1359
yellow,81,pickup,2024,2,116,Bronx,Eastchester,false,0.2042
yellow,81,pickup,2024,3,110,Bronx,Eastchester,false,0.2042
yellow,81,pickup,2024,4,122,Bronx,Eastchester,false,0.2042
yellow,81,pickup,2024,5,134,Bronx,Eastchester,false,0.2042
yellow,81,pickup,2024,6,96,Bronx,Eastchester,false,0.2042
yellow,81,pickup,2025,2,133,Bronx,Eastchester,false,0.2042
yellow,81,pickup,2025,3,189,Bronx,Eastchester,false,0.2042
yellow,81,pickup,2025,4,174,Bronx,Eastchester,false,0.2042
yellow,81,pickup,2025,5,166,Bronx,Eastchester,false,0.2042
yellow,81,pickup,2025,6,174,Bronx,Eastchester,false,0.2042
yellow,82,dropoff,2024,2,1386,Queens,Elmhurst,false,0.2358
yellow,82,dropoff,2024,3,1620,Queens,Elmhurst,false,0.2358
yellow,82,dropoff,2024,4,1501,Queens,Elmhurst,false,0.2358
yellow,82,dropoff,2024,5,1714,Queens,Elmhurst,false,0.2358
yellow,82,dropoff,2024,6,1433,Queens,Elmhurst,false,0.2358
yellow,82,dropoff,2025,2,1435,Queens,Elmhurst,false,0.2358
yellow,82,dropoff,2025,3,1686,Queens,Elmhurst,false,0.2358
yellow,82,dropoff,2025,4,1536,Queens,Elmhurst,false,0.2358
yellow,82,dropoff,2025,5,1603,Queens,Elmhurst,false,0.2358
yellow,82,dropoff,2025,6,1574,Queens,Elmhurst,false,0.2358
yellow,82,pickup,2024,2,381,Queens,Elmhurst,false,0.2694
yellow,82,pickup,2024,3,410,Queens,Elmhurst,false,0.2694
yellow,82,pickup,2024,4,387,Queens,Elmhurst,false,0.2694
yellow,82,pickup,2024,5,410,Queens,Elmhurst,false,0.2694
yellow,82,pickup,2024,6,368,Queens,Elmhurst,false,0.2694
yellow,82,pickup,2025,2,362,Queens,Elmhurst,false,0.2694
yellow,82,pickup,2025,3,394,Queens,Elmhurst,false,0.2694
yellow,82,pickup,2025,4,395,Queens,Elmhurst,false,0.2694
yellow,82,pickup,2025,5,399,Queens,Elmhurst,false,0.2694
yellow,82,pickup,2025,6,411,Queens,Elmhurst,false,0.2694
yellow,83,dropoff,2024,2,598,Queens,Elmhurst/Maspeth,false,0.2956
yellow,83,dropoff,2024,3,715,Queens,Elmhurst/Maspeth,false,0.2956
yellow,83,dropoff,2024,4,641,Queens,Elmhurst/Maspeth,false,0.2956
yellow,83,dropoff,2024,5,657,Queens,Elmhurst/Maspeth,false,0.2956
yellow,83,dropoff,2024,6,626,Queens,Elmhurst/Maspeth,false,0.2956
yellow,83,dropoff,2025,2,469,Queens,Elmhurst/Maspeth,false,0.2956
yellow,83,dropoff,2025,3,552,Queens,Elmhurst/Maspeth,false,0.2956
yellow,83,dropoff,2025,4,538,Queens,Elmhurst/Maspeth,false,0.2956
yellow,83,dropoff,2025,5,557,Queens,Elmhurst/Maspeth,false,0.2956
yellow,83,dropoff,2025,6,578,Queens,Elmhurst/Maspeth,false,0.2956
yellow,83,pickup,2024,2,122,Queens,Elmhurst/Maspeth,false,0.114
yellow,83,pickup,2024,3,134,Queens,Elmhurst/Maspeth,false,0.114
yellow,83,pickup,2024,4,133,Queens,Elmhurst/Maspeth,false,0.114
yellow,83,pickup,2024,5,167,Queens,Elmhurst/Maspeth,false,0.114
yellow,83,pickup,2024,6,163,Queens,Elmhurst/Maspeth,false,0.114
yellow,83,pickup,2025,2,149,Queens,Elmhurst/Maspeth,false,0.114
yellow,83,pickup,2025,3,177,Queens,Elmhurst/Maspeth,false,0.114
yellow,83,pickup,2025,4,186,Queens,Elmhurst/Maspeth,false,0.114
yellow,83,pickup,2025,5,225,Queens,Elmhurst/Maspeth,false,0.114
yellow,83,pickup,2025,6,226,Queens,Elmhurst/Maspeth,false,0.114
yellow,84,dropoff,2024,2,22,Staten Island,Eltingville/Annadale/Prince's Bay,false,0.5081
yellow,84,dropoff,2024,3,27,Staten Island,Eltingville/Annadale/Prince's Bay,false,0.5081
yellow,84,dropoff,2024,4,19,Staten Island,Eltingville/Annadale/Prince's Bay,false,0.5081
yellow,84,dropoff,2024,5,20,Staten Island,Eltingville/Annadale/Prince's Bay,false,0.5081
yellow,84,dropoff,2024,6,36,Staten Island,Eltingville/Annadale/Prince's Bay,false,0.5081
yellow,84,dropoff,2025,2,12,Staten Island,Eltingville/Annadale/Prince's Bay,false,0.5081
yellow,84,dropoff,2025,3,26,Staten Island,Eltingville/Annadale/Prince's Bay,false,0.5081
yellow,84,dropoff,2025,4,28,Staten Island,Eltingville/Annadale/Prince's Bay,false,0.5081
yellow,84,dropoff,2025,5,31,Staten Island,Eltingville/Annadale/Prince's Bay,false,0.5081
yellow,84,dropoff,2025,6,26,Staten Island,Eltingville/Annadale/Prince's Bay,false,0.5081
yellow,85,dropoff,2024,2,509,Brooklyn,Erasmus,false,0.2515
yellow,85,dropoff,2024,3,542,Brooklyn,Erasmus,false,0.2515
yellow,85,dropoff,2024,4,596,Brooklyn,Erasmus,false,0.2515
yellow,85,dropoff,2024,5,647,Brooklyn,Erasmus,false,0.2515
yellow,85,dropoff,2024,6,620,Brooklyn,Erasmus,false,0.2515
yellow,85,dropoff,2025,2,534,Brooklyn,Erasmus,false,0.2515
yellow,85,dropoff,2025,3,649,Brooklyn,Erasmus,false,0.2515
yellow,85,dropoff,2025,4,609,Brooklyn,Erasmus,false,0.2515
yellow,85,dropoff,2025,5,665,Brooklyn,Erasmus,false,0.2515
yellow,85,dropoff,2025,6,696,Brooklyn,Erasmus,false,0.2515
yellow,85,pickup,2024,2,213,Brooklyn,Erasmus,false,0.1764
yellow,85,pickup,2024,3,251,Brooklyn,Erasmus,false,0.1764
yellow,85,pickup,2024,4,278,Brooklyn,Erasmus,false,0.1764
yellow,85,pickup,2024,5,276,Brooklyn,Erasmus,false,0.1764
yellow,85,pickup,2024,6,286,Brooklyn,Erasmus,false,0.1764
yellow,85,pickup,2025,2,300,Brooklyn,Erasmus,false,0.1764
yellow,85,pickup,2025,3,286,Brooklyn,Erasmus,false,0.1764
yellow,85,pickup,2025,4,304,Brooklyn,Erasmus,false,0.1764
yellow,85,pickup,2025,5,281,Brooklyn,Erasmus,false,0.1764
yellow,85,pickup,2025,6,374,Brooklyn,Erasmus,false,0.1764
yellow,86,dropoff,2024,2,455,Queens,Far Rockaway,false,0.0737
yellow,86,dropoff,2024,3,546,Queens,Far Rockaway,false,0.0737
yellow,86,dropoff,2024,4,577,Queens,Far Rockaway,false,0.0737
yellow,86,dropoff,2024,5,742,Queens,Far Rockaway,false,0.0737
yellow,86,dropoff,2024,6,665,Queens,Far Rockaway,false,0.0737
yellow,86,dropoff,2025,2,574,Queens,Far Rockaway,false,0.0737
yellow,86,dropoff,2025,3,649,Queens,Far Rockaway,false,0.0737
yellow,86,dropoff,2025,4,730,Queens,Far Rockaway,false,0.0737
yellow,86,dropoff,2025,5,707,Queens,Far Rockaway,false,0.0737
yellow,86,dropoff,2025,6,710,Queens,Far Rockaway,false,0.0737
yellow,86,pickup,2024,2,241,Queens,Far Rockaway,false,0.1609
yellow,86,pickup,2024,3,277,Queens,Far Rockaway,false,0.1609
yellow,86,pickup,2024,4,288,Queens,Far Rockaway,false,0.1609
yellow,86,pickup,2024,5,307,Queens,Far Rockaway,false,0.1609
yellow,86,pickup,2024,6,267,Queens,Far Rockaway,false,0.1609
yellow,86,pickup,2025,2,238,Queens,Far Rockaway,false,0.1609
yellow,86,pickup,2025,3,313,Queens,Far Rockaway,false,0.1609
yellow,86,pickup,2025,4,323,Queens,Far Rockaway,false,0.1609
yellow,86,pickup,2025,5,296,Queens,Far Rockaway,false,0.1609
yellow,86,pickup,2025,6,307,Queens,Far Rockaway,false,0.1609
yellow,87,dropoff,2024,2,19144,Manhattan,Financial District North,true,1.0
yellow,87,dropoff,2024,3,21606,Manhattan,Financial District North,true,1.0
yellow,87,dropoff,2024,4,21219,Manhattan,Financial District North,true,1.0
yellow,87,dropoff,2024,5,23456,Manhattan,Financial District North,true,1.0
yellow,87,dropoff,2024,6,23814,Manhattan,Financial District North,true,1.0
yellow,87,dropoff,2025,2,18860,Manhattan,Financial District North,true,1.0
yellow,87,dropoff,2025,3,23757,Manhattan,Financial District North,true,1.0
yellow,87,dropoff,2025,4,23917,Manhattan,Financial District North,true,1.0
yellow,87,dropoff,2025,5,25776,Manhattan,Financial District North,true,1.0
yellow,87,dropoff,2025,6,24211,Manhattan,Financial District North,true,1.0
yellow,87,pickup,2024,2,11580,Manhattan,Financial District North,true,1.0
yellow,87,pickup,2024,3,13784,Manhattan,Financial District North,true,1.0
yellow,87,pickup,2024,4,14247,Manhattan,Financial District North,true,1.0
yellow,87,pickup,2024,5,16391,Manhattan,Financial District North,true,1.0
yellow,87,pickup,2024,6,17097,Manhattan,Financial District North,true,1.0
yellow,87,pickup,2025,2,11729,Manhattan,Financial District North,true,1.0
yellow,87,pickup,2025,3,15228,Manhattan,Financial District North,true,1.0
yellow,87,pickup,2025,4,15709,Manhattan,Financial District North,true,1.0
yellow,87,pickup,2025,5,17980,Manhattan,Financial District North,true,1.0
yellow,87,pickup,2025,6,17124,Manhattan,Financial District North,true,1.0
yellow,88,dropoff,2024,2,8758,Manhattan,Financial District South,true,1.0
yellow,88,dropoff,2024,3,11096,Manhattan,Financial District South,true,1.0
yellow,88,dropoff,2024,4,10824,Manhattan,Financial District South,true,1.0
yellow,88,dropoff,2024,5,12190,Manhattan,Financial District South,true,1.0
yellow,88,dropoff,2024,6,12188,Manhattan,Financial District South,true,1.0
yellow,88,dropoff,2025,2,8230,Manhattan,Financial District South,true,1.0
yellow,88,dropoff,2025,3,10949,Manhattan,Financial District South,true,1.0
yellow,88,dropoff,2025,4,11797,Manhattan,Financial District South,true,1.0
yellow,88,dropoff,2025,5,12154,Manhattan,Financial District South,true,1.0
yellow,88,dropoff,2025,6,11522,Manhattan,Financial District South,true,1.0
yellow,88,pickup,2024,2,6315,Manhattan,Financial District South,true,1.0
yellow,88,pickup,2024,3,7927,Manhattan,Financial District South,true,1.0
yellow,88,pickup,2024,4,7917,Manhattan,Financial District South,true,1.0
yellow,88,pickup,2024,5,8612,Manhattan,Financial District South,true,1.0
yellow,88,pickup,2024,6,9218,Manhattan,Financial District South,true,1.0
yellow,88,pickup,2025,2,6243,Manhattan,Financial District South,true,1.0
yellow,88,pickup,2025,3,8164,Manhattan,Financial District South,true,1.0
yellow,88,pickup,2025,4,8576,Manhattan,Financial District South,true,1.0
yellow,88,pickup,2025,5,9224,Manhattan,Financial District South,true,1.0
yellow,88,pickup,2025,6,8436,Manhattan,Financial District South,true,1.0
yellow,89,dropoff,2024,2,2093,Brooklyn,Flatbush/Ditmas Park,false,0.2964
yellow,89,dropoff,2024,3,2494,Brooklyn,Flatbush/Ditmas Park,false,0.2964
yellow,89,dropoff,2024,4,2490,Brooklyn,Flatbush/Ditmas Park,false,0.2964
yellow,89,dropoff,2024,5,2623,Brooklyn,Flatbush/Ditmas Park,false,0.2964
yellow,89,dropoff,2024,6,2483,Brooklyn,Flatbush/Ditmas Park,false,0.2964
yellow,89,dropoff,2025,2,2057,Brooklyn,Flatbush/Ditmas Park,false,0.2964
yellow,89,dropoff,2025,3,2613,Brooklyn,Flatbush/Ditmas Park,false,0.2964
yellow,89,dropoff,2025,4,2539,Brooklyn,Flatbush/Ditmas Park,false,0.2964
yellow,89,dropoff,2025,5,2664,Brooklyn,Flatbush/Ditmas Park,false,0.2964
yellow,89,dropoff,2025,6,2694,Brooklyn,Flatbush/Ditmas Park,false,0.2964
yellow,89,pickup,2024,2,514,Brooklyn,Flatbush/Ditmas Park,false,0.1705
yellow,89,pickup,2024,3,660,Brooklyn,Flatbush/Ditmas Park,false,0.1705
yellow,89,pickup,2024,4,747,Brooklyn,Flatbush/Ditmas Park,false,0.1705
yellow,89,pickup,2024,5,767,Brooklyn,Flatbush/Ditmas Park,false,0.1705
yellow,89,pickup,2024,6,737,Brooklyn,Flatbush/Ditmas Park,false,0.1705
yellow,89,pickup,2025,2,703,Brooklyn,Flatbush/Ditmas Park,false,0.1705
yellow,89,pickup,2025,3,799,Brooklyn,Flatbush/Ditmas Park,false,0.1705
yellow,89,pickup,2025,4,839,Brooklyn,Flatbush/Ditmas Park,false,0.1705
yellow,89,pickup,2025,5,905,Brooklyn,Flatbush/Ditmas Park,false,0.1705
yellow,89,pickup,2025,6,942,Brooklyn,Flatbush/Ditmas Park,false,0.1705
yellow,90,dropoff,2024,2,42537,Manhattan,Flatiron,true,1.0
yellow,90,dropoff,2024,3,46554,Manhattan,Flatiron,true,1.0
yellow,90,dropoff,2024,4,44625,Manhattan,Flatiron,true,1.0
yellow,90,dropoff,2024,5,45807,Manhattan,Flatiron,true,1.0
yellow,90,dropoff,2024,6,43946,Manhattan,Flatiron,true,1.0
yellow,90,dropoff,2025,2,41514,Manhattan,Flatiron,true,1.0
yellow,90,dropoff,2025,3,47230,Manhattan,Flatiron,true,1.0
yellow,90,dropoff,2025,4,44476,Manhattan,Flatiron,true,1.0
yellow,90,dropoff,2025,5,46194,Manhattan,Flatiron,true,1.0
yellow,90,dropoff,2025,6,41352,Manhattan,Flatiron,true,1.0
yellow,90,pickup,2024,2,45306,Manhattan,Flatiron,true,1.0
yellow,90,pickup,2024,3,50189,Manhattan,Flatiron,true,1.0
yellow,90,pickup,2024,4,47951,Manhattan,Flatiron,true,1.0
yellow,90,pickup,2024,5,50608,Manhattan,Flatiron,true,1.0
yellow,90,pickup,2024,6,49325,Manhattan,Flatiron,true,1.0
yellow,90,pickup,2025,2,43387,Manhattan,Flatiron,true,1.0
yellow,90,pickup,2025,3,50341,Manhattan,Flatiron,true,1.0
yellow,90,pickup,2025,4,47721,Manhattan,Flatiron,true,1.0
yellow,90,pickup,2025,5,49727,Manhattan,Flatiron,true,1.0
yellow,90,pickup,2025,6,45418,Manhattan,Flatiron,true,1.0
yellow,91,dropoff,2024,2,740,Brooklyn,Flatlands,false,0.1496
yellow,91,dropoff,2024,3,908,Brooklyn,Flatlands,false,0.1496
yellow,91,dropoff,2024,4,912,Brooklyn,Flatlands,false,0.1496
yellow,91,dropoff,2024,5,1018,Brooklyn,Flatlands,false,0.1496
yellow,91,dropoff,2024,6,928,Brooklyn,Flatlands,false,0.1496
yellow,91,dropoff,2025,2,797,Brooklyn,Flatlands,false,0.1496
yellow,91,dropoff,2025,3,993,Brooklyn,Flatlands,false,0.1496
yellow,91,dropoff,2025,4,876,Brooklyn,Flatlands,false,0.1496
yellow,91,dropoff,2025,5,993,Brooklyn,Flatlands,false,0.1496
yellow,91,dropoff,2025,6,1044,Brooklyn,Flatlands,false,0.1496
yellow,91,pickup,2024,2,422,Brooklyn,Flatlands,false,0.134
yellow,91,pickup,2024,3,483,Brooklyn,Flatlands,false,0.134
yellow,91,pickup,2024,4,576,Brooklyn,Flatlands,false,0.134
yellow,91,pickup,2024,5,662,Brooklyn,Flatlands,false,0.134
yellow,91,pickup,2024,6,537,Brooklyn,Flatlands,false,0.134
yellow,91,pickup,2025,2,563,Brooklyn,Flatlands,false,0.134
yellow,91,pickup,2025,3,644,Brooklyn,Flatlands,false,0.134
yellow,91,pickup,2025,4,601,Brooklyn,Flatlands,false,0.134
yellow,91,pickup,2025,5,625,Brooklyn,Flatlands,false,0.134
yellow,91,pickup,2025,6,698,Brooklyn,Flatlands,false,0.134
yellow,92,dropoff,2024,2,1394,Queens,Flushing,false,0.1265
yellow,92,dropoff,2024,3,1753,Queens,Flushing,false,0.1265
yellow,92,dropoff,2024,4,1804,Queens,Flushing,false,0.1265
yellow,92,dropoff,2024,5,2095,Queens,Flushing,false,0.1265
yellow,92,dropoff,2024,6,2014,Queens,Flushing,false,0.1265
yellow,92,dropoff,2025,2,1217,Queens,Flushing,false,0.1265
yellow,92,dropoff,2025,3,1599,Queens,Flushing,false,0.1265
yellow,92,dropoff,2025,4,1458,Queens,Flushing,false,0.1265
yellow,92,dropoff,2025,5,1789,Queens,Flushing,false,0.1265
yellow,92,dropoff,2025,6,2021,Queens,Flushing,false,0.1265
yellow,92,pickup,2024,2,142,Queens,Flushing,false,0.2511
yellow,92,pickup,2024,3,206,Queens,Flushing,false,0.2511
yellow,92,pickup,2024,4,199,Queens,Flushing,false,0.2511
yellow,92,pickup,2024,5,180,Queens,Flushing,false,0.2511
yellow,92,pickup,2024,6,165,Queens,Flushing,false,0.2511
yellow,92,pickup,2025,2,133,Queens,Flushing,false,0.2511
yellow,92,pickup,2025,3,190,Queens,Flushing,false,0.2511
yellow,92,pickup,2025,4,182,Queens,Flushing,false,0.2511
yellow,92,pickup,2025,5,202,Queens,Flushing,false,0.2511
yellow,92,pickup,2025,6,208,Queens,Flushing,false,0.2511
yellow,93,dropoff,2024,2,678,Queens,Flushing Meadows-Corona Park,false,0.197
yellow,93,dropoff,2024,3,772,Queens,Flushing Meadows-Corona Park,false,0.197
yellow,93,dropoff,2024,4,738,Queens,Flushing Meadows-Corona Park,false,0.197
yellow,93,dropoff,2024,5,973,Queens,Flushing Meadows-Corona Park,false,0.197
yellow,93,dropoff,2024,6,838,Queens,Flushing Meadows-Corona Park,false,0.197
yellow,93,dropoff,2025,2,988,Queens,Flushing Meadows-Corona Park,false,0.197
yellow,93,dropoff,2025,3,1371,Queens,Flushing Meadows-Corona Park,false,0.197
yellow,93,dropoff,2025,4,1443,Queens,Flushing Meadows-Corona Park,false,0.197
yellow,93,dropoff,2025,5,1624,Queens,Flushing Meadows-Corona Park,false,0.197
yellow,93,dropoff,2025,6,1518,Queens,Flushing Meadows-Corona Park,false,0.197
yellow,93,pickup,2024,2,399,Queens,Flushing Meadows-Corona Park,false,0.3537
yellow,93,pickup,2024,3,457,Queens,Flushing Meadows-Corona Park,false,0.3537
yellow,93,pickup,2024,4,482,Queens,Flushing Meadows-Corona Park,false,0.3537
yellow,93,pickup,2024,5,472,Queens,Flushing Meadows-Corona Park,false,0.3537
yellow,93,pickup,2024,6,452,Queens,Flushing Meadows-Corona Park,false,0.3537
yellow,93,pickup,2025,2,278,Queens,Flushing Meadows-Corona Park,false,0.3537
yellow,93,pickup,2025,3,363,Queens,Flushing Meadows-Corona Park,false,0.3537
yellow,93,pickup,2025,4,465,Queens,Flushing Meadows-Corona Park,false,0.3537
yellow,93,pickup,2025,5,618,Queens,Flushing Meadows-Corona Park,false,0.3537
yellow,93,pickup,2025,6,699,Queens,Flushing Meadows-Corona Park,false,0.3537
yellow,94,dropoff,2024,2,169,Bronx,Fordham South,false,0.2175
yellow,94,dropoff,2024,3,190,Bronx,Fordham South,false,0.2175
yellow,94,dropoff,2024,4,179,Bronx,Fordham South,false,0.2175
yellow,94,dropoff,2024,5,182,Bronx,Fordham South,false,0.2175
yellow,94,dropoff,2024,6,181,Bronx,Fordham South,false,0.2175
yellow,94,dropoff,2025,2,144,Bronx,Fordham South,false,0.2175
yellow,94,dropoff,2025,3,173,Bronx,Fordham South,false,0.2175
yellow,94,dropoff,2025,4,162,Bronx,Fordham South,false,0.2175
yellow,94,dropoff,2025,5,177,Bronx,Fordham South,false,0.2175
yellow,94,dropoff,2025,6,163,Bronx,Fordham South,false,0.2175
yellow,94,pickup,2024,2,86,Bronx,Fordham South,false,0.1765
yellow,94,pickup,2024,3,76,Bronx,Fordham South,false,0.1765
yellow,94,pickup,2024,4,82,Bronx,Fordham South,false,0.1765
yellow,94,pickup,2024,5,76,Bronx,Fordham South,false,0.1765
yellow,94,pickup,2024,6,88,Bronx,Fordham South,false,0.1765
yellow,94,pickup,2025,2,86,Bronx,Fordham South,false,0.1765
yellow,94,pickup,2025,3,83,Bronx,Fordham South,false,0.1765
yellow,94,pickup,2025,4,82,Bronx,Fordham South,false,0.1765
yellow,94,pickup,2025,5,102,Bronx,Fordham South,false,0.1765
yellow,94,pickup,2025,6,113,Bronx,Fordham South,false,0.1765
yellow,95,dropoff,2024,2,3357,Queens,Forest Hills,false,0.2562
yellow,95,dropoff,2024,3,3689,Queens,Forest Hills,false,0.2562
yellow,95,dropoff,2024,4,3649,Queens,Forest Hills,false,0.2562
yellow,95,dropoff,2024,5,3887,Queens,Forest Hills,false,0.2562
yellow,95,dropoff,2024,6,3425,Queens,Forest Hills,false,0.2562
yellow,95,dropoff,2025,2,2982,Queens,Forest Hills,false,0.2562
yellow,95,dropoff,2025,3,3413,Queens,Forest Hills,false,0.2562
yellow,95,dropoff,2025,4,3566,Queens,Forest Hills,false,0.2562
yellow,95,dropoff,2025,5,3677,Queens,Forest Hills,false,0.2562
yellow,95,dropoff,2025,6,3385,Queens,Forest Hills,false,0.2562
yellow,95,pickup,2024,2,413,Queens,Forest Hills,false,0.1809
yellow,95,pickup,2024,3,427,Queens,Forest Hills,false,0.1809
yellow,95,pickup,2024,4,453,Queens,Forest Hills,false,0.1809
yellow,95,pickup,2024,5,465,Queens,Forest Hills,false,0.1809
yellow,95,pickup,2024,6,403,Queens,Forest Hills,false,0.1809
yellow,95,pickup,2025,2,367,Queens,Forest Hills,false,0.1809
yellow,95,pickup,2025,3,477,Queens,Forest Hills,false,0.1809
yellow,95,pickup,2025,4,425,Queens,Forest Hills,false,0.1809
yellow,95,pickup,2025,5,443,Queens,Forest Hills,false,0.1809
yellow,95,pickup,2025,6,481,Queens,Forest Hills,false,0.1809
yellow,96,dropoff,2024,2,64,Queens,Forest Park/Highland Park,false,0.1761
yellow,96,dropoff,2024,3,99,Queens,Forest Park/Highland Park,false,0.1761
yellow,96,dropoff,2024,4,89,Queens,Forest Park/Highland Park,false,0.1761
yellow,96,dropoff,2024,5,91,Queens,Forest Park/Highland Park,false,0.1761
yellow,96,dropoff,2024,6,83,Queens,Forest Park/Highland Park,false,0.1761
yellow,96,dropoff,2025,2,58,Queens,Forest Park/Highland Park,false,0.1761
yellow,96,dropoff,2025,3,60,Queens,Forest Park/Highland Park,false,0.1761
yellow,96,dropoff,2025,4,92,Queens,Forest Park/Highland Park,false,0.1761
yellow,96,dropoff,2025,5,87,Queens,Forest Park/Highland Park,false,0.1761
yellow,96,dropoff,2025,6,88,Queens,Forest Park/Highland Park,false,0.1761
yellow,96,pickup,2024,2,4,Queens,Forest Park/Highland Park,false,0.0256
yellow,96,pickup,2024,3,4,Queens,Forest Park/Highland Park,false,0.0256
yellow,96,pickup,2024,4,10,Queens,Forest Park/Highland Park,false,0.0256
yellow,96,pickup,2024,5,12,Queens,Forest Park/Highland Park,false,0.0256
yellow,96,pickup,2024,6,9,Queens,Forest Park/Highland Park,false,0.0256
yellow,96,pickup,2025,2,8,Queens,Forest Park/Highland Park,false,0.0256
yellow,96,pickup,2025,3,14,Queens,Forest Park/Highland Park,false,0.0256
yellow,96,pickup,2025,4,16,Queens,Forest Park/Highland Park,false,0.0256
yellow,96,pickup,2025,5,18,Queens,Forest Park/Highland Park,false,0.0256
yellow,96,pickup,2025,6,10,Queens,Forest Park/Highland Park,false,0.0256
yellow,97,dropoff,2024,2,3383,Brooklyn,Fort Greene,false,0.5069
yellow,97,dropoff,2024,3,3790,Brooklyn,Fort Greene,false,0.5069
yellow,97,dropoff,2024,4,3854,Brooklyn,Fort Greene,false,0.5069
yellow,97,dropoff,2024,5,3977,Brooklyn,Fort Greene,false,0.5069
yellow,97,dropoff,2024,6,3900,Brooklyn,Fort Greene,false,0.5069
yellow,97,dropoff,2025,2,3620,Brooklyn,Fort Greene,false,0.5069
yellow,97,dropoff,2025,3,4212,Brooklyn,Fort Greene,false,0.5069
yellow,97,dropoff,2025,4,3961,Brooklyn,Fort Greene,false,0.5069
yellow,97,dropoff,2025,5,4458,Brooklyn,Fort Greene,false,0.5069
yellow,97,dropoff,2025,6,4150,Brooklyn,Fort Greene,false,0.5069
yellow,97,pickup,2024,2,931,Brooklyn,Fort Greene,false,0.2486
yellow,97,pickup,2024,3,1157,Brooklyn,Fort Greene,false,0.2486
yellow,97,pickup,2024,4,1164,Brooklyn,Fort Greene,false,0.2486
yellow,97,pickup,2024,5,1189,Brooklyn,Fort Greene,false,0.2486
yellow,97,pickup,2024,6,1178,Brooklyn,Fort Greene,false,0.2486
yellow,97,pickup,2025,2,1039,Brooklyn,Fort Greene,false,0.2486
yellow,97,pickup,2025,3,1325,Brooklyn,Fort Greene,false,0.2486
yellow,97,pickup,2025,4,1251,Brooklyn,Fort Greene,false,0.2486
yellow,97,pickup,2025,5,1490,Brooklyn,Fort Greene,false,0.2486
yellow,97,pickup,2025,6,1374,Brooklyn,Fort Greene,false,0.2486
yellow,98,dropoff,2024,2,362,Queens,Fresh Meadows,false,0.095
yellow,98,dropoff,2024,3,386,Queens,Fresh Meadows,false,0.095
yellow,98,dropoff,2024,4,387,Queens,Fresh Meadows,false,0.095
yellow,98,dropoff,2024,5,468,Queens,Fresh Meadows,false,0.095
yellow,98,dropoff,2024,6,523,Queens,Fresh Meadows,false,0.095
yellow,98,dropoff,2025,2,293,Queens,Fresh Meadows,false,0.095
yellow,98,dropoff,2025,3,356,Queens,Fresh Meadows,false,0.095
yellow,98,dropoff,2025,4,374,Queens,Fresh Meadows,false,0.095
yellow,98,dropoff,2025,5,405,Queens,Fresh Meadows,false,0.095
yellow,98,dropoff,2025,6,487,Queens,Fresh Meadows,false,0.095
yellow,98,pickup,2024,2,53,Queens,Fresh Meadows,false,0.2236
yellow,98,pickup,2024,3,65,Queens,Fresh Meadows,false,0.2236
yellow,98,pickup,2024,4,58,Queens,Fresh Meadows,false,0.2236
yellow,98,pickup,2024,5,69,Queens,Fresh Meadows,false,0.2236
yellow,98,pickup,2024,6,68,Queens,Fresh Meadows,false,0.2236
yellow,98,pickup,2025,2,65,Queens,Fresh Meadows,false,0.2236
yellow,98,pickup,2025,3,60,Queens,Fresh Meadows,false,0.2236
yellow,98,pickup,2025,4,50,Queens,Fresh Meadows,false,0.2236
yellow,98,pickup,2025,5,58,Queens,Fresh Meadows,false,0.2236
yellow,98,pickup,2025,6,53,Queens,Fresh Meadows,false,0.2236
yellow,99,dropoff,2024,2,1,Staten Island,Freshkills Park,false,0.3333
yellow,99,dropoff,2024,3,1,Staten Island,Freshkills Park,false,0.3333
yellow,99,dropoff,2024,4,1,Staten Island,Freshkills Park,false,0.3333
yellow,99,dropoff,2025,4,1,Staten Island,Freshkills Park,false,0.3333
yellow,99,dropoff,2025,6,1,Staten Island,Freshkills Park,false,0.3333
yellow,100,dropoff,2024,2,35650,Manhattan,Garment District,true,1.0
yellow,100,dropoff,2024,3,40396,Manhattan,Garment District,true,1.0
yellow,100,dropoff,2024,4,38075,Manhattan,Garment District,true,1.0
yellow,100,dropoff,2024,5,41678,Manhattan,Garment District,true,1.0
yellow,100,dropoff,2024,6,40571,Manhattan,Garment District,true,1.0
yellow,100,dropoff,2025,2,33534,Manhattan,Garment District,true,1.0
yellow,100,dropoff,2025,3,39491,Manhattan,Garment District,true,1.0
yellow,100,dropoff,2025,4,38636,Manhattan,Garment District,true,1.0
yellow,100,dropoff,2025,5,38690,Manhattan,Garment District,true,1.0
yellow,100,dropoff,2025,6,37195,Manhattan,Garment District,true,1.0
yellow,100,pickup,2024,2,42901,Manhattan,Garment District,true,1.0
yellow,100,pickup,2024,3,48778,Manhattan,Garment District,true,1.0
yellow,100,pickup,2024,4,46372,Manhattan,Garment District,true,1.0
yellow,100,pickup,2024,5,49260,Manhattan,Garment District,true,1.0
yellow,100,pickup,2024,6,48116,Manhattan,Garment District,true,1.0
yellow,100,pickup,2025,2,41174,Manhattan,Garment District,true,1.0
yellow,100,pickup,2025,3,48403,Manhattan,Garment District,true,1.0
yellow,100,pickup,2025,4,46381,Manhattan,Garment District,true,1.0
yellow,100,pickup,2025,5,46665,Manhattan,Garment District,true,1.0
yellow,100,pickup,2025,6,44663,Manhattan,Garment District,true,1.0
yellow,101,dropoff,2024,2,221,Queens,Glen Oaks,false,0.0741
yellow,101,dropoff,2024,3,244,Queens,Glen Oaks,false,0.0741
yellow,101,dropoff,2024,4,289,Queens,Glen Oaks,false,0.0741
yellow,101,dropoff,2024,5,277,Queens,Glen Oaks,false,0.0741
yellow,101,dropoff,2024,6,251,Queens,Glen Oaks,false,0.0741
yellow,101,dropoff,2025,2,226,Queens,Glen Oaks,false,0.0741
yellow,101,dropoff,2025,3,253,Queens,Glen Oaks,false,0.0741
yellow,101,dropoff,2025,4,262,Queens,Glen Oaks,false,0.0741
yellow,101,dropoff,2025,5,292,Queens,Glen Oaks,false,0.0741
yellow,101,dropoff,2025,6,267,Queens,Glen Oaks,false,0.0741
yellow,101,pickup,2024,2,40,Queens,Glen Oaks,false,0.1714
yellow,101,pickup,2024,3,33,Queens,Glen Oaks,false,0.1714
yellow,101,pickup,2024,4,42,Queens,Glen Oaks,false,0.1714
yellow,101,pickup,2024,5,57,Queens,Glen Oaks,false,0.1714
yellow,101,pickup,2024,6,38,Queens,Glen Oaks,false,0.1714
yellow,101,pickup,2025,2,45,Queens,Glen Oaks,false,0.1714
yellow,101,pickup,2025,3,48,Queens,Glen Oaks,false,0.1714
yellow,101,pickup,2025,4,41,Queens,Glen Oaks,false,0.1714
yellow,101,pickup,2025,5,46,Queens,Glen Oaks,false,0.1714
yellow,101,pickup,2025,6,62,Queens,Glen Oaks,false,0.1714
yellow,102,dropoff,2024,2,451,Queens,Glendale,false,0.1634
yellow,102,dropoff,2024,3,481,Queens,Glendale,false,0.1634
yellow,102,dropoff,2024,4,531,Queens,Glendale,false,0.1634
yellow,102,dropoff,2024,5,533,Queens,Glendale,false,0.1634
yellow,102,dropoff,2024,6,488,Queens,Glendale,false,0.1634
yellow,102,dropoff,2025,2,410,Queens,Glendale,false,0.1634
yellow,102,dropoff,2025,3,465,Queens,Glendale,false,0.1634
yellow,102,dropoff,2025,4,514,Queens,Glendale,false,0.1634
yellow,102,dropoff,2025,5,516,Queens,Glendale,false,0.1634
yellow,102,dropoff,2025,6,487,Queens,Glendale,false,0.1634
yellow,102,pickup,2024,2,51,Queens,Glendale,false,0.132
yellow,102,pickup,2024,3,74,Queens,Glendale,false,0.132
yellow,102,pickup,2024,4,70,Queens,Glendale,false,0.132
yellow,102,pickup,2024,5,76,Queens,Glendale,false,0.132
yellow,102,pickup,2024,6,70,Queens,Glendale,false,0.132
yellow,102,pickup,2025,2,63,Queens,Glendale,false,0.132
yellow,102,pickup,2025,3,74,Queens,Glendale,false,0.132
yellow,102,pickup,2025,4,98,Queens,Glendale,false,0.132
yellow,102,pickup,2025,5,93,Queens,Glendale,false,0.132
yellow,102,pickup,2025,6,90,Queens,Glendale,false,0.132
yellow,105,dropoff,2025,5,1,Manhattan,Governor's Island/Ellis Island/Liberty Island,false,
yellow,105,dropoff,2025,6,1,Manhattan,Governor's Island/Ellis Island/Liberty Island,false,
yellow,105,pickup,2024,4,1,Manhattan,Governor's Island/Ellis Island/Liberty Island,false,1.0
yellow,105,pickup,2024,6,1,Manhattan,Governor's Island/Ellis Island/Liberty Island,false,1.0
yellow,105,pickup,2025,4,1,Manhattan,Governor's Island/Ellis Island/Liberty Island,false,1.0
yellow,106,dropoff,2024,2,809,Brooklyn,Gowanus,false,0.448
yellow,106,dropoff,2024,3,1004,Brooklyn,Gowanus,false,0.448
yellow,106,dropoff,2024,4,969,Brooklyn,Gowanus,false,0.448
yellow,106,dropoff,2024,5,1006,Brooklyn,Gowanus,false,0.448
yellow,106,dropoff,2024,6,1027,Brooklyn,Gowanus,false,0.448
yellow,106,dropoff,2025,2,785,Brooklyn,Gowanus,false,0.448
yellow,106,dropoff,2025,3,985,Brooklyn,Gowanus,false,0.448
yellow,106,dropoff,2025,4,991,Brooklyn,Gowanus,false,0.448
yellow,106,dropoff,2025,5,1229,Brooklyn,Gowanus,false,0.448
yellow,106,dropoff,2025,6,1146,Brooklyn,Gowanus,false,0.448
yellow,106,pickup,2024,2,84,Brooklyn,Gowanus,false,0.1101
yellow,106,pickup,2024,3,127,Brooklyn,Gowanus,false,0.1101
yellow,106,pickup,2024,4,117,Brooklyn,Gowanus,false,0.1101
yellow,106,pickup,2024,5,126,Brooklyn,Gowanus,false,0.1101
yellow,106,pickup,2024,6,109,Brooklyn,Gowanus,false,0.1101
yellow,106,pickup,2025,2,100,Brooklyn,Gowanus,false,0.1101
yellow,106,pickup,2025,3,109,Brooklyn,Gowanus,false,0.1101
yellow,106,pickup,2025,4,139,Brooklyn,Gowanus,false,0.1101
yellow,106,pickup,2025,5,163,Brooklyn,Gowanus,false,0.1101
yellow,106,pickup,2025,6,144,Brooklyn,Gowanus,false,0.1101
yellow,107,dropoff,2024,2,56800,Manhattan,Gramercy,true,1.0
yellow,107,dropoff,2024,3,62049,Manhattan,Gramercy,true,1.0
yellow,107,dropoff,2024,4,58047,Manhattan,Gramercy,true,1.0
yellow,107,dropoff,2024,5,61360,Manhattan,Gramercy,true,1.0
yellow,107,dropoff,2024,6,58800,Manhattan,Gramercy,true,1.0
yellow,107,dropoff,2025,2,54596,Manhattan,Gramercy,true,1.0
yellow,107,dropoff,2025,3,61593,Manhattan,Gramercy,true,1.0
yellow,107,dropoff,2025,4,58140,Manhattan,Gramercy,true,1.0
yellow,107,dropoff,2025,5,60048,Manhattan,Gramercy,true,1.0
yellow,107,dropoff,2025,6,53404,Manhattan,Gramercy,true,1.0
yellow,107,pickup,2024,2,55878,Manhattan,Gramercy,true,1.0
yellow,107,pickup,2024,3,63458,Manhattan,Gramercy,true,1.0
yellow,107,pickup,2024,4,58503,Manhattan,Gramercy,true,1.0
yellow,107,pickup,2024,5,63194,Manhattan,Gramercy,true,1.0
yellow,107,pickup,2024,6,60909,Manhattan,Gramercy,true,1.0
yellow,107,pickup,2025,2,53994,Manhattan,Gramercy,true,1.0
yellow,107,pickup,2025,3,60794,Manhattan,Gramercy,true,1.0
yellow,107,pickup,2025,4,57311,Manhattan,Gramercy,true,1.0
yellow,107,pickup,2025,5,60653,Manhattan,Gramercy,true,1.0
yellow,107,pickup,2025,6,55138,Manhattan,Gramercy,true,1.0
yellow,108,dropoff,2024,2,185,Brooklyn,Gravesend,false,0.2272
yellow,108,dropoff,2024,3,218,Brooklyn,Gravesend,false,0.2272
yellow,108,dropoff,2024,4,249,Brooklyn,Gravesend,false,0.2272
yellow,108,dropoff,2024,5,324,Brooklyn,Gravesend,false,0.2272
yellow,108,dropoff,2024,6,274,Brooklyn,Gravesend,false,0.2272
yellow,108,dropoff,2025,2,219,Brooklyn,Gravesend,false,0.2272
yellow,108,dropoff,2025,3,255,Brooklyn,Gravesend,false,0.2272
yellow,108,dropoff,2025,4,215,Brooklyn,Gravesend,false,0.2272
yellow,108,dropoff,2025,5,306,Brooklyn,Gravesend,false,0.2272
yellow,108,dropoff,2025,6,291,Brooklyn,Gravesend,false,0.2272
yellow,108,pickup,2024,2,92,Brooklyn,Gravesend,false,0.2074
yellow,108,pickup,2024,3,147,Brooklyn,Gravesend,false,0.2074
yellow,108,pickup,2024,4,170,Brooklyn,Gravesend,false,0.2074
yellow,108,pickup,2024,5,174,Brooklyn,Gravesend,false,0.2074
yellow,108,pickup,2024,6,169,Brooklyn,Gravesend,false,0.2074
yellow,108,pickup,2025,2,176,Brooklyn,Gravesend,false,0.2074
yellow,108,pickup,2025,3,191,Brooklyn,Gravesend,false,0.2074
yellow,108,pickup,2025,4,194,Brooklyn,Gravesend,false,0.2074
yellow,108,pickup,2025,5,205,Brooklyn,Gravesend,false,0.2074
yellow,108,pickup,2025,6,208,Brooklyn,Gravesend,false,0.2074
yellow,109,dropoff,2024,2,20,Staten Island,Great Kills,false,0.4793
yellow,109,dropoff,2024,3,22,Staten Island,Great Kills,false,0.4793
yellow,109,dropoff,2024,4,23,Staten Island,Great Kills,false,0.4793
yellow,109,dropoff,2024,5,29,Staten Island,Great Kills,false,0.4793
yellow,109,dropoff,2024,6,27,Staten Island,Great Kills,false,0.4793
yellow,109,dropoff,2025,2,16,Staten Island,Great Kills,false,0.4793
yellow,109,dropoff,2025,3,20,Staten Island,Great Kills,false,0.4793
yellow,109,dropoff,2025,4,33,Staten Island,Great Kills,false,0.4793
yellow,109,dropoff,2025,5,27,Staten Island,Great Kills,false,0.4793
yellow,109,dropoff,2025,6,29,Staten Island,Great Kills,false,0.4793
yellow,109,pickup,2025,4,1,Staten Island,Great Kills,false,
yellow,110,dropoff,2025,5,1,Staten Island,Great Kills Park,false,
yellow,111,dropoff,2024,2,19,Brooklyn,Green-Wood Cemetery,false,0.5156
yellow,111,dropoff,2024,3,27,Brooklyn,Green-Wood Cemetery,false,0.5156
yellow,111,dropoff,2024,4,36,Brooklyn,Green-Wood Cemetery,false,0.5156
yellow,111,dropoff,2024,5,25,Brooklyn,Green-Wood Cemetery,false,0.5156
yellow,111,dropoff,2024,6,21,Brooklyn,Green-Wood Cemetery,false,0.5156
yellow,111,dropoff,2025,2,22,Brooklyn,Green-Wood Cemetery,false,0.5156
yellow,111,dropoff,2025,3,17,Brooklyn,Green-Wood Cemetery,false,0.5156
yellow,111,dropoff,2025,4,17,Brooklyn,Green-Wood Cemetery,false,0.5156
yellow,111,dropoff,2025,5,34,Brooklyn,Green-Wood Cemetery,false,0.5156
yellow,111,dropoff,2025,6,26,Brooklyn,Green-Wood Cemetery,false,0.5156
yellow,111,pickup,2024,2,3,Brooklyn,Green-Wood Cemetery,false,0.1364
yellow,111,pickup,2024,3,7,Brooklyn,Green-Wood Cemetery,false,0.1364
yellow,111,pickup,2024,4,2,Brooklyn,Green-Wood Cemetery,false,0.1364
yellow,111,pickup,2024,5,4,Brooklyn,Green-Wood Cemetery,false,0.1364
yellow,111,pickup,2024,6,6,Brooklyn,Green-Wood Cemetery,false,0.1364
yellow,111,pickup,2025,2,1,Brooklyn,Green-Wood Cemetery,false,0.1364
yellow,111,pickup,2025,3,3,Brooklyn,Green-Wood Cemetery,false,0.1364
yellow,111,pickup,2025,4,4,Brooklyn,Green-Wood Cemetery,false,0.1364
yellow,111,pickup,2025,5,5,Brooklyn,Green-Wood Cemetery,false,0.1364
yellow,111,pickup,2025,6,3,Brooklyn,Green-Wood Cemetery,false,0.1364
yellow,112,dropoff,2024,2,5400,Brooklyn,Greenpoint,false,0.5379
yellow,112,dropoff,2024,3,6295,Brooklyn,Greenpoint,false,0.5379
yellow,112,dropoff,2024,4,6249,Brooklyn,Greenpoint,false,0.5379
yellow,112,dropoff,2024,5,6865,Brooklyn,Greenpoint,false,0.5379
yellow,112,dropoff,2024,6,6553,Brooklyn,Greenpoint,false,0.5379
yellow,112,dropoff,2025,2,5866,Brooklyn,Greenpoint,false,0.5379
yellow,112,dropoff,2025,3,7161,Brooklyn,Greenpoint,false,0.5379
yellow,112,dropoff,2025,4,6812,Brooklyn,Greenpoint,false,0.5379
yellow,112,dropoff,2025,5,7932,Brooklyn,Greenpoint,false,0.5379
yellow,112,dropoff,2025,6,7334,Brooklyn,Greenpoint,false,0.5379
yellow,112,pickup,2024,2,237,Brooklyn,Greenpoint,false,0.2543
yellow,112,pickup,2024,3,271,Brooklyn,Greenpoint,false,0.2543
yellow,112,pickup,2024,4,280,Brooklyn,Greenpoint,false,0.2543
yellow,112,pickup,2024,5,356,Brooklyn,Greenpoint,false,0.2543
yellow,112,pickup,2024,6,366,Brooklyn,Greenpoint,false,0.2543
yellow,112,pickup,2025,2,264,Brooklyn,Greenpoint,false,0.2543
yellow,112,pickup,2025,3,382,Brooklyn,Greenpoint,false,0.2543
yellow,112,pickup,2025,4,417,Brooklyn,Greenpoint,false,0.2543
yellow,112,pickup,2025,5,519,Brooklyn,Greenpoint,false,0.2543
yellow,112,pickup,2025,6,574,Brooklyn,Greenpoint,false,0.2543
yellow,113,dropoff,2024,2,37862,Manhattan,Greenwich Village North,true,1.0
yellow,113,dropoff,2024,3,40979,Manhattan,Greenwich Village North,true,1.0
yellow,113,dropoff,2024,4,40375,Manhattan,Greenwich Village North,true,1.0
yellow,113,dropoff,2024,5,41420,Manhattan,Greenwich Village North,true,1.0
yellow,113,dropoff,2024,6,38120,Manhattan,Greenwich Village North,true,1.0
yellow,113,dropoff,2025,2,37100,Manhattan,Greenwich Village North,true,1.0
yellow,113,dropoff,2025,3,41168,Manhattan,Greenwich Village North,true,1.0
yellow,113,dropoff,2025,4,41083,Manhattan,Greenwich Village North,true,1.0
yellow,113,dropoff,2025,5,41234,Manhattan,Greenwich Village North,true,1.0
yellow,113,dropoff,2025,6,36171,Manhattan,Greenwich Village North,true,1.0
yellow,113,pickup,2024,2,41323,Manhattan,Greenwich Village North,true,1.0
yellow,113,pickup,2024,3,44655,Manhattan,Greenwich Village North,true,1.0
yellow,113,pickup,2024,4,42529,Manhattan,Greenwich Village North,true,1.0
yellow,113,pickup,2024,5,43630,Manhattan,Greenwich Village North,true,1.0
yellow,113,pickup,2024,6,41363,Manhattan,Greenwich Village North,true,1.0
yellow,113,pickup,2025,2,39844,Manhattan,Greenwich Village North,true,1.0
yellow,113,pickup,2025,3,45150,Manhattan,Greenwich Village North,true,1.0
yellow,113,pickup,2025,4,44199,Manhattan,Greenwich Village North,true,1.0
yellow,113,pickup,2025,5,45061,Manhattan,Greenwich Village North,true,1.0
yellow,113,pickup,2025,6,39995,Manhattan,Greenwich Village North,true,1.0
yellow,114,dropoff,2024,2,27496,Manhattan,Greenwich Village South,true,1.0
yellow,114,dropoff,2024,3,30663,Manhattan,Greenwich Village South,true,1.0
yellow,114,dropoff,2024,4,28898,Manhattan,Greenwich Village South,true,1.0
yellow,114,dropoff,2024,5,30530,Manhattan,Greenwich Village South,true,1.0
yellow,114,dropoff,2024,6,29491,Manhattan,Greenwich Village South,true,1.0
yellow,114,dropoff,2025,2,27802,Manhattan,Greenwich Village South,true,1.0
yellow,114,dropoff,2025,3,31992,Manhattan,Greenwich Village South,true,1.0
yellow,114,dropoff,2025,4,30240,Manhattan,Greenwich Village South,true,1.0
yellow,114,dropoff,2025,5,31939,Manhattan,Greenwich Village South,true,1.0
yellow,114,dropoff,2025,6,28119,Manhattan,Greenwich Village South,true,1.0
yellow,114,pickup,2024,2,41153,Manhattan,Greenwich Village South,true,1.0
yellow,114,pickup,2024,3,44374,Manhattan,Greenwich Village South,true,1.0
yellow,114,pickup,2024,4,39927,Manhattan,Greenwich Village South,true,1.0
yellow,114,pickup,2024,5,42197,Manhattan,Greenwich Village South,true,1.0
yellow,114,pickup,2024,6,42132,Manhattan,Greenwich Village South,true,1.0
yellow,114,pickup,2025,2,41283,Manhattan,Greenwich Village South,true,1.0
yellow,114,pickup,2025,3,47580,Manhattan,Greenwich Village South,true,1.0
yellow,114,pickup,2025,4,42653,Manhattan,Greenwich Village South,true,1.0
yellow,114,pickup,2025,5,45080,Manhattan,Greenwich Village South,true,1.0
yellow,114,pickup,2025,6,39790,Manhattan,Greenwich Village South,true,1.0
yellow,115,dropoff,2024,2,33,Staten Island,Grymes Hill/Clifton,false,0.3388
yellow,115,dropoff,2024,3,30,Staten Island,Grymes Hill/Clifton,false,0.3388
yellow,115,dropoff,2024,4,42,Staten Island,Grymes Hill/Clifton,false,0.3388
yellow,115,dropoff,2024,5,31,Staten Island,Grymes Hill/Clifton,false,0.3388
yellow,115,dropoff,2024,6,47,Staten Island,Grymes Hill/Clifton,false,0.3388
yellow,115,dropoff,2025,2,21,Staten Island,Grymes Hill/Clifton,false,0.3388
yellow,115,dropoff,2025,3,34,Staten Island,Grymes Hill/Clifton,false,0.3388
yellow,115,dropoff,2025,4,39,Staten Island,Grymes Hill/Clifton,false,0.3388
yellow,115,dropoff,2025,5,49,Staten Island,Grymes Hill/Clifton,false,0.3388
yellow,115,dropoff,2025,6,36,Staten Island,Grymes Hill/Clifton,false,0.3388
yellow,115,pickup,2024,2,1,Staten Island,Grymes Hill/Clifton,false,0.1429
yellow,115,pickup,2024,4,4,Staten Island,Grymes Hill/Clifton,false,0.1429
yellow,115,pickup,2024,6,2,Staten Island,Grymes Hill/Clifton,false,0.1429
yellow,115,pickup,2025,2,1,Staten Island,Grymes Hill/Clifton,false,0.1429
yellow,115,pickup,2025,3,3,Staten Island,Grymes Hill/Clifton,false,0.1429
yellow,115,pickup,2025,4,1,Staten Island,Grymes Hill/Clifton,false,0.1429
yellow,115,pickup,2025,5,1,Staten Island,Grymes Hill/Clifton,false,0.1429
yellow,115,pickup,2025,6,1,Staten Island,Grymes Hill/Clifton,false,0.1429
yellow,116,dropoff,2024,2,5365,Manhattan,Hamilton Heights,false,0.3319
yellow,116,dropoff,2024,3,6099,Manhattan,Hamilton Heights,false,0.3319
yellow,116,dropoff,2024,4,5824,Manhattan,Hamilton Heights,false,0.3319
yellow,116,dropoff,2024,5,6420,Manhattan,Hamilton Heights,false,0.3319
yellow,116,dropoff,2024,6,5948,Manhattan,Hamilton Heights,false,0.3319
yellow,116,dropoff,2025,2,4822,Manhattan,Hamilton Heights,false,0.3319
yellow,116,dropoff,2025,3,5788,Manhattan,Hamilton Heights,false,0.3319
yellow,116,dropoff,2025,4,5415,Manhattan,Hamilton Heights,false,0.3319
yellow,116,dropoff,2025,5,6116,Manhattan,Hamilton Heights,false,0.3319
yellow,116,dropoff,2025,6,5408,Manhattan,Hamilton Heights,false,0.3319
yellow,116,pickup,2024,2,1561,Manhattan,Hamilton Heights,false,0.166
yellow,116,pickup,2024,3,1829,Manhattan,Hamilton Heights,false,0.166
yellow,116,pickup,2024,4,1777,Manhattan,Hamilton Heights,false,0.166
yellow,116,pickup,2024,5,1858,Manhattan,Hamilton Heights,false,0.166
yellow,116,pickup,2024,6,1794,Manhattan,Hamilton Heights,false,0.166
yellow,116,pickup,2025,2,1488,Manhattan,Hamilton Heights,false,0.166
yellow,116,pickup,2025,3,1790,Manhattan,Hamilton Heights,false,0.166
yellow,116,pickup,2025,4,1524,Manhattan,Hamilton Heights,false,0.166
yellow,116,pickup,2025,5,1852,Manhattan,Hamilton Heights,false,0.166
yellow,116,pickup,2025,6,1684,Manhattan,Hamilton Heights,false,0.166
yellow,117,dropoff,2024,2,330,Queens,Hammels/Arverne,false,0.1254
yellow,117,dropoff,2024,3,368,Queens,Hammels/Arverne,false,0.1254
yellow,117,dropoff,2024,4,419,Queens,Hammels/Arverne,false,0.1254
yellow,117,dropoff,2024,5,481,Queens,Hammels/Arverne,false,0.1254
yellow,117,dropoff,2024,6,372,Queens,Hammels/Arverne,false,0.1254
yellow,117,dropoff,2025,2,322,Queens,Hammels/Arverne,false,0.1254
yellow,117,dropoff,2025,3,409,Queens,Hammels/Arverne,false,0.1254
yellow,117,dropoff,2025,4,423,Queens,Hammels/Arverne,false,0.1254
yellow,117,dropoff,2025,5,433,Queens,Hammels/Arverne,false,0.1254
yellow,117,dropoff,2025,6,447,Queens,Hammels/Arverne,false,0.1254
yellow,117,pickup,2024,2,218,Queens,Hammels/Arverne,false,0.1762
yellow,117,pickup,2024,3,247,Queens,Hammels/Arverne,false,0.1762
yellow,117,pickup,2024,4,254,Queens,Hammels/Arverne,false,0.1762
yellow,117,pickup,2024,5,326,Queens,Hammels/Arverne,false,0.1762
yellow,117,pickup,2024,6,249,Queens,Hammels/Arverne,false,0.1762
yellow,117,pickup,2025,2,233,Queens,Hammels/Arverne,false,0.1762
yellow,117,pickup,2025,3,269,Queens,Hammels/Arverne,false,0.1762
yellow,117,pickup,2025,4,323,Queens,Hammels/Arverne,false,0.1762
yellow,117,pickup,2025,5,286,Queens,Hammels/Arverne,false,0.1762
yellow,117,pickup,2025,6,297,Queens,Hammels/Arverne,false,0.1762
yellow,118,dropoff,2024,2,41,Staten Island,Heartland Village/Todt Hill,false,0.3647
yellow,118,dropoff,2024,3,63,Staten Island,Heartland Village/Todt Hill,false,0.3647
yellow,118,dropoff,2024,4,55,Staten Island,Heartland Village/Todt Hill,false,0.3647
yellow,118,dropoff,2024,5,56,Staten Island,Heartland Village/Todt Hill,false,0.3647
yellow,118,dropoff,2024,6,51,Staten Island,Heartland Village/Todt Hill,false,0.3647
yellow,118,dropoff,2025,2,58,Staten Island,Heartland Village/Todt Hill,false,0.3647
yellow,118,dropoff,2025,3,64,Staten Island,Heartland Village/Todt Hill,false,0.3647
yellow,118,dropoff,2025,4,58,Staten Island,Heartland Village/Todt Hill,false,0.3647
yellow,118,dropoff,2025,5,83,Staten Island,Heartland Village/Todt Hill,false,0.3647
yellow,118,dropoff,2025,6,77,Staten Island,Heartland Village/Todt Hill,false,0.3647
yellow,118,pickup,2024,3,1,Staten Island,Heartland Village/Todt Hill,false,0.25
yellow,118,pickup,2024,4,2,Staten Island,Heartland Village/Todt Hill,false,0.25
yellow,118,pickup,2024,5,1,Staten Island,Heartland Village/Todt Hill,false,0.25
yellow,118,pickup,2025,2,4,Staten Island,Heartland Village/Todt Hill,false,0.25
yellow,118,pickup,2025,3,2,Staten Island,Heartland Village/Todt Hill,false,0.25
yellow,118,pickup,2025,4,3,Staten Island,Heartland Village/Todt Hill,false,0.25
yellow,118,pickup,2025,5,1,Staten Island,Heartland Village/Todt Hill,false,0.25
yellow,118,pickup,2025,6,2,Staten Island,Heartland Village/Todt Hill,false,0.25
yellow,119,dropoff,2024,2,383,Bronx,Highbridge,false,0.2876
yellow,119,dropoff,2024,3,427,Bronx,Highbridge,false,0.2876
yellow,119,dropoff,2024,4,536,Bronx,Highbridge,false,0.2876
yellow,119,dropoff,2024,5,597,Bronx,Highbridge,false,0.2876
yellow,119,dropoff,2024,6,567,Bronx,Highbridge,false,0.2876
yellow,119,dropoff,2025,2,318,Bronx,Highbridge,false,0.2876
yellow,119,dropoff,2025,3,479,Bronx,Highbridge,false,0.2876
yellow,119,dropoff,2025,4,564,Bronx,Highbridge,false,0.2876
yellow,119,dropoff,2025,5,574,Bronx,Highbridge,false,0.2876
yellow,119,dropoff,2025,6,620,Bronx,Highbridge,false,0.2876
yellow,119,pickup,2024,2,141,Bronx,Highbridge,false,0.2713
yellow,119,pickup,2024,3,179,Bronx,Highbridge,false,0.2713
yellow,119,pickup,2024,4,184,Bronx,Highbridge,false,0.2713
yellow,119,pickup,2024,5,195,Bronx,Highbridge,false,0.2713
yellow,119,pickup,2024,6,171,Bronx,Highbridge,false,0.2713
yellow,119,pickup,2025,2,180,Bronx,Highbridge,false,0.2713
yellow,119,pickup,2025,3,245,Bronx,Highbridge,false,0.2713
yellow,119,pickup,2025,4,238,Bronx,Highbridge,false,0.2713
yellow,119,pickup,2025,5,229,Bronx,Highbridge,false,0.2713
yellow,119,pickup,2025,6,282,Bronx,Highbridge,false,0.2713
yellow,120,dropoff,2024,2,94,Manhattan,Highbridge Park,false,0.3526
yellow,120,dropoff,2024,3,116,Manhattan,Highbridge Park,false,0.3526
yellow,120,dropoff,2024,4,123,Manhattan,Highbridge Park,false,0.3526
yellow,120,dropoff,2024,5,138,Manhattan,Highbridge Park,false,0.3526
yellow,120,dropoff,2024,6,136,Manhattan,Highbridge Park,false,0.3526
yellow,120,dropoff,2025,2,64,Manhattan,Highbridge Park,false,0.3526
yellow,120,dropoff,2025,3,99,Manhattan,Highbridge Park,false,0.3526
yellow,120,dropoff,2025,4,107,Manhattan,Highbridge Park,false,0.3526
yellow,120,dropoff,2025,5,109,Manhattan,Highbridge Park,false,0.3526
yellow,120,dropoff,2025,6,101,Manhattan,Highbridge Park,false,0.3526
yellow,120,pickup,2024,2,7,Manhattan,Highbridge Park,false,0.0392
yellow,120,pickup,2024,3,13,Manhattan,Highbridge Park,false,0.0392
yellow,120,pickup,2024,4,10,Manhattan,Highbridge Park,false,0.0392
yellow,120,pickup,2024,5,5,Manhattan,Highbridge Park,false,0.0392
yellow,120,pickup,2024,6,16,Manhattan,Highbridge Park,false,0.0392
yellow,120,pickup,2025,2,7,Manhattan,Highbridge Park,false,0.0392
yellow,120,pickup,2025,3,13,Manhattan,Highbridge Park,false,0.0392
yellow,120,pickup,2025,4,12,Manhattan,Highbridge Park,false,0.0392
yellow,120,pickup,2025,5,11,Manhattan,Highbridge Park,false,0.0392
yellow,120,pickup,2025,6,13,Manhattan,Highbridge Park,false,0.0392
yellow,121,dropoff,2024,2,550,Queens,Hillcrest/Pomonok,false,0.1307
yellow,121,dropoff,2024,3,620,Queens,Hillcrest/Pomonok,false,0.1307
yellow,121,dropoff,2024,4,621,Queens,Hillcrest/Pomonok,false,0.1307
yellow,121,dropoff,2024,5,658,Queens,Hillcrest/Pomonok,false,0.1307
yellow,121,dropoff,2024,6,580,Queens,Hillcrest/Pomonok,false,0.1307
yellow,121,dropoff,2025,2,459,Queens,Hillcrest/Pomonok,false,0.1307
yellow,121,dropoff,2025,3,569,Queens,Hillcrest/Pomonok,false,0.1307
yellow,121,dropoff,2025,4,568,Queens,Hillcrest/Pomonok,false,0.1307
yellow,121,dropoff,2025,5,596,Queens,Hillcrest/Pomonok,false,0.1307
yellow,121,dropoff,2025,6,543,Queens,Hillcrest/Pomonok,false,0.1307
yellow,121,pickup,2024,2,179,Queens,Hillcrest/Pomonok,false,0.1045
yellow,121,pickup,2024,3,203,Queens,Hillcrest/Pomonok,false,0.1045
yellow,121,pickup,2024,4,180,Queens,Hillcrest/Pomonok,false,0.1045
yellow,121,pickup,2024,5,190,Queens,Hillcrest/Pomonok,false,0.1045
yellow,121,pickup,2024,6,157,Queens,Hillcrest/Pomonok,false,0.1045
yellow,121,pickup,2025,2,114,Queens,Hillcrest/Pomonok,false,0.1045
yellow,121,pickup,2025,3,148,Queens,Hillcrest/Pomonok,false,0.1045
yellow,121,pickup,2025,4,171,Queens,Hillcrest/Pomonok,false,0.1045
yellow,121,pickup,2025,5,156,Queens,Hillcrest/Pomonok,false,0.1045
yellow,121,pickup,2025,6,160,Queens,Hillcrest/Pomonok,false,0.1045
yellow,122,dropoff,2024,2,209,Queens,Hollis,false,0.1122
yellow,122,dropoff,2024,3,235,Queens,Hollis,false,0.1122
yellow,122,dropoff,2024,4,261,Queens,Hollis,false,0.1122
yellow,122,dropoff,2024,5,290,Queens,Hollis,false,0.1122
yellow,122,dropoff,2024,6,271,Queens,Hollis,false,0.1122
yellow,122,dropoff,2025,2,180,Queens,Hollis,false,0.1122
yellow,122,dropoff,2025,3,222,Queens,Hollis,false,0.1122
yellow,122,dropoff,2025,4,188,Queens,Hollis,false,0.1122
yellow,122,dropoff,2025,5,266,Queens,Hollis,false,0.1122
yellow,122,dropoff,2025,6,224,Queens,Hollis,false,0.1122
yellow,122,pickup,2024,2,81,Queens,Hollis,false,0.2512
yellow,122,pickup,2024,3,79,Queens,Hollis,false,0.2512
yellow,122,pickup,2024,4,96,Queens,Hollis,false,0.2512
yellow,122,pickup,2024,5,75,Queens,Hollis,false,0.2512
yellow,122,pickup,2024,6,75,Queens,Hollis,false,0.2512
yellow,122,pickup,2025,2,60,Queens,Hollis,false,0.2512
yellow,122,pickup,2025,3,69,Queens,Hollis,false,0.2512
yellow,122,pickup,2025,4,101,Queens,Hollis,false,0.2512
yellow,122,pickup,2025,5,89,Queens,Hollis,false,0.2512
yellow,122,pickup,2025,6,113,Queens,Hollis,false,0.2512
yellow,123,dropoff,2024,2,487,Brooklyn,Homecrest,false,0.1874
yellow,123,dropoff,2024,3,557,Brooklyn,Homecrest,false,0.1874
yellow,123,dropoff,2024,4,515,Brooklyn,Homecrest,false,0.1874
yellow,123,dropoff,2024,5,622,Brooklyn,Homecrest,false,0.1874
yellow,123,dropoff,2024,6,466,Brooklyn,Homecrest,false,0.1874
yellow,123,dropoff,2025,2,548,Brooklyn,Homecrest,false,0.1874
yellow,123,dropoff,2025,3,535,Brooklyn,Homecrest,false,0.1874
yellow,123,dropoff,2025,4,522,Brooklyn,Homecrest,false,0.1874
yellow,123,dropoff,2025,5,601,Brooklyn,Homecrest,false,0.1874
yellow,123,dropoff,2025,6,558,Brooklyn,Homecrest,false,0.1874
yellow,123,pickup,2024,2,123,Brooklyn,Homecrest,false,0.1471
yellow,123,pickup,2024,3,197,Brooklyn,Homecrest,false,0.1471
yellow,123,pickup,2024,4,195,Brooklyn,Homecrest,false,0.1471
yellow,123,pickup,2024,5,217,Brooklyn,Homecrest,false,0.1471
yellow,123,pickup,2024,6,179,Brooklyn,Homecrest,false,0.1471
yellow,123,pickup,2025,2,210,Brooklyn,Homecrest,false,0.1471
yellow,123,pickup,2025,3,222,Brooklyn,Homecrest,false,0.1471
yellow,123,pickup,2025,4,181,Brooklyn,Homecrest,false,0.1471
yellow,123,pickup,2025,5,248,Brooklyn,Homecrest,false,0.1471
yellow,123,pickup,2025,6,256,Brooklyn,Homecrest,false,0.1471
yellow,124,dropoff,2024,2,609,Queens,Howard Beach,false,0.0811
yellow,124,dropoff,2024,3,610,Queens,Howard Beach,false,0.0811
yellow,124,dropoff,2024,4,711,Queens,Howard Beach,false,0.0811
yellow,124,dropoff,2024,5,669,Queens,Howard Beach,false,0.0811
yellow,124,dropoff,2024,6,594,Queens,Howard Beach,false,0.0811
yellow,124,dropoff,2025,2,543,Queens,Howard Beach,false,0.0811
yellow,124,dropoff,2025,3,672,Queens,Howard Beach,false,0.0811
yellow,124,dropoff,2025,4,674,Queens,Howard Beach,false,0.0811
yellow,124,dropoff,2025,5,737,Queens,Howard Beach,false,0.0811
yellow,124,dropoff,2025,6,683,Queens,Howard Beach,false,0.0811
yellow,124,pickup,2024,2,96,Queens,Howard Beach,false,0.1497
yellow,124,pickup,2024,3,138,Queens,Howard Beach,false,0.1497
yellow,124,pickup,2024,4,139,Queens,Howard Beach,false,0.1497
yellow,124,pickup,2024,5,135,Queens,Howard Beach,false,0.1497
yellow,124,pickup,2024,6,120,Queens,Howard Beach,false,0.1497
yellow,124,pickup,2025,2,83,Queens,Howard Beach,false,0.1497
yellow,124,pickup,2025,3,111,Queens,Howard Beach,false,0.1497
yellow,124,pickup,2025,4,125,Queens,Howard Beach,false,0.1497
yellow,124,pickup,2025,5,140,Queens,Howard Beach,false,0.1497
yellow,124,pickup,2025,6,131,Queens,Howard Beach,false,0.1497
yellow,125,dropoff,2024,2,14139,Manhattan,Hudson Sq,true,1.0
yellow,125,dropoff,2024,3,15947,Manhattan,Hudson Sq,true,1.0
yellow,125,dropoff,2024,4,16107,Manhattan,Hudson Sq,true,1.0
yellow,125,dropoff,2024,5,16350,Manhattan,Hudson Sq,true,1.0
yellow,125,dropoff,2024,6,15394,Manhattan,Hudson Sq,true,1.0
yellow,125,dropoff,2025,2,14671,Manhattan,Hudson Sq,true,1.0
yellow,125,dropoff,2025,3,16603,Manhattan,Hudson Sq,true,1.0
yellow,125,dropoff,2025,4,16613,Manhattan,Hudson Sq,true,1.0
yellow,125,dropoff,2025,5,17323,Manhattan,Hudson Sq,true,1.0
yellow,125,dropoff,2025,6,15167,Manhattan,Hudson Sq,true,1.0
yellow,125,pickup,2024,2,13820,Manhattan,Hudson Sq,true,1.0
yellow,125,pickup,2024,3,14937,Manhattan,Hudson Sq,true,1.0
yellow,125,pickup,2024,4,15297,Manhattan,Hudson Sq,true,1.0
yellow,125,pickup,2024,5,15563,Manhattan,Hudson Sq,true,1.0
yellow,125,pickup,2024,6,15023,Manhattan,Hudson Sq,true,1.0
yellow,125,pickup,2025,2,13428,Manhattan,Hudson Sq,true,1.0
yellow,125,pickup,2025,3,15510,Manhattan,Hudson Sq,true,1.0
yellow,125,pickup,2025,4,15685,Manhattan,Hudson Sq,true,1.0
yellow,125,pickup,2025,5,15944,Manhattan,Hudson Sq,true,1.0
yellow,125,pickup,2025,6,14386,Manhattan,Hudson Sq,true,1.0
yellow,126,dropoff,2024,2,238,Bronx,Hunts Point,false,0.2731
yellow,126,dropoff,2024,3,296,Bronx,Hunts Point,false,0.2731
yellow,126,dropoff,2024,4,279,Bronx,Hunts Point,false,0.2731
yellow,126,dropoff,2024,5,293,Bronx,Hunts Point,false,0.2731
yellow,126,dropoff,2024,6,282,Bronx,Hunts Point,false,0.2731
yellow,126,dropoff,2025,2,245,Bronx,Hunts Point,false,0.2731
yellow,126,dropoff,2025,3,255,Bronx,Hunts Point,false,0.2731
yellow,126,dropoff,2025,4,210,Bronx,Hunts Point,false,0.2731
yellow,126,dropoff,2025,5,278,Bronx,Hunts Point,false,0.2731
yellow,126,dropoff,2025,6,255,Bronx,Hunts Point,false,0.2731
yellow,126,pickup,2024,2,79,Bronx,Hunts Point,false,0.2891
yellow,126,pickup,2024,3,105,Bronx,Hunts Point,false,0.2891
yellow,126,pickup,2024,4,102,Bronx,Hunts Point,false,0.2891
yellow,126,pickup,2024,5,84,Bronx,Hunts Point,false,0.2891
yellow,126,pickup,2024,6,90,Bronx,Hunts Point,false,0.2891
yellow,126,pickup,2025,2,91,Bronx,Hunts Point,false,0.2891
yellow,126,pickup,2025,3,131,Bronx,Hunts Point,false,0.2891
yellow,126,pickup,2025,4,120,Bronx,Hunts Point,false,0.2891
yellow,126,pickup,2025,5,130,Bronx,Hunts Point,false,0.2891
yellow,126,pickup,2025,6,144,Bronx,Hunts Point,false,0.2891
yellow,127,dropoff,2024,2,1593,Manhattan,Inwood,false,0.4043
yellow,127,dropoff,2024,3,1742,Manhattan,Inwood,false,0.4043
yellow,127,dropoff,2024,4,1711,Manhattan,Inwood,false,0.4043
yellow,127,dropoff,2024,5,2013,Manhattan,Inwood,false,0.4043
yellow,127,dropoff,2024,6,1610,Manhattan,Inwood,false,0.4043
yellow,127,dropoff,2025,2,1379,Manhattan,Inwood,false,0.4043
yellow,127,dropoff,2025,3,1661,Manhattan,Inwood,false,0.4043
yellow,127,dropoff,2025,4,1576,Manhattan,Inwood,false,0.4043
yellow,127,dropoff,2025,5,1761,Manhattan,Inwood,false,0.4043
yellow,127,dropoff,2025,6,1621,Manhattan,Inwood,false,0.4043
yellow,127,pickup,2024,2,178,Manhattan,Inwood,false,0.1812
yellow,127,pickup,2024,3,196,Manhattan,Inwood,false,0.1812
yellow,127,pickup,2024,4,204,Manhattan,Inwood,false,0.1812
yellow,127,pickup,2024,5,279,Manhattan,Inwood,false,0.1812
yellow,127,pickup,2024,6,197,Manhattan,Inwood,false,0.1812
yellow,127,pickup,2025,2,184,Manhattan,Inwood,false,0.1812
yellow,127,pickup,2025,3,229,Manhattan,Inwood,false,0.1812
yellow,127,pickup,2025,4,209,Manhattan,Inwood,false,0.1812
yellow,127,pickup,2025,5,247,Manhattan,Inwood,false,0.1812
yellow,127,pickup,2025,6,222,Manhattan,Inwood,false,0.1812
yellow,128,dropoff,2024,2,162,Manhattan,Inwood Hill Park,false,0.3399
yellow,128,dropoff,2024,3,159,Manhattan,Inwood Hill Park,false,0.3399
yellow,128,dropoff,2024,4,176,Manhattan,Inwood Hill Park,false,0.3399
yellow,128,dropoff,2024,5,286,Manhattan,Inwood Hill Park,false,0.3399
yellow,128,dropoff,2024,6,179,Manhattan,Inwood Hill Park,false,0.3399
yellow,128,dropoff,2025,2,123,Manhattan,Inwood Hill Park,false,0.3399
yellow,128,dropoff,2025,3,173,Manhattan,Inwood Hill Park,false,0.3399
yellow,128,dropoff,2025,4,189,Manhattan,Inwood Hill Park,false,0.3399
yellow,128,dropoff,2025,5,206,Manhattan,Inwood Hill Park,false,0.3399
yellow,128,dropoff,2025,6,169,Manhattan,Inwood Hill Park,false,0.3399
yellow,128,pickup,2024,2,11,Manhattan,Inwood Hill Park,false,0.1011
yellow,128,pickup,2024,3,20,Manhattan,Inwood Hill Park,false,0.1011
yellow,128,pickup,2024,4,12,Manhattan,Inwood Hill Park,false,0.1011
yellow,128,pickup,2024,5,30,Manhattan,Inwood Hill Park,false,0.1011
yellow,128,pickup,2024,6,16,Manhattan,Inwood Hill Park,false,0.1011
yellow,128,pickup,2025,2,9,Manhattan,Inwood Hill Park,false,0.1011
yellow,128,pickup,2025,3,12,Manhattan,Inwood Hill Park,false,0.1011
yellow,128,pickup,2025,4,14,Manhattan,Inwood Hill Park,false,0.1011
yellow,128,pickup,2025,5,23,Manhattan,Inwood Hill Park,false,0.1011
yellow,128,pickup,2025,6,12,Manhattan,Inwood Hill Park,false,0.1011
yellow,129,dropoff,2024,2,3212,Queens,Jackson Heights,false,0.3127
yellow,129,dropoff,2024,3,3638,Queens,Jackson Heights,false,0.3127
yellow,129,dropoff,2024,4,3633,Queens,Jackson Heights,false,0.3127
yellow,129,dropoff,2024,5,3803,Queens,Jackson Heights,false,0.3127
yellow,129,dropoff,2024,6,3547,Queens,Jackson Heights,false,0.3127
yellow,129,dropoff,2025,2,2721,Queens,Jackson Heights,false,0.3127
yellow,129,dropoff,2025,3,3112,Queens,Jackson Heights,false,0.3127
yellow,129,dropoff,2025,4,3023,Queens,Jackson Heights,false,0.3127
yellow,129,dropoff,2025,5,3326,Queens,Jackson Heights,false,0.3127
yellow,129,dropoff,2025,6,3069,Queens,Jackson Heights,false,0.3127
yellow,129,pickup,2024,2,553,Queens,Jackson Heights,false,0.1759
yellow,129,pickup,2024,3,638,Queens,Jackson Heights,false,0.1759
yellow,129,pickup,2024,4,682,Queens,Jackson Heights,false,0.1759
yellow,129,pickup,2024,5,770,Queens,Jackson Heights,false,0.1759
yellow,129,pickup,2024,6,734,Queens,Jackson Heights,false,0.1759
yellow,129,pickup,2025,2,708,Queens,Jackson Heights,false,0.1759
yellow,129,pickup,2025,3,918,Queens,Jackson Heights,false,0.1759
yellow,129,pickup,2025,4,911,Queens,Jackson Heights,false,0.1759
yellow,129,pickup,2025,5,1058,Queens,Jackson Heights,false,0.1759
yellow,129,pickup,2025,6,1005,Queens,Jackson Heights,false,0.1759
yellow,130,dropoff,2024,2,1328,Queens,Jamaica,false,0.0841
yellow,130,dropoff,2024,3,1511,Queens,Jamaica,false,0.0841
yellow,130,dropoff,2024,4,1575,Queens,Jamaica,false,0.0841
yellow,130,dropoff,2024,5,1727,Queens,Jamaica,false,0.0841
yellow,130,dropoff,2024,6,1684,Queens,Jamaica,false,0.0841
yellow,130,dropoff,2025,2,1216,Queens,Jamaica,false,0.0841
yellow,130,dropoff,2025,3,1483,Queens,Jamaica,false,0.0841
yellow,130,dropoff,2025,4,1417,Queens,Jamaica,false,0.0841
yellow,130,dropoff,2025,5,1749,Queens,Jamaica,false,0.0841
yellow,130,dropoff,2025,6,1978,Queens,Jamaica,false,0.0841
yellow,130,pickup,2024,2,542,Queens,Jamaica,false,0.2319
yellow,130,pickup,2024,3,707,Queens,Jamaica,false,0.2319
yellow,130,pickup,2024,4,605,Queens,Jamaica,false,0.2319
yellow,130,pickup,2024,5,555,Queens,Jamaica,false,0.2319
yellow,130,pickup,2024,6,446,Queens,Jamaica,false,0.2319
yellow,130,pickup,2025,2,488,Queens,Jamaica,false,0.2319
yellow,130,pickup,2025,3,756,Queens,Jamaica,false,0.2319
yellow,130,pickup,2025,4,650,Queens,Jamaica,false,0.2319
yellow,130,pickup,2025,5,727,Queens,Jamaica,false,0.2319
yellow,130,pickup,2025,6,787,Queens,Jamaica,false,0.2319
yellow,131,dropoff,2024,2,529,Queens,Jamaica Estates,false,0.1243
yellow,131,dropoff,2024,3,573,Queens,Jamaica Estates,false,0.1243
yellow,131,dropoff,2024,4,591,Queens,Jamaica Estates,false,0.1243
yellow,131,dropoff,2024,5,676,Queens,Jamaica Estates,false,0.1243
yellow,131,dropoff,2024,6,575,Queens,Jamaica Estates,false,0.1243
yellow,131,dropoff,2025,2,485,Queens,Jamaica Estates,false,0.1243
yellow,131,dropoff,2025,3,574,Queens,Jamaica Estates,false,0.1243
yellow,131,dropoff,2025,4,596,Queens,Jamaica Estates,false,0.1243
yellow,131,dropoff,2025,5,615,Queens,Jamaica Estates,false,0.1243
yellow,131,dropoff,2025,6,582,Queens,Jamaica Estates,false,0.1243
yellow,131,pickup,2024,2,138,Queens,Jamaica Estates,false,0.1758
yellow,131,pickup,2024,3,136,Queens,Jamaica Estates,false,0.1758
yellow,131,pickup,2024,4,144,Queens,Jamaica Estates,false,0.1758
yellow,131,pickup,2024,5,126,Queens,Jamaica Estates,false,0.1758
yellow,131,pickup,2024,6,133,Queens,Jamaica Estates,false,0.1758
yellow,131,pickup,2025,2,119,Queens,Jamaica Estates,false,0.1758
yellow,131,pickup,2025,3,143,Queens,Jamaica Estates,false,0.1758
yellow,131,pickup,2025,4,161,Queens,Jamaica Estates,false,0.1758
yellow,131,pickup,2025,5,151,Queens,Jamaica Estates,false,0.1758
yellow,131,pickup,2025,6,144,Queens,Jamaica Estates,false,0.1758
yellow,132,dropoff,2024,2,23940,Queens,JFK Airport,false,0.6287
yellow,132,dropoff,2024,3,30238,Queens,JFK Airport,false,0.6287
yellow,132,dropoff,2024,4,31668,Queens,JFK Airport,false,0.6287
yellow,132,dropoff,2024,5,36531,Queens,JFK Airport,false,0.6287
yellow,132,dropoff,2024,6,33393,Queens,JFK Airport,false,0.6287
yellow,132,dropoff,2025,2,20204,Queens,JFK Airport,false,0.6287
yellow,132,dropoff,2025,3,28604,Queens,JFK Airport,false,0.6287
yellow,132,dropoff,2025,4,29439,Queens,JFK Airport,false,0.6287
yellow,132,dropoff,2025,5,35019,Queens,JFK Airport,false,0.6287
yellow,132,dropoff,2025,6,31301,Queens,JFK Airport,false,0.6287
yellow,132,pickup,2024,2,117424,Queens,JFK Airport,false,0.4051
yellow,132,pickup,2024,3,144996,Queens,JFK Airport,false,0.4051
yellow,132,pickup,2024,4,144499,Queens,JFK Airport,false,0.4051
yellow,132,pickup,2024,5,153106,Queens,JFK Airport,false,0.4051
yellow,132,pickup,2024,6,147133,Queens,JFK Airport,false,0.4051
yellow,132,pickup,2025,2,109016,Queens,JFK Airport,false,0.4051
yellow,132,pickup,2025,3,139818,Queens,JFK Airport,false,0.4051
yellow,132,pickup,2025,4,136775,Queens,JFK Airport,false,0.4051
yellow,132,pickup,2025,5,166820,Queens,JFK Airport,false,0.4051
yellow,132,pickup,2025,6,161239,Queens,JFK Airport,false,0.4051
yellow,133,dropoff,2024,2,700,Brooklyn,Kensington,false,0.4179
yellow,133,dropoff,2024,3,768,Brooklyn,Kensington,false,0.4179
yellow,133,dropoff,2024,4,787,Brooklyn,Kensington,false,0.4179
yellow,133,dropoff,2024,5,816,Brooklyn,Kensington,false,0.4179
yellow,133,dropoff,2024,6,767,Brooklyn,Kensington,false,0.4179
yellow,133,dropoff,2025,2,665,Brooklyn,Kensington,false,0.4179
yellow,133,dropoff,2025,3,740,Brooklyn,Kensington,false,0.4179
yellow,133,dropoff,2025,4,706,Brooklyn,Kensington,false,0.4179
yellow,133,dropoff,2025,5,736,Brooklyn,Kensington,false,0.4179
yellow,133,dropoff,2025,6,770,Brooklyn,Kensington,false,0.4179
yellow,133,pickup,2024,2,75,Brooklyn,Kensington,false,0.1776
yellow,133,pickup,2024,3,134,Brooklyn,Kensington,false,0.1776
yellow,133,pickup,2024,4,149,Brooklyn,Kensington,false,0.1776
yellow,133,pickup,2024,5,146,Brooklyn,Kensington,false,0.1776
yellow,133,pickup,2024,6,104,Brooklyn,Kensington,false,0.1776
yellow,133,pickup,2025,2,140,Brooklyn,Kensington,false,0.1776
yellow,133,pickup,2025,3,132,Brooklyn,Kensington,false,0.1776
yellow,133,pickup,2025,4,132,Brooklyn,Kensington,false,0.1776
yellow,133,pickup,2025,5,173,Brooklyn,Kensington,false,0.1776
yellow,133,pickup,2025,6,145,Brooklyn,Kensington,false,0.1776
yellow,134,dropoff,2024,2,823,Queens,Kew Gardens,false,0.1836
yellow,134,dropoff,2024,3,971,Queens,Kew Gardens,false,0.1836
yellow,134,dropoff,2024,4,964,Queens,Kew Gardens,false,0.1836
yellow,134,dropoff,2024,5,922,Queens,Kew Gardens,false,0.1836
yellow,134,dropoff,2024,6,894,Queens,Kew Gardens,false,0.1836
yellow,134,dropoff,2025,2,798,Queens,Kew Gardens,false,0.1836
yellow,134,dropoff,2025,3,907,Queens,Kew Gardens,false,0.1836
yellow,134,dropoff,2025,4,876,Queens,Kew Gardens,false,0.1836
yellow,134,dropoff,2025,5,918,Queens,Kew Gardens,false,0.1836
yellow,134,dropoff,2025,6,940,Queens,Kew Gardens,false,0.1836
yellow,134,pickup,2024,2,231,Queens,Kew Gardens,false,0.086
yellow,134,pickup,2024,3,329,Queens,Kew Gardens,false,0.086
yellow,134,pickup,2024,4,309,Queens,Kew Gardens,false,0.086
yellow,134,pickup,2024,5,335,Queens,Kew Gardens,false,0.086
yellow,134,pickup,2024,6,319,Queens,Kew Gardens,false,0.086
yellow,134,pickup,2025,2,277,Queens,Kew Gardens,false,0.086
yellow,134,pickup,2025,3,360,Queens,Kew Gardens,false,0.086
yellow,134,pickup,2025,4,358,Queens,Kew Gardens,false,0.086
yellow,134,pickup,2025,5,424,Queens,Kew Gardens,false,0.086
yellow,134,pickup,2025,6,438,Queens,Kew Gardens,false,0.086
yellow,135,dropoff,2024,2,752,Queens,Kew Gardens Hills,false,0.109
yellow,135,dropoff,2024,3,737,Queens,Kew Gardens Hills,false,0.109
yellow,135,dropoff,2024,4,729,Queens,Kew Gardens Hills,false,0.109
yellow,135,dropoff,2024,5,895,Queens,Kew Gardens Hills,false,0.109
yellow,135,dropoff,2024,6,711,Queens,Kew Gardens Hills,false,0.109
yellow,135,dropoff,2025,2,714,Queens,Kew Gardens Hills,false,0.109
yellow,135,dropoff,2025,3,720,Queens,Kew Gardens Hills,false,0.109
yellow,135,dropoff,2025,4,795,Queens,Kew Gardens Hills,false,0.109
yellow,135,dropoff,2025,5,720,Queens,Kew Gardens Hills,false,0.109
yellow,135,dropoff,2025,6,768,Queens,Kew Gardens Hills,false,0.109
yellow,135,pickup,2024,2,109,Queens,Kew Gardens Hills,false,0.1417
yellow,135,pickup,2024,3,127,Queens,Kew Gardens Hills,false,0.1417
yellow,135,pickup,2024,4,108,Queens,Kew Gardens Hills,false,0.1417
yellow,135,pickup,2024,5,135,Queens,Kew Gardens Hills,false,0.1417
yellow,135,pickup,2024,6,114,Queens,Kew Gardens Hills,false,0.1417
yellow,135,pickup,2025,2,130,Queens,Kew Gardens Hills,false,0.1417
yellow,135,pickup,2025,3,158,Queens,Kew Gardens Hills,false,0.1417
yellow,135,pickup,2025,4,123,Queens,Kew Gardens Hills,false,0.1417
yellow,135,pickup,2025,5,148,Queens,Kew Gardens Hills,false,0.1417
yellow,135,pickup,2025,6,149,Queens,Kew Gardens Hills,false,0.1417
yellow,136,dropoff,2024,2,282,Bronx,Kingsbridge Heights,false,0.2519
yellow,136,dropoff,2024,3,331,Bronx,Kingsbridge Heights,false,0.2519
yellow,136,dropoff,2024,4,348,Bronx,Kingsbridge Heights,false,0.2519
yellow,136,dropoff,2024,5,330,Bronx,Kingsbridge Heights,false,0.2519
yellow,136,dropoff,2024,6,301,Bronx,Kingsbridge Heights,false,0.2519
yellow,136,dropoff,2025,2,269,Bronx,Kingsbridge Heights,false,0.2519
yellow,136,dropoff,2025,3,305,Bronx,Kingsbridge Heights,false,0.2519
yellow,136,dropoff,2025,4,296,Bronx,Kingsbridge Heights,false,0.2519
yellow,136,dropoff,2025,5,317,Bronx,Kingsbridge Heights,false,0.2519
yellow,136,dropoff,2025,6,355,Bronx,Kingsbridge Heights,false,0.2519
yellow,136,pickup,2024,2,91,Bronx,Kingsbridge Heights,false,0.2098
yellow,136,pickup,2024,3,102,Bronx,Kingsbridge Heights,false,0.2098
yellow,136,pickup,2024,4,123,Bronx,Kingsbridge Heights,false,0.2098
yellow,136,pickup,2024,5,116,Bronx,Kingsbridge Heights,false,0.2098
yellow,136,pickup,2024,6,121,Bronx,Kingsbridge Heights,false,0.2098
yellow,136,pickup,2025,2,144,Bronx,Kingsbridge Heights,false,0.2098
yellow,136,pickup,2025,3,159,Bronx,Kingsbridge Heights,false,0.2098
yellow,136,pickup,2025,4,186,Bronx,Kingsbridge Heights,false,0.2098
yellow,136,pickup,2025,5,179,Bronx,Kingsbridge Heights,false,0.2098
yellow,136,pickup,2025,6,191,Bronx,Kingsbridge Heights,false,0.2098
yellow,137,dropoff,2024,2,35724,Manhattan,Kips Bay,true,1.0
yellow,137,dropoff,2024,3,39746,Manhattan,Kips Bay,true,1.0
yellow,137,dropoff,2024,4,36174,Manhattan,Kips Bay,true,1.0
yellow,137,dropoff,2024,5,38388,Manhattan,Kips Bay,true,1.0
yellow,137,dropoff,2024,6,36916,Manhattan,Kips Bay,true,1.0
yellow,137,dropoff,2025,2,34638,Manhattan,Kips Bay,true,1.0
yellow,137,dropoff,2025,3,38533,Manhattan,Kips Bay,true,1.0
yellow,137,dropoff,2025,4,35525,Manhattan,Kips Bay,true,1.0
yellow,137,dropoff,2025,5,37206,Manhattan,Kips Bay,true,1.0
yellow,137,dropoff,2025,6,34290,Manhattan,Kips Bay,true,1.0
yellow,137,pickup,2024,2,29424,Manhattan,Kips Bay,true,1.0
yellow,137,pickup,2024,3,33049,Manhattan,Kips Bay,true,1.0
yellow,137,pickup,2024,4,30591,Manhattan,Kips Bay,true,1.0
yellow,137,pickup,2024,5,32017,Manhattan,Kips Bay,true,1.0
yellow,137,pickup,2024,6,30206,Manhattan,Kips Bay,true,1.0
yellow,137,pickup,2025,2,28065,Manhattan,Kips Bay,true,1.0
yellow,137,pickup,2025,3,31365,Manhattan,Kips Bay,true,1.0
yellow,137,pickup,2025,4,28892,Manhattan,Kips Bay,true,1.0
yellow,137,pickup,2025,5,30336,Manhattan,Kips Bay,true,1.0
yellow,137,pickup,2025,6,27754,Manhattan,Kips Bay,true,1.0
yellow,138,dropoff,2024,2,28302,Queens,LaGuardia Airport,false,0.67
yellow,138,dropoff,2024,3,35262,Queens,LaGuardia Airport,false,0.67
yellow,138,dropoff,2024,4,33574,Queens,LaGuardia Airport,false,0.67
yellow,138,dropoff,2024,5,38970,Queens,LaGuardia Airport,false,0.67
yellow,138,dropoff,2024,6,37807,Queens,LaGuardia Airport,false,0.67
yellow,138,dropoff,2025,2,24908,Queens,LaGuardia Airport,false,0.67
yellow,138,dropoff,2025,3,35041,Queens,LaGuardia Airport,false,0.67
yellow,138,dropoff,2025,4,33039,Queens,LaGuardia Airport,false,0.67
yellow,138,dropoff,2025,5,37515,Queens,LaGuardia Airport,false,0.67
yellow,138,dropoff,2025,6,35170,Queens,LaGuardia Airport,false,0.67
yellow,138,pickup,2024,2,84396,Queens,LaGuardia Airport,false,0.4872
yellow,138,pickup,2024,3,103802,Queens,LaGuardia Airport,false,0.4872
yellow,138,pickup,2024,4,107445,Queens,LaGuardia Airport,false,0.4872
yellow,138,pickup,2024,5,122079,Queens,LaGuardia Airport,false,0.4872
yellow,138,pickup,2024,6,110907,Queens,LaGuardia Airport,false,0.4872
yellow,138,pickup,2025,2,79837,Queens,LaGuardia Airport,false,0.4872
yellow,138,pickup,2025,3,101314,Queens,LaGuardia Airport,false,0.4872
yellow,138,pickup,2025,4,101030,Queens,LaGuardia Airport,false,0.4872
yellow,138,pickup,2025,5,116370,Queens,LaGuardia Airport,false,0.4872
yellow,138,pickup,2025,6,105504,Queens,LaGuardia Airport,false,0.4872
yellow,139,dropoff,2024,2,502,Queens,Laurelton,false,0.0479
yellow,139,dropoff,2024,3,510,Queens,Laurelton,false,0.0479
yellow,139,dropoff,2024,4,581,Queens,Laurelton,false,0.0479
yellow,139,dropoff,2024,5,614,Queens,Laurelton,false,0.0479
yellow,139,dropoff,2024,6,614,Queens,Laurelton,false,0.0479
yellow,139,dropoff,2025,2,462,Queens,Laurelton,false,0.0479
yellow,139,dropoff,2025,3,545,Queens,Laurelton,false,0.0479
yellow,139,dropoff,2025,4,560,Queens,Laurelton,false,0.0479
yellow,139,dropoff,2025,5,674,Queens,Laurelton,false,0.0479
yellow,139,dropoff,2025,6,670,Queens,Laurelton,false,0.0479
yellow,139,pickup,2024,2,132,Queens,Laurelton,false,0.1126
yellow,139,pickup,2024,3,171,Queens,Laurelton,false,0.1126
yellow,139,pickup,2024,4,177,Queens,Laurelton,false,0.1126
yellow,139,pickup,2024,5,161,Queens,Laurelton,false,0.1126
yellow,139,pickup,2024,6,123,Queens,Laurelton,false,0.1126
yellow,139,pickup,2025,2,140,Queens,Laurelton,false,0.1126
yellow,139,pickup,2025,3,160,Queens,Laurelton,false,0.1126
yellow,139,pickup,2025,4,167,Queens,Laurelton,false,0.1126
yellow,139,pickup,2025,5,162,Queens,Laurelton,false,0.1126
yellow,139,pickup,2025,6,182,Queens,Laurelton,false,0.1126
yellow,140,dropoff,2024,2,57555,Manhattan,Lenox Hill East,false,0.4571
yellow,140,dropoff,2024,3,62791,Manhattan,Lenox Hill East,false,0.4571
yellow,140,dropoff,2024,4,60890,Manhattan,Lenox Hill East,false,0.4571
yellow,140,dropoff,2024,5,65130,Manhattan,Lenox Hill East,false,0.4571
yellow,140,dropoff,2024,6,58764,Manhattan,Lenox Hill East,false,0.4571
yellow,140,dropoff,2025,2,57238,Manhattan,Lenox Hill East,false,0.4571
yellow,140,dropoff,2025,3,63399,Manhattan,Lenox Hill East,false,0.4571
yellow,140,dropoff,2025,4,61477,Manhattan,Lenox Hill East,false,0.4571
yellow,140,dropoff,2025,5,63385,Manhattan,Lenox Hill East,false,0.4571
yellow,140,dropoff,2025,6,58238,Manhattan,Lenox Hill East,false,0.4571
yellow,140,pickup,2024,2,57444,Manhattan,Lenox Hill East,false,0.3799
yellow,140,pickup,2024,3,61409,Manhattan,Lenox Hill East,false,0.3799
yellow,140,pickup,2024,4,60350,Manhattan,Lenox Hill East,false,0.3799
yellow,140,pickup,2024,5,63124,Manhattan,Lenox Hill East,false,0.3799
yellow,140,pickup,2024,6,56444,Manhattan,Lenox Hill East,false,0.3799
yellow,140,pickup,2025,2,57122,Manhattan,Lenox Hill East,false,0.3799
yellow,140,pickup,2025,3,61571,Manhattan,Lenox Hill East,false,0.3799
yellow,140,pickup,2025,4,60459,Manhattan,Lenox Hill East,false,0.3799
yellow,140,pickup,2025,5,62094,Manhattan,Lenox Hill East,false,0.3799
yellow,140,pickup,2025,6,55796,Manhattan,Lenox Hill East,false,0.3799
yellow,141,dropoff,2024,2,76989,Manhattan,Lenox Hill West,false,0.4734
yellow,141,dropoff,2024,3,83023,Manhattan,Lenox Hill West,false,0.4734
yellow,141,dropoff,2024,4,80694,Manhattan,Lenox Hill West,false,0.4734
yellow,141,dropoff,2024,5,84702,Manhattan,Lenox Hill West,false,0.4734
yellow,141,dropoff,2024,6,78003,Manhattan,Lenox Hill West,false,0.4734
yellow,141,dropoff,2025,2,74490,Manhattan,Lenox Hill West,false,0.4734
yellow,141,dropoff,2025,3,83068,Manhattan,Lenox Hill West,false,0.4734
yellow,141,dropoff,2025,4,81261,Manhattan,Lenox Hill West,false,0.4734
yellow,141,dropoff,2025,5,83555,Manhattan,Lenox Hill West,false,0.4734
yellow,141,dropoff,2025,6,75475,Manhattan,Lenox Hill West,false,0.4734
yellow,141,pickup,2024,2,66734,Manhattan,Lenox Hill West,false,0.3959
yellow,141,pickup,2024,3,73074,Manhattan,Lenox Hill West,false,0.3959
yellow,141,pickup,2024,4,69421,Manhattan,Lenox Hill West,false,0.3959
yellow,141,pickup,2024,5,73349,Manhattan,Lenox Hill West,false,0.3959
yellow,141,pickup,2024,6,68038,Manhattan,Lenox Hill West,false,0.3959
yellow,141,pickup,2025,2,63965,Manhattan,Lenox Hill West,false,0.3959
yellow,141,pickup,2025,3,72119,Manhattan,Lenox Hill West,false,0.3959
yellow,141,pickup,2025,4,69751,Manhattan,Lenox Hill West,false,0.3959
yellow,141,pickup,2025,5,72079,Manhattan,Lenox Hill West,false,0.3959
yellow,141,pickup,2025,6,65354,Manhattan,Lenox Hill West,false,0.3959
yellow,142,dropoff,2024,2,79475,Manhattan,Lincoln Square East,false,0.4446
yellow,142,dropoff,2024,3,87470,Manhattan,Lincoln Square East,false,0.4446
yellow,142,dropoff,2024,4,88830,Manhattan,Lincoln Square East,false,0.4446
yellow,142,dropoff,2024,5,94548,Manhattan,Lincoln Square East,false,0.4446
yellow,142,dropoff,2024,6,84354,Manhattan,Lincoln Square East,false,0.4446
yellow,142,dropoff,2025,2,76373,Manhattan,Lincoln Square East,false,0.4446
yellow,142,dropoff,2025,3,86798,Manhattan,Lincoln Square East,false,0.4446
yellow,142,dropoff,2025,4,86731,Manhattan,Lincoln Square East,false,0.4446
yellow,142,dropoff,2025,5,91962,Manhattan,Lincoln Square East,false,0.4446
yellow,142,dropoff,2025,6,78926,Manhattan,Lincoln Square East,false,0.4446
yellow,142,pickup,2024,2,90783,Manhattan,Lincoln Square East,false,0.4354
yellow,142,pickup,2024,3,102715,Manhattan,Lincoln Square East,false,0.4354
yellow,142,pickup,2024,4,104176,Manhattan,Lincoln Square East,false,0.4354
yellow,142,pickup,2024,5,112084,Manhattan,Lincoln Square East,false,0.4354
yellow,142,pickup,2024,6,95260,Manhattan,Lincoln Square East,false,0.4354
yellow,142,pickup,2025,2,87141,Manhattan,Lincoln Square East,false,0.4354
yellow,142,pickup,2025,3,98175,Manhattan,Lincoln Square East,false,0.4354
yellow,142,pickup,2025,4,99053,Manhattan,Lincoln Square East,false,0.4354
yellow,142,pickup,2025,5,107907,Manhattan,Lincoln Square East,false,0.4354
yellow,142,pickup,2025,6,88689,Manhattan,Lincoln Square East,false,0.4354
yellow,143,dropoff,2024,2,43042,Manhattan,Lincoln Square West,false,0.4774
yellow,143,dropoff,2024,3,46484,Manhattan,Lincoln Square West,false,0.4774
yellow,143,dropoff,2024,4,45452,Manhattan,Lincoln Square West,false,0.4774
yellow,143,dropoff,2024,5,47432,Manhattan,Lincoln Square West,false,0.4774
yellow,143,dropoff,2024,6,44576,Manhattan,Lincoln Square West,false,0.4774
yellow,143,dropoff,2025,2,42287,Manhattan,Lincoln Square West,false,0.4774
yellow,143,dropoff,2025,3,46714,Manhattan,Lincoln Square West,false,0.4774
yellow,143,dropoff,2025,4,46122,Manhattan,Lincoln Square West,false,0.4774
yellow,143,dropoff,2025,5,48429,Manhattan,Lincoln Square West,false,0.4774
yellow,143,dropoff,2025,6,41995,Manhattan,Lincoln Square West,false,0.4774
yellow,143,pickup,2024,2,29916,Manhattan,Lincoln Square West,false,0.3988
yellow,143,pickup,2024,3,32437,Manhattan,Lincoln Square West,false,0.3988
yellow,143,pickup,2024,4,32274,Manhattan,Lincoln Square West,false,0.3988
yellow,143,pickup,2024,5,33630,Manhattan,Lincoln Square West,false,0.3988
yellow,143,pickup,2024,6,30736,Manhattan,Lincoln Square West,false,0.3988
yellow,143,pickup,2025,2,27752,Manhattan,Lincoln Square West,false,0.3988
yellow,143,pickup,2025,3,31667,Manhattan,Lincoln Square West,false,0.3988
yellow,143,pickup,2025,4,31091,Manhattan,Lincoln Square West,false,0.3988
yellow,143,pickup,2025,5,33350,Manhattan,Lincoln Square West,false,0.3988
yellow,143,pickup,2025,6,28696,Manhattan,Lincoln Square West,false,0.3988
yellow,144,dropoff,2024,2,25345,Manhattan,Little Italy/NoLiTa,true,1.0
yellow,144,dropoff,2024,3,28463,Manhattan,Little Italy/NoLiTa,true,1.0
yellow,144,dropoff,2024,4,26577,Manhattan,Little Italy/NoLiTa,true,1.0
yellow,144,dropoff,2024,5,29106,Manhattan,Little Italy/NoLiTa,true,1.0
yellow,144,dropoff,2024,6,28624,Manhattan,Little Italy/NoLiTa,true,1.0
yellow,144,dropoff,2025,2,25405,Manhattan,Little Italy/NoLiTa,true,1.0
yellow,144,dropoff,2025,3,29760,Manhattan,Little Italy/NoLiTa,true,1.0
yellow,144,dropoff,2025,4,28857,Manhattan,Little Italy/NoLiTa,true,1.0
yellow,144,dropoff,2025,5,29811,Manhattan,Little Italy/NoLiTa,true,1.0
yellow,144,dropoff,2025,6,27739,Manhattan,Little Italy/NoLiTa,true,1.0
yellow,144,pickup,2024,2,26750,Manhattan,Little Italy/NoLiTa,true,1.0
yellow,144,pickup,2024,3,28710,Manhattan,Little Italy/NoLiTa,true,1.0
yellow,144,pickup,2024,4,26616,Manhattan,Little Italy/NoLiTa,true,1.0
yellow,144,pickup,2024,5,29048,Manhattan,Little Italy/NoLiTa,true,1.0
yellow,144,pickup,2024,6,29708,Manhattan,Little Italy/NoLiTa,true,1.0
yellow,144,pickup,2025,2,26975,Manhattan,Little Italy/NoLiTa,true,1.0
yellow,144,pickup,2025,3,31787,Manhattan,Little Italy/NoLiTa,true,1.0
yellow,144,pickup,2025,4,30211,Manhattan,Little Italy/NoLiTa,true,1.0
yellow,144,pickup,2025,5,31802,Manhattan,Little Italy/NoLiTa,true,1.0
yellow,144,pickup,2025,6,28991,Manhattan,Little Italy/NoLiTa,true,1.0
yellow,145,dropoff,2024,2,5763,Queens,Long Island City/Hunters Point,false,0.4952
yellow,145,dropoff,2024,3,7016,Queens,Long Island City/Hunters Point,false,0.4952
yellow,145,dropoff,2024,4,6545,Queens,Long Island City/Hunters Point,false,0.4952
yellow,145,dropoff,2024,5,7128,Queens,Long Island City/Hunters Point,false,0.4952
yellow,145,dropoff,2024,6,6871,Queens,Long Island City/Hunters Point,false,0.4952
yellow,145,dropoff,2025,2,5706,Queens,Long Island City/Hunters Point,false,0.4952
yellow,145,dropoff,2025,3,7070,Queens,Long Island City/Hunters Point,false,0.4952
yellow,145,dropoff,2025,4,6334,Queens,Long Island City/Hunters Point,false,0.4952
yellow,145,dropoff,2025,5,7092,Queens,Long Island City/Hunters Point,false,0.4952
yellow,145,dropoff,2025,6,6849,Queens,Long Island City/Hunters Point,false,0.4952
yellow,145,pickup,2024,2,1035,Queens,Long Island City/Hunters Point,false,0.2759
yellow,145,pickup,2024,3,1312,Queens,Long Island City/Hunters Point,false,0.2759
yellow,145,pickup,2024,4,1195,Queens,Long Island City/Hunters Point,false,0.2759
yellow,145,pickup,2024,5,1368,Queens,Long Island City/Hunters Point,false,0.2759
yellow,145,pickup,2024,6,1205,Queens,Long Island City/Hunters Point,false,0.2759
yellow,145,pickup,2025,2,1023,Queens,Long Island City/Hunters Point,false,0.2759
yellow,145,pickup,2025,3,1362,Queens,Long Island City/Hunters Point,false,0.2759
yellow,145,pickup,2025,4,1315,Queens,Long Island City/Hunters Point,false,0.2759
yellow,145,pickup,2025,5,1571,Queens,Long Island City/Hunters Point,false,0.2759
yellow,145,pickup,2025,6,1546,Queens,Long Island City/Hunters Point,false,0.2759
yellow,146,dropoff,2024,2,1779,Queens,Long Island City/Queens Plaza,false,0.412
yellow,146,dropoff,2024,3,2186,Queens,Long Island City/Queens Plaza,false,0.412
yellow,146,dropoff,2024,4,2149,Queens,Long Island City/Queens Plaza,false,0.412
yellow,146,dropoff,2024,5,2331,Queens,Long Island City/Queens Plaza,false,0.412
yellow,146,dropoff,2024,6,2275,Queens,Long Island City/Queens Plaza,false,0.412
yellow,146,dropoff,2025,2,1681,Queens,Long Island City/Queens Plaza,false,0.412
yellow,146,dropoff,2025,3,2157,Queens,Long Island City/Queens Plaza,false,0.412
yellow,146,dropoff,2025,4,2095,Queens,Long Island City/Queens Plaza,false,0.412
yellow,146,dropoff,2025,5,2364,Queens,Long Island City/Queens Plaza,false,0.412
yellow,146,dropoff,2025,6,2254,Queens,Long Island City/Queens Plaza,false,0.412
yellow,146,pickup,2024,2,982,Queens,Long Island City/Queens Plaza,false,0.2854
yellow,146,pickup,2024,3,1242,Queens,Long Island City/Queens Plaza,false,0.2854
yellow,146,pickup,2024,4,1078,Queens,Long Island City/Queens Plaza,false,0.2854
yellow,146,pickup,2024,5,1202,Queens,Long Island City/Queens Plaza,false,0.2854
yellow,146,pickup,2024,6,1106,Queens,Long Island City/Queens Plaza,false,0.2854
yellow,146,pickup,2025,2,866,Queens,Long Island City/Queens Plaza,false,0.2854
yellow,146,pickup,2025,3,1162,Queens,Long Island City/Queens Plaza,false,0.2854
yellow,146,pickup,2025,4,1047,Queens,Long Island City/Queens Plaza,false,0.2854
yellow,146,pickup,2025,5,1270,Queens,Long Island City/Queens Plaza,false,0.2854
yellow,146,pickup,2025,6,1133,Queens,Long Island City/Queens Plaza,false,0.2854
yellow,147,dropoff,2024,2,201,Bronx,Longwood,false,0.2589
yellow,147,dropoff,2024,3,235,Bronx,Longwood,false,0.2589
yellow,147,dropoff,2024,4,256,Bronx,Longwood,false,0.2589
yellow,147,dropoff,2024,5,238,Bronx,Longwood,false,0.2589
yellow,147,dropoff,2024,6,244,Bronx,Longwood,false,0.2589
yellow,147,dropoff,2025,2,188,Bronx,Longwood,false,0.2589
yellow,147,dropoff,2025,3,234,Bronx,Longwood,false,0.2589
yellow,147,dropoff,2025,4,241,Bronx,Longwood,false,0.2589
yellow,147,dropoff,2025,5,263,Bronx,Longwood,false,0.2589
yellow,147,dropoff,2025,6,243,Bronx,Longwood,false,0.2589
yellow,147,pickup,2024,2,76,Bronx,Longwood,false,0.1853
yellow,147,pickup,2024,3,93,Bronx,Longwood,false,0.1853
yellow,147,pickup,2024,4,105,Bronx,Longwood,false,0.1853
yellow,147,pickup,2024,5,113,Bronx,Longwood,false,0.1853
yellow,147,pickup,2024,6,104,Bronx,Longwood,false,0.1853
yellow,147,pickup,2025,2,82,Bronx,Longwood,false,0.1853
yellow,147,pickup,2025,3,107,Bronx,Longwood,false,0.1853
yellow,147,pickup,2025,4,101,Bronx,Longwood,false,0.1853
yellow,147,pickup,2025,5,121,Bronx,Longwood,false,0.1853
yellow,147,pickup,2025,6,97,Bronx,Longwood,false,0.1853
yellow,148,dropoff,2024,2,27637,Manhattan,Lower East Side,true,1.0
yellow,148,dropoff,2024,3,30170,Manhattan,Lower East Side,true,1.0
yellow,148,dropoff,2024,4,28179,Manhattan,Lower East Side,true,1.0
yellow,148,dropoff,2024,5,30968,Manhattan,Lower East Side,true,1.0
yellow,148,dropoff,2024,6,31231,Manhattan,Lower East Side,true,1.0
yellow,148,dropoff,2025,2,27041,Manhattan,Lower East Side,true,1.0
yellow,148,dropoff,2025,3,31583,Manhattan,Lower East Side,true,1.0
yellow,148,dropoff,2025,4,29593,Manhattan,Lower East Side,true,1.0
yellow,148,dropoff,2025,5,32989,Manhattan,Lower East Side,true,1.0
yellow,148,dropoff,2025,6,29049,Manhattan,Lower East Side,true,1.0
yellow,148,pickup,2024,2,29613,Manhattan,Lower East Side,true,1.0
yellow,148,pickup,2024,3,31037,Manhattan,Lower East Side,true,1.0
yellow,148,pickup,2024,4,28157,Manhattan,Lower East Side,true,1.0
yellow,148,pickup,2024,5,29672,Manhattan,Lower East Side,true,1.0
yellow,148,pickup,2024,6,32060,Manhattan,Lower East Side,true,1.0
yellow,148,pickup,2025,2,27464,Manhattan,Lower East Side,true,1.0
yellow,148,pickup,2025,3,32549,Manhattan,Lower East Side,true,1.0
yellow,148,pickup,2025,4,29102,Manhattan,Lower East Side,true,1.0
yellow,148,pickup,2025,5,33088,Manhattan,Lower East Side,true,1.0
yellow,148,pickup,2025,6,28955,Manhattan,Lower East Side,true,1.0
yellow,149,dropoff,2024,2,333,Brooklyn,Madison,false,0.2172
yellow,149,dropoff,2024,3,453,Brooklyn,Madison,false,0.2172
yellow,149,dropoff,2024,4,386,Brooklyn,Madison,false,0.2172
yellow,149,dropoff,2024,5,467,Brooklyn,Madison,false,0.2172
yellow,149,dropoff,2024,6,414,Brooklyn,Madison,false,0.2172
yellow,149,dropoff,2025,2,369,Brooklyn,Madison,false,0.2172
yellow,149,dropoff,2025,3,414,Brooklyn,Madison,false,0.2172
yellow,149,dropoff,2025,4,464,Brooklyn,Madison,false,0.2172
yellow,149,dropoff,2025,5,458,Brooklyn,Madison,false,0.2172
yellow,149,dropoff,2025,6,424,Brooklyn,Madison,false,0.2172
yellow,149,pickup,2024,2,107,Brooklyn,Madison,false,0.2198
yellow,149,pickup,2024,3,129,Brooklyn,Madison,false,0.2198
yellow,149,pickup,2024,4,150,Brooklyn,Madison,false,0.2198
yellow,149,pickup,2024,5,145,Brooklyn,Madison,false,0.2198
yellow,149,pickup,2024,6,156,Brooklyn,Madison,false,0.2198
yellow,149,pickup,2025,2,156,Brooklyn,Madison,false,0.2198
yellow,149,pickup,2025,3,168,Brooklyn,Madison,false,0.2198
yellow,149,pickup,2025,4,180,Brooklyn,Madison,false,0.2198
yellow,149,pickup,2025,5,167,Brooklyn,Madison,false,0.2198
yellow,149,pickup,2025,6,189,Brooklyn,Madison,false,0.2198
yellow,150,dropoff,2024,2,205,Brooklyn,Manhattan Beach,false,0.1373
yellow,150,dropoff,2024,3,255,Brooklyn,Manhattan Beach,false,0.1373
yellow,150,dropoff,2024,4,245,Brooklyn,Manhattan Beach,false,0.1373
yellow,150,dropoff,2024,5,264,Brooklyn,Manhattan Beach,false,0.1373
yellow,150,dropoff,2024,6,255,Brooklyn,Manhattan Beach,false,0.1373
yellow,150,dropoff,2025,2,192,Brooklyn,Manhattan Beach,false,0.1373
yellow,150,dropoff,2025,3,268,Brooklyn,Manhattan Beach,false,0.1373
yellow,150,dropoff,2025,4,252,Brooklyn,Manhattan Beach,false,0.1373
yellow,150,dropoff,2025,5,245,Brooklyn,Manhattan Beach,false,0.1373
yellow,150,dropoff,2025,6,267,Brooklyn,Manhattan Beach,false,0.1373
yellow,150,pickup,2024,2,46,Brooklyn,Manhattan Beach,false,0.1355
yellow,150,pickup,2024,3,68,Brooklyn,Manhattan Beach,false,0.1355
yellow,150,pickup,2024,4,99,Brooklyn,Manhattan Beach,false,0.1355
yellow,150,pickup,2024,5,101,Brooklyn,Manhattan Beach,false,0.1355
yellow,150,pickup,2024,6,92,Brooklyn,Manhattan Beach,false,0.1355
yellow,150,pickup,2025,2,66,Brooklyn,Manhattan Beach,false,0.1355
yellow,150,pickup,2025,3,96,Brooklyn,Manhattan Beach,false,0.1355
yellow,150,pickup,2025,4,97,Brooklyn,Manhattan Beach,false,0.1355
yellow,150,pickup,2025,5,96,Brooklyn,Manhattan Beach,false,0.1355
yellow,150,pickup,2025,6,96,Brooklyn,Manhattan Beach,false,0.1355
yellow,151,dropoff,2024,2,24842,Manhattan,Manhattan Valley,false,0.2662
yellow,151,dropoff,2024,3,27944,Manhattan,Manhattan Valley,false,0.2662
yellow,151,dropoff,2024,4,27562,Manhattan,Manhattan Valley,false,0.2662
yellow,151,dropoff,2024,5,28779,Manhattan,Manhattan Valley,false,0.2662
yellow,151,dropoff,2024,6,26479,Manhattan,Manhattan Valley,false,0.2662
yellow,151,dropoff,2025,2,24160,Manhattan,Manhattan Valley,false,0.2662
yellow,151,dropoff,2025,3,27024,Manhattan,Manhattan Valley,false,0.2662
yellow,151,dropoff,2025,4,26532,Manhattan,Manhattan Valley,false,0.2662
yellow,151,dropoff,2025,5,27169,Manhattan,Manhattan Valley,false,0.2662
yellow,151,dropoff,2025,6,24350,Manhattan,Manhattan Valley,false,0.2662
yellow,151,pickup,2024,2,21478,Manhattan,Manhattan Valley,false,0.1791
yellow,151,pickup,2024,3,23321,Manhattan,Manhattan Valley,false,0.1791
yellow,151,pickup,2024,4,24310,Manhattan,Manhattan Valley,false,0.1791
yellow,151,pickup,2024,5,24700,Manhattan,Manhattan Valley,false,0.1791
yellow,151,pickup,2024,6,22950,Manhattan,Manhattan Valley,false,0.1791
yellow,151,pickup,2025,2,20105,Manhattan,Manhattan Valley,false,0.1791
yellow,151,pickup,2025,3,22953,Manhattan,Manhattan Valley,false,0.1791
yellow,151,pickup,2025,4,22387,Manhattan,Manhattan Valley,false,0.1791
yellow,151,pickup,2025,5,22547,Manhattan,Manhattan Valley,false,0.1791
yellow,151,pickup,2025,6,20173,Manhattan,Manhattan Valley,false,0.1791
yellow,152,dropoff,2024,2,3425,Manhattan,Manhattanville,false,0.2678
yellow,152,dropoff,2024,3,3783,Manhattan,Manhattanville,false,0.2678
yellow,152,dropoff,2024,4,3722,Manhattan,Manhattanville,false,0.2678
yellow,152,dropoff,2024,5,3857,Manhattan,Manhattanville,false,0.2678
yellow,152,dropoff,2024,6,3390,Manhattan,Manhattanville,false,0.2678
yellow,152,dropoff,2025,2,2842,Manhattan,Manhattanville,false,0.2678
yellow,152,dropoff,2025,3,3411,Manhattan,Manhattanville,false,0.2678
yellow,152,dropoff,2025,4,3358,Manhattan,Manhattanville,false,0.2678
yellow,152,dropoff,2025,5,3532,Manhattan,Manhattanville,false,0.2678
yellow,152,dropoff,2025,6,2960,Manhattan,Manhattanville,false,0.2678
yellow,152,pickup,2024,2,1442,Manhattan,Manhattanville,false,0.1535
yellow,152,pickup,2024,3,1555,Manhattan,Manhattanville,false,0.1535
yellow,152,pickup,2024,4,1818,Manhattan,Manhattanville,false,0.1535
yellow,152,pickup,2024,5,1812,Manhattan,Manhattanville,false,0.1535
yellow,152,pickup,2024,6,1505,Manhattan,Manhattanville,false,0.1535
yellow,152,pickup,2025,2,1291,Manhattan,Manhattanville,false,0.1535
yellow,152,pickup,2025,3,1539,Manhattan,Manhattanville,false,0.1535
yellow,152,pickup,2025,4,1446,Manhattan,Manhattanville,false,0.1535
yellow,152,pickup,2025,5,1623,Manhattan,Manhattanville,false,0.1535
yellow,152,pickup,2025,6,1299,Manhattan,Manhattanville,false,0.1535
yellow,153,dropoff,2024,2,117,Manhattan,Marble Hill,false,0.243
yellow,153,dropoff,2024,3,111,Manhattan,Marble Hill,false,0.243
yellow,153,dropoff,2024,4,133,Manhattan,Marble Hill,false,0.243
yellow,153,dropoff,2024,5,150,Manhattan,Marble Hill,false,0.243
yellow,153,dropoff,2024,6,98,Manhattan,Marble Hill,false,0.243
yellow,153,dropoff,2025,2,125,Manhattan,Marble Hill,false,0.243
yellow,153,dropoff,2025,3,128,Manhattan,Marble Hill,false,0.243
yellow,153,dropoff,2025,4,158,Manhattan,Marble Hill,false,0.243
yellow,153,dropoff,2025,5,115,Manhattan,Marble Hill,false,0.243
yellow,153,dropoff,2025,6,140,Manhattan,Marble Hill,false,0.243
yellow,153,pickup,2024,2,35,Manhattan,Marble Hill,false,0.185
yellow,153,pickup,2024,3,34,Manhattan,Marble Hill,false,0.185
yellow,153,pickup,2024,4,35,Manhattan,Marble Hill,false,0.185
yellow,153,pickup,2024,5,33,Manhattan,Marble Hill,false,0.185
yellow,153,pickup,2024,6,36,Manhattan,Marble Hill,false,0.185
yellow,153,pickup,2025,2,32,Manhattan,Marble Hill,false,0.185
yellow,153,pickup,2025,3,30,Manhattan,Marble Hill,false,0.185
yellow,153,pickup,2025,4,38,Manhattan,Marble Hill,false,0.185
yellow,153,pickup,2025,5,36,Manhattan,Marble Hill,false,0.185
yellow,153,pickup,2025,6,52,Manhattan,Marble Hill,false,0.185
yellow,154,dropoff,2024,2,244,Brooklyn,Marine Park/Floyd Bennett Field,false,0.0196
yellow,154,dropoff,2024,3,224,Brooklyn,Marine Park/Floyd Bennett Field,false,0.0196
yellow,154,dropoff,2024,4,263,Brooklyn,Marine Park/Floyd Bennett Field,false,0.0196
yellow,154,dropoff,2024,5,201,Brooklyn,Marine Park/Floyd Bennett Field,false,0.0196
yellow,154,dropoff,2024,6,141,Brooklyn,Marine Park/Floyd Bennett Field,false,0.0196
yellow,154,dropoff,2025,2,238,Brooklyn,Marine Park/Floyd Bennett Field,false,0.0196
yellow,154,dropoff,2025,3,277,Brooklyn,Marine Park/Floyd Bennett Field,false,0.0196
yellow,154,dropoff,2025,4,262,Brooklyn,Marine Park/Floyd Bennett Field,false,0.0196
yellow,154,dropoff,2025,5,291,Brooklyn,Marine Park/Floyd Bennett Field,false,0.0196
yellow,154,dropoff,2025,6,258,Brooklyn,Marine Park/Floyd Bennett Field,false,0.0196
yellow,154,pickup,2024,2,41,Brooklyn,Marine Park/Floyd Bennett Field,false,0.0449
yellow,154,pickup,2024,3,44,Brooklyn,Marine Park/Floyd Bennett Field,false,0.0449
yellow,154,pickup,2024,4,31,Brooklyn,Marine Park/Floyd Bennett Field,false,0.0449
yellow,154,pickup,2024,5,32,Brooklyn,Marine Park/Floyd Bennett Field,false,0.0449
yellow,154,pickup,2024,6,30,Brooklyn,Marine Park/Floyd Bennett Field,false,0.0449
yellow,154,pickup,2025,2,27,Brooklyn,Marine Park/Floyd Bennett Field,false,0.0449
yellow,154,pickup,2025,3,29,Brooklyn,Marine Park/Floyd Bennett Field,false,0.0449
yellow,154,pickup,2025,4,31,Brooklyn,Marine Park/Floyd Bennett Field,false,0.0449
yellow,154,pickup,2025,5,33,Brooklyn,Marine Park/Floyd Bennett Field,false,0.0449
yellow,154,pickup,2025,6,25,Brooklyn,Marine Park/Floyd Bennett Field,false,0.0449
yellow,155,dropoff,2024,2,640,Brooklyn,Marine Park/Mill Basin,false,0.1191
yellow,155,dropoff,2024,3,698,Brooklyn,Marine Park/Mill Basin,false,0.1191
yellow,155,dropoff,2024,4,748,Brooklyn,Marine Park/Mill Basin,false,0.1191
yellow,155,dropoff,2024,5,772,Brooklyn,Marine Park/Mill Basin,false,0.1191
yellow,155,dropoff,2024,6,693,Brooklyn,Marine Park/Mill Basin,false,0.1191
yellow,155,dropoff,2025,2,734,Brooklyn,Marine Park/Mill Basin,false,0.1191
yellow,155,dropoff,2025,3,802,Brooklyn,Marine Park/Mill Basin,false,0.1191
yellow,155,dropoff,2025,4,806,Brooklyn,Marine Park/Mill Basin,false,0.1191
yellow,155,dropoff,2025,5,913,Brooklyn,Marine Park/Mill Basin,false,0.1191
yellow,155,dropoff,2025,6,856,Brooklyn,Marine Park/Mill Basin,false,0.1191
yellow,155,pickup,2024,2,194,Brooklyn,Marine Park/Mill Basin,false,0.1652
yellow,155,pickup,2024,3,243,Brooklyn,Marine Park/Mill Basin,false,0.1652
yellow,155,pickup,2024,4,241,Brooklyn,Marine Park/Mill Basin,false,0.1652
yellow,155,pickup,2024,5,254,Brooklyn,Marine Park/Mill Basin,false,0.1652
yellow,155,pickup,2024,6,242,Brooklyn,Marine Park/Mill Basin,false,0.1652
yellow,155,pickup,2025,2,292,Brooklyn,Marine Park/Mill Basin,false,0.1652
yellow,155,pickup,2025,3,342,Brooklyn,Marine Park/Mill Basin,false,0.1652
yellow,155,pickup,2025,4,302,Brooklyn,Marine Park/Mill Basin,false,0.1652
yellow,155,pickup,2025,5,333,Brooklyn,Marine Park/Mill Basin,false,0.1652
yellow,155,pickup,2025,6,313,Brooklyn,Marine Park/Mill Basin,false,0.1652
yellow,156,dropoff,2024,2,24,Staten Island,Mariners Harbor,false,0.5425
yellow,156,dropoff,2024,3,32,Staten Island,Mariners Harbor,false,0.5425
yellow,156,dropoff,2024,4,32,Staten Island,Mariners Harbor,false,0.5425
yellow,156,dropoff,2024,5,34,Staten Island,Mariners Harbor,false,0.5425
yellow,156,dropoff,2024,6,31,Staten Island,Mariners Harbor,false,0.5425
yellow,156,dropoff,2025,2,34,Staten Island,Mariners Harbor,false,0.5425
yellow,156,dropoff,2025,3,31,Staten Island,Mariners Harbor,false,0.5425
yellow,156,dropoff,2025,4,22,Staten Island,Mariners Harbor,false,0.5425
yellow,156,dropoff,2025,5,49,Staten Island,Mariners Harbor,false,0.5425
yellow,156,dropoff,2025,6,28,Staten Island,Mariners Harbor,false,0.5425
yellow,156,pickup,2024,4,2,Staten Island,Mariners Harbor,false,0.0
yellow,156,pickup,2024,5,1,Staten Island,Mariners Harbor,false,0.0
yellow,156,pickup,2025,3,1,Staten Island,Mariners Harbor,false,0.0
yellow,156,pickup,2025,4,1,Staten Island,Mariners Harbor,false,0.0
yellow,157,dropoff,2024,2,846,Queens,Maspeth,false,0.2918
yellow,157,dropoff,2024,3,924,Queens,Maspeth,false,0.2918
yellow,157,dropoff,2024,4,838,Queens,Maspeth,false,0.2918
yellow,157,dropoff,2024,5,908,Queens,Maspeth,false,0.2918
yellow,157,dropoff,2024,6,932,Queens,Maspeth,false,0.2918
yellow,157,dropoff,2025,2,963,Queens,Maspeth,false,0.2918
yellow,157,dropoff,2025,3,1075,Queens,Maspeth,false,0.2918
yellow,157,dropoff,2025,4,937,Queens,Maspeth,false,0.2918
yellow,157,dropoff,2025,5,1062,Queens,Maspeth,false,0.2918
yellow,157,dropoff,2025,6,1002,Queens,Maspeth,false,0.2918
yellow,157,pickup,2024,2,299,Queens,Maspeth,false,0.393
yellow,157,pickup,2024,3,275,Queens,Maspeth,false,0.393
yellow,157,pickup,2024,4,252,Queens,Maspeth,false,0.393
yellow,157,pickup,2024,5,245,Queens,Maspeth,false,0.393
yellow,157,pickup,2024,6,280,Queens,Maspeth,false,0.393
yellow,157,pickup,2025,2,325,Queens,Maspeth,false,0.393
yellow,157,pickup,2025,3,516,Queens,Maspeth,false,0.393
yellow,157,pickup,2025,4,373,Queens,Maspeth,false,0.393
yellow,157,pickup,2025,5,525,Queens,Maspeth,false,0.393
yellow,157,pickup,2025,6,509,Queens,Maspeth,false,0.393
yellow,158,dropoff,2024,2,26304,Manhattan,Meatpacking/West Village West,true,1.0
yellow,158,dropoff,2024,3,30048,Manhattan,Meatpacking/West Village West,true,1.0
yellow,158,dropoff,2024,4,30848,Manhattan,Meatpacking/West Village West,true,1.0
yellow,158,dropoff,2024,5,33241,Manhattan,Meatpacking/West Village West,true,1.0
yellow,158,dropoff,2024,6,32434,Manhattan,Meatpacking/West Village West,true,1.0
yellow,158,dropoff,2025,2,26916,Manhattan,Meatpacking/West Village West,true,1.0
yellow,158,dropoff,2025,3,31746,Manhattan,Meatpacking/West Village West,true,1.0
yellow,158,dropoff,2025,4,33306,Manhattan,Meatpacking/West Village West,true,1.0
yellow,158,dropoff,2025,5,35601,Manhattan,Meatpacking/West Village West,true,1.0
yellow,158,dropoff,2025,6,32012,Manhattan,Meatpacking/West Village West,true,1.0
yellow,158,pickup,2024,2,23813,Manhattan,Meatpacking/West Village West,true,1.0
yellow,158,pickup,2024,3,27371,Manhattan,Meatpacking/West Village West,true,1.0
yellow,158,pickup,2024,4,27505,Manhattan,Meatpacking/West Village West,true,1.0
yellow,158,pickup,2024,5,30157,Manhattan,Meatpacking/West Village West,true,1.0
yellow,158,pickup,2024,6,30845,Manhattan,Meatpacking/West Village West,true,1.0
yellow,158,pickup,2025,2,22879,Manhattan,Meatpacking/West Village West,true,1.0
yellow,158,pickup,2025,3,27903,Manhattan,Meatpacking/West Village West,true,1.0
yellow,158,pickup,2025,4,29386,Manhattan,Meatpacking/West Village West,true,1.0
yellow,158,pickup,2025,5,31077,Manhattan,Meatpacking/West Village West,true,1.0
yellow,158,pickup,2025,6,27610,Manhattan,Meatpacking/West Village West,true,1.0
yellow,159,dropoff,2024,2,586,Bronx,Melrose South,false,0.2602
yellow,159,dropoff,2024,3,655,Bronx,Melrose South,false,0.2602
yellow,159,dropoff,2024,4,649,Bronx,Melrose South,false,0.2602
yellow,159,dropoff,2024,5,705,Bronx,Melrose South,false,0.2602
yellow,159,dropoff,2024,6,641,Bronx,Melrose South,false,0.2602
yellow,159,dropoff,2025,2,542,Bronx,Melrose South,false,0.2602
yellow,159,dropoff,2025,3,646,Bronx,Melrose South,false,0.2602
yellow,159,dropoff,2025,4,653,Bronx,Melrose South,false,0.2602
yellow,159,dropoff,2025,5,647,Bronx,Melrose South,false,0.2602
yellow,159,dropoff,2025,6,634,Bronx,Melrose South,false,0.2602
yellow,159,pickup,2024,2,225,Bronx,Melrose South,false,0.1421
yellow,159,pickup,2024,3,277,Bronx,Melrose South,false,0.1421
yellow,159,pickup,2024,4,261,Bronx,Melrose South,false,0.1421
yellow,159,pickup,2024,5,263,Bronx,Melrose South,false,0.1421
yellow,159,pickup,2024,6,234,Bronx,Melrose South,false,0.1421
yellow,159,pickup,2025,2,264,Bronx,Melrose South,false,0.1421
yellow,159,pickup,2025,3,304,Bronx,Melrose South,false,0.1421
yellow,159,pickup,2025,4,292,Bronx,Melrose South,false,0.1421
yellow,159,pickup,2025,5,303,Bronx,Melrose South,false,0.1421
yellow,159,pickup,2025,6,312,Bronx,Melrose South,false,0.1421
yellow,160,dropoff,2024,2,810,Queens,Middle Village,false,0.3271
yellow,160,dropoff,2024,3,863,Queens,Middle Village,false,0.3271
yellow,160,dropoff,2024,4,898,Queens,Middle Village,false,0.3271
yellow,160,dropoff,2024,5,943,Queens,Middle Village,false,0.3271
yellow,160,dropoff,2024,6,818,Queens,Middle Village,false,0.3271
yellow,160,dropoff,2025,2,656,Queens,Middle Village,false,0.3271
yellow,160,dropoff,2025,3,814,Queens,Middle Village,false,0.3271
yellow,160,dropoff,2025,4,818,Queens,Middle Village,false,0.3271
yellow,160,dropoff,2025,5,899,Queens,Middle Village,false,0.3271
yellow,160,dropoff,2025,6,793,Queens,Middle Village,false,0.3271
yellow,160,pickup,2024,2,75,Queens,Middle Village,false,0.1581
yellow,160,pickup,2024,3,95,Queens,Middle Village,false,0.1581
yellow,160,pickup,2024,4,111,Queens,Middle Village,false,0.1581
yellow,160,pickup,2024,5,116,Queens,Middle Village,false,0.1581
yellow,160,pickup,2024,6,90,Queens,Middle Village,false,0.1581
yellow,160,pickup,2025,2,89,Queens,Middle Village,false,0.1581
yellow,160,pickup,2025,3,118,Queens,Middle Village,false,0.1581
yellow,160,pickup,2025,4,127,Queens,Middle Village,false,0.1581
yellow,160,pickup,2025,5,125,Queens,Middle Village,false,0.1581
yellow,160,pickup,2025,6,122,Queens,Middle Village,false,0.1581
yellow,161,dropoff,2024,2,104789,Manhattan,Midtown Center,true,1.0
yellow,161,dropoff,2024,3,115940,Manhattan,Midtown Center,true,1.0
yellow,161,dropoff,2024,4,115416,Manhattan,Midtown Center,true,1.0
yellow,161,dropoff,2024,5,125154,Manhattan,Midtown Center,true,1.0
yellow,161,dropoff,2024,6,115527,Manhattan,Midtown Center,true,1.0
yellow,161,dropoff,2025,2,100714,Manhattan,Midtown Center,true,1.0
yellow,161,dropoff,2025,3,117533,Manhattan,Midtown Center,true,1.0
yellow,161,dropoff,2025,4,123582,Manhattan,Midtown Center,true,1.0
yellow,161,dropoff,2025,5,122113,Manhattan,Midtown Center,true,1.0
yellow,161,dropoff,2025,6,113442,Manhattan,Midtown Center,true,1.0
yellow,161,pickup,2024,2,137583,Manhattan,Midtown Center,true,1.0
yellow,161,pickup,2024,3,146871,Manhattan,Midtown Center,true,1.0
yellow,161,pickup,2024,4,147478,Manhattan,Midtown Center,true,1.0
yellow,161,pickup,2024,5,158910,Manhattan,Midtown Center,true,1.0
yellow,161,pickup,2024,6,146100,Manhattan,Midtown Center,true,1.0
yellow,161,pickup,2025,2,135237,Manhattan,Midtown Center,true,1.0
yellow,161,pickup,2025,3,153866,Manhattan,Midtown Center,true,1.0
yellow,161,pickup,2025,4,159600,Manhattan,Midtown Center,true,1.0
yellow,161,pickup,2025,5,152670,Manhattan,Midtown Center,true,1.0
yellow,161,pickup,2025,6,141891,Manhattan,Midtown Center,true,1.0
yellow,162,dropoff,2024,2,77511,Manhattan,Midtown East,true,1.0
yellow,162,dropoff,2024,3,89647,Manhattan,Midtown East,true,1.0
yellow,162,dropoff,2024,4,85674,Manhattan,Midtown East,true,1.0
yellow,162,dropoff,2024,5,94142,Manhattan,Midtown East,true,1.0
yellow,162,dropoff,2024,6,91449,Manhattan,Midtown East,true,1.0
yellow,162,dropoff,2025,2,73450,Manhattan,Midtown East,true,1.0
yellow,162,dropoff,2025,3,87727,Manhattan,Midtown East,true,1.0
yellow,162,dropoff,2025,4,87809,Manhattan,Midtown East,true,1.0
yellow,162,dropoff,2025,5,89489,Manhattan,Midtown East,true,1.0
yellow,162,dropoff,2025,6,85357,Manhattan,Midtown East,true,1.0
yellow,162,pickup,2024,2,99918,Manhattan,Midtown East,true,1.0
yellow,162,pickup,2024,3,113201,Manhattan,Midtown East,true,1.0
yellow,162,pickup,2024,4,109526,Manhattan,Midtown East,true,1.0
yellow,162,pickup,2024,5,116340,Manhattan,Midtown East,true,1.0
yellow,162,pickup,2024,6,110726,Manhattan,Midtown East,true,1.0
yellow,162,pickup,2025,2,98551,Manhattan,Midtown East,true,1.0
yellow,162,pickup,2025,3,111963,Manhattan,Midtown East,true,1.0
yellow,162,pickup,2025,4,110881,Manhattan,Midtown East,true,1.0
yellow,162,pickup,2025,5,111842,Manhattan,Midtown East,true,1.0
yellow,162,pickup,2025,6,106311,Manhattan,Midtown East,true,1.0
yellow,163,dropoff,2024,2,69485,Manhattan,Midtown North,true,1.0
yellow,163,dropoff,2024,3,77345,Manhattan,Midtown North,true,1.0
yellow,163,dropoff,2024,4,76393,Manhattan,Midtown North,true,1.0
yellow,163,dropoff,2024,5,81603,Manhattan,Midtown North,true,1.0
yellow,163,dropoff,2024,6,76812,Manhattan,Midtown North,true,1.0
yellow,163,dropoff,2025,2,67645,Manhattan,Midtown North,true,1.0
yellow,163,dropoff,2025,3,79296,Manhattan,Midtown North,true,1.0
yellow,163,dropoff,2025,4,81019,Manhattan,Midtown North,true,1.0
yellow,163,dropoff,2025,5,82244,Manhattan,Midtown North,true,1.0
yellow,163,dropoff,2025,6,74173,Manhattan,Midtown North,true,1.0
yellow,163,pickup,2024,2,83487,Manhattan,Midtown North,true,1.0
yellow,163,pickup,2024,3,91228,Manhattan,Midtown North,true,1.0
yellow,163,pickup,2024,4,90483,Manhattan,Midtown North,true,1.0
yellow,163,pickup,2024,5,96921,Manhattan,Midtown North,true,1.0
yellow,163,pickup,2024,6,88936,Manhattan,Midtown North,true,1.0
yellow,163,pickup,2025,2,80066,Manhattan,Midtown North,true,1.0
yellow,163,pickup,2025,3,91318,Manhattan,Midtown North,true,1.0
yellow,163,pickup,2025,4,92168,Manhattan,Midtown North,true,1.0
yellow,163,pickup,2025,5,94490,Manhattan,Midtown North,true,1.0
yellow,163,pickup,2025,6,83694,Manhattan,Midtown North,true,1.0
yellow,164,dropoff,2024,2,57079,Manhattan,Midtown South,true,1.0
yellow,164,dropoff,2024,3,66191,Manhattan,Midtown South,true,1.0
yellow,164,dropoff,2024,4,64204,Manhattan,Midtown South,true,1.0
yellow,164,dropoff,2024,5,69234,Manhattan,Midtown South,true,1.0
yellow,164,dropoff,2024,6,65969,Manhattan,Midtown South,true,1.0
yellow,164,dropoff,2025,2,55018,Manhattan,Midtown South,true,1.0
yellow,164,dropoff,2025,3,64886,Manhattan,Midtown South,true,1.0
yellow,164,dropoff,2025,4,63270,Manhattan,Midtown South,true,1.0
yellow,164,dropoff,2025,5,66806,Manhattan,Midtown South,true,1.0
yellow,164,dropoff,2025,6,61475,Manhattan,Midtown South,true,1.0
yellow,164,pickup,2024,2,61661,Manhattan,Midtown South,true,1.0
yellow,164,pickup,2024,3,70535,Manhattan,Midtown South,true,1.0
yellow,164,pickup,2024,4,67573,Manhattan,Midtown South,true,1.0
yellow,164,pickup,2024,5,73160,Manhattan,Midtown South,true,1.0
yellow,164,pickup,2024,6,68821,Manhattan,Midtown South,true,1.0
yellow,164,pickup,2025,2,58382,Manhattan,Midtown South,true,1.0
yellow,164,pickup,2025,3,69290,Manhattan,Midtown South,true,1.0
yellow,164,pickup,2025,4,66447,Manhattan,Midtown South,true,1.0
yellow,164,pickup,2025,5,68574,Manhattan,Midtown South,true,1.0
yellow,164,pickup,2025,6,63284,Manhattan,Midtown South,true,1.0
yellow,165,dropoff,2024,2,764,Brooklyn,Midwood,false,0.2079
yellow,165,dropoff,2024,3,789,Brooklyn,Midwood,false,0.2079
yellow,165,dropoff,2024,4,692,Brooklyn,Midwood,false,0.2079
yellow,165,dropoff,2024,5,976,Brooklyn,Midwood,false,0.2079
yellow,165,dropoff,2024,6,761,Brooklyn,Midwood,false,0.2079
yellow,165,dropoff,2025,2,763,Brooklyn,Midwood,false,0.2079
yellow,165,dropoff,2025,3,865,Brooklyn,Midwood,false,0.2079
yellow,165,dropoff,2025,4,850,Brooklyn,Midwood,false,0.2079
yellow,165,dropoff,2025,5,845,Brooklyn,Midwood,false,0.2079
yellow,165,dropoff,2025,6,804,Brooklyn,Midwood,false,0.2079
yellow,165,pickup,2024,2,229,Brooklyn,Midwood,false,0.1089
yellow,165,pickup,2024,3,302,Brooklyn,Midwood,false,0.1089
yellow,165,pickup,2024,4,302,Brooklyn,Midwood,false,0.1089
yellow,165,pickup,2024,5,337,Brooklyn,Midwood,false,0.1089
yellow,165,pickup,2024,6,281,Brooklyn,Midwood,false,0.1089
yellow,165,pickup,2025,2,271,Brooklyn,Midwood,false,0.1089
yellow,165,pickup,2025,3,313,Brooklyn,Midwood,false,0.1089
yellow,165,pickup,2025,4,285,Brooklyn,Midwood,false,0.1089
yellow,165,pickup,2025,5,330,Brooklyn,Midwood,false,0.1089
yellow,165,pickup,2025,6,383,Brooklyn,Midwood,false,0.1089
yellow,166,dropoff,2024,2,19227,Manhattan,Morningside Heights,false,0.2268
yellow,166,dropoff,2024,3,21792,Manhattan,Morningside Heights,false,0.2268
yellow,166,dropoff,2024,4,21856,Manhattan,Morningside Heights,false,0.2268
yellow,166,dropoff,2024,5,21210,Manhattan,Morningside Heights,false,0.2268
yellow,166,dropoff,2024,6,18624,Manhattan,Morningside Heights,false,0.2268
yellow,166,dropoff,2025,2,18958,Manhattan,Morningside Heights,false,0.2268
yellow,166,dropoff,2025,3,21057,Manhattan,Morningside Heights,false,0.2268
yellow,166,dropoff,2025,4,21164,Manhattan,Morningside Heights,false,0.2268
yellow,166,dropoff,2025,5,21724,Manhattan,Morningside Heights,false,0.2268
yellow,166,dropoff,2025,6,16856,Manhattan,Morningside Heights,false,0.2268
yellow,166,pickup,2024,2,12616,Manhattan,Morningside Heights,false,0.1536
yellow,166,pickup,2024,3,13071,Manhattan,Morningside Heights,false,0.1536
yellow,166,pickup,2024,4,15244,Manhattan,Morningside Heights,false,0.1536
yellow,166,pickup,2024,5,13803,Manhattan,Morningside Heights,false,0.1536
yellow,166,pickup,2024,6,11437,Manhattan,Morningside Heights,false,0.1536
yellow,166,pickup,2025,2,12174,Manhattan,Morningside Heights,false,0.1536
yellow,166,pickup,2025,3,13672,Manhattan,Morningside Heights,false,0.1536
yellow,166,pickup,2025,4,13602,Manhattan,Morningside Heights,false,0.1536
yellow,166,pickup,2025,5,13903,Manhattan,Morningside Heights,false,0.1536
yellow,166,pickup,2025,6,10152,Manhattan,Morningside Heights,false,0.1536
yellow,167,dropoff,2024,2,317,Bronx,Morrisania/Melrose,false,0.2181
yellow,167,dropoff,2024,3,421,Bronx,Morrisania/Melrose,false,0.2181
yellow,167,dropoff,2024,4,367,Bronx,Morrisania/Melrose,false,0.2181
yellow,167,dropoff,2024,5,395,Bronx,Morrisania/Melrose,false,0.2181
yellow,167,dropoff,2024,6,412,Bronx,Morrisania/Melrose,false,0.2181
yellow,167,dropoff,2025,2,315,Bronx,Morrisania/Melrose,false,0.2181
yellow,167,dropoff,2025,3,441,Bronx,Morrisania/Melrose,false,0.2181
yellow,167,dropoff,2025,4,412,Bronx,Morrisania/Melrose,false,0.2181
yellow,167,dropoff,2025,5,438,Bronx,Morrisania/Melrose,false,0.2181
yellow,167,dropoff,2025,6,387,Bronx,Morrisania/Melrose,false,0.2181
yellow,167,pickup,2024,2,187,Bronx,Morrisania/Melrose,false,0.2575
yellow,167,pickup,2024,3,215,Bronx,Morrisania/Melrose,false,0.2575
yellow,167,pickup,2024,4,234,Bronx,Morrisania/Melrose,false,0.2575
yellow,167,pickup,2024,5,195,Bronx,Morrisania/Melrose,false,0.2575
yellow,167,pickup,2024,6,202,Bronx,Morrisania/Melrose,false,0.2575
yellow,167,pickup,2025,2,196,Bronx,Morrisania/Melrose,false,0.2575
yellow,167,pickup,2025,3,257,Bronx,Morrisania/Melrose,false,0.2575
yellow,167,pickup,2025,4,308,Bronx,Morrisania/Melrose,false,0.2575
yellow,167,pickup,2025,5,281,Bronx,Morrisania/Melrose,false,0.2575
yellow,167,pickup,2025,6,243,Bronx,Morrisania/Melrose,false,0.2575
yellow,168,dropoff,2024,2,1283,Bronx,Mott Haven/Port Morris,false,0.2909
yellow,168,dropoff,2024,3,1536,Bronx,Mott Haven/Port Morris,false,0.2909
yellow,168,dropoff,2024,4,1442,Bronx,Mott Haven/Port Morris,false,0.2909
yellow,168,dropoff,2024,5,1561,Bronx,Mott Haven/Port Morris,false,0.2909
yellow,168,dropoff,2024,6,1568,Bronx,Mott Haven/Port Morris,false,0.2909
yellow,168,dropoff,2025,2,1224,Bronx,Mott Haven/Port Morris,false,0.2909
yellow,168,dropoff,2025,3,1555,Bronx,Mott Haven/Port Morris,false,0.2909
yellow,168,dropoff,2025,4,1472,Bronx,Mott Haven/Port Morris,false,0.2909
yellow,168,dropoff,2025,5,1605,Bronx,Mott Haven/Port Morris,false,0.2909
yellow,168,dropoff,2025,6,1538,Bronx,Mott Haven/Port Morris,false,0.2909
yellow,168,pickup,2024,2,271,Bronx,Mott Haven/Port Morris,false,0.1823
yellow,168,pickup,2024,3,362,Bronx,Mott Haven/Port Morris,false,0.1823
yellow,168,pickup,2024,4,398,Bronx,Mott Haven/Port Morris,false,0.1823
yellow,168,pickup,2024,5,360,Bronx,Mott Haven/Port Morris,false,0.1823
yellow,168,pickup,2024,6,375,Bronx,Mott Haven/Port Morris,false,0.1823
yellow,168,pickup,2025,2,314,Bronx,Mott Haven/Port Morris,false,0.1823
yellow,168,pickup,2025,3,383,Bronx,Mott Haven/Port Morris,false,0.1823
yellow,168,pickup,2025,4,447,Bronx,Mott Haven/Port Morris,false,0.1823
yellow,168,pickup,2025,5,426,Bronx,Mott Haven/Port Morris,false,0.1823
yellow,168,pickup,2025,6,457,Bronx,Mott Haven/Port Morris,false,0.1823
yellow,169,dropoff,2024,2,379,Bronx,Mount Hope,false,0.2341
yellow,169,dropoff,2024,3,476,Bronx,Mount Hope,false,0.2341
yellow,169,dropoff,2024,4,453,Bronx,Mount Hope,false,0.2341
yellow,169,dropoff,2024,5,398,Bronx,Mount Hope,false,0.2341
yellow,169,dropoff,2024,6,430,Bronx,Mount Hope,false,0.2341
yellow,169,dropoff,2025,2,365,Bronx,Mount Hope,false,0.2341
yellow,169,dropoff,2025,3,394,Bronx,Mount Hope,false,0.2341
yellow,169,dropoff,2025,4,407,Bronx,Mount Hope,false,0.2341
yellow,169,dropoff,2025,5,419,Bronx,Mount Hope,false,0.2341
yellow,169,dropoff,2025,6,414,Bronx,Mount Hope,false,0.2341
yellow,169,pickup,2024,2,159,Bronx,Mount Hope,false,0.2517
yellow,169,pickup,2024,3,183,Bronx,Mount Hope,false,0.2517
yellow,169,pickup,2024,4,168,Bronx,Mount Hope,false,0.2517
yellow,169,pickup,2024,5,196,Bronx,Mount Hope,false,0.2517
yellow,169,pickup,2024,6,164,Bronx,Mount Hope,false,0.2517
yellow,169,pickup,2025,2,190,Bronx,Mount Hope,false,0.2517
yellow,169,pickup,2025,3,217,Bronx,Mount Hope,false,0.2517
yellow,169,pickup,2025,4,216,Bronx,Mount Hope,false,0.2517
yellow,169,pickup,2025,5,233,Bronx,Mount Hope,false,0.2517
yellow,169,pickup,2025,6,218,Bronx,Mount Hope,false,0.2517
yellow,170,dropoff,2024,2,82456,Manhattan,Murray Hill,true,1.0
yellow,170,dropoff,2024,3,92686,Manhattan,Murray Hill,true,1.0
yellow,170,dropoff,2024,4,89296,Manhattan,Murray Hill,true,1.0
yellow,170,dropoff,2024,5,95060,Manhattan,Murray Hill,true,1.0
yellow,170,dropoff,2024,6,92598,Manhattan,Murray Hill,true,1.0
yellow,170,dropoff,2025,2,78788,Manhattan,Murray Hill,true,1.0
yellow,170,dropoff,2025,3,91654,Manhattan,Murray Hill,true,1.0
yellow,170,dropoff,2025,4,89384,Manhattan,Murray Hill,true,1.0
yellow,170,dropoff,2025,5,91037,Manhattan,Murray Hill,true,1.0
yellow,170,dropoff,2025,6,84990,Manhattan,Murray Hill,true,1.0
yellow,170,pickup,2024,2,78993,Manhattan,Murray Hill,true,1.0
yellow,170,pickup,2024,3,90306,Manhattan,Murray Hill,true,1.0
yellow,170,pickup,2024,4,87557,Manhattan,Murray Hill,true,1.0
yellow,170,pickup,2024,5,94259,Manhattan,Murray Hill,true,1.0
yellow,170,pickup,2024,6,91570,Manhattan,Murray Hill,true,1.0
yellow,170,pickup,2025,2,75636,Manhattan,Murray Hill,true,1.0
yellow,170,pickup,2025,3,88169,Manhattan,Murray Hill,true,1.0
yellow,170,pickup,2025,4,87090,Manhattan,Murray Hill,true,1.0
yellow,170,pickup,2025,5,89689,Manhattan,Murray Hill,true,1.0
yellow,170,pickup,2025,6,86026,Manhattan,Murray Hill,true,1.0
yellow,171,dropoff,2024,2,448,Queens,Murray Hill-Queens,false,0.1475
yellow,171,dropoff,2024,3,494,Queens,Murray Hill-Queens,false,0.1475
yellow,171,dropoff,2024,4,470,Queens,Murray Hill-Queens,false,0.1475
yellow,171,dropoff,2024,5,521,Queens,Murray Hill-Queens,false,0.1475
yellow,171,dropoff,2024,6,454,Queens,Murray Hill-Queens,false,0.1475
yellow,171,dropoff,2025,2,324,Queens,Murray Hill-Queens,false,0.1475
yellow,171,dropoff,2025,3,411,Queens,Murray Hill-Queens,false,0.1475
yellow,171,dropoff,2025,4,428,Queens,Murray Hill-Queens,false,0.1475
yellow,171,dropoff,2025,5,469,Queens,Murray Hill-Queens,false,0.1475
yellow,171,dropoff,2025,6,401,Queens,Murray Hill-Queens,false,0.1475
yellow,171,pickup,2024,2,53,Queens,Murray Hill-Queens,false,0.2068
yellow,171,pickup,2024,3,71,Queens,Murray Hill-Queens,false,0.2068
yellow,171,pickup,2024,4,50,Queens,Murray Hill-Queens,false,0.2068
yellow,171,pickup,2024,5,65,Queens,Murray Hill-Queens,false,0.2068
yellow,171,pickup,2024,6,56,Queens,Murray Hill-Queens,false,0.2068
yellow,171,pickup,2025,2,58,Queens,Murray Hill-Queens,false,0.2068
yellow,171,pickup,2025,3,71,Queens,Murray Hill-Queens,false,0.2068
yellow,171,pickup,2025,4,72,Queens,Murray Hill-Queens,false,0.2068
yellow,171,pickup,2025,5,71,Queens,Murray Hill-Queens,false,0.2068
yellow,171,pickup,2025,6,59,Queens,Murray Hill-Queens,false,0.2068
yellow,172,dropoff,2024,2,28,Staten Island,New Dorp/Midland Beach,false,0.3542
yellow,172,dropoff,2024,3,25,Staten Island,New Dorp/Midland Beach,false,0.3542
yellow,172,dropoff,2024,4,30,Staten Island,New Dorp/Midland Beach,false,0.3542
yellow,172,dropoff,2024,5,32,Staten Island,New Dorp/Midland Beach,false,0.3542
yellow,172,dropoff,2024,6,29,Staten Island,New Dorp/Midland Beach,false,0.3542
yellow,172,dropoff,2025,2,27,Staten Island,New Dorp/Midland Beach,false,0.3542
yellow,172,dropoff,2025,3,45,Staten Island,New Dorp/Midland Beach,false,0.3542
yellow,172,dropoff,2025,4,52,Staten Island,New Dorp/Midland Beach,false,0.3542
yellow,172,dropoff,2025,5,66,Staten Island,New Dorp/Midland Beach,false,0.3542
yellow,172,dropoff,2025,6,47,Staten Island,New Dorp/Midland Beach,false,0.3542
yellow,172,pickup,2024,3,2,Staten Island,New Dorp/Midland Beach,false,0.1667
yellow,172,pickup,2024,5,1,Staten Island,New Dorp/Midland Beach,false,0.1667
yellow,172,pickup,2024,6,3,Staten Island,New Dorp/Midland Beach,false,0.1667
yellow,172,pickup,2025,2,1,Staten Island,New Dorp/Midland Beach,false,0.1667
yellow,172,pickup,2025,3,2,Staten Island,New Dorp/Midland Beach,false,0.1667
yellow,172,pickup,2025,5,1,Staten Island,New Dorp/Midland Beach,false,0.1667
yellow,172,pickup,2025,6,1,Staten Island,New Dorp/Midland Beach,false,0.1667
yellow,173,dropoff,2024,2,405,Queens,North Corona,false,0.244
yellow,173,dropoff,2024,3,497,Queens,North Corona,false,0.244
yellow,173,dropoff,2024,4,476,Queens,North Corona,false,0.244
yellow,173,dropoff,2024,5,510,Queens,North Corona,false,0.244
yellow,173,dropoff,2024,6,522,Queens,North Corona,false,0.244
yellow,173,dropoff,2025,2,324,Queens,North Corona,false,0.244
yellow,173,dropoff,2025,3,363,Queens,North Corona,false,0.244
yellow,173,dropoff,2025,4,324,Queens,North Corona,false,0.244
yellow,173,dropoff,2025,5,405,Queens,North Corona,false,0.244
yellow,173,dropoff,2025,6,383,Queens,North Corona,false,0.244
yellow,173,pickup,2024,2,43,Queens,North Corona,false,0.1702
yellow,173,pickup,2024,3,64,Queens,North Corona,false,0.1702
yellow,173,pickup,2024,4,77,Queens,North Corona,false,0.1702
yellow,173,pickup,2024,5,72,Queens,North Corona,false,0.1702
yellow,173,pickup,2024,6,73,Queens,North Corona,false,0.1702
yellow,173,pickup,2025,2,61,Queens,North Corona,false,0.1702
yellow,173,pickup,2025,3,59,Queens,North Corona,false,0.1702
yellow,173,pickup,2025,4,67,Queens,North Corona,false,0.1702
yellow,173,pickup,2025,5,66,Queens,North Corona,false,0.1702
yellow,173,pickup,2025,6,90,Queens,North Corona,false,0.1702
yellow,174,dropoff,2024,2,334,Bronx,Norwood,false,0.1973
yellow,174,dropoff,2024,3,363,Bronx,Norwood,false,0.1973
yellow,174,dropoff,2024,4,349,Bronx,Norwood,false,0.1973
yellow,174,dropoff,2024,5,338,Bronx,Norwood,false,0.1973
yellow,174,dropoff,2024,6,334,Bronx,Norwood,false,0.1973
yellow,174,dropoff,2025,2,267,Bronx,Norwood,false,0.1973
yellow,174,dropoff,2025,3,354,Bronx,Norwood,false,0.1973
yellow,174,dropoff,2025,4,388,Bronx,Norwood,false,0.1973
yellow,174,dropoff,2025,5,495,Bronx,Norwood,false,0.1973
yellow,174,dropoff,2025,6,429,Bronx,Norwood,false,0.1973
yellow,174,pickup,2024,2,124,Bronx,Norwood,false,0.1759
yellow,174,pickup,2024,3,129,Bronx,Norwood,false,0.1759
yellow,174,pickup,2024,4,131,Bronx,Norwood,false,0.1759
yellow,174,pickup,2024,5,163,Bronx,Norwood,false,0.1759
yellow,174,pickup,2024,6,124,Bronx,Norwood,false,0.1759
yellow,174,pickup,2025,2,164,Bronx,Norwood,false,0.1759
yellow,174,pickup,2025,3,202,Bronx,Norwood,false,0.1759
yellow,174,pickup,2025,4,201,Bronx,Norwood,false,0.1759
yellow,174,pickup,2025,5,199,Bronx,Norwood,false,0.1759
yellow,174,pickup,2025,6,194,Bronx,Norwood,false,0.1759
yellow,175,dropoff,2024,2,312,Queens,Oakland Gardens,false,0.1002
yellow,175,dropoff,2024,3,287,Queens,Oakland Gardens,false,0.1002
yellow,175,dropoff,2024,4,341,Queens,Oakland Gardens,false,0.1002
yellow,175,dropoff,2024,5,297,Queens,Oakland Gardens,false,0.1002
yellow,175,dropoff,2024,6,270,Queens,Oakland Gardens,false,0.1002
yellow,175,dropoff,2025,2,276,Queens,Oakland Gardens,false,0.1002
yellow,175,dropoff,2025,3,270,Queens,Oakland Gardens,false,0.1002
yellow,175,dropoff,2025,4,281,Queens,Oakland Gardens,false,0.1002
yellow,175,dropoff,2025,5,308,Queens,Oakland Gardens,false,0.1002
yellow,175,dropoff,2025,6,300,Queens,Oakland Gardens,false,0.1002
yellow,175,pickup,2024,2,53,Queens,Oakland Gardens,false,0.1055
yellow,175,pickup,2024,3,68,Queens,Oakland Gardens,false,0.1055
yellow,175,pickup,2024,4,47,Queens,Oakland Gardens,false,0.1055
yellow,175,pickup,2024,5,62,Queens,Oakland Gardens,false,0.1055
yellow,175,pickup,2024,6,45,Queens,Oakland Gardens,false,0.1055
yellow,175,pickup,2025,2,38,Queens,Oakland Gardens,false,0.1055
yellow,175,pickup,2025,3,49,Queens,Oakland Gardens,false,0.1055
yellow,175,pickup,2025,4,46,Queens,Oakland Gardens,false,0.1055
yellow,175,pickup,2025,5,31,Queens,Oakland Gardens,false,0.1055
yellow,175,pickup,2025,6,20,Queens,Oakland Gardens,false,0.1055
yellow,176,dropoff,2024,2,11,Staten Island,Oakwood,false,0.3511
yellow,176,dropoff,2024,3,16,Staten Island,Oakwood,false,0.3511
yellow,176,dropoff,2024,4,22,Staten Island,Oakwood,false,0.3511
yellow,176,dropoff,2024,5,22,Staten Island,Oakwood,false,0.3511
yellow,176,dropoff,2024,6,23,Staten Island,Oakwood,false,0.3511
yellow,176,dropoff,2025,2,13,Staten Island,Oakwood,false,0.3511
yellow,176,dropoff,2025,3,22,Staten Island,Oakwood,false,0.3511
yellow,176,dropoff,2025,4,11,Staten Island,Oakwood,false,0.3511
yellow,176,dropoff,2025,5,30,Staten Island,Oakwood,false,0.3511
yellow,176,dropoff,2025,6,27,Staten Island,Oakwood,false,0.3511
yellow,177,dropoff,2024,2,712,Brooklyn,Ocean Hill,false,0.1804
yellow,177,dropoff,2024,3,841,Brooklyn,Ocean Hill,false,0.1804
yellow,177,dropoff,2024,4,844,Brooklyn,Ocean Hill,false,0.1804
yellow,177,dropoff,2024,5,870,Brooklyn,Ocean Hill,false,0.1804
yellow,177,dropoff,2024,6,869,Brooklyn,Ocean Hill,false,0.1804
yellow,177,dropoff,2025,2,728,Brooklyn,Ocean Hill,false,0.1804
yellow,177,dropoff,2025,3,860,Brooklyn,Ocean Hill,false,0.1804
yellow,177,dropoff,2025,4,835,Brooklyn,Ocean Hill,false,0.1804
yellow,177,dropoff,2025,5,949,Brooklyn,Ocean Hill,false,0.1804
yellow,177,dropoff,2025,6,987,Brooklyn,Ocean Hill,false,0.1804
yellow,177,pickup,2024,2,324,Brooklyn,Ocean Hill,false,0.1441
yellow,177,pickup,2024,3,421,Brooklyn,Ocean Hill,false,0.1441
yellow,177,pickup,2024,4,421,Brooklyn,Ocean Hill,false,0.1441
yellow,177,pickup,2024,5,425,Brooklyn,Ocean Hill,false,0.1441
yellow,177,pickup,2024,6,408,Brooklyn,Ocean Hill,false,0.1441
yellow,177,pickup,2025,2,418,Brooklyn,Ocean Hill,false,0.1441
yellow,177,pickup,2025,3,434,Brooklyn,Ocean Hill,false,0.1441
yellow,177,pickup,2025,4,428,Brooklyn,Ocean Hill,false,0.1441
yellow,177,pickup,2025,5,474,Brooklyn,Ocean Hill,false,0.1441
yellow,177,pickup,2025,6,537,Brooklyn,Ocean Hill,false,0.1441
yellow,178,dropoff,2024,2,241,Brooklyn,Ocean Parkway South,false,0.2647
yellow,178,dropoff,2024,3,265,Brooklyn,Ocean Parkway South,false,0.2647
yellow,178,dropoff,2024,4,222,Brooklyn,Ocean Parkway South,false,0.2647
yellow,178,dropoff,2024,5,293,Brooklyn,Ocean Parkway South,false,0.2647
yellow,178,dropoff,2024,6,218,Brooklyn,Ocean Parkway South,false,0.2647
yellow,178,dropoff,2025,2,245,Brooklyn,Ocean Parkway South,false,0.2647
yellow,178,dropoff,2025,3,298,Brooklyn,Ocean Parkway South,false,0.2647
yellow,178,dropoff,2025,4,263,Brooklyn,Ocean Parkway South,false,0.2647
yellow,178,dropoff,2025,5,233,Brooklyn,Ocean Parkway South,false,0.2647
yellow,178,dropoff,2025,6,254,Brooklyn,Ocean Parkway South,false,0.2647
yellow,178,pickup,2024,2,36,Brooklyn,Ocean Parkway South,false,0.3356
yellow,178,pickup,2024,3,47,Brooklyn,Ocean Parkway South,false,0.3356
yellow,178,pickup,2024,4,54,Brooklyn,Ocean Parkway South,false,0.3356
yellow,178,pickup,2024,5,89,Brooklyn,Ocean Parkway South,false,0.3356
yellow,178,pickup,2024,6,66,Brooklyn,Ocean Parkway South,false,0.3356
yellow,178,pickup,2025,2,56,Brooklyn,Ocean Parkway South,false,0.3356
yellow,178,pickup,2025,3,70,Brooklyn,Ocean Parkway South,false,0.3356
yellow,178,pickup,2025,4,75,Brooklyn,Ocean Parkway South,false,0.3356
yellow,178,pickup,2025,5,78,Brooklyn,Ocean Parkway South,false,0.3356
yellow,178,pickup,2025,6,85,Brooklyn,Ocean Parkway South,false,0.3356
yellow,179,dropoff,2024,2,2161,Queens,Old Astoria,false,0.4099
yellow,179,dropoff,2024,3,2615,Queens,Old Astoria,false,0.4099
yellow,179,dropoff,2024,4,2403,Queens,Old Astoria,false,0.4099
yellow,179,dropoff,2024,5,2480,Queens,Old Astoria,false,0.4099
yellow,179,dropoff,2024,6,2318,Queens,Old Astoria,false,0.4099
yellow,179,dropoff,2025,2,2007,Queens,Old Astoria,false,0.4099
yellow,179,dropoff,2025,3,2653,Queens,Old Astoria,false,0.4099
yellow,179,dropoff,2025,4,2210,Queens,Old Astoria,false,0.4099
yellow,179,dropoff,2025,5,2640,Queens,Old Astoria,false,0.4099
yellow,179,dropoff,2025,6,2402,Queens,Old Astoria,false,0.4099
yellow,179,pickup,2024,2,331,Queens,Old Astoria,false,0.1492
yellow,179,pickup,2024,3,402,Queens,Old Astoria,false,0.1492
yellow,179,pickup,2024,4,381,Queens,Old Astoria,false,0.1492
yellow,179,pickup,2024,5,402,Queens,Old Astoria,false,0.1492
yellow,179,pickup,2024,6,408,Queens,Old Astoria,false,0.1492
yellow,179,pickup,2025,2,348,Queens,Old Astoria,false,0.1492
yellow,179,pickup,2025,3,442,Queens,Old Astoria,false,0.1492
yellow,179,pickup,2025,4,417,Queens,Old Astoria,false,0.1492
yellow,179,pickup,2025,5,465,Queens,Old Astoria,false,0.1492
yellow,179,pickup,2025,6,454,Queens,Old Astoria,false,0.1492
yellow,180,dropoff,2024,2,310,Queens,Ozone Park,false,0.0939
yellow,180,dropoff,2024,3,329,Queens,Ozone Park,false,0.0939
yellow,180,dropoff,2024,4,337,Queens,Ozone Park,false,0.0939
yellow,180,dropoff,2024,5,364,Queens,Ozone Park,false,0.0939
yellow,180,dropoff,2024,6,364,Queens,Ozone Park,false,0.0939
yellow,180,dropoff,2025,2,302,Queens,Ozone Park,false,0.0939
yellow,180,dropoff,2025,3,332,Queens,Ozone Park,false,0.0939
yellow,180,dropoff,2025,4,355,Queens,Ozone Park,false,0.0939
yellow,180,dropoff,2025,5,379,Queens,Ozone Park,false,0.0939
yellow,180,dropoff,2025,6,377,Queens,Ozone Park,false,0.0939
yellow,180,pickup,2024,2,53,Queens,Ozone Park,false,0.1513
yellow,180,pickup,2024,3,75,Queens,Ozone Park,false,0.1513
yellow,180,pickup,2024,4,75,Queens,Ozone Park,false,0.1513
yellow,180,pickup,2024,5,104,Queens,Ozone Park,false,0.1513
yellow,180,pickup,2024,6,83,Queens,Ozone Park,false,0.1513
yellow,180,pickup,2025,2,76,Queens,Ozone Park,false,0.1513
yellow,180,pickup,2025,3,83,Queens,Ozone Park,false,0.1513
yellow,180,pickup,2025,4,81,Queens,Ozone Park,false,0.1513
yellow,180,pickup,2025,5,103,Queens,Ozone Park,false,0.1513
yellow,180,pickup,2025,6,89,Queens,Ozone Park,false,0.1513
yellow,181,dropoff,2024,2,7309,Brooklyn,Park Slope,false,0.4951
yellow,181,dropoff,2024,3,8164,Brooklyn,Park Slope,false,0.4951
yellow,181,dropoff,2024,4,7893,Brooklyn,Park Slope,false,0.4951
yellow,181,dropoff,2024,5,7917,Brooklyn,Park Slope,false,0.4951
yellow,181,dropoff,2024,6,7732,Brooklyn,Park Slope,false,0.4951
yellow,181,dropoff,2025,2,6961,Brooklyn,Park Slope,false,0.4951
yellow,181,dropoff,2025,3,8057,Brooklyn,Park Slope,false,0.4951
yellow,181,dropoff,2025,4,7994,Brooklyn,Park Slope,false,0.4951
yellow,181,dropoff,2025,5,8813,Brooklyn,Park Slope,false,0.4951
yellow,181,dropoff,2025,6,7921,Brooklyn,Park Slope,false,0.4951
yellow,181,pickup,2024,2,706,Brooklyn,Park Slope,false,0.1698
yellow,181,pickup,2024,3,918,Brooklyn,Park Slope,false,0.1698
yellow,181,pickup,2024,4,880,Brooklyn,Park Slope,false,0.1698
yellow,181,pickup,2024,5,887,Brooklyn,Park Slope,false,0.1698
yellow,181,pickup,2024,6,844,Brooklyn,Park Slope,false,0.1698
yellow,181,pickup,2025,2,774,Brooklyn,Park Slope,false,0.1698
yellow,181,pickup,2025,3,929,Brooklyn,Park Slope,false,0.1698
yellow,181,pickup,2025,4,1018,Brooklyn,Park Slope,false,0.1698
yellow,181,pickup,2025,5,1106,Brooklyn,Park Slope,false,0.1698
yellow,181,pickup,2025,6,1054,Brooklyn,Park Slope,false,0.1698
yellow,182,dropoff,2024,2,312,Bronx,Parkchester,false,0.2949
yellow,182,dropoff,2024,3,408,Bronx,Parkchester,false,0.2949
yellow,182,dropoff,2024,4,361,Bronx,Parkchester,false,0.2949
yellow,182,dropoff,2024,5,417,Bronx,Parkchester,false,0.2949
yellow,182,dropoff,2024,6,384,Bronx,Parkchester,false,0.2949
yellow,182,dropoff,2025,2,387,Bronx,Parkchester,false,0.2949
yellow,182,dropoff,2025,3,420,Bronx,Parkchester,false,0.2949
yellow,182,dropoff,2025,4,430,Bronx,Parkchester,false,0.2949
yellow,182,dropoff,2025,5,510,Bronx,Parkchester,false,0.2949
yellow,182,dropoff,2025,6,518,Bronx,Parkchester,false,0.2949
yellow,182,pickup,2024,2,191,Bronx,Parkchester,false,0.3123
yellow,182,pickup,2024,3,257,Bronx,Parkchester,false,0.3123
yellow,182,pickup,2024,4,222,Bronx,Parkchester,false,0.3123
yellow,182,pickup,2024,5,257,Bronx,Parkchester,false,0.3123
yellow,182,pickup,2024,6,216,Bronx,Parkchester,false,0.3123
yellow,182,pickup,2025,2,202,Bronx,Parkchester,false,0.3123
yellow,182,pickup,2025,3,273,Bronx,Parkchester,false,0.3123
yellow,182,pickup,2025,4,269,Bronx,Parkchester,false,0.3123
yellow,182,pickup,2025,5,257,Bronx,Parkchester,false,0.3123
yellow,182,pickup,2025,6,315,Bronx,Parkchester,false,0.3123
yellow,183,dropoff,2024,2,99,Bronx,Pelham Bay,false,0.2652
yellow,183,dropoff,2024,3,138,Bronx,Pelham Bay,false,0.2652
yellow,183,dropoff,2024,4,113,Bronx,Pelham Bay,false,0.2652
yellow,183,dropoff,2024,5,129,Bronx,Pelham Bay,false,0.2652
yellow,183,dropoff,2024,6,128,Bronx,Pelham Bay,false,0.2652
yellow,183,dropoff,2025,2,104,Bronx,Pelham Bay,false,0.2652
yellow,183,dropoff,2025,3,146,Bronx,Pelham Bay,false,0.2652
yellow,183,dropoff,2025,4,121,Bronx,Pelham Bay,false,0.2652
yellow,183,dropoff,2025,5,151,Bronx,Pelham Bay,false,0.2652
yellow,183,dropoff,2025,6,155,Bronx,Pelham Bay,false,0.2652
yellow,183,pickup,2024,2,46,Bronx,Pelham Bay,false,0.2331
yellow,183,pickup,2024,3,51,Bronx,Pelham Bay,false,0.2331
yellow,183,pickup,2024,4,52,Bronx,Pelham Bay,false,0.2331
yellow,183,pickup,2024,5,52,Bronx,Pelham Bay,false,0.2331
yellow,183,pickup,2024,6,35,Bronx,Pelham Bay,false,0.2331
yellow,183,pickup,2025,2,47,Bronx,Pelham Bay,false,0.2331
yellow,183,pickup,2025,3,65,Bronx,Pelham Bay,false,0.2331
yellow,183,pickup,2025,4,59,Bronx,Pelham Bay,false,0.2331
yellow,183,pickup,2025,5,46,Bronx,Pelham Bay,false,0.2331
yellow,183,pickup,2025,6,58,Bronx,Pelham Bay,false,0.2331
yellow,184,dropoff,2024,2,16,Bronx,Pelham Bay Park,false,0.1852
yellow,184,dropoff,2024,3,25,Bronx,Pelham Bay Park,false,0.1852
yellow,184,dropoff,2024,4,19,Bronx,Pelham Bay Park,false,0.1852
yellow,184,dropoff,2024,5,17,Bronx,Pelham Bay Park,false,0.1852
yellow,184,dropoff,2024,6,31,Bronx,Pelham Bay Park,false,0.1852
yellow,184,dropoff,2025,2,18,Bronx,Pelham Bay Park,false,0.1852
yellow,184,dropoff,2025,3,15,Bronx,Pelham Bay Park,false,0.1852
yellow,184,dropoff,2025,4,22,Bronx,Pelham Bay Park,false,0.1852
yellow,184,dropoff,2025,5,19,Bronx,Pelham Bay Park,false,0.1852
yellow,184,dropoff,2025,6,32,Bronx,Pelham Bay Park,false,0.1852
yellow,184,pickup,2024,2,5,Bronx,Pelham Bay Park,false,0.303
yellow,184,pickup,2024,3,6,Bronx,Pelham Bay Park,false,0.303
yellow,184,pickup,2024,4,4,Bronx,Pelham Bay Park,false,0.303
yellow,184,pickup,2024,5,7,Bronx,Pelham Bay Park,false,0.303
yellow,184,pickup,2024,6,11,Bronx,Pelham Bay Park,false,0.303
yellow,184,pickup,2025,2,4,Bronx,Pelham Bay Park,false,0.303
yellow,184,pickup,2025,3,7,Bronx,Pelham Bay Park,false,0.303
yellow,184,pickup,2025,4,6,Bronx,Pelham Bay Park,false,0.303
yellow,184,pickup,2025,5,11,Bronx,Pelham Bay Park,false,0.303
yellow,184,pickup,2025,6,12,Bronx,Pelham Bay Park,false,0.303
yellow,185,dropoff,2024,2,281,Bronx,Pelham Parkway,false,0.2221
yellow,185,dropoff,2024,3,292,Bronx,Pelham Parkway,false,0.2221
yellow,185,dropoff,2024,4,332,Bronx,Pelham Parkway,false,0.2221
yellow,185,dropoff,2024,5,306,Bronx,Pelham Parkway,false,0.2221
yellow,185,dropoff,2024,6,329,Bronx,Pelham Parkway,false,0.2221
yellow,185,dropoff,2025,2,211,Bronx,Pelham Parkway,false,0.2221
yellow,185,dropoff,2025,3,278,Bronx,Pelham Parkway,false,0.2221
yellow,185,dropoff,2025,4,316,Bronx,Pelham Parkway,false,0.2221
yellow,185,dropoff,2025,5,334,Bronx,Pelham Parkway,false,0.2221
yellow,185,dropoff,2025,6,375,Bronx,Pelham Parkway,false,0.2221
yellow,185,pickup,2024,2,94,Bronx,Pelham Parkway,false,0.1547
yellow,185,pickup,2024,3,95,Bronx,Pelham Parkway,false,0.1547
yellow,185,pickup,2024,4,104,Bronx,Pelham Parkway,false,0.1547
yellow,185,pickup,2024,5,99,Bronx,Pelham Parkway,false,0.1547
yellow,185,pickup,2024,6,80,Bronx,Pelham Parkway,false,0.1547
yellow,185,pickup,2025,2,82,Bronx,Pelham Parkway,false,0.1547
yellow,185,pickup,2025,3,105,Bronx,Pelham Parkway,false,0.1547
yellow,185,pickup,2025,4,116,Bronx,Pelham Parkway,false,0.1547
yellow,185,pickup,2025,5,144,Bronx,Pelham Parkway,false,0.1547
yellow,185,pickup,2025,6,131,Bronx,Pelham Parkway,false,0.1547
yellow,186,dropoff,2024,2,58884,Manhattan,Penn Station/Madison Sq West,true,1.0
yellow,186,dropoff,2024,3,66702,Manhattan,Penn Station/Madison Sq West,true,1.0
yellow,186,dropoff,2024,4,64755,Manhattan,Penn Station/Madison Sq West,true,1.0
yellow,186,dropoff,2024,5,68494,Manhattan,Penn Station/Madison Sq West,true,1.0
yellow,186,dropoff,2024,6,65941,Manhattan,Penn Station/Madison Sq West,true,1.0
yellow,186,dropoff,2025,2,57192,Manhattan,Penn Station/Madison Sq West,true,1.0
yellow,186,dropoff,2025,3,69673,Manhattan,Penn Station/Madison Sq West,true,1.0
yellow,186,dropoff,2025,4,66737,Manhattan,Penn Station/Madison Sq West,true,1.0
yellow,186,dropoff,2025,5,64807,Manhattan,Penn Station/Madison Sq West,true,1.0
yellow,186,dropoff,2025,6,63165,Manhattan,Penn Station/Madison Sq West,true,1.0
yellow,186,pickup,2024,2,95335,Manhattan,Penn Station/Madison Sq West,true,1.0
yellow,186,pickup,2024,3,106383,Manhattan,Penn Station/Madison Sq West,true,1.0
yellow,186,pickup,2024,4,103796,Manhattan,Penn Station/Madison Sq West,true,1.0
yellow,186,pickup,2024,5,106665,Manhattan,Penn Station/Madison Sq West,true,1.0
yellow,186,pickup,2024,6,103410,Manhattan,Penn Station/Madison Sq West,true,1.0
yellow,186,pickup,2025,2,99149,Manhattan,Penn Station/Madison Sq West,true,1.0
yellow,186,pickup,2025,3,116761,Manhattan,Penn Station/Madison Sq West,true,1.0
yellow,186,pickup,2025,4,112358,Manhattan,Penn Station/Madison Sq West,true,1.0
yellow,186,pickup,2025,5,108783,Manhattan,Penn Station/Madison Sq West,true,1.0
yellow,186,pickup,2025,6,107241,Manhattan,Penn Station/Madison Sq West,true,1.0
yellow,187,dropoff,2024,2,21,Staten Island,Port Richmond,false,0.459
yellow,187,dropoff,2024,3,22,Staten Island,Port Richmond,false,0.459
yellow,187,dropoff,2024,4,20,Staten Island,Port Richmond,false,0.459
yellow,187,dropoff,2024,5,34,Staten Island,Port Richmond,false,0.459
yellow,187,dropoff,2024,6,25,Staten Island,Port Richmond,false,0.459
yellow,187,dropoff,2025,2,15,Staten Island,Port Richmond,false,0.459
yellow,187,dropoff,2025,3,14,Staten Island,Port Richmond,false,0.459
yellow,187,dropoff,2025,4,22,Staten Island,Port Richmond,false,0.459
yellow,187,dropoff,2025,5,24,Staten Island,Port Richmond,false,0.459
yellow,187,dropoff,2025,6,23,Staten Island,Port Richmond,false,0.459
yellow,187,pickup,2024,2,1,Staten Island,Port Richmond,false,0.0
yellow,187,pickup,2025,3,1,Staten Island,Port Richmond,false,0.0
yellow,188,dropoff,2024,2,2002,Brooklyn,Prospect-Lefferts Gardens,false,0.2902
yellow,188,dropoff,2024,3,2306,Brooklyn,Prospect-Lefferts Gardens,false,0.2902
yellow,188,dropoff,2024,4,2299,Brooklyn,Prospect-Lefferts Gardens,false,0.2902
yellow,188,dropoff,2024,5,2565,Brooklyn,Prospect-Lefferts Gardens,false,0.2902
yellow,188,dropoff,2024,6,2341,Brooklyn,Prospect-Lefferts Gardens,false,0.2902
yellow,188,dropoff,2025,2,2007,Brooklyn,Prospect-Lefferts Gardens,false,0.2902
yellow,188,dropoff,2025,3,2414,Brooklyn,Prospect-Lefferts Gardens,false,0.2902
yellow,188,dropoff,2025,4,2303,Brooklyn,Prospect-Lefferts Gardens,false,0.2902
yellow,188,dropoff,2025,5,2593,Brooklyn,Prospect-Lefferts Gardens,false,0.2902
yellow,188,dropoff,2025,6,2603,Brooklyn,Prospect-Lefferts Gardens,false,0.2902
yellow,188,pickup,2024,2,555,Brooklyn,Prospect-Lefferts Gardens,false,0.164
yellow,188,pickup,2024,3,734,Brooklyn,Prospect-Lefferts Gardens,false,0.164
yellow,188,pickup,2024,4,817,Brooklyn,Prospect-Lefferts Gardens,false,0.164
yellow,188,pickup,2024,5,894,Brooklyn,Prospect-Lefferts Gardens,false,0.164
yellow,188,pickup,2024,6,780,Brooklyn,Prospect-Lefferts Gardens,false,0.164
yellow,188,pickup,2025,2,777,Brooklyn,Prospect-Lefferts Gardens,false,0.164
yellow,188,pickup,2025,3,868,Brooklyn,Prospect-Lefferts Gardens,false,0.164
yellow,188,pickup,2025,4,882,Brooklyn,Prospect-Lefferts Gardens,false,0.164
yellow,188,pickup,2025,5,963,Brooklyn,Prospect-Lefferts Gardens,false,0.164
yellow,188,pickup,2025,6,950,Brooklyn,Prospect-Lefferts Gardens,false,0.164
yellow,189,dropoff,2024,2,2329,Brooklyn,Prospect Heights,false,0.4373
yellow,189,dropoff,2024,3,2760,Brooklyn,Prospect Heights,false,0.4373
yellow,189,dropoff,2024,4,2582,Brooklyn,Prospect Heights,false,0.4373
yellow,189,dropoff,2024,5,2758,Brooklyn,Prospect Heights,false,0.4373
yellow,189,dropoff,2024,6,2537,Brooklyn,Prospect Heights,false,0.4373
yellow,189,dropoff,2025,2,2254,Brooklyn,Prospect Heights,false,0.4373
yellow,189,dropoff,2025,3,2837,Brooklyn,Prospect Heights,false,0.4373
yellow,189,dropoff,2025,4,2591,Brooklyn,Prospect Heights,false,0.4373
yellow,189,dropoff,2025,5,2908,Brooklyn,Prospect Heights,false,0.4373
yellow,189,dropoff,2025,6,2716,Brooklyn,Prospect Heights,false,0.4373
yellow,189,pickup,2024,2,232,Brooklyn,Prospect Heights,false,0.1945
yellow,189,pickup,2024,3,242,Brooklyn,Prospect Heights,false,0.1945
yellow,189,pickup,2024,4,254,Brooklyn,Prospect Heights,false,0.1945
yellow,189,pickup,2024,5,300,Brooklyn,Prospect Heights,false,0.1945
yellow,189,pickup,2024,6,237,Brooklyn,Prospect Heights,false,0.1945
yellow,189,pickup,2025,2,228,Brooklyn,Prospect Heights,false,0.1945
yellow,189,pickup,2025,3,277,Brooklyn,Prospect Heights,false,0.1945
yellow,189,pickup,2025,4,280,Brooklyn,Prospect Heights,false,0.1945
yellow,189,pickup,2025,5,297,Brooklyn,Prospect Heights,false,0.1945
yellow,189,pickup,2025,6,281,Brooklyn,Prospect Heights,false,0.1945
yellow,190,dropoff,2024,2,331,Brooklyn,Prospect Park,false,0.5623
yellow,190,dropoff,2024,3,381,Brooklyn,Prospect Park,false,0.5623
yellow,190,dropoff,2024,4,454,Brooklyn,Prospect Park,false,0.5623
yellow,190,dropoff,2024,5,436,Brooklyn,Prospect Park,false,0.5623
yellow,190,dropoff,2024,6,438,Brooklyn,Prospect Park,false,0.5623
yellow,190,dropoff,2025,2,264,Brooklyn,Prospect Park,false,0.5623
yellow,190,dropoff,2025,3,304,Brooklyn,Prospect Park,false,0.5623
yellow,190,dropoff,2025,4,373,Brooklyn,Prospect Park,false,0.5623
yellow,190,dropoff,2025,5,371,Brooklyn,Prospect Park,false,0.5623
yellow,190,dropoff,2025,6,344,Brooklyn,Prospect Park,false,0.5623
yellow,190,pickup,2024,2,32,Brooklyn,Prospect Park,false,0.1908
yellow,190,pickup,2024,3,36,Brooklyn,Prospect Park,false,0.1908
yellow,190,pickup,2024,4,60,Brooklyn,Prospect Park,false,0.1908
yellow,190,pickup,2024,5,59,Brooklyn,Prospect Park,false,0.1908
yellow,190,pickup,2024,6,75,Brooklyn,Prospect Park,false,0.1908
yellow,190,pickup,2025,2,40,Brooklyn,Prospect Park,false,0.1908
yellow,190,pickup,2025,3,61,Brooklyn,Prospect Park,false,0.1908
yellow,190,pickup,2025,4,101,Brooklyn,Prospect Park,false,0.1908
yellow,190,pickup,2025,5,80,Brooklyn,Prospect Park,false,0.1908
yellow,190,pickup,2025,6,50,Brooklyn,Prospect Park,false,0.1908
yellow,191,dropoff,2024,2,610,Queens,Queens Village,false,0.0638
yellow,191,dropoff,2024,3,730,Queens,Queens Village,false,0.0638
yellow,191,dropoff,2024,4,749,Queens,Queens Village,false,0.0638
yellow,191,dropoff,2024,5,847,Queens,Queens Village,false,0.0638
yellow,191,dropoff,2024,6,750,Queens,Queens Village,false,0.0638
yellow,191,dropoff,2025,2,571,Queens,Queens Village,false,0.0638
yellow,191,dropoff,2025,3,632,Queens,Queens Village,false,0.0638
yellow,191,dropoff,2025,4,651,Queens,Queens Village,false,0.0638
yellow,191,dropoff,2025,5,743,Queens,Queens Village,false,0.0638
yellow,191,dropoff,2025,6,739,Queens,Queens Village,false,0.0638
yellow,191,pickup,2024,2,215,Queens,Queens Village,false,0.1146
yellow,191,pickup,2024,3,316,Queens,Queens Village,false,0.1146
yellow,191,pickup,2024,4,304,Queens,Queens Village,false,0.1146
yellow,191,pickup,2024,5,317,Queens,Queens Village,false,0.1146
yellow,191,pickup,2024,6,235,Queens,Queens Village,false,0.1146
yellow,191,pickup,2025,2,158,Queens,Queens Village,false,0.1146
yellow,191,pickup,2025,3,239,Queens,Queens Village,false,0.1146
yellow,191,pickup,2025,4,255,Queens,Queens Village,false,0.1146
yellow,191,pickup,2025,5,238,Queens,Queens Village,false,0.1146
yellow,191,pickup,2025,6,224,Queens,Queens Village,false,0.1146
yellow,192,dropoff,2024,2,223,Queens,Queensboro Hill,false,0.1729
yellow,192,dropoff,2024,3,253,Queens,Queensboro Hill,false,0.1729
yellow,192,dropoff,2024,4,263,Queens,Queensboro Hill,false,0.1729
yellow,192,dropoff,2024,5,260,Queens,Queensboro Hill,false,0.1729
yellow,192,dropoff,2024,6,250,Queens,Queensboro Hill,false,0.1729
yellow,192,dropoff,2025,2,149,Queens,Queensboro Hill,false,0.1729
yellow,192,dropoff,2025,3,211,Queens,Queensboro Hill,false,0.1729
yellow,192,dropoff,2025,4,215,Queens,Queensboro Hill,false,0.1729
yellow,192,dropoff,2025,5,226,Queens,Queensboro Hill,false,0.1729
yellow,192,dropoff,2025,6,221,Queens,Queensboro Hill,false,0.1729
yellow,192,pickup,2024,2,49,Queens,Queensboro Hill,false,0.0965
yellow,192,pickup,2024,3,43,Queens,Queensboro Hill,false,0.0965
yellow,192,pickup,2024,4,40,Queens,Queensboro Hill,false,0.0965
yellow,192,pickup,2024,5,43,Queens,Queensboro Hill,false,0.0965
yellow,192,pickup,2024,6,53,Queens,Queensboro Hill,false,0.0965
yellow,192,pickup,2025,2,27,Queens,Queensboro Hill,false,0.0965
yellow,192,pickup,2025,3,46,Queens,Queensboro Hill,false,0.0965
yellow,192,pickup,2025,4,44,Queens,Queensboro Hill,false,0.0965
yellow,192,pickup,2025,5,41,Queens,Queensboro Hill,false,0.0965
yellow,192,pickup,2025,6,58,Queens,Queensboro Hill,false,0.0965
yellow,193,dropoff,2024,2,707,Queens,Queensbridge/Ravenswood,false,0.3271
yellow,193,dropoff,2024,3,981,Queens,Queensbridge/Ravenswood,false,0.3271
yellow,193,dropoff,2024,4,854,Queens,Queensbridge/Ravenswood,false,0.3271
yellow,193,dropoff,2024,5,1003,Queens,Queensbridge/Ravenswood,false,0.3271
yellow,193,dropoff,2024,6,1083,Queens,Queensbridge/Ravenswood,false,0.3271
yellow,193,dropoff,2025,2,771,Queens,Queensbridge/Ravenswood,false,0.3271
yellow,193,dropoff,2025,3,1096,Queens,Queensbridge/Ravenswood,false,0.3271
yellow,193,dropoff,2025,4,1058,Queens,Queensbridge/Ravenswood,false,0.3271
yellow,193,dropoff,2025,5,1263,Queens,Queensbridge/Ravenswood,false,0.3271
yellow,193,dropoff,2025,6,1424,Queens,Queensbridge/Ravenswood,false,0.3271
yellow,193,pickup,2024,2,330,Queens,Queensbridge/Ravenswood,false,0.227
yellow,193,pickup,2024,3,412,Queens,Queensbridge/Ravenswood,false,0.227
yellow,193,pickup,2024,4,350,Queens,Queensbridge/Ravenswood,false,0.227
yellow,193,pickup,2024,5,347,Queens,Queensbridge/Ravenswood,false,0.227
yellow,193,pickup,2024,6,336,Queens,Queensbridge/Ravenswood,false,0.227
yellow,193,pickup,2025,2,301,Queens,Queensbridge/Ravenswood,false,0.227
yellow,193,pickup,2025,3,358,Queens,Queensbridge/Ravenswood,false,0.227
yellow,193,pickup,2025,4,371,Queens,Queensbridge/Ravenswood,false,0.227
yellow,193,pickup,2025,5,329,Queens,Queensbridge/Ravenswood,false,0.227
yellow,193,pickup,2025,6,318,Queens,Queensbridge/Ravenswood,false,0.227
yellow,194,dropoff,2024,2,187,Manhattan,Randalls Island,false,0.1781
yellow,194,dropoff,2024,3,241,Manhattan,Randalls Island,false,0.1781
yellow,194,dropoff,2024,4,563,Manhattan,Randalls Island,false,0.1781
yellow,194,dropoff,2024,5,462,Manhattan,Randalls Island,false,0.1781
yellow,194,dropoff,2024,6,394,Manhattan,Randalls Island,false,0.1781
yellow,194,dropoff,2025,2,135,Manhattan,Randalls Island,false,0.1781
yellow,194,dropoff,2025,3,477,Manhattan,Randalls Island,false,0.1781
yellow,194,dropoff,2025,4,727,Manhattan,Randalls Island,false,0.1781
yellow,194,dropoff,2025,5,521,Manhattan,Randalls Island,false,0.1781
yellow,194,dropoff,2025,6,361,Manhattan,Randalls Island,false,0.1781
yellow,194,pickup,2024,2,86,Manhattan,Randalls Island,false,0.1367
yellow,194,pickup,2024,3,116,Manhattan,Randalls Island,false,0.1367
yellow,194,pickup,2024,4,127,Manhattan,Randalls Island,false,0.1367
yellow,194,pickup,2024,5,112,Manhattan,Randalls Island,false,0.1367
yellow,194,pickup,2024,6,93,Manhattan,Randalls Island,false,0.1367
yellow,194,pickup,2025,2,61,Manhattan,Randalls Island,false,0.1367
yellow,194,pickup,2025,3,109,Manhattan,Randalls Island,false,0.1367
yellow,194,pickup,2025,4,98,Manhattan,Randalls Island,false,0.1367
yellow,194,pickup,2025,5,108,Manhattan,Randalls Island,false,0.1367
yellow,194,pickup,2025,6,113,Manhattan,Randalls Island,false,0.1367
yellow,195,dropoff,2024,2,747,Brooklyn,Red Hook,false,0.5579
yellow,195,dropoff,2024,3,953,Brooklyn,Red Hook,false,0.5579
yellow,195,dropoff,2024,4,1014,Brooklyn,Red Hook,false,0.5579
yellow,195,dropoff,2024,5,1402,Brooklyn,Red Hook,false,0.5579
yellow,195,dropoff,2024,6,1412,Brooklyn,Red Hook,false,0.5579
yellow,195,dropoff,2025,2,841,Brooklyn,Red Hook,false,0.5579
yellow,195,dropoff,2025,3,1191,Brooklyn,Red Hook,false,0.5579
yellow,195,dropoff,2025,4,1065,Brooklyn,Red Hook,false,0.5579
yellow,195,dropoff,2025,5,1454,Brooklyn,Red Hook,false,0.5579
yellow,195,dropoff,2025,6,1334,Brooklyn,Red Hook,false,0.5579
yellow,195,pickup,2024,2,252,Brooklyn,Red Hook,false,0.3156
yellow,195,pickup,2024,3,341,Brooklyn,Red Hook,false,0.3156
yellow,195,pickup,2024,4,233,Brooklyn,Red Hook,false,0.3156
yellow,195,pickup,2024,5,518,Brooklyn,Red Hook,false,0.3156
yellow,195,pickup,2024,6,532,Brooklyn,Red Hook,false,0.3156
yellow,195,pickup,2025,2,398,Brooklyn,Red Hook,false,0.3156
yellow,195,pickup,2025,3,610,Brooklyn,Red Hook,false,0.3156
yellow,195,pickup,2025,4,436,Brooklyn,Red Hook,false,0.3156
yellow,195,pickup,2025,5,597,Brooklyn,Red Hook,false,0.3156
yellow,195,pickup,2025,6,591,Brooklyn,Red Hook,false,0.3156
yellow,196,dropoff,2024,2,851,Queens,Rego Park,false,0.2809
yellow,196,dropoff,2024,3,962,Queens,Rego Park,false,0.2809
yellow,196,dropoff,2024,4,942,Queens,Rego Park,false,0.2809
yellow,196,dropoff,2024,5,1049,Queens,Rego Park,false,0.2809
yellow,196,dropoff,2024,6,910,Queens,Rego Park,false,0.2809
yellow,196,dropoff,2025,2,807,Queens,Rego Park,false,0.2809
yellow,196,dropoff,2025,3,953,Queens,Rego Park,false,0.2809
yellow,196,dropoff,2025,4,950,Queens,Rego Park,false,0.2809
yellow,196,dropoff,2025,5,1057,Queens,Rego Park,false,0.2809
yellow,196,dropoff,2025,6,900,Queens,Rego Park,false,0.2809
yellow,196,pickup,2024,2,183,Queens,Rego Park,false,0.2114
yellow,196,pickup,2024,3,192,Queens,Rego Park,false,0.2114
yellow,196,pickup,2024,4,207,Queens,Rego Park,false,0.2114
yellow,196,pickup,2024,5,206,Queens,Rego Park,false,0.2114
yellow,196,pickup,2024,6,177,Queens,Rego Park,false,0.2114
yellow,196,pickup,2025,2,164,Queens,Rego Park,false,0.2114
yellow,196,pickup,2025,3,209,Queens,Rego Park,false,0.2114
yellow,196,pickup,2025,4,240,Queens,Rego Park,false,0.2114
yellow,196,pickup,2025,5,250,Queens,Rego Park,false,0.2114
yellow,196,pickup,2025,6,261,Queens,Rego Park,false,0.2114
yellow,197,dropoff,2024,2,998,Queens,Richmond Hill,false,0.1323
yellow,197,dropoff,2024,3,1202,Queens,Richmond Hill,false,0.1323
yellow,197,dropoff,2024,4,1221,Queens,Richmond Hill,false,0.1323
yellow,197,dropoff,2024,5,1316,Queens,Richmond Hill,false,0.1323
yellow,197,dropoff,2024,6,1203,Queens,Richmond Hill,false,0.1323
yellow,197,dropoff,2025,2,1070,Queens,Richmond Hill,false,0.1323
yellow,197,dropoff,2025,3,1195,Queens,Richmond Hill,false,0.1323
yellow,197,dropoff,2025,4,1200,Queens,Richmond Hill,false,0.1323
yellow,197,dropoff,2025,5,1262,Queens,Richmond Hill,false,0.1323
yellow,197,dropoff,2025,6,1295,Queens,Richmond Hill,false,0.1323
yellow,197,pickup,2024,2,320,Queens,Richmond Hill,false,0.1103
yellow,197,pickup,2024,3,444,Queens,Richmond Hill,false,0.1103
yellow,197,pickup,2024,4,445,Queens,Richmond Hill,false,0.1103
yellow,197,pickup,2024,5,480,Queens,Richmond Hill,false,0.1103
yellow,197,pickup,2024,6,469,Queens,Richmond Hill,false,0.1103
yellow,197,pickup,2025,2,563,Queens,Richmond Hill,false,0.1103
yellow,197,pickup,2025,3,640,Queens,Richmond Hill,false,0.1103
yellow,197,pickup,2025,4,658,Queens,Richmond Hill,false,0.1103
yellow,197,pickup,2025,5,720,Queens,Richmond Hill,false,0.1103
yellow,197,pickup,2025,6,737,Queens,Richmond Hill,false,0.1103
yellow,198,dropoff,2024,2,1309,Queens,Ridgewood,false,0.3268
yellow,198,dropoff,2024,3,1520,Queens,Ridgewood,false,0.3268
yellow,198,dropoff,2024,4,1570,Queens,Ridgewood,false,0.3268
yellow,198,dropoff,2024,5,1531,Queens,Ridgewood,false,0.3268
yellow,198,dropoff,2024,6,1484,Queens,Ridgewood,false,0.3268
yellow,198,dropoff,2025,2,1151,Queens,Ridgewood,false,0.3268
yellow,198,dropoff,2025,3,1363,Queens,Ridgewood,false,0.3268
yellow,198,dropoff,2025,4,1366,Queens,Ridgewood,false,0.3268
yellow,198,dropoff,2025,5,1557,Queens,Ridgewood,false,0.3268
yellow,198,dropoff,2025,6,1649,Queens,Ridgewood,false,0.3268
yellow,198,pickup,2024,2,118,Queens,Ridgewood,false,0.2064
yellow,198,pickup,2024,3,143,Queens,Ridgewood,false,0.2064
yellow,198,pickup,2024,4,131,Queens,Ridgewood,false,0.2064
yellow,198,pickup,2024,5,132,Queens,Ridgewood,false,0.2064
yellow,198,pickup,2024,6,130,Queens,Ridgewood,false,0.2064
yellow,198,pickup,2025,2,128,Queens,Ridgewood,false,0.2064
yellow,198,pickup,2025,3,143,Queens,Ridgewood,false,0.2064
yellow,198,pickup,2025,4,141,Queens,Ridgewood,false,0.2064
yellow,198,pickup,2025,5,171,Queens,Ridgewood,false,0.2064
yellow,198,pickup,2025,6,177,Queens,Ridgewood,false,0.2064
yellow,199,pickup,2024,2,1,Bronx,Rikers Island,false,0.6
yellow,199,pickup,2024,3,2,Bronx,Rikers Island,false,0.6
yellow,199,pickup,2024,4,1,Bronx,Rikers Island,false,0.6
yellow,199,pickup,2024,6,1,Bronx,Rikers Island,false,0.6
yellow,199,pickup,2025,2,2,Bronx,Rikers Island,false,0.6
yellow,199,pickup,2025,3,2,Bronx,Rikers Island,false,0.6
yellow,199,pickup,2025,4,2,Bronx,Rikers Island,false,0.6
yellow,199,pickup,2025,6,1,Bronx,Rikers Island,false,0.6
yellow,200,dropoff,2024,2,918,Bronx,Riverdale/North Riverdale/Fieldston,false,0.3244
yellow,200,dropoff,2024,3,987,Bronx,Riverdale/North Riverdale/Fieldston,false,0.3244
yellow,200,dropoff,2024,4,989,Bronx,Riverdale/North Riverdale/Fieldston,false,0.3244
yellow,200,dropoff,2024,5,1022,Bronx,Riverdale/North Riverdale/Fieldston,false,0.3244
yellow,200,dropoff,2024,6,961,Bronx,Riverdale/North Riverdale/Fieldston,false,0.3244
yellow,200,dropoff,2025,2,792,Bronx,Riverdale/North Riverdale/Fieldston,false,0.3244
yellow,200,dropoff,2025,3,1018,Bronx,Riverdale/North Riverdale/Fieldston,false,0.3244
yellow,200,dropoff,2025,4,1035,Bronx,Riverdale/North Riverdale/Fieldston,false,0.3244
yellow,200,dropoff,2025,5,1082,Bronx,Riverdale/North Riverdale/Fieldston,false,0.3244
yellow,200,dropoff,2025,6,986,Bronx,Riverdale/North Riverdale/Fieldston,false,0.3244
yellow,200,pickup,2024,2,64,Bronx,Riverdale/North Riverdale/Fieldston,false,0.2753
yellow,200,pickup,2024,3,78,Bronx,Riverdale/North Riverdale/Fieldston,false,0.2753
yellow,200,pickup,2024,4,95,Bronx,Riverdale/North Riverdale/Fieldston,false,0.2753
yellow,200,pickup,2024,5,89,Bronx,Riverdale/North Riverdale/Fieldston,false,0.2753
yellow,200,pickup,2024,6,99,Bronx,Riverdale/North Riverdale/Fieldston,false,0.2753
yellow,200,pickup,2025,2,86,Bronx,Riverdale/North Riverdale/Fieldston,false,0.2753
yellow,200,pickup,2025,3,101,Bronx,Riverdale/North Riverdale/Fieldston,false,0.2753
yellow,200,pickup,2025,4,100,Bronx,Riverdale/North Riverdale/Fieldston,false,0.2753
yellow,200,pickup,2025,5,124,Bronx,Riverdale/North Riverdale/Fieldston,false,0.2753
yellow,200,pickup,2025,6,113,Bronx,Riverdale/North Riverdale/Fieldston,false,0.2753
yellow,201,dropoff,2024,2,271,Queens,Rockaway Park,false,0.15
yellow,201,dropoff,2024,3,333,Queens,Rockaway Park,false,0.15
yellow,201,dropoff,2024,4,347,Queens,Rockaway Park,false,0.15
yellow,201,dropoff,2024,5,289,Queens,Rockaway Park,false,0.15
yellow,201,dropoff,2024,6,340,Queens,Rockaway Park,false,0.15
yellow,201,dropoff,2025,2,251,Queens,Rockaway Park,false,0.15
yellow,201,dropoff,2025,3,324,Queens,Rockaway Park,false,0.15
yellow,201,dropoff,2025,4,333,Queens,Rockaway Park,false,0.15
yellow,201,dropoff,2025,5,367,Queens,Rockaway Park,false,0.15
yellow,201,dropoff,2025,6,337,Queens,Rockaway Park,false,0.15
yellow,201,pickup,2024,2,53,Queens,Rockaway Park,false,0.1902
yellow,201,pickup,2024,3,66,Queens,Rockaway Park,false,0.1902
yellow,201,pickup,2024,4,64,Queens,Rockaway Park,false,0.1902
yellow,201,pickup,2024,5,73,Queens,Rockaway Park,false,0.1902
yellow,201,pickup,2024,6,70,Queens,Rockaway Park,false,0.1902
yellow,201,pickup,2025,2,70,Queens,Rockaway Park,false,0.1902
yellow,201,pickup,2025,3,71,Queens,Rockaway Park,false,0.1902
yellow,201,pickup,2025,4,91,Queens,Rockaway Park,false,0.1902
yellow,201,pickup,2025,5,79,Queens,Rockaway Park,false,0.1902
yellow,201,pickup,2025,6,84,Queens,Rockaway Park,false,0.1902
yellow,202,dropoff,2024,2,1535,Manhattan,Roosevelt Island,false,0.4417
yellow,202,dropoff,2024,3,1919,Manhattan,Roosevelt Island,false,0.4417
yellow,202,dropoff,2024,4,1489,Manhattan,Roosevelt Island,false,0.4417
yellow,202,dropoff,2024,5,1618,Manhattan,Roosevelt Island,false,0.4417
yellow,202,dropoff,2024,6,1472,Manhattan,Roosevelt Island,false,0.4417
yellow,202,dropoff,2025,2,1256,Manhattan,Roosevelt Island,false,0.4417
yellow,202,dropoff,2025,3,1487,Manhattan,Roosevelt Island,false,0.4417
yellow,202,dropoff,2025,4,1594,Manhattan,Roosevelt Island,false,0.4417
yellow,202,dropoff,2025,5,1604,Manhattan,Roosevelt Island,false,0.4417
yellow,202,dropoff,2025,6,1607,Manhattan,Roosevelt Island,false,0.4417
yellow,202,pickup,2024,2,95,Manhattan,Roosevelt Island,false,0.1756
yellow,202,pickup,2024,3,135,Manhattan,Roosevelt Island,false,0.1756
yellow,202,pickup,2024,4,120,Manhattan,Roosevelt Island,false,0.1756
yellow,202,pickup,2024,5,118,Manhattan,Roosevelt Island,false,0.1756
yellow,202,pickup,2024,6,130,Manhattan,Roosevelt Island,false,0.1756
yellow,202,pickup,2025,2,111,Manhattan,Roosevelt Island,false,0.1756
yellow,202,pickup,2025,3,111,Manhattan,Roosevelt Island,false,0.1756
yellow,202,pickup,2025,4,148,Manhattan,Roosevelt Island,false,0.1756
yellow,202,pickup,2025,5,179,Manhattan,Roosevelt Island,false,0.1756
yellow,202,pickup,2025,6,171,Manhattan,Roosevelt Island,false,0.1756
yellow,203,dropoff,2024,2,472,Queens,Rosedale,false,0.0607
yellow,203,dropoff,2024,3,577,Queens,Rosedale,false,0.0607
yellow,203,dropoff,2024,4,632,Queens,Rosedale,false,0.0607
yellow,203,dropoff,2024,5,655,Queens,Rosedale,false,0.0607
yellow,203,dropoff,2024,6,596,Queens,Rosedale,false,0.0607
yellow,203,dropoff,2025,2,471,Queens,Rosedale,false,0.0607
yellow,203,dropoff,2025,3,531,Queens,Rosedale,false,0.0607
yellow,203,dropoff,2025,4,579,Queens,Rosedale,false,0.0607
yellow,203,dropoff,2025,5,623,Queens,Rosedale,false,0.0607
yellow,203,dropoff,2025,6,601,Queens,Rosedale,false,0.0607
yellow,203,pickup,2024,2,131,Queens,Rosedale,false,0.2201
yellow,203,pickup,2024,3,170,Queens,Rosedale,false,0.2201
yellow,203,pickup,2024,4,168,Queens,Rosedale,false,0.2201
yellow,203,pickup,2024,5,155,Queens,Rosedale,false,0.2201
yellow,203,pickup,2024,6,171,Queens,Rosedale,false,0.2201
yellow,203,pickup,2025,2,131,Queens,Rosedale,false,0.2201
yellow,203,pickup,2025,3,162,Queens,Rosedale,false,0.2201
yellow,203,pickup,2025,4,168,Queens,Rosedale,false,0.2201
yellow,203,pickup,2025,5,145,Queens,Rosedale,false,0.2201
yellow,203,pickup,2025,6,130,Queens,Rosedale,false,0.2201
yellow,204,dropoff,2024,2,4,Staten Island,Rossville/Woodrow,false,0.4906
yellow,204,dropoff,2024,3,14,Staten Island,Rossville/Woodrow,false,0.4906
yellow,204,dropoff,2024,4,4,Staten Island,Rossville/Woodrow,false,0.4906
yellow,204,dropoff,2024,5,15,Staten Island,Rossville/Woodrow,false,0.4906
yellow,204,dropoff,2024,6,16,Staten Island,Rossville/Woodrow,false,0.4906
yellow,204,dropoff,2025,2,7,Staten Island,Rossville/Woodrow,false,0.4906
yellow,204,dropoff,2025,3,4,Staten Island,Rossville/Woodrow,false,0.4906
yellow,204,dropoff,2025,4,21,Staten Island,Rossville/Woodrow,false,0.4906
yellow,204,dropoff,2025,5,15,Staten Island,Rossville/Woodrow,false,0.4906
yellow,204,dropoff,2025,6,12,Staten Island,Rossville/Woodrow,false,0.4906
yellow,204,pickup,2025,3,1,Staten Island,Rossville/Woodrow,false,
yellow,204,pickup,2025,6,1,Staten Island,Rossville/Woodrow,false,
yellow,205,dropoff,2024,2,875,Queens,Saint Albans,false,0.0577
yellow,205,dropoff,2024,3,1012,Queens,Saint Albans,false,0.0577
yellow,205,dropoff,2024,4,1019,Queens,Saint Albans,false,0.0577
yellow,205,dropoff,2024,5,1142,Queens,Saint Albans,false,0.0577
yellow,205,dropoff,2024,6,1029,Queens,Saint Albans,false,0.0577
yellow,205,dropoff,2025,2,784,Queens,Saint Albans,false,0.0577
yellow,205,dropoff,2025,3,904,Queens,Saint Albans,false,0.0577
yellow,205,dropoff,2025,4,930,Queens,Saint Albans,false,0.0577
yellow,205,dropoff,2025,5,1029,Queens,Saint Albans,false,0.0577
yellow,205,dropoff,2025,6,1099,Queens,Saint Albans,false,0.0577
yellow,205,pickup,2024,2,286,Queens,Saint Albans,false,0.144
yellow,205,pickup,2024,3,380,Queens,Saint Albans,false,0.144
yellow,205,pickup,2024,4,346,Queens,Saint Albans,false,0.144
yellow,205,pickup,2024,5,380,Queens,Saint Albans,false,0.144
yellow,205,pickup,2024,6,316,Queens,Saint Albans,false,0.144
yellow,205,pickup,2025,2,285,Queens,Saint Albans,false,0.144
yellow,205,pickup,2025,3,352,Queens,Saint Albans,false,0.144
yellow,205,pickup,2025,4,368,Queens,Saint Albans,false,0.144
yellow,205,pickup,2025,5,328,Queens,Saint Albans,false,0.144
yellow,205,pickup,2025,6,330,Queens,Saint Albans,false,0.144
yellow,206,dropoff,2024,2,54,Staten Island,Saint George/New Brighton,false,0.3498
yellow,206,dropoff,2024,3,47,Staten Island,Saint George/New Brighton,false,0.3498
yellow,206,dropoff,2024,4,66,Staten Island,Saint George/New Brighton,false,0.3498
yellow,206,dropoff,2024,5,66,Staten Island,Saint George/New Brighton,false,0.3498
yellow,206,dropoff,2024,6,70,Staten Island,Saint George/New Brighton,false,0.3498
yellow,206,dropoff,2025,2,49,Staten Island,Saint George/New Brighton,false,0.3498
yellow,206,dropoff,2025,3,51,Staten Island,Saint George/New Brighton,false,0.3498
yellow,206,dropoff,2025,4,52,Staten Island,Saint George/New Brighton,false,0.3498
yellow,206,dropoff,2025,5,72,Staten Island,Saint George/New Brighton,false,0.3498
yellow,206,dropoff,2025,6,56,Staten Island,Saint George/New Brighton,false,0.3498
yellow,206,pickup,2024,2,1,Staten Island,Saint George/New Brighton,false,0.6
yellow,206,pickup,2024,3,3,Staten Island,Saint George/New Brighton,false,0.6
yellow,206,pickup,2024,5,1,Staten Island,Saint George/New Brighton,false,0.6
yellow,206,pickup,2025,2,1,Staten Island,Saint George/New Brighton,false,0.6
yellow,206,pickup,2025,4,1,Staten Island,Saint George/New Brighton,false,0.6
yellow,206,pickup,2025,5,3,Staten Island,Saint George/New Brighton,false,0.6
yellow,206,pickup,2025,6,1,Staten Island,Saint George/New Brighton,false,0.6
yellow,207,dropoff,2024,2,39,Queens,Saint Michaels Cemetery/Woodside,false,0.1137
yellow,207,dropoff,2024,3,41,Queens,Saint Michaels Cemetery/Woodside,false,0.1137
yellow,207,dropoff,2024,4,46,Queens,Saint Michaels Cemetery/Woodside,false,0.1137
yellow,207,dropoff,2024,5,47,Queens,Saint Michaels Cemetery/Woodside,false,0.1137
yellow,207,dropoff,2024,6,38,Queens,Saint Michaels Cemetery/Woodside,false,0.1137
yellow,207,dropoff,2025,2,24,Queens,Saint Michaels Cemetery/Woodside,false,0.1137
yellow,207,dropoff,2025,3,45,Queens,Saint Michaels Cemetery/Woodside,false,0.1137
yellow,207,dropoff,2025,4,61,Queens,Saint Michaels Cemetery/Woodside,false,0.1137
yellow,207,dropoff,2025,5,51,Queens,Saint Michaels Cemetery/Woodside,false,0.1137
yellow,207,dropoff,2025,6,55,Queens,Saint Michaels Cemetery/Woodside,false,0.1137
yellow,207,pickup,2024,2,36,Queens,Saint Michaels Cemetery/Woodside,false,0.3562
yellow,207,pickup,2024,3,49,Queens,Saint Michaels Cemetery/Woodside,false,0.3562
yellow,207,pickup,2024,4,63,Queens,Saint Michaels Cemetery/Woodside,false,0.3562
yellow,207,pickup,2024,5,71,Queens,Saint Michaels Cemetery/Woodside,false,0.3562
yellow,207,pickup,2024,6,73,Queens,Saint Michaels Cemetery/Woodside,false,0.3562
yellow,207,pickup,2025,2,66,Queens,Saint Michaels Cemetery/Woodside,false,0.3562
yellow,207,pickup,2025,3,81,Queens,Saint Michaels Cemetery/Woodside,false,0.3562
yellow,207,pickup,2025,4,99,Queens,Saint Michaels Cemetery/Woodside,false,0.3562
yellow,207,pickup,2025,5,127,Queens,Saint Michaels Cemetery/Woodside,false,0.3562
yellow,207,pickup,2025,6,135,Queens,Saint Michaels Cemetery/Woodside,false,0.3562
yellow,208,dropoff,2024,2,378,Bronx,Schuylerville/Edgewater Park,false,0.1666
yellow,208,dropoff,2024,3,415,Bronx,Schuylerville/Edgewater Park,false,0.1666
yellow,208,dropoff,2024,4,422,Bronx,Schuylerville/Edgewater Park,false,0.1666
yellow,208,dropoff,2024,5,449,Bronx,Schuylerville/Edgewater Park,false,0.1666
yellow,208,dropoff,2024,6,467,Bronx,Schuylerville/Edgewater Park,false,0.1666
yellow,208,dropoff,2025,2,301,Bronx,Schuylerville/Edgewater Park,false,0.1666
yellow,208,dropoff,2025,3,406,Bronx,Schuylerville/Edgewater Park,false,0.1666
yellow,208,dropoff,2025,4,388,Bronx,Schuylerville/Edgewater Park,false,0.1666
yellow,208,dropoff,2025,5,435,Bronx,Schuylerville/Edgewater Park,false,0.1666
yellow,208,dropoff,2025,6,431,Bronx,Schuylerville/Edgewater Park,false,0.1666
yellow,208,pickup,2024,2,102,Bronx,Schuylerville/Edgewater Park,false,0.2035
yellow,208,pickup,2024,3,114,Bronx,Schuylerville/Edgewater Park,false,0.2035
yellow,208,pickup,2024,4,90,Bronx,Schuylerville/Edgewater Park,false,0.2035
yellow,208,pickup,2024,5,119,Bronx,Schuylerville/Edgewater Park,false,0.2035
yellow,208,pickup,2024,6,86,Bronx,Schuylerville/Edgewater Park,false,0.2035
yellow,208,pickup,2025,2,103,Bronx,Schuylerville/Edgewater Park,false,0.2035
yellow,208,pickup,2025,3,87,Bronx,Schuylerville/Edgewater Park,false,0.2035
yellow,208,pickup,2025,4,109,Bronx,Schuylerville/Edgewater Park,false,0.2035
yellow,208,pickup,2025,5,113,Bronx,Schuylerville/Edgewater Park,false,0.2035
yellow,208,pickup,2025,6,160,Bronx,Schuylerville/Edgewater Park,false,0.2035
yellow,209,dropoff,2024,2,7033,Manhattan,Seaport,true,1.0
yellow,209,dropoff,2024,3,8224,Manhattan,Seaport,true,1.0
yellow,209,dropoff,2024,4,8177,Manhattan,Seaport,true,1.0
yellow,209,dropoff,2024,5,8870,Manhattan,Seaport,true,1.0
yellow,209,dropoff,2024,6,8518,Manhattan,Seaport,true,1.0
yellow,209,dropoff,2025,2,6305,Manhattan,Seaport,true,1.0
yellow,209,dropoff,2025,3,7777,Manhattan,Seaport,true,1.0
yellow,209,dropoff,2025,4,7767,Manhattan,Seaport,true,1.0
yellow,209,dropoff,2025,5,8532,Manhattan,Seaport,true,1.0
yellow,209,dropoff,2025,6,7910,Manhattan,Seaport,true,1.0
yellow,209,pickup,2024,2,4149,Manhattan,Seaport,true,1.0
yellow,209,pickup,2024,3,5065,Manhattan,Seaport,true,1.0
yellow,209,pickup,2024,4,4938,Manhattan,Seaport,true,1.0
yellow,209,pickup,2024,5,5884,Manhattan,Seaport,true,1.0
yellow,209,pickup,2024,6,6300,Manhattan,Seaport,true,1.0
yellow,209,pickup,2025,2,3737,Manhattan,Seaport,true,1.0
yellow,209,pickup,2025,3,4812,Manhattan,Seaport,true,1.0
yellow,209,pickup,2025,4,5082,Manhattan,Seaport,true,1.0
yellow,209,pickup,2025,5,6152,Manhattan,Seaport,true,1.0
yellow,209,pickup,2025,6,5652,Manhattan,Seaport,true,1.0
yellow,210,dropoff,2024,2,445,Brooklyn,Sheepshead Bay,false,0.1945
yellow,210,dropoff,2024,3,529,Brooklyn,Sheepshead Bay,false,0.1945
yellow,210,dropoff,2024,4,582,Brooklyn,Sheepshead Bay,false,0.1945
yellow,210,dropoff,2024,5,628,Brooklyn,Sheepshead Bay,false,0.1945
yellow,210,dropoff,2024,6,551,Brooklyn,Sheepshead Bay,false,0.1945
yellow,210,dropoff,2025,2,447,Brooklyn,Sheepshead Bay,false,0.1945
yellow,210,dropoff,2025,3,547,Brooklyn,Sheepshead Bay,false,0.1945
yellow,210,dropoff,2025,4,550,Brooklyn,Sheepshead Bay,false,0.1945
yellow,210,dropoff,2025,5,665,Brooklyn,Sheepshead Bay,false,0.1945
yellow,210,dropoff,2025,6,581,Brooklyn,Sheepshead Bay,false,0.1945
yellow,210,pickup,2024,2,189,Brooklyn,Sheepshead Bay,false,0.2451
yellow,210,pickup,2024,3,271,Brooklyn,Sheepshead Bay,false,0.2451
yellow,210,pickup,2024,4,282,Brooklyn,Sheepshead Bay,false,0.2451
yellow,210,pickup,2024,5,265,Brooklyn,Sheepshead Bay,false,0.2451
yellow,210,pickup,2024,6,270,Brooklyn,Sheepshead Bay,false,0.2451
yellow,210,pickup,2025,2,283,Brooklyn,Sheepshead Bay,false,0.2451
yellow,210,pickup,2025,3,337,Brooklyn,Sheepshead Bay,false,0.2451
yellow,210,pickup,2025,4,311,Brooklyn,Sheepshead Bay,false,0.2451
yellow,210,pickup,2025,5,326,Brooklyn,Sheepshead Bay,false,0.2451
yellow,210,pickup,2025,6,333,Brooklyn,Sheepshead Bay,false,0.2451
yellow,211,dropoff,2024,2,23126,Manhattan,SoHo,true,1.0
yellow,211,dropoff,2024,3,24677,Manhattan,SoHo,true,1.0
yellow,211,dropoff,2024,4,24555,Manhattan,SoHo,true,1.0
yellow,211,dropoff,2024,5,26644,Manhattan,SoHo,true,1.0
yellow,211,dropoff,2024,6,25655,Manhattan,SoHo,true,1.0
yellow,211,dropoff,2025,2,23109,Manhattan,SoHo,true,1.0
yellow,211,dropoff,2025,3,26340,Manhattan,SoHo,true,1.0
yellow,211,dropoff,2025,4,26755,Manhattan,SoHo,true,1.0
yellow,211,dropoff,2025,5,28314,Manhattan,SoHo,true,1.0
yellow,211,dropoff,2025,6,24918,Manhattan,SoHo,true,1.0
yellow,211,pickup,2024,2,21827,Manhattan,SoHo,true,1.0
yellow,211,pickup,2024,3,22772,Manhattan,SoHo,true,1.0
yellow,211,pickup,2024,4,22017,Manhattan,SoHo,true,1.0
yellow,211,pickup,2024,5,24788,Manhattan,SoHo,true,1.0
yellow,211,pickup,2024,6,24210,Manhattan,SoHo,true,1.0
yellow,211,pickup,2025,2,21496,Manhattan,SoHo,true,1.0
yellow,211,pickup,2025,3,24957,Manhattan,SoHo,true,1.0
yellow,211,pickup,2025,4,25009,Manhattan,SoHo,true,1.0
yellow,211,pickup,2025,5,26079,Manhattan,SoHo,true,1.0
yellow,211,pickup,2025,6,22663,Manhattan,SoHo,true,1.0
yellow,212,dropoff,2024,2,215,Bronx,Soundview/Bruckner,false,0.2553
yellow,212,dropoff,2024,3,250,Bronx,Soundview/Bruckner,false,0.2553
yellow,212,dropoff,2024,4,242,Bronx,Soundview/Bruckner,false,0.2553
yellow,212,dropoff,2024,5,265,Bronx,Soundview/Bruckner,false,0.2553
yellow,212,dropoff,2024,6,262,Bronx,Soundview/Bruckner,false,0.2553
yellow,212,dropoff,2025,2,209,Bronx,Soundview/Bruckner,false,0.2553
yellow,212,dropoff,2025,3,206,Bronx,Soundview/Bruckner,false,0.2553
yellow,212,dropoff,2025,4,266,Bronx,Soundview/Bruckner,false,0.2553
yellow,212,dropoff,2025,5,248,Bronx,Soundview/Bruckner,false,0.2553
yellow,212,dropoff,2025,6,265,Bronx,Soundview/Bruckner,false,0.2553
yellow,212,pickup,2024,2,75,Bronx,Soundview/Bruckner,false,0.2593
yellow,212,pickup,2024,3,105,Bronx,Soundview/Bruckner,false,0.2593
yellow,212,pickup,2024,4,89,Bronx,Soundview/Bruckner,false,0.2593
yellow,212,pickup,2024,5,102,Bronx,Soundview/Bruckner,false,0.2593
yellow,212,pickup,2024,6,61,Bronx,Soundview/Bruckner,false,0.2593
yellow,212,pickup,2025,2,115,Bronx,Soundview/Bruckner,false,0.2593
yellow,212,pickup,2025,3,119,Bronx,Soundview/Bruckner,false,0.2593
yellow,212,pickup,2025,4,137,Bronx,Soundview/Bruckner,false,0.2593
yellow,212,pickup,2025,5,153,Bronx,Soundview/Bruckner,false,0.2593
yellow,212,pickup,2025,6,125,Bronx,Soundview/Bruckner,false,0.2593
yellow,213,dropoff,2024,2,487,Bronx,Soundview/Castle Hill,false,0.2137
yellow,213,dropoff,2024,3,537,Bronx,Soundview/Castle Hill,false,0.2137
yellow,213,dropoff,2024,4,559,Bronx,Soundview/Castle Hill,false,0.2137
yellow,213,dropoff,2024,5,606,Bronx,Soundview/Castle Hill,false,0.2137
yellow,213,dropoff,2024,6,511,Bronx,Soundview/Castle Hill,false,0.2137
yellow,213,dropoff,2025,2,446,Bronx,Soundview/Castle Hill,false,0.2137
yellow,213,dropoff,2025,3,509,Bronx,Soundview/Castle Hill,false,0.2137
yellow,213,dropoff,2025,4,524,Bronx,Soundview/Castle Hill,false,0.2137
yellow,213,dropoff,2025,5,537,Bronx,Soundview/Castle Hill,false,0.2137
yellow,213,dropoff,2025,6,616,Bronx,Soundview/Castle Hill,false,0.2137
yellow,213,pickup,2024,2,264,Bronx,Soundview/Castle Hill,false,0.298
yellow,213,pickup,2024,3,296,Bronx,Soundview/Castle Hill,false,0.298
yellow,213,pickup,2024,4,310,Bronx,Soundview/Castle Hill,false,0.298
yellow,213,pickup,2024,5,301,Bronx,Soundview/Castle Hill,false,0.298
yellow,213,pickup,2024,6,282,Bronx,Soundview/Castle Hill,false,0.298
yellow,213,pickup,2025,2,281,Bronx,Soundview/Castle Hill,false,0.298
yellow,213,pickup,2025,3,310,Bronx,Soundview/Castle Hill,false,0.298
yellow,213,pickup,2025,4,292,Bronx,Soundview/Castle Hill,false,0.298
yellow,213,pickup,2025,5,343,Bronx,Soundview/Castle Hill,false,0.298
yellow,213,pickup,2025,6,342,Bronx,Soundview/Castle Hill,false,0.298
yellow,214,dropoff,2024,2,41,Staten Island,South Beach/Dongan Hills,false,0.3906
yellow,214,dropoff,2024,3,47,Staten Island,South Beach/Dongan Hills,false,0.3906
yellow,214,dropoff,2024,4,49,Staten Island,South Beach/Dongan Hills,false,0.3906
yellow,214,dropoff,2024,5,48,Staten Island,South Beach/Dongan Hills,false,0.3906
yellow,214,dropoff,2024,6,48,Staten Island,South Beach/Dongan Hills,false,0.3906
yellow,214,dropoff,2025,2,46,Staten Island,South Beach/Dongan Hills,false,0.3906
yellow,214,dropoff,2025,3,41,Staten Island,South Beach/Dongan Hills,false,0.3906
yellow,214,dropoff,2025,4,43,Staten Island,South Beach/Dongan Hills,false,0.3906
yellow,214,dropoff,2025,5,63,Staten Island,South Beach/Dongan Hills,false,0.3906
yellow,214,dropoff,2025,6,58,Staten Island,South Beach/Dongan Hills,false,0.3906
yellow,214,pickup,2024,2,4,Staten Island,South Beach/Dongan Hills,false,0.1818
yellow,214,pickup,2024,3,1,Staten Island,South Beach/Dongan Hills,false,0.1818
yellow,214,pickup,2024,4,2,Staten Island,South Beach/Dongan Hills,false,0.1818
yellow,214,pickup,2024,5,3,Staten Island,South Beach/Dongan Hills,false,0.1818
yellow,214,pickup,2024,6,1,Staten Island,South Beach/Dongan Hills,false,0.1818
yellow,214,pickup,2025,2,2,Staten Island,South Beach/Dongan Hills,false,0.1818
yellow,214,pickup,2025,3,2,Staten Island,South Beach/Dongan Hills,false,0.1818
yellow,214,pickup,2025,4,2,Staten Island,South Beach/Dongan Hills,false,0.1818
yellow,214,pickup,2025,5,5,Staten Island,South Beach/Dongan Hills,false,0.1818
yellow,214,pickup,2025,6,2,Staten Island,South Beach/Dongan Hills,false,0.1818
yellow,215,dropoff,2024,2,689,Queens,South Jamaica,false,0.06
yellow,215,dropoff,2024,3,875,Queens,South Jamaica,false,0.06
yellow,215,dropoff,2024,4,878,Queens,South Jamaica,false,0.06
yellow,215,dropoff,2024,5,876,Queens,South Jamaica,false,0.06
yellow,215,dropoff,2024,6,781,Queens,South Jamaica,false,0.06
yellow,215,dropoff,2025,2,629,Queens,South Jamaica,false,0.06
yellow,215,dropoff,2025,3,905,Queens,South Jamaica,false,0.06
yellow,215,dropoff,2025,4,879,Queens,South Jamaica,false,0.06
yellow,215,dropoff,2025,5,860,Queens,South Jamaica,false,0.06
yellow,215,dropoff,2025,6,864,Queens,South Jamaica,false,0.06
yellow,215,pickup,2024,2,483,Queens,South Jamaica,false,0.3168
yellow,215,pickup,2024,3,661,Queens,South Jamaica,false,0.3168
yellow,215,pickup,2024,4,618,Queens,South Jamaica,false,0.3168
yellow,215,pickup,2024,5,558,Queens,South Jamaica,false,0.3168
yellow,215,pickup,2024,6,445,Queens,South Jamaica,false,0.3168
yellow,215,pickup,2025,2,386,Queens,South Jamaica,false,0.3168
yellow,215,pickup,2025,3,544,Queens,South Jamaica,false,0.3168
yellow,215,pickup,2025,4,543,Queens,South Jamaica,false,0.3168
yellow,215,pickup,2025,5,498,Queens,South Jamaica,false,0.3168
yellow,215,pickup,2025,6,490,Queens,South Jamaica,false,0.3168
yellow,216,dropoff,2024,2,2308,Queens,South Ozone Park,false,0.0716
yellow,216,dropoff,2024,3,2623,Queens,South Ozone Park,false,0.0716
yellow,216,dropoff,2024,4,2778,Queens,South Ozone Park,false,0.0716
yellow,216,dropoff,2024,5,3131,Queens,South Ozone Park,false,0.0716
yellow,216,dropoff,2024,6,3300,Queens,South Ozone Park,false,0.0716
yellow,216,dropoff,2025,2,2062,Queens,South Ozone Park,false,0.0716
yellow,216,dropoff,2025,3,2913,Queens,South Ozone Park,false,0.0716
yellow,216,dropoff,2025,4,2879,Queens,South Ozone Park,false,0.0716
yellow,216,dropoff,2025,5,3375,Queens,South Ozone Park,false,0.0716
yellow,216,dropoff,2025,6,3314,Queens,South Ozone Park,false,0.0716
yellow,216,pickup,2024,2,489,Queens,South Ozone Park,false,0.113
yellow,216,pickup,2024,3,706,Queens,South Ozone Park,false,0.113
yellow,216,pickup,2024,4,751,Queens,South Ozone Park,false,0.113
yellow,216,pickup,2024,5,841,Queens,South Ozone Park,false,0.113
yellow,216,pickup,2024,6,850,Queens,South Ozone Park,false,0.113
yellow,216,pickup,2025,2,789,Queens,South Ozone Park,false,0.113
yellow,216,pickup,2025,3,1111,Queens,South Ozone Park,false,0.113
yellow,216,pickup,2025,4,1217,Queens,South Ozone Park,false,0.113
yellow,216,pickup,2025,5,1463,Queens,South Ozone Park,false,0.113
yellow,216,pickup,2025,6,1173,Queens,South Ozone Park,false,0.113
yellow,217,dropoff,2024,2,1139,Brooklyn,South Williamsburg,false,0.5135
yellow,217,dropoff,2024,3,1113,Brooklyn,South Williamsburg,false,0.5135
yellow,217,dropoff,2024,4,862,Brooklyn,South Williamsburg,false,0.5135
yellow,217,dropoff,2024,5,1244,Brooklyn,South Williamsburg,false,0.5135
yellow,217,dropoff,2024,6,994,Brooklyn,South Williamsburg,false,0.5135
yellow,217,dropoff,2025,2,1040,Brooklyn,South Williamsburg,false,0.5135
yellow,217,dropoff,2025,3,1141,Brooklyn,South Williamsburg,false,0.5135
yellow,217,dropoff,2025,4,963,Brooklyn,South Williamsburg,false,0.5135
yellow,217,dropoff,2025,5,1258,Brooklyn,South Williamsburg,false,0.5135
yellow,217,dropoff,2025,6,1031,Brooklyn,South Williamsburg,false,0.5135
yellow,217,pickup,2024,2,99,Brooklyn,South Williamsburg,false,0.2552
yellow,217,pickup,2024,3,107,Brooklyn,South Williamsburg,false,0.2552
yellow,217,pickup,2024,4,101,Brooklyn,South Williamsburg,false,0.2552
yellow,217,pickup,2024,5,114,Brooklyn,South Williamsburg,false,0.2552
yellow,217,pickup,2024,6,108,Brooklyn,South Williamsburg,false,0.2552
yellow,217,pickup,2025,2,120,Brooklyn,South Williamsburg,false,0.2552
yellow,217,pickup,2025,3,124,Brooklyn,South Williamsburg,false,0.2552
yellow,217,pickup,2025,4,106,Brooklyn,South Williamsburg,false,0.2552
yellow,217,pickup,2025,5,145,Brooklyn,South Williamsburg,false,0.2552
yellow,217,pickup,2025,6,149,Brooklyn,South Williamsburg,false,0.2552
yellow,218,dropoff,2024,2,636,Queens,Springfield Gardens North,false,0.0558
yellow,218,dropoff,2024,3,758,Queens,Springfield Gardens North,false,0.0558
yellow,218,dropoff,2024,4,773,Queens,Springfield Gardens North,false,0.0558
yellow,218,dropoff,2024,5,845,Queens,Springfield Gardens North,false,0.0558
yellow,218,dropoff,2024,6,769,Queens,Springfield Gardens North,false,0.0558
yellow,218,dropoff,2025,2,621,Queens,Springfield Gardens North,false,0.0558
yellow,218,dropoff,2025,3,819,Queens,Springfield Gardens North,false,0.0558
yellow,218,dropoff,2025,4,752,Queens,Springfield Gardens North,false,0.0558
yellow,218,dropoff,2025,5,925,Queens,Springfield Gardens North,false,0.0558
yellow,218,dropoff,2025,6,975,Queens,Springfield Gardens North,false,0.0558
yellow,218,pickup,2024,2,284,Queens,Springfield Gardens North,false,0.1327
yellow,218,pickup,2024,3,383,Queens,Springfield Gardens North,false,0.1327
yellow,218,pickup,2024,4,343,Queens,Springfield Gardens North,false,0.1327
yellow,218,pickup,2024,5,335,Queens,Springfield Gardens North,false,0.1327
yellow,218,pickup,2024,6,275,Queens,Springfield Gardens North,false,0.1327
yellow,218,pickup,2025,2,248,Queens,Springfield Gardens North,false,0.1327
yellow,218,pickup,2025,3,325,Queens,Springfield Gardens North,false,0.1327
yellow,218,pickup,2025,4,311,Queens,Springfield Gardens North,false,0.1327
yellow,218,pickup,2025,5,264,Queens,Springfield Gardens North,false,0.1327
yellow,218,pickup,2025,6,313,Queens,Springfield Gardens North,false,0.1327
yellow,219,dropoff,2024,2,1011,Queens,Springfield Gardens South,false,0.051
yellow,219,dropoff,2024,3,1212,Queens,Springfield Gardens South,false,0.051
yellow,219,dropoff,2024,4,1295,Queens,Springfield Gardens South,false,0.051
yellow,219,dropoff,2024,5,1269,Queens,Springfield Gardens South,false,0.051
yellow,219,dropoff,2024,6,1317,Queens,Springfield Gardens South,false,0.051
yellow,219,dropoff,2025,2,883,Queens,Springfield Gardens South,false,0.051
yellow,219,dropoff,2025,3,1168,Queens,Springfield Gardens South,false,0.051
yellow,219,dropoff,2025,4,1149,Queens,Springfield Gardens South,false,0.051
yellow,219,dropoff,2025,5,1403,Queens,Springfield Gardens South,false,0.051
yellow,219,dropoff,2025,6,1351,Queens,Springfield Gardens South,false,0.051
yellow,219,pickup,2024,2,365,Queens,Springfield Gardens South,false,0.2774
yellow,219,pickup,2024,3,425,Queens,Springfield Gardens South,false,0.2774
yellow,219,pickup,2024,4,395,Queens,Springfield Gardens South,false,0.2774
yellow,219,pickup,2024,5,417,Queens,Springfield Gardens South,false,0.2774
yellow,219,pickup,2024,6,402,Queens,Springfield Gardens South,false,0.2774
yellow,219,pickup,2025,2,395,Queens,Springfield Gardens South,false,0.2774
yellow,219,pickup,2025,3,471,Queens,Springfield Gardens South,false,0.2774
yellow,219,pickup,2025,4,404,Queens,Springfield Gardens South,false,0.2774
yellow,219,pickup,2025,5,498,Queens,Springfield Gardens South,false,0.2774
yellow,219,pickup,2025,6,503,Queens,Springfield Gardens South,false,0.2774
yellow,220,dropoff,2024,2,1033,Bronx,Spuyten Duyvil/Kingsbridge,false,0.3258
yellow,220,dropoff,2024,3,1148,Bronx,Spuyten Duyvil/Kingsbridge,false,0.3258
yellow,220,dropoff,2024,4,1153,Bronx,Spuyten Duyvil/Kingsbridge,false,0.3258
yellow,220,dropoff,2024,5,1194,Bronx,Spuyten Duyvil/Kingsbridge,false,0.3258
yellow,220,dropoff,2024,6,1021,Bronx,Spuyten Duyvil/Kingsbridge,false,0.3258
yellow,220,dropoff,2025,2,959,Bronx,Spuyten Duyvil/Kingsbridge,false,0.3258
yellow,220,dropoff,2025,3,1145,Bronx,Spuyten Duyvil/Kingsbridge,false,0.3258
yellow,220,dropoff,2025,4,1159,Bronx,Spuyten Duyvil/Kingsbridge,false,0.3258
yellow,220,dropoff,2025,5,1264,Bronx,Spuyten Duyvil/Kingsbridge,false,0.3258
yellow,220,dropoff,2025,6,1115,Bronx,Spuyten Duyvil/Kingsbridge,false,0.3258
yellow,220,pickup,2024,2,89,Bronx,Spuyten Duyvil/Kingsbridge,false,0.2569
yellow,220,pickup,2024,3,135,Bronx,Spuyten Duyvil/Kingsbridge,false,0.2569
yellow,220,pickup,2024,4,165,Bronx,Spuyten Duyvil/Kingsbridge,false,0.2569
yellow,220,pickup,2024,5,146,Bronx,Spuyten Duyvil/Kingsbridge,false,0.2569
yellow,220,pickup,2024,6,119,Bronx,Spuyten Duyvil/Kingsbridge,false,0.2569
yellow,220,pickup,2025,2,150,Bronx,Spuyten Duyvil/Kingsbridge,false,0.2569
yellow,220,pickup,2025,3,168,Bronx,Spuyten Duyvil/Kingsbridge,false,0.2569
yellow,220,pickup,2025,4,196,Bronx,Spuyten Duyvil/Kingsbridge,false,0.2569
yellow,220,pickup,2025,5,170,Bronx,Spuyten Duyvil/Kingsbridge,false,0.2569
yellow,220,pickup,2025,6,194,Bronx,Spuyten Duyvil/Kingsbridge,false,0.2569
yellow,221,dropoff,2024,2,37,Staten Island,Stapleton,false,0.2574
yellow,221,dropoff,2024,3,60,Staten Island,Stapleton,false,0.2574
yellow,221,dropoff,2024,4,54,Staten Island,Stapleton,false,0.2574
yellow,221,dropoff,2024,5,80,Staten Island,Stapleton,false,0.2574
yellow,221,dropoff,2024,6,72,Staten Island,Stapleton,false,0.2574
yellow,221,dropoff,2025,2,37,Staten Island,Stapleton,false,0.2574
yellow,221,dropoff,2025,3,56,Staten Island,Stapleton,false,0.2574
yellow,221,dropoff,2025,4,54,Staten Island,Stapleton,false,0.2574
yellow,221,dropoff,2025,5,77,Staten Island,Stapleton,false,0.2574
yellow,221,dropoff,2025,6,58,Staten Island,Stapleton,false,0.2574
yellow,221,pickup,2024,2,1,Staten Island,Stapleton,false,0.2941
yellow,221,pickup,2024,3,4,Staten Island,Stapleton,false,0.2941
yellow,221,pickup,2024,5,6,Staten Island,Stapleton,false,0.2941
yellow,221,pickup,2024,6,6,Staten Island,Stapleton,false,0.2941
yellow,221,pickup,2025,2,1,Staten Island,Stapleton,false,0.2941
yellow,221,pickup,2025,4,8,Staten Island,Stapleton,false,0.2941
yellow,221,pickup,2025,5,4,Staten Island,Stapleton,false,0.2941
yellow,221,pickup,2025,6,2,Staten Island,Stapleton,false,0.2941
yellow,222,dropoff,2024,2,363,Brooklyn,Starrett City,false,0.128
yellow,222,dropoff,2024,3,415,Brooklyn,Starrett City,false,0.128
yellow,222,dropoff,2024,4,450,Brooklyn,Starrett City,false,0.128
yellow,222,dropoff,2024,5,515,Brooklyn,Starrett City,false,0.128
yellow,222,dropoff,2024,6,437,Brooklyn,Starrett City,false,0.128
yellow,222,dropoff,2025,2,413,Brooklyn,Starrett City,false,0.128
yellow,222,dropoff,2025,3,494,Brooklyn,Starrett City,false,0.128
yellow,222,dropoff,2025,4,503,Brooklyn,Starrett City,false,0.128
yellow,222,dropoff,2025,5,477,Brooklyn,Starrett City,false,0.128
yellow,222,dropoff,2025,6,560,Brooklyn,Starrett City,false,0.128
yellow,222,pickup,2024,2,297,Brooklyn,Starrett City,false,0.1773
yellow,222,pickup,2024,3,345,Brooklyn,Starrett City,false,0.1773
yellow,222,pickup,2024,4,357,Brooklyn,Starrett City,false,0.1773
yellow,222,pickup,2024,5,457,Brooklyn,Starrett City,false,0.1773
yellow,222,pickup,2024,6,349,Brooklyn,Starrett City,false,0.1773
yellow,222,pickup,2025,2,353,Brooklyn,Starrett City,false,0.1773
yellow,222,pickup,2025,3,399,Brooklyn,Starrett City,false,0.1773
yellow,222,pickup,2025,4,407,Brooklyn,Starrett City,false,0.1773
yellow,222,pickup,2025,5,407,Brooklyn,Starrett City,false,0.1773
yellow,222,pickup,2025,6,454,Brooklyn,Starrett City,false,0.1773
yellow,223,dropoff,2024,2,3149,Queens,Steinway,false,0.3791
yellow,223,dropoff,2024,3,3765,Queens,Steinway,false,0.3791
yellow,223,dropoff,2024,4,3531,Queens,Steinway,false,0.3791
yellow,223,dropoff,2024,5,3504,Queens,Steinway,false,0.3791
yellow,223,dropoff,2024,6,3270,Queens,Steinway,false,0.3791
yellow,223,dropoff,2025,2,2746,Queens,Steinway,false,0.3791
yellow,223,dropoff,2025,3,3494,Queens,Steinway,false,0.3791
yellow,223,dropoff,2025,4,3061,Queens,Steinway,false,0.3791
yellow,223,dropoff,2025,5,3640,Queens,Steinway,false,0.3791
yellow,223,dropoff,2025,6,3191,Queens,Steinway,false,0.3791
yellow,223,pickup,2024,2,428,Queens,Steinway,false,0.1874
yellow,223,pickup,2024,3,536,Queens,Steinway,false,0.1874
yellow,223,pickup,2024,4,525,Queens,Steinway,false,0.1874
yellow,223,pickup,2024,5,602,Queens,Steinway,false,0.1874
yellow,223,pickup,2024,6,529,Queens,Steinway,false,0.1874
yellow,223,pickup,2025,2,453,Queens,Steinway,false,0.1874
yellow,223,pickup,2025,3,630,Queens,Steinway,false,0.1874
yellow,223,pickup,2025,4,558,Queens,Steinway,false,0.1874
yellow,223,pickup,2025,5,635,Queens,Steinway,false,0.1874
yellow,223,pickup,2025,6,693,Queens,Steinway,false,0.1874
yellow,224,dropoff,2024,2,11054,Manhattan,Stuy Town/Peter Cooper Village,true,1.0
yellow,224,dropoff,2024,3,12279,Manhattan,Stuy Town/Peter Cooper Village,true,1.0
yellow,224,dropoff,2024,4,11420,Manhattan,Stuy Town/Peter Cooper Village,true,1.0
yellow,224,dropoff,2024,5,12265,Manhattan,Stuy Town/Peter Cooper Village,true,1.0
yellow,224,dropoff,2024,6,11553,Manhattan,Stuy Town/Peter Cooper Village,true,1.0
yellow,224,dropoff,2025,2,10451,Manhattan,Stuy Town/Peter Cooper Village,true,1.0
yellow,224,dropoff,2025,3,12280,Manhattan,Stuy Town/Peter Cooper Village,true,1.0
yellow,224,dropoff,2025,4,11269,Manhattan,Stuy Town/Peter Cooper Village,true,1.0
yellow,224,dropoff,2025,5,11854,Manhattan,Stuy Town/Peter Cooper Village,true,1.0
yellow,224,dropoff,2025,6,10828,Manhattan,Stuy Town/Peter Cooper Village,true,1.0
yellow,224,pickup,2024,2,2858,Manhattan,Stuy Town/Peter Cooper Village,true,1.0
yellow,224,pickup,2024,3,3228,Manhattan,Stuy Town/Peter Cooper Village,true,1.0
yellow,224,pickup,2024,4,2922,Manhattan,Stuy Town/Peter Cooper Village,true,1.0
yellow,224,pickup,2024,5,3260,Manhattan,Stuy Town/Peter Cooper Village,true,1.0
yellow,224,pickup,2024,6,3304,Manhattan,Stuy Town/Peter Cooper Village,true,1.0
yellow,224,pickup,2025,2,2674,Manhattan,Stuy Town/Peter Cooper Village,true,1.0
yellow,224,pickup,2025,3,2977,Manhattan,Stuy Town/Peter Cooper Village,true,1.0
yellow,224,pickup,2025,4,2805,Manhattan,Stuy Town/Peter Cooper Village,true,1.0
yellow,224,pickup,2025,5,3067,Manhattan,Stuy Town/Peter Cooper Village,true,1.0
yellow,224,pickup,2025,6,2890,Manhattan,Stuy Town/Peter Cooper Village,true,1.0
yellow,225,dropoff,2024,2,2179,Brooklyn,Stuyvesant Heights,false,0.3631
yellow,225,dropoff,2024,3,2498,Brooklyn,Stuyvesant Heights,false,0.3631
yellow,225,dropoff,2024,4,2425,Brooklyn,Stuyvesant Heights,false,0.3631
yellow,225,dropoff,2024,5,2629,Brooklyn,Stuyvesant Heights,false,0.3631
yellow,225,dropoff,2024,6,2529,Brooklyn,Stuyvesant Heights,false,0.3631
yellow,225,dropoff,2025,2,2141,Brooklyn,Stuyvesant Heights,false,0.3631
yellow,225,dropoff,2025,3,2533,Brooklyn,Stuyvesant Heights,false,0.3631
yellow,225,dropoff,2025,4,2531,Brooklyn,Stuyvesant Heights,false,0.3631
yellow,225,dropoff,2025,5,3022,Brooklyn,Stuyvesant Heights,false,0.3631
yellow,225,dropoff,2025,6,2878,Brooklyn,Stuyvesant Heights,false,0.3631
yellow,225,pickup,2024,2,419,Brooklyn,Stuyvesant Heights,false,0.1607
yellow,225,pickup,2024,3,536,Brooklyn,Stuyvesant Heights,false,0.1607
yellow,225,pickup,2024,4,554,Brooklyn,Stuyvesant Heights,false,0.1607
yellow,225,pickup,2024,5,599,Brooklyn,Stuyvesant Heights,false,0.1607
yellow,225,pickup,2024,6,599,Brooklyn,Stuyvesant Heights,false,0.1607
yellow,225,pickup,2025,2,510,Brooklyn,Stuyvesant Heights,false,0.1607
yellow,225,pickup,2025,3,670,Brooklyn,Stuyvesant Heights,false,0.1607
yellow,225,pickup,2025,4,705,Brooklyn,Stuyvesant Heights,false,0.1607
yellow,225,pickup,2025,5,736,Brooklyn,Stuyvesant Heights,false,0.1607
yellow,225,pickup,2025,6,772,Brooklyn,Stuyvesant Heights,false,0.1607
yellow,226,dropoff,2024,2,3917,Queens,Sunnyside,false,0.4227
yellow,226,dropoff,2024,3,4845,Queens,Sunnyside,false,0.4227
yellow,226,dropoff,2024,4,4424,Queens,Sunnyside,false,0.4227
yellow,226,dropoff,2024,5,4536,Queens,Sunnyside,false,0.4227
yellow,226,dropoff,2024,6,4216,Queens,Sunnyside,false,0.4227
yellow,226,dropoff,2025,2,3480,Queens,Sunnyside,false,0.4227
yellow,226,dropoff,2025,3,4354,Queens,Sunnyside,false,0.4227
yellow,226,dropoff,2025,4,3992,Queens,Sunnyside,false,0.4227
yellow,226,dropoff,2025,5,4450,Queens,Sunnyside,false,0.4227
yellow,226,dropoff,2025,6,4205,Queens,Sunnyside,false,0.4227
yellow,226,pickup,2024,2,1532,Queens,Sunnyside,false,0.2068
yellow,226,pickup,2024,3,1938,Queens,Sunnyside,false,0.2068
yellow,226,pickup,2024,4,1776,Queens,Sunnyside,false,0.2068
yellow,226,pickup,2024,5,1917,Queens,Sunnyside,false,0.2068
yellow,226,pickup,2024,6,1663,Queens,Sunnyside,false,0.2068
yellow,226,pickup,2025,2,1506,Queens,Sunnyside,false,0.2068
yellow,226,pickup,2025,3,2049,Queens,Sunnyside,false,0.2068
yellow,226,pickup,2025,4,2021,Queens,Sunnyside,false,0.2068
yellow,226,pickup,2025,5,2321,Queens,Sunnyside,false,0.2068
yellow,226,pickup,2025,6,2414,Queens,Sunnyside,false,0.2068
yellow,227,dropoff,2024,2,410,Brooklyn,Sunset Park East,false,0.3333
yellow,227,dropoff,2024,3,511,Brooklyn,Sunset Park East,false,0.3333
yellow,227,dropoff,2024,4,496,Brooklyn,Sunset Park East,false,0.3333
yellow,227,dropoff,2024,5,594,Brooklyn,Sunset Park East,false,0.3333
yellow,227,dropoff,2024,6,482,Brooklyn,Sunset Park East,false,0.3333
yellow,227,dropoff,2025,2,446,Brooklyn,Sunset Park East,false,0.3333
yellow,227,dropoff,2025,3,508,Brooklyn,Sunset Park East,false,0.3333
yellow,227,dropoff,2025,4,473,Brooklyn,Sunset Park East,false,0.3333
yellow,227,dropoff,2025,5,559,Brooklyn,Sunset Park East,false,0.3333
yellow,227,dropoff,2025,6,584,Brooklyn,Sunset Park East,false,0.3333
yellow,227,pickup,2024,2,72,Brooklyn,Sunset Park East,false,0.1559
yellow,227,pickup,2024,3,119,Brooklyn,Sunset Park East,false,0.1559
yellow,227,pickup,2024,4,104,Brooklyn,Sunset Park East,false,0.1559
yellow,227,pickup,2024,5,96,Brooklyn,Sunset Park East,false,0.1559
yellow,227,pickup,2024,6,90,Brooklyn,Sunset Park East,false,0.1559
yellow,227,pickup,2025,2,137,Brooklyn,Sunset Park East,false,0.1559
yellow,227,pickup,2025,3,129,Brooklyn,Sunset Park East,false,0.1559
yellow,227,pickup,2025,4,143,Brooklyn,Sunset Park East,false,0.1559
yellow,227,pickup,2025,5,148,Brooklyn,Sunset Park East,false,0.1559
yellow,227,pickup,2025,6,160,Brooklyn,Sunset Park East,false,0.1559
yellow,228,dropoff,2024,2,1169,Brooklyn,Sunset Park West,false,0.4218
yellow,228,dropoff,2024,3,1281,Brooklyn,Sunset Park West,false,0.4218
yellow,228,dropoff,2024,4,1343,Brooklyn,Sunset Park West,false,0.4218
yellow,228,dropoff,2024,5,1387,Brooklyn,Sunset Park West,false,0.4218
yellow,228,dropoff,2024,6,1467,Brooklyn,Sunset Park West,false,0.4218
yellow,228,dropoff,2025,2,1123,Brooklyn,Sunset Park West,false,0.4218
yellow,228,dropoff,2025,3,1398,Brooklyn,Sunset Park West,false,0.4218
yellow,228,dropoff,2025,4,1294,Brooklyn,Sunset Park West,false,0.4218
yellow,228,dropoff,2025,5,1536,Brooklyn,Sunset Park West,false,0.4218
yellow,228,dropoff,2025,6,1543,Brooklyn,Sunset Park West,false,0.4218
yellow,228,pickup,2024,2,148,Brooklyn,Sunset Park West,false,0.1281
yellow,228,pickup,2024,3,221,Brooklyn,Sunset Park West,false,0.1281
yellow,228,pickup,2024,4,211,Brooklyn,Sunset Park West,false,0.1281
yellow,228,pickup,2024,5,215,Brooklyn,Sunset Park West,false,0.1281
yellow,228,pickup,2024,6,204,Brooklyn,Sunset Park West,false,0.1281
yellow,228,pickup,2025,2,199,Brooklyn,Sunset Park West,false,0.1281
yellow,228,pickup,2025,3,229,Brooklyn,Sunset Park West,false,0.1281
yellow,228,pickup,2025,4,255,Brooklyn,Sunset Park West,false,0.1281
yellow,228,pickup,2025,5,298,Brooklyn,Sunset Park West,false,0.1281
yellow,228,pickup,2025,6,325,Brooklyn,Sunset Park West,false,0.1281
yellow,229,dropoff,2024,2,59762,Manhattan,Sutton Place/Turtle Bay North,true,1.0
yellow,229,dropoff,2024,3,66125,Manhattan,Sutton Place/Turtle Bay North,true,1.0
yellow,229,dropoff,2024,4,64900,Manhattan,Sutton Place/Turtle Bay North,true,1.0
yellow,229,dropoff,2024,5,68046,Manhattan,Sutton Place/Turtle Bay North,true,1.0
yellow,229,dropoff,2024,6,63674,Manhattan,Sutton Place/Turtle Bay North,true,1.0
yellow,229,dropoff,2025,2,57645,Manhattan,Sutton Place/Turtle Bay North,true,1.0
yellow,229,dropoff,2025,3,66408,Manhattan,Sutton Place/Turtle Bay North,true,1.0
yellow,229,dropoff,2025,4,64492,Manhattan,Sutton Place/Turtle Bay North,true,1.0
yellow,229,dropoff,2025,5,66915,Manhattan,Sutton Place/Turtle Bay North,true,1.0
yellow,229,dropoff,2025,6,59547,Manhattan,Sutton Place/Turtle Bay North,true,1.0
yellow,229,pickup,2024,2,51194,Manhattan,Sutton Place/Turtle Bay North,true,1.0
yellow,229,pickup,2024,3,57352,Manhattan,Sutton Place/Turtle Bay North,true,1.0
yellow,229,pickup,2024,4,55428,Manhattan,Sutton Place/Turtle Bay North,true,1.0
yellow,229,pickup,2024,5,58386,Manhattan,Sutton Place/Turtle Bay North,true,1.0
yellow,229,pickup,2024,6,55466,Manhattan,Sutton Place/Turtle Bay North,true,1.0
yellow,229,pickup,2025,2,46033,Manhattan,Sutton Place/Turtle Bay North,true,1.0
yellow,229,pickup,2025,3,53955,Manhattan,Sutton Place/Turtle Bay North,true,1.0
yellow,229,pickup,2025,4,51438,Manhattan,Sutton Place/Turtle Bay North,true,1.0
yellow,229,pickup,2025,5,54438,Manhattan,Sutton Place/Turtle Bay North,true,1.0
yellow,229,pickup,2025,6,49242,Manhattan,Sutton Place/Turtle Bay North,true,1.0
yellow,230,dropoff,2024,2,80795,Manhattan,Times Sq/Theatre District,true,1.0
yellow,230,dropoff,2024,3,96083,Manhattan,Times Sq/Theatre District,true,1.0
yellow,230,dropoff,2024,4,95751,Manhattan,Times Sq/Theatre District,true,1.0
yellow,230,dropoff,2024,5,102997,Manhattan,Times Sq/Theatre District,true,1.0
yellow,230,dropoff,2024,6,99394,Manhattan,Times Sq/Theatre District,true,1.0
yellow,230,dropoff,2025,2,77563,Manhattan,Times Sq/Theatre District,true,1.0
yellow,230,dropoff,2025,3,97124,Manhattan,Times Sq/Theatre District,true,1.0
yellow,230,dropoff,2025,4,99037,Manhattan,Times Sq/Theatre District,true,1.0
yellow,230,dropoff,2025,5,99094,Manhattan,Times Sq/Theatre District,true,1.0
yellow,230,dropoff,2025,6,92461,Manhattan,Times Sq/Theatre District,true,1.0
yellow,230,pickup,2024,2,93862,Manhattan,Times Sq/Theatre District,true,1.0
yellow,230,pickup,2024,3,108622,Manhattan,Times Sq/Theatre District,true,1.0
yellow,230,pickup,2024,4,103913,Manhattan,Times Sq/Theatre District,true,1.0
yellow,230,pickup,2024,5,109436,Manhattan,Times Sq/Theatre District,true,1.0
yellow,230,pickup,2024,6,104031,Manhattan,Times Sq/Theatre District,true,1.0
yellow,230,pickup,2025,2,92939,Manhattan,Times Sq/Theatre District,true,1.0
yellow,230,pickup,2025,3,112514,Manhattan,Times Sq/Theatre District,true,1.0
yellow,230,pickup,2025,4,112380,Manhattan,Times Sq/Theatre District,true,1.0
yellow,230,pickup,2025,5,108567,Manhattan,Times Sq/Theatre District,true,1.0
yellow,230,pickup,2025,6,97720,Manhattan,Times Sq/Theatre District,true,1.0
yellow,231,dropoff,2024,2,43521,Manhattan,TriBeCa/Civic Center,true,1.0
yellow,231,dropoff,2024,3,47053,Manhattan,TriBeCa/Civic Center,true,1.0
yellow,231,dropoff,2024,4,47417,Manhattan,TriBeCa/Civic Center,true,1.0
yellow,231,dropoff,2024,5,50703,Manhattan,TriBeCa/Civic Center,true,1.0
yellow,231,dropoff,2024,6,47770,Manhattan,TriBeCa/Civic Center,true,1.0
yellow,231,dropoff,2025,2,42984,Manhattan,TriBeCa/Civic Center,true,1.0
yellow,231,dropoff,2025,3,49655,Manhattan,TriBeCa/Civic Center,true,1.0
yellow,231,dropoff,2025,4,49116,Manhattan,TriBeCa/Civic Center,true,1.0
yellow,231,dropoff,2025,5,52661,Manhattan,TriBeCa/Civic Center,true,1.0
yellow,231,dropoff,2025,6,46874,Manhattan,TriBeCa/Civic Center,true,1.0
yellow,231,pickup,2024,2,35756,Manhattan,TriBeCa/Civic Center,true,1.0
yellow,231,pickup,2024,3,39328,Manhattan,TriBeCa/Civic Center,true,1.0
yellow,231,pickup,2024,4,40574,Manhattan,TriBeCa/Civic Center,true,1.0
yellow,231,pickup,2024,5,43395,Manhattan,TriBeCa/Civic Center,true,1.0
yellow,231,pickup,2024,6,41103,Manhattan,TriBeCa/Civic Center,true,1.0
yellow,231,pickup,2025,2,34786,Manhattan,TriBeCa/Civic Center,true,1.0
yellow,231,pickup,2025,3,40109,Manhattan,TriBeCa/Civic Center,true,1.0
yellow,231,pickup,2025,4,40786,Manhattan,TriBeCa/Civic Center,true,1.0
yellow,231,pickup,2025,5,43878,Manhattan,TriBeCa/Civic Center,true,1.0
yellow,231,pickup,2025,6,39072,Manhattan,TriBeCa/Civic Center,true,1.0
yellow,232,dropoff,2024,2,12760,Manhattan,Two Bridges/Seward Park,true,1.0
yellow,232,dropoff,2024,3,13272,Manhattan,Two Bridges/Seward Park,true,1.0
yellow,232,dropoff,2024,4,13125,Manhattan,Two Bridges/Seward Park,true,1.0
yellow,232,dropoff,2024,5,13155,Manhattan,Two Bridges/Seward Park,true,1.0
yellow,232,dropoff,2024,6,12808,Manhattan,Two Bridges/Seward Park,true,1.0
yellow,232,dropoff,2025,2,11624,Manhattan,Two Bridges/Seward Park,true,1.0
yellow,232,dropoff,2025,3,13223,Manhattan,Two Bridges/Seward Park,true,1.0
yellow,232,dropoff,2025,4,12620,Manhattan,Two Bridges/Seward Park,true,1.0
yellow,232,dropoff,2025,5,13678,Manhattan,Two Bridges/Seward Park,true,1.0
yellow,232,dropoff,2025,6,12364,Manhattan,Two Bridges/Seward Park,true,1.0
yellow,232,pickup,2024,2,2840,Manhattan,Two Bridges/Seward Park,true,1.0
yellow,232,pickup,2024,3,2994,Manhattan,Two Bridges/Seward Park,true,1.0
yellow,232,pickup,2024,4,3227,Manhattan,Two Bridges/Seward Park,true,1.0
yellow,232,pickup,2024,5,3075,Manhattan,Two Bridges/Seward Park,true,1.0
yellow,232,pickup,2024,6,3026,Manhattan,Two Bridges/Seward Park,true,1.0
yellow,232,pickup,2025,2,2498,Manhattan,Two Bridges/Seward Park,true,1.0
yellow,232,pickup,2025,3,2951,Manhattan,Two Bridges/Seward Park,true,1.0
yellow,232,pickup,2025,4,2958,Manhattan,Two Bridges/Seward Park,true,1.0
yellow,232,pickup,2025,5,3416,Manhattan,Two Bridges/Seward Park,true,1.0
yellow,232,pickup,2025,6,3382,Manhattan,Two Bridges/Seward Park,true,1.0
yellow,233,dropoff,2024,2,41674,Manhattan,UN/Turtle Bay South,true,1.0
yellow,233,dropoff,2024,3,49380,Manhattan,UN/Turtle Bay South,true,1.0
yellow,233,dropoff,2024,4,45628,Manhattan,UN/Turtle Bay South,true,1.0
yellow,233,dropoff,2024,5,48510,Manhattan,UN/Turtle Bay South,true,1.0
yellow,233,dropoff,2024,6,46887,Manhattan,UN/Turtle Bay South,true,1.0
yellow,233,dropoff,2025,2,38270,Manhattan,UN/Turtle Bay South,true,1.0
yellow,233,dropoff,2025,3,47638,Manhattan,UN/Turtle Bay South,true,1.0
yellow,233,dropoff,2025,4,44265,Manhattan,UN/Turtle Bay South,true,1.0
yellow,233,dropoff,2025,5,45123,Manhattan,UN/Turtle Bay South,true,1.0
yellow,233,dropoff,2025,6,42880,Manhattan,UN/Turtle Bay South,true,1.0
yellow,233,pickup,2024,2,31308,Manhattan,UN/Turtle Bay South,true,1.0
yellow,233,pickup,2024,3,38419,Manhattan,UN/Turtle Bay South,true,1.0
yellow,233,pickup,2024,4,35787,Manhattan,UN/Turtle Bay South,true,1.0
yellow,233,pickup,2024,5,38020,Manhattan,UN/Turtle Bay South,true,1.0
yellow,233,pickup,2024,6,37155,Manhattan,UN/Turtle Bay South,true,1.0
yellow,233,pickup,2025,2,27454,Manhattan,UN/Turtle Bay South,true,1.0
yellow,233,pickup,2025,3,35057,Manhattan,UN/Turtle Bay South,true,1.0
yellow,233,pickup,2025,4,32193,Manhattan,UN/Turtle Bay South,true,1.0
yellow,233,pickup,2025,5,33418,Manhattan,UN/Turtle Bay South,true,1.0
yellow,233,pickup,2025,6,32110,Manhattan,UN/Turtle Bay South,true,1.0
yellow,234,dropoff,2024,2,67937,Manhattan,Union Sq,true,1.0
yellow,234,dropoff,2024,3,73472,Manhattan,Union Sq,true,1.0
yellow,234,dropoff,2024,4,71531,Manhattan,Union Sq,true,1.0
yellow,234,dropoff,2024,5,75341,Manhattan,Union Sq,true,1.0
yellow,234,dropoff,2024,6,72689,Manhattan,Union Sq,true,1.0
yellow,234,dropoff,2025,2,69229,Manhattan,Union Sq,true,1.0
yellow,234,dropoff,2025,3,78049,Manhattan,Union Sq,true,1.0
yellow,234,dropoff,2025,4,76421,Manhattan,Union Sq,true,1.0
yellow,234,dropoff,2025,5,78105,Manhattan,Union Sq,true,1.0
yellow,234,dropoff,2025,6,72250,Manhattan,Union Sq,true,1.0
yellow,234,pickup,2024,2,77605,Manhattan,Union Sq,true,1.0
yellow,234,pickup,2024,3,83223,Manhattan,Union Sq,true,1.0
yellow,234,pickup,2024,4,80606,Manhattan,Union Sq,true,1.0
yellow,234,pickup,2024,5,84985,Manhattan,Union Sq,true,1.0
yellow,234,pickup,2024,6,82058,Manhattan,Union Sq,true,1.0
yellow,234,pickup,2025,2,78412,Manhattan,Union Sq,true,1.0
yellow,234,pickup,2025,3,89221,Manhattan,Union Sq,true,1.0
yellow,234,pickup,2025,4,86360,Manhattan,Union Sq,true,1.0
yellow,234,pickup,2025,5,88036,Manhattan,Union Sq,true,1.0
yellow,234,pickup,2025,6,81245,Manhattan,Union Sq,true,1.0
yellow,235,dropoff,2024,2,356,Bronx,University Heights/Morris Heights,false,0.2217
yellow,235,dropoff,2024,3,420,Bronx,University Heights/Morris Heights,false,0.2217
yellow,235,dropoff,2024,4,428,Bronx,University Heights/Morris Heights,false,0.2217
yellow,235,dropoff,2024,5,435,Bronx,University Heights/Morris Heights,false,0.2217
yellow,235,dropoff,2024,6,418,Bronx,University Heights/Morris Heights,false,0.2217
yellow,235,dropoff,2025,2,346,Bronx,University Heights/Morris Heights,false,0.2217
yellow,235,dropoff,2025,3,429,Bronx,University Heights/Morris Heights,false,0.2217
yellow,235,dropoff,2025,4,446,Bronx,University Heights/Morris Heights,false,0.2217
yellow,235,dropoff,2025,5,485,Bronx,University Heights/Morris Heights,false,0.2217
yellow,235,dropoff,2025,6,468,Bronx,University Heights/Morris Heights,false,0.2217
yellow,235,pickup,2024,2,187,Bronx,University Heights/Morris Heights,false,0.2586
yellow,235,pickup,2024,3,262,Bronx,University Heights/Morris Heights,false,0.2586
yellow,235,pickup,2024,4,268,Bronx,University Heights/Morris Heights,false,0.2586
yellow,235,pickup,2024,5,270,Bronx,University Heights/Morris Heights,false,0.2586
yellow,235,pickup,2024,6,208,Bronx,University Heights/Morris Heights,false,0.2586
yellow,235,pickup,2025,2,220,Bronx,University Heights/Morris Heights,false,0.2586
yellow,235,pickup,2025,3,247,Bronx,University Heights/Morris Heights,false,0.2586
yellow,235,pickup,2025,4,288,Bronx,University Heights/Morris Heights,false,0.2586
yellow,235,pickup,2025,5,298,Bronx,University Heights/Morris Heights,false,0.2586
yellow,235,pickup,2025,6,302,Bronx,University Heights/Morris Heights,false,0.2586
yellow,236,dropoff,2024,2,132074,Manhattan,Upper East Side North,false,0.3434
yellow,236,dropoff,2024,3,136465,Manhattan,Upper East Side North,false,0.3434
yellow,236,dropoff,2024,4,143222,Manhattan,Upper East Side North,false,0.3434
yellow,236,dropoff,2024,5,156403,Manhattan,Upper East Side North,false,0.3434
yellow,236,dropoff,2024,6,134768,Manhattan,Upper East Side North,false,0.3434
yellow,236,dropoff,2025,2,132656,Manhattan,Upper East Side North,false,0.3434
yellow,236,dropoff,2025,3,140818,Manhattan,Upper East Side North,false,0.3434
yellow,236,dropoff,2025,4,150307,Manhattan,Upper East Side North,false,0.3434
yellow,236,dropoff,2025,5,156015,Manhattan,Upper East Side North,false,0.3434
yellow,236,dropoff,2025,6,132756,Manhattan,Upper East Side North,false,0.3434
yellow,236,pickup,2024,2,124878,Manhattan,Upper East Side North,false,0.295
yellow,236,pickup,2024,3,130874,Manhattan,Upper East Side North,false,0.295
yellow,236,pickup,2024,4,135045,Manhattan,Upper East Side North,false,0.295
yellow,236,pickup,2024,5,150063,Manhattan,Upper East Side North,false,0.295
yellow,236,pickup,2024,6,127576,Manhattan,Upper East Side North,false,0.295
yellow,236,pickup,2025,2,125499,Manhattan,Upper East Side North,false,0.295
yellow,236,pickup,2025,3,130418,Manhattan,Upper East Side North,false,0.295
yellow,236,pickup,2025,4,140367,Manhattan,Upper East Side North,false,0.295
yellow,236,pickup,2025,5,147796,Manhattan,Upper East Side North,false,0.295
yellow,236,pickup,2025,6,124264,Manhattan,Upper East Side North,false,0.295
yellow,237,dropoff,2024,2,121145,Manhattan,Upper East Side South,false,0.4341
yellow,237,dropoff,2024,3,127542,Manhattan,Upper East Side South,false,0.4341
yellow,237,dropoff,2024,4,136031,Manhattan,Upper East Side South,false,0.4341
yellow,237,dropoff,2024,5,149947,Manhattan,Upper East Side South,false,0.4341
yellow,237,dropoff,2024,6,129589,Manhattan,Upper East Side South,false,0.4341
yellow,237,dropoff,2025,2,122693,Manhattan,Upper East Side South,false,0.4341
yellow,237,dropoff,2025,3,133026,Manhattan,Upper East Side South,false,0.4341
yellow,237,dropoff,2025,4,146790,Manhattan,Upper East Side South,false,0.4341
yellow,237,dropoff,2025,5,154584,Manhattan,Upper East Side South,false,0.4341
yellow,237,dropoff,2025,6,132666,Manhattan,Upper East Side South,false,0.4341
yellow,237,pickup,2024,2,133208,Manhattan,Upper East Side South,false,0.3965
yellow,237,pickup,2024,3,142975,Manhattan,Upper East Side South,false,0.3965
yellow,237,pickup,2024,4,150945,Manhattan,Upper East Side South,false,0.3965
yellow,237,pickup,2024,5,168629,Manhattan,Upper East Side South,false,0.3965
yellow,237,pickup,2024,6,145822,Manhattan,Upper East Side South,false,0.3965
yellow,237,pickup,2025,2,137960,Manhattan,Upper East Side South,false,0.3965
yellow,237,pickup,2025,3,149838,Manhattan,Upper East Side South,false,0.3965
yellow,237,pickup,2025,4,165597,Manhattan,Upper East Side South,false,0.3965
yellow,237,pickup,2025,5,174243,Manhattan,Upper East Side South,false,0.3965
yellow,237,pickup,2025,6,149613,Manhattan,Upper East Side South,false,0.3965
yellow,238,dropoff,2024,2,65161,Manhattan,Upper West Side North,false,0.2945
yellow,238,dropoff,2024,3,69612,Manhattan,Upper West Side North,false,0.2945
yellow,238,dropoff,2024,4,70688,Manhattan,Upper West Side North,false,0.2945
yellow,238,dropoff,2024,5,73758,Manhattan,Upper West Side North,false,0.2945
yellow,238,dropoff,2024,6,65514,Manhattan,Upper West Side North,false,0.2945
yellow,238,dropoff,2025,2,64068,Manhattan,Upper West Side North,false,0.2945
yellow,238,dropoff,2025,3,68784,Manhattan,Upper West Side North,false,0.2945
yellow,238,dropoff,2025,4,69232,Manhattan,Upper West Side North,false,0.2945
yellow,238,dropoff,2025,5,70011,Manhattan,Upper West Side North,false,0.2945
yellow,238,dropoff,2025,6,60750,Manhattan,Upper West Side North,false,0.2945
yellow,238,pickup,2024,2,55525,Manhattan,Upper West Side North,false,0.2226
yellow,238,pickup,2024,3,57627,Manhattan,Upper West Side North,false,0.2226
yellow,238,pickup,2024,4,61002,Manhattan,Upper West Side North,false,0.2226
yellow,238,pickup,2024,5,63614,Manhattan,Upper West Side North,false,0.2226
yellow,238,pickup,2024,6,56986,Manhattan,Upper West Side North,false,0.2226
yellow,238,pickup,2025,2,52916,Manhattan,Upper West Side North,false,0.2226
yellow,238,pickup,2025,3,55625,Manhattan,Upper West Side North,false,0.2226
yellow,238,pickup,2025,4,57141,Manhattan,Upper West Side North,false,0.2226
yellow,238,pickup,2025,5,57612,Manhattan,Upper West Side North,false,0.2226
yellow,238,pickup,2025,6,48851,Manhattan,Upper West Side North,false,0.2226
yellow,239,dropoff,2024,2,81570,Manhattan,Upper West Side South,false,0.3649
yellow,239,dropoff,2024,3,89945,Manhattan,Upper West Side South,false,0.3649
yellow,239,dropoff,2024,4,87959,Manhattan,Upper West Side South,false,0.3649
yellow,239,dropoff,2024,5,91542,Manhattan,Upper West Side South,false,0.3649
yellow,239,dropoff,2024,6,83528,Manhattan,Upper West Side South,false,0.3649
yellow,239,dropoff,2025,2,78187,Manhattan,Upper West Side South,false,0.3649
yellow,239,dropoff,2025,3,87071,Manhattan,Upper West Side South,false,0.3649
yellow,239,dropoff,2025,4,87591,Manhattan,Upper West Side South,false,0.3649
yellow,239,dropoff,2025,5,90146,Manhattan,Upper West Side South,false,0.3649
yellow,239,dropoff,2025,6,80006,Manhattan,Upper West Side South,false,0.3649
yellow,239,pickup,2024,2,83062,Manhattan,Upper West Side South,false,0.3178
yellow,239,pickup,2024,3,88365,Manhattan,Upper West Side South,false,0.3178
yellow,239,pickup,2024,4,86425,Manhattan,Upper West Side South,false,0.3178
yellow,239,pickup,2024,5,88887,Manhattan,Upper West Side South,false,0.3178
yellow,239,pickup,2024,6,83574,Manhattan,Upper West Side South,false,0.3178
yellow,239,pickup,2025,2,74231,Manhattan,Upper West Side South,false,0.3178
yellow,239,pickup,2025,3,83529,Manhattan,Upper West Side South,false,0.3178
yellow,239,pickup,2025,4,83804,Manhattan,Upper West Side South,false,0.3178
yellow,239,pickup,2025,5,83958,Manhattan,Upper West Side South,false,0.3178
yellow,239,pickup,2025,6,74214,Manhattan,Upper West Side South,false,0.3178
yellow,240,dropoff,2024,2,81,Bronx,Van Cortlandt Park,false,0.2679
yellow,240,dropoff,2024,3,91,Bronx,Van Cortlandt Park,false,0.2679
yellow,240,dropoff,2024,4,80,Bronx,Van Cortlandt Park,false,0.2679
yellow,240,dropoff,2024,5,91,Bronx,Van Cortlandt Park,false,0.2679
yellow,240,dropoff,2024,6,90,Bronx,Van Cortlandt Park,false,0.2679
yellow,240,dropoff,2025,2,51,Bronx,Van Cortlandt Park,false,0.2679
yellow,240,dropoff,2025,3,83,Bronx,Van Cortlandt Park,false,0.2679
yellow,240,dropoff,2025,4,84,Bronx,Van Cortlandt Park,false,0.2679
yellow,240,dropoff,2025,5,95,Bronx,Van Cortlandt Park,false,0.2679
yellow,240,dropoff,2025,6,71,Bronx,Van Cortlandt Park,false,0.2679
yellow,240,pickup,2024,2,11,Bronx,Van Cortlandt Park,false,0.037
yellow,240,pickup,2024,3,10,Bronx,Van Cortlandt Park,false,0.037
yellow,240,pickup,2024,4,11,Bronx,Van Cortlandt Park,false,0.037
yellow,240,pickup,2024,5,11,Bronx,Van Cortlandt Park,false,0.037
yellow,240,pickup,2024,6,11,Bronx,Van Cortlandt Park,false,0.037
yellow,240,pickup,2025,2,20,Bronx,Van Cortlandt Park,false,0.037
yellow,240,pickup,2025,3,20,Bronx,Van Cortlandt Park,false,0.037
yellow,240,pickup,2025,4,19,Bronx,Van Cortlandt Park,false,0.037
yellow,240,pickup,2025,5,26,Bronx,Van Cortlandt Park,false,0.037
yellow,240,pickup,2025,6,30,Bronx,Van Cortlandt Park,false,0.037
yellow,241,dropoff,2024,2,389,Bronx,Van Cortlandt Village,false,0.2304
yellow,241,dropoff,2024,3,432,Bronx,Van Cortlandt Village,false,0.2304
yellow,241,dropoff,2024,4,476,Bronx,Van Cortlandt Village,false,0.2304
yellow,241,dropoff,2024,5,481,Bronx,Van Cortlandt Village,false,0.2304
yellow,241,dropoff,2024,6,440,Bronx,Van Cortlandt Village,false,0.2304
yellow,241,dropoff,2025,2,369,Bronx,Van Cortlandt Village,false,0.2304
yellow,241,dropoff,2025,3,420,Bronx,Van Cortlandt Village,false,0.2304
yellow,241,dropoff,2025,4,405,Bronx,Van Cortlandt Village,false,0.2304
yellow,241,dropoff,2025,5,423,Bronx,Van Cortlandt Village,false,0.2304
yellow,241,dropoff,2025,6,399,Bronx,Van Cortlandt Village,false,0.2304
yellow,241,pickup,2024,2,150,Bronx,Van Cortlandt Village,false,0.2638
yellow,241,pickup,2024,3,160,Bronx,Van Cortlandt Village,false,0.2638
yellow,241,pickup,2024,4,177,Bronx,Van Cortlandt Village,false,0.2638
yellow,241,pickup,2024,5,165,Bronx,Van Cortlandt Village,false,0.2638
yellow,241,pickup,2024,6,148,Bronx,Van Cortlandt Village,false,0.2638
yellow,241,pickup,2025,2,182,Bronx,Van Cortlandt Village,false,0.2638
yellow,241,pickup,2025,3,190,Bronx,Van Cortlandt Village,false,0.2638
yellow,241,pickup,2025,4,223,Bronx,Van Cortlandt Village,false,0.2638
yellow,241,pickup,2025,5,207,Bronx,Van Cortlandt Village,false,0.2638
yellow,241,pickup,2025,6,175,Bronx,Van Cortlandt Village,false,0.2638
yellow,242,dropoff,2024,2,439,Bronx,Van Nest/Morris Park,false,0.162
yellow,242,dropoff,2024,3,480,Bronx,Van Nest/Morris Park,false,0.162
yellow,242,dropoff,2024,4,469,Bronx,Van Nest/Morris Park,false,0.162
yellow,242,dropoff,2024,5,501,Bronx,Van Nest/Morris Park,false,0.162
yellow,242,dropoff,2024,6,370,Bronx,Van Nest/Morris Park,false,0.162
yellow,242,dropoff,2025,2,348,Bronx,Van Nest/Morris Park,false,0.162
yellow,242,dropoff,2025,3,437,Bronx,Van Nest/Morris Park,false,0.162
yellow,242,dropoff,2025,4,517,Bronx,Van Nest/Morris Park,false,0.162
yellow,242,dropoff,2025,5,547,Bronx,Van Nest/Morris Park,false,0.162
yellow,242,dropoff,2025,6,533,Bronx,Van Nest/Morris Park,false,0.162
yellow,242,pickup,2024,2,171,Bronx,Van Nest/Morris Park,false,0.1051
yellow,242,pickup,2024,3,180,Bronx,Van Nest/Morris Park,false,0.1051
yellow,242,pickup,2024,4,144,Bronx,Van Nest/Morris Park,false,0.1051
yellow,242,pickup,2024,5,159,Bronx,Van Nest/Morris Park,false,0.1051
yellow,242,pickup,2024,6,126,Bronx,Van Nest/Morris Park,false,0.1051
yellow,242,pickup,2025,2,181,Bronx,Van Nest/Morris Park,false,0.1051
yellow,242,pickup,2025,3,206,Bronx,Van Nest/Morris Park,false,0.1051
yellow,242,pickup,2025,4,226,Bronx,Van Nest/Morris Park,false,0.1051
yellow,242,pickup,2025,5,204,Bronx,Van Nest/Morris Park,false,0.1051
yellow,242,pickup,2025,6,234,Bronx,Van Nest/Morris Park,false,0.1051
yellow,243,dropoff,2024,2,4177,Manhattan,Washington Heights North,false,0.4057
yellow,243,dropoff,2024,3,4869,Manhattan,Washington Heights North,false,0.4057
yellow,243,dropoff,2024,4,4618,Manhattan,Washington Heights North,false,0.4057
yellow,243,dropoff,2024,5,4794,Manhattan,Washington Heights North,false,0.4057
yellow,243,dropoff,2024,6,4582,Manhattan,Washington Heights North,false,0.4057
yellow,243,dropoff,2025,2,3772,Manhattan,Washington Heights North,false,0.4057
yellow,243,dropoff,2025,3,4810,Manhattan,Washington Heights North,false,0.4057
yellow,243,dropoff,2025,4,4367,Manhattan,Washington Heights North,false,0.4057
yellow,243,dropoff,2025,5,4708,Manhattan,Washington Heights North,false,0.4057
yellow,243,dropoff,2025,6,4503,Manhattan,Washington Heights North,false,0.4057
yellow,243,pickup,2024,2,313,Manhattan,Washington Heights North,false,0.1607
yellow,243,pickup,2024,3,418,Manhattan,Washington Heights North,false,0.1607
yellow,243,pickup,2024,4,405,Manhattan,Washington Heights North,false,0.1607
yellow,243,pickup,2024,5,406,Manhattan,Washington Heights North,false,0.1607
yellow,243,pickup,2024,6,356,Manhattan,Washington Heights North,false,0.1607
yellow,243,pickup,2025,2,405,Manhattan,Washington Heights North,false,0.1607
yellow,243,pickup,2025,3,445,Manhattan,Washington Heights North,false,0.1607
yellow,243,pickup,2025,4,423,Manhattan,Washington Heights North,false,0.1607
yellow,243,pickup,2025,5,533,Manhattan,Washington Heights North,false,0.1607
yellow,243,pickup,2025,6,521,Manhattan,Washington Heights North,false,0.1607
yellow,244,dropoff,2024,2,6711,Manhattan,Washington Heights South,false,0.3469
yellow,244,dropoff,2024,3,7787,Manhattan,Washington Heights South,false,0.3469
yellow,244,dropoff,2024,4,7368,Manhattan,Washington Heights South,false,0.3469
yellow,244,dropoff,2024,5,8066,Manhattan,Washington Heights South,false,0.3469
yellow,244,dropoff,2024,6,7461,Manhattan,Washington Heights South,false,0.3469
yellow,244,dropoff,2025,2,6142,Manhattan,Washington Heights South,false,0.3469
yellow,244,dropoff,2025,3,7327,Manhattan,Washington Heights South,false,0.3469
yellow,244,dropoff,2025,4,6832,Manhattan,Washington Heights South,false,0.3469
yellow,244,dropoff,2025,5,7410,Manhattan,Washington Heights South,false,0.3469
yellow,244,dropoff,2025,6,6906,Manhattan,Washington Heights South,false,0.3469
yellow,244,pickup,2024,2,1389,Manhattan,Washington Heights South,false,0.1434
yellow,244,pickup,2024,3,1631,Manhattan,Washington Heights South,false,0.1434
yellow,244,pickup,2024,4,1587,Manhattan,Washington Heights South,false,0.1434
yellow,244,pickup,2024,5,1786,Manhattan,Washington Heights South,false,0.1434
yellow,244,pickup,2024,6,1550,Manhattan,Washington Heights South,false,0.1434
yellow,244,pickup,2025,2,1554,Manhattan,Washington Heights South,false,0.1434
yellow,244,pickup,2025,3,1757,Manhattan,Washington Heights South,false,0.1434
yellow,244,pickup,2025,4,1630,Manhattan,Washington Heights South,false,0.1434
yellow,244,pickup,2025,5,2008,Manhattan,Washington Heights South,false,0.1434
yellow,244,pickup,2025,6,1825,Manhattan,Washington Heights South,false,0.1434
yellow,245,dropoff,2024,2,27,Staten Island,West Brighton,false,0.3787
yellow,245,dropoff,2024,3,28,Staten Island,West Brighton,false,0.3787
yellow,245,dropoff,2024,4,36,Staten Island,West Brighton,false,0.3787
yellow,245,dropoff,2024,5,45,Staten Island,West Brighton,false,0.3787
yellow,245,dropoff,2024,6,33,Staten Island,West Brighton,false,0.3787
yellow,245,dropoff,2025,2,29,Staten Island,West Brighton,false,0.3787
yellow,245,dropoff,2025,3,26,Staten Island,West Brighton,false,0.3787
yellow,245,dropoff,2025,4,25,Staten Island,West Brighton,false,0.3787
yellow,245,dropoff,2025,5,48,Staten Island,West Brighton,false,0.3787
yellow,245,dropoff,2025,6,39,Staten Island,West Brighton,false,0.3787
yellow,245,pickup,2024,2,3,Staten Island,West Brighton,false,0.0
yellow,245,pickup,2024,3,2,Staten Island,West Brighton,false,0.0
yellow,245,pickup,2024,4,1,Staten Island,West Brighton,false,0.0
yellow,245,pickup,2025,2,1,Staten Island,West Brighton,false,0.0
yellow,246,dropoff,2024,2,51918,Manhattan,West Chelsea/Hudson Yards,true,1.0
yellow,246,dropoff,2024,3,58567,Manhattan,West Chelsea/Hudson Yards,true,1.0
yellow,246,dropoff,2024,4,56903,Manhattan,West Chelsea/Hudson Yards,true,1.0
yellow,246,dropoff,2024,5,64283,Manhattan,West Chelsea/Hudson Yards,true,1.0
yellow,246,dropoff,2024,6,61686,Manhattan,West Chelsea/Hudson Yards,true,1.0
yellow,246,dropoff,2025,2,53474,Manhattan,West Chelsea/Hudson Yards,true,1.0
yellow,246,dropoff,2025,3,61303,Manhattan,West Chelsea/Hudson Yards,true,1.0
yellow,246,dropoff,2025,4,57116,Manhattan,West Chelsea/Hudson Yards,true,1.0
yellow,246,dropoff,2025,5,61990,Manhattan,West Chelsea/Hudson Yards,true,1.0
yellow,246,dropoff,2025,6,58901,Manhattan,West Chelsea/Hudson Yards,true,1.0
yellow,246,pickup,2024,2,44632,Manhattan,West Chelsea/Hudson Yards,true,1.0
yellow,246,pickup,2024,3,51824,Manhattan,West Chelsea/Hudson Yards,true,1.0
yellow,246,pickup,2024,4,49616,Manhattan,West Chelsea/Hudson Yards,true,1.0
yellow,246,pickup,2024,5,56892,Manhattan,West Chelsea/Hudson Yards,true,1.0
yellow,246,pickup,2024,6,53847,Manhattan,West Chelsea/Hudson Yards,true,1.0
yellow,246,pickup,2025,2,46494,Manhattan,West Chelsea/Hudson Yards,true,1.0
yellow,246,pickup,2025,3,54758,Manhattan,West Chelsea/Hudson Yards,true,1.0
yellow,246,pickup,2025,4,51918,Manhattan,West Chelsea/Hudson Yards,true,1.0
yellow,246,pickup,2025,5,53736,Manhattan,West Chelsea/Hudson Yards,true,1.0
yellow,246,pickup,2025,6,52075,Manhattan,West Chelsea/Hudson Yards,true,1.0
yellow,247,dropoff,2024,2,662,Bronx,West Concourse,false,0.355
yellow,247,dropoff,2024,3,751,Bronx,West Concourse,false,0.355
yellow,247,dropoff,2024,4,995,Bronx,West Concourse,false,0.355
yellow,247,dropoff,2024,5,1211,Bronx,West Concourse,false,0.355
yellow,247,dropoff,2024,6,1271,Bronx,West Concourse,false,0.355
yellow,247,dropoff,2025,2,579,Bronx,West Concourse,false,0.355
yellow,247,dropoff,2025,3,900,Bronx,West Concourse,false,0.355
yellow,247,dropoff,2025,4,1024,Bronx,West Concourse,false,0.355
yellow,247,dropoff,2025,5,1148,Bronx,West Concourse,false,0.355
yellow,247,dropoff,2025,6,1386,Bronx,West Concourse,false,0.355
yellow,247,pickup,2024,2,222,Bronx,West Concourse,false,0.1963
yellow,247,pickup,2024,3,276,Bronx,West Concourse,false,0.1963
yellow,247,pickup,2024,4,296,Bronx,West Concourse,false,0.1963
yellow,247,pickup,2024,5,333,Bronx,West Concourse,false,0.1963
yellow,247,pickup,2024,6,345,Bronx,West Concourse,false,0.1963
yellow,247,pickup,2025,2,252,Bronx,West Concourse,false,0.1963
yellow,247,pickup,2025,3,332,Bronx,West Concourse,false,0.1963
yellow,247,pickup,2025,4,408,Bronx,West Concourse,false,0.1963
yellow,247,pickup,2025,5,393,Bronx,West Concourse,false,0.1963
yellow,247,pickup,2025,6,455,Bronx,West Concourse,false,0.1963
yellow,248,dropoff,2024,2,197,Bronx,West Farms/Bronx River,false,0.2325
yellow,248,dropoff,2024,3,235,Bronx,West Farms/Bronx River,false,0.2325
yellow,248,dropoff,2024,4,250,Bronx,West Farms/Bronx River,false,0.2325
yellow,248,dropoff,2024,5,247,Bronx,West Farms/Bronx River,false,0.2325
yellow,248,dropoff,2024,6,284,Bronx,West Farms/Bronx River,false,0.2325
yellow,248,dropoff,2025,2,172,Bronx,West Farms/Bronx River,false,0.2325
yellow,248,dropoff,2025,3,176,Bronx,West Farms/Bronx River,false,0.2325
yellow,248,dropoff,2025,4,229,Bronx,West Farms/Bronx River,false,0.2325
yellow,248,dropoff,2025,5,213,Bronx,West Farms/Bronx River,false,0.2325
yellow,248,dropoff,2025,6,220,Bronx,West Farms/Bronx River,false,0.2325
yellow,248,pickup,2024,2,82,Bronx,West Farms/Bronx River,false,0.2257
yellow,248,pickup,2024,3,120,Bronx,West Farms/Bronx River,false,0.2257
yellow,248,pickup,2024,4,102,Bronx,West Farms/Bronx River,false,0.2257
yellow,248,pickup,2024,5,112,Bronx,West Farms/Bronx River,false,0.2257
yellow,248,pickup,2024,6,120,Bronx,West Farms/Bronx River,false,0.2257
yellow,248,pickup,2025,2,113,Bronx,West Farms/Bronx River,false,0.2257
yellow,248,pickup,2025,3,144,Bronx,West Farms/Bronx River,false,0.2257
yellow,248,pickup,2025,4,126,Bronx,West Farms/Bronx River,false,0.2257
yellow,248,pickup,2025,5,151,Bronx,West Farms/Bronx River,false,0.2257
yellow,248,pickup,2025,6,138,Bronx,West Farms/Bronx River,false,0.2257
yellow,249,dropoff,2024,2,49753,Manhattan,West Village,true,1.0
yellow,249,dropoff,2024,3,54315,Manhattan,West Village,true,1.0
yellow,249,dropoff,2024,4,52525,Manhattan,West Village,true,1.0
yellow,249,dropoff,2024,5,53698,Manhattan,West Village,true,1.0
yellow,249,dropoff,2024,6,52439,Manhattan,West Village,true,1.0
yellow,249,dropoff,2025,2,48884,Manhattan,West Village,true,1.0
yellow,249,dropoff,2025,3,56219,Manhattan,West Village,true,1.0
yellow,249,dropoff,2025,4,53119,Manhattan,West Village,true,1.0
yellow,249,dropoff,2025,5,56185,Manhattan,West Village,true,1.0
yellow,249,dropoff,2025,6,50185,Manhattan,West Village,true,1.0
yellow,249,pickup,2024,2,66645,Manhattan,West Village,true,1.0
yellow,249,pickup,2024,3,72428,Manhattan,West Village,true,1.0
yellow,249,pickup,2024,4,68395,Manhattan,West Village,true,1.0
yellow,249,pickup,2024,5,69442,Manhattan,West Village,true,1.0
yellow,249,pickup,2024,6,68529,Manhattan,West Village,true,1.0
yellow,249,pickup,2025,2,61068,Manhattan,West Village,true,1.0
yellow,249,pickup,2025,3,71171,Manhattan,West Village,true,1.0
yellow,249,pickup,2025,4,66204,Manhattan,West Village,true,1.0
yellow,249,pickup,2025,5,67934,Manhattan,West Village,true,1.0
yellow,249,pickup,2025,6,61666,Manhattan,West Village,true,1.0
yellow,250,dropoff,2024,2,223,Bronx,Westchester Village/Unionport,false,0.2261
yellow,250,dropoff,2024,3,274,Bronx,Westchester Village/Unionport,false,0.2261
yellow,250,dropoff,2024,4,254,Bronx,Westchester Village/Unionport,false,0.2261
yellow,250,dropoff,2024,5,282,Bronx,Westchester Village/Unionport,false,0.2261
yellow,250,dropoff,2024,6,272,Bronx,Westchester Village/Unionport,false,0.2261
yellow,250,dropoff,2025,2,219,Bronx,Westchester Village/Unionport,false,0.2261
yellow,250,dropoff,2025,3,266,Bronx,Westchester Village/Unionport,false,0.2261
yellow,250,dropoff,2025,4,319,Bronx,Westchester Village/Unionport,false,0.2261
yellow,250,dropoff,2025,5,262,Bronx,Westchester Village/Unionport,false,0.2261
yellow,250,dropoff,2025,6,287,Bronx,Westchester Village/Unionport,false,0.2261
yellow,250,pickup,2024,2,94,Bronx,Westchester Village/Unionport,false,0.2455
yellow,250,pickup,2024,3,97,Bronx,Westchester Village/Unionport,false,0.2455
yellow,250,pickup,2024,4,106,Bronx,Westchester Village/Unionport,false,0.2455
yellow,250,pickup,2024,5,106,Bronx,Westchester Village/Unionport,false,0.2455
yellow,250,pickup,2024,6,98,Bronx,Westchester Village/Unionport,false,0.2455
yellow,250,pickup,2025,2,123,Bronx,Westchester Village/Unionport,false,0.2455
yellow,250,pickup,2025,3,120,Bronx,Westchester Village/Unionport,false,0.2455
yellow,250,pickup,2025,4,159,Bronx,Westchester Village/Unionport,false,0.2455
yellow,250,pickup,2025,5,131,Bronx,Westchester Village/Unionport,false,0.2455
yellow,250,pickup,2025,6,163,Bronx,Westchester Village/Unionport,false,0.2455
yellow,251,dropoff,2024,2,46,Staten Island,Westerleigh,false,0.4322
yellow,251,dropoff,2024,3,36,Staten Island,Westerleigh,false,0.4322
yellow,251,dropoff,2024,4,29,Staten Island,Westerleigh,false,0.4322
yellow,251,dropoff,2024,5,52,Staten Island,Westerleigh,false,0.4322
yellow,251,dropoff,2024,6,36,Staten Island,Westerleigh,false,0.4322
yellow,251,dropoff,2025,2,34,Staten Island,Westerleigh,false,0.4322
yellow,251,dropoff,2025,3,38,Staten Island,Westerleigh,false,0.4322
yellow,251,dropoff,2025,4,30,Staten Island,Westerleigh,false,0.4322
yellow,251,dropoff,2025,5,45,Staten Island,Westerleigh,false,0.4322
yellow,251,dropoff,2025,6,49,Staten Island,Westerleigh,false,0.4322
yellow,251,pickup,2024,2,1,Staten Island,Westerleigh,false,0.0
yellow,251,pickup,2024,3,2,Staten Island,Westerleigh,false,0.0
yellow,251,pickup,2024,4,1,Staten Island,Westerleigh,false,0.0
yellow,251,pickup,2024,5,2,Staten Island,Westerleigh,false,0.0
yellow,251,pickup,2024,6,1,Staten Island,Westerleigh,false,0.0
yellow,251,pickup,2025,3,1,Staten Island,Westerleigh,false,0.0
yellow,251,pickup,2025,4,2,Staten Island,Westerleigh,false,0.0
yellow,251,pickup,2025,5,1,Staten Island,Westerleigh,false,0.0
yellow,251,pickup,2025,6,1,Staten Island,Westerleigh,false,0.0
yellow,252,dropoff,2024,2,504,Queens,Whitestone,false,0.0918
yellow,252,dropoff,2024,3,519,Queens,Whitestone,false,0.0918
yellow,252,dropoff,2024,4,590,Queens,Whitestone,false,0.0918
yellow,252,dropoff,2024,5,574,Queens,Whitestone,false,0.0918
yellow,252,dropoff,2024,6,505,Queens,Whitestone,false,0.0918
yellow,252,dropoff,2025,2,493,Queens,Whitestone,false,0.0918
yellow,252,dropoff,2025,3,491,Queens,Whitestone,false,0.0918
yellow,252,dropoff,2025,4,516,Queens,Whitestone,false,0.0918
yellow,252,dropoff,2025,5,536,Queens,Whitestone,false,0.0918
yellow,252,dropoff,2025,6,559,Queens,Whitestone,false,0.0918
yellow,252,pickup,2024,2,41,Queens,Whitestone,false,0.1751
yellow,252,pickup,2024,3,55,Queens,Whitestone,false,0.1751
yellow,252,pickup,2024,4,41,Queens,Whitestone,false,0.1751
yellow,252,pickup,2024,5,51,Queens,Whitestone,false,0.1751
yellow,252,pickup,2024,6,29,Queens,Whitestone,false,0.1751
yellow,252,pickup,2025,2,27,Queens,Whitestone,false,0.1751
yellow,252,pickup,2025,3,32,Queens,Whitestone,false,0.1751
yellow,252,pickup,2025,4,52,Queens,Whitestone,false,0.1751
yellow,252,pickup,2025,5,40,Queens,Whitestone,false,0.1751
yellow,252,pickup,2025,6,47,Queens,Whitestone,false,0.1751
yellow,253,dropoff,2024,2,29,Queens,Willets Point,false,0.1467
yellow,253,dropoff,2024,3,35,Queens,Willets Point,false,0.1467
yellow,253,dropoff,2024,4,33,Queens,Willets Point,false,0.1467
yellow,253,dropoff,2024,5,43,Queens,Willets Point,false,0.1467
yellow,253,dropoff,2024,6,44,Queens,Willets Point,false,0.1467
yellow,253,dropoff,2025,2,19,Queens,Willets Point,false,0.1467
yellow,253,dropoff,2025,3,35,Queens,Willets Point,false,0.1467
yellow,253,dropoff,2025,4,52,Queens,Willets Point,false,0.1467
yellow,253,dropoff,2025,5,51,Queens,Willets Point,false,0.1467
yellow,253,dropoff,2025,6,44,Queens,Willets Point,false,0.1467
yellow,253,pickup,2024,2,4,Queens,Willets Point,false,0.1136
yellow,253,pickup,2024,3,9,Queens,Willets Point,false,0.1136
yellow,253,pickup,2024,4,5,Queens,Willets Point,false,0.1136
yellow,253,pickup,2024,5,10,Queens,Willets Point,false,0.1136
yellow,253,pickup,2024,6,16,Queens,Willets Point,false,0.1136
yellow,253,pickup,2025,3,6,Queens,Willets Point,false,0.1136
yellow,253,pickup,2025,4,17,Queens,Willets Point,false,0.1136
yellow,253,pickup,2025,5,11,Queens,Willets Point,false,0.1136
yellow,253,pickup,2025,6,17,Queens,Willets Point,false,0.1136
yellow,254,dropoff,2024,2,373,Bronx,Williamsbridge/Olinville,false,0.1985
yellow,254,dropoff,2024,3,434,Bronx,Williamsbridge/Olinville,false,0.1985
yellow,254,dropoff,2024,4,439,Bronx,Williamsbridge/Olinville,false,0.1985
yellow,254,dropoff,2024,5,471,Bronx,Williamsbridge/Olinville,false,0.1985
yellow,254,dropoff,2024,6,404,Bronx,Williamsbridge/Olinville,false,0.1985
yellow,254,dropoff,2025,2,411,Bronx,Williamsbridge/Olinville,false,0.1985
yellow,254,dropoff,2025,3,451,Bronx,Williamsbridge/Olinville,false,0.1985
yellow,254,dropoff,2025,4,482,Bronx,Williamsbridge/Olinville,false,0.1985
yellow,254,dropoff,2025,5,458,Bronx,Williamsbridge/Olinville,false,0.1985
yellow,254,dropoff,2025,6,495,Bronx,Williamsbridge/Olinville,false,0.1985
yellow,254,pickup,2024,2,172,Bronx,Williamsbridge/Olinville,false,0.257
yellow,254,pickup,2024,3,254,Bronx,Williamsbridge/Olinville,false,0.257
yellow,254,pickup,2024,4,278,Bronx,Williamsbridge/Olinville,false,0.257
yellow,254,pickup,2024,5,239,Bronx,Williamsbridge/Olinville,false,0.257
yellow,254,pickup,2024,6,201,Bronx,Williamsbridge/Olinville,false,0.257
yellow,254,pickup,2025,2,253,Bronx,Williamsbridge/Olinville,false,0.257
yellow,254,pickup,2025,3,314,Bronx,Williamsbridge/Olinville,false,0.257
yellow,254,pickup,2025,4,292,Bronx,Williamsbridge/Olinville,false,0.257
yellow,254,pickup,2025,5,304,Bronx,Williamsbridge/Olinville,false,0.257
yellow,254,pickup,2025,6,339,Bronx,Williamsbridge/Olinville,false,0.257
yellow,255,dropoff,2024,2,6065,Brooklyn,Williamsburg (North Side),false,0.5685
yellow,255,dropoff,2024,3,7586,Brooklyn,Williamsburg (North Side),false,0.5685
yellow,255,dropoff,2024,4,7497,Brooklyn,Williamsburg (North Side),false,0.5685
yellow,255,dropoff,2024,5,7398,Brooklyn,Williamsburg (North Side),false,0.5685
yellow,255,dropoff,2024,6,8092,Brooklyn,Williamsburg (North Side),false,0.5685
yellow,255,dropoff,2025,2,6224,Brooklyn,Williamsburg (North Side),false,0.5685
yellow,255,dropoff,2025,3,7640,Brooklyn,Williamsburg (North Side),false,0.5685
yellow,255,dropoff,2025,4,7545,Brooklyn,Williamsburg (North Side),false,0.5685
yellow,255,dropoff,2025,5,8408,Brooklyn,Williamsburg (North Side),false,0.5685
yellow,255,dropoff,2025,6,7741,Brooklyn,Williamsburg (North Side),false,0.5685
yellow,255,pickup,2024,2,491,Brooklyn,Williamsburg (North Side),false,0.3279
yellow,255,pickup,2024,3,610,Brooklyn,Williamsburg (North Side),false,0.3279
yellow,255,pickup,2024,4,621,Brooklyn,Williamsburg (North Side),false,0.3279
yellow,255,pickup,2024,5,659,Brooklyn,Williamsburg (North Side),false,0.3279
yellow,255,pickup,2024,6,855,Brooklyn,Williamsburg (North Side),false,0.3279
yellow,255,pickup,2025,2,628,Brooklyn,Williamsburg (North Side),false,0.3279
yellow,255,pickup,2025,3,880,Brooklyn,Williamsburg (North Side),false,0.3279
yellow,255,pickup,2025,4,1007,Brooklyn,Williamsburg (North Side),false,0.3279
yellow,255,pickup,2025,5,1206,Brooklyn,Williamsburg (North Side),false,0.3279
yellow,255,pickup,2025,6,1092,Brooklyn,Williamsburg (North Side),false,0.3279
yellow,256,dropoff,2024,2,5596,Brooklyn,Williamsburg (South Side),false,0.6424
yellow,256,dropoff,2024,3,6354,Brooklyn,Williamsburg (South Side),false,0.6424
yellow,256,dropoff,2024,4,6169,Brooklyn,Williamsburg (South Side),false,0.6424
yellow,256,dropoff,2024,5,6550,Brooklyn,Williamsburg (South Side),false,0.6424
yellow,256,dropoff,2024,6,6469,Brooklyn,Williamsburg (South Side),false,0.6424
yellow,256,dropoff,2025,2,5232,Brooklyn,Williamsburg (South Side),false,0.6424
yellow,256,dropoff,2025,3,6626,Brooklyn,Williamsburg (South Side),false,0.6424
yellow,256,dropoff,2025,4,6216,Brooklyn,Williamsburg (South Side),false,0.6424
yellow,256,dropoff,2025,5,7357,Brooklyn,Williamsburg (South Side),false,0.6424
yellow,256,dropoff,2025,6,6701,Brooklyn,Williamsburg (South Side),false,0.6424
yellow,256,pickup,2024,2,442,Brooklyn,Williamsburg (South Side),false,0.3771
yellow,256,pickup,2024,3,551,Brooklyn,Williamsburg (South Side),false,0.3771
yellow,256,pickup,2024,4,509,Brooklyn,Williamsburg (South Side),false,0.3771
yellow,256,pickup,2024,5,600,Brooklyn,Williamsburg (South Side),false,0.3771
yellow,256,pickup,2024,6,741,Brooklyn,Williamsburg (South Side),false,0.3771
yellow,256,pickup,2025,2,462,Brooklyn,Williamsburg (South Side),false,0.3771
yellow,256,pickup,2025,3,651,Brooklyn,Williamsburg (South Side),false,0.3771
yellow,256,pickup,2025,4,719,Brooklyn,Williamsburg (South Side),false,0.3771
yellow,256,pickup,2025,5,931,Brooklyn,Williamsburg (South Side),false,0.3771
yellow,256,pickup,2025,6,878,Brooklyn,Williamsburg (South Side),false,0.3771
yellow,257,dropoff,2024,2,1173,Brooklyn,Windsor Terrace,false,0.4675
yellow,257,dropoff,2024,3,1265,Brooklyn,Windsor Terrace,false,0.4675
yellow,257,dropoff,2024,4,1324,Brooklyn,Windsor Terrace,false,0.4675
yellow,257,dropoff,2024,5,1299,Brooklyn,Windsor Terrace,false,0.4675
yellow,257,dropoff,2024,6,1228,Brooklyn,Windsor Terrace,false,0.4675
yellow,257,dropoff,2025,2,1165,Brooklyn,Windsor Terrace,false,0.4675
yellow,257,dropoff,2025,3,1241,Brooklyn,Windsor Terrace,false,0.4675
yellow,257,dropoff,2025,4,1280,Brooklyn,Windsor Terrace,false,0.4675
yellow,257,dropoff,2025,5,1436,Brooklyn,Windsor Terrace,false,0.4675
yellow,257,dropoff,2025,6,1335,Brooklyn,Windsor Terrace,false,0.4675
yellow,257,pickup,2024,2,55,Brooklyn,Windsor Terrace,false,0.2129
yellow,257,pickup,2024,3,71,Brooklyn,Windsor Terrace,false,0.2129
yellow,257,pickup,2024,4,86,Brooklyn,Windsor Terrace,false,0.2129
yellow,257,pickup,2024,5,72,Brooklyn,Windsor Terrace,false,0.2129
yellow,257,pickup,2024,6,73,Brooklyn,Windsor Terrace,false,0.2129
yellow,257,pickup,2025,2,66,Brooklyn,Windsor Terrace,false,0.2129
yellow,257,pickup,2025,3,75,Brooklyn,Windsor Terrace,false,0.2129
yellow,257,pickup,2025,4,88,Brooklyn,Windsor Terrace,false,0.2129
yellow,257,pickup,2025,5,128,Brooklyn,Windsor Terrace,false,0.2129
yellow,257,pickup,2025,6,111,Brooklyn,Windsor Terrace,false,0.2129
yellow,258,dropoff,2024,2,579,Queens,Woodhaven,false,0.1416
yellow,258,dropoff,2024,3,628,Queens,Woodhaven,false,0.1416
yellow,258,dropoff,2024,4,668,Queens,Woodhaven,false,0.1416
yellow,258,dropoff,2024,5,670,Queens,Woodhaven,false,0.1416
yellow,258,dropoff,2024,6,655,Queens,Woodhaven,false,0.1416
yellow,258,dropoff,2025,2,513,Queens,Woodhaven,false,0.1416
yellow,258,dropoff,2025,3,526,Queens,Woodhaven,false,0.1416
yellow,258,dropoff,2025,4,554,Queens,Woodhaven,false,0.1416
yellow,258,dropoff,2025,5,633,Queens,Woodhaven,false,0.1416
yellow,258,dropoff,2025,6,629,Queens,Woodhaven,false,0.1416
yellow,258,pickup,2024,2,126,Queens,Woodhaven,false,0.3035
yellow,258,pickup,2024,3,156,Queens,Woodhaven,false,0.3035
yellow,258,pickup,2024,4,148,Queens,Woodhaven,false,0.3035
yellow,258,pickup,2024,5,132,Queens,Woodhaven,false,0.3035
yellow,258,pickup,2024,6,120,Queens,Woodhaven,false,0.3035
yellow,258,pickup,2025,2,116,Queens,Woodhaven,false,0.3035
yellow,258,pickup,2025,3,134,Queens,Woodhaven,false,0.3035
yellow,258,pickup,2025,4,185,Queens,Woodhaven,false,0.3035
yellow,258,pickup,2025,5,147,Queens,Woodhaven,false,0.3035
yellow,258,pickup,2025,6,153,Queens,Woodhaven,false,0.3035
yellow,259,dropoff,2024,2,246,Bronx,Woodlawn/Wakefield,false,0.2508
yellow,259,dropoff,2024,3,331,Bronx,Woodlawn/Wakefield,false,0.2508
yellow,259,dropoff,2024,4,323,Bronx,Woodlawn/Wakefield,false,0.2508
yellow,259,dropoff,2024,5,332,Bronx,Woodlawn/Wakefield,false,0.2508
yellow,259,dropoff,2024,6,339,Bronx,Woodlawn/Wakefield,false,0.2508
yellow,259,dropoff,2025,2,245,Bronx,Woodlawn/Wakefield,false,0.2508
yellow,259,dropoff,2025,3,313,Bronx,Woodlawn/Wakefield,false,0.2508
yellow,259,dropoff,2025,4,278,Bronx,Woodlawn/Wakefield,false,0.2508
yellow,259,dropoff,2025,5,338,Bronx,Woodlawn/Wakefield,false,0.2508
yellow,259,dropoff,2025,6,328,Bronx,Woodlawn/Wakefield,false,0.2508
yellow,259,pickup,2024,2,95,Bronx,Woodlawn/Wakefield,false,0.2806
yellow,259,pickup,2024,3,114,Bronx,Woodlawn/Wakefield,false,0.2806
yellow,259,pickup,2024,4,126,Bronx,Woodlawn/Wakefield,false,0.2806
yellow,259,pickup,2024,5,119,Bronx,Woodlawn/Wakefield,false,0.2806
yellow,259,pickup,2024,6,102,Bronx,Woodlawn/Wakefield,false,0.2806
yellow,259,pickup,2025,2,124,Bronx,Woodlawn/Wakefield,false,0.2806
yellow,259,pickup,2025,3,158,Bronx,Woodlawn/Wakefield,false,0.2806
yellow,259,pickup,2025,4,153,Bronx,Woodlawn/Wakefield,false,0.2806
yellow,259,pickup,2025,5,133,Bronx,Woodlawn/Wakefield,false,0.2806
yellow,259,pickup,2025,6,186,Bronx,Woodlawn/Wakefield,false,0.2806
yellow,260,dropoff,2024,2,1683,Queens,Woodside,false,0.3267
yellow,260,dropoff,2024,3,1954,Queens,Woodside,false,0.3267
yellow,260,dropoff,2024,4,1909,Queens,Woodside,false,0.3267
yellow,260,dropoff,2024,5,1958,Queens,Woodside,false,0.3267
yellow,260,dropoff,2024,6,1841,Queens,Woodside,false,0.3267
yellow,260,dropoff,2025,2,1487,Queens,Woodside,false,0.3267
yellow,260,dropoff,2025,3,1775,Queens,Woodside,false,0.3267
yellow,260,dropoff,2025,4,1642,Queens,Woodside,false,0.3267
yellow,260,dropoff,2025,5,1809,Queens,Woodside,false,0.3267
yellow,260,dropoff,2025,6,1708,Queens,Woodside,false,0.3267
yellow,260,pickup,2024,2,499,Queens,Woodside,false,0.2456
yellow,260,pickup,2024,3,549,Queens,Woodside,false,0.2456
yellow,260,pickup,2024,4,538,Queens,Woodside,false,0.2456
yellow,260,pickup,2024,5,590,Queens,Woodside,false,0.2456
yellow,260,pickup,2024,6,556,Queens,Woodside,false,0.2456
yellow,260,pickup,2025,2,475,Queens,Woodside,false,0.2456
yellow,260,pickup,2025,3,608,Queens,Woodside,false,0.2456
yellow,260,pickup,2025,4,612,Queens,Woodside,false,0.2456
yellow,260,pickup,2025,5,676,Queens,Woodside,false,0.2456
yellow,260,pickup,2025,6,711,Queens,Woodside,false,0.2456
yellow,261,dropoff,2024,2,11777,Manhattan,World Trade Center,true,1.0
yellow,261,dropoff,2024,3,14332,Manhattan,World Trade Center,true,1.0
yellow,261,dropoff,2024,4,14278,Manhattan,World Trade Center,true,1.0
yellow,261,dropoff,2024,5,15169,Manhattan,World Trade Center,true,1.0
yellow,261,dropoff,2024,6,14825,Manhattan,World Trade Center,true,1.0
yellow,261,dropoff,2025,2,10912,Manhattan,World Trade Center,true,1.0
yellow,261,dropoff,2025,3,14491,Manhattan,World Trade Center,true,1.0
yellow,261,dropoff,2025,4,14844,Manhattan,World Trade Center,true,1.0
yellow,261,dropoff,2025,5,15210,Manhattan,World Trade Center,true,1.0
yellow,261,dropoff,2025,6,14089,Manhattan,World Trade Center,true,1.0
yellow,261,pickup,2024,2,12174,Manhattan,World Trade Center,true,1.0
yellow,261,pickup,2024,3,15399,Manhattan,World Trade Center,true,1.0
yellow,261,pickup,2024,4,14734,Manhattan,World Trade Center,true,1.0
yellow,261,pickup,2024,5,16362,Manhattan,World Trade Center,true,1.0
yellow,261,pickup,2024,6,16477,Manhattan,World Trade Center,true,1.0
yellow,261,pickup,2025,2,10918,Manhattan,World Trade Center,true,1.0
yellow,261,pickup,2025,3,14933,Manhattan,World Trade Center,true,1.0
yellow,261,pickup,2025,4,16184,Manhattan,World Trade Center,true,1.0
yellow,261,pickup,2025,5,16091,Manhattan,World Trade Center,true,1.0
yellow,261,pickup,2025,6,14889,Manhattan,World Trade Center,true,1.0
yellow,262,dropoff,2024,2,43589,Manhattan,Yorkville East,false,0.38
yellow,262,dropoff,2024,3,46558,Manhattan,Yorkville East,false,0.38
yellow,262,dropoff,2024,4,46863,Manhattan,Yorkville East,false,0.38
yellow,262,dropoff,2024,5,49527,Manhattan,Yorkville East,false,0.38
yellow,262,dropoff,2024,6,45457,Manhattan,Yorkville East,false,0.38
yellow,262,dropoff,2025,2,43574,Manhattan,Yorkville East,false,0.38
yellow,262,dropoff,2025,3,46906,Manhattan,Yorkville East,false,0.38
yellow,262,dropoff,2025,4,47403,Manhattan,Yorkville East,false,0.38
yellow,262,dropoff,2025,5,48573,Manhattan,Yorkville East,false,0.38
yellow,262,dropoff,2025,6,43761,Manhattan,Yorkville East,false,0.38
yellow,262,pickup,2024,2,36818,Manhattan,Yorkville East,false,0.3087
yellow,262,pickup,2024,3,39043,Manhattan,Yorkville East,false,0.3087
yellow,262,pickup,2024,4,38988,Manhattan,Yorkville East,false,0.3087
yellow,262,pickup,2024,5,41899,Manhattan,Yorkville East,false,0.3087
yellow,262,pickup,2024,6,38511,Manhattan,Yorkville East,false,0.3087
yellow,262,pickup,2025,2,35662,Manhattan,Yorkville East,false,0.3087
yellow,262,pickup,2025,3,38231,Manhattan,Yorkville East,false,0.3087
yellow,262,pickup,2025,4,40227,Manhattan,Yorkville East,false,0.3087
yellow,262,pickup,2025,5,40198,Manhattan,Yorkville East,false,0.3087
yellow,262,pickup,2025,6,35062,Manhattan,Yorkville East,false,0.3087
yellow,263,dropoff,2024,2,59568,Manhattan,Yorkville West,false,0.3932
yellow,263,dropoff,2024,3,64706,Manhattan,Yorkville West,false,0.3932
yellow,263,dropoff,2024,4,61957,Manhattan,Yorkville West,false,0.3932
yellow,263,dropoff,2024,5,65140,Manhattan,Yorkville West,false,0.3932
yellow,263,dropoff,2024,6,61733,Manhattan,Yorkville West,false,0.3932
yellow,263,dropoff,2025,2,58039,Manhattan,Yorkville West,false,0.3932
yellow,263,dropoff,2025,3,64665,Manhattan,Yorkville West,false,0.3932
yellow,263,dropoff,2025,4,61433,Manhattan,Yorkville West,false,0.3932
yellow,263,dropoff,2025,5,64794,Manhattan,Yorkville West,false,0.3932
yellow,263,dropoff,2025,6,59205,Manhattan,Yorkville West,false,0.3932
yellow,263,pickup,2024,2,53883,Manhattan,Yorkville West,false,0.2795
yellow,263,pickup,2024,3,57833,Manhattan,Yorkville West,false,0.2795
yellow,263,pickup,2024,4,54866,Manhattan,Yorkville West,false,0.2795
yellow,263,pickup,2024,5,57989,Manhattan,Yorkville West,false,0.2795
yellow,263,pickup,2024,6,55103,Manhattan,Yorkville West,false,0.2795
yellow,263,pickup,2025,2,51165,Manhattan,Yorkville West,false,0.2795
yellow,263,pickup,2025,3,56578,Manhattan,Yorkville West,false,0.2795
yellow,263,pickup,2025,4,54659,Manhattan,Yorkville West,false,0.2795
yellow,263,pickup,2025,5,57379,Manhattan,Yorkville West,false,0.2795
yellow,263,pickup,2025,6,51055,Manhattan,Yorkville West,false,0.2795
yellow,264,dropoff,2024,2,12726,Unknown,N/A,false,0.3534
yellow,264,dropoff,2024,3,15119,Unknown,N/A,false,0.3534
yellow,264,dropoff,2024,4,14453,Unknown,N/A,false,0.3534
yellow,264,dropoff,2024,5,15244,Unknown,N/A,false,0.3534
yellow,264,dropoff,2024,6,14799,Unknown,N/A,false,0.3534
yellow,264,dropoff,2025,2,8769,Unknown,N/A,false,0.3534
yellow,264,dropoff,2025,3,8405,Unknown,N/A,false,0.3534
yellow,264,dropoff,2025,4,7663,Unknown,N/A,false,0.3534
yellow,264,dropoff,2025,5,7940,Unknown,N/A,false,0.3534
yellow,264,dropoff,2025,6,7526,Unknown,N/A,false,0.3534
yellow,264,pickup,2024,2,8763,Unknown,N/A,false,0.2214
yellow,264,pickup,2024,3,10414,Unknown,N/A,false,0.2214
yellow,264,pickup,2024,4,9787,Unknown,N/A,false,0.2214
yellow,264,pickup,2024,5,10634,Unknown,N/A,false,0.2214
yellow,264,pickup,2024,6,10477,Unknown,N/A,false,0.2214
yellow,264,pickup,2025,2,6732,Unknown,N/A,false,0.2214
yellow,264,pickup,2025,3,6828,Unknown,N/A,false,0.2214
yellow,264,pickup,2025,4,6543,Unknown,N/A,false,0.2214
yellow,264,pickup,2025,5,6668,Unknown,N/A,false,0.2214
yellow,264,pickup,2025,6,5810,Unknown,N/A,false,0.2214
yellow,265,dropoff,2024,2,9461,N/A,Outside of NYC,false,0.2484
yellow,265,dropoff,2024,3,11285,N/A,Outside of NYC,false,0.2484
yellow,265,dropoff,2024,4,11722,N/A,Outside of NYC,false,0.2484
yellow,265,dropoff,2024,5,13087,N/A,Outside of NYC,false,0.2484
yellow,265,dropoff,2024,6,13360,N/A,Outside of NYC,false,0.2484
yellow,265,dropoff,2025,2,9183,N/A,Outside of NYC,false,0.2484
yellow,265,dropoff,2025,3,11175,N/A,Outside of NYC,false,0.2484
yellow,265,dropoff,2025,4,12227,N/A,Outside of NYC,false,0.2484
yellow,265,dropoff,2025,5,15236,N/A,Outside of NYC,false,0.2484
yellow,265,dropoff,2025,6,14652,N/A,Outside of NYC,false,0.2484
yellow,265,pickup,2024,2,483,N/A,Outside of NYC,false,0.0769
yellow,265,pickup,2024,3,489,N/A,Outside of NYC,false,0.0769
yellow,265,pickup,2024,4,549,N/A,Outside of NYC,false,0.0769
yellow,265,pickup,2024,5,652,N/A,Outside of NYC,false,0.0769
yellow,265,pickup,2024,6,609,N/A,Outside of NYC,false,0.0769
yellow,265,pickup,2025,2,421,N/A,Outside of NYC,false,0.0769
yellow,265,pickup,2025,3,538,N/A,Outside of NYC,false,0.0769
yellow,265,pickup,2025,4,582,N/A,Outside of NYC,false,0.0769
yellow,265,pickup,2025,5,780,N/A,Outside of NYC,false,0.0769
yellow,265,pickup,2025,6,715,N/A,Outside of NYC,false,0.0769
