vehicle,zone,direction,year,month,n_trips,Borough,zone_name,crz_zone,charged_share
hvfhv,1,dropoff,2023,2,117851,EWR,Newark Airport,false,0.6683
hvfhv,1,dropoff,2023,3,142159,EWR,Newark Airport,false,0.6683
hvfhv,1,dropoff,2023,4,132003,EWR,Newark Airport,false,0.6683
hvfhv,1,dropoff,2023,5,149252,EWR,Newark Airport,false,0.6683
hvfhv,1,dropoff,2023,6,142208,EWR,Newark Airport,false,0.6683
hvfhv,1,dropoff,2024,2,127130,EWR,Newark Airport,false,0.6683
hvfhv,1,dropoff,2024,3,141384,EWR,Newark Airport,false,0.6683
hvfhv,1,dropoff,2024,4,142899,EWR,Newark Airport,false,0.6683
hvfhv,1,dropoff,2024,5,155973,EWR,Newark Airport,false,0.6683
hvfhv,1,dropoff,2024,6,139637,EWR,Newark Airport,false,0.6683
hvfhv,1,pickup,2023,2,1,EWR,Newark Airport,false,0.125
hvfhv,1,pickup,2023,4,2,EWR,Newark Airport,false,0.125
hvfhv,1,pickup,2023,5,3,EWR,Newark Airport,false,0.125
hvfhv,1,pickup,2023,6,2,EWR,Newark Airport,false,0.125
hvfhv,1,pickup,2024,2,1,EWR,Newark Airport,false,0.125
hvfhv,1,pickup,2024,4,1,EWR,Newark Airport,false,0.125
hvfhv,1,pickup,2024,5,1,EWR,Newark Airport,false,0.125
hvfhv,2,dropoff,2023,2,26,Queens,Jamaica Bay,false,0.0513
hvfhv,2,dropoff,2023,3,29,Queens,Jamaica Bay,false,0.0513
hvfhv,2,dropoff,2023,4,44,Queens,Jamaica Bay,false,0.0513
hvfhv,2,dropoff,2023,5,48,Queens,Jamaica Bay,false,0.0513
hvfhv,2,dropoff,2023,6,48,Queens,Jamaica Bay,false,0.0513
hvfhv,2,dropoff,2024,2,34,Queens,Jamaica Bay,false,0.0513
hvfhv,2,dropoff,2024,3,33,Queens,Jamaica Bay,false,0.0513
hvfhv,2,dropoff,2024,4,53,Queens,Jamaica Bay,false,0.0513
hvfhv,2,dropoff,2024,5,73,Queens,Jamaica Bay,false,0.0513
hvfhv,2,dropoff,2024,6,73,Queens,Jamaica Bay,false,0.0513
hvfhv,2,pickup,2023,2,28,Queens,Jamaica Bay,false,0.0542
hvfhv,2,pickup,2023,3,31,Queens,Jamaica Bay,false,0.0542
hvfhv,2,pickup,2023,4,45,Queens,Jamaica Bay,false,0.0542
hvfhv,2,pickup,2023,5,46,Queens,Jamaica Bay,false,0.0542
hvfhv,2,pickup,2023,6,53,Queens,Jamaica Bay,false,0.0542
hvfhv,2,pickup,2024,2,26,Queens,Jamaica Bay,false,0.0542
hvfhv,2,pickup,2024,3,31,Queens,Jamaica Bay,false,0.0542
hvfhv,2,pickup,2024,4,49,Queens,Jamaica Bay,false,0.0542
hvfhv,2,pickup,2024,5,58,Queens,Jamaica Bay,false,0.0542
hvfhv,2,pickup,2024,6,67,Queens,Jamaica Bay,false,0.0542
hvfhv,3,dropoff,2023,2,34489,Bronx,Allerton/Pelham Gardens,false,0.0268
hvfhv,3,dropoff,2023,3,40683,Bronx,Allerton/Pelham Gardens,false,0.0268
hvfhv,3,dropoff,2023,4,36977,Bronx,Allerton/Pelham Gardens,false,0.0268
hvfhv,3,dropoff,2023,5,39220,Bronx,Allerton/Pelham Gardens,false,0.0268
hvfhv,3,dropoff,2023,6,38392,Bronx,Allerton/Pelham Gardens,false,0.0268
hvfhv,3,dropoff,2024,2,40392,Bronx,Allerton/Pelham Gardens,false,0.0268
hvfhv,3,dropoff,2024,3,44472,Bronx,Allerton/Pelham Gardens,false,0.0268
hvfhv,3,dropoff,2024,4,41197,Bronx,Allerton/Pelham Gardens,false,0.0268
hvfhv,3,dropoff,2024,5,43080,Bronx,Allerton/Pelham Gardens,false,0.0268
hvfhv,3,dropoff,2024,6,40832,Bronx,Allerton/Pelham Gardens,false,0.0268
hvfhv,3,pickup,2023,2,37016,Bronx,Allerton/Pelham Gardens,false,0.0231
hvfhv,3,pickup,2023,3,43767,Bronx,Allerton/Pelham Gardens,false,0.0231
hvfhv,3,pickup,2023,4,39449,Bronx,Allerton/Pelham Gardens,false,0.0231
hvfhv,3,pickup,2023,5,41781,Bronx,Allerton/Pelham Gardens,false,0.0231
hvfhv,3,pickup,2023,6,40699,Bronx,Allerton/Pelham Gardens,false,0.0231
hvfhv,3,pickup,2024,2,42752,Bronx,Allerton/Pelham Gardens,false,0.0231
hvfhv,3,pickup,2024,3,47175,Bronx,Allerton/Pelham Gardens,false,0.0231
hvfhv,3,pickup,2024,4,43754,Bronx,Allerton/Pelham Gardens,false,0.0231
hvfhv,3,pickup,2024,5,44486,Bronx,Allerton/Pelham Gardens,false,0.0231
hvfhv,3,pickup,2024,6,42516,Bronx,Allerton/Pelham Gardens,false,0.0231
hvfhv,4,dropoff,2023,2,53684,Manhattan,Alphabet City,true,1.0
hvfhv,4,dropoff,2023,3,58693,Manhattan,Alphabet City,true,1.0
hvfhv,4,dropoff,2023,4,56220,Manhattan,Alphabet City,true,1.0
hvfhv,4,dropoff,2023,5,53336,Manhattan,Alphabet City,true,1.0
hvfhv,4,dropoff,2023,6,53093,Manhattan,Alphabet City,true,1.0
hvfhv,4,dropoff,2024,2,55468,Manhattan,Alphabet City,true,1.0
hvfhv,4,dropoff,2024,3,58233,Manhattan,Alphabet City,true,1.0
hvfhv,4,dropoff,2024,4,52795,Manhattan,Alphabet City,true,1.0
hvfhv,4,dropoff,2024,5,53026,Manhattan,Alphabet City,true,1.0
hvfhv,4,dropoff,2024,6,51980,Manhattan,Alphabet City,true,1.0
hvfhv,4,pickup,2023,2,63912,Manhattan,Alphabet City,true,1.0
hvfhv,4,pickup,2023,3,69469,Manhattan,Alphabet City,true,1.0
hvfhv,4,pickup,2023,4,67030,Manhattan,Alphabet City,true,1.0
hvfhv,4,pickup,2023,5,63167,Manhattan,Alphabet City,true,1.0
hvfhv,4,pickup,2023,6,63276,Manhattan,Alphabet City,true,1.0
hvfhv,4,pickup,2024,2,64363,Manhattan,Alphabet City,true,1.0
hvfhv,4,pickup,2024,3,68920,Manhattan,Alphabet City,true,1.0
hvfhv,4,pickup,2024,4,62653,Manhattan,Alphabet City,true,1.0
hvfhv,4,pickup,2024,5,63960,Manhattan,Alphabet City,true,1.0
hvfhv,4,pickup,2024,6,61458,Manhattan,Alphabet City,true,1.0
hvfhv,5,dropoff,2023,2,4263,Staten Island,Arden Heights,false,0.0478
hvfhv,5,dropoff,2023,3,4708,Staten Island,Arden Heights,false,0.0478
hvfhv,5,dropoff,2023,4,4562,Staten Island,Arden Heights,false,0.0478
hvfhv,5,dropoff,2023,5,4983,Staten Island,Arden Heights,false,0.0478
hvfhv,5,dropoff,2023,6,4930,Staten Island,Arden Heights,false,0.0478
hvfhv,5,dropoff,2024,2,4887,Staten Island,Arden Heights,false,0.0478
hvfhv,5,dropoff,2024,3,5605,Staten Island,Arden Heights,false,0.0478
hvfhv,5,dropoff,2024,4,5198,Staten Island,Arden Heights,false,0.0478
hvfhv,5,dropoff,2024,5,5491,Staten Island,Arden Heights,false,0.0478
hvfhv,5,dropoff,2024,6,5479,Staten Island,Arden Heights,false,0.0478
hvfhv,5,pickup,2023,2,4523,Staten Island,Arden Heights,false,0.022
hvfhv,5,pickup,2023,3,5153,Staten Island,Arden Heights,false,0.022
hvfhv,5,pickup,2023,4,4834,Staten Island,Arden Heights,false,0.022
hvfhv,5,pickup,2023,5,5398,Staten Island,Arden Heights,false,0.022
hvfhv,5,pickup,2023,6,5427,Staten Island,Arden Heights,false,0.022
hvfhv,5,pickup,2024,2,5300,Staten Island,Arden Heights,false,0.022
hvfhv,5,pickup,2024,3,6022,Staten Island,Arden Heights,false,0.022
hvfhv,5,pickup,2024,4,5681,Staten Island,Arden Heights,false,0.022
hvfhv,5,pickup,2024,5,6225,Staten Island,Arden Heights,false,0.022
hvfhv,5,pickup,2024,6,6222,Staten Island,Arden Heights,false,0.022
hvfhv,6,dropoff,2023,2,9470,Staten Island,Arrochar/Fort Wadsworth,false,0.0545
hvfhv,6,dropoff,2023,3,11187,Staten Island,Arrochar/Fort Wadsworth,false,0.0545
hvfhv,6,dropoff,2023,4,10016,Staten Island,Arrochar/Fort Wadsworth,false,0.0545
hvfhv,6,dropoff,2023,5,11052,Staten Island,Arrochar/Fort Wadsworth,false,0.0545
hvfhv,6,dropoff,2023,6,10588,Staten Island,Arrochar/Fort Wadsworth,false,0.0545
hvfhv,6,dropoff,2024,2,10719,Staten Island,Arrochar/Fort Wadsworth,false,0.0545
hvfhv,6,dropoff,2024,3,12114,Staten Island,Arrochar/Fort Wadsworth,false,0.0545
hvfhv,6,dropoff,2024,4,11187,Staten Island,Arrochar/Fort Wadsworth,false,0.0545
hvfhv,6,dropoff,2024,5,12034,Staten Island,Arrochar/Fort Wadsworth,false,0.0545
hvfhv,6,dropoff,2024,6,11543,Staten Island,Arrochar/Fort Wadsworth,false,0.0545
hvfhv,6,pickup,2023,2,8785,Staten Island,Arrochar/Fort Wadsworth,false,0.0406
hvfhv,6,pickup,2023,3,10148,Staten Island,Arrochar/Fort Wadsworth,false,0.0406
hvfhv,6,pickup,2023,4,9170,Staten Island,Arrochar/Fort Wadsworth,false,0.0406
hvfhv,6,pickup,2023,5,10342,Staten Island,Arrochar/Fort Wadsworth,false,0.0406
hvfhv,6,pickup,2023,6,9739,Staten Island,Arrochar/Fort Wadsworth,false,0.0406
hvfhv,6,pickup,2024,2,10000,Staten Island,Arrochar/Fort Wadsworth,false,0.0406
hvfhv,6,pickup,2024,3,11400,Staten Island,Arrochar/Fort Wadsworth,false,0.0406
hvfhv,6,pickup,2024,4,10362,Staten Island,Arrochar/Fort Wadsworth,false,0.0406
hvfhv,6,pickup,2024,5,11470,Staten Island,Arrochar/Fort Wadsworth,false,0.0406
hvfhv,6,pickup,2024,6,11231,Staten Island,Arrochar/Fort Wadsworth,false,0.0406
hvfhv,7,dropoff,2023,2,168671,Queens,Astoria,false,0.1355
hvfhv,7,dropoff,2023,3,191298,Queens,Astoria,false,0.1355
hvfhv,7,dropoff,2023,4,185642,Queens,Astoria,false,0.1355
hvfhv,7,dropoff,2023,5,184492,Queens,Astoria,false,0.1355
hvfhv,7,dropoff,2023,6,186300,Queens,Astoria,false,0.1355
hvfhv,7,dropoff,2024,2,179001,Queens,Astoria,false,0.1355
hvfhv,7,dropoff,2024,3,207500,Queens,Astoria,false,0.1355
hvfhv,7,dropoff,2024,4,186225,Queens,Astoria,false,0.1355
hvfhv,7,dropoff,2024,5,193683,Queens,Astoria,false,0.1355
hvfhv,7,dropoff,2024,6,191608,Queens,Astoria,false,0.1355
hvfhv,7,pickup,2023,2,172664,Queens,Astoria,false,0.1039
hvfhv,7,pickup,2023,3,196112,Queens,Astoria,false,0.1039
hvfhv,7,pickup,2023,4,190401,Queens,Astoria,false,0.1039
hvfhv,7,pickup,2023,5,192041,Queens,Astoria,false,0.1039
hvfhv,7,pickup,2023,6,188651,Queens,Astoria,false,0.1039
hvfhv,7,pickup,2024,2,182008,Queens,Astoria,false,0.1039
hvfhv,7,pickup,2024,3,209733,Queens,Astoria,false,0.1039
hvfhv,7,pickup,2024,4,190542,Queens,Astoria,false,0.1039
hvfhv,7,pickup,2024,5,197617,Queens,Astoria,false,0.1039
hvfhv,7,pickup,2024,6,196548,Queens,Astoria,false,0.1039
hvfhv,8,dropoff,2023,2,351,Queens,Astoria Park,false,0.0736
hvfhv,8,dropoff,2023,3,522,Queens,Astoria Park,false,0.0736
hvfhv,8,dropoff,2023,4,916,Queens,Astoria Park,false,0.0736
hvfhv,8,dropoff,2023,5,1074,Queens,Astoria Park,false,0.0736
hvfhv,8,dropoff,2023,6,1677,Queens,Astoria Park,false,0.0736
hvfhv,8,dropoff,2024,2,410,Queens,Astoria Park,false,0.0736
hvfhv,8,dropoff,2024,3,572,Queens,Astoria Park,false,0.0736
hvfhv,8,dropoff,2024,4,849,Queens,Astoria Park,false,0.0736
hvfhv,8,dropoff,2024,5,873,Queens,Astoria Park,false,0.0736
hvfhv,8,dropoff,2024,6,1763,Queens,Astoria Park,false,0.0736
hvfhv,8,pickup,2023,2,290,Queens,Astoria Park,false,0.0734
hvfhv,8,pickup,2023,3,450,Queens,Astoria Park,false,0.0734
hvfhv,8,pickup,2023,4,693,Queens,Astoria Park,false,0.0734
hvfhv,8,pickup,2023,5,978,Queens,Astoria Park,false,0.0734
hvfhv,8,pickup,2023,6,1200,Queens,Astoria Park,false,0.0734
hvfhv,8,pickup,2024,2,501,Queens,Astoria Park,false,0.0734
hvfhv,8,pickup,2024,3,659,Queens,Astoria Park,false,0.0734
hvfhv,8,pickup,2024,4,746,Queens,Astoria Park,false,0.0734
hvfhv,8,pickup,2024,5,944,Queens,Astoria Park,false,0.0734
hvfhv,8,pickup,2024,6,1527,Queens,Astoria Park,false,0.0734
hvfhv,9,dropoff,2023,2,13988,Queens,Auburndale,false,0.0533
hvfhv,9,dropoff,2023,3,16426,Queens,Auburndale,false,0.0533
hvfhv,9,dropoff,2023,4,14882,Queens,Auburndale,false,0.0533
hvfhv,9,dropoff,2023,5,16844,Queens,Auburndale,false,0.0533
hvfhv,9,dropoff,2023,6,15659,Queens,Auburndale,false,0.0533
hvfhv,9,dropoff,2024,2,15989,Queens,Auburndale,false,0.0533
hvfhv,9,dropoff,2024,3,17617,Queens,Auburndale,false,0.0533
hvfhv,9,dropoff,2024,4,16572,Queens,Auburndale,false,0.0533
hvfhv,9,dropoff,2024,5,18726,Queens,Auburndale,false,0.0533
hvfhv,9,dropoff,2024,6,17474,Queens,Auburndale,false,0.0533
hvfhv,9,pickup,2023,2,13922,Queens,Auburndale,false,0.0376
hvfhv,9,pickup,2023,3,16256,Queens,Auburndale,false,0.0376
hvfhv,9,pickup,2023,4,15110,Queens,Auburndale,false,0.0376
hvfhv,9,pickup,2023,5,16805,Queens,Auburndale,false,0.0376
hvfhv,9,pickup,2023,6,16221,Queens,Auburndale,false,0.0376
hvfhv,9,pickup,2024,2,15795,Queens,Auburndale,false,0.0376
hvfhv,9,pickup,2024,3,17614,Queens,Auburndale,false,0.0376
hvfhv,9,pickup,2024,4,16272,Queens,Auburndale,false,0.0376
hvfhv,9,pickup,2024,5,18285,Queens,Auburndale,false,0.0376
hvfhv,9,pickup,2024,6,17546,Queens,Auburndale,false,0.0376
hvfhv,10,dropoff,2023,2,45489,Queens,Baisley Park,false,0.028
hvfhv,10,dropoff,2023,3,55247,Queens,Baisley Park,false,0.028
hvfhv,10,dropoff,2023,4,52323,Queens,Baisley Park,false,0.028
hvfhv,10,dropoff,2023,5,58329,Queens,Baisley Park,false,0.028
hvfhv,10,dropoff,2023,6,54604,Queens,Baisley Park,false,0.028
hvfhv,10,dropoff,2024,2,50122,Queens,Baisley Park,false,0.028
hvfhv,10,dropoff,2024,3,57653,Queens,Baisley Park,false,0.028
hvfhv,10,dropoff,2024,4,52913,Queens,Baisley Park,false,0.028
hvfhv,10,dropoff,2024,5,57726,Queens,Baisley Park,false,0.028
hvfhv,10,dropoff,2024,6,55806,Queens,Baisley Park,false,0.028
hvfhv,10,pickup,2023,2,56167,Queens,Baisley Park,false,0.0211
hvfhv,10,pickup,2023,3,68625,Queens,Baisley Park,false,0.0211
hvfhv,10,pickup,2023,4,63468,Queens,Baisley Park,false,0.0211
hvfhv,10,pickup,2023,5,69661,Queens,Baisley Park,false,0.0211
hvfhv,10,pickup,2023,6,66720,Queens,Baisley Park,false,0.0211
hvfhv,10,pickup,2024,2,60175,Queens,Baisley Park,false,0.0211
hvfhv,10,pickup,2024,3,68292,Queens,Baisley Park,false,0.0211
hvfhv,10,pickup,2024,4,63324,Queens,Baisley Park,false,0.0211
hvfhv,10,pickup,2024,5,67914,Queens,Baisley Park,false,0.0211
hvfhv,10,pickup,2024,6,65738,Queens,Baisley Park,false,0.0211
hvfhv,11,dropoff,2023,2,18493,Brooklyn,Bath Beach,false,0.0548
hvfhv,11,dropoff,2023,3,21351,Brooklyn,Bath Beach,false,0.0548
hvfhv,11,dropoff,2023,4,19999,Brooklyn,Bath Beach,false,0.0548
hvfhv,11,dropoff,2023,5,21525,Brooklyn,Bath Beach,false,0.0548
hvfhv,11,dropoff,2023,6,20733,Brooklyn,Bath Beach,false,0.0548
hvfhv,11,dropoff,2024,2,20596,Brooklyn,Bath Beach,false,0.0548
hvfhv,11,dropoff,2024,3,22708,Brooklyn,Bath Beach,false,0.0548
hvfhv,11,dropoff,2024,4,21236,Brooklyn,Bath Beach,false,0.0548
hvfhv,11,dropoff,2024,5,21962,Brooklyn,Bath Beach,false,0.0548
hvfhv,11,dropoff,2024,6,21251,Brooklyn,Bath Beach,false,0.0548
hvfhv,11,pickup,2023,2,18979,Brooklyn,Bath Beach,false,0.0428
hvfhv,11,pickup,2023,3,21984,Brooklyn,Bath Beach,false,0.0428
hvfhv,11,pickup,2023,4,20641,Brooklyn,Bath Beach,false,0.0428
hvfhv,11,pickup,2023,5,21574,Brooklyn,Bath Beach,false,0.0428
hvfhv,11,pickup,2023,6,20845,Brooklyn,Bath Beach,false,0.0428
hvfhv,11,pickup,2024,2,20769,Brooklyn,Bath Beach,false,0.0428
hvfhv,11,pickup,2024,3,23035,Brooklyn,Bath Beach,false,0.0428
hvfhv,11,pickup,2024,4,21042,Brooklyn,Bath Beach,false,0.0428
hvfhv,11,pickup,2024,5,22051,Brooklyn,Bath Beach,false,0.0428
hvfhv,11,pickup,2024,6,21383,Brooklyn,Bath Beach,false,0.0428
hvfhv,12,dropoff,2023,2,2072,Manhattan,Battery Park,true,1.0
hvfhv,12,dropoff,2023,3,2888,Manhattan,Battery Park,true,1.0
hvfhv,12,dropoff,2023,4,2761,Manhattan,Battery Park,true,1.0
hvfhv,12,dropoff,2023,5,3379,Manhattan,Battery Park,true,1.0
hvfhv,12,dropoff,2023,6,3434,Manhattan,Battery Park,true,1.0
hvfhv,12,dropoff,2024,2,2732,Manhattan,Battery Park,true,1.0
hvfhv,12,dropoff,2024,3,3672,Manhattan,Battery Park,true,1.0
hvfhv,12,dropoff,2024,4,3506,Manhattan,Battery Park,true,1.0
hvfhv,12,dropoff,2024,5,3930,Manhattan,Battery Park,true,1.0
hvfhv,12,dropoff,2024,6,4486,Manhattan,Battery Park,true,1.0
hvfhv,12,pickup,2023,2,1962,Manhattan,Battery Park,true,1.0
hvfhv,12,pickup,2023,3,2550,Manhattan,Battery Park,true,1.0
hvfhv,12,pickup,2023,4,2740,Manhattan,Battery Park,true,1.0
hvfhv,12,pickup,2023,5,3252,Manhattan,Battery Park,true,1.0
hvfhv,12,pickup,2023,6,3251,Manhattan,Battery Park,true,1.0
hvfhv,12,pickup,2024,2,1781,Manhattan,Battery Park,true,1.0
hvfhv,12,pickup,2024,3,2300,Manhattan,Battery Park,true,1.0
hvfhv,12,pickup,2024,4,2375,Manhattan,Battery Park,true,1.0
hvfhv,12,pickup,2024,5,2490,Manhattan,Battery Park,true,1.0
hvfhv,12,pickup,2024,6,2702,Manhattan,Battery Park,true,1.0
hvfhv,13,dropoff,2023,2,76368,Manhattan,Battery Park City,true,1.0
hvfhv,13,dropoff,2023,3,88214,Manhattan,Battery Park City,true,1.0
hvfhv,13,dropoff,2023,4,82476,Manhattan,Battery Park City,true,1.0
hvfhv,13,dropoff,2023,5,86586,Manhattan,Battery Park City,true,1.0
hvfhv,13,dropoff,2023,6,87601,Manhattan,Battery Park City,true,1.0
hvfhv,13,dropoff,2024,2,78657,Manhattan,Battery Park City,true,1.0
hvfhv,13,dropoff,2024,3,84784,Manhattan,Battery Park City,true,1.0
hvfhv,13,dropoff,2024,4,83221,Manhattan,Battery Park City,true,1.0
hvfhv,13,dropoff,2024,5,84859,Manhattan,Battery Park City,true,1.0
hvfhv,13,dropoff,2024,6,83733,Manhattan,Battery Park City,true,1.0
hvfhv,13,pickup,2023,2,83034,Manhattan,Battery Park City,true,1.0
hvfhv,13,pickup,2023,3,94894,Manhattan,Battery Park City,true,1.0
hvfhv,13,pickup,2023,4,86576,Manhattan,Battery Park City,true,1.0
hvfhv,13,pickup,2023,5,92410,Manhattan,Battery Park City,true,1.0
hvfhv,13,pickup,2023,6,95471,Manhattan,Battery Park City,true,1.0
hvfhv,13,pickup,2024,2,87434,Manhattan,Battery Park City,true,1.0
hvfhv,13,pickup,2024,3,92747,Manhattan,Battery Park City,true,1.0
hvfhv,13,pickup,2024,4,90869,Manhattan,Battery Park City,true,1.0
hvfhv,13,pickup,2024,5,93153,Manhattan,Battery Park City,true,1.0
hvfhv,13,pickup,2024,6,91767,Manhattan,Battery Park City,true,1.0
hvfhv,14,dropoff,2023,2,92524,Brooklyn,Bay Ridge,false,0.0915
hvfhv,14,dropoff,2023,3,107295,Brooklyn,Bay Ridge,false,0.0915
hvfhv,14,dropoff,2023,4,98529,Brooklyn,Bay Ridge,false,0.0915
hvfhv,14,dropoff,2023,5,105974,Brooklyn,Bay Ridge,false,0.0915
hvfhv,14,dropoff,2023,6,102376,Brooklyn,Bay Ridge,false,0.0915
hvfhv,14,dropoff,2024,2,102239,Brooklyn,Bay Ridge,false,0.0915
hvfhv,14,dropoff,2024,3,114761,Brooklyn,Bay Ridge,false,0.0915
hvfhv,14,dropoff,2024,4,108208,Brooklyn,Bay Ridge,false,0.0915
hvfhv,14,dropoff,2024,5,113746,Brooklyn,Bay Ridge,false,0.0915
hvfhv,14,dropoff,2024,6,111143,Brooklyn,Bay Ridge,false,0.0915
hvfhv,14,pickup,2023,2,90308,Brooklyn,Bay Ridge,false,0.0725
hvfhv,14,pickup,2023,3,104465,Brooklyn,Bay Ridge,false,0.0725
hvfhv,14,pickup,2023,4,96587,Brooklyn,Bay Ridge,false,0.0725
hvfhv,14,pickup,2023,5,102457,Brooklyn,Bay Ridge,false,0.0725
hvfhv,14,pickup,2023,6,99375,Brooklyn,Bay Ridge,false,0.0725
hvfhv,14,pickup,2024,2,98401,Brooklyn,Bay Ridge,false,0.0725
hvfhv,14,pickup,2024,3,110652,Brooklyn,Bay Ridge,false,0.0725
hvfhv,14,pickup,2024,4,101849,Brooklyn,Bay Ridge,false,0.0725
hvfhv,14,pickup,2024,5,108568,Brooklyn,Bay Ridge,false,0.0725
hvfhv,14,pickup,2024,6,106672,Brooklyn,Bay Ridge,false,0.0725
hvfhv,15,dropoff,2023,2,10914,Queens,Bay Terrace/Fort Totten,false,0.0647
hvfhv,15,dropoff,2023,3,12755,Queens,Bay Terrace/Fort Totten,false,0.0647
hvfhv,15,dropoff,2023,4,12214,Queens,Bay Terrace/Fort Totten,false,0.0647
hvfhv,15,dropoff,2023,5,13276,Queens,Bay Terrace/Fort Totten,false,0.0647
hvfhv,15,dropoff,2023,6,13377,Queens,Bay Terrace/Fort Totten,false,0.0647
hvfhv,15,dropoff,2024,2,12287,Queens,Bay Terrace/Fort Totten,false,0.0647
hvfhv,15,dropoff,2024,3,13762,Queens,Bay Terrace/Fort Totten,false,0.0647
hvfhv,15,dropoff,2024,4,13243,Queens,Bay Terrace/Fort Totten,false,0.0647
hvfhv,15,dropoff,2024,5,14156,Queens,Bay Terrace/Fort Totten,false,0.0647
hvfhv,15,dropoff,2024,6,14201,Queens,Bay Terrace/Fort Totten,false,0.0647
hvfhv,15,pickup,2023,2,11076,Queens,Bay Terrace/Fort Totten,false,0.042
hvfhv,15,pickup,2023,3,12925,Queens,Bay Terrace/Fort Totten,false,0.042
hvfhv,15,pickup,2023,4,12497,Queens,Bay Terrace/Fort Totten,false,0.042
hvfhv,15,pickup,2023,5,13505,Queens,Bay Terrace/Fort Totten,false,0.042
hvfhv,15,pickup,2023,6,13303,Queens,Bay Terrace/Fort Totten,false,0.042
hvfhv,15,pickup,2024,2,12459,Queens,Bay Terrace/Fort Totten,false,0.042
hvfhv,15,pickup,2024,3,14079,Queens,Bay Terrace/Fort Totten,false,0.042
hvfhv,15,pickup,2024,4,13580,Queens,Bay Terrace/Fort Totten,false,0.042
hvfhv,15,pickup,2024,5,14610,Queens,Bay Terrace/Fort Totten,false,0.042
hvfhv,15,pickup,2024,6,14553,Queens,Bay Terrace/Fort Totten,false,0.042
hvfhv,16,dropoff,2023,2,30584,Queens,Bayside,false,0.0479
hvfhv,16,dropoff,2023,3,35869,Queens,Bayside,false,0.0479
hvfhv,16,dropoff,2023,4,33927,Queens,Bayside,false,0.0479
hvfhv,16,dropoff,2023,5,36361,Queens,Bayside,false,0.0479
hvfhv,16,dropoff,2023,6,35294,Queens,Bayside,false,0.0479
hvfhv,16,dropoff,2024,2,34862,Queens,Bayside,false,0.0479
hvfhv,16,dropoff,2024,3,38740,Queens,Bayside,false,0.0479
hvfhv,16,dropoff,2024,4,36410,Queens,Bayside,false,0.0479
hvfhv,16,dropoff,2024,5,38782,Queens,Bayside,false,0.0479
hvfhv,16,dropoff,2024,6,37447,Queens,Bayside,false,0.0479
hvfhv,16,pickup,2023,2,31755,Queens,Bayside,false,0.0294
hvfhv,16,pickup,2023,3,36924,Queens,Bayside,false,0.0294
hvfhv,16,pickup,2023,4,35390,Queens,Bayside,false,0.0294
hvfhv,16,pickup,2023,5,37513,Queens,Bayside,false,0.0294
hvfhv,16,pickup,2023,6,36926,Queens,Bayside,false,0.0294
hvfhv,16,pickup,2024,2,35136,Queens,Bayside,false,0.0294
hvfhv,16,pickup,2024,3,39911,Queens,Bayside,false,0.0294
hvfhv,16,pickup,2024,4,37167,Queens,Bayside,false,0.0294
hvfhv,16,pickup,2024,5,39745,Queens,Bayside,false,0.0294
hvfhv,16,pickup,2024,6,38266,Queens,Bayside,false,0.0294
hvfhv,17,dropoff,2023,2,153401,Brooklyn,Bedford,false,0.1157
hvfhv,17,dropoff,2023,3,173590,Brooklyn,Bedford,false,0.1157
hvfhv,17,dropoff,2023,4,161099,Brooklyn,Bedford,false,0.1157
hvfhv,17,dropoff,2023,5,164808,Brooklyn,Bedford,false,0.1157
hvfhv,17,dropoff,2023,6,162502,Brooklyn,Bedford,false,0.1157
hvfhv,17,dropoff,2024,2,169293,Brooklyn,Bedford,false,0.1157
hvfhv,17,dropoff,2024,3,184594,Brooklyn,Bedford,false,0.1157
hvfhv,17,dropoff,2024,4,163559,Brooklyn,Bedford,false,0.1157
hvfhv,17,dropoff,2024,5,172682,Brooklyn,Bedford,false,0.1157
hvfhv,17,dropoff,2024,6,175456,Brooklyn,Bedford,false,0.1157
hvfhv,17,pickup,2023,2,148711,Brooklyn,Bedford,false,0.0916
hvfhv,17,pickup,2023,3,167692,Brooklyn,Bedford,false,0.0916
hvfhv,17,pickup,2023,4,155957,Brooklyn,Bedford,false,0.0916
hvfhv,17,pickup,2023,5,161254,Brooklyn,Bedford,false,0.0916
hvfhv,17,pickup,2023,6,159160,Brooklyn,Bedford,false,0.0916
hvfhv,17,pickup,2024,2,166669,Brooklyn,Bedford,false,0.0916
hvfhv,17,pickup,2024,3,179979,Brooklyn,Bedford,false,0.0916
hvfhv,17,pickup,2024,4,157988,Brooklyn,Bedford,false,0.0916
hvfhv,17,pickup,2024,5,168160,Brooklyn,Bedford,false,0.0916
hvfhv,17,pickup,2024,6,171945,Brooklyn,Bedford,false,0.0916
hvfhv,18,dropoff,2023,2,75472,Bronx,Bedford Park,false,0.0333
hvfhv,18,dropoff,2023,3,87573,Bronx,Bedford Park,false,0.0333
hvfhv,18,dropoff,2023,4,79966,Bronx,Bedford Park,false,0.0333
hvfhv,18,dropoff,2023,5,81468,Bronx,Bedford Park,false,0.0333
hvfhv,18,dropoff,2023,6,77590,Bronx,Bedford Park,false,0.0333
hvfhv,18,dropoff,2024,2,84965,Bronx,Bedford Park,false,0.0333
hvfhv,18,dropoff,2024,3,93173,Bronx,Bedford Park,false,0.0333
hvfhv,18,dropoff,2024,4,85657,Bronx,Bedford Park,false,0.0333
hvfhv,18,dropoff,2024,5,86046,Bronx,Bedford Park,false,0.0333
hvfhv,18,dropoff,2024,6,83985,Bronx,Bedford Park,false,0.0333
hvfhv,18,pickup,2023,2,78564,Bronx,Bedford Park,false,0.027
hvfhv,18,pickup,2023,3,91781,Bronx,Bedford Park,false,0.027
hvfhv,18,pickup,2023,4,84054,Bronx,Bedford Park,false,0.027
hvfhv,18,pickup,2023,5,86542,Bronx,Bedford Park,false,0.027
hvfhv,18,pickup,2023,6,82322,Bronx,Bedford Park,false,0.027
hvfhv,18,pickup,2024,2,88542,Bronx,Bedford Park,false,0.027
hvfhv,18,pickup,2024,3,99260,Bronx,Bedford Park,false,0.027
hvfhv,18,pickup,2024,4,90536,Bronx,Bedford Park,false,0.027
hvfhv,18,pickup,2024,5,91927,Bronx,Bedford Park,false,0.027
hvfhv,18,pickup,2024,6,89736,Bronx,Bedford Park,false,0.027
hvfhv,19,dropoff,2023,2,11008,Queens,Bellerose,false,0.0351
hvfhv,19,dropoff,2023,3,12765,Queens,Bellerose,false,0.0351
hvfhv,19,dropoff,2023,4,11652,Queens,Bellerose,false,0.0351
hvfhv,19,dropoff,2023,5,13105,Queens,Bellerose,false,0.0351
hvfhv,19,dropoff,2023,6,12686,Queens,Bellerose,false,0.0351
hvfhv,19,dropoff,2024,2,13062,Queens,Bellerose,false,0.0351
hvfhv,19,dropoff,2024,3,14238,Queens,Bellerose,false,0.0351
hvfhv,19,dropoff,2024,4,13815,Queens,Bellerose,false,0.0351
hvfhv,19,dropoff,2024,5,14574,Queens,Bellerose,false,0.0351
hvfhv,19,dropoff,2024,6,14570,Queens,Bellerose,false,0.0351
hvfhv,19,pickup,2023,2,13675,Queens,Bellerose,false,0.0227
hvfhv,19,pickup,2023,3,16014,Queens,Bellerose,false,0.0227
hvfhv,19,pickup,2023,4,15129,Queens,Bellerose,false,0.0227
hvfhv,19,pickup,2023,5,16652,Queens,Bellerose,false,0.0227
hvfhv,19,pickup,2023,6,16337,Queens,Bellerose,false,0.0227
hvfhv,19,pickup,2024,2,16132,Queens,Bellerose,false,0.0227
hvfhv,19,pickup,2024,3,17439,Queens,Bellerose,false,0.0227
hvfhv,19,pickup,2024,4,16848,Queens,Bellerose,false,0.0227
hvfhv,19,pickup,2024,5,17751,Queens,Bellerose,false,0.0227
hvfhv,19,pickup,2024,6,17427,Queens,Bellerose,false,0.0227
hvfhv,20,dropoff,2023,2,50856,Bronx,Belmont,false,0.0427
hvfhv,20,dropoff,2023,3,60127,Bronx,Belmont,false,0.0427
hvfhv,20,dropoff,2023,4,55467,Bronx,Belmont,false,0.0427
hvfhv,20,dropoff,2023,5,56371,Bronx,Belmont,false,0.0427
hvfhv,20,dropoff,2023,6,51487,Bronx,Belmont,false,0.0427
hvfhv,20,dropoff,2024,2,55418,Bronx,Belmont,false,0.0427
hvfhv,20,dropoff,2024,3,61423,Bronx,Belmont,false,0.0427
hvfhv,20,dropoff,2024,4,58758,Bronx,Belmont,false,0.0427
hvfhv,20,dropoff,2024,5,59830,Bronx,Belmont,false,0.0427
hvfhv,20,dropoff,2024,6,55471,Bronx,Belmont,false,0.0427
hvfhv,20,pickup,2023,2,51130,Bronx,Belmont,false,0.0401
hvfhv,20,pickup,2023,3,60223,Bronx,Belmont,false,0.0401
hvfhv,20,pickup,2023,4,55955,Bronx,Belmont,false,0.0401
hvfhv,20,pickup,2023,5,57465,Bronx,Belmont,false,0.0401
hvfhv,20,pickup,2023,6,51200,Bronx,Belmont,false,0.0401
hvfhv,20,pickup,2024,2,55467,Bronx,Belmont,false,0.0401
hvfhv,20,pickup,2024,3,62983,Bronx,Belmont,false,0.0401
hvfhv,20,pickup,2024,4,59318,Bronx,Belmont,false,0.0401
hvfhv,20,pickup,2024,5,60579,Bronx,Belmont,false,0.0401
hvfhv,20,pickup,2024,6,55962,Bronx,Belmont,false,0.0401
hvfhv,21,dropoff,2023,2,43839,Brooklyn,Bensonhurst East,false,0.046
hvfhv,21,dropoff,2023,3,50814,Brooklyn,Bensonhurst East,false,0.046
hvfhv,21,dropoff,2023,4,44869,Brooklyn,Bensonhurst East,false,0.046
hvfhv,21,dropoff,2023,5,48583,Brooklyn,Bensonhurst East,false,0.046
hvfhv,21,dropoff,2023,6,45699,Brooklyn,Bensonhurst East,false,0.046
hvfhv,21,dropoff,2024,2,47841,Brooklyn,Bensonhurst East,false,0.046
hvfhv,21,dropoff,2024,3,52947,Brooklyn,Bensonhurst East,false,0.046
hvfhv,21,dropoff,2024,4,47526,Brooklyn,Bensonhurst East,false,0.046
hvfhv,21,dropoff,2024,5,50557,Brooklyn,Bensonhurst East,false,0.046
hvfhv,21,dropoff,2024,6,47798,Brooklyn,Bensonhurst East,false,0.046
hvfhv,21,pickup,2023,2,44175,Brooklyn,Bensonhurst East,false,0.0337
hvfhv,21,pickup,2023,3,50765,Brooklyn,Bensonhurst East,false,0.0337
hvfhv,21,pickup,2023,4,45261,Brooklyn,Bensonhurst East,false,0.0337
hvfhv,21,pickup,2023,5,48373,Brooklyn,Bensonhurst East,false,0.0337
hvfhv,21,pickup,2023,6,46135,Brooklyn,Bensonhurst East,false,0.0337
hvfhv,21,pickup,2024,2,48514,Brooklyn,Bensonhurst East,false,0.0337
hvfhv,21,pickup,2024,3,54253,Brooklyn,Bensonhurst East,false,0.0337
hvfhv,21,pickup,2024,4,48604,Brooklyn,Bensonhurst East,false,0.0337
hvfhv,21,pickup,2024,5,50788,Brooklyn,Bensonhurst East,false,0.0337
hvfhv,21,pickup,2024,6,47940,Brooklyn,Bensonhurst East,false,0.0337
hvfhv,22,dropoff,2023,2,56403,Brooklyn,Bensonhurst West,false,0.0528
hvfhv,22,dropoff,2023,3,65311,Brooklyn,Bensonhurst West,false,0.0528
hvfhv,22,dropoff,2023,4,58316,Brooklyn,Bensonhurst West,false,0.0528
hvfhv,22,dropoff,2023,5,63560,Brooklyn,Bensonhurst West,false,0.0528
hvfhv,22,dropoff,2023,6,61102,Brooklyn,Bensonhurst West,false,0.0528
hvfhv,22,dropoff,2024,2,61361,Brooklyn,Bensonhurst West,false,0.0528
hvfhv,22,dropoff,2024,3,68773,Brooklyn,Bensonhurst West,false,0.0528
hvfhv,22,dropoff,2024,4,62447,Brooklyn,Bensonhurst West,false,0.0528
hvfhv,22,dropoff,2024,5,66077,Brooklyn,Bensonhurst West,false,0.0528
hvfhv,22,dropoff,2024,6,63409,Brooklyn,Bensonhurst West,false,0.0528
hvfhv,22,pickup,2023,2,58176,Brooklyn,Bensonhurst West,false,0.0437
hvfhv,22,pickup,2023,3,68315,Brooklyn,Bensonhurst West,false,0.0437
hvfhv,22,pickup,2023,4,59904,Brooklyn,Bensonhurst West,false,0.0437
hvfhv,22,pickup,2023,5,64351,Brooklyn,Bensonhurst West,false,0.0437
hvfhv,22,pickup,2023,6,62010,Brooklyn,Bensonhurst West,false,0.0437
hvfhv,22,pickup,2024,2,62977,Brooklyn,Bensonhurst West,false,0.0437
hvfhv,22,pickup,2024,3,71000,Brooklyn,Bensonhurst West,false,0.0437
hvfhv,22,pickup,2024,4,63483,Brooklyn,Bensonhurst West,false,0.0437
hvfhv,22,pickup,2024,5,66961,Brooklyn,Bensonhurst West,false,0.0437
hvfhv,22,pickup,2024,6,64674,Brooklyn,Bensonhurst West,false,0.0437
hvfhv,23,dropoff,2023,2,28426,Staten Island,Bloomfield/Emerson Hill,false,0.0243
hvfhv,23,dropoff,2023,3,34249,Staten Island,Bloomfield/Emerson Hill,false,0.0243
hvfhv,23,dropoff,2023,4,30478,Staten Island,Bloomfield/Emerson Hill,false,0.0243
hvfhv,23,dropoff,2023,5,34731,Staten Island,Bloomfield/Emerson Hill,false,0.0243
hvfhv,23,dropoff,2023,6,31415,Staten Island,Bloomfield/Emerson Hill,false,0.0243
hvfhv,23,dropoff,2024,2,33834,Staten Island,Bloomfield/Emerson Hill,false,0.0243
hvfhv,23,dropoff,2024,3,36315,Staten Island,Bloomfield/Emerson Hill,false,0.0243
hvfhv,23,dropoff,2024,4,32964,Staten Island,Bloomfield/Emerson Hill,false,0.0243
hvfhv,23,dropoff,2024,5,34870,Staten Island,Bloomfield/Emerson Hill,false,0.0243
hvfhv,23,dropoff,2024,6,31015,Staten Island,Bloomfield/Emerson Hill,false,0.0243
hvfhv,23,pickup,2023,2,24717,Staten Island,Bloomfield/Emerson Hill,false,0.0185
hvfhv,23,pickup,2023,3,29766,Staten Island,Bloomfield/Emerson Hill,false,0.0185
hvfhv,23,pickup,2023,4,26345,Staten Island,Bloomfield/Emerson Hill,false,0.0185
hvfhv,23,pickup,2023,5,29629,Staten Island,Bloomfield/Emerson Hill,false,0.0185
hvfhv,23,pickup,2023,6,27687,Staten Island,Bloomfield/Emerson Hill,false,0.0185
hvfhv,23,pickup,2024,2,29807,Staten Island,Bloomfield/Emerson Hill,false,0.0185
hvfhv,23,pickup,2024,3,32152,Staten Island,Bloomfield/Emerson Hill,false,0.0185
hvfhv,23,pickup,2024,4,29451,Staten Island,Bloomfield/Emerson Hill,false,0.0185
hvfhv,23,pickup,2024,5,30644,Staten Island,Bloomfield/Emerson Hill,false,0.0185
hvfhv,23,pickup,2024,6,27811,Staten Island,Bloomfield/Emerson Hill,false,0.0185
hvfhv,24,dropoff,2023,2,24918,Manhattan,Bloomingdale,false,0.2571
hvfhv,24,dropoff,2023,3,26813,Manhattan,Bloomingdale,false,0.2571
hvfhv,24,dropoff,2023,4,27344,Manhattan,Bloomingdale,false,0.2571
hvfhv,24,dropoff,2023,5,28238,Manhattan,Bloomingdale,false,0.2571
hvfhv,24,dropoff,2023,6,25107,Manhattan,Bloomingdale,false,0.2571
hvfhv,24,dropoff,2024,2,26117,Manhattan,Bloomingdale,false,0.2571
hvfhv,24,dropoff,2024,3,27673,Manhattan,Bloomingdale,false,0.2571
hvfhv,24,dropoff,2024,4,26550,Manhattan,Bloomingdale,false,0.2571
hvfhv,24,dropoff,2024,5,28057,Manhattan,Bloomingdale,false,0.2571
hvfhv,24,dropoff,2024,6,25012,Manhattan,Bloomingdale,false,0.2571
hvfhv,24,pickup,2023,2,27554,Manhattan,Bloomingdale,false,0.2155
hvfhv,24,pickup,2023,3,29257,Manhattan,Bloomingdale,false,0.2155
hvfhv,24,pickup,2023,4,29734,Manhattan,Bloomingdale,false,0.2155
hvfhv,24,pickup,2023,5,31098,Manhattan,Bloomingdale,false,0.2155
hvfhv,24,pickup,2023,6,26335,Manhattan,Bloomingdale,false,0.2155
hvfhv,24,pickup,2024,2,28760,Manhattan,Bloomingdale,false,0.2155
hvfhv,24,pickup,2024,3,29831,Manhattan,Bloomingdale,false,0.2155
hvfhv,24,pickup,2024,4,30316,Manhattan,Bloomingdale,false,0.2155
hvfhv,24,pickup,2024,5,30751,Manhattan,Bloomingdale,false,0.2155
hvfhv,24,pickup,2024,6,26403,Manhattan,Bloomingdale,false,0.2155
hvfhv,25,dropoff,2023,2,94418,Brooklyn,Boerum Hill,false,0.2041
hvfhv,25,dropoff,2023,3,103703,Brooklyn,Boerum Hill,false,0.2041
hvfhv,25,dropoff,2023,4,101400,Brooklyn,Boerum Hill,false,0.2041
hvfhv,25,dropoff,2023,5,99676,Brooklyn,Boerum Hill,false,0.2041
hvfhv,25,dropoff,2023,6,99831,Brooklyn,Boerum Hill,false,0.2041
hvfhv,25,dropoff,2024,2,102652,Brooklyn,Boerum Hill,false,0.2041
hvfhv,25,dropoff,2024,3,112931,Brooklyn,Boerum Hill,false,0.2041
hvfhv,25,dropoff,2024,4,102652,Brooklyn,Boerum Hill,false,0.2041
hvfhv,25,dropoff,2024,5,107132,Brooklyn,Boerum Hill,false,0.2041
hvfhv,25,dropoff,2024,6,104992,Brooklyn,Boerum Hill,false,0.2041
hvfhv,25,pickup,2023,2,102105,Brooklyn,Boerum Hill,false,0.1624
hvfhv,25,pickup,2023,3,113323,Brooklyn,Boerum Hill,false,0.1624
hvfhv,25,pickup,2023,4,111074,Brooklyn,Boerum Hill,false,0.1624
hvfhv,25,pickup,2023,5,112449,Brooklyn,Boerum Hill,false,0.1624
hvfhv,25,pickup,2023,6,110541,Brooklyn,Boerum Hill,false,0.1624
hvfhv,25,pickup,2024,2,114831,Brooklyn,Boerum Hill,false,0.1624
hvfhv,25,pickup,2024,3,125699,Brooklyn,Boerum Hill,false,0.1624
hvfhv,25,pickup,2024,4,114446,Brooklyn,Boerum Hill,false,0.1624
hvfhv,25,pickup,2024,5,119698,Brooklyn,Boerum Hill,false,0.1624
hvfhv,25,pickup,2024,6,117029,Brooklyn,Boerum Hill,false,0.1624
hvfhv,26,dropoff,2023,2,103024,Brooklyn,Borough Park,false,0.025
hvfhv,26,dropoff,2023,3,123762,Brooklyn,Borough Park,false,0.025
hvfhv,26,dropoff,2023,4,81932,Brooklyn,Borough Park,false,0.025
hvfhv,26,dropoff,2023,5,103816,Brooklyn,Borough Park,false,0.025
hvfhv,26,dropoff,2023,6,106877,Brooklyn,Borough Park,false,0.025
hvfhv,26,dropoff,2024,2,109674,Brooklyn,Borough Park,false,0.025
hvfhv,26,dropoff,2024,3,120160,Brooklyn,Borough Park,false,0.025
hvfhv,26,dropoff,2024,4,98502,Brooklyn,Borough Park,false,0.025
hvfhv,26,dropoff,2024,5,105111,Brooklyn,Borough Park,false,0.025
hvfhv,26,dropoff,2024,6,99316,Brooklyn,Borough Park,false,0.025
hvfhv,26,pickup,2023,2,101904,Brooklyn,Borough Park,false,0.0228
hvfhv,26,pickup,2023,3,122624,Brooklyn,Borough Park,false,0.0228
hvfhv,26,pickup,2023,4,80136,Brooklyn,Borough Park,false,0.0228
hvfhv,26,pickup,2023,5,101583,Brooklyn,Borough Park,false,0.0228
hvfhv,26,pickup,2023,6,104495,Brooklyn,Borough Park,false,0.0228
hvfhv,26,pickup,2024,2,106860,Brooklyn,Borough Park,false,0.0228
hvfhv,26,pickup,2024,3,117371,Brooklyn,Borough Park,false,0.0228
hvfhv,26,pickup,2024,4,96072,Brooklyn,Borough Park,false,0.0228
hvfhv,26,pickup,2024,5,101029,Brooklyn,Borough Park,false,0.0228
hvfhv,26,pickup,2024,6,95518,Brooklyn,Borough Park,false,0.0228
hvfhv,27,dropoff,2023,2,718,Queens,Breezy Point/Fort Tilden/Riis Beach,false,0.0932
hvfhv,27,dropoff,2023,3,1099,Queens,Breezy Point/Fort Tilden/Riis Beach,false,0.0932
hvfhv,27,dropoff,2023,4,1116,Queens,Breezy Point/Fort Tilden/Riis Beach,false,0.0932
hvfhv,27,dropoff,2023,5,1852,Queens,Breezy Point/Fort Tilden/Riis Beach,false,0.0932
hvfhv,27,dropoff,2023,6,2653,Queens,Breezy Point/Fort Tilden/Riis Beach,false,0.0932
hvfhv,27,dropoff,2024,2,876,Queens,Breezy Point/Fort Tilden/Riis Beach,false,0.0932
hvfhv,27,dropoff,2024,3,1118,Queens,Breezy Point/Fort Tilden/Riis Beach,false,0.0932
hvfhv,27,dropoff,2024,4,1102,Queens,Breezy Point/Fort Tilden/Riis Beach,false,0.0932
hvfhv,27,dropoff,2024,5,1919,Queens,Breezy Point/Fort Tilden/Riis Beach,false,0.0932
hvfhv,27,dropoff,2024,6,4842,Queens,Breezy Point/Fort Tilden/Riis Beach,false,0.0932
hvfhv,27,pickup,2023,2,354,Queens,Breezy Point/Fort Tilden/Riis Beach,false,0.0605
hvfhv,27,pickup,2023,3,530,Queens,Breezy Point/Fort Tilden/Riis Beach,false,0.0605
hvfhv,27,pickup,2023,4,626,Queens,Breezy Point/Fort Tilden/Riis Beach,false,0.0605
hvfhv,27,pickup,2023,5,1200,Queens,Breezy Point/Fort Tilden/Riis Beach,false,0.0605
hvfhv,27,pickup,2023,6,1705,Queens,Breezy Point/Fort Tilden/Riis Beach,false,0.0605
hvfhv,27,pickup,2024,2,544,Queens,Breezy Point/Fort Tilden/Riis Beach,false,0.0605
hvfhv,27,pickup,2024,3,686,Queens,Breezy Point/Fort Tilden/Riis Beach,false,0.0605
hvfhv,27,pickup,2024,4,680,Queens,Breezy Point/Fort Tilden/Riis Beach,false,0.0605
hvfhv,27,pickup,2024,5,1405,Queens,Breezy Point/Fort Tilden/Riis Beach,false,0.0605
hvfhv,27,pickup,2024,6,3299,Queens,Breezy Point/Fort Tilden/Riis Beach,false,0.0605
hvfhv,28,dropoff,2023,2,38150,Queens,Briarwood/Jamaica Hills,false,0.0481
hvfhv,28,dropoff,2023,3,44654,Queens,Briarwood/Jamaica Hills,false,0.0481
hvfhv,28,dropoff,2023,4,41062,Queens,Briarwood/Jamaica Hills,false,0.0481
hvfhv,28,dropoff,2023,5,44162,Queens,Briarwood/Jamaica Hills,false,0.0481
hvfhv,28,dropoff,2023,6,41800,Queens,Briarwood/Jamaica Hills,false,0.0481
hvfhv,28,dropoff,2024,2,44048,Queens,Briarwood/Jamaica Hills,false,0.0481
hvfhv,28,dropoff,2024,3,48906,Queens,Briarwood/Jamaica Hills,false,0.0481
hvfhv,28,dropoff,2024,4,45704,Queens,Briarwood/Jamaica Hills,false,0.0481
hvfhv,28,dropoff,2024,5,47605,Queens,Briarwood/Jamaica Hills,false,0.0481
hvfhv,28,dropoff,2024,6,45379,Queens,Briarwood/Jamaica Hills,false,0.0481
hvfhv,28,pickup,2023,2,41384,Queens,Briarwood/Jamaica Hills,false,0.0369
hvfhv,28,pickup,2023,3,47061,Queens,Briarwood/Jamaica Hills,false,0.0369
hvfhv,28,pickup,2023,4,44242,Queens,Briarwood/Jamaica Hills,false,0.0369
hvfhv,28,pickup,2023,5,46533,Queens,Briarwood/Jamaica Hills,false,0.0369
hvfhv,28,pickup,2023,6,44922,Queens,Briarwood/Jamaica Hills,false,0.0369
hvfhv,28,pickup,2024,2,47011,Queens,Briarwood/Jamaica Hills,false,0.0369
hvfhv,28,pickup,2024,3,51545,Queens,Briarwood/Jamaica Hills,false,0.0369
hvfhv,28,pickup,2024,4,48083,Queens,Briarwood/Jamaica Hills,false,0.0369
hvfhv,28,pickup,2024,5,49669,Queens,Briarwood/Jamaica Hills,false,0.0369
hvfhv,28,pickup,2024,6,48171,Queens,Briarwood/Jamaica Hills,false,0.0369
hvfhv,29,dropoff,2023,2,32915,Brooklyn,Brighton Beach,false,0.0365
hvfhv,29,dropoff,2023,3,37953,Brooklyn,Brighton Beach,false,0.0365
hvfhv,29,dropoff,2023,4,33516,Brooklyn,Brighton Beach,false,0.0365
hvfhv,29,dropoff,2023,5,36114,Brooklyn,Brighton Beach,false,0.0365
hvfhv,29,dropoff,2023,6,35789,Brooklyn,Brighton Beach,false,0.0365
hvfhv,29,dropoff,2024,2,37078,Brooklyn,Brighton Beach,false,0.0365
hvfhv,29,dropoff,2024,3,41039,Brooklyn,Brighton Beach,false,0.0365
hvfhv,29,dropoff,2024,4,38124,Brooklyn,Brighton Beach,false,0.0365
hvfhv,29,dropoff,2024,5,40074,Brooklyn,Brighton Beach,false,0.0365
hvfhv,29,dropoff,2024,6,39355,Brooklyn,Brighton Beach,false,0.0365
hvfhv,29,pickup,2023,2,31253,Brooklyn,Brighton Beach,false,0.0281
hvfhv,29,pickup,2023,3,36161,Brooklyn,Brighton Beach,false,0.0281
hvfhv,29,pickup,2023,4,31982,Brooklyn,Brighton Beach,false,0.0281
hvfhv,29,pickup,2023,5,34503,Brooklyn,Brighton Beach,false,0.0281
hvfhv,29,pickup,2023,6,34420,Brooklyn,Brighton Beach,false,0.0281
hvfhv,29,pickup,2024,2,35269,Brooklyn,Brighton Beach,false,0.0281
hvfhv,29,pickup,2024,3,38335,Brooklyn,Brighton Beach,false,0.0281
hvfhv,29,pickup,2024,4,35873,Brooklyn,Brighton Beach,false,0.0281
hvfhv,29,pickup,2024,5,37726,Brooklyn,Brighton Beach,false,0.0281
hvfhv,29,pickup,2024,6,36346,Brooklyn,Brighton Beach,false,0.0281
hvfhv,30,dropoff,2023,2,707,Queens,Broad Channel,false,0.0551
hvfhv,30,dropoff,2023,3,925,Queens,Broad Channel,false,0.0551
hvfhv,30,dropoff,2023,4,827,Queens,Broad Channel,false,0.0551
hvfhv,30,dropoff,2023,5,1047,Queens,Broad Channel,false,0.0551
hvfhv,30,dropoff,2023,6,1101,Queens,Broad Channel,false,0.0551
hvfhv,30,dropoff,2024,2,808,Queens,Broad Channel,false,0.0551
hvfhv,30,dropoff,2024,3,1062,Queens,Broad Channel,false,0.0551
hvfhv,30,dropoff,2024,4,949,Queens,Broad Channel,false,0.0551
hvfhv,30,dropoff,2024,5,1204,Queens,Broad Channel,false,0.0551
hvfhv,30,dropoff,2024,6,1512,Queens,Broad Channel,false,0.0551
hvfhv,30,pickup,2023,2,674,Queens,Broad Channel,false,0.0231
hvfhv,30,pickup,2023,3,781,Queens,Broad Channel,false,0.0231
hvfhv,30,pickup,2023,4,718,Queens,Broad Channel,false,0.0231
hvfhv,30,pickup,2023,5,860,Queens,Broad Channel,false,0.0231
hvfhv,30,pickup,2023,6,988,Queens,Broad Channel,false,0.0231
hvfhv,30,pickup,2024,2,851,Queens,Broad Channel,false,0.0231
hvfhv,30,pickup,2024,3,1053,Queens,Broad Channel,false,0.0231
hvfhv,30,pickup,2024,4,915,Queens,Broad Channel,false,0.0231
hvfhv,30,pickup,2024,5,1171,Queens,Broad Channel,false,0.0231
hvfhv,30,pickup,2024,6,1762,Queens,Broad Channel,false,0.0231
hvfhv,31,dropoff,2023,2,5722,Bronx,Bronx Park,false,0.0986
hvfhv,31,dropoff,2023,3,7663,Bronx,Bronx Park,false,0.0986
hvfhv,31,dropoff,2023,4,10491,Bronx,Bronx Park,false,0.0986
hvfhv,31,dropoff,2023,5,9768,Bronx,Bronx Park,false,0.0986
hvfhv,31,dropoff,2023,6,9661,Bronx,Bronx Park,false,0.0986
hvfhv,31,dropoff,2024,2,5926,Bronx,Bronx Park,false,0.0986
hvfhv,31,dropoff,2024,3,8709,Bronx,Bronx Park,false,0.0986
hvfhv,31,dropoff,2024,4,10637,Bronx,Bronx Park,false,0.0986
hvfhv,31,dropoff,2024,5,9781,Bronx,Bronx Park,false,0.0986
hvfhv,31,dropoff,2024,6,11510,Bronx,Bronx Park,false,0.0986
hvfhv,31,pickup,2023,2,4958,Bronx,Bronx Park,false,0.0998
hvfhv,31,pickup,2023,3,6874,Bronx,Bronx Park,false,0.0998
hvfhv,31,pickup,2023,4,9318,Bronx,Bronx Park,false,0.0998
hvfhv,31,pickup,2023,5,8172,Bronx,Bronx Park,false,0.0998
hvfhv,31,pickup,2023,6,8181,Bronx,Bronx Park,false,0.0998
hvfhv,31,pickup,2024,2,5484,Bronx,Bronx Park,false,0.0998
hvfhv,31,pickup,2024,3,7814,Bronx,Bronx Park,false,0.0998
hvfhv,31,pickup,2024,4,9125,Bronx,Bronx Park,false,0.0998
hvfhv,31,pickup,2024,5,8531,Bronx,Bronx Park,false,0.0998
hvfhv,31,pickup,2024,6,9793,Bronx,Bronx Park,false,0.0998
hvfhv,32,dropoff,2023,2,39441,Bronx,Bronxdale,false,0.0346
hvfhv,32,dropoff,2023,3,45826,Bronx,Bronxdale,false,0.0346
hvfhv,32,dropoff,2023,4,41230,Bronx,Bronxdale,false,0.0346
hvfhv,32,dropoff,2023,5,42674,Bronx,Bronxdale,false,0.0346
hvfhv,32,dropoff,2023,6,40091,Bronx,Bronxdale,false,0.0346
hvfhv,32,dropoff,2024,2,43423,Bronx,Bronxdale,false,0.0346
hvfhv,32,dropoff,2024,3,48872,Bronx,Bronxdale,false,0.0346
hvfhv,32,dropoff,2024,4,43782,Bronx,Bronxdale,false,0.0346
hvfhv,32,dropoff,2024,5,44264,Bronx,Bronxdale,false,0.0346
hvfhv,32,dropoff,2024,6,43675,Bronx,Bronxdale,false,0.0346
hvfhv,32,pickup,2023,2,43180,Bronx,Bronxdale,false,0.0309
hvfhv,32,pickup,2023,3,50162,Bronx,Bronxdale,false,0.0309
hvfhv,32,pickup,2023,4,45688,Bronx,Bronxdale,false,0.0309
hvfhv,32,pickup,2023,5,46666,Bronx,Bronxdale,false,0.0309
hvfhv,32,pickup,2023,6,44329,Bronx,Bronxdale,false,0.0309
hvfhv,32,pickup,2024,2,47067,Bronx,Bronxdale,false,0.0309
hvfhv,32,pickup,2024,3,52909,Bronx,Bronxdale,false,0.0309
hvfhv,32,pickup,2024,4,47163,Bronx,Bronxdale,false,0.0309
hvfhv,32,pickup,2024,5,48561,Bronx,Bronxdale,false,0.0309
hvfhv,32,pickup,2024,6,47903,Bronx,Bronxdale,false,0.0309
hvfhv,33,dropoff,2023,2,77581,Brooklyn,Brooklyn Heights,false,0.3023
hvfhv,33,dropoff,2023,3,88041,Brooklyn,Brooklyn Heights,false,0.3023
hvfhv,33,dropoff,2023,4,86863,Brooklyn,Brooklyn Heights,false,0.3023
hvfhv,33,dropoff,2023,5,90089,Brooklyn,Brooklyn Heights,false,0.3023
hvfhv,33,dropoff,2023,6,87523,Brooklyn,Brooklyn Heights,false,0.3023
hvfhv,33,dropoff,2024,2,86954,Brooklyn,Brooklyn Heights,false,0.3023
hvfhv,33,dropoff,2024,3,95638,Brooklyn,Brooklyn Heights,false,0.3023
hvfhv,33,dropoff,2024,4,92447,Brooklyn,Brooklyn Heights,false,0.3023
hvfhv,33,dropoff,2024,5,98370,Brooklyn,Brooklyn Heights,false,0.3023
hvfhv,33,dropoff,2024,6,96368,Brooklyn,Brooklyn Heights,false,0.3023
hvfhv,33,pickup,2023,2,79723,Brooklyn,Brooklyn Heights,false,0.2722
hvfhv,33,pickup,2023,3,91375,Brooklyn,Brooklyn Heights,false,0.2722
hvfhv,33,pickup,2023,4,90106,Brooklyn,Brooklyn Heights,false,0.2722
hvfhv,33,pickup,2023,5,97123,Brooklyn,Brooklyn Heights,false,0.2722
hvfhv,33,pickup,2023,6,92297,Brooklyn,Brooklyn Heights,false,0.2722
hvfhv,33,pickup,2024,2,88290,Brooklyn,Brooklyn Heights,false,0.2722
hvfhv,33,pickup,2024,3,97497,Brooklyn,Brooklyn Heights,false,0.2722
hvfhv,33,pickup,2024,4,95387,Brooklyn,Brooklyn Heights,false,0.2722
hvfhv,33,pickup,2024,5,103517,Brooklyn,Brooklyn Heights,false,0.2722
hvfhv,33,pickup,2024,6,101126,Brooklyn,Brooklyn Heights,false,0.2722
hvfhv,34,dropoff,2023,2,14807,Brooklyn,Brooklyn Navy Yard,false,0.1765
hvfhv,34,dropoff,2023,3,19126,Brooklyn,Brooklyn Navy Yard,false,0.1765
hvfhv,34,dropoff,2023,4,14917,Brooklyn,Brooklyn Navy Yard,false,0.1765
hvfhv,34,dropoff,2023,5,18210,Brooklyn,Brooklyn Navy Yard,false,0.1765
hvfhv,34,dropoff,2023,6,15273,Brooklyn,Brooklyn Navy Yard,false,0.1765
hvfhv,34,dropoff,2024,2,18612,Brooklyn,Brooklyn Navy Yard,false,0.1765
hvfhv,34,dropoff,2024,3,23125,Brooklyn,Brooklyn Navy Yard,false,0.1765
hvfhv,34,dropoff,2024,4,21370,Brooklyn,Brooklyn Navy Yard,false,0.1765
hvfhv,34,dropoff,2024,5,23435,Brooklyn,Brooklyn Navy Yard,false,0.1765
hvfhv,34,dropoff,2024,6,25226,Brooklyn,Brooklyn Navy Yard,false,0.1765
hvfhv,34,pickup,2023,2,12847,Brooklyn,Brooklyn Navy Yard,false,0.2227
hvfhv,34,pickup,2023,3,16599,Brooklyn,Brooklyn Navy Yard,false,0.2227
hvfhv,34,pickup,2023,4,12929,Brooklyn,Brooklyn Navy Yard,false,0.2227
hvfhv,34,pickup,2023,5,15667,Brooklyn,Brooklyn Navy Yard,false,0.2227
hvfhv,34,pickup,2023,6,14068,Brooklyn,Brooklyn Navy Yard,false,0.2227
hvfhv,34,pickup,2024,2,15666,Brooklyn,Brooklyn Navy Yard,false,0.2227
hvfhv,34,pickup,2024,3,19915,Brooklyn,Brooklyn Navy Yard,false,0.2227
hvfhv,34,pickup,2024,4,17860,Brooklyn,Brooklyn Navy Yard,false,0.2227
hvfhv,34,pickup,2024,5,20617,Brooklyn,Brooklyn Navy Yard,false,0.2227
hvfhv,34,pickup,2024,6,21535,Brooklyn,Brooklyn Navy Yard,false,0.2227
hvfhv,35,dropoff,2023,2,99450,Brooklyn,Brownsville,false,0.0208
hvfhv,35,dropoff,2023,3,120539,Brooklyn,Brownsville,false,0.0208
hvfhv,35,dropoff,2023,4,106133,Brooklyn,Brownsville,false,0.0208
hvfhv,35,dropoff,2023,5,110068,Brooklyn,Brownsville,false,0.0208
hvfhv,35,dropoff,2023,6,106070,Brooklyn,Brownsville,false,0.0208
hvfhv,35,dropoff,2024,2,110481,Brooklyn,Brownsville,false,0.0208
hvfhv,35,dropoff,2024,3,129105,Brooklyn,Brownsville,false,0.0208
hvfhv,35,dropoff,2024,4,110457,Brooklyn,Brownsville,false,0.0208
hvfhv,35,dropoff,2024,5,114055,Brooklyn,Brownsville,false,0.0208
hvfhv,35,dropoff,2024,6,112460,Brooklyn,Brownsville,false,0.0208
hvfhv,35,pickup,2023,2,106107,Brooklyn,Brownsville,false,0.0197
hvfhv,35,pickup,2023,3,128420,Brooklyn,Brownsville,false,0.0197
hvfhv,35,pickup,2023,4,112973,Brooklyn,Brownsville,false,0.0197
hvfhv,35,pickup,2023,5,116846,Brooklyn,Brownsville,false,0.0197
hvfhv,35,pickup,2023,6,113237,Brooklyn,Brownsville,false,0.0197
hvfhv,35,pickup,2024,2,117734,Brooklyn,Brownsville,false,0.0197
hvfhv,35,pickup,2024,3,138036,Brooklyn,Brownsville,false,0.0197
hvfhv,35,pickup,2024,4,117973,Brooklyn,Brownsville,false,0.0197
hvfhv,35,pickup,2024,5,121870,Brooklyn,Brownsville,false,0.0197
hvfhv,35,pickup,2024,6,120873,Brooklyn,Brownsville,false,0.0197
hvfhv,36,dropoff,2023,2,138394,Brooklyn,Bushwick North,false,0.1183
hvfhv,36,dropoff,2023,3,152409,Brooklyn,Bushwick North,false,0.1183
hvfhv,36,dropoff,2023,4,146463,Brooklyn,Bushwick North,false,0.1183
hvfhv,36,dropoff,2023,5,145177,Brooklyn,Bushwick North,false,0.1183
hvfhv,36,dropoff,2023,6,147482,Brooklyn,Bushwick North,false,0.1183
hvfhv,36,dropoff,2024,2,146646,Brooklyn,Bushwick North,false,0.1183
hvfhv,36,dropoff,2024,3,165138,Brooklyn,Bushwick North,false,0.1183
hvfhv,36,dropoff,2024,4,150717,Brooklyn,Bushwick North,false,0.1183
hvfhv,36,dropoff,2024,5,160775,Brooklyn,Bushwick North,false,0.1183
hvfhv,36,dropoff,2024,6,166237,Brooklyn,Bushwick North,false,0.1183
hvfhv,36,pickup,2023,2,141812,Brooklyn,Bushwick North,false,0.0875
hvfhv,36,pickup,2023,3,155389,Brooklyn,Bushwick North,false,0.0875
hvfhv,36,pickup,2023,4,151202,Brooklyn,Bushwick North,false,0.0875
hvfhv,36,pickup,2023,5,150827,Brooklyn,Bushwick North,false,0.0875
hvfhv,36,pickup,2023,6,153652,Brooklyn,Bushwick North,false,0.0875
hvfhv,36,pickup,2024,2,151054,Brooklyn,Bushwick North,false,0.0875
hvfhv,36,pickup,2024,3,168168,Brooklyn,Bushwick North,false,0.0875
hvfhv,36,pickup,2024,4,153731,Brooklyn,Bushwick North,false,0.0875
hvfhv,36,pickup,2024,5,165768,Brooklyn,Bushwick North,false,0.0875
hvfhv,36,pickup,2024,6,173586,Brooklyn,Bushwick North,false,0.0875
hvfhv,37,dropoff,2023,2,203368,Brooklyn,Bushwick South,false,0.1308
hvfhv,37,dropoff,2023,3,223680,Brooklyn,Bushwick South,false,0.1308
hvfhv,37,dropoff,2023,4,213196,Brooklyn,Bushwick South,false,0.1308
hvfhv,37,dropoff,2023,5,213529,Brooklyn,Bushwick South,false,0.1308
hvfhv,37,dropoff,2023,6,215541,Brooklyn,Bushwick South,false,0.1308
hvfhv,37,dropoff,2024,2,215839,Brooklyn,Bushwick South,false,0.1308
hvfhv,37,dropoff,2024,3,236466,Brooklyn,Bushwick South,false,0.1308
hvfhv,37,dropoff,2024,4,214666,Brooklyn,Bushwick South,false,0.1308
hvfhv,37,dropoff,2024,5,224640,Brooklyn,Bushwick South,false,0.1308
hvfhv,37,dropoff,2024,6,230760,Brooklyn,Bushwick South,false,0.1308
hvfhv,37,pickup,2023,2,197560,Brooklyn,Bushwick South,false,0.0946
hvfhv,37,pickup,2023,3,218138,Brooklyn,Bushwick South,false,0.0946
hvfhv,37,pickup,2023,4,209539,Brooklyn,Bushwick South,false,0.0946
hvfhv,37,pickup,2023,5,207677,Brooklyn,Bushwick South,false,0.0946
hvfhv,37,pickup,2023,6,212345,Brooklyn,Bushwick South,false,0.0946
hvfhv,37,pickup,2024,2,211670,Brooklyn,Bushwick South,false,0.0946
hvfhv,37,pickup,2024,3,232594,Brooklyn,Bushwick South,false,0.0946
hvfhv,37,pickup,2024,4,211561,Brooklyn,Bushwick South,false,0.0946
hvfhv,37,pickup,2024,5,219812,Brooklyn,Bushwick South,false,0.0946
hvfhv,37,pickup,2024,6,227891,Brooklyn,Bushwick South,false,0.0946
hvfhv,38,dropoff,2023,2,15385,Queens,Cambria Heights,false,0.0263
hvfhv,38,dropoff,2023,3,17532,Queens,Cambria Heights,false,0.0263
hvfhv,38,dropoff,2023,4,15855,Queens,Cambria Heights,false,0.0263
hvfhv,38,dropoff,2023,5,17451,Queens,Cambria Heights,false,0.0263
hvfhv,38,dropoff,2023,6,17225,Queens,Cambria Heights,false,0.0263
hvfhv,38,dropoff,2024,2,16650,Queens,Cambria Heights,false,0.0263
hvfhv,38,dropoff,2024,3,18473,Queens,Cambria Heights,false,0.0263
hvfhv,38,dropoff,2024,4,17058,Queens,Cambria Heights,false,0.0263
hvfhv,38,dropoff,2024,5,18482,Queens,Cambria Heights,false,0.0263
hvfhv,38,dropoff,2024,6,18251,Queens,Cambria Heights,false,0.0263
hvfhv,38,pickup,2023,2,19009,Queens,Cambria Heights,false,0.0186
hvfhv,38,pickup,2023,3,22068,Queens,Cambria Heights,false,0.0186
hvfhv,38,pickup,2023,4,20114,Queens,Cambria Heights,false,0.0186
hvfhv,38,pickup,2023,5,21831,Queens,Cambria Heights,false,0.0186
hvfhv,38,pickup,2023,6,21801,Queens,Cambria Heights,false,0.0186
hvfhv,38,pickup,2024,2,21806,Queens,Cambria Heights,false,0.0186
hvfhv,38,pickup,2024,3,24066,Queens,Cambria Heights,false,0.0186
hvfhv,38,pickup,2024,4,22457,Queens,Cambria Heights,false,0.0186
hvfhv,38,pickup,2024,5,23824,Queens,Cambria Heights,false,0.0186
hvfhv,38,pickup,2024,6,23698,Queens,Cambria Heights,false,0.0186
hvfhv,39,dropoff,2023,2,116635,Brooklyn,Canarsie,false,0.0172
hvfhv,39,dropoff,2023,3,136044,Brooklyn,Canarsie,false,0.0172
hvfhv,39,dropoff,2023,4,124866,Brooklyn,Canarsie,false,0.0172
hvfhv,39,dropoff,2023,5,134750,Brooklyn,Canarsie,false,0.0172
hvfhv,39,dropoff,2023,6,134434,Brooklyn,Canarsie,false,0.0172
hvfhv,39,dropoff,2024,2,131148,Brooklyn,Canarsie,false,0.0172
hvfhv,39,dropoff,2024,3,148169,Brooklyn,Canarsie,false,0.0172
hvfhv,39,dropoff,2024,4,136871,Brooklyn,Canarsie,false,0.0172
hvfhv,39,dropoff,2024,5,142904,Brooklyn,Canarsie,false,0.0172
hvfhv,39,dropoff,2024,6,141726,Brooklyn,Canarsie,false,0.0172
hvfhv,39,pickup,2023,2,120488,Brooklyn,Canarsie,false,0.0147
hvfhv,39,pickup,2023,3,141502,Brooklyn,Canarsie,false,0.0147
hvfhv,39,pickup,2023,4,129658,Brooklyn,Canarsie,false,0.0147
hvfhv,39,pickup,2023,5,139505,Brooklyn,Canarsie,false,0.0147
hvfhv,39,pickup,2023,6,138887,Brooklyn,Canarsie,false,0.0147
hvfhv,39,pickup,2024,2,136544,Brooklyn,Canarsie,false,0.0147
hvfhv,39,pickup,2024,3,154815,Brooklyn,Canarsie,false,0.0147
hvfhv,39,pickup,2024,4,142382,Brooklyn,Canarsie,false,0.0147
hvfhv,39,pickup,2024,5,148650,Brooklyn,Canarsie,false,0.0147
hvfhv,39,pickup,2024,6,147959,Brooklyn,Canarsie,false,0.0147
hvfhv,40,dropoff,2023,2,38702,Brooklyn,Carroll Gardens,false,0.2229
hvfhv,40,dropoff,2023,3,43753,Brooklyn,Carroll Gardens,false,0.2229
hvfhv,40,dropoff,2023,4,42055,Brooklyn,Carroll Gardens,false,0.2229
hvfhv,40,dropoff,2023,5,43736,Brooklyn,Carroll Gardens,false,0.2229
hvfhv,40,dropoff,2023,6,42680,Brooklyn,Carroll Gardens,false,0.2229
hvfhv,40,dropoff,2024,2,45686,Brooklyn,Carroll Gardens,false,0.2229
hvfhv,40,dropoff,2024,3,49131,Brooklyn,Carroll Gardens,false,0.2229
hvfhv,40,dropoff,2024,4,45343,Brooklyn,Carroll Gardens,false,0.2229
hvfhv,40,dropoff,2024,5,47116,Brooklyn,Carroll Gardens,false,0.2229
hvfhv,40,dropoff,2024,6,45954,Brooklyn,Carroll Gardens,false,0.2229
hvfhv,40,pickup,2023,2,40285,Brooklyn,Carroll Gardens,false,0.1896
hvfhv,40,pickup,2023,3,45984,Brooklyn,Carroll Gardens,false,0.1896
hvfhv,40,pickup,2023,4,44049,Brooklyn,Carroll Gardens,false,0.1896
hvfhv,40,pickup,2023,5,47721,Brooklyn,Carroll Gardens,false,0.1896
hvfhv,40,pickup,2023,6,45327,Brooklyn,Carroll Gardens,false,0.1896
hvfhv,40,pickup,2024,2,45282,Brooklyn,Carroll Gardens,false,0.1896
hvfhv,40,pickup,2024,3,48281,Brooklyn,Carroll Gardens,false,0.1896
hvfhv,40,pickup,2024,4,44456,Brooklyn,Carroll Gardens,false,0.1896
hvfhv,40,pickup,2024,5,48317,Brooklyn,Carroll Gardens,false,0.1896
hvfhv,40,pickup,2024,6,46726,Brooklyn,Carroll Gardens,false,0.1896
hvfhv,41,dropoff,2023,2,107362,Manhattan,Central Harlem,false,0.1558
hvfhv,41,dropoff,2023,3,123931,Manhattan,Central Harlem,false,0.1558
hvfhv,41,dropoff,2023,4,115949,Manhattan,Central Harlem,false,0.1558
hvfhv,41,dropoff,2023,5,115629,Manhattan,Central Harlem,false,0.1558
hvfhv,41,dropoff,2023,6,113390,Manhattan,Central Harlem,false,0.1558
hvfhv,41,dropoff,2024,2,118396,Manhattan,Central Harlem,false,0.1558
hvfhv,41,dropoff,2024,3,128375,Manhattan,Central Harlem,false,0.1558
hvfhv,41,dropoff,2024,4,117433,Manhattan,Central Harlem,false,0.1558
hvfhv,41,dropoff,2024,5,120779,Manhattan,Central Harlem,false,0.1558
hvfhv,41,dropoff,2024,6,120825,Manhattan,Central Harlem,false,0.1558
hvfhv,41,pickup,2023,2,115650,Manhattan,Central Harlem,false,0.1316
hvfhv,41,pickup,2023,3,133117,Manhattan,Central Harlem,false,0.1316
hvfhv,41,pickup,2023,4,124682,Manhattan,Central Harlem,false,0.1316
hvfhv,41,pickup,2023,5,126342,Manhattan,Central Harlem,false,0.1316
hvfhv,41,pickup,2023,6,122711,Manhattan,Central Harlem,false,0.1316
hvfhv,41,pickup,2024,2,127615,Manhattan,Central Harlem,false,0.1316
hvfhv,41,pickup,2024,3,138812,Manhattan,Central Harlem,false,0.1316
hvfhv,41,pickup,2024,4,130401,Manhattan,Central Harlem,false,0.1316
hvfhv,41,pickup,2024,5,133168,Manhattan,Central Harlem,false,0.1316
hvfhv,41,pickup,2024,6,132073,Manhattan,Central Harlem,false,0.1316
hvfhv,42,dropoff,2023,2,154121,Manhattan,Central Harlem North,false,0.1248
hvfhv,42,dropoff,2023,3,177828,Manhattan,Central Harlem North,false,0.1248
hvfhv,42,dropoff,2023,4,164048,Manhattan,Central Harlem North,false,0.1248
hvfhv,42,dropoff,2023,5,164365,Manhattan,Central Harlem North,false,0.1248
hvfhv,42,dropoff,2023,6,160243,Manhattan,Central Harlem North,false,0.1248
hvfhv,42,dropoff,2024,2,164358,Manhattan,Central Harlem North,false,0.1248
hvfhv,42,dropoff,2024,3,179739,Manhattan,Central Harlem North,false,0.1248
hvfhv,42,dropoff,2024,4,164198,Manhattan,Central Harlem North,false,0.1248
hvfhv,42,dropoff,2024,5,164999,Manhattan,Central Harlem North,false,0.1248
hvfhv,42,dropoff,2024,6,163593,Manhattan,Central Harlem North,false,0.1248
hvfhv,42,pickup,2023,2,164799,Manhattan,Central Harlem North,false,0.1089
hvfhv,42,pickup,2023,3,191264,Manhattan,Central Harlem North,false,0.1089
hvfhv,42,pickup,2023,4,175015,Manhattan,Central Harlem North,false,0.1089
hvfhv,42,pickup,2023,5,176647,Manhattan,Central Harlem North,false,0.1089
hvfhv,42,pickup,2023,6,173290,Manhattan,Central Harlem North,false,0.1089
hvfhv,42,pickup,2024,2,178071,Manhattan,Central Harlem North,false,0.1089
hvfhv,42,pickup,2024,3,195266,Manhattan,Central Harlem North,false,0.1089
hvfhv,42,pickup,2024,4,180286,Manhattan,Central Harlem North,false,0.1089
hvfhv,42,pickup,2024,5,183014,Manhattan,Central Harlem North,false,0.1089
hvfhv,42,pickup,2024,6,179440,Manhattan,Central Harlem North,false,0.1089
hvfhv,43,dropoff,2023,2,32548,Manhattan,Central Park,false,0.5525
hvfhv,43,dropoff,2023,3,36811,Manhattan,Central Park,false,0.5525
hvfhv,43,dropoff,2023,4,44542,Manhattan,Central Park,false,0.5525
hvfhv,43,dropoff,2023,5,49443,Manhattan,Central Park,false,0.5525
hvfhv,43,dropoff,2023,6,46374,Manhattan,Central Park,false,0.5525
hvfhv,43,dropoff,2024,2,34106,Manhattan,Central Park,false,0.5525
hvfhv,43,dropoff,2024,3,40680,Manhattan,Central Park,false,0.5525
hvfhv,43,dropoff,2024,4,42463,Manhattan,Central Park,false,0.5525
hvfhv,43,dropoff,2024,5,45947,Manhattan,Central Park,false,0.5525
hvfhv,43,dropoff,2024,6,46811,Manhattan,Central Park,false,0.5525
hvfhv,43,pickup,2023,2,21749,Manhattan,Central Park,false,0.486
hvfhv,43,pickup,2023,3,25009,Manhattan,Central Park,false,0.486
hvfhv,43,pickup,2023,4,31375,Manhattan,Central Park,false,0.486
hvfhv,43,pickup,2023,5,35443,Manhattan,Central Park,false,0.486
hvfhv,43,pickup,2023,6,32651,Manhattan,Central Park,false,0.486
hvfhv,43,pickup,2024,2,23060,Manhattan,Central Park,false,0.486
hvfhv,43,pickup,2024,3,28106,Manhattan,Central Park,false,0.486
hvfhv,43,pickup,2024,4,30394,Manhattan,Central Park,false,0.486
hvfhv,43,pickup,2024,5,34426,Manhattan,Central Park,false,0.486
hvfhv,43,pickup,2024,6,34325,Manhattan,Central Park,false,0.486
hvfhv,44,dropoff,2023,2,6645,Staten Island,Charleston/Tottenville,false,0.0345
hvfhv,44,dropoff,2023,3,7849,Staten Island,Charleston/Tottenville,false,0.0345
hvfhv,44,dropoff,2023,4,7489,Staten Island,Charleston/Tottenville,false,0.0345
hvfhv,44,dropoff,2023,5,7898,Staten Island,Charleston/Tottenville,false,0.0345
hvfhv,44,dropoff,2023,6,7750,Staten Island,Charleston/Tottenville,false,0.0345
hvfhv,44,dropoff,2024,2,7177,Staten Island,Charleston/Tottenville,false,0.0345
hvfhv,44,dropoff,2024,3,8200,Staten Island,Charleston/Tottenville,false,0.0345
hvfhv,44,dropoff,2024,4,7796,Staten Island,Charleston/Tottenville,false,0.0345
hvfhv,44,dropoff,2024,5,8367,Staten Island,Charleston/Tottenville,false,0.0345
hvfhv,44,dropoff,2024,6,8586,Staten Island,Charleston/Tottenville,false,0.0345
hvfhv,44,pickup,2023,2,6281,Staten Island,Charleston/Tottenville,false,0.0187
hvfhv,44,pickup,2023,3,7316,Staten Island,Charleston/Tottenville,false,0.0187
hvfhv,44,pickup,2023,4,7104,Staten Island,Charleston/Tottenville,false,0.0187
hvfhv,44,pickup,2023,5,7576,Staten Island,Charleston/Tottenville,false,0.0187
hvfhv,44,pickup,2023,6,7362,Staten Island,Charleston/Tottenville,false,0.0187
hvfhv,44,pickup,2024,2,7139,Staten Island,Charleston/Tottenville,false,0.0187
hvfhv,44,pickup,2024,3,7988,Staten Island,Charleston/Tottenville,false,0.0187
hvfhv,44,pickup,2024,4,7762,Staten Island,Charleston/Tottenville,false,0.0187
hvfhv,44,pickup,2024,5,8286,Staten Island,Charleston/Tottenville,false,0.0187
hvfhv,44,pickup,2024,6,8495,Staten Island,Charleston/Tottenville,false,0.0187
hvfhv,45,dropoff,2023,2,43579,Manhattan,Chinatown,true,1.0
hvfhv,45,dropoff,2023,3,47655,Manhattan,Chinatown,true,1.0
hvfhv,45,dropoff,2023,4,44885,Manhattan,Chinatown,true,1.0
hvfhv,45,dropoff,2023,5,44452,Manhattan,Chinatown,true,1.0
hvfhv,45,dropoff,2023,6,42996,Manhattan,Chinatown,true,1.0
hvfhv,45,dropoff,2024,2,45502,Manhattan,Chinatown,true,1.0
hvfhv,45,dropoff,2024,3,46899,Manhattan,Chinatown,true,1.0
hvfhv,45,dropoff,2024,4,42232,Manhattan,Chinatown,true,1.0
hvfhv,45,dropoff,2024,5,45692,Manhattan,Chinatown,true,1.0
hvfhv,45,dropoff,2024,6,43326,Manhattan,Chinatown,true,1.0
hvfhv,45,pickup,2023,2,48220,Manhattan,Chinatown,true,1.0
hvfhv,45,pickup,2023,3,52782,Manhattan,Chinatown,true,1.0
hvfhv,45,pickup,2023,4,50649,Manhattan,Chinatown,true,1.0
hvfhv,45,pickup,2023,5,49806,Manhattan,Chinatown,true,1.0
hvfhv,45,pickup,2023,6,49126,Manhattan,Chinatown,true,1.0
hvfhv,45,pickup,2024,2,51626,Manhattan,Chinatown,true,1.0
hvfhv,45,pickup,2024,3,54255,Manhattan,Chinatown,true,1.0
hvfhv,45,pickup,2024,4,48053,Manhattan,Chinatown,true,1.0
hvfhv,45,pickup,2024,5,52073,Manhattan,Chinatown,true,1.0
hvfhv,45,pickup,2024,6,49610,Manhattan,Chinatown,true,1.0
hvfhv,46,dropoff,2023,2,3077,Bronx,City Island,false,0.0419
hvfhv,46,dropoff,2023,3,3741,Bronx,City Island,false,0.0419
hvfhv,46,dropoff,2023,4,4139,Bronx,City Island,false,0.0419
hvfhv,46,dropoff,2023,5,4819,Bronx,City Island,false,0.0419
hvfhv,46,dropoff,2023,6,4893,Bronx,City Island,false,0.0419
hvfhv,46,dropoff,2024,2,3146,Bronx,City Island,false,0.0419
hvfhv,46,dropoff,2024,3,3946,Bronx,City Island,false,0.0419
hvfhv,46,dropoff,2024,4,3847,Bronx,City Island,false,0.0419
hvfhv,46,dropoff,2024,5,4929,Bronx,City Island,false,0.0419
hvfhv,46,dropoff,2024,6,5923,Bronx,City Island,false,0.0419
hvfhv,46,pickup,2023,2,2730,Bronx,City Island,false,0.0358
hvfhv,46,pickup,2023,3,3292,Bronx,City Island,false,0.0358
hvfhv,46,pickup,2023,4,3779,Bronx,City Island,false,0.0358
hvfhv,46,pickup,2023,5,4512,Bronx,City Island,false,0.0358
hvfhv,46,pickup,2023,6,4409,Bronx,City Island,false,0.0358
hvfhv,46,pickup,2024,2,2870,Bronx,City Island,false,0.0358
hvfhv,46,pickup,2024,3,3566,Bronx,City Island,false,0.0358
hvfhv,46,pickup,2024,4,3539,Bronx,City Island,false,0.0358
hvfhv,46,pickup,2024,5,4613,Bronx,City Island,false,0.0358
hvfhv,46,pickup,2024,6,5441,Bronx,City Island,false,0.0358
hvfhv,47,dropoff,2023,2,55197,Bronx,Claremont/Bathgate,false,0.0279
hvfhv,47,dropoff,2023,3,65918,Bronx,Claremont/Bathgate,false,0.0279
hvfhv,47,dropoff,2023,4,57339,Bronx,Claremont/Bathgate,false,0.0279
hvfhv,47,dropoff,2023,5,59930,Bronx,Claremont/Bathgate,false,0.0279
hvfhv,47,dropoff,2023,6,57300,Bronx,Claremont/Bathgate,false,0.0279
hvfhv,47,dropoff,2024,2,60559,Bronx,Claremont/Bathgate,false,0.0279
hvfhv,47,dropoff,2024,3,69347,Bronx,Claremont/Bathgate,false,0.0279
hvfhv,47,dropoff,2024,4,61354,Bronx,Claremont/Bathgate,false,0.0279
hvfhv,47,dropoff,2024,5,63432,Bronx,Claremont/Bathgate,false,0.0279
hvfhv,47,dropoff,2024,6,60884,Bronx,Claremont/Bathgate,false,0.0279
hvfhv,47,pickup,2023,2,59307,Bronx,Claremont/Bathgate,false,0.0311
hvfhv,47,pickup,2023,3,70137,Bronx,Claremont/Bathgate,false,0.0311
hvfhv,47,pickup,2023,4,61227,Bronx,Claremont/Bathgate,false,0.0311
hvfhv,47,pickup,2023,5,63319,Bronx,Claremont/Bathgate,false,0.0311
hvfhv,47,pickup,2023,6,61306,Bronx,Claremont/Bathgate,false,0.0311
hvfhv,47,pickup,2024,2,63752,Bronx,Claremont/Bathgate,false,0.0311
hvfhv,47,pickup,2024,3,72567,Bronx,Claremont/Bathgate,false,0.0311
hvfhv,47,pickup,2024,4,65171,Bronx,Claremont/Bathgate,false,0.0311
hvfhv,47,pickup,2024,5,67006,Bronx,Claremont/Bathgate,false,0.0311
hvfhv,47,pickup,2024,6,64635,Bronx,Claremont/Bathgate,false,0.0311
hvfhv,48,dropoff,2023,2,162581,Manhattan,Clinton East,true,1.0
hvfhv,48,dropoff,2023,3,177501,Manhattan,Clinton East,true,1.0
hvfhv,48,dropoff,2023,4,168124,Manhattan,Clinton East,true,1.0
hvfhv,48,dropoff,2023,5,165597,Manhattan,Clinton East,true,1.0
hvfhv,48,dropoff,2023,6,166437,Manhattan,Clinton East,true,1.0
hvfhv,48,dropoff,2024,2,157731,Manhattan,Clinton East,true,1.0
hvfhv,48,dropoff,2024,3,172150,Manhattan,Clinton East,true,1.0
hvfhv,48,dropoff,2024,4,155115,Manhattan,Clinton East,true,1.0
hvfhv,48,dropoff,2024,5,162741,Manhattan,Clinton East,true,1.0
hvfhv,48,dropoff,2024,6,162476,Manhattan,Clinton East,true,1.0
hvfhv,48,pickup,2023,2,186304,Manhattan,Clinton East,true,1.0
hvfhv,48,pickup,2023,3,209594,Manhattan,Clinton East,true,1.0
hvfhv,48,pickup,2023,4,199478,Manhattan,Clinton East,true,1.0
hvfhv,48,pickup,2023,5,202948,Manhattan,Clinton East,true,1.0
hvfhv,48,pickup,2023,6,203694,Manhattan,Clinton East,true,1.0
hvfhv,48,pickup,2024,2,188021,Manhattan,Clinton East,true,1.0
hvfhv,48,pickup,2024,3,207370,Manhattan,Clinton East,true,1.0
hvfhv,48,pickup,2024,4,189858,Manhattan,Clinton East,true,1.0
hvfhv,48,pickup,2024,5,204675,Manhattan,Clinton East,true,1.0
hvfhv,48,pickup,2024,6,204641,Manhattan,Clinton East,true,1.0
hvfhv,49,dropoff,2023,2,108649,Brooklyn,Clinton Hill,false,0.1757
hvfhv,49,dropoff,2023,3,120815,Brooklyn,Clinton Hill,false,0.1757
hvfhv,49,dropoff,2023,4,117750,Brooklyn,Clinton Hill,false,0.1757
hvfhv,49,dropoff,2023,5,115059,Brooklyn,Clinton Hill,false,0.1757
hvfhv,49,dropoff,2023,6,108444,Brooklyn,Clinton Hill,false,0.1757
hvfhv,49,dropoff,2024,2,123044,Brooklyn,Clinton Hill,false,0.1757
hvfhv,49,dropoff,2024,3,134636,Brooklyn,Clinton Hill,false,0.1757
hvfhv,49,dropoff,2024,4,122236,Brooklyn,Clinton Hill,false,0.1757
hvfhv,49,dropoff,2024,5,124730,Brooklyn,Clinton Hill,false,0.1757
hvfhv,49,dropoff,2024,6,119157,Brooklyn,Clinton Hill,false,0.1757
hvfhv,49,pickup,2023,2,108181,Brooklyn,Clinton Hill,false,0.1559
hvfhv,49,pickup,2023,3,120013,Brooklyn,Clinton Hill,false,0.1559
hvfhv,49,pickup,2023,4,117235,Brooklyn,Clinton Hill,false,0.1559
hvfhv,49,pickup,2023,5,116553,Brooklyn,Clinton Hill,false,0.1559
hvfhv,49,pickup,2023,6,109756,Brooklyn,Clinton Hill,false,0.1559
hvfhv,49,pickup,2024,2,121954,Brooklyn,Clinton Hill,false,0.1559
hvfhv,49,pickup,2024,3,132092,Brooklyn,Clinton Hill,false,0.1559
hvfhv,49,pickup,2024,4,119768,Brooklyn,Clinton Hill,false,0.1559
hvfhv,49,pickup,2024,5,123858,Brooklyn,Clinton Hill,false,0.1559
hvfhv,49,pickup,2024,6,117674,Brooklyn,Clinton Hill,false,0.1559
hvfhv,50,dropoff,2023,2,95793,Manhattan,Clinton West,true,1.0
hvfhv,50,dropoff,2023,3,105521,Manhattan,Clinton West,true,1.0
hvfhv,50,dropoff,2023,4,101672,Manhattan,Clinton West,true,1.0
hvfhv,50,dropoff,2023,5,104455,Manhattan,Clinton West,true,1.0
hvfhv,50,dropoff,2023,6,101976,Manhattan,Clinton West,true,1.0
hvfhv,50,dropoff,2024,2,95025,Manhattan,Clinton West,true,1.0
hvfhv,50,dropoff,2024,3,98909,Manhattan,Clinton West,true,1.0
hvfhv,50,dropoff,2024,4,96470,Manhattan,Clinton West,true,1.0
hvfhv,50,dropoff,2024,5,101255,Manhattan,Clinton West,true,1.0
hvfhv,50,dropoff,2024,6,97343,Manhattan,Clinton West,true,1.0
hvfhv,50,pickup,2023,2,113767,Manhattan,Clinton West,true,1.0
hvfhv,50,pickup,2023,3,124905,Manhattan,Clinton West,true,1.0
hvfhv,50,pickup,2023,4,123260,Manhattan,Clinton West,true,1.0
hvfhv,50,pickup,2023,5,124320,Manhattan,Clinton West,true,1.0
hvfhv,50,pickup,2023,6,123727,Manhattan,Clinton West,true,1.0
hvfhv,50,pickup,2024,2,113142,Manhattan,Clinton West,true,1.0
hvfhv,50,pickup,2024,3,120522,Manhattan,Clinton West,true,1.0
hvfhv,50,pickup,2024,4,114813,Manhattan,Clinton West,true,1.0
hvfhv,50,pickup,2024,5,122876,Manhattan,Clinton West,true,1.0
hvfhv,50,pickup,2024,6,119641,Manhattan,Clinton West,true,1.0
hvfhv,51,dropoff,2023,2,61237,Bronx,Co-Op City,false,0.0224
hvfhv,51,dropoff,2023,3,71803,Bronx,Co-Op City,false,0.0224
hvfhv,51,dropoff,2023,4,66102,Bronx,Co-Op City,false,0.0224
hvfhv,51,dropoff,2023,5,68296,Bronx,Co-Op City,false,0.0224
hvfhv,51,dropoff,2023,6,67878,Bronx,Co-Op City,false,0.0224
hvfhv,51,dropoff,2024,2,68328,Bronx,Co-Op City,false,0.0224
hvfhv,51,dropoff,2024,3,76248,Bronx,Co-Op City,false,0.0224
hvfhv,51,dropoff,2024,4,68652,Bronx,Co-Op City,false,0.0224
hvfhv,51,dropoff,2024,5,71537,Bronx,Co-Op City,false,0.0224
hvfhv,51,dropoff,2024,6,73813,Bronx,Co-Op City,false,0.0224
hvfhv,51,pickup,2023,2,64604,Bronx,Co-Op City,false,0.0194
hvfhv,51,pickup,2023,3,75646,Bronx,Co-Op City,false,0.0194
hvfhv,51,pickup,2023,4,69739,Bronx,Co-Op City,false,0.0194
hvfhv,51,pickup,2023,5,72820,Bronx,Co-Op City,false,0.0194
hvfhv,51,pickup,2023,6,71705,Bronx,Co-Op City,false,0.0194
hvfhv,51,pickup,2024,2,72635,Bronx,Co-Op City,false,0.0194
hvfhv,51,pickup,2024,3,81358,Bronx,Co-Op City,false,0.0194
hvfhv,51,pickup,2024,4,74287,Bronx,Co-Op City,false,0.0194
hvfhv,51,pickup,2024,5,75742,Bronx,Co-Op City,false,0.0194
hvfhv,51,pickup,2024,6,77915,Bronx,Co-Op City,false,0.0194
hvfhv,52,dropoff,2023,2,23922,Brooklyn,Cobble Hill,false,0.2443
hvfhv,52,dropoff,2023,3,26555,Brooklyn,Cobble Hill,false,0.2443
hvfhv,52,dropoff,2023,4,26395,Brooklyn,Cobble Hill,false,0.2443
hvfhv,52,dropoff,2023,5,25740,Brooklyn,Cobble Hill,false,0.2443
hvfhv,52,dropoff,2023,6,25862,Brooklyn,Cobble Hill,false,0.2443
hvfhv,52,dropoff,2024,2,27678,Brooklyn,Cobble Hill,false,0.2443
hvfhv,52,dropoff,2024,3,29539,Brooklyn,Cobble Hill,false,0.2443
hvfhv,52,dropoff,2024,4,27086,Brooklyn,Cobble Hill,false,0.2443
hvfhv,52,dropoff,2024,5,27891,Brooklyn,Cobble Hill,false,0.2443
hvfhv,52,dropoff,2024,6,26808,Brooklyn,Cobble Hill,false,0.2443
hvfhv,52,pickup,2023,2,27359,Brooklyn,Cobble Hill,false,0.2119
hvfhv,52,pickup,2023,3,30678,Brooklyn,Cobble Hill,false,0.2119
hvfhv,52,pickup,2023,4,30083,Brooklyn,Cobble Hill,false,0.2119
hvfhv,52,pickup,2023,5,30354,Brooklyn,Cobble Hill,false,0.2119
hvfhv,52,pickup,2023,6,29853,Brooklyn,Cobble Hill,false,0.2119
hvfhv,52,pickup,2024,2,31349,Brooklyn,Cobble Hill,false,0.2119
hvfhv,52,pickup,2024,3,33599,Brooklyn,Cobble Hill,false,0.2119
hvfhv,52,pickup,2024,4,31275,Brooklyn,Cobble Hill,false,0.2119
hvfhv,52,pickup,2024,5,32025,Brooklyn,Cobble Hill,false,0.2119
hvfhv,52,pickup,2024,6,30572,Brooklyn,Cobble Hill,false,0.2119
hvfhv,53,dropoff,2023,2,23678,Queens,College Point,false,0.0398
hvfhv,53,dropoff,2023,3,26632,Queens,College Point,false,0.0398
hvfhv,53,dropoff,2023,4,25327,Queens,College Point,false,0.0398
hvfhv,53,dropoff,2023,5,27362,Queens,College Point,false,0.0398
hvfhv,53,dropoff,2023,6,26808,Queens,College Point,false,0.0398
hvfhv,53,dropoff,2024,2,27791,Queens,College Point,false,0.0398
hvfhv,53,dropoff,2024,3,30430,Queens,College Point,false,0.0398
hvfhv,53,dropoff,2024,4,29449,Queens,College Point,false,0.0398
hvfhv,53,dropoff,2024,5,31338,Queens,College Point,false,0.0398
hvfhv,53,dropoff,2024,6,30090,Queens,College Point,false,0.0398
hvfhv,53,pickup,2023,2,22191,Queens,College Point,false,0.0371
hvfhv,53,pickup,2023,3,25411,Queens,College Point,false,0.0371
hvfhv,53,pickup,2023,4,24093,Queens,College Point,false,0.0371
hvfhv,53,pickup,2023,5,26461,Queens,College Point,false,0.0371
hvfhv,53,pickup,2023,6,25762,Queens,College Point,false,0.0371
hvfhv,53,pickup,2024,2,26438,Queens,College Point,false,0.0371
hvfhv,53,pickup,2024,3,29000,Queens,College Point,false,0.0371
hvfhv,53,pickup,2024,4,28188,Queens,College Point,false,0.0371
hvfhv,53,pickup,2024,5,30125,Queens,College Point,false,0.0371
hvfhv,53,pickup,2024,6,29363,Queens,College Point,false,0.0371
hvfhv,54,dropoff,2023,2,9079,Brooklyn,Columbia Street,false,0.241
hvfhv,54,dropoff,2023,3,10325,Brooklyn,Columbia Street,false,0.241
hvfhv,54,dropoff,2023,4,10081,Brooklyn,Columbia Street,false,0.241
hvfhv,54,dropoff,2023,5,10466,Brooklyn,Columbia Street,false,0.241
hvfhv,54,dropoff,2023,6,10656,Brooklyn,Columbia Street,false,0.241
hvfhv,54,dropoff,2024,2,11085,Brooklyn,Columbia Street,false,0.241
hvfhv,54,dropoff,2024,3,12026,Brooklyn,Columbia Street,false,0.241
hvfhv,54,dropoff,2024,4,11397,Brooklyn,Columbia Street,false,0.241
hvfhv,54,dropoff,2024,5,12016,Brooklyn,Columbia Street,false,0.241
hvfhv,54,dropoff,2024,6,11642,Brooklyn,Columbia Street,false,0.241
hvfhv,54,pickup,2023,2,9812,Brooklyn,Columbia Street,false,0.2361
hvfhv,54,pickup,2023,3,10948,Brooklyn,Columbia Street,false,0.2361
hvfhv,54,pickup,2023,4,10751,Brooklyn,Columbia Street,false,0.2361
hvfhv,54,pickup,2023,5,11010,Brooklyn,Columbia Street,false,0.2361
hvfhv,54,pickup,2023,6,11046,Brooklyn,Columbia Street,false,0.2361
hvfhv,54,pickup,2024,2,10878,Brooklyn,Columbia Street,false,0.2361
hvfhv,54,pickup,2024,3,11859,Brooklyn,Columbia Street,false,0.2361
hvfhv,54,pickup,2024,4,11089,Brooklyn,Columbia Street,false,0.2361
hvfhv,54,pickup,2024,5,11965,Brooklyn,Columbia Street,false,0.2361
hvfhv,54,pickup,2024,6,11893,Brooklyn,Columbia Street,false,0.2361
hvfhv,55,dropoff,2023,2,42380,Brooklyn,Coney Island,false,0.043
hvfhv,55,dropoff,2023,3,51415,Brooklyn,Coney Island,false,0.043
hvfhv,55,dropoff,2023,4,47911,Brooklyn,Coney Island,false,0.043
hvfhv,55,dropoff,2023,5,53697,Brooklyn,Coney Island,false,0.043
hvfhv,55,dropoff,2023,6,54651,Brooklyn,Coney Island,false,0.043
hvfhv,55,dropoff,2024,2,49340,Brooklyn,Coney Island,false,0.043
hvfhv,55,dropoff,2024,3,55651,Brooklyn,Coney Island,false,0.043
hvfhv,55,dropoff,2024,4,52298,Brooklyn,Coney Island,false,0.043
hvfhv,55,dropoff,2024,5,57470,Brooklyn,Coney Island,false,0.043
hvfhv,55,dropoff,2024,6,62443,Brooklyn,Coney Island,false,0.043
hvfhv,55,pickup,2023,2,41318,Brooklyn,Coney Island,false,0.0405
hvfhv,55,pickup,2023,3,50388,Brooklyn,Coney Island,false,0.0405
hvfhv,55,pickup,2023,4,47128,Brooklyn,Coney Island,false,0.0405
hvfhv,55,pickup,2023,5,52035,Brooklyn,Coney Island,false,0.0405
hvfhv,55,pickup,2023,6,52015,Brooklyn,Coney Island,false,0.0405
hvfhv,55,pickup,2024,2,48236,Brooklyn,Coney Island,false,0.0405
hvfhv,55,pickup,2024,3,54287,Brooklyn,Coney Island,false,0.0405
hvfhv,55,pickup,2024,4,50540,Brooklyn,Coney Island,false,0.0405
hvfhv,55,pickup,2024,5,55556,Brooklyn,Coney Island,false,0.0405
hvfhv,55,pickup,2024,6,58843,Brooklyn,Coney Island,false,0.0405
hvfhv,56,dropoff,2023,2,44316,Queens,Corona,false,0.0529
hvfhv,56,dropoff,2023,3,49899,Queens,Corona,false,0.0529
hvfhv,56,dropoff,2023,4,46194,Queens,Corona,false,0.0529
hvfhv,56,dropoff,2023,5,49359,Queens,Corona,false,0.0529
hvfhv,56,dropoff,2023,6,48109,Queens,Corona,false,0.0529
hvfhv,56,dropoff,2024,2,48492,Queens,Corona,false,0.0529
hvfhv,56,dropoff,2024,3,53529,Queens,Corona,false,0.0529
hvfhv,56,dropoff,2024,4,49617,Queens,Corona,false,0.0529
hvfhv,56,dropoff,2024,5,52463,Queens,Corona,false,0.0529
hvfhv,56,dropoff,2024,6,54048,Queens,Corona,false,0.0529
hvfhv,56,pickup,2023,2,49465,Queens,Corona,false,0.0503
hvfhv,56,pickup,2023,3,55898,Queens,Corona,false,0.0503
hvfhv,56,pickup,2023,4,52451,Queens,Corona,false,0.0503
hvfhv,56,pickup,2023,5,56282,Queens,Corona,false,0.0503
hvfhv,56,pickup,2023,6,56400,Queens,Corona,false,0.0503
hvfhv,56,pickup,2024,2,54757,Queens,Corona,false,0.0503
hvfhv,56,pickup,2024,3,59973,Queens,Corona,false,0.0503
hvfhv,56,pickup,2024,4,56042,Queens,Corona,false,0.0503
hvfhv,56,pickup,2024,5,59037,Queens,Corona,false,0.0503
hvfhv,56,pickup,2024,6,60831,Queens,Corona,false,0.0503
hvfhv,57,dropoff,2023,2,3369,Queens,Corona,false,0.0291
hvfhv,57,dropoff,2023,3,3604,Queens,Corona,false,0.0291
hvfhv,57,dropoff,2023,4,3481,Queens,Corona,false,0.0291
hvfhv,57,dropoff,2023,5,3452,Queens,Corona,false,0.0291
hvfhv,57,dropoff,2023,6,3479,Queens,Corona,false,0.0291
hvfhv,57,dropoff,2024,2,3444,Queens,Corona,false,0.0291
hvfhv,57,dropoff,2024,3,3796,Queens,Corona,false,0.0291
hvfhv,57,dropoff,2024,4,3483,Queens,Corona,false,0.0291
hvfhv,57,dropoff,2024,5,3897,Queens,Corona,false,0.0291
hvfhv,57,dropoff,2024,6,4096,Queens,Corona,false,0.0291
hvfhv,57,pickup,2023,2,3393,Queens,Corona,false,0.0325
hvfhv,57,pickup,2023,3,3792,Queens,Corona,false,0.0325
hvfhv,57,pickup,2023,4,3582,Queens,Corona,false,0.0325
hvfhv,57,pickup,2023,5,4202,Queens,Corona,false,0.0325
hvfhv,57,pickup,2023,6,4923,Queens,Corona,false,0.0325
hvfhv,57,pickup,2024,2,3918,Queens,Corona,false,0.0325
hvfhv,57,pickup,2024,3,4220,Queens,Corona,false,0.0325
hvfhv,57,pickup,2024,4,4036,Queens,Corona,false,0.0325
hvfhv,57,pickup,2024,5,4153,Queens,Corona,false,0.0325
hvfhv,57,pickup,2024,6,4537,Queens,Corona,false,0.0325
hvfhv,58,dropoff,2023,2,4869,Bronx,Country Club,false,0.0583
hvfhv,58,dropoff,2023,3,5792,Bronx,Country Club,false,0.0583
hvfhv,58,dropoff,2023,4,5420,Bronx,Country Club,false,0.0583
hvfhv,58,dropoff,2023,5,6026,Bronx,Country Club,false,0.0583
hvfhv,58,dropoff,2023,6,5732,Bronx,Country Club,false,0.0583
hvfhv,58,dropoff,2024,2,5688,Bronx,Country Club,false,0.0583
hvfhv,58,dropoff,2024,3,6449,Bronx,Country Club,false,0.0583
hvfhv,58,dropoff,2024,4,6026,Bronx,Country Club,false,0.0583
hvfhv,58,dropoff,2024,5,6536,Bronx,Country Club,false,0.0583
hvfhv,58,dropoff,2024,6,6628,Bronx,Country Club,false,0.0583
hvfhv,58,pickup,2023,2,5474,Bronx,Country Club,false,0.0389
hvfhv,58,pickup,2023,3,6507,Bronx,Country Club,false,0.0389
hvfhv,58,pickup,2023,4,5900,Bronx,Country Club,false,0.0389
hvfhv,58,pickup,2023,5,6575,Bronx,Country Club,false,0.0389
hvfhv,58,pickup,2023,6,6309,Bronx,Country Club,false,0.0389
hvfhv,58,pickup,2024,2,6039,Bronx,Country Club,false,0.0389
hvfhv,58,pickup,2024,3,6798,Bronx,Country Club,false,0.0389
hvfhv,58,pickup,2024,4,6425,Bronx,Country Club,false,0.0389
hvfhv,58,pickup,2024,5,6953,Bronx,Country Club,false,0.0389
hvfhv,58,pickup,2024,6,6882,Bronx,Country Club,false,0.0389
hvfhv,59,dropoff,2023,2,1851,Bronx,Crotona Park,false,0.0315
hvfhv,59,dropoff,2023,3,2423,Bronx,Crotona Park,false,0.0315
hvfhv,59,dropoff,2023,4,2292,Bronx,Crotona Park,false,0.0315
hvfhv,59,dropoff,2023,5,2511,Bronx,Crotona Park,false,0.0315
hvfhv,59,dropoff,2023,6,2524,Bronx,Crotona Park,false,0.0315
hvfhv,59,dropoff,2024,2,1976,Bronx,Crotona Park,false,0.0315
hvfhv,59,dropoff,2024,3,2316,Bronx,Crotona Park,false,0.0315
hvfhv,59,dropoff,2024,4,2413,Bronx,Crotona Park,false,0.0315
hvfhv,59,dropoff,2024,5,2614,Bronx,Crotona Park,false,0.0315
hvfhv,59,dropoff,2024,6,3242,Bronx,Crotona Park,false,0.0315
hvfhv,59,pickup,2023,2,1773,Bronx,Crotona Park,false,0.0424
hvfhv,59,pickup,2023,3,2241,Bronx,Crotona Park,false,0.0424
hvfhv,59,pickup,2023,4,2177,Bronx,Crotona Park,false,0.0424
hvfhv,59,pickup,2023,5,2275,Bronx,Crotona Park,false,0.0424
hvfhv,59,pickup,2023,6,2230,Bronx,Crotona Park,false,0.0424
hvfhv,59,pickup,2024,2,2013,Bronx,Crotona Park,false,0.0424
hvfhv,59,pickup,2024,3,2157,Bronx,Crotona Park,false,0.0424
hvfhv,59,pickup,2024,4,2158,Bronx,Crotona Park,false,0.0424
hvfhv,59,pickup,2024,5,2152,Bronx,Crotona Park,false,0.0424
hvfhv,59,pickup,2024,6,2553,Bronx,Crotona Park,false,0.0424
hvfhv,60,dropoff,2023,2,37087,Bronx,Crotona Park East,false,0.0316
hvfhv,60,dropoff,2023,3,44075,Bronx,Crotona Park East,false,0.0316
hvfhv,60,dropoff,2023,4,38894,Bronx,Crotona Park East,false,0.0316
hvfhv,60,dropoff,2023,5,39465,Bronx,Crotona Park East,false,0.0316
hvfhv,60,dropoff,2023,6,37779,Bronx,Crotona Park East,false,0.0316
hvfhv,60,dropoff,2024,2,39931,Bronx,Crotona Park East,false,0.0316
hvfhv,60,dropoff,2024,3,44739,Bronx,Crotona Park East,false,0.0316
hvfhv,60,dropoff,2024,4,40049,Bronx,Crotona Park East,false,0.0316
hvfhv,60,dropoff,2024,5,41158,Bronx,Crotona Park East,false,0.0316
hvfhv,60,dropoff,2024,6,40286,Bronx,Crotona Park East,false,0.0316
hvfhv,60,pickup,2023,2,39940,Bronx,Crotona Park East,false,0.0345
hvfhv,60,pickup,2023,3,48060,Bronx,Crotona Park East,false,0.0345
hvfhv,60,pickup,2023,4,42338,Bronx,Crotona Park East,false,0.0345
hvfhv,60,pickup,2023,5,42912,Bronx,Crotona Park East,false,0.0345
hvfhv,60,pickup,2023,6,41426,Bronx,Crotona Park East,false,0.0345
hvfhv,60,pickup,2024,2,43358,Bronx,Crotona Park East,false,0.0345
hvfhv,60,pickup,2024,3,48750,Bronx,Crotona Park East,false,0.0345
hvfhv,60,pickup,2024,4,43957,Bronx,Crotona Park East,false,0.0345
hvfhv,60,pickup,2024,5,45071,Bronx,Crotona Park East,false,0.0345
hvfhv,60,pickup,2024,6,44133,Bronx,Crotona Park East,false,0.0345
hvfhv,61,dropoff,2023,2,247407,Brooklyn,Crown Heights North,false,0.0844
hvfhv,61,dropoff,2023,3,282585,Brooklyn,Crown Heights North,false,0.0844
hvfhv,61,dropoff,2023,4,257941,Brooklyn,Crown Heights North,false,0.0844
hvfhv,61,dropoff,2023,5,267992,Brooklyn,Crown Heights North,false,0.0844
hvfhv,61,dropoff,2023,6,269216,Brooklyn,Crown Heights North,false,0.0844
hvfhv,61,dropoff,2024,2,268756,Brooklyn,Crown Heights North,false,0.0844
hvfhv,61,dropoff,2024,3,303569,Brooklyn,Crown Heights North,false,0.0844
hvfhv,61,dropoff,2024,4,266195,Brooklyn,Crown Heights North,false,0.0844
hvfhv,61,dropoff,2024,5,280911,Brooklyn,Crown Heights North,false,0.0844
hvfhv,61,dropoff,2024,6,282643,Brooklyn,Crown Heights North,false,0.0844
hvfhv,61,pickup,2023,2,237528,Brooklyn,Crown Heights North,false,0.0614
hvfhv,61,pickup,2023,3,269870,Brooklyn,Crown Heights North,false,0.0614
hvfhv,61,pickup,2023,4,246036,Brooklyn,Crown Heights North,false,0.0614
hvfhv,61,pickup,2023,5,252929,Brooklyn,Crown Heights North,false,0.0614
hvfhv,61,pickup,2023,6,256773,Brooklyn,Crown Heights North,false,0.0614
hvfhv,61,pickup,2024,2,260865,Brooklyn,Crown Heights North,false,0.0614
hvfhv,61,pickup,2024,3,290279,Brooklyn,Crown Heights North,false,0.0614
hvfhv,61,pickup,2024,4,254591,Brooklyn,Crown Heights North,false,0.0614
hvfhv,61,pickup,2024,5,266798,Brooklyn,Crown Heights North,false,0.0614
hvfhv,61,pickup,2024,6,270556,Brooklyn,Crown Heights North,false,0.0614
hvfhv,62,dropoff,2023,2,66753,Brooklyn,Crown Heights South,false,0.0749
hvfhv,62,dropoff,2023,3,73822,Brooklyn,Crown Heights South,false,0.0749
hvfhv,62,dropoff,2023,4,64402,Brooklyn,Crown Heights South,false,0.0749
hvfhv,62,dropoff,2023,5,67911,Brooklyn,Crown Heights South,false,0.0749
hvfhv,62,dropoff,2023,6,68495,Brooklyn,Crown Heights South,false,0.0749
hvfhv,62,dropoff,2024,2,72179,Brooklyn,Crown Heights South,false,0.0749
hvfhv,62,dropoff,2024,3,79461,Brooklyn,Crown Heights South,false,0.0749
hvfhv,62,dropoff,2024,4,69583,Brooklyn,Crown Heights South,false,0.0749
hvfhv,62,dropoff,2024,5,72833,Brooklyn,Crown Heights South,false,0.0749
hvfhv,62,dropoff,2024,6,72234,Brooklyn,Crown Heights South,false,0.0749
hvfhv,62,pickup,2023,2,65676,Brooklyn,Crown Heights South,false,0.0542
hvfhv,62,pickup,2023,3,73434,Brooklyn,Crown Heights South,false,0.0542
hvfhv,62,pickup,2023,4,63923,Brooklyn,Crown Heights South,false,0.0542
hvfhv,62,pickup,2023,5,68703,Brooklyn,Crown Heights South,false,0.0542
hvfhv,62,pickup,2023,6,69860,Brooklyn,Crown Heights South,false,0.0542
hvfhv,62,pickup,2024,2,72559,Brooklyn,Crown Heights South,false,0.0542
hvfhv,62,pickup,2024,3,79200,Brooklyn,Crown Heights South,false,0.0542
hvfhv,62,pickup,2024,4,70972,Brooklyn,Crown Heights South,false,0.0542
hvfhv,62,pickup,2024,5,73035,Brooklyn,Crown Heights South,false,0.0542
hvfhv,62,pickup,2024,6,74351,Brooklyn,Crown Heights South,false,0.0542
hvfhv,63,dropoff,2023,2,50240,Brooklyn,Cypress Hills,false,0.0322
hvfhv,63,dropoff,2023,3,58438,Brooklyn,Cypress Hills,false,0.0322
hvfhv,63,dropoff,2023,4,54773,Brooklyn,Cypress Hills,false,0.0322
hvfhv,63,dropoff,2023,5,58572,Brooklyn,Cypress Hills,false,0.0322
hvfhv,63,dropoff,2023,6,56878,Brooklyn,Cypress Hills,false,0.0322
hvfhv,63,dropoff,2024,2,56792,Brooklyn,Cypress Hills,false,0.0322
hvfhv,63,dropoff,2024,3,65059,Brooklyn,Cypress Hills,false,0.0322
hvfhv,63,dropoff,2024,4,59362,Brooklyn,Cypress Hills,false,0.0322
hvfhv,63,dropoff,2024,5,63028,Brooklyn,Cypress Hills,false,0.0322
hvfhv,63,dropoff,2024,6,61736,Brooklyn,Cypress Hills,false,0.0322
hvfhv,63,pickup,2023,2,52145,Brooklyn,Cypress Hills,false,0.024
hvfhv,63,pickup,2023,3,61705,Brooklyn,Cypress Hills,false,0.024
hvfhv,63,pickup,2023,4,57223,Brooklyn,Cypress Hills,false,0.024
hvfhv,63,pickup,2023,5,61330,Brooklyn,Cypress Hills,false,0.024
hvfhv,63,pickup,2023,6,59946,Brooklyn,Cypress Hills,false,0.024
hvfhv,63,pickup,2024,2,58518,Brooklyn,Cypress Hills,false,0.024
hvfhv,63,pickup,2024,3,67471,Brooklyn,Cypress Hills,false,0.024
hvfhv,63,pickup,2024,4,60561,Brooklyn,Cypress Hills,false,0.024
hvfhv,63,pickup,2024,5,65898,Brooklyn,Cypress Hills,false,0.024
hvfhv,63,pickup,2024,6,63402,Brooklyn,Cypress Hills,false,0.024
hvfhv,64,dropoff,2023,2,8932,Queens,Douglaston,false,0.0716
hvfhv,64,dropoff,2023,3,10443,Queens,Douglaston,false,0.0716
hvfhv,64,dropoff,2023,4,9967,Queens,Douglaston,false,0.0716
hvfhv,64,dropoff,2023,5,11218,Queens,Douglaston,false,0.0716
hvfhv,64,dropoff,2023,6,11076,Queens,Douglaston,false,0.0716
hvfhv,64,dropoff,2024,2,10581,Queens,Douglaston,false,0.0716
hvfhv,64,dropoff,2024,3,11652,Queens,Douglaston,false,0.0716
hvfhv,64,dropoff,2024,4,11071,Queens,Douglaston,false,0.0716
hvfhv,64,dropoff,2024,5,11817,Queens,Douglaston,false,0.0716
hvfhv,64,dropoff,2024,6,11967,Queens,Douglaston,false,0.0716
hvfhv,64,pickup,2023,2,9954,Queens,Douglaston,false,0.039
hvfhv,64,pickup,2023,3,11625,Queens,Douglaston,false,0.039
hvfhv,64,pickup,2023,4,11108,Queens,Douglaston,false,0.039
hvfhv,64,pickup,2023,5,12214,Queens,Douglaston,false,0.039
hvfhv,64,pickup,2023,6,12334,Queens,Douglaston,false,0.039
hvfhv,64,pickup,2024,2,11581,Queens,Douglaston,false,0.039
hvfhv,64,pickup,2024,3,12848,Queens,Douglaston,false,0.039
hvfhv,64,pickup,2024,4,12154,Queens,Douglaston,false,0.039
hvfhv,64,pickup,2024,5,13165,Queens,Douglaston,false,0.039
hvfhv,64,pickup,2024,6,13469,Queens,Douglaston,false,0.039
hvfhv,65,dropoff,2023,2,73432,Brooklyn,Downtown Brooklyn/MetroTech,false,0.2611
hvfhv,65,dropoff,2023,3,83645,Brooklyn,Downtown Brooklyn/MetroTech,false,0.2611
hvfhv,65,dropoff,2023,4,82468,Brooklyn,Downtown Brooklyn/MetroTech,false,0.2611
hvfhv,65,dropoff,2023,5,84634,Brooklyn,Downtown Brooklyn/MetroTech,false,0.2611
hvfhv,65,dropoff,2023,6,80924,Brooklyn,Downtown Brooklyn/MetroTech,false,0.2611
hvfhv,65,dropoff,2024,2,81550,Brooklyn,Downtown Brooklyn/MetroTech,false,0.2611
hvfhv,65,dropoff,2024,3,92448,Brooklyn,Downtown Brooklyn/MetroTech,false,0.2611
hvfhv,65,dropoff,2024,4,83882,Brooklyn,Downtown Brooklyn/MetroTech,false,0.2611
hvfhv,65,dropoff,2024,5,89796,Brooklyn,Downtown Brooklyn/MetroTech,false,0.2611
hvfhv,65,dropoff,2024,6,88011,Brooklyn,Downtown Brooklyn/MetroTech,false,0.2611
hvfhv,65,pickup,2023,2,80701,Brooklyn,Downtown Brooklyn/MetroTech,false,0.2182
hvfhv,65,pickup,2023,3,91241,Brooklyn,Downtown Brooklyn/MetroTech,false,0.2182
hvfhv,65,pickup,2023,4,89087,Brooklyn,Downtown Brooklyn/MetroTech,false,0.2182
hvfhv,65,pickup,2023,5,93239,Brooklyn,Downtown Brooklyn/MetroTech,false,0.2182
hvfhv,65,pickup,2023,6,90175,Brooklyn,Downtown Brooklyn/MetroTech,false,0.2182
hvfhv,65,pickup,2024,2,91113,Brooklyn,Downtown Brooklyn/MetroTech,false,0.2182
hvfhv,65,pickup,2024,3,103286,Brooklyn,Downtown Brooklyn/MetroTech,false,0.2182
hvfhv,65,pickup,2024,4,94012,Brooklyn,Downtown Brooklyn/MetroTech,false,0.2182
hvfhv,65,pickup,2024,5,100938,Brooklyn,Downtown Brooklyn/MetroTech,false,0.2182
hvfhv,65,pickup,2024,6,99014,Brooklyn,Downtown Brooklyn/MetroTech,false,0.2182
hvfhv,66,dropoff,2023,2,56240,Brooklyn,DUMBO/Vinegar Hill,false,0.3595
hvfhv,66,dropoff,2023,3,64787,Brooklyn,DUMBO/Vinegar Hill,false,0.3595
hvfhv,66,dropoff,2023,4,63968,Brooklyn,DUMBO/Vinegar Hill,false,0.3595
hvfhv,66,dropoff,2023,5,67804,Brooklyn,DUMBO/Vinegar Hill,false,0.3595
hvfhv,66,dropoff,2023,6,65954,Brooklyn,DUMBO/Vinegar Hill,false,0.3595
hvfhv,66,dropoff,2024,2,62413,Brooklyn,DUMBO/Vinegar Hill,false,0.3595
hvfhv,66,dropoff,2024,3,68205,Brooklyn,DUMBO/Vinegar Hill,false,0.3595
hvfhv,66,dropoff,2024,4,64787,Brooklyn,DUMBO/Vinegar Hill,false,0.3595
hvfhv,66,dropoff,2024,5,69074,Brooklyn,DUMBO/Vinegar Hill,false,0.3595
hvfhv,66,dropoff,2024,6,69242,Brooklyn,DUMBO/Vinegar Hill,false,0.3595
hvfhv,66,pickup,2023,2,63541,Brooklyn,DUMBO/Vinegar Hill,false,0.3363
hvfhv,66,pickup,2023,3,74783,Brooklyn,DUMBO/Vinegar Hill,false,0.3363
hvfhv,66,pickup,2023,4,71753,Brooklyn,DUMBO/Vinegar Hill,false,0.3363
hvfhv,66,pickup,2023,5,76603,Brooklyn,DUMBO/Vinegar Hill,false,0.3363
hvfhv,66,pickup,2023,6,73461,Brooklyn,DUMBO/Vinegar Hill,false,0.3363
hvfhv,66,pickup,2024,2,70446,Brooklyn,DUMBO/Vinegar Hill,false,0.3363
hvfhv,66,pickup,2024,3,77105,Brooklyn,DUMBO/Vinegar Hill,false,0.3363
hvfhv,66,pickup,2024,4,74312,Brooklyn,DUMBO/Vinegar Hill,false,0.3363
hvfhv,66,pickup,2024,5,78175,Brooklyn,DUMBO/Vinegar Hill,false,0.3363
hvfhv,66,pickup,2024,6,77546,Brooklyn,DUMBO/Vinegar Hill,false,0.3363
hvfhv,67,dropoff,2023,2,28773,Brooklyn,Dyker Heights,false,0.0854
hvfhv,67,dropoff,2023,3,33061,Brooklyn,Dyker Heights,false,0.0854
hvfhv,67,dropoff,2023,4,30272,Brooklyn,Dyker Heights,false,0.0854
hvfhv,67,dropoff,2023,5,33185,Brooklyn,Dyker Heights,false,0.0854
hvfhv,67,dropoff,2023,6,32230,Brooklyn,Dyker Heights,false,0.0854
hvfhv,67,dropoff,2024,2,32442,Brooklyn,Dyker Heights,false,0.0854
hvfhv,67,dropoff,2024,3,36568,Brooklyn,Dyker Heights,false,0.0854
hvfhv,67,dropoff,2024,4,34636,Brooklyn,Dyker Heights,false,0.0854
hvfhv,67,dropoff,2024,5,36576,Brooklyn,Dyker Heights,false,0.0854
hvfhv,67,dropoff,2024,6,35714,Brooklyn,Dyker Heights,false,0.0854
hvfhv,67,pickup,2023,2,29150,Brooklyn,Dyker Heights,false,0.0703
hvfhv,67,pickup,2023,3,33632,Brooklyn,Dyker Heights,false,0.0703
hvfhv,67,pickup,2023,4,30715,Brooklyn,Dyker Heights,false,0.0703
hvfhv,67,pickup,2023,5,33090,Brooklyn,Dyker Heights,false,0.0703
hvfhv,67,pickup,2023,6,32083,Brooklyn,Dyker Heights,false,0.0703
hvfhv,67,pickup,2024,2,32025,Brooklyn,Dyker Heights,false,0.0703
hvfhv,67,pickup,2024,3,35573,Brooklyn,Dyker Heights,false,0.0703
hvfhv,67,pickup,2024,4,33519,Brooklyn,Dyker Heights,false,0.0703
hvfhv,67,pickup,2024,5,36133,Brooklyn,Dyker Heights,false,0.0703
hvfhv,67,pickup,2024,6,35280,Brooklyn,Dyker Heights,false,0.0703
hvfhv,68,dropoff,2023,2,202433,Manhattan,East Chelsea,true,1.0
hvfhv,68,dropoff,2023,3,222838,Manhattan,East Chelsea,true,1.0
hvfhv,68,dropoff,2023,4,215158,Manhattan,East Chelsea,true,1.0
hvfhv,68,dropoff,2023,5,213804,Manhattan,East Chelsea,true,1.0
hvfhv,68,dropoff,2023,6,217987,Manhattan,East Chelsea,true,1.0
hvfhv,68,dropoff,2024,2,209266,Manhattan,East Chelsea,true,1.0
hvfhv,68,dropoff,2024,3,225598,Manhattan,East Chelsea,true,1.0
hvfhv,68,dropoff,2024,4,213499,Manhattan,East Chelsea,true,1.0
hvfhv,68,dropoff,2024,5,223093,Manhattan,East Chelsea,true,1.0
hvfhv,68,dropoff,2024,6,219318,Manhattan,East Chelsea,true,1.0
hvfhv,68,pickup,2023,2,211947,Manhattan,East Chelsea,true,1.0
hvfhv,68,pickup,2023,3,233584,Manhattan,East Chelsea,true,1.0
hvfhv,68,pickup,2023,4,219958,Manhattan,East Chelsea,true,1.0
hvfhv,68,pickup,2023,5,229111,Manhattan,East Chelsea,true,1.0
hvfhv,68,pickup,2023,6,226136,Manhattan,East Chelsea,true,1.0
hvfhv,68,pickup,2024,2,215258,Manhattan,East Chelsea,true,1.0
hvfhv,68,pickup,2024,3,231167,Manhattan,East Chelsea,true,1.0
hvfhv,68,pickup,2024,4,218772,Manhattan,East Chelsea,true,1.0
hvfhv,68,pickup,2024,5,240146,Manhattan,East Chelsea,true,1.0
hvfhv,68,pickup,2024,6,229861,Manhattan,East Chelsea,true,1.0
hvfhv,69,dropoff,2023,2,84796,Bronx,East Concourse/Concourse Village,false,0.0483
hvfhv,69,dropoff,2023,3,101044,Bronx,East Concourse/Concourse Village,false,0.0483
hvfhv,69,dropoff,2023,4,90724,Bronx,East Concourse/Concourse Village,false,0.0483
hvfhv,69,dropoff,2023,5,94299,Bronx,East Concourse/Concourse Village,false,0.0483
hvfhv,69,dropoff,2023,6,90621,Bronx,East Concourse/Concourse Village,false,0.0483
hvfhv,69,dropoff,2024,2,97733,Bronx,East Concourse/Concourse Village,false,0.0483
hvfhv,69,dropoff,2024,3,109433,Bronx,East Concourse/Concourse Village,false,0.0483
hvfhv,69,dropoff,2024,4,98517,Bronx,East Concourse/Concourse Village,false,0.0483
hvfhv,69,dropoff,2024,5,100014,Bronx,East Concourse/Concourse Village,false,0.0483
hvfhv,69,dropoff,2024,6,97173,Bronx,East Concourse/Concourse Village,false,0.0483
hvfhv,69,pickup,2023,2,85608,Bronx,East Concourse/Concourse Village,false,0.0439
hvfhv,69,pickup,2023,3,101346,Bronx,East Concourse/Concourse Village,false,0.0439
hvfhv,69,pickup,2023,4,92310,Bronx,East Concourse/Concourse Village,false,0.0439
hvfhv,69,pickup,2023,5,94828,Bronx,East Concourse/Concourse Village,false,0.0439
hvfhv,69,pickup,2023,6,90968,Bronx,East Concourse/Concourse Village,false,0.0439
hvfhv,69,pickup,2024,2,98907,Bronx,East Concourse/Concourse Village,false,0.0439
hvfhv,69,pickup,2024,3,110869,Bronx,East Concourse/Concourse Village,false,0.0439
hvfhv,69,pickup,2024,4,99689,Bronx,East Concourse/Concourse Village,false,0.0439
hvfhv,69,pickup,2024,5,101798,Bronx,East Concourse/Concourse Village,false,0.0439
hvfhv,69,pickup,2024,6,98063,Bronx,East Concourse/Concourse Village,false,0.0439
hvfhv,70,dropoff,2023,2,30381,Queens,East Elmhurst,false,0.0684
hvfhv,70,dropoff,2023,3,35476,Queens,East Elmhurst,false,0.0684
hvfhv,70,dropoff,2023,4,34637,Queens,East Elmhurst,false,0.0684
hvfhv,70,dropoff,2023,5,37193,Queens,East Elmhurst,false,0.0684
hvfhv,70,dropoff,2023,6,37365,Queens,East Elmhurst,false,0.0684
hvfhv,70,dropoff,2024,2,33248,Queens,East Elmhurst,false,0.0684
hvfhv,70,dropoff,2024,3,38753,Queens,East Elmhurst,false,0.0684
hvfhv,70,dropoff,2024,4,35764,Queens,East Elmhurst,false,0.0684
hvfhv,70,dropoff,2024,5,40201,Queens,East Elmhurst,false,0.0684
hvfhv,70,dropoff,2024,6,39678,Queens,East Elmhurst,false,0.0684
hvfhv,70,pickup,2023,2,37003,Queens,East Elmhurst,false,0.0697
hvfhv,70,pickup,2023,3,43068,Queens,East Elmhurst,false,0.0697
hvfhv,70,pickup,2023,4,41484,Queens,East Elmhurst,false,0.0697
hvfhv,70,pickup,2023,5,44711,Queens,East Elmhurst,false,0.0697
hvfhv,70,pickup,2023,6,45463,Queens,East Elmhurst,false,0.0697
hvfhv,70,pickup,2024,2,43555,Queens,East Elmhurst,false,0.0697
hvfhv,70,pickup,2024,3,48851,Queens,East Elmhurst,false,0.0697
hvfhv,70,pickup,2024,4,45719,Queens,East Elmhurst,false,0.0697
hvfhv,70,pickup,2024,5,51743,Queens,East Elmhurst,false,0.0697
hvfhv,70,pickup,2024,6,50032,Queens,East Elmhurst,false,0.0697
hvfhv,71,dropoff,2023,2,71042,Brooklyn,East Flatbush/Farragut,false,0.0337
hvfhv,71,dropoff,2023,3,82638,Brooklyn,East Flatbush/Farragut,false,0.0337
hvfhv,71,dropoff,2023,4,76458,Brooklyn,East Flatbush/Farragut,false,0.0337
hvfhv,71,dropoff,2023,5,79825,Brooklyn,East Flatbush/Farragut,false,0.0337
hvfhv,71,dropoff,2023,6,78636,Brooklyn,East Flatbush/Farragut,false,0.0337
hvfhv,71,dropoff,2024,2,79719,Brooklyn,East Flatbush/Farragut,false,0.0337
hvfhv,71,dropoff,2024,3,91502,Brooklyn,East Flatbush/Farragut,false,0.0337
hvfhv,71,dropoff,2024,4,83689,Brooklyn,East Flatbush/Farragut,false,0.0337
hvfhv,71,dropoff,2024,5,87997,Brooklyn,East Flatbush/Farragut,false,0.0337
hvfhv,71,dropoff,2024,6,88225,Brooklyn,East Flatbush/Farragut,false,0.0337
hvfhv,71,pickup,2023,2,71833,Brooklyn,East Flatbush/Farragut,false,0.0286
hvfhv,71,pickup,2023,3,83431,Brooklyn,East Flatbush/Farragut,false,0.0286
hvfhv,71,pickup,2023,4,77243,Brooklyn,East Flatbush/Farragut,false,0.0286
hvfhv,71,pickup,2023,5,80411,Brooklyn,East Flatbush/Farragut,false,0.0286
hvfhv,71,pickup,2023,6,79948,Brooklyn,East Flatbush/Farragut,false,0.0286
hvfhv,71,pickup,2024,2,81313,Brooklyn,East Flatbush/Farragut,false,0.0286
hvfhv,71,pickup,2024,3,92404,Brooklyn,East Flatbush/Farragut,false,0.0286
hvfhv,71,pickup,2024,4,84550,Brooklyn,East Flatbush/Farragut,false,0.0286
hvfhv,71,pickup,2024,5,88818,Brooklyn,East Flatbush/Farragut,false,0.0286
hvfhv,71,pickup,2024,6,89271,Brooklyn,East Flatbush/Farragut,false,0.0286
hvfhv,72,dropoff,2023,2,82605,Brooklyn,East Flatbush/Remsen Village,false,0.0243
hvfhv,72,dropoff,2023,3,96640,Brooklyn,East Flatbush/Remsen Village,false,0.0243
hvfhv,72,dropoff,2023,4,88357,Brooklyn,East Flatbush/Remsen Village,false,0.0243
hvfhv,72,dropoff,2023,5,93669,Brooklyn,East Flatbush/Remsen Village,false,0.0243
hvfhv,72,dropoff,2023,6,92809,Brooklyn,East Flatbush/Remsen Village,false,0.0243
hvfhv,72,dropoff,2024,2,91382,Brooklyn,East Flatbush/Remsen Village,false,0.0243
hvfhv,72,dropoff,2024,3,105372,Brooklyn,East Flatbush/Remsen Village,false,0.0243
hvfhv,72,dropoff,2024,4,93682,Brooklyn,East Flatbush/Remsen Village,false,0.0243
hvfhv,72,dropoff,2024,5,98929,Brooklyn,East Flatbush/Remsen Village,false,0.0243
hvfhv,72,dropoff,2024,6,99324,Brooklyn,East Flatbush/Remsen Village,false,0.0243
hvfhv,72,pickup,2023,2,85755,Brooklyn,East Flatbush/Remsen Village,false,0.0205
hvfhv,72,pickup,2023,3,100218,Brooklyn,East Flatbush/Remsen Village,false,0.0205
hvfhv,72,pickup,2023,4,92348,Brooklyn,East Flatbush/Remsen Village,false,0.0205
hvfhv,72,pickup,2023,5,96471,Brooklyn,East Flatbush/Remsen Village,false,0.0205
hvfhv,72,pickup,2023,6,96036,Brooklyn,East Flatbush/Remsen Village,false,0.0205
hvfhv,72,pickup,2024,2,95779,Brooklyn,East Flatbush/Remsen Village,false,0.0205
hvfhv,72,pickup,2024,3,109297,Brooklyn,East Flatbush/Remsen Village,false,0.0205
hvfhv,72,pickup,2024,4,98012,Brooklyn,East Flatbush/Remsen Village,false,0.0205
hvfhv,72,pickup,2024,5,103096,Brooklyn,East Flatbush/Remsen Village,false,0.0205
hvfhv,72,pickup,2024,6,103165,Brooklyn,East Flatbush/Remsen Village,false,0.0205
hvfhv,73,dropoff,2023,2,15425,Queens,East Flushing,false,0.0504
hvfhv,73,dropoff,2023,3,17485,Queens,East Flushing,false,0.0504
hvfhv,73,dropoff,2023,4,16396,Queens,East Flushing,false,0.0504
hvfhv,73,dropoff,2023,5,17941,Queens,East Flushing,false,0.0504
hvfhv,73,dropoff,2023,6,17315,Queens,East Flushing,false,0.0504
hvfhv,73,dropoff,2024,2,17812,Queens,East Flushing,false,0.0504
hvfhv,73,dropoff,2024,3,19727,Queens,East Flushing,false,0.0504
hvfhv,73,dropoff,2024,4,18079,Queens,East Flushing,false,0.0504
hvfhv,73,dropoff,2024,5,19183,Queens,East Flushing,false,0.0504
hvfhv,73,dropoff,2024,6,18517,Queens,East Flushing,false,0.0504
hvfhv,73,pickup,2023,2,16808,Queens,East Flushing,false,0.0368
hvfhv,73,pickup,2023,3,18789,Queens,East Flushing,false,0.0368
hvfhv,73,pickup,2023,4,17828,Queens,East Flushing,false,0.0368
hvfhv,73,pickup,2023,5,19192,Queens,East Flushing,false,0.0368
hvfhv,73,pickup,2023,6,18392,Queens,East Flushing,false,0.0368
hvfhv,73,pickup,2024,2,18932,Queens,East Flushing,false,0.0368
hvfhv,73,pickup,2024,3,20895,Queens,East Flushing,false,0.0368
hvfhv,73,pickup,2024,4,19062,Queens,East Flushing,false,0.0368
hvfhv,73,pickup,2024,5,20129,Queens,East Flushing,false,0.0368
hvfhv,73,pickup,2024,6,19684,Queens,East Flushing,false,0.0368
hvfhv,74,dropoff,2023,2,120556,Manhattan,East Harlem North,false,0.1178
hvfhv,74,dropoff,2023,3,141066,Manhattan,East Harlem North,false,0.1178
hvfhv,74,dropoff,2023,4,132127,Manhattan,East Harlem North,false,0.1178
hvfhv,74,dropoff,2023,5,133095,Manhattan,East Harlem North,false,0.1178
hvfhv,74,dropoff,2023,6,128992,Manhattan,East Harlem North,false,0.1178
hvfhv,74,dropoff,2024,2,133085,Manhattan,East Harlem North,false,0.1178
hvfhv,74,dropoff,2024,3,148280,Manhattan,East Harlem North,false,0.1178
hvfhv,74,dropoff,2024,4,132823,Manhattan,East Harlem North,false,0.1178
hvfhv,74,dropoff,2024,5,136908,Manhattan,East Harlem North,false,0.1178
hvfhv,74,dropoff,2024,6,133648,Manhattan,East Harlem North,false,0.1178
hvfhv,74,pickup,2023,2,123711,Manhattan,East Harlem North,false,0.1183
hvfhv,74,pickup,2023,3,143703,Manhattan,East Harlem North,false,0.1183
hvfhv,74,pickup,2023,4,133678,Manhattan,East Harlem North,false,0.1183
hvfhv,74,pickup,2023,5,136489,Manhattan,East Harlem North,false,0.1183
hvfhv,74,pickup,2023,6,132071,Manhattan,East Harlem North,false,0.1183
hvfhv,74,pickup,2024,2,137893,Manhattan,East Harlem North,false,0.1183
hvfhv,74,pickup,2024,3,153228,Manhattan,East Harlem North,false,0.1183
hvfhv,74,pickup,2024,4,137317,Manhattan,East Harlem North,false,0.1183
hvfhv,74,pickup,2024,5,143397,Manhattan,East Harlem North,false,0.1183
hvfhv,74,pickup,2024,6,141232,Manhattan,East Harlem North,false,0.1183
hvfhv,75,dropoff,2023,2,117383,Manhattan,East Harlem South,false,0.1951
hvfhv,75,dropoff,2023,3,135923,Manhattan,East Harlem South,false,0.1951
hvfhv,75,dropoff,2023,4,123466,Manhattan,East Harlem South,false,0.1951
hvfhv,75,dropoff,2023,5,126999,Manhattan,East Harlem South,false,0.1951
hvfhv,75,dropoff,2023,6,123333,Manhattan,East Harlem South,false,0.1951
hvfhv,75,dropoff,2024,2,133585,Manhattan,East Harlem South,false,0.1951
hvfhv,75,dropoff,2024,3,141451,Manhattan,East Harlem South,false,0.1951
hvfhv,75,dropoff,2024,4,131576,Manhattan,East Harlem South,false,0.1951
hvfhv,75,dropoff,2024,5,134172,Manhattan,East Harlem South,false,0.1951
hvfhv,75,dropoff,2024,6,126630,Manhattan,East Harlem South,false,0.1951
hvfhv,75,pickup,2023,2,115296,Manhattan,East Harlem South,false,0.1789
hvfhv,75,pickup,2023,3,133695,Manhattan,East Harlem South,false,0.1789
hvfhv,75,pickup,2023,4,121634,Manhattan,East Harlem South,false,0.1789
hvfhv,75,pickup,2023,5,124227,Manhattan,East Harlem South,false,0.1789
hvfhv,75,pickup,2023,6,121292,Manhattan,East Harlem South,false,0.1789
hvfhv,75,pickup,2024,2,131623,Manhattan,East Harlem South,false,0.1789
hvfhv,75,pickup,2024,3,140891,Manhattan,East Harlem South,false,0.1789
hvfhv,75,pickup,2024,4,130056,Manhattan,East Harlem South,false,0.1789
hvfhv,75,pickup,2024,5,133334,Manhattan,East Harlem South,false,0.1789
hvfhv,75,pickup,2024,6,125568,Manhattan,East Harlem South,false,0.1789
hvfhv,76,dropoff,2023,2,184620,Brooklyn,East New York,false,0.0153
hvfhv,76,dropoff,2023,3,220958,Brooklyn,East New York,false,0.0153
hvfhv,76,dropoff,2023,4,196125,Brooklyn,East New York,false,0.0153
hvfhv,76,dropoff,2023,5,206799,Brooklyn,East New York,false,0.0153
hvfhv,76,dropoff,2023,6,203132,Brooklyn,East New York,false,0.0153
hvfhv,76,dropoff,2024,2,209216,Brooklyn,East New York,false,0.0153
hvfhv,76,dropoff,2024,3,237755,Brooklyn,East New York,false,0.0153
hvfhv,76,dropoff,2024,4,213436,Brooklyn,East New York,false,0.0153
hvfhv,76,dropoff,2024,5,220154,Brooklyn,East New York,false,0.0153
hvfhv,76,dropoff,2024,6,214119,Brooklyn,East New York,false,0.0153
hvfhv,76,pickup,2023,2,186192,Brooklyn,East New York,false,0.0138
hvfhv,76,pickup,2023,3,222593,Brooklyn,East New York,false,0.0138
hvfhv,76,pickup,2023,4,198599,Brooklyn,East New York,false,0.0138
hvfhv,76,pickup,2023,5,209871,Brooklyn,East New York,false,0.0138
hvfhv,76,pickup,2023,6,205918,Brooklyn,East New York,false,0.0138
hvfhv,76,pickup,2024,2,208723,Brooklyn,East New York,false,0.0138
hvfhv,76,pickup,2024,3,237966,Brooklyn,East New York,false,0.0138
hvfhv,76,pickup,2024,4,213479,Brooklyn,East New York,false,0.0138
hvfhv,76,pickup,2024,5,220585,Brooklyn,East New York,false,0.0138
hvfhv,76,pickup,2024,6,214523,Brooklyn,East New York,false,0.0138
hvfhv,77,dropoff,2023,2,48614,Brooklyn,East New York/Pennsylvania Avenue,false,0.0206
hvfhv,77,dropoff,2023,3,58310,Brooklyn,East New York/Pennsylvania Avenue,false,0.0206
hvfhv,77,dropoff,2023,4,51978,Brooklyn,East New York/Pennsylvania Avenue,false,0.0206
hvfhv,77,dropoff,2023,5,54603,Brooklyn,East New York/Pennsylvania Avenue,false,0.0206
hvfhv,77,dropoff,2023,6,53722,Brooklyn,East New York/Pennsylvania Avenue,false,0.0206
hvfhv,77,dropoff,2024,2,54741,Brooklyn,East New York/Pennsylvania Avenue,false,0.0206
hvfhv,77,dropoff,2024,3,63613,Brooklyn,East New York/Pennsylvania Avenue,false,0.0206
hvfhv,77,dropoff,2024,4,57728,Brooklyn,East New York/Pennsylvania Avenue,false,0.0206
hvfhv,77,dropoff,2024,5,60083,Brooklyn,East New York/Pennsylvania Avenue,false,0.0206
hvfhv,77,dropoff,2024,6,59112,Brooklyn,East New York/Pennsylvania Avenue,false,0.0206
hvfhv,77,pickup,2023,2,49536,Brooklyn,East New York/Pennsylvania Avenue,false,0.0174
hvfhv,77,pickup,2023,3,59066,Brooklyn,East New York/Pennsylvania Avenue,false,0.0174
hvfhv,77,pickup,2023,4,52797,Brooklyn,East New York/Pennsylvania Avenue,false,0.0174
hvfhv,77,pickup,2023,5,55472,Brooklyn,East New York/Pennsylvania Avenue,false,0.0174
hvfhv,77,pickup,2023,6,54494,Brooklyn,East New York/Pennsylvania Avenue,false,0.0174
hvfhv,77,pickup,2024,2,55687,Brooklyn,East New York/Pennsylvania Avenue,false,0.0174
hvfhv,77,pickup,2024,3,64340,Brooklyn,East New York/Pennsylvania Avenue,false,0.0174
hvfhv,77,pickup,2024,4,58716,Brooklyn,East New York/Pennsylvania Avenue,false,0.0174
hvfhv,77,pickup,2024,5,60352,Brooklyn,East New York/Pennsylvania Avenue,false,0.0174
hvfhv,77,pickup,2024,6,59663,Brooklyn,East New York/Pennsylvania Avenue,false,0.0174
hvfhv,78,dropoff,2023,2,70732,Bronx,East Tremont,false,0.0279
hvfhv,78,dropoff,2023,3,83592,Bronx,East Tremont,false,0.0279
hvfhv,78,dropoff,2023,4,74388,Bronx,East Tremont,false,0.0279
hvfhv,78,dropoff,2023,5,77842,Bronx,East Tremont,false,0.0279
hvfhv,78,dropoff,2023,6,73300,Bronx,East Tremont,false,0.0279
hvfhv,78,dropoff,2024,2,79816,Bronx,East Tremont,false,0.0279
hvfhv,78,dropoff,2024,3,89890,Bronx,East Tremont,false,0.0279
hvfhv,78,dropoff,2024,4,82230,Bronx,East Tremont,false,0.0279
hvfhv,78,dropoff,2024,5,82473,Bronx,East Tremont,false,0.0279
hvfhv,78,dropoff,2024,6,79625,Bronx,East Tremont,false,0.0279
hvfhv,78,pickup,2023,2,73415,Bronx,East Tremont,false,0.032
hvfhv,78,pickup,2023,3,87468,Bronx,East Tremont,false,0.032
hvfhv,78,pickup,2023,4,78885,Bronx,East Tremont,false,0.032
hvfhv,78,pickup,2023,5,82087,Bronx,East Tremont,false,0.032
hvfhv,78,pickup,2023,6,77480,Bronx,East Tremont,false,0.032
hvfhv,78,pickup,2024,2,85061,Bronx,East Tremont,false,0.032
hvfhv,78,pickup,2024,3,95843,Bronx,East Tremont,false,0.032
hvfhv,78,pickup,2024,4,86778,Bronx,East Tremont,false,0.032
hvfhv,78,pickup,2024,5,88522,Bronx,East Tremont,false,0.032
hvfhv,78,pickup,2024,6,84168,Bronx,East Tremont,false,0.032
hvfhv,79,dropoff,2023,2,239628,Manhattan,East Village,true,1.0
hvfhv,79,dropoff,2023,3,251266,Manhattan,East Village,true,1.0
hvfhv,79,dropoff,2023,4,240076,Manhattan,East Village,true,1.0
hvfhv,79,dropoff,2023,5,218912,Manhattan,East Village,true,1.0
hvfhv,79,dropoff,2023,6,220025,Manhattan,East Village,true,1.0
hvfhv,79,dropoff,2024,2,230534,Manhattan,East Village,true,1.0
hvfhv,79,dropoff,2024,3,245889,Manhattan,East Village,true,1.0
hvfhv,79,dropoff,2024,4,216303,Manhattan,East Village,true,1.0
hvfhv,79,dropoff,2024,5,214426,Manhattan,East Village,true,1.0
hvfhv,79,dropoff,2024,6,211917,Manhattan,East Village,true,1.0
hvfhv,79,pickup,2023,2,281551,Manhattan,East Village,true,1.0
hvfhv,79,pickup,2023,3,298314,Manhattan,East Village,true,1.0
hvfhv,79,pickup,2023,4,290937,Manhattan,East Village,true,1.0
hvfhv,79,pickup,2023,5,267575,Manhattan,East Village,true,1.0
hvfhv,79,pickup,2023,6,265576,Manhattan,East Village,true,1.0
hvfhv,79,pickup,2024,2,275509,Manhattan,East Village,true,1.0
hvfhv,79,pickup,2024,3,297337,Manhattan,East Village,true,1.0
hvfhv,79,pickup,2024,4,265501,Manhattan,East Village,true,1.0
hvfhv,79,pickup,2024,5,266803,Manhattan,East Village,true,1.0
hvfhv,79,pickup,2024,6,262052,Manhattan,East Village,true,1.0
hvfhv,80,dropoff,2023,2,129247,Brooklyn,East Williamsburg,false,0.1906
hvfhv,80,dropoff,2023,3,148426,Brooklyn,East Williamsburg,false,0.1906
hvfhv,80,dropoff,2023,4,144154,Brooklyn,East Williamsburg,false,0.1906
hvfhv,80,dropoff,2023,5,157514,Brooklyn,East Williamsburg,false,0.1906
hvfhv,80,dropoff,2023,6,160850,Brooklyn,East Williamsburg,false,0.1906
hvfhv,80,dropoff,2024,2,143838,Brooklyn,East Williamsburg,false,0.1906
hvfhv,80,dropoff,2024,3,159922,Brooklyn,East Williamsburg,false,0.1906
hvfhv,80,dropoff,2024,4,147527,Brooklyn,East Williamsburg,false,0.1906
hvfhv,80,dropoff,2024,5,165172,Brooklyn,East Williamsburg,false,0.1906
hvfhv,80,dropoff,2024,6,175290,Brooklyn,East Williamsburg,false,0.1906
hvfhv,80,pickup,2023,2,133659,Brooklyn,East Williamsburg,false,0.1643
hvfhv,80,pickup,2023,3,153886,Brooklyn,East Williamsburg,false,0.1643
hvfhv,80,pickup,2023,4,150145,Brooklyn,East Williamsburg,false,0.1643
hvfhv,80,pickup,2023,5,165107,Brooklyn,East Williamsburg,false,0.1643
hvfhv,80,pickup,2023,6,168454,Brooklyn,East Williamsburg,false,0.1643
hvfhv,80,pickup,2024,2,150435,Brooklyn,East Williamsburg,false,0.1643
hvfhv,80,pickup,2024,3,165717,Brooklyn,East Williamsburg,false,0.1643
hvfhv,80,pickup,2024,4,153096,Brooklyn,East Williamsburg,false,0.1643
hvfhv,80,pickup,2024,5,174276,Brooklyn,East Williamsburg,false,0.1643
hvfhv,80,pickup,2024,6,185430,Brooklyn,East Williamsburg,false,0.1643
hvfhv,81,dropoff,2023,2,42557,Bronx,Eastchester,false,0.0218
hvfhv,81,dropoff,2023,3,49963,Bronx,Eastchester,false,0.0218
hvfhv,81,dropoff,2023,4,45087,Bronx,Eastchester,false,0.0218
hvfhv,81,dropoff,2023,5,48185,Bronx,Eastchester,false,0.0218
hvfhv,81,dropoff,2023,6,47281,Bronx,Eastchester,false,0.0218
hvfhv,81,dropoff,2024,2,47864,Bronx,Eastchester,false,0.0218
hvfhv,81,dropoff,2024,3,53983,Bronx,Eastchester,false,0.0218
hvfhv,81,dropoff,2024,4,49360,Bronx,Eastchester,false,0.0218
hvfhv,81,dropoff,2024,5,51649,Bronx,Eastchester,false,0.0218
hvfhv,81,dropoff,2024,6,50336,Bronx,Eastchester,false,0.0218
hvfhv,81,pickup,2023,2,46827,Bronx,Eastchester,false,0.0188
hvfhv,81,pickup,2023,3,54903,Bronx,Eastchester,false,0.0188
hvfhv,81,pickup,2023,4,50155,Bronx,Eastchester,false,0.0188
hvfhv,81,pickup,2023,5,54460,Bronx,Eastchester,false,0.0188
hvfhv,81,pickup,2023,6,52892,Bronx,Eastchester,false,0.0188
hvfhv,81,pickup,2024,2,52317,Bronx,Eastchester,false,0.0188
hvfhv,81,pickup,2024,3,58737,Bronx,Eastchester,false,0.0188
hvfhv,81,pickup,2024,4,54111,Bronx,Eastchester,false,0.0188
hvfhv,81,pickup,2024,5,56115,Bronx,Eastchester,false,0.0188
hvfhv,81,pickup,2024,6,55544,Bronx,Eastchester,false,0.0188
hvfhv,82,dropoff,2023,2,112213,Queens,Elmhurst,false,0.0569
hvfhv,82,dropoff,2023,3,123491,Queens,Elmhurst,false,0.0569
hvfhv,82,dropoff,2023,4,116686,Queens,Elmhurst,false,0.0569
hvfhv,82,dropoff,2023,5,122774,Queens,Elmhurst,false,0.0569
hvfhv,82,dropoff,2023,6,120219,Queens,Elmhurst,false,0.0569
hvfhv,82,dropoff,2024,2,124898,Queens,Elmhurst,false,0.0569
hvfhv,82,dropoff,2024,3,136721,Queens,Elmhurst,false,0.0569
hvfhv,82,dropoff,2024,4,127070,Queens,Elmhurst,false,0.0569
hvfhv,82,dropoff,2024,5,133048,Queens,Elmhurst,false,0.0569
hvfhv,82,dropoff,2024,6,131269,Queens,Elmhurst,false,0.0569
hvfhv,82,pickup,2023,2,116420,Queens,Elmhurst,false,0.0429
hvfhv,82,pickup,2023,3,126817,Queens,Elmhurst,false,0.0429
hvfhv,82,pickup,2023,4,120890,Queens,Elmhurst,false,0.0429
hvfhv,82,pickup,2023,5,127500,Queens,Elmhurst,false,0.0429
hvfhv,82,pickup,2023,6,124332,Queens,Elmhurst,false,0.0429
hvfhv,82,pickup,2024,2,127876,Queens,Elmhurst,false,0.0429
hvfhv,82,pickup,2024,3,139933,Queens,Elmhurst,false,0.0429
hvfhv,82,pickup,2024,4,129816,Queens,Elmhurst,false,0.0429
hvfhv,82,pickup,2024,5,137523,Queens,Elmhurst,false,0.0429
hvfhv,82,pickup,2024,6,137176,Queens,Elmhurst,false,0.0429
hvfhv,83,dropoff,2023,2,35035,Queens,Elmhurst/Maspeth,false,0.0768
hvfhv,83,dropoff,2023,3,39845,Queens,Elmhurst/Maspeth,false,0.0768
hvfhv,83,dropoff,2023,4,37770,Queens,Elmhurst/Maspeth,false,0.0768
hvfhv,83,dropoff,2023,5,40133,Queens,Elmhurst/Maspeth,false,0.0768
hvfhv,83,dropoff,2023,6,39231,Queens,Elmhurst/Maspeth,false,0.0768
hvfhv,83,dropoff,2024,2,40375,Queens,Elmhurst/Maspeth,false,0.0768
hvfhv,83,dropoff,2024,3,44453,Queens,Elmhurst/Maspeth,false,0.0768
hvfhv,83,dropoff,2024,4,41434,Queens,Elmhurst/Maspeth,false,0.0768
hvfhv,83,dropoff,2024,5,42794,Queens,Elmhurst/Maspeth,false,0.0768
hvfhv,83,dropoff,2024,6,43070,Queens,Elmhurst/Maspeth,false,0.0768
hvfhv,83,pickup,2023,2,35178,Queens,Elmhurst/Maspeth,false,0.0656
hvfhv,83,pickup,2023,3,39842,Queens,Elmhurst/Maspeth,false,0.0656
hvfhv,83,pickup,2023,4,37625,Queens,Elmhurst/Maspeth,false,0.0656
hvfhv,83,pickup,2023,5,39312,Queens,Elmhurst/Maspeth,false,0.0656
hvfhv,83,pickup,2023,6,38696,Queens,Elmhurst/Maspeth,false,0.0656
hvfhv,83,pickup,2024,2,39981,Queens,Elmhurst/Maspeth,false,0.0656
hvfhv,83,pickup,2024,3,44619,Queens,Elmhurst/Maspeth,false,0.0656
hvfhv,83,pickup,2024,4,41627,Queens,Elmhurst/Maspeth,false,0.0656
hvfhv,83,pickup,2024,5,43100,Queens,Elmhurst/Maspeth,false,0.0656
hvfhv,83,pickup,2024,6,43669,Queens,Elmhurst/Maspeth,false,0.0656
hvfhv,84,dropoff,2023,2,6872,Staten Island,Eltingville/Annadale/Prince's Bay,false,0.0507
hvfhv,84,dropoff,2023,3,8166,Staten Island,Eltingville/Annadale/Prince's Bay,false,0.0507
hvfhv,84,dropoff,2023,4,7341,Staten Island,Eltingville/Annadale/Prince's Bay,false,0.0507
hvfhv,84,dropoff,2023,5,8327,Staten Island,Eltingville/Annadale/Prince's Bay,false,0.0507
hvfhv,84,dropoff,2023,6,7900,Staten Island,Eltingville/Annadale/Prince's Bay,false,0.0507
hvfhv,84,dropoff,2024,2,7750,Staten Island,Eltingville/Annadale/Prince's Bay,false,0.0507
hvfhv,84,dropoff,2024,3,8773,Staten Island,Eltingville/Annadale/Prince's Bay,false,0.0507
hvfhv,84,dropoff,2024,4,7878,Staten Island,Eltingville/Annadale/Prince's Bay,false,0.0507
hvfhv,84,dropoff,2024,5,8847,Staten Island,Eltingville/Annadale/Prince's Bay,false,0.0507
hvfhv,84,dropoff,2024,6,8699,Staten Island,Eltingville/Annadale/Prince's Bay,false,0.0507
hvfhv,84,pickup,2023,2,7072,Staten Island,Eltingville/Annadale/Prince's Bay,false,0.0225
hvfhv,84,pickup,2023,3,7989,Staten Island,Eltingville/Annadale/Prince's Bay,false,0.0225
hvfhv,84,pickup,2023,4,7769,Staten Island,Eltingville/Annadale/Prince's Bay,false,0.0225
hvfhv,84,pickup,2023,5,8563,Staten Island,Eltingville/Annadale/Prince's Bay,false,0.0225
hvfhv,84,pickup,2023,6,8045,Staten Island,Eltingville/Annadale/Prince's Bay,false,0.0225
hvfhv,84,pickup,2024,2,8085,Staten Island,Eltingville/Annadale/Prince's Bay,false,0.0225
hvfhv,84,pickup,2024,3,8991,Staten Island,Eltingville/Annadale/Prince's Bay,false,0.0225
hvfhv,84,pickup,2024,4,8367,Staten Island,Eltingville/Annadale/Prince's Bay,false,0.0225
hvfhv,84,pickup,2024,5,9191,Staten Island,Eltingville/Annadale/Prince's Bay,false,0.0225
hvfhv,84,pickup,2024,6,9140,Staten Island,Eltingville/Annadale/Prince's Bay,false,0.0225
hvfhv,85,dropoff,2023,2,52996,Brooklyn,Erasmus,false,0.0626
hvfhv,85,dropoff,2023,3,61861,Brooklyn,Erasmus,false,0.0626
hvfhv,85,dropoff,2023,4,57452,Brooklyn,Erasmus,false,0.0626
hvfhv,85,dropoff,2023,5,58537,Brooklyn,Erasmus,false,0.0626
hvfhv,85,dropoff,2023,6,58606,Brooklyn,Erasmus,false,0.0626
hvfhv,85,dropoff,2024,2,59644,Brooklyn,Erasmus,false,0.0626
hvfhv,85,dropoff,2024,3,68350,Brooklyn,Erasmus,false,0.0626
hvfhv,85,dropoff,2024,4,60395,Brooklyn,Erasmus,false,0.0626
hvfhv,85,dropoff,2024,5,63103,Brooklyn,Erasmus,false,0.0626
hvfhv,85,dropoff,2024,6,63927,Brooklyn,Erasmus,false,0.0626
hvfhv,85,pickup,2023,2,52555,Brooklyn,Erasmus,false,0.044
hvfhv,85,pickup,2023,3,61441,Brooklyn,Erasmus,false,0.044
hvfhv,85,pickup,2023,4,56220,Brooklyn,Erasmus,false,0.044
hvfhv,85,pickup,2023,5,57402,Brooklyn,Erasmus,false,0.044
hvfhv,85,pickup,2023,6,59269,Brooklyn,Erasmus,false,0.044
hvfhv,85,pickup,2024,2,59675,Brooklyn,Erasmus,false,0.044
hvfhv,85,pickup,2024,3,67773,Brooklyn,Erasmus,false,0.044
hvfhv,85,pickup,2024,4,60003,Brooklyn,Erasmus,false,0.044
hvfhv,85,pickup,2024,5,63879,Brooklyn,Erasmus,false,0.044
hvfhv,85,pickup,2024,6,63869,Brooklyn,Erasmus,false,0.044
hvfhv,86,dropoff,2023,2,27278,Queens,Far Rockaway,false,0.0186
hvfhv,86,dropoff,2023,3,33671,Queens,Far Rockaway,false,0.0186
hvfhv,86,dropoff,2023,4,28606,Queens,Far Rockaway,false,0.0186
hvfhv,86,dropoff,2023,5,30275,Queens,Far Rockaway,false,0.0186
hvfhv,86,dropoff,2023,6,29550,Queens,Far Rockaway,false,0.0186
hvfhv,86,dropoff,2024,2,32938,Queens,Far Rockaway,false,0.0186
hvfhv,86,dropoff,2024,3,37924,Queens,Far Rockaway,false,0.0186
hvfhv,86,dropoff,2024,4,33524,Queens,Far Rockaway,false,0.0186
hvfhv,86,dropoff,2024,5,34637,Queens,Far Rockaway,false,0.0186
hvfhv,86,dropoff,2024,6,33515,Queens,Far Rockaway,false,0.0186
hvfhv,86,pickup,2023,2,33531,Queens,Far Rockaway,false,0.0116
hvfhv,86,pickup,2023,3,40634,Queens,Far Rockaway,false,0.0116
hvfhv,86,pickup,2023,4,34274,Queens,Far Rockaway,false,0.0116
hvfhv,86,pickup,2023,5,36938,Queens,Far Rockaway,false,0.0116
hvfhv,86,pickup,2023,6,36311,Queens,Far Rockaway,false,0.0116
hvfhv,86,pickup,2024,2,40430,Queens,Far Rockaway,false,0.0116
hvfhv,86,pickup,2024,3,45511,Queens,Far Rockaway,false,0.0116
hvfhv,86,pickup,2024,4,40609,Queens,Far Rockaway,false,0.0116
hvfhv,86,pickup,2024,5,41859,Queens,Far Rockaway,false,0.0116
hvfhv,86,pickup,2024,6,40812,Queens,Far Rockaway,false,0.0116
hvfhv,87,dropoff,2023,2,109694,Manhattan,Financial District North,true,1.0
hvfhv,87,dropoff,2023,3,121291,Manhattan,Financial District North,true,1.0
hvfhv,87,dropoff,2023,4,116885,Manhattan,Financial District North,true,1.0
hvfhv,87,dropoff,2023,5,121370,Manhattan,Financial District North,true,1.0
hvfhv,87,dropoff,2023,6,118409,Manhattan,Financial District North,true,1.0
hvfhv,87,dropoff,2024,2,108637,Manhattan,Financial District North,true,1.0
hvfhv,87,dropoff,2024,3,114908,Manhattan,Financial District North,true,1.0
hvfhv,87,dropoff,2024,4,111765,Manhattan,Financial District North,true,1.0
hvfhv,87,dropoff,2024,5,120929,Manhattan,Financial District North,true,1.0
hvfhv,87,dropoff,2024,6,121683,Manhattan,Financial District North,true,1.0
hvfhv,87,pickup,2023,2,115609,Manhattan,Financial District North,true,1.0
hvfhv,87,pickup,2023,3,129266,Manhattan,Financial District North,true,1.0
hvfhv,87,pickup,2023,4,121317,Manhattan,Financial District North,true,1.0
hvfhv,87,pickup,2023,5,130503,Manhattan,Financial District North,true,1.0
hvfhv,87,pickup,2023,6,125634,Manhattan,Financial District North,true,1.0
hvfhv,87,pickup,2024,2,115387,Manhattan,Financial District North,true,1.0
hvfhv,87,pickup,2024,3,123019,Manhattan,Financial District North,true,1.0
hvfhv,87,pickup,2024,4,119592,Manhattan,Financial District North,true,1.0
hvfhv,87,pickup,2024,5,131506,Manhattan,Financial District North,true,1.0
hvfhv,87,pickup,2024,6,129300,Manhattan,Financial District North,true,1.0
hvfhv,88,dropoff,2023,2,41720,Manhattan,Financial District South,true,1.0
hvfhv,88,dropoff,2023,3,49334,Manhattan,Financial District South,true,1.0
hvfhv,88,dropoff,2023,4,48100,Manhattan,Financial District South,true,1.0
hvfhv,88,dropoff,2023,5,52673,Manhattan,Financial District South,true,1.0
hvfhv,88,dropoff,2023,6,49970,Manhattan,Financial District South,true,1.0
hvfhv,88,dropoff,2024,2,46187,Manhattan,Financial District South,true,1.0
hvfhv,88,dropoff,2024,3,52599,Manhattan,Financial District South,true,1.0
hvfhv,88,dropoff,2024,4,51237,Manhattan,Financial District South,true,1.0
hvfhv,88,dropoff,2024,5,55954,Manhattan,Financial District South,true,1.0
hvfhv,88,dropoff,2024,6,54094,Manhattan,Financial District South,true,1.0
hvfhv,88,pickup,2023,2,44682,Manhattan,Financial District South,true,1.0
hvfhv,88,pickup,2023,3,53386,Manhattan,Financial District South,true,1.0
hvfhv,88,pickup,2023,4,50227,Manhattan,Financial District South,true,1.0
hvfhv,88,pickup,2023,5,55163,Manhattan,Financial District South,true,1.0
hvfhv,88,pickup,2023,6,52506,Manhattan,Financial District South,true,1.0
hvfhv,88,pickup,2024,2,47974,Manhattan,Financial District South,true,1.0
hvfhv,88,pickup,2024,3,54026,Manhattan,Financial District South,true,1.0
hvfhv,88,pickup,2024,4,51863,Manhattan,Financial District South,true,1.0
hvfhv,88,pickup,2024,5,56321,Manhattan,Financial District South,true,1.0
hvfhv,88,pickup,2024,6,54621,Manhattan,Financial District South,true,1.0
hvfhv,89,dropoff,2023,2,141333,Brooklyn,Flatbush/Ditmas Park,false,0.0694
hvfhv,89,dropoff,2023,3,163619,Brooklyn,Flatbush/Ditmas Park,false,0.0694
hvfhv,89,dropoff,2023,4,152012,Brooklyn,Flatbush/Ditmas Park,false,0.0694
hvfhv,89,dropoff,2023,5,154602,Brooklyn,Flatbush/Ditmas Park,false,0.0694
hvfhv,89,dropoff,2023,6,151780,Brooklyn,Flatbush/Ditmas Park,false,0.0694
hvfhv,89,dropoff,2024,2,154705,Brooklyn,Flatbush/Ditmas Park,false,0.0694
hvfhv,89,dropoff,2024,3,181233,Brooklyn,Flatbush/Ditmas Park,false,0.0694
hvfhv,89,dropoff,2024,4,155382,Brooklyn,Flatbush/Ditmas Park,false,0.0694
hvfhv,89,dropoff,2024,5,163836,Brooklyn,Flatbush/Ditmas Park,false,0.0694
hvfhv,89,dropoff,2024,6,160460,Brooklyn,Flatbush/Ditmas Park,false,0.0694
hvfhv,89,pickup,2023,2,137553,Brooklyn,Flatbush/Ditmas Park,false,0.0575
hvfhv,89,pickup,2023,3,158917,Brooklyn,Flatbush/Ditmas Park,false,0.0575
hvfhv,89,pickup,2023,4,147873,Brooklyn,Flatbush/Ditmas Park,false,0.0575
hvfhv,89,pickup,2023,5,150497,Brooklyn,Flatbush/Ditmas Park,false,0.0575
hvfhv,89,pickup,2023,6,148809,Brooklyn,Flatbush/Ditmas Park,false,0.0575
hvfhv,89,pickup,2024,2,148419,Brooklyn,Flatbush/Ditmas Park,false,0.0575
hvfhv,89,pickup,2024,3,173565,Brooklyn,Flatbush/Ditmas Park,false,0.0575
hvfhv,89,pickup,2024,4,149830,Brooklyn,Flatbush/Ditmas Park,false,0.0575
hvfhv,89,pickup,2024,5,157833,Brooklyn,Flatbush/Ditmas Park,false,0.0575
hvfhv,89,pickup,2024,6,158286,Brooklyn,Flatbush/Ditmas Park,false,0.0575
hvfhv,90,dropoff,2023,2,114922,Manhattan,Flatiron,true,1.0
hvfhv,90,dropoff,2023,3,124141,Manhattan,Flatiron,true,1.0
hvfhv,90,dropoff,2023,4,118311,Manhattan,Flatiron,true,1.0
hvfhv,90,dropoff,2023,5,113440,Manhattan,Flatiron,true,1.0
hvfhv,90,dropoff,2023,6,113211,Manhattan,Flatiron,true,1.0
hvfhv,90,dropoff,2024,2,119142,Manhattan,Flatiron,true,1.0
hvfhv,90,dropoff,2024,3,125746,Manhattan,Flatiron,true,1.0
hvfhv,90,dropoff,2024,4,115507,Manhattan,Flatiron,true,1.0
hvfhv,90,dropoff,2024,5,116481,Manhattan,Flatiron,true,1.0
hvfhv,90,dropoff,2024,6,111452,Manhattan,Flatiron,true,1.0
hvfhv,90,pickup,2023,2,131970,Manhattan,Flatiron,true,1.0
hvfhv,90,pickup,2023,3,143484,Manhattan,Flatiron,true,1.0
hvfhv,90,pickup,2023,4,137712,Manhattan,Flatiron,true,1.0
hvfhv,90,pickup,2023,5,135045,Manhattan,Flatiron,true,1.0
hvfhv,90,pickup,2023,6,137940,Manhattan,Flatiron,true,1.0
hvfhv,90,pickup,2024,2,136246,Manhattan,Flatiron,true,1.0
hvfhv,90,pickup,2024,3,144570,Manhattan,Flatiron,true,1.0
hvfhv,90,pickup,2024,4,133758,Manhattan,Flatiron,true,1.0
hvfhv,90,pickup,2024,5,139659,Manhattan,Flatiron,true,1.0
hvfhv,90,pickup,2024,6,135894,Manhattan,Flatiron,true,1.0
hvfhv,91,dropoff,2023,2,77387,Brooklyn,Flatlands,false,0.0271
hvfhv,91,dropoff,2023,3,89831,Brooklyn,Flatlands,false,0.0271
hvfhv,91,dropoff,2023,4,80663,Brooklyn,Flatlands,false,0.0271
hvfhv,91,dropoff,2023,5,86644,Brooklyn,Flatlands,false,0.0271
hvfhv,91,dropoff,2023,6,84849,Brooklyn,Flatlands,false,0.0271
hvfhv,91,dropoff,2024,2,84971,Brooklyn,Flatlands,false,0.0271
hvfhv,91,dropoff,2024,3,96798,Brooklyn,Flatlands,false,0.0271
hvfhv,91,dropoff,2024,4,87447,Brooklyn,Flatlands,false,0.0271
hvfhv,91,dropoff,2024,5,94189,Brooklyn,Flatlands,false,0.0271
hvfhv,91,dropoff,2024,6,92596,Brooklyn,Flatlands,false,0.0271
hvfhv,91,pickup,2023,2,82153,Brooklyn,Flatlands,false,0.0219
hvfhv,91,pickup,2023,3,95235,Brooklyn,Flatlands,false,0.0219
hvfhv,91,pickup,2023,4,86476,Brooklyn,Flatlands,false,0.0219
hvfhv,91,pickup,2023,5,93066,Brooklyn,Flatlands,false,0.0219
hvfhv,91,pickup,2023,6,91388,Brooklyn,Flatlands,false,0.0219
hvfhv,91,pickup,2024,2,91690,Brooklyn,Flatlands,false,0.0219
hvfhv,91,pickup,2024,3,104861,Brooklyn,Flatlands,false,0.0219
hvfhv,91,pickup,2024,4,93769,Brooklyn,Flatlands,false,0.0219
hvfhv,91,pickup,2024,5,100810,Brooklyn,Flatlands,false,0.0219
hvfhv,91,pickup,2024,6,99790,Brooklyn,Flatlands,false,0.0219
hvfhv,92,dropoff,2023,2,84308,Queens,Flushing,false,0.0713
hvfhv,92,dropoff,2023,3,94183,Queens,Flushing,false,0.0713
hvfhv,92,dropoff,2023,4,87952,Queens,Flushing,false,0.0713
hvfhv,92,dropoff,2023,5,96909,Queens,Flushing,false,0.0713
hvfhv,92,dropoff,2023,6,90380,Queens,Flushing,false,0.0713
hvfhv,92,dropoff,2024,2,94674,Queens,Flushing,false,0.0713
hvfhv,92,dropoff,2024,3,103215,Queens,Flushing,false,0.0713
hvfhv,92,dropoff,2024,4,94384,Queens,Flushing,false,0.0713
hvfhv,92,dropoff,2024,5,102252,Queens,Flushing,false,0.0713
hvfhv,92,dropoff,2024,6,97813,Queens,Flushing,false,0.0713
hvfhv,92,pickup,2023,2,84815,Queens,Flushing,false,0.0641
hvfhv,92,pickup,2023,3,93838,Queens,Flushing,false,0.0641
hvfhv,92,pickup,2023,4,88685,Queens,Flushing,false,0.0641
hvfhv,92,pickup,2023,5,98043,Queens,Flushing,false,0.0641
hvfhv,92,pickup,2023,6,94023,Queens,Flushing,false,0.0641
hvfhv,92,pickup,2024,2,96877,Queens,Flushing,false,0.0641
hvfhv,92,pickup,2024,3,104237,Queens,Flushing,false,0.0641
hvfhv,92,pickup,2024,4,95311,Queens,Flushing,false,0.0641
hvfhv,92,pickup,2024,5,104640,Queens,Flushing,false,0.0641
hvfhv,92,pickup,2024,6,99006,Queens,Flushing,false,0.0641
hvfhv,93,dropoff,2023,2,6621,Queens,Flushing Meadows-Corona Park,false,0.1053
hvfhv,93,dropoff,2023,3,8401,Queens,Flushing Meadows-Corona Park,false,0.1053
hvfhv,93,dropoff,2023,4,16727,Queens,Flushing Meadows-Corona Park,false,0.1053
hvfhv,93,dropoff,2023,5,25722,Queens,Flushing Meadows-Corona Park,false,0.1053
hvfhv,93,dropoff,2023,6,41684,Queens,Flushing Meadows-Corona Park,false,0.1053
hvfhv,93,dropoff,2024,2,7715,Queens,Flushing Meadows-Corona Park,false,0.1053
hvfhv,93,dropoff,2024,3,11965,Queens,Flushing Meadows-Corona Park,false,0.1053
hvfhv,93,dropoff,2024,4,18796,Queens,Flushing Meadows-Corona Park,false,0.1053
hvfhv,93,dropoff,2024,5,29796,Queens,Flushing Meadows-Corona Park,false,0.1053
hvfhv,93,dropoff,2024,6,39200,Queens,Flushing Meadows-Corona Park,false,0.1053
hvfhv,93,pickup,2023,2,4987,Queens,Flushing Meadows-Corona Park,false,0.1172
hvfhv,93,pickup,2023,3,6189,Queens,Flushing Meadows-Corona Park,false,0.1172
hvfhv,93,pickup,2023,4,12533,Queens,Flushing Meadows-Corona Park,false,0.1172
hvfhv,93,pickup,2023,5,19629,Queens,Flushing Meadows-Corona Park,false,0.1172
hvfhv,93,pickup,2023,6,26505,Queens,Flushing Meadows-Corona Park,false,0.1172
hvfhv,93,pickup,2024,2,5330,Queens,Flushing Meadows-Corona Park,false,0.1172
hvfhv,93,pickup,2024,3,7751,Queens,Flushing Meadows-Corona Park,false,0.1172
hvfhv,93,pickup,2024,4,13163,Queens,Flushing Meadows-Corona Park,false,0.1172
hvfhv,93,pickup,2024,5,21141,Queens,Flushing Meadows-Corona Park,false,0.1172
hvfhv,93,pickup,2024,6,25026,Queens,Flushing Meadows-Corona Park,false,0.1172
hvfhv,94,dropoff,2023,2,34454,Bronx,Fordham South,false,0.0321
hvfhv,94,dropoff,2023,3,40573,Bronx,Fordham South,false,0.0321
hvfhv,94,dropoff,2023,4,35842,Bronx,Fordham South,false,0.0321
hvfhv,94,dropoff,2023,5,36697,Bronx,Fordham South,false,0.0321
hvfhv,94,dropoff,2023,6,34747,Bronx,Fordham South,false,0.0321
hvfhv,94,dropoff,2024,2,38672,Bronx,Fordham South,false,0.0321
hvfhv,94,dropoff,2024,3,43232,Bronx,Fordham South,false,0.0321
hvfhv,94,dropoff,2024,4,38334,Bronx,Fordham South,false,0.0321
hvfhv,94,dropoff,2024,5,38317,Bronx,Fordham South,false,0.0321
hvfhv,94,dropoff,2024,6,37826,Bronx,Fordham South,false,0.0321
hvfhv,94,pickup,2023,2,37194,Bronx,Fordham South,false,0.0288
hvfhv,94,pickup,2023,3,43961,Bronx,Fordham South,false,0.0288
hvfhv,94,pickup,2023,4,38765,Bronx,Fordham South,false,0.0288
hvfhv,94,pickup,2023,5,38886,Bronx,Fordham South,false,0.0288
hvfhv,94,pickup,2023,6,37583,Bronx,Fordham South,false,0.0288
hvfhv,94,pickup,2024,2,41553,Bronx,Fordham South,false,0.0288
hvfhv,94,pickup,2024,3,46920,Bronx,Fordham South,false,0.0288
hvfhv,94,pickup,2024,4,41777,Bronx,Fordham South,false,0.0288
hvfhv,94,pickup,2024,5,41633,Bronx,Fordham South,false,0.0288
hvfhv,94,pickup,2024,6,40775,Bronx,Fordham South,false,0.0288
hvfhv,95,dropoff,2023,2,111477,Queens,Forest Hills,false,0.0799
hvfhv,95,dropoff,2023,3,129790,Queens,Forest Hills,false,0.0799
hvfhv,95,dropoff,2023,4,116863,Queens,Forest Hills,false,0.0799
hvfhv,95,dropoff,2023,5,130279,Queens,Forest Hills,false,0.0799
hvfhv,95,dropoff,2023,6,132463,Queens,Forest Hills,false,0.0799
hvfhv,95,dropoff,2024,2,127711,Queens,Forest Hills,false,0.0799
hvfhv,95,dropoff,2024,3,140442,Queens,Forest Hills,false,0.0799
hvfhv,95,dropoff,2024,4,129320,Queens,Forest Hills,false,0.0799
hvfhv,95,dropoff,2024,5,141748,Queens,Forest Hills,false,0.0799
hvfhv,95,dropoff,2024,6,138585,Queens,Forest Hills,false,0.0799
hvfhv,95,pickup,2023,2,107684,Queens,Forest Hills,false,0.0566
hvfhv,95,pickup,2023,3,123236,Queens,Forest Hills,false,0.0566
hvfhv,95,pickup,2023,4,112392,Queens,Forest Hills,false,0.0566
hvfhv,95,pickup,2023,5,123877,Queens,Forest Hills,false,0.0566
hvfhv,95,pickup,2023,6,129023,Queens,Forest Hills,false,0.0566
hvfhv,95,pickup,2024,2,123804,Queens,Forest Hills,false,0.0566
hvfhv,95,pickup,2024,3,135002,Queens,Forest Hills,false,0.0566
hvfhv,95,pickup,2024,4,124458,Queens,Forest Hills,false,0.0566
hvfhv,95,pickup,2024,5,136835,Queens,Forest Hills,false,0.0566
hvfhv,95,pickup,2024,6,136308,Queens,Forest Hills,false,0.0566
hvfhv,96,dropoff,2023,2,2164,Queens,Forest Park/Highland Park,false,0.0742
hvfhv,96,dropoff,2023,3,2461,Queens,Forest Park/Highland Park,false,0.0742
hvfhv,96,dropoff,2023,4,2958,Queens,Forest Park/Highland Park,false,0.0742
hvfhv,96,dropoff,2023,5,3662,Queens,Forest Park/Highland Park,false,0.0742
hvfhv,96,dropoff,2023,6,3868,Queens,Forest Park/Highland Park,false,0.0742
hvfhv,96,dropoff,2024,2,2460,Queens,Forest Park/Highland Park,false,0.0742
hvfhv,96,dropoff,2024,3,3120,Queens,Forest Park/Highland Park,false,0.0742
hvfhv,96,dropoff,2024,4,3335,Queens,Forest Park/Highland Park,false,0.0742
hvfhv,96,dropoff,2024,5,3848,Queens,Forest Park/Highland Park,false,0.0742
hvfhv,96,dropoff,2024,6,4788,Queens,Forest Park/Highland Park,false,0.0742
hvfhv,96,pickup,2023,2,1786,Queens,Forest Park/Highland Park,false,0.0666
hvfhv,96,pickup,2023,3,2169,Queens,Forest Park/Highland Park,false,0.0666
hvfhv,96,pickup,2023,4,2378,Queens,Forest Park/Highland Park,false,0.0666
hvfhv,96,pickup,2023,5,2991,Queens,Forest Park/Highland Park,false,0.0666
hvfhv,96,pickup,2023,6,3202,Queens,Forest Park/Highland Park,false,0.0666
hvfhv,96,pickup,2024,2,2134,Queens,Forest Park/Highland Park,false,0.0666
hvfhv,96,pickup,2024,3,2647,Queens,Forest Park/Highland Park,false,0.0666
hvfhv,96,pickup,2024,4,2904,Queens,Forest Park/Highland Park,false,0.0666
hvfhv,96,pickup,2024,5,3340,Queens,Forest Park/Highland Park,false,0.0666
hvfhv,96,pickup,2024,6,3903,Queens,Forest Park/Highland Park,false,0.0666
hvfhv,97,dropoff,2023,2,108591,Brooklyn,Fort Greene,false,0.1687
hvfhv,97,dropoff,2023,3,124088,Brooklyn,Fort Greene,false,0.1687
hvfhv,97,dropoff,2023,4,117306,Brooklyn,Fort Greene,false,0.1687
hvfhv,97,dropoff,2023,5,116846,Brooklyn,Fort Greene,false,0.1687
hvfhv,97,dropoff,2023,6,115480,Brooklyn,Fort Greene,false,0.1687
hvfhv,97,dropoff,2024,2,118699,Brooklyn,Fort Greene,false,0.1687
hvfhv,97,dropoff,2024,3,135481,Brooklyn,Fort Greene,false,0.1687
hvfhv,97,dropoff,2024,4,123826,Brooklyn,Fort Greene,false,0.1687
hvfhv,97,dropoff,2024,5,128320,Brooklyn,Fort Greene,false,0.1687
hvfhv,97,dropoff,2024,6,128598,Brooklyn,Fort Greene,false,0.1687
hvfhv,97,pickup,2023,2,113187,Brooklyn,Fort Greene,false,0.1572
hvfhv,97,pickup,2023,3,129860,Brooklyn,Fort Greene,false,0.1572
hvfhv,97,pickup,2023,4,120673,Brooklyn,Fort Greene,false,0.1572
hvfhv,97,pickup,2023,5,122165,Brooklyn,Fort Greene,false,0.1572
hvfhv,97,pickup,2023,6,118424,Brooklyn,Fort Greene,false,0.1572
hvfhv,97,pickup,2024,2,125245,Brooklyn,Fort Greene,false,0.1572
hvfhv,97,pickup,2024,3,139913,Brooklyn,Fort Greene,false,0.1572
hvfhv,97,pickup,2024,4,129429,Brooklyn,Fort Greene,false,0.1572
hvfhv,97,pickup,2024,5,133490,Brooklyn,Fort Greene,false,0.1572
hvfhv,97,pickup,2024,6,133169,Brooklyn,Fort Greene,false,0.1572
hvfhv,98,dropoff,2023,2,13884,Queens,Fresh Meadows,false,0.0421
hvfhv,98,dropoff,2023,3,16939,Queens,Fresh Meadows,false,0.0421
hvfhv,98,dropoff,2023,4,14934,Queens,Fresh Meadows,false,0.0421
hvfhv,98,dropoff,2023,5,17389,Queens,Fresh Meadows,false,0.0421
hvfhv,98,dropoff,2023,6,17252,Queens,Fresh Meadows,false,0.0421
hvfhv,98,dropoff,2024,2,16007,Queens,Fresh Meadows,false,0.0421
hvfhv,98,dropoff,2024,3,18113,Queens,Fresh Meadows,false,0.0421
hvfhv,98,dropoff,2024,4,17112,Queens,Fresh Meadows,false,0.0421
hvfhv,98,dropoff,2024,5,18728,Queens,Fresh Meadows,false,0.0421
hvfhv,98,dropoff,2024,6,18821,Queens,Fresh Meadows,false,0.0421
hvfhv,98,pickup,2023,2,14819,Queens,Fresh Meadows,false,0.0318
hvfhv,98,pickup,2023,3,17619,Queens,Fresh Meadows,false,0.0318
hvfhv,98,pickup,2023,4,15652,Queens,Fresh Meadows,false,0.0318
hvfhv,98,pickup,2023,5,17867,Queens,Fresh Meadows,false,0.0318
hvfhv,98,pickup,2023,6,17031,Queens,Fresh Meadows,false,0.0318
hvfhv,98,pickup,2024,2,16200,Queens,Fresh Meadows,false,0.0318
hvfhv,98,pickup,2024,3,18317,Queens,Fresh Meadows,false,0.0318
hvfhv,98,pickup,2024,4,16909,Queens,Fresh Meadows,false,0.0318
hvfhv,98,pickup,2024,5,18268,Queens,Fresh Meadows,false,0.0318
hvfhv,98,pickup,2024,6,18052,Queens,Fresh Meadows,false,0.0318
hvfhv,99,dropoff,2023,2,400,Staten Island,Freshkills Park,false,0.0209
hvfhv,99,dropoff,2023,3,482,Staten Island,Freshkills Park,false,0.0209
hvfhv,99,dropoff,2023,4,411,Staten Island,Freshkills Park,false,0.0209
hvfhv,99,dropoff,2023,5,468,Staten Island,Freshkills Park,false,0.0209
hvfhv,99,dropoff,2023,6,488,Staten Island,Freshkills Park,false,0.0209
hvfhv,99,dropoff,2024,2,527,Staten Island,Freshkills Park,false,0.0209
hvfhv,99,dropoff,2024,3,575,Staten Island,Freshkills Park,false,0.0209
hvfhv,99,dropoff,2024,4,491,Staten Island,Freshkills Park,false,0.0209
hvfhv,99,dropoff,2024,5,491,Staten Island,Freshkills Park,false,0.0209
hvfhv,99,dropoff,2024,6,535,Staten Island,Freshkills Park,false,0.0209
hvfhv,99,pickup,2023,2,339,Staten Island,Freshkills Park,false,0.0062
hvfhv,99,pickup,2023,3,404,Staten Island,Freshkills Park,false,0.0062
hvfhv,99,pickup,2023,4,377,Staten Island,Freshkills Park,false,0.0062
hvfhv,99,pickup,2023,5,389,Staten Island,Freshkills Park,false,0.0062
hvfhv,99,pickup,2023,6,428,Staten Island,Freshkills Park,false,0.0062
hvfhv,99,pickup,2024,2,418,Staten Island,Freshkills Park,false,0.0062
hvfhv,99,pickup,2024,3,447,Staten Island,Freshkills Park,false,0.0062
hvfhv,99,pickup,2024,4,427,Staten Island,Freshkills Park,false,0.0062
hvfhv,99,pickup,2024,5,436,Staten Island,Freshkills Park,false,0.0062
hvfhv,99,pickup,2024,6,460,Staten Island,Freshkills Park,false,0.0062
hvfhv,100,dropoff,2023,2,103158,Manhattan,Garment District,true,1.0
hvfhv,100,dropoff,2023,3,110636,Manhattan,Garment District,true,1.0
hvfhv,100,dropoff,2023,4,105794,Manhattan,Garment District,true,1.0
hvfhv,100,dropoff,2023,5,104184,Manhattan,Garment District,true,1.0
hvfhv,100,dropoff,2023,6,98974,Manhattan,Garment District,true,1.0
hvfhv,100,dropoff,2024,2,91002,Manhattan,Garment District,true,1.0
hvfhv,100,dropoff,2024,3,97850,Manhattan,Garment District,true,1.0
hvfhv,100,dropoff,2024,4,89130,Manhattan,Garment District,true,1.0
hvfhv,100,dropoff,2024,5,95000,Manhattan,Garment District,true,1.0
hvfhv,100,dropoff,2024,6,92781,Manhattan,Garment District,true,1.0
hvfhv,100,pickup,2023,2,110802,Manhattan,Garment District,true,1.0
hvfhv,100,pickup,2023,3,123927,Manhattan,Garment District,true,1.0
hvfhv,100,pickup,2023,4,114605,Manhattan,Garment District,true,1.0
hvfhv,100,pickup,2023,5,121552,Manhattan,Garment District,true,1.0
hvfhv,100,pickup,2023,6,121744,Manhattan,Garment District,true,1.0
hvfhv,100,pickup,2024,2,110123,Manhattan,Garment District,true,1.0
hvfhv,100,pickup,2024,3,119191,Manhattan,Garment District,true,1.0
hvfhv,100,pickup,2024,4,108158,Manhattan,Garment District,true,1.0
hvfhv,100,pickup,2024,5,118328,Manhattan,Garment District,true,1.0
hvfhv,100,pickup,2024,6,115594,Manhattan,Garment District,true,1.0
hvfhv,101,dropoff,2023,2,10320,Queens,Glen Oaks,false,0.0446
hvfhv,101,dropoff,2023,3,12205,Queens,Glen Oaks,false,0.0446
hvfhv,101,dropoff,2023,4,10901,Queens,Glen Oaks,false,0.0446
hvfhv,101,dropoff,2023,5,11729,Queens,Glen Oaks,false,0.0446
hvfhv,101,dropoff,2023,6,11377,Queens,Glen Oaks,false,0.0446
hvfhv,101,dropoff,2024,2,11995,Queens,Glen Oaks,false,0.0446
hvfhv,101,dropoff,2024,3,12822,Queens,Glen Oaks,false,0.0446
hvfhv,101,dropoff,2024,4,11984,Queens,Glen Oaks,false,0.0446
hvfhv,101,dropoff,2024,5,12538,Queens,Glen Oaks,false,0.0446
hvfhv,101,dropoff,2024,6,12089,Queens,Glen Oaks,false,0.0446
hvfhv,101,pickup,2023,2,13868,Queens,Glen Oaks,false,0.0236
hvfhv,101,pickup,2023,3,16361,Queens,Glen Oaks,false,0.0236
hvfhv,101,pickup,2023,4,14940,Queens,Glen Oaks,false,0.0236
hvfhv,101,pickup,2023,5,16378,Queens,Glen Oaks,false,0.0236
hvfhv,101,pickup,2023,6,15540,Queens,Glen Oaks,false,0.0236
hvfhv,101,pickup,2024,2,16080,Queens,Glen Oaks,false,0.0236
hvfhv,101,pickup,2024,3,17231,Queens,Glen Oaks,false,0.0236
hvfhv,101,pickup,2024,4,16635,Queens,Glen Oaks,false,0.0236
hvfhv,101,pickup,2024,5,17244,Queens,Glen Oaks,false,0.0236
hvfhv,101,pickup,2024,6,16681,Queens,Glen Oaks,false,0.0236
hvfhv,102,dropoff,2023,2,38661,Queens,Glendale,false,0.0462
hvfhv,102,dropoff,2023,3,44440,Queens,Glendale,false,0.0462
hvfhv,102,dropoff,2023,4,42642,Queens,Glendale,false,0.0462
hvfhv,102,dropoff,2023,5,43450,Queens,Glendale,false,0.0462
hvfhv,102,dropoff,2023,6,43046,Queens,Glendale,false,0.0462
hvfhv,102,dropoff,2024,2,42837,Queens,Glendale,false,0.0462
hvfhv,102,dropoff,2024,3,48345,Queens,Glendale,false,0.0462
hvfhv,102,dropoff,2024,4,44161,Queens,Glendale,false,0.0462
hvfhv,102,dropoff,2024,5,46828,Queens,Glendale,false,0.0462
hvfhv,102,dropoff,2024,6,47168,Queens,Glendale,false,0.0462
hvfhv,102,pickup,2023,2,39443,Queens,Glendale,false,0.0346
hvfhv,102,pickup,2023,3,45487,Queens,Glendale,false,0.0346
hvfhv,102,pickup,2023,4,43373,Queens,Glendale,false,0.0346
hvfhv,102,pickup,2023,5,44937,Queens,Glendale,false,0.0346
hvfhv,102,pickup,2023,6,44496,Queens,Glendale,false,0.0346
hvfhv,102,pickup,2024,2,43467,Queens,Glendale,false,0.0346
hvfhv,102,pickup,2024,3,49513,Queens,Glendale,false,0.0346
hvfhv,102,pickup,2024,4,44917,Queens,Glendale,false,0.0346
hvfhv,102,pickup,2024,5,48213,Queens,Glendale,false,0.0346
hvfhv,102,pickup,2024,6,47624,Queens,Glendale,false,0.0346
hvfhv,104,dropoff,2024,3,1,Manhattan,Governor's Island/Ellis Island/Liberty Island,false,
hvfhv,105,dropoff,2023,2,8,Manhattan,Governor's Island/Ellis Island/Liberty Island,false,0.625
hvfhv,105,dropoff,2023,3,7,Manhattan,Governor's Island/Ellis Island/Liberty Island,false,0.625
hvfhv,105,dropoff,2023,4,8,Manhattan,Governor's Island/Ellis Island/Liberty Island,false,0.625
hvfhv,105,dropoff,2023,5,7,Manhattan,Governor's Island/Ellis Island/Liberty Island,false,0.625
hvfhv,105,dropoff,2023,6,10,Manhattan,Governor's Island/Ellis Island/Liberty Island,false,0.625
hvfhv,105,dropoff,2024,2,7,Manhattan,Governor's Island/Ellis Island/Liberty Island,false,0.625
hvfhv,105,dropoff,2024,3,10,Manhattan,Governor's Island/Ellis Island/Liberty Island,false,0.625
hvfhv,105,dropoff,2024,4,9,Manhattan,Governor's Island/Ellis Island/Liberty Island,false,0.625
hvfhv,105,dropoff,2024,5,6,Manhattan,Governor's Island/Ellis Island/Liberty Island,false,0.625
hvfhv,105,dropoff,2024,6,3,Manhattan,Governor's Island/Ellis Island/Liberty Island,false,0.625
hvfhv,105,pickup,2023,2,5,Manhattan,Governor's Island/Ellis Island/Liberty Island,false,0.5
hvfhv,105,pickup,2023,3,4,Manhattan,Governor's Island/Ellis Island/Liberty Island,false,0.5
hvfhv,105,pickup,2023,4,3,Manhattan,Governor's Island/Ellis Island/Liberty Island,false,0.5
hvfhv,105,pickup,2023,5,7,Manhattan,Governor's Island/Ellis Island/Liberty Island,false,0.5
hvfhv,105,pickup,2023,6,5,Manhattan,Governor's Island/Ellis Island/Liberty Island,false,0.5
hvfhv,105,pickup,2024,2,3,Manhattan,Governor's Island/Ellis Island/Liberty Island,false,0.5
hvfhv,105,pickup,2024,3,2,Manhattan,Governor's Island/Ellis Island/Liberty Island,false,0.5
hvfhv,105,pickup,2024,4,1,Manhattan,Governor's Island/Ellis Island/Liberty Island,false,0.5
hvfhv,105,pickup,2024,5,1,Manhattan,Governor's Island/Ellis Island/Liberty Island,false,0.5
hvfhv,105,pickup,2024,6,5,Manhattan,Governor's Island/Ellis Island/Liberty Island,false,0.5
hvfhv,106,dropoff,2023,2,33646,Brooklyn,Gowanus,false,0.1268
hvfhv,106,dropoff,2023,3,37976,Brooklyn,Gowanus,false,0.1268
hvfhv,106,dropoff,2023,4,35785,Brooklyn,Gowanus,false,0.1268
hvfhv,106,dropoff,2023,5,36359,Brooklyn,Gowanus,false,0.1268
hvfhv,106,dropoff,2023,6,35305,Brooklyn,Gowanus,false,0.1268
hvfhv,106,dropoff,2024,2,35991,Brooklyn,Gowanus,false,0.1268
hvfhv,106,dropoff,2024,3,40052,Brooklyn,Gowanus,false,0.1268
hvfhv,106,dropoff,2024,4,36742,Brooklyn,Gowanus,false,0.1268
hvfhv,106,dropoff,2024,5,38357,Brooklyn,Gowanus,false,0.1268
hvfhv,106,dropoff,2024,6,37589,Brooklyn,Gowanus,false,0.1268
hvfhv,106,pickup,2023,2,37336,Brooklyn,Gowanus,false,0.1114
hvfhv,106,pickup,2023,3,42201,Brooklyn,Gowanus,false,0.1114
hvfhv,106,pickup,2023,4,38899,Brooklyn,Gowanus,false,0.1114
hvfhv,106,pickup,2023,5,40590,Brooklyn,Gowanus,false,0.1114
hvfhv,106,pickup,2023,6,38805,Brooklyn,Gowanus,false,0.1114
hvfhv,106,pickup,2024,2,38726,Brooklyn,Gowanus,false,0.1114
hvfhv,106,pickup,2024,3,44228,Brooklyn,Gowanus,false,0.1114
hvfhv,106,pickup,2024,4,40900,Brooklyn,Gowanus,false,0.1114
hvfhv,106,pickup,2024,5,41579,Brooklyn,Gowanus,false,0.1114
hvfhv,106,pickup,2024,6,40596,Brooklyn,Gowanus,false,0.1114
hvfhv,107,dropoff,2023,2,146076,Manhattan,Gramercy,true,1.0
hvfhv,107,dropoff,2023,3,158442,Manhattan,Gramercy,true,1.0
hvfhv,107,dropoff,2023,4,149854,Manhattan,Gramercy,true,1.0
hvfhv,107,dropoff,2023,5,140169,Manhattan,Gramercy,true,1.0
hvfhv,107,dropoff,2023,6,137471,Manhattan,Gramercy,true,1.0
hvfhv,107,dropoff,2024,2,143167,Manhattan,Gramercy,true,1.0
hvfhv,107,dropoff,2024,3,151511,Manhattan,Gramercy,true,1.0
hvfhv,107,dropoff,2024,4,140013,Manhattan,Gramercy,true,1.0
hvfhv,107,dropoff,2024,5,139286,Manhattan,Gramercy,true,1.0
hvfhv,107,dropoff,2024,6,132082,Manhattan,Gramercy,true,1.0
hvfhv,107,pickup,2023,2,160798,Manhattan,Gramercy,true,1.0
hvfhv,107,pickup,2023,3,177172,Manhattan,Gramercy,true,1.0
hvfhv,107,pickup,2023,4,168969,Manhattan,Gramercy,true,1.0
hvfhv,107,pickup,2023,5,161080,Manhattan,Gramercy,true,1.0
hvfhv,107,pickup,2023,6,157627,Manhattan,Gramercy,true,1.0
hvfhv,107,pickup,2024,2,161494,Manhattan,Gramercy,true,1.0
hvfhv,107,pickup,2024,3,171061,Manhattan,Gramercy,true,1.0
hvfhv,107,pickup,2024,4,159147,Manhattan,Gramercy,true,1.0
hvfhv,107,pickup,2024,5,162473,Manhattan,Gramercy,true,1.0
hvfhv,107,pickup,2024,6,153997,Manhattan,Gramercy,true,1.0
hvfhv,108,dropoff,2023,2,23347,Brooklyn,Gravesend,false,0.034
hvfhv,108,dropoff,2023,3,27320,Brooklyn,Gravesend,false,0.034
hvfhv,108,dropoff,2023,4,23392,Brooklyn,Gravesend,false,0.034
hvfhv,108,dropoff,2023,5,26198,Brooklyn,Gravesend,false,0.034
hvfhv,108,dropoff,2023,6,25306,Brooklyn,Gravesend,false,0.034
hvfhv,108,dropoff,2024,2,26356,Brooklyn,Gravesend,false,0.034
hvfhv,108,dropoff,2024,3,29739,Brooklyn,Gravesend,false,0.034
hvfhv,108,dropoff,2024,4,26402,Brooklyn,Gravesend,false,0.034
hvfhv,108,dropoff,2024,5,28257,Brooklyn,Gravesend,false,0.034
hvfhv,108,dropoff,2024,6,27162,Brooklyn,Gravesend,false,0.034
hvfhv,108,pickup,2023,2,23691,Brooklyn,Gravesend,false,0.0295
hvfhv,108,pickup,2023,3,27778,Brooklyn,Gravesend,false,0.0295
hvfhv,108,pickup,2023,4,23984,Brooklyn,Gravesend,false,0.0295
hvfhv,108,pickup,2023,5,26282,Brooklyn,Gravesend,false,0.0295
hvfhv,108,pickup,2023,6,25513,Brooklyn,Gravesend,false,0.0295
hvfhv,108,pickup,2024,2,26047,Brooklyn,Gravesend,false,0.0295
hvfhv,108,pickup,2024,3,29747,Brooklyn,Gravesend,false,0.0295
hvfhv,108,pickup,2024,4,26709,Brooklyn,Gravesend,false,0.0295
hvfhv,108,pickup,2024,5,28216,Brooklyn,Gravesend,false,0.0295
hvfhv,108,pickup,2024,6,26950,Brooklyn,Gravesend,false,0.0295
hvfhv,109,dropoff,2023,2,9902,Staten Island,Great Kills,false,0.0382
hvfhv,109,dropoff,2023,3,11283,Staten Island,Great Kills,false,0.0382
hvfhv,109,dropoff,2023,4,10593,Staten Island,Great Kills,false,0.0382
hvfhv,109,dropoff,2023,5,11783,Staten Island,Great Kills,false,0.0382
hvfhv,109,dropoff,2023,6,11294,Staten Island,Great Kills,false,0.0382
hvfhv,109,dropoff,2024,2,11066,Staten Island,Great Kills,false,0.0382
hvfhv,109,dropoff,2024,3,12912,Staten Island,Great Kills,false,0.0382
hvfhv,109,dropoff,2024,4,11467,Staten Island,Great Kills,false,0.0382
hvfhv,109,dropoff,2024,5,12617,Staten Island,Great Kills,false,0.0382
hvfhv,109,dropoff,2024,6,12855,Staten Island,Great Kills,false,0.0382
hvfhv,109,pickup,2023,2,10623,Staten Island,Great Kills,false,0.0185
hvfhv,109,pickup,2023,3,12129,Staten Island,Great Kills,false,0.0185
hvfhv,109,pickup,2023,4,11423,Staten Island,Great Kills,false,0.0185
hvfhv,109,pickup,2023,5,12620,Staten Island,Great Kills,false,0.0185
hvfhv,109,pickup,2023,6,12211,Staten Island,Great Kills,false,0.0185
hvfhv,109,pickup,2024,2,11948,Staten Island,Great Kills,false,0.0185
hvfhv,109,pickup,2024,3,13980,Staten Island,Great Kills,false,0.0185
hvfhv,109,pickup,2024,4,12503,Staten Island,Great Kills,false,0.0185
hvfhv,109,pickup,2024,5,13602,Staten Island,Great Kills,false,0.0185
hvfhv,109,pickup,2024,6,13750,Staten Island,Great Kills,false,0.0185
hvfhv,110,dropoff,2023,2,41,Staten Island,Great Kills Park,false,0.0052
hvfhv,110,dropoff,2023,3,61,Staten Island,Great Kills Park,false,0.0052
hvfhv,110,dropoff,2023,4,87,Staten Island,Great Kills Park,false,0.0052
hvfhv,110,dropoff,2023,5,103,Staten Island,Great Kills Park,false,0.0052
hvfhv,110,dropoff,2023,6,94,Staten Island,Great Kills Park,false,0.0052
hvfhv,110,dropoff,2024,2,53,Staten Island,Great Kills Park,false,0.0052
hvfhv,110,dropoff,2024,3,60,Staten Island,Great Kills Park,false,0.0052
hvfhv,110,dropoff,2024,4,63,Staten Island,Great Kills Park,false,0.0052
hvfhv,110,dropoff,2024,5,86,Staten Island,Great Kills Park,false,0.0052
hvfhv,110,dropoff,2024,6,101,Staten Island,Great Kills Park,false,0.0052
hvfhv,110,pickup,2023,2,24,Staten Island,Great Kills Park,false,0.0451
hvfhv,110,pickup,2023,3,17,Staten Island,Great Kills Park,false,0.0451
hvfhv,110,pickup,2023,4,33,Staten Island,Great Kills Park,false,0.0451
hvfhv,110,pickup,2023,5,25,Staten Island,Great Kills Park,false,0.0451
hvfhv,110,pickup,2023,6,34,Staten Island,Great Kills Park,false,0.0451
hvfhv,110,pickup,2024,2,25,Staten Island,Great Kills Park,false,0.0451
hvfhv,110,pickup,2024,3,26,Staten Island,Great Kills Park,false,0.0451
hvfhv,110,pickup,2024,4,37,Staten Island,Great Kills Park,false,0.0451
hvfhv,110,pickup,2024,5,47,Staten Island,Great Kills Park,false,0.0451
hvfhv,110,pickup,2024,6,71,Staten Island,Great Kills Park,false,0.0451
hvfhv,111,dropoff,2023,2,570,Brooklyn,Green-Wood Cemetery,false,0.0974
hvfhv,111,dropoff,2023,3,641,Brooklyn,Green-Wood Cemetery,false,0.0974
hvfhv,111,dropoff,2023,4,727,Brooklyn,Green-Wood Cemetery,false,0.0974
hvfhv,111,dropoff,2023,5,897,Brooklyn,Green-Wood Cemetery,false,0.0974
hvfhv,111,dropoff,2023,6,769,Brooklyn,Green-Wood Cemetery,false,0.0974
hvfhv,111,dropoff,2024,2,754,Brooklyn,Green-Wood Cemetery,false,0.0974
hvfhv,111,dropoff,2024,3,891,Brooklyn,Green-Wood Cemetery,false,0.0974
hvfhv,111,dropoff,2024,4,933,Brooklyn,Green-Wood Cemetery,false,0.0974
hvfhv,111,dropoff,2024,5,1003,Brooklyn,Green-Wood Cemetery,false,0.0974
hvfhv,111,dropoff,2024,6,928,Brooklyn,Green-Wood Cemetery,false,0.0974
hvfhv,111,pickup,2023,2,471,Brooklyn,Green-Wood Cemetery,false,0.0948
hvfhv,111,pickup,2023,3,555,Brooklyn,Green-Wood Cemetery,false,0.0948
hvfhv,111,pickup,2023,4,612,Brooklyn,Green-Wood Cemetery,false,0.0948
hvfhv,111,pickup,2023,5,826,Brooklyn,Green-Wood Cemetery,false,0.0948
hvfhv,111,pickup,2023,6,838,Brooklyn,Green-Wood Cemetery,false,0.0948
hvfhv,111,pickup,2024,2,577,Brooklyn,Green-Wood Cemetery,false,0.0948
hvfhv,111,pickup,2024,3,753,Brooklyn,Green-Wood Cemetery,false,0.0948
hvfhv,111,pickup,2024,4,864,Brooklyn,Green-Wood Cemetery,false,0.0948
hvfhv,111,pickup,2024,5,973,Brooklyn,Green-Wood Cemetery,false,0.0948
hvfhv,111,pickup,2024,6,906,Brooklyn,Green-Wood Cemetery,false,0.0948
hvfhv,112,dropoff,2023,2,156370,Brooklyn,Greenpoint,false,0.2285
hvfhv,112,dropoff,2023,3,170043,Brooklyn,Greenpoint,false,0.2285
hvfhv,112,dropoff,2023,4,174762,Brooklyn,Greenpoint,false,0.2285
hvfhv,112,dropoff,2023,5,166788,Brooklyn,Greenpoint,false,0.2285
hvfhv,112,dropoff,2023,6,162614,Brooklyn,Greenpoint,false,0.2285
hvfhv,112,dropoff,2024,2,177852,Brooklyn,Greenpoint,false,0.2285
hvfhv,112,dropoff,2024,3,194020,Brooklyn,Greenpoint,false,0.2285
hvfhv,112,dropoff,2024,4,179250,Brooklyn,Greenpoint,false,0.2285
hvfhv,112,dropoff,2024,5,192299,Brooklyn,Greenpoint,false,0.2285
hvfhv,112,dropoff,2024,6,193453,Brooklyn,Greenpoint,false,0.2285
hvfhv,112,pickup,2023,2,158050,Brooklyn,Greenpoint,false,0.2112
hvfhv,112,pickup,2023,3,171756,Brooklyn,Greenpoint,false,0.2112
hvfhv,112,pickup,2023,4,179318,Brooklyn,Greenpoint,false,0.2112
hvfhv,112,pickup,2023,5,171119,Brooklyn,Greenpoint,false,0.2112
hvfhv,112,pickup,2023,6,168305,Brooklyn,Greenpoint,false,0.2112
hvfhv,112,pickup,2024,2,178566,Brooklyn,Greenpoint,false,0.2112
hvfhv,112,pickup,2024,3,197428,Brooklyn,Greenpoint,false,0.2112
hvfhv,112,pickup,2024,4,180530,Brooklyn,Greenpoint,false,0.2112
hvfhv,112,pickup,2024,5,196181,Brooklyn,Greenpoint,false,0.2112
hvfhv,112,pickup,2024,6,198795,Brooklyn,Greenpoint,false,0.2112
hvfhv,113,dropoff,2023,2,116177,Manhattan,Greenwich Village North,true,1.0
hvfhv,113,dropoff,2023,3,120789,Manhattan,Greenwich Village North,true,1.0
hvfhv,113,dropoff,2023,4,116669,Manhattan,Greenwich Village North,true,1.0
hvfhv,113,dropoff,2023,5,106152,Manhattan,Greenwich Village North,true,1.0
hvfhv,113,dropoff,2023,6,94728,Manhattan,Greenwich Village North,true,1.0
hvfhv,113,dropoff,2024,2,116517,Manhattan,Greenwich Village North,true,1.0
hvfhv,113,dropoff,2024,3,118243,Manhattan,Greenwich Village North,true,1.0
hvfhv,113,dropoff,2024,4,117005,Manhattan,Greenwich Village North,true,1.0
hvfhv,113,dropoff,2024,5,105987,Manhattan,Greenwich Village North,true,1.0
hvfhv,113,dropoff,2024,6,91540,Manhattan,Greenwich Village North,true,1.0
hvfhv,113,pickup,2023,2,129781,Manhattan,Greenwich Village North,true,1.0
hvfhv,113,pickup,2023,3,137924,Manhattan,Greenwich Village North,true,1.0
hvfhv,113,pickup,2023,4,134813,Manhattan,Greenwich Village North,true,1.0
hvfhv,113,pickup,2023,5,127274,Manhattan,Greenwich Village North,true,1.0
hvfhv,113,pickup,2023,6,115228,Manhattan,Greenwich Village North,true,1.0
hvfhv,113,pickup,2024,2,133324,Manhattan,Greenwich Village North,true,1.0
hvfhv,113,pickup,2024,3,136274,Manhattan,Greenwich Village North,true,1.0
hvfhv,113,pickup,2024,4,133726,Manhattan,Greenwich Village North,true,1.0
hvfhv,113,pickup,2024,5,128252,Manhattan,Greenwich Village North,true,1.0
hvfhv,113,pickup,2024,6,113016,Manhattan,Greenwich Village North,true,1.0
hvfhv,114,dropoff,2023,2,123883,Manhattan,Greenwich Village South,true,1.0
hvfhv,114,dropoff,2023,3,129792,Manhattan,Greenwich Village South,true,1.0
hvfhv,114,dropoff,2023,4,127780,Manhattan,Greenwich Village South,true,1.0
hvfhv,114,dropoff,2023,5,113783,Manhattan,Greenwich Village South,true,1.0
hvfhv,114,dropoff,2023,6,109469,Manhattan,Greenwich Village South,true,1.0
hvfhv,114,dropoff,2024,2,122404,Manhattan,Greenwich Village South,true,1.0
hvfhv,114,dropoff,2024,3,128004,Manhattan,Greenwich Village South,true,1.0
hvfhv,114,dropoff,2024,4,120271,Manhattan,Greenwich Village South,true,1.0
hvfhv,114,dropoff,2024,5,113253,Manhattan,Greenwich Village South,true,1.0
hvfhv,114,dropoff,2024,6,105088,Manhattan,Greenwich Village South,true,1.0
hvfhv,114,pickup,2023,2,136253,Manhattan,Greenwich Village South,true,1.0
hvfhv,114,pickup,2023,3,146902,Manhattan,Greenwich Village South,true,1.0
hvfhv,114,pickup,2023,4,144987,Manhattan,Greenwich Village South,true,1.0
hvfhv,114,pickup,2023,5,134404,Manhattan,Greenwich Village South,true,1.0
hvfhv,114,pickup,2023,6,126016,Manhattan,Greenwich Village South,true,1.0
hvfhv,114,pickup,2024,2,137246,Manhattan,Greenwich Village South,true,1.0
hvfhv,114,pickup,2024,3,145233,Manhattan,Greenwich Village South,true,1.0
hvfhv,114,pickup,2024,4,135192,Manhattan,Greenwich Village South,true,1.0
hvfhv,114,pickup,2024,5,131735,Manhattan,Greenwich Village South,true,1.0
hvfhv,114,pickup,2024,6,119862,Manhattan,Greenwich Village South,true,1.0
hvfhv,115,dropoff,2023,2,12425,Staten Island,Grymes Hill/Clifton,false,0.0413
hvfhv,115,dropoff,2023,3,14644,Staten Island,Grymes Hill/Clifton,false,0.0413
hvfhv,115,dropoff,2023,4,13285,Staten Island,Grymes Hill/Clifton,false,0.0413
hvfhv,115,dropoff,2023,5,14126,Staten Island,Grymes Hill/Clifton,false,0.0413
hvfhv,115,dropoff,2023,6,12994,Staten Island,Grymes Hill/Clifton,false,0.0413
hvfhv,115,dropoff,2024,2,14206,Staten Island,Grymes Hill/Clifton,false,0.0413
hvfhv,115,dropoff,2024,3,16140,Staten Island,Grymes Hill/Clifton,false,0.0413
hvfhv,115,dropoff,2024,4,14585,Staten Island,Grymes Hill/Clifton,false,0.0413
hvfhv,115,dropoff,2024,5,14943,Staten Island,Grymes Hill/Clifton,false,0.0413
hvfhv,115,dropoff,2024,6,13846,Staten Island,Grymes Hill/Clifton,false,0.0413
hvfhv,115,pickup,2023,2,13720,Staten Island,Grymes Hill/Clifton,false,0.0205
hvfhv,115,pickup,2023,3,16246,Staten Island,Grymes Hill/Clifton,false,0.0205
hvfhv,115,pickup,2023,4,14683,Staten Island,Grymes Hill/Clifton,false,0.0205
hvfhv,115,pickup,2023,5,15606,Staten Island,Grymes Hill/Clifton,false,0.0205
hvfhv,115,pickup,2023,6,14131,Staten Island,Grymes Hill/Clifton,false,0.0205
hvfhv,115,pickup,2024,2,15850,Staten Island,Grymes Hill/Clifton,false,0.0205
hvfhv,115,pickup,2024,3,17641,Staten Island,Grymes Hill/Clifton,false,0.0205
hvfhv,115,pickup,2024,4,16015,Staten Island,Grymes Hill/Clifton,false,0.0205
hvfhv,115,pickup,2024,5,16488,Staten Island,Grymes Hill/Clifton,false,0.0205
hvfhv,115,pickup,2024,6,15556,Staten Island,Grymes Hill/Clifton,false,0.0205
hvfhv,116,dropoff,2023,2,78473,Manhattan,Hamilton Heights,false,0.1507
hvfhv,116,dropoff,2023,3,88310,Manhattan,Hamilton Heights,false,0.1507
hvfhv,116,dropoff,2023,4,82583,Manhattan,Hamilton Heights,false,0.1507
hvfhv,116,dropoff,2023,5,84387,Manhattan,Hamilton Heights,false,0.1507
hvfhv,116,dropoff,2023,6,81372,Manhattan,Hamilton Heights,false,0.1507
hvfhv,116,dropoff,2024,2,85793,Manhattan,Hamilton Heights,false,0.1507
hvfhv,116,dropoff,2024,3,92160,Manhattan,Hamilton Heights,false,0.1507
hvfhv,116,dropoff,2024,4,83913,Manhattan,Hamilton Heights,false,0.1507
hvfhv,116,dropoff,2024,5,87145,Manhattan,Hamilton Heights,false,0.1507
hvfhv,116,dropoff,2024,6,85512,Manhattan,Hamilton Heights,false,0.1507
hvfhv,116,pickup,2023,2,80583,Manhattan,Hamilton Heights,false,0.1296
hvfhv,116,pickup,2023,3,90992,Manhattan,Hamilton Heights,false,0.1296
hvfhv,116,pickup,2023,4,85959,Manhattan,Hamilton Heights,false,0.1296
hvfhv,116,pickup,2023,5,88000,Manhattan,Hamilton Heights,false,0.1296
hvfhv,116,pickup,2023,6,84815,Manhattan,Hamilton Heights,false,0.1296
hvfhv,116,pickup,2024,2,90599,Manhattan,Hamilton Heights,false,0.1296
hvfhv,116,pickup,2024,3,95417,Manhattan,Hamilton Heights,false,0.1296
hvfhv,116,pickup,2024,4,89305,Manhattan,Hamilton Heights,false,0.1296
hvfhv,116,pickup,2024,5,92511,Manhattan,Hamilton Heights,false,0.1296
hvfhv,116,pickup,2024,6,91039,Manhattan,Hamilton Heights,false,0.1296
hvfhv,117,dropoff,2023,2,22404,Queens,Hammels/Arverne,false,0.0218
hvfhv,117,dropoff,2023,3,28132,Queens,Hammels/Arverne,false,0.0218
hvfhv,117,dropoff,2023,4,25114,Queens,Hammels/Arverne,false,0.0218
hvfhv,117,dropoff,2023,5,26855,Queens,Hammels/Arverne,false,0.0218
hvfhv,117,dropoff,2023,6,26183,Queens,Hammels/Arverne,false,0.0218
hvfhv,117,dropoff,2024,2,26446,Queens,Hammels/Arverne,false,0.0218
hvfhv,117,dropoff,2024,3,30682,Queens,Hammels/Arverne,false,0.0218
hvfhv,117,dropoff,2024,4,26525,Queens,Hammels/Arverne,false,0.0218
hvfhv,117,dropoff,2024,5,27510,Queens,Hammels/Arverne,false,0.0218
hvfhv,117,dropoff,2024,6,28331,Queens,Hammels/Arverne,false,0.0218
hvfhv,117,pickup,2023,2,24699,Queens,Hammels/Arverne,false,0.0172
hvfhv,117,pickup,2023,3,31569,Queens,Hammels/Arverne,false,0.0172
hvfhv,117,pickup,2023,4,27823,Queens,Hammels/Arverne,false,0.0172
hvfhv,117,pickup,2023,5,30063,Queens,Hammels/Arverne,false,0.0172
hvfhv,117,pickup,2023,6,29422,Queens,Hammels/Arverne,false,0.0172
hvfhv,117,pickup,2024,2,29514,Queens,Hammels/Arverne,false,0.0172
hvfhv,117,pickup,2024,3,34553,Queens,Hammels/Arverne,false,0.0172
hvfhv,117,pickup,2024,4,29856,Queens,Hammels/Arverne,false,0.0172
hvfhv,117,pickup,2024,5,30969,Queens,Hammels/Arverne,false,0.0172
hvfhv,117,pickup,2024,6,32359,Queens,Hammels/Arverne,false,0.0172
hvfhv,118,dropoff,2023,2,18135,Staten Island,Heartland Village/Todt Hill,false,0.0414
hvfhv,118,dropoff,2023,3,21189,Staten Island,Heartland Village/Todt Hill,false,0.0414
hvfhv,118,dropoff,2023,4,19425,Staten Island,Heartland Village/Todt Hill,false,0.0414
hvfhv,118,dropoff,2023,5,21221,Staten Island,Heartland Village/Todt Hill,false,0.0414
hvfhv,118,dropoff,2023,6,20594,Staten Island,Heartland Village/Todt Hill,false,0.0414
hvfhv,118,dropoff,2024,2,20032,Staten Island,Heartland Village/Todt Hill,false,0.0414
hvfhv,118,dropoff,2024,3,22178,Staten Island,Heartland Village/Todt Hill,false,0.0414
hvfhv,118,dropoff,2024,4,20122,Staten Island,Heartland Village/Todt Hill,false,0.0414
hvfhv,118,dropoff,2024,5,22385,Staten Island,Heartland Village/Todt Hill,false,0.0414
hvfhv,118,dropoff,2024,6,21831,Staten Island,Heartland Village/Todt Hill,false,0.0414
hvfhv,118,pickup,2023,2,17585,Staten Island,Heartland Village/Todt Hill,false,0.0283
hvfhv,118,pickup,2023,3,20368,Staten Island,Heartland Village/Todt Hill,false,0.0283
hvfhv,118,pickup,2023,4,18430,Staten Island,Heartland Village/Todt Hill,false,0.0283
hvfhv,118,pickup,2023,5,20234,Staten Island,Heartland Village/Todt Hill,false,0.0283
hvfhv,118,pickup,2023,6,19934,Staten Island,Heartland Village/Todt Hill,false,0.0283
hvfhv,118,pickup,2024,2,18967,Staten Island,Heartland Village/Todt Hill,false,0.0283
hvfhv,118,pickup,2024,3,21127,Staten Island,Heartland Village/Todt Hill,false,0.0283
hvfhv,118,pickup,2024,4,19128,Staten Island,Heartland Village/Todt Hill,false,0.0283
hvfhv,118,pickup,2024,5,20991,Staten Island,Heartland Village/Todt Hill,false,0.0283
hvfhv,118,pickup,2024,6,20539,Staten Island,Heartland Village/Todt Hill,false,0.0283
hvfhv,119,dropoff,2023,2,53643,Bronx,Highbridge,false,0.0619
hvfhv,119,dropoff,2023,3,62318,Bronx,Highbridge,false,0.0619
hvfhv,119,dropoff,2023,4,61484,Bronx,Highbridge,false,0.0619
hvfhv,119,dropoff,2023,5,63253,Bronx,Highbridge,false,0.0619
hvfhv,119,dropoff,2023,6,58663,Bronx,Highbridge,false,0.0619
hvfhv,119,dropoff,2024,2,59965,Bronx,Highbridge,false,0.0619
hvfhv,119,dropoff,2024,3,68008,Bronx,Highbridge,false,0.0619
hvfhv,119,dropoff,2024,4,64954,Bronx,Highbridge,false,0.0619
hvfhv,119,dropoff,2024,5,68057,Bronx,Highbridge,false,0.0619
hvfhv,119,dropoff,2024,6,65545,Bronx,Highbridge,false,0.0619
hvfhv,119,pickup,2023,2,55396,Bronx,Highbridge,false,0.0553
hvfhv,119,pickup,2023,3,64563,Bronx,Highbridge,false,0.0553
hvfhv,119,pickup,2023,4,60998,Bronx,Highbridge,false,0.0553
hvfhv,119,pickup,2023,5,63214,Bronx,Highbridge,false,0.0553
hvfhv,119,pickup,2023,6,60038,Bronx,Highbridge,false,0.0553
hvfhv,119,pickup,2024,2,63058,Bronx,Highbridge,false,0.0553
hvfhv,119,pickup,2024,3,71443,Bronx,Highbridge,false,0.0553
hvfhv,119,pickup,2024,4,66535,Bronx,Highbridge,false,0.0553
hvfhv,119,pickup,2024,5,68518,Bronx,Highbridge,false,0.0553
hvfhv,119,pickup,2024,6,65277,Bronx,Highbridge,false,0.0553
hvfhv,120,dropoff,2023,2,2083,Manhattan,Highbridge Park,false,0.1457
hvfhv,120,dropoff,2023,3,2628,Manhattan,Highbridge Park,false,0.1457
hvfhv,120,dropoff,2023,4,2397,Manhattan,Highbridge Park,false,0.1457
hvfhv,120,dropoff,2023,5,2710,Manhattan,Highbridge Park,false,0.1457
hvfhv,120,dropoff,2023,6,2697,Manhattan,Highbridge Park,false,0.1457
hvfhv,120,dropoff,2024,2,2748,Manhattan,Highbridge Park,false,0.1457
hvfhv,120,dropoff,2024,3,2981,Manhattan,Highbridge Park,false,0.1457
hvfhv,120,dropoff,2024,4,2863,Manhattan,Highbridge Park,false,0.1457
hvfhv,120,dropoff,2024,5,3417,Manhattan,Highbridge Park,false,0.1457
hvfhv,120,dropoff,2024,6,3239,Manhattan,Highbridge Park,false,0.1457
hvfhv,120,pickup,2023,2,1346,Manhattan,Highbridge Park,false,0.0891
hvfhv,120,pickup,2023,3,1688,Manhattan,Highbridge Park,false,0.0891
hvfhv,120,pickup,2023,4,1722,Manhattan,Highbridge Park,false,0.0891
hvfhv,120,pickup,2023,5,1848,Manhattan,Highbridge Park,false,0.0891
hvfhv,120,pickup,2023,6,1907,Manhattan,Highbridge Park,false,0.0891
hvfhv,120,pickup,2024,2,1801,Manhattan,Highbridge Park,false,0.0891
hvfhv,120,pickup,2024,3,1958,Manhattan,Highbridge Park,false,0.0891
hvfhv,120,pickup,2024,4,1992,Manhattan,Highbridge Park,false,0.0891
hvfhv,120,pickup,2024,5,2285,Manhattan,Highbridge Park,false,0.0891
hvfhv,120,pickup,2024,6,2318,Manhattan,Highbridge Park,false,0.0891
hvfhv,121,dropoff,2023,2,37576,Queens,Hillcrest/Pomonok,false,0.0464
hvfhv,121,dropoff,2023,3,44198,Queens,Hillcrest/Pomonok,false,0.0464
hvfhv,121,dropoff,2023,4,39396,Queens,Hillcrest/Pomonok,false,0.0464
hvfhv,121,dropoff,2023,5,38591,Queens,Hillcrest/Pomonok,false,0.0464
hvfhv,121,dropoff,2023,6,36362,Queens,Hillcrest/Pomonok,false,0.0464
hvfhv,121,dropoff,2024,2,42395,Queens,Hillcrest/Pomonok,false,0.0464
hvfhv,121,dropoff,2024,3,47496,Queens,Hillcrest/Pomonok,false,0.0464
hvfhv,121,dropoff,2024,4,45486,Queens,Hillcrest/Pomonok,false,0.0464
hvfhv,121,dropoff,2024,5,41906,Queens,Hillcrest/Pomonok,false,0.0464
hvfhv,121,dropoff,2024,6,40570,Queens,Hillcrest/Pomonok,false,0.0464
hvfhv,121,pickup,2023,2,39181,Queens,Hillcrest/Pomonok,false,0.0358
hvfhv,121,pickup,2023,3,45416,Queens,Hillcrest/Pomonok,false,0.0358
hvfhv,121,pickup,2023,4,40613,Queens,Hillcrest/Pomonok,false,0.0358
hvfhv,121,pickup,2023,5,39515,Queens,Hillcrest/Pomonok,false,0.0358
hvfhv,121,pickup,2023,6,36573,Queens,Hillcrest/Pomonok,false,0.0358
hvfhv,121,pickup,2024,2,43983,Queens,Hillcrest/Pomonok,false,0.0358
hvfhv,121,pickup,2024,3,48385,Queens,Hillcrest/Pomonok,false,0.0358
hvfhv,121,pickup,2024,4,46045,Queens,Hillcrest/Pomonok,false,0.0358
hvfhv,121,pickup,2024,5,42619,Queens,Hillcrest/Pomonok,false,0.0358
hvfhv,121,pickup,2024,6,39418,Queens,Hillcrest/Pomonok,false,0.0358
hvfhv,122,dropoff,2023,2,16590,Queens,Hollis,false,0.0228
hvfhv,122,dropoff,2023,3,19620,Queens,Hollis,false,0.0228
hvfhv,122,dropoff,2023,4,18244,Queens,Hollis,false,0.0228
hvfhv,122,dropoff,2023,5,19542,Queens,Hollis,false,0.0228
hvfhv,122,dropoff,2023,6,19183,Queens,Hollis,false,0.0228
hvfhv,122,dropoff,2024,2,18920,Queens,Hollis,false,0.0228
hvfhv,122,dropoff,2024,3,21969,Queens,Hollis,false,0.0228
hvfhv,122,dropoff,2024,4,20423,Queens,Hollis,false,0.0228
hvfhv,122,dropoff,2024,5,21515,Queens,Hollis,false,0.0228
hvfhv,122,dropoff,2024,6,20972,Queens,Hollis,false,0.0228
hvfhv,122,pickup,2023,2,19406,Queens,Hollis,false,0.0178
hvfhv,122,pickup,2023,3,22870,Queens,Hollis,false,0.0178
hvfhv,122,pickup,2023,4,21093,Queens,Hollis,false,0.0178
hvfhv,122,pickup,2023,5,22638,Queens,Hollis,false,0.0178
hvfhv,122,pickup,2023,6,22038,Queens,Hollis,false,0.0178
hvfhv,122,pickup,2024,2,21063,Queens,Hollis,false,0.0178
hvfhv,122,pickup,2024,3,24589,Queens,Hollis,false,0.0178
hvfhv,122,pickup,2024,4,23195,Queens,Hollis,false,0.0178
hvfhv,122,pickup,2024,5,23859,Queens,Hollis,false,0.0178
hvfhv,122,pickup,2024,6,23472,Queens,Hollis,false,0.0178
hvfhv,123,dropoff,2023,2,54829,Brooklyn,Homecrest,false,0.0369
hvfhv,123,dropoff,2023,3,64880,Brooklyn,Homecrest,false,0.0369
hvfhv,123,dropoff,2023,4,49694,Brooklyn,Homecrest,false,0.0369
hvfhv,123,dropoff,2023,5,56336,Brooklyn,Homecrest,false,0.0369
hvfhv,123,dropoff,2023,6,54306,Brooklyn,Homecrest,false,0.0369
hvfhv,123,dropoff,2024,2,58860,Brooklyn,Homecrest,false,0.0369
hvfhv,123,dropoff,2024,3,65915,Brooklyn,Homecrest,false,0.0369
hvfhv,123,dropoff,2024,4,56116,Brooklyn,Homecrest,false,0.0369
hvfhv,123,dropoff,2024,5,59310,Brooklyn,Homecrest,false,0.0369
hvfhv,123,dropoff,2024,6,52627,Brooklyn,Homecrest,false,0.0369
hvfhv,123,pickup,2023,2,53747,Brooklyn,Homecrest,false,0.0339
hvfhv,123,pickup,2023,3,64012,Brooklyn,Homecrest,false,0.0339
hvfhv,123,pickup,2023,4,47861,Brooklyn,Homecrest,false,0.0339
hvfhv,123,pickup,2023,5,54918,Brooklyn,Homecrest,false,0.0339
hvfhv,123,pickup,2023,6,52784,Brooklyn,Homecrest,false,0.0339
hvfhv,123,pickup,2024,2,57192,Brooklyn,Homecrest,false,0.0339
hvfhv,123,pickup,2024,3,64205,Brooklyn,Homecrest,false,0.0339
hvfhv,123,pickup,2024,4,54979,Brooklyn,Homecrest,false,0.0339
hvfhv,123,pickup,2024,5,58355,Brooklyn,Homecrest,false,0.0339
hvfhv,123,pickup,2024,6,50179,Brooklyn,Homecrest,false,0.0339
hvfhv,124,dropoff,2023,2,22830,Queens,Howard Beach,false,0.032
hvfhv,124,dropoff,2023,3,26353,Queens,Howard Beach,false,0.032
hvfhv,124,dropoff,2023,4,24538,Queens,Howard Beach,false,0.032
hvfhv,124,dropoff,2023,5,26500,Queens,Howard Beach,false,0.032
hvfhv,124,dropoff,2023,6,26345,Queens,Howard Beach,false,0.032
hvfhv,124,dropoff,2024,2,25523,Queens,Howard Beach,false,0.032
hvfhv,124,dropoff,2024,3,28551,Queens,Howard Beach,false,0.032
hvfhv,124,dropoff,2024,4,26840,Queens,Howard Beach,false,0.032
hvfhv,124,dropoff,2024,5,28988,Queens,Howard Beach,false,0.032
hvfhv,124,dropoff,2024,6,29432,Queens,Howard Beach,false,0.032
hvfhv,124,pickup,2023,2,23892,Queens,Howard Beach,false,0.0268
hvfhv,124,pickup,2023,3,27662,Queens,Howard Beach,false,0.0268
hvfhv,124,pickup,2023,4,25553,Queens,Howard Beach,false,0.0268
hvfhv,124,pickup,2023,5,27675,Queens,Howard Beach,false,0.0268
hvfhv,124,pickup,2023,6,27854,Queens,Howard Beach,false,0.0268
hvfhv,124,pickup,2024,2,27309,Queens,Howard Beach,false,0.0268
hvfhv,124,pickup,2024,3,30442,Queens,Howard Beach,false,0.0268
hvfhv,124,pickup,2024,4,28738,Queens,Howard Beach,false,0.0268
hvfhv,124,pickup,2024,5,30325,Queens,Howard Beach,false,0.0268
hvfhv,124,pickup,2024,6,31218,Queens,Howard Beach,false,0.0268
hvfhv,125,dropoff,2023,2,58264,Manhattan,Hudson Sq,true,1.0
hvfhv,125,dropoff,2023,3,61931,Manhattan,Hudson Sq,true,1.0
hvfhv,125,dropoff,2023,4,59590,Manhattan,Hudson Sq,true,1.0
hvfhv,125,dropoff,2023,5,58245,Manhattan,Hudson Sq,true,1.0
hvfhv,125,dropoff,2023,6,57038,Manhattan,Hudson Sq,true,1.0
hvfhv,125,dropoff,2024,2,61229,Manhattan,Hudson Sq,true,1.0
hvfhv,125,dropoff,2024,3,64429,Manhattan,Hudson Sq,true,1.0
hvfhv,125,dropoff,2024,4,62374,Manhattan,Hudson Sq,true,1.0
hvfhv,125,dropoff,2024,5,62262,Manhattan,Hudson Sq,true,1.0
hvfhv,125,dropoff,2024,6,58321,Manhattan,Hudson Sq,true,1.0
hvfhv,125,pickup,2023,2,67728,Manhattan,Hudson Sq,true,1.0
hvfhv,125,pickup,2023,3,71784,Manhattan,Hudson Sq,true,1.0
hvfhv,125,pickup,2023,4,68780,Manhattan,Hudson Sq,true,1.0
hvfhv,125,pickup,2023,5,68735,Manhattan,Hudson Sq,true,1.0
hvfhv,125,pickup,2023,6,68748,Manhattan,Hudson Sq,true,1.0
hvfhv,125,pickup,2024,2,72184,Manhattan,Hudson Sq,true,1.0
hvfhv,125,pickup,2024,3,75231,Manhattan,Hudson Sq,true,1.0
hvfhv,125,pickup,2024,4,72264,Manhattan,Hudson Sq,true,1.0
hvfhv,125,pickup,2024,5,73339,Manhattan,Hudson Sq,true,1.0
hvfhv,125,pickup,2024,6,69843,Manhattan,Hudson Sq,true,1.0
hvfhv,126,dropoff,2023,2,56230,Bronx,Hunts Point,false,0.0304
hvfhv,126,dropoff,2023,3,67471,Bronx,Hunts Point,false,0.0304
hvfhv,126,dropoff,2023,4,60145,Bronx,Hunts Point,false,0.0304
hvfhv,126,dropoff,2023,5,62126,Bronx,Hunts Point,false,0.0304
hvfhv,126,dropoff,2023,6,59442,Bronx,Hunts Point,false,0.0304
hvfhv,126,dropoff,2024,2,64796,Bronx,Hunts Point,false,0.0304
hvfhv,126,dropoff,2024,3,71778,Bronx,Hunts Point,false,0.0304
hvfhv,126,dropoff,2024,4,64660,Bronx,Hunts Point,false,0.0304
hvfhv,126,dropoff,2024,5,64938,Bronx,Hunts Point,false,0.0304
hvfhv,126,dropoff,2024,6,63231,Bronx,Hunts Point,false,0.0304
hvfhv,126,pickup,2023,2,51594,Bronx,Hunts Point,false,0.0324
hvfhv,126,pickup,2023,3,61397,Bronx,Hunts Point,false,0.0324
hvfhv,126,pickup,2023,4,54855,Bronx,Hunts Point,false,0.0324
hvfhv,126,pickup,2023,5,56777,Bronx,Hunts Point,false,0.0324
hvfhv,126,pickup,2023,6,53710,Bronx,Hunts Point,false,0.0324
hvfhv,126,pickup,2024,2,59506,Bronx,Hunts Point,false,0.0324
hvfhv,126,pickup,2024,3,66397,Bronx,Hunts Point,false,0.0324
hvfhv,126,pickup,2024,4,59712,Bronx,Hunts Point,false,0.0324
hvfhv,126,pickup,2024,5,61464,Bronx,Hunts Point,false,0.0324
hvfhv,126,pickup,2024,6,60496,Bronx,Hunts Point,false,0.0324
hvfhv,127,dropoff,2023,2,61120,Manhattan,Inwood,false,0.0862
hvfhv,127,dropoff,2023,3,71696,Manhattan,Inwood,false,0.0862
hvfhv,127,dropoff,2023,4,67812,Manhattan,Inwood,false,0.0862
hvfhv,127,dropoff,2023,5,70322,Manhattan,Inwood,false,0.0862
hvfhv,127,dropoff,2023,6,66369,Manhattan,Inwood,false,0.0862
hvfhv,127,dropoff,2024,2,69007,Manhattan,Inwood,false,0.0862
hvfhv,127,dropoff,2024,3,76010,Manhattan,Inwood,false,0.0862
hvfhv,127,dropoff,2024,4,68741,Manhattan,Inwood,false,0.0862
hvfhv,127,dropoff,2024,5,77710,Manhattan,Inwood,false,0.0862
hvfhv,127,dropoff,2024,6,70318,Manhattan,Inwood,false,0.0862
hvfhv,127,pickup,2023,2,61584,Manhattan,Inwood,false,0.0753
hvfhv,127,pickup,2023,3,71753,Manhattan,Inwood,false,0.0753
hvfhv,127,pickup,2023,4,69008,Manhattan,Inwood,false,0.0753
hvfhv,127,pickup,2023,5,71450,Manhattan,Inwood,false,0.0753
hvfhv,127,pickup,2023,6,67264,Manhattan,Inwood,false,0.0753
hvfhv,127,pickup,2024,2,69218,Manhattan,Inwood,false,0.0753
hvfhv,127,pickup,2024,3,77134,Manhattan,Inwood,false,0.0753
hvfhv,127,pickup,2024,4,70473,Manhattan,Inwood,false,0.0753
hvfhv,127,pickup,2024,5,77361,Manhattan,Inwood,false,0.0753
hvfhv,127,pickup,2024,6,72145,Manhattan,Inwood,false,0.0753
hvfhv,128,dropoff,2023,2,4810,Manhattan,Inwood Hill Park,false,0.0681
hvfhv,128,dropoff,2023,3,5482,Manhattan,Inwood Hill Park,false,0.0681
hvfhv,128,dropoff,2023,4,5228,Manhattan,Inwood Hill Park,false,0.0681
hvfhv,128,dropoff,2023,5,5814,Manhattan,Inwood Hill Park,false,0.0681
hvfhv,128,dropoff,2023,6,5408,Manhattan,Inwood Hill Park,false,0.0681
hvfhv,128,dropoff,2024,2,6253,Manhattan,Inwood Hill Park,false,0.0681
hvfhv,128,dropoff,2024,3,6495,Manhattan,Inwood Hill Park,false,0.0681
hvfhv,128,dropoff,2024,4,6530,Manhattan,Inwood Hill Park,false,0.0681
hvfhv,128,dropoff,2024,5,8110,Manhattan,Inwood Hill Park,false,0.0681
hvfhv,128,dropoff,2024,6,6629,Manhattan,Inwood Hill Park,false,0.0681
hvfhv,128,pickup,2023,2,4320,Manhattan,Inwood Hill Park,false,0.0848
hvfhv,128,pickup,2023,3,4908,Manhattan,Inwood Hill Park,false,0.0848
hvfhv,128,pickup,2023,4,4929,Manhattan,Inwood Hill Park,false,0.0848
hvfhv,128,pickup,2023,5,5136,Manhattan,Inwood Hill Park,false,0.0848
hvfhv,128,pickup,2023,6,4632,Manhattan,Inwood Hill Park,false,0.0848
hvfhv,128,pickup,2024,2,5435,Manhattan,Inwood Hill Park,false,0.0848
hvfhv,128,pickup,2024,3,5651,Manhattan,Inwood Hill Park,false,0.0848
hvfhv,128,pickup,2024,4,5388,Manhattan,Inwood Hill Park,false,0.0848
hvfhv,128,pickup,2024,5,6183,Manhattan,Inwood Hill Park,false,0.0848
hvfhv,128,pickup,2024,6,5326,Manhattan,Inwood Hill Park,false,0.0848
hvfhv,129,dropoff,2023,2,120556,Queens,Jackson Heights,false,0.0682
hvfhv,129,dropoff,2023,3,134024,Queens,Jackson Heights,false,0.0682
hvfhv,129,dropoff,2023,4,127596,Queens,Jackson Heights,false,0.0682
hvfhv,129,dropoff,2023,5,133008,Queens,Jackson Heights,false,0.0682
hvfhv,129,dropoff,2023,6,132198,Queens,Jackson Heights,false,0.0682
hvfhv,129,dropoff,2024,2,130858,Queens,Jackson Heights,false,0.0682
hvfhv,129,dropoff,2024,3,144815,Queens,Jackson Heights,false,0.0682
hvfhv,129,dropoff,2024,4,135117,Queens,Jackson Heights,false,0.0682
hvfhv,129,dropoff,2024,5,141544,Queens,Jackson Heights,false,0.0682
hvfhv,129,dropoff,2024,6,140186,Queens,Jackson Heights,false,0.0682
hvfhv,129,pickup,2023,2,132361,Queens,Jackson Heights,false,0.0536
hvfhv,129,pickup,2023,3,147408,Queens,Jackson Heights,false,0.0536
hvfhv,129,pickup,2023,4,140523,Queens,Jackson Heights,false,0.0536
hvfhv,129,pickup,2023,5,147210,Queens,Jackson Heights,false,0.0536
hvfhv,129,pickup,2023,6,146938,Queens,Jackson Heights,false,0.0536
hvfhv,129,pickup,2024,2,143924,Queens,Jackson Heights,false,0.0536
hvfhv,129,pickup,2024,3,158747,Queens,Jackson Heights,false,0.0536
hvfhv,129,pickup,2024,4,148344,Queens,Jackson Heights,false,0.0536
hvfhv,129,pickup,2024,5,155569,Queens,Jackson Heights,false,0.0536
hvfhv,129,pickup,2024,6,154814,Queens,Jackson Heights,false,0.0536
hvfhv,130,dropoff,2023,2,117805,Queens,Jamaica,false,0.0156
hvfhv,130,dropoff,2023,3,141913,Queens,Jamaica,false,0.0156
hvfhv,130,dropoff,2023,4,129166,Queens,Jamaica,false,0.0156
hvfhv,130,dropoff,2023,5,136708,Queens,Jamaica,false,0.0156
hvfhv,130,dropoff,2023,6,134279,Queens,Jamaica,false,0.0156
hvfhv,130,dropoff,2024,2,142592,Queens,Jamaica,false,0.0156
hvfhv,130,dropoff,2024,3,158714,Queens,Jamaica,false,0.0156
hvfhv,130,dropoff,2024,4,149524,Queens,Jamaica,false,0.0156
hvfhv,130,dropoff,2024,5,155673,Queens,Jamaica,false,0.0156
hvfhv,130,dropoff,2024,6,150222,Queens,Jamaica,false,0.0156
hvfhv,130,pickup,2023,2,113570,Queens,Jamaica,false,0.0166
hvfhv,130,pickup,2023,3,137813,Queens,Jamaica,false,0.0166
hvfhv,130,pickup,2023,4,126894,Queens,Jamaica,false,0.0166
hvfhv,130,pickup,2023,5,135216,Queens,Jamaica,false,0.0166
hvfhv,130,pickup,2023,6,133550,Queens,Jamaica,false,0.0166
hvfhv,130,pickup,2024,2,139078,Queens,Jamaica,false,0.0166
hvfhv,130,pickup,2024,3,154317,Queens,Jamaica,false,0.0166
hvfhv,130,pickup,2024,4,144580,Queens,Jamaica,false,0.0166
hvfhv,130,pickup,2024,5,149738,Queens,Jamaica,false,0.0166
hvfhv,130,pickup,2024,6,146311,Queens,Jamaica,false,0.0166
hvfhv,131,dropoff,2023,2,26129,Queens,Jamaica Estates,false,0.0403
hvfhv,131,dropoff,2023,3,30754,Queens,Jamaica Estates,false,0.0403
hvfhv,131,dropoff,2023,4,27843,Queens,Jamaica Estates,false,0.0403
hvfhv,131,dropoff,2023,5,29918,Queens,Jamaica Estates,false,0.0403
hvfhv,131,dropoff,2023,6,27998,Queens,Jamaica Estates,false,0.0403
hvfhv,131,dropoff,2024,2,28513,Queens,Jamaica Estates,false,0.0403
hvfhv,131,dropoff,2024,3,31616,Queens,Jamaica Estates,false,0.0403
hvfhv,131,dropoff,2024,4,29825,Queens,Jamaica Estates,false,0.0403
hvfhv,131,dropoff,2024,5,29955,Queens,Jamaica Estates,false,0.0403
hvfhv,131,dropoff,2024,6,29094,Queens,Jamaica Estates,false,0.0403
hvfhv,131,pickup,2023,2,26536,Queens,Jamaica Estates,false,0.0287
hvfhv,131,pickup,2023,3,31068,Queens,Jamaica Estates,false,0.0287
hvfhv,131,pickup,2023,4,28137,Queens,Jamaica Estates,false,0.0287
hvfhv,131,pickup,2023,5,30209,Queens,Jamaica Estates,false,0.0287
hvfhv,131,pickup,2023,6,28150,Queens,Jamaica Estates,false,0.0287
hvfhv,131,pickup,2024,2,29531,Queens,Jamaica Estates,false,0.0287
hvfhv,131,pickup,2024,3,32402,Queens,Jamaica Estates,false,0.0287
hvfhv,131,pickup,2024,4,30576,Queens,Jamaica Estates,false,0.0287
hvfhv,131,pickup,2024,5,30518,Queens,Jamaica Estates,false,0.0287
hvfhv,131,pickup,2024,6,29829,Queens,Jamaica Estates,false,0.0287
hvfhv,132,dropoff,2023,2,353588,Queens,JFK Airport,false,0.2804
hvfhv,132,dropoff,2023,3,433234,Queens,JFK Airport,false,0.2804
hvfhv,132,dropoff,2023,4,409249,Queens,JFK Airport,false,0.2804
hvfhv,132,dropoff,2023,5,473890,Queens,JFK Airport,false,0.2804
hvfhv,132,dropoff,2023,6,457436,Queens,JFK Airport,false,0.2804
hvfhv,132,dropoff,2024,2,386656,Queens,JFK Airport,false,0.2804
hvfhv,132,dropoff,2024,3,437568,Queens,JFK Airport,false,0.2804
hvfhv,132,dropoff,2024,4,417411,Queens,JFK Airport,false,0.2804
hvfhv,132,dropoff,2024,5,484965,Queens,JFK Airport,false,0.2804
hvfhv,132,dropoff,2024,6,452549,Queens,JFK Airport,false,0.2804
hvfhv,132,pickup,2023,2,290585,Queens,JFK Airport,false,0.2438
hvfhv,132,pickup,2023,3,363596,Queens,JFK Airport,false,0.2438
hvfhv,132,pickup,2023,4,358261,Queens,JFK Airport,false,0.2438
hvfhv,132,pickup,2023,5,387519,Queens,JFK Airport,false,0.2438
hvfhv,132,pickup,2023,6,362698,Queens,JFK Airport,false,0.2438
hvfhv,132,pickup,2024,2,314120,Queens,JFK Airport,false,0.2438
hvfhv,132,pickup,2024,3,370943,Queens,JFK Airport,false,0.2438
hvfhv,132,pickup,2024,4,364532,Queens,JFK Airport,false,0.2438
hvfhv,132,pickup,2024,5,395142,Queens,JFK Airport,false,0.2438
hvfhv,132,pickup,2024,6,375675,Queens,JFK Airport,false,0.2438
hvfhv,133,dropoff,2023,2,35270,Brooklyn,Kensington,false,0.0827
hvfhv,133,dropoff,2023,3,40626,Brooklyn,Kensington,false,0.0827
hvfhv,133,dropoff,2023,4,34769,Brooklyn,Kensington,false,0.0827
hvfhv,133,dropoff,2023,5,38719,Brooklyn,Kensington,false,0.0827
hvfhv,133,dropoff,2023,6,38468,Brooklyn,Kensington,false,0.0827
hvfhv,133,dropoff,2024,2,38879,Brooklyn,Kensington,false,0.0827
hvfhv,133,dropoff,2024,3,43062,Brooklyn,Kensington,false,0.0827
hvfhv,133,dropoff,2024,4,37087,Brooklyn,Kensington,false,0.0827
hvfhv,133,dropoff,2024,5,38211,Brooklyn,Kensington,false,0.0827
hvfhv,133,dropoff,2024,6,38977,Brooklyn,Kensington,false,0.0827
hvfhv,133,pickup,2023,2,34949,Brooklyn,Kensington,false,0.0672
hvfhv,133,pickup,2023,3,40545,Brooklyn,Kensington,false,0.0672
hvfhv,133,pickup,2023,4,34631,Brooklyn,Kensington,false,0.0672
hvfhv,133,pickup,2023,5,39748,Brooklyn,Kensington,false,0.0672
hvfhv,133,pickup,2023,6,38753,Brooklyn,Kensington,false,0.0672
hvfhv,133,pickup,2024,2,37786,Brooklyn,Kensington,false,0.0672
hvfhv,133,pickup,2024,3,41699,Brooklyn,Kensington,false,0.0672
hvfhv,133,pickup,2024,4,36162,Brooklyn,Kensington,false,0.0672
hvfhv,133,pickup,2024,5,37457,Brooklyn,Kensington,false,0.0672
hvfhv,133,pickup,2024,6,37360,Brooklyn,Kensington,false,0.0672
hvfhv,134,dropoff,2023,2,36773,Queens,Kew Gardens,false,0.0437
hvfhv,134,dropoff,2023,3,43523,Queens,Kew Gardens,false,0.0437
hvfhv,134,dropoff,2023,4,39396,Queens,Kew Gardens,false,0.0437
hvfhv,134,dropoff,2023,5,41941,Queens,Kew Gardens,false,0.0437
hvfhv,134,dropoff,2023,6,41553,Queens,Kew Gardens,false,0.0437
hvfhv,134,dropoff,2024,2,41612,Queens,Kew Gardens,false,0.0437
hvfhv,134,dropoff,2024,3,45348,Queens,Kew Gardens,false,0.0437
hvfhv,134,dropoff,2024,4,42294,Queens,Kew Gardens,false,0.0437
hvfhv,134,dropoff,2024,5,44717,Queens,Kew Gardens,false,0.0437
hvfhv,134,dropoff,2024,6,42970,Queens,Kew Gardens,false,0.0437
hvfhv,134,pickup,2023,2,36548,Queens,Kew Gardens,false,0.03
hvfhv,134,pickup,2023,3,43615,Queens,Kew Gardens,false,0.03
hvfhv,134,pickup,2023,4,39615,Queens,Kew Gardens,false,0.03
hvfhv,134,pickup,2023,5,42000,Queens,Kew Gardens,false,0.03
hvfhv,134,pickup,2023,6,41934,Queens,Kew Gardens,false,0.03
hvfhv,134,pickup,2024,2,41530,Queens,Kew Gardens,false,0.03
hvfhv,134,pickup,2024,3,45025,Queens,Kew Gardens,false,0.03
hvfhv,134,pickup,2024,4,41943,Queens,Kew Gardens,false,0.03
hvfhv,134,pickup,2024,5,44670,Queens,Kew Gardens,false,0.03
hvfhv,134,pickup,2024,6,43308,Queens,Kew Gardens,false,0.03
hvfhv,135,dropoff,2023,2,31783,Queens,Kew Gardens Hills,false,0.0507
hvfhv,135,dropoff,2023,3,38053,Queens,Kew Gardens Hills,false,0.0507
hvfhv,135,dropoff,2023,4,29769,Queens,Kew Gardens Hills,false,0.0507
hvfhv,135,dropoff,2023,5,34845,Queens,Kew Gardens Hills,false,0.0507
hvfhv,135,dropoff,2023,6,30926,Queens,Kew Gardens Hills,false,0.0507
hvfhv,135,dropoff,2024,2,34656,Queens,Kew Gardens Hills,false,0.0507
hvfhv,135,dropoff,2024,3,38623,Queens,Kew Gardens Hills,false,0.0507
hvfhv,135,dropoff,2024,4,33313,Queens,Kew Gardens Hills,false,0.0507
hvfhv,135,dropoff,2024,5,37609,Queens,Kew Gardens Hills,false,0.0507
hvfhv,135,dropoff,2024,6,31006,Queens,Kew Gardens Hills,false,0.0507
hvfhv,135,pickup,2023,2,32081,Queens,Kew Gardens Hills,false,0.0388
hvfhv,135,pickup,2023,3,37214,Queens,Kew Gardens Hills,false,0.0388
hvfhv,135,pickup,2023,4,30543,Queens,Kew Gardens Hills,false,0.0388
hvfhv,135,pickup,2023,5,35396,Queens,Kew Gardens Hills,false,0.0388
hvfhv,135,pickup,2023,6,32833,Queens,Kew Gardens Hills,false,0.0388
hvfhv,135,pickup,2024,2,34299,Queens,Kew Gardens Hills,false,0.0388
hvfhv,135,pickup,2024,3,37913,Queens,Kew Gardens Hills,false,0.0388
hvfhv,135,pickup,2024,4,33813,Queens,Kew Gardens Hills,false,0.0388
hvfhv,135,pickup,2024,5,36969,Queens,Kew Gardens Hills,false,0.0388
hvfhv,135,pickup,2024,6,33211,Queens,Kew Gardens Hills,false,0.0388
hvfhv,136,dropoff,2023,2,45745,Bronx,Kingsbridge Heights,false,0.0383
hvfhv,136,dropoff,2023,3,52845,Bronx,Kingsbridge Heights,false,0.0383
hvfhv,136,dropoff,2023,4,47179,Bronx,Kingsbridge Heights,false,0.0383
hvfhv,136,dropoff,2023,5,48167,Bronx,Kingsbridge Heights,false,0.0383
hvfhv,136,dropoff,2023,6,45239,Bronx,Kingsbridge Heights,false,0.0383
hvfhv,136,dropoff,2024,2,49518,Bronx,Kingsbridge Heights,false,0.0383
hvfhv,136,dropoff,2024,3,55070,Bronx,Kingsbridge Heights,false,0.0383
hvfhv,136,dropoff,2024,4,48482,Bronx,Kingsbridge Heights,false,0.0383
hvfhv,136,dropoff,2024,5,49455,Bronx,Kingsbridge Heights,false,0.0383
hvfhv,136,dropoff,2024,6,46833,Bronx,Kingsbridge Heights,false,0.0383
hvfhv,136,pickup,2023,2,46187,Bronx,Kingsbridge Heights,false,0.0368
hvfhv,136,pickup,2023,3,53391,Bronx,Kingsbridge Heights,false,0.0368
hvfhv,136,pickup,2023,4,48679,Bronx,Kingsbridge Heights,false,0.0368
hvfhv,136,pickup,2023,5,50152,Bronx,Kingsbridge Heights,false,0.0368
hvfhv,136,pickup,2023,6,47735,Bronx,Kingsbridge Heights,false,0.0368
hvfhv,136,pickup,2024,2,50900,Bronx,Kingsbridge Heights,false,0.0368
hvfhv,136,pickup,2024,3,56326,Bronx,Kingsbridge Heights,false,0.0368
hvfhv,136,pickup,2024,4,51011,Bronx,Kingsbridge Heights,false,0.0368
hvfhv,136,pickup,2024,5,52072,Bronx,Kingsbridge Heights,false,0.0368
hvfhv,136,pickup,2024,6,50011,Bronx,Kingsbridge Heights,false,0.0368
hvfhv,137,dropoff,2023,2,107007,Manhattan,Kips Bay,true,1.0
hvfhv,137,dropoff,2023,3,117649,Manhattan,Kips Bay,true,1.0
hvfhv,137,dropoff,2023,4,109775,Manhattan,Kips Bay,true,1.0
hvfhv,137,dropoff,2023,5,106239,Manhattan,Kips Bay,true,1.0
hvfhv,137,dropoff,2023,6,108463,Manhattan,Kips Bay,true,1.0
hvfhv,137,dropoff,2024,2,111959,Manhattan,Kips Bay,true,1.0
hvfhv,137,dropoff,2024,3,119351,Manhattan,Kips Bay,true,1.0
hvfhv,137,dropoff,2024,4,107184,Manhattan,Kips Bay,true,1.0
hvfhv,137,dropoff,2024,5,108932,Manhattan,Kips Bay,true,1.0
hvfhv,137,dropoff,2024,6,105077,Manhattan,Kips Bay,true,1.0
hvfhv,137,pickup,2023,2,109459,Manhattan,Kips Bay,true,1.0
hvfhv,137,pickup,2023,3,120186,Manhattan,Kips Bay,true,1.0
hvfhv,137,pickup,2023,4,111716,Manhattan,Kips Bay,true,1.0
hvfhv,137,pickup,2023,5,109543,Manhattan,Kips Bay,true,1.0
hvfhv,137,pickup,2023,6,111571,Manhattan,Kips Bay,true,1.0
hvfhv,137,pickup,2024,2,112902,Manhattan,Kips Bay,true,1.0
hvfhv,137,pickup,2024,3,120411,Manhattan,Kips Bay,true,1.0
hvfhv,137,pickup,2024,4,107738,Manhattan,Kips Bay,true,1.0
hvfhv,137,pickup,2024,5,110510,Manhattan,Kips Bay,true,1.0
hvfhv,137,pickup,2024,6,106442,Manhattan,Kips Bay,true,1.0
hvfhv,138,dropoff,2023,2,323981,Queens,LaGuardia Airport,false,0.4189
hvfhv,138,dropoff,2023,3,416182,Queens,LaGuardia Airport,false,0.4189
hvfhv,138,dropoff,2023,4,392633,Queens,LaGuardia Airport,false,0.4189
hvfhv,138,dropoff,2023,5,444777,Queens,LaGuardia Airport,false,0.4189
hvfhv,138,dropoff,2023,6,423307,Queens,LaGuardia Airport,false,0.4189
hvfhv,138,dropoff,2024,2,375714,Queens,LaGuardia Airport,false,0.4189
hvfhv,138,dropoff,2024,3,429149,Queens,LaGuardia Airport,false,0.4189
hvfhv,138,dropoff,2024,4,423361,Queens,LaGuardia Airport,false,0.4189
hvfhv,138,dropoff,2024,5,478321,Queens,LaGuardia Airport,false,0.4189
hvfhv,138,dropoff,2024,6,446774,Queens,LaGuardia Airport,false,0.4189
hvfhv,138,pickup,2023,2,283704,Queens,LaGuardia Airport,false,0.3998
hvfhv,138,pickup,2023,3,369185,Queens,LaGuardia Airport,false,0.3998
hvfhv,138,pickup,2023,4,355759,Queens,LaGuardia Airport,false,0.3998
hvfhv,138,pickup,2023,5,407192,Queens,LaGuardia Airport,false,0.3998
hvfhv,138,pickup,2023,6,378298,Queens,LaGuardia Airport,false,0.3998
hvfhv,138,pickup,2024,2,336430,Queens,LaGuardia Airport,false,0.3998
hvfhv,138,pickup,2024,3,388298,Queens,LaGuardia Airport,false,0.3998
hvfhv,138,pickup,2024,4,393009,Queens,LaGuardia Airport,false,0.3998
hvfhv,138,pickup,2024,5,434578,Queens,LaGuardia Airport,false,0.3998
hvfhv,138,pickup,2024,6,407169,Queens,LaGuardia Airport,false,0.3998
hvfhv,139,dropoff,2023,2,25439,Queens,Laurelton,false,0.0155
hvfhv,139,dropoff,2023,3,30064,Queens,Laurelton,false,0.0155
hvfhv,139,dropoff,2023,4,27434,Queens,Laurelton,false,0.0155
hvfhv,139,dropoff,2023,5,30087,Queens,Laurelton,false,0.0155
hvfhv,139,dropoff,2023,6,29170,Queens,Laurelton,false,0.0155
hvfhv,139,dropoff,2024,2,28076,Queens,Laurelton,false,0.0155
hvfhv,139,dropoff,2024,3,32183,Queens,Laurelton,false,0.0155
hvfhv,139,dropoff,2024,4,29567,Queens,Laurelton,false,0.0155
hvfhv,139,dropoff,2024,5,31845,Queens,Laurelton,false,0.0155
hvfhv,139,dropoff,2024,6,31162,Queens,Laurelton,false,0.0155
hvfhv,139,pickup,2023,2,31143,Queens,Laurelton,false,0.0107
hvfhv,139,pickup,2023,3,36469,Queens,Laurelton,false,0.0107
hvfhv,139,pickup,2023,4,33612,Queens,Laurelton,false,0.0107
hvfhv,139,pickup,2023,5,36452,Queens,Laurelton,false,0.0107
hvfhv,139,pickup,2023,6,35547,Queens,Laurelton,false,0.0107
hvfhv,139,pickup,2024,2,34304,Queens,Laurelton,false,0.0107
hvfhv,139,pickup,2024,3,38930,Queens,Laurelton,false,0.0107
hvfhv,139,pickup,2024,4,36300,Queens,Laurelton,false,0.0107
hvfhv,139,pickup,2024,5,38838,Queens,Laurelton,false,0.0107
hvfhv,139,pickup,2024,6,38158,Queens,Laurelton,false,0.0107
hvfhv,140,dropoff,2023,2,113775,Manhattan,Lenox Hill East,false,0.395
hvfhv,140,dropoff,2023,3,127868,Manhattan,Lenox Hill East,false,0.395
hvfhv,140,dropoff,2023,4,114353,Manhattan,Lenox Hill East,false,0.395
hvfhv,140,dropoff,2023,5,116939,Manhattan,Lenox Hill East,false,0.395
hvfhv,140,dropoff,2023,6,114088,Manhattan,Lenox Hill East,false,0.395
hvfhv,140,dropoff,2024,2,123205,Manhattan,Lenox Hill East,false,0.395
hvfhv,140,dropoff,2024,3,128351,Manhattan,Lenox Hill East,false,0.395
hvfhv,140,dropoff,2024,4,120242,Manhattan,Lenox Hill East,false,0.395
hvfhv,140,dropoff,2024,5,123016,Manhattan,Lenox Hill East,false,0.395
hvfhv,140,dropoff,2024,6,111826,Manhattan,Lenox Hill East,false,0.395
hvfhv,140,pickup,2023,2,112852,Manhattan,Lenox Hill East,false,0.4012
hvfhv,140,pickup,2023,3,127207,Manhattan,Lenox Hill East,false,0.4012
hvfhv,140,pickup,2023,4,113254,Manhattan,Lenox Hill East,false,0.4012
hvfhv,140,pickup,2023,5,117485,Manhattan,Lenox Hill East,false,0.4012
hvfhv,140,pickup,2023,6,115104,Manhattan,Lenox Hill East,false,0.4012
hvfhv,140,pickup,2024,2,119718,Manhattan,Lenox Hill East,false,0.4012
hvfhv,140,pickup,2024,3,125763,Manhattan,Lenox Hill East,false,0.4012
hvfhv,140,pickup,2024,4,118186,Manhattan,Lenox Hill East,false,0.4012
hvfhv,140,pickup,2024,5,120939,Manhattan,Lenox Hill East,false,0.4012
hvfhv,140,pickup,2024,6,111394,Manhattan,Lenox Hill East,false,0.4012
hvfhv,141,dropoff,2023,2,115358,Manhattan,Lenox Hill West,false,0.4653
hvfhv,141,dropoff,2023,3,123877,Manhattan,Lenox Hill West,false,0.4653
hvfhv,141,dropoff,2023,4,117646,Manhattan,Lenox Hill West,false,0.4653
hvfhv,141,dropoff,2023,5,113786,Manhattan,Lenox Hill West,false,0.4653
hvfhv,141,dropoff,2023,6,112541,Manhattan,Lenox Hill West,false,0.4653
hvfhv,141,dropoff,2024,2,115036,Manhattan,Lenox Hill West,false,0.4653
hvfhv,141,dropoff,2024,3,121706,Manhattan,Lenox Hill West,false,0.4653
hvfhv,141,dropoff,2024,4,111060,Manhattan,Lenox Hill West,false,0.4653
hvfhv,141,dropoff,2024,5,113242,Manhattan,Lenox Hill West,false,0.4653
hvfhv,141,dropoff,2024,6,106295,Manhattan,Lenox Hill West,false,0.4653
hvfhv,141,pickup,2023,2,127532,Manhattan,Lenox Hill West,false,0.4334
hvfhv,141,pickup,2023,3,139365,Manhattan,Lenox Hill West,false,0.4334
hvfhv,141,pickup,2023,4,132164,Manhattan,Lenox Hill West,false,0.4334
hvfhv,141,pickup,2023,5,132565,Manhattan,Lenox Hill West,false,0.4334
hvfhv,141,pickup,2023,6,130689,Manhattan,Lenox Hill West,false,0.4334
hvfhv,141,pickup,2024,2,131158,Manhattan,Lenox Hill West,false,0.4334
hvfhv,141,pickup,2024,3,140735,Manhattan,Lenox Hill West,false,0.4334
hvfhv,141,pickup,2024,4,130105,Manhattan,Lenox Hill West,false,0.4334
hvfhv,141,pickup,2024,5,137119,Manhattan,Lenox Hill West,false,0.4334
hvfhv,141,pickup,2024,6,128657,Manhattan,Lenox Hill West,false,0.4334
hvfhv,142,dropoff,2023,2,125189,Manhattan,Lincoln Square East,false,0.4579
hvfhv,142,dropoff,2023,3,136934,Manhattan,Lincoln Square East,false,0.4579
hvfhv,142,dropoff,2023,4,137206,Manhattan,Lincoln Square East,false,0.4579
hvfhv,142,dropoff,2023,5,140605,Manhattan,Lincoln Square East,false,0.4579
hvfhv,142,dropoff,2023,6,129383,Manhattan,Lincoln Square East,false,0.4579
hvfhv,142,dropoff,2024,2,127316,Manhattan,Lincoln Square East,false,0.4579
hvfhv,142,dropoff,2024,3,137320,Manhattan,Lincoln Square East,false,0.4579
hvfhv,142,dropoff,2024,4,135629,Manhattan,Lincoln Square East,false,0.4579
hvfhv,142,dropoff,2024,5,138387,Manhattan,Lincoln Square East,false,0.4579
hvfhv,142,dropoff,2024,6,123426,Manhattan,Lincoln Square East,false,0.4579
hvfhv,142,pickup,2023,2,130206,Manhattan,Lincoln Square East,false,0.4333
hvfhv,142,pickup,2023,3,146159,Manhattan,Lincoln Square East,false,0.4333
hvfhv,142,pickup,2023,4,145786,Manhattan,Lincoln Square East,false,0.4333
hvfhv,142,pickup,2023,5,151737,Manhattan,Lincoln Square East,false,0.4333
hvfhv,142,pickup,2023,6,139475,Manhattan,Lincoln Square East,false,0.4333
hvfhv,142,pickup,2024,2,133745,Manhattan,Lincoln Square East,false,0.4333
hvfhv,142,pickup,2024,3,147498,Manhattan,Lincoln Square East,false,0.4333
hvfhv,142,pickup,2024,4,145656,Manhattan,Lincoln Square East,false,0.4333
hvfhv,142,pickup,2024,5,151033,Manhattan,Lincoln Square East,false,0.4333
hvfhv,142,pickup,2024,6,133393,Manhattan,Lincoln Square East,false,0.4333
hvfhv,143,dropoff,2023,2,80335,Manhattan,Lincoln Square West,false,0.481
hvfhv,143,dropoff,2023,3,86882,Manhattan,Lincoln Square West,false,0.481
hvfhv,143,dropoff,2023,4,80746,Manhattan,Lincoln Square West,false,0.481
hvfhv,143,dropoff,2023,5,83011,Manhattan,Lincoln Square West,false,0.481
hvfhv,143,dropoff,2023,6,76752,Manhattan,Lincoln Square West,false,0.481
hvfhv,143,dropoff,2024,2,81609,Manhattan,Lincoln Square West,false,0.481
hvfhv,143,dropoff,2024,3,83455,Manhattan,Lincoln Square West,false,0.481
hvfhv,143,dropoff,2024,4,79936,Manhattan,Lincoln Square West,false,0.481
hvfhv,143,dropoff,2024,5,80670,Manhattan,Lincoln Square West,false,0.481
hvfhv,143,dropoff,2024,6,71912,Manhattan,Lincoln Square West,false,0.481
hvfhv,143,pickup,2023,2,101749,Manhattan,Lincoln Square West,false,0.463
hvfhv,143,pickup,2023,3,111246,Manhattan,Lincoln Square West,false,0.463
hvfhv,143,pickup,2023,4,105081,Manhattan,Lincoln Square West,false,0.463
hvfhv,143,pickup,2023,5,108551,Manhattan,Lincoln Square West,false,0.463
hvfhv,143,pickup,2023,6,101369,Manhattan,Lincoln Square West,false,0.463
hvfhv,143,pickup,2024,2,104756,Manhattan,Lincoln Square West,false,0.463
hvfhv,143,pickup,2024,3,107853,Manhattan,Lincoln Square West,false,0.463
hvfhv,143,pickup,2024,4,105057,Manhattan,Lincoln Square West,false,0.463
hvfhv,143,pickup,2024,5,106810,Manhattan,Lincoln Square West,false,0.463
hvfhv,143,pickup,2024,6,96794,Manhattan,Lincoln Square West,false,0.463
hvfhv,144,dropoff,2023,2,128805,Manhattan,Little Italy/NoLiTa,true,1.0
hvfhv,144,dropoff,2023,3,131256,Manhattan,Little Italy/NoLiTa,true,1.0
hvfhv,144,dropoff,2023,4,131382,Manhattan,Little Italy/NoLiTa,true,1.0
hvfhv,144,dropoff,2023,5,124085,Manhattan,Little Italy/NoLiTa,true,1.0
hvfhv,144,dropoff,2023,6,123778,Manhattan,Little Italy/NoLiTa,true,1.0
hvfhv,144,dropoff,2024,2,126579,Manhattan,Little Italy/NoLiTa,true,1.0
hvfhv,144,dropoff,2024,3,130762,Manhattan,Little Italy/NoLiTa,true,1.0
hvfhv,144,dropoff,2024,4,117734,Manhattan,Little Italy/NoLiTa,true,1.0
hvfhv,144,dropoff,2024,5,122882,Manhattan,Little Italy/NoLiTa,true,1.0
hvfhv,144,dropoff,2024,6,120277,Manhattan,Little Italy/NoLiTa,true,1.0
hvfhv,144,pickup,2023,2,150962,Manhattan,Little Italy/NoLiTa,true,1.0
hvfhv,144,pickup,2023,3,156944,Manhattan,Little Italy/NoLiTa,true,1.0
hvfhv,144,pickup,2023,4,156441,Manhattan,Little Italy/NoLiTa,true,1.0
hvfhv,144,pickup,2023,5,148860,Manhattan,Little Italy/NoLiTa,true,1.0
hvfhv,144,pickup,2023,6,146050,Manhattan,Little Italy/NoLiTa,true,1.0
hvfhv,144,pickup,2024,2,151575,Manhattan,Little Italy/NoLiTa,true,1.0
hvfhv,144,pickup,2024,3,157178,Manhattan,Little Italy/NoLiTa,true,1.0
hvfhv,144,pickup,2024,4,142446,Manhattan,Little Italy/NoLiTa,true,1.0
hvfhv,144,pickup,2024,5,150897,Manhattan,Little Italy/NoLiTa,true,1.0
hvfhv,144,pickup,2024,6,144853,Manhattan,Little Italy/NoLiTa,true,1.0
hvfhv,145,dropoff,2023,2,139776,Queens,Long Island City/Hunters Point,false,0.279
hvfhv,145,dropoff,2023,3,152779,Queens,Long Island City/Hunters Point,false,0.279
hvfhv,145,dropoff,2023,4,147611,Queens,Long Island City/Hunters Point,false,0.279
hvfhv,145,dropoff,2023,5,152950,Queens,Long Island City/Hunters Point,false,0.279
hvfhv,145,dropoff,2023,6,144090,Queens,Long Island City/Hunters Point,false,0.279
hvfhv,145,dropoff,2024,2,150880,Queens,Long Island City/Hunters Point,false,0.279
hvfhv,145,dropoff,2024,3,170080,Queens,Long Island City/Hunters Point,false,0.279
hvfhv,145,dropoff,2024,4,156012,Queens,Long Island City/Hunters Point,false,0.279
hvfhv,145,dropoff,2024,5,166227,Queens,Long Island City/Hunters Point,false,0.279
hvfhv,145,dropoff,2024,6,161239,Queens,Long Island City/Hunters Point,false,0.279
hvfhv,145,pickup,2023,2,141061,Queens,Long Island City/Hunters Point,false,0.2231
hvfhv,145,pickup,2023,3,154542,Queens,Long Island City/Hunters Point,false,0.2231
hvfhv,145,pickup,2023,4,151042,Queens,Long Island City/Hunters Point,false,0.2231
hvfhv,145,pickup,2023,5,158006,Queens,Long Island City/Hunters Point,false,0.2231
hvfhv,145,pickup,2023,6,150532,Queens,Long Island City/Hunters Point,false,0.2231
hvfhv,145,pickup,2024,2,151412,Queens,Long Island City/Hunters Point,false,0.2231
hvfhv,145,pickup,2024,3,175122,Queens,Long Island City/Hunters Point,false,0.2231
hvfhv,145,pickup,2024,4,157692,Queens,Long Island City/Hunters Point,false,0.2231
hvfhv,145,pickup,2024,5,170250,Queens,Long Island City/Hunters Point,false,0.2231
hvfhv,145,pickup,2024,6,167245,Queens,Long Island City/Hunters Point,false,0.2231
hvfhv,146,dropoff,2023,2,45231,Queens,Long Island City/Queens Plaza,false,0.2203
hvfhv,146,dropoff,2023,3,51038,Queens,Long Island City/Queens Plaza,false,0.2203
hvfhv,146,dropoff,2023,4,48185,Queens,Long Island City/Queens Plaza,false,0.2203
hvfhv,146,dropoff,2023,5,50977,Queens,Long Island City/Queens Plaza,false,0.2203
hvfhv,146,dropoff,2023,6,49156,Queens,Long Island City/Queens Plaza,false,0.2203
hvfhv,146,dropoff,2024,2,48669,Queens,Long Island City/Queens Plaza,false,0.2203
hvfhv,146,dropoff,2024,3,55443,Queens,Long Island City/Queens Plaza,false,0.2203
hvfhv,146,dropoff,2024,4,49213,Queens,Long Island City/Queens Plaza,false,0.2203
hvfhv,146,dropoff,2024,5,52828,Queens,Long Island City/Queens Plaza,false,0.2203
hvfhv,146,dropoff,2024,6,51517,Queens,Long Island City/Queens Plaza,false,0.2203
hvfhv,146,pickup,2023,2,45078,Queens,Long Island City/Queens Plaza,false,0.169
hvfhv,146,pickup,2023,3,50732,Queens,Long Island City/Queens Plaza,false,0.169
hvfhv,146,pickup,2023,4,48011,Queens,Long Island City/Queens Plaza,false,0.169
hvfhv,146,pickup,2023,5,50966,Queens,Long Island City/Queens Plaza,false,0.169
hvfhv,146,pickup,2023,6,50172,Queens,Long Island City/Queens Plaza,false,0.169
hvfhv,146,pickup,2024,2,46346,Queens,Long Island City/Queens Plaza,false,0.169
hvfhv,146,pickup,2024,3,53910,Queens,Long Island City/Queens Plaza,false,0.169
hvfhv,146,pickup,2024,4,47530,Queens,Long Island City/Queens Plaza,false,0.169
hvfhv,146,pickup,2024,5,49947,Queens,Long Island City/Queens Plaza,false,0.169
hvfhv,146,pickup,2024,6,50585,Queens,Long Island City/Queens Plaza,false,0.169
hvfhv,147,dropoff,2023,2,34033,Bronx,Longwood,false,0.0427
hvfhv,147,dropoff,2023,3,41098,Bronx,Longwood,false,0.0427
hvfhv,147,dropoff,2023,4,37149,Bronx,Longwood,false,0.0427
hvfhv,147,dropoff,2023,5,38200,Bronx,Longwood,false,0.0427
hvfhv,147,dropoff,2023,6,36190,Bronx,Longwood,false,0.0427
hvfhv,147,dropoff,2024,2,38057,Bronx,Longwood,false,0.0427
hvfhv,147,dropoff,2024,3,43402,Bronx,Longwood,false,0.0427
hvfhv,147,dropoff,2024,4,38583,Bronx,Longwood,false,0.0427
hvfhv,147,dropoff,2024,5,39755,Bronx,Longwood,false,0.0427
hvfhv,147,dropoff,2024,6,38170,Bronx,Longwood,false,0.0427
hvfhv,147,pickup,2023,2,35785,Bronx,Longwood,false,0.0368
hvfhv,147,pickup,2023,3,43579,Bronx,Longwood,false,0.0368
hvfhv,147,pickup,2023,4,38725,Bronx,Longwood,false,0.0368
hvfhv,147,pickup,2023,5,40279,Bronx,Longwood,false,0.0368
hvfhv,147,pickup,2023,6,37819,Bronx,Longwood,false,0.0368
hvfhv,147,pickup,2024,2,39911,Bronx,Longwood,false,0.0368
hvfhv,147,pickup,2024,3,45604,Bronx,Longwood,false,0.0368
hvfhv,147,pickup,2024,4,41094,Bronx,Longwood,false,0.0368
hvfhv,147,pickup,2024,5,43185,Bronx,Longwood,false,0.0368
hvfhv,147,pickup,2024,6,41016,Bronx,Longwood,false,0.0368
hvfhv,148,dropoff,2023,2,166761,Manhattan,Lower East Side,true,1.0
hvfhv,148,dropoff,2023,3,175272,Manhattan,Lower East Side,true,1.0
hvfhv,148,dropoff,2023,4,174226,Manhattan,Lower East Side,true,1.0
hvfhv,148,dropoff,2023,5,165772,Manhattan,Lower East Side,true,1.0
hvfhv,148,dropoff,2023,6,165681,Manhattan,Lower East Side,true,1.0
hvfhv,148,dropoff,2024,2,168004,Manhattan,Lower East Side,true,1.0
hvfhv,148,dropoff,2024,3,172150,Manhattan,Lower East Side,true,1.0
hvfhv,148,dropoff,2024,4,153585,Manhattan,Lower East Side,true,1.0
hvfhv,148,dropoff,2024,5,161035,Manhattan,Lower East Side,true,1.0
hvfhv,148,dropoff,2024,6,163584,Manhattan,Lower East Side,true,1.0
hvfhv,148,pickup,2023,2,209656,Manhattan,Lower East Side,true,1.0
hvfhv,148,pickup,2023,3,218162,Manhattan,Lower East Side,true,1.0
hvfhv,148,pickup,2023,4,220810,Manhattan,Lower East Side,true,1.0
hvfhv,148,pickup,2023,5,212132,Manhattan,Lower East Side,true,1.0
hvfhv,148,pickup,2023,6,209516,Manhattan,Lower East Side,true,1.0
hvfhv,148,pickup,2024,2,214971,Manhattan,Lower East Side,true,1.0
hvfhv,148,pickup,2024,3,223622,Manhattan,Lower East Side,true,1.0
hvfhv,148,pickup,2024,4,199560,Manhattan,Lower East Side,true,1.0
hvfhv,148,pickup,2024,5,209620,Manhattan,Lower East Side,true,1.0
hvfhv,148,pickup,2024,6,212672,Manhattan,Lower East Side,true,1.0
hvfhv,149,dropoff,2023,2,39844,Brooklyn,Madison,false,0.0358
hvfhv,149,dropoff,2023,3,47132,Brooklyn,Madison,false,0.0358
hvfhv,149,dropoff,2023,4,39227,Brooklyn,Madison,false,0.0358
hvfhv,149,dropoff,2023,5,43116,Brooklyn,Madison,false,0.0358
hvfhv,149,dropoff,2023,6,41833,Brooklyn,Madison,false,0.0358
hvfhv,149,dropoff,2024,2,45425,Brooklyn,Madison,false,0.0358
hvfhv,149,dropoff,2024,3,50377,Brooklyn,Madison,false,0.0358
hvfhv,149,dropoff,2024,4,46225,Brooklyn,Madison,false,0.0358
hvfhv,149,dropoff,2024,5,47897,Brooklyn,Madison,false,0.0358
hvfhv,149,dropoff,2024,6,43874,Brooklyn,Madison,false,0.0358
hvfhv,149,pickup,2023,2,39424,Brooklyn,Madison,false,0.0261
hvfhv,149,pickup,2023,3,46993,Brooklyn,Madison,false,0.0261
hvfhv,149,pickup,2023,4,39871,Brooklyn,Madison,false,0.0261
hvfhv,149,pickup,2023,5,43434,Brooklyn,Madison,false,0.0261
hvfhv,149,pickup,2023,6,42086,Brooklyn,Madison,false,0.0261
hvfhv,149,pickup,2024,2,45308,Brooklyn,Madison,false,0.0261
hvfhv,149,pickup,2024,3,50260,Brooklyn,Madison,false,0.0261
hvfhv,149,pickup,2024,4,46691,Brooklyn,Madison,false,0.0261
hvfhv,149,pickup,2024,5,48147,Brooklyn,Madison,false,0.0261
hvfhv,149,pickup,2024,6,45094,Brooklyn,Madison,false,0.0261
hvfhv,150,dropoff,2023,2,18123,Brooklyn,Manhattan Beach,false,0.0315
hvfhv,150,dropoff,2023,3,23277,Brooklyn,Manhattan Beach,false,0.0315
hvfhv,150,dropoff,2023,4,20670,Brooklyn,Manhattan Beach,false,0.0315
hvfhv,150,dropoff,2023,5,23385,Brooklyn,Manhattan Beach,false,0.0315
hvfhv,150,dropoff,2023,6,22720,Brooklyn,Manhattan Beach,false,0.0315
hvfhv,150,dropoff,2024,2,20195,Brooklyn,Manhattan Beach,false,0.0315
hvfhv,150,dropoff,2024,3,26002,Brooklyn,Manhattan Beach,false,0.0315
hvfhv,150,dropoff,2024,4,23630,Brooklyn,Manhattan Beach,false,0.0315
hvfhv,150,dropoff,2024,5,25963,Brooklyn,Manhattan Beach,false,0.0315
hvfhv,150,dropoff,2024,6,25799,Brooklyn,Manhattan Beach,false,0.0315
hvfhv,150,pickup,2023,2,16517,Brooklyn,Manhattan Beach,false,0.0297
hvfhv,150,pickup,2023,3,20165,Brooklyn,Manhattan Beach,false,0.0297
hvfhv,150,pickup,2023,4,18368,Brooklyn,Manhattan Beach,false,0.0297
hvfhv,150,pickup,2023,5,20676,Brooklyn,Manhattan Beach,false,0.0297
hvfhv,150,pickup,2023,6,20170,Brooklyn,Manhattan Beach,false,0.0297
hvfhv,150,pickup,2024,2,18326,Brooklyn,Manhattan Beach,false,0.0297
hvfhv,150,pickup,2024,3,22117,Brooklyn,Manhattan Beach,false,0.0297
hvfhv,150,pickup,2024,4,20839,Brooklyn,Manhattan Beach,false,0.0297
hvfhv,150,pickup,2024,5,22460,Brooklyn,Manhattan Beach,false,0.0297
hvfhv,150,pickup,2024,6,22391,Brooklyn,Manhattan Beach,false,0.0297
hvfhv,151,dropoff,2023,2,50011,Manhattan,Manhattan Valley,false,0.2756
hvfhv,151,dropoff,2023,3,54559,Manhattan,Manhattan Valley,false,0.2756
hvfhv,151,dropoff,2023,4,52656,Manhattan,Manhattan Valley,false,0.2756
hvfhv,151,dropoff,2023,5,54165,Manhattan,Manhattan Valley,false,0.2756
hvfhv,151,dropoff,2023,6,51873,Manhattan,Manhattan Valley,false,0.2756
hvfhv,151,dropoff,2024,2,53245,Manhattan,Manhattan Valley,false,0.2756
hvfhv,151,dropoff,2024,3,56382,Manhattan,Manhattan Valley,false,0.2756
hvfhv,151,dropoff,2024,4,53310,Manhattan,Manhattan Valley,false,0.2756
hvfhv,151,dropoff,2024,5,55901,Manhattan,Manhattan Valley,false,0.2756
hvfhv,151,dropoff,2024,6,52502,Manhattan,Manhattan Valley,false,0.2756
hvfhv,151,pickup,2023,2,55463,Manhattan,Manhattan Valley,false,0.2301
hvfhv,151,pickup,2023,3,61023,Manhattan,Manhattan Valley,false,0.2301
hvfhv,151,pickup,2023,4,58983,Manhattan,Manhattan Valley,false,0.2301
hvfhv,151,pickup,2023,5,61250,Manhattan,Manhattan Valley,false,0.2301
hvfhv,151,pickup,2023,6,57828,Manhattan,Manhattan Valley,false,0.2301
hvfhv,151,pickup,2024,2,59943,Manhattan,Manhattan Valley,false,0.2301
hvfhv,151,pickup,2024,3,62414,Manhattan,Manhattan Valley,false,0.2301
hvfhv,151,pickup,2024,4,60831,Manhattan,Manhattan Valley,false,0.2301
hvfhv,151,pickup,2024,5,61968,Manhattan,Manhattan Valley,false,0.2301
hvfhv,151,pickup,2024,6,58429,Manhattan,Manhattan Valley,false,0.2301
hvfhv,152,dropoff,2023,2,46171,Manhattan,Manhattanville,false,0.1489
hvfhv,152,dropoff,2023,3,51649,Manhattan,Manhattanville,false,0.1489
hvfhv,152,dropoff,2023,4,48818,Manhattan,Manhattanville,false,0.1489
hvfhv,152,dropoff,2023,5,49249,Manhattan,Manhattanville,false,0.1489
hvfhv,152,dropoff,2023,6,43409,Manhattan,Manhattanville,false,0.1489
hvfhv,152,dropoff,2024,2,48320,Manhattan,Manhattanville,false,0.1489
hvfhv,152,dropoff,2024,3,50353,Manhattan,Manhattanville,false,0.1489
hvfhv,152,dropoff,2024,4,47869,Manhattan,Manhattanville,false,0.1489
hvfhv,152,dropoff,2024,5,47916,Manhattan,Manhattanville,false,0.1489
hvfhv,152,dropoff,2024,6,44267,Manhattan,Manhattanville,false,0.1489
hvfhv,152,pickup,2023,2,44110,Manhattan,Manhattanville,false,0.143
hvfhv,152,pickup,2023,3,48567,Manhattan,Manhattanville,false,0.143
hvfhv,152,pickup,2023,4,46082,Manhattan,Manhattanville,false,0.143
hvfhv,152,pickup,2023,5,46318,Manhattan,Manhattanville,false,0.143
hvfhv,152,pickup,2023,6,42235,Manhattan,Manhattanville,false,0.143
hvfhv,152,pickup,2024,2,45946,Manhattan,Manhattanville,false,0.143
hvfhv,152,pickup,2024,3,47268,Manhattan,Manhattanville,false,0.143
hvfhv,152,pickup,2024,4,47221,Manhattan,Manhattanville,false,0.143
hvfhv,152,pickup,2024,5,46859,Manhattan,Manhattanville,false,0.143
hvfhv,152,pickup,2024,6,44334,Manhattan,Manhattanville,false,0.143
hvfhv,153,dropoff,2023,2,13414,Manhattan,Marble Hill,false,0.035
hvfhv,153,dropoff,2023,3,15633,Manhattan,Marble Hill,false,0.035
hvfhv,153,dropoff,2023,4,14291,Manhattan,Marble Hill,false,0.035
hvfhv,153,dropoff,2023,5,14604,Manhattan,Marble Hill,false,0.035
hvfhv,153,dropoff,2023,6,13715,Manhattan,Marble Hill,false,0.035
hvfhv,153,dropoff,2024,2,15222,Manhattan,Marble Hill,false,0.035
hvfhv,153,dropoff,2024,3,16833,Manhattan,Marble Hill,false,0.035
hvfhv,153,dropoff,2024,4,14838,Manhattan,Marble Hill,false,0.035
hvfhv,153,dropoff,2024,5,15594,Manhattan,Marble Hill,false,0.035
hvfhv,153,dropoff,2024,6,15228,Manhattan,Marble Hill,false,0.035
hvfhv,153,pickup,2023,2,16212,Manhattan,Marble Hill,false,0.0297
hvfhv,153,pickup,2023,3,18725,Manhattan,Marble Hill,false,0.0297
hvfhv,153,pickup,2023,4,17061,Manhattan,Marble Hill,false,0.0297
hvfhv,153,pickup,2023,5,17221,Manhattan,Marble Hill,false,0.0297
hvfhv,153,pickup,2023,6,16787,Manhattan,Marble Hill,false,0.0297
hvfhv,153,pickup,2024,2,19161,Manhattan,Marble Hill,false,0.0297
hvfhv,153,pickup,2024,3,20293,Manhattan,Marble Hill,false,0.0297
hvfhv,153,pickup,2024,4,18436,Manhattan,Marble Hill,false,0.0297
hvfhv,153,pickup,2024,5,19182,Manhattan,Marble Hill,false,0.0297
hvfhv,153,pickup,2024,6,18776,Manhattan,Marble Hill,false,0.0297
hvfhv,154,dropoff,2023,2,1330,Brooklyn,Marine Park/Floyd Bennett Field,false,0.0503
hvfhv,154,dropoff,2023,3,1683,Brooklyn,Marine Park/Floyd Bennett Field,false,0.0503
hvfhv,154,dropoff,2023,4,2425,Brooklyn,Marine Park/Floyd Bennett Field,false,0.0503
hvfhv,154,dropoff,2023,5,2788,Brooklyn,Marine Park/Floyd Bennett Field,false,0.0503
hvfhv,154,dropoff,2023,6,2837,Brooklyn,Marine Park/Floyd Bennett Field,false,0.0503
hvfhv,154,dropoff,2024,2,2387,Brooklyn,Marine Park/Floyd Bennett Field,false,0.0503
hvfhv,154,dropoff,2024,3,3067,Brooklyn,Marine Park/Floyd Bennett Field,false,0.0503
hvfhv,154,dropoff,2024,4,2878,Brooklyn,Marine Park/Floyd Bennett Field,false,0.0503
hvfhv,154,dropoff,2024,5,3620,Brooklyn,Marine Park/Floyd Bennett Field,false,0.0503
hvfhv,154,dropoff,2024,6,4046,Brooklyn,Marine Park/Floyd Bennett Field,false,0.0503
hvfhv,154,pickup,2023,2,1123,Brooklyn,Marine Park/Floyd Bennett Field,false,0.0519
hvfhv,154,pickup,2023,3,1426,Brooklyn,Marine Park/Floyd Bennett Field,false,0.0519
hvfhv,154,pickup,2023,4,1998,Brooklyn,Marine Park/Floyd Bennett Field,false,0.0519
hvfhv,154,pickup,2023,5,2192,Brooklyn,Marine Park/Floyd Bennett Field,false,0.0519
hvfhv,154,pickup,2023,6,2279,Brooklyn,Marine Park/Floyd Bennett Field,false,0.0519
hvfhv,154,pickup,2024,2,1704,Brooklyn,Marine Park/Floyd Bennett Field,false,0.0519
hvfhv,154,pickup,2024,3,2071,Brooklyn,Marine Park/Floyd Bennett Field,false,0.0519
hvfhv,154,pickup,2024,4,1999,Brooklyn,Marine Park/Floyd Bennett Field,false,0.0519
hvfhv,154,pickup,2024,5,2435,Brooklyn,Marine Park/Floyd Bennett Field,false,0.0519
hvfhv,154,pickup,2024,6,2705,Brooklyn,Marine Park/Floyd Bennett Field,false,0.0519
hvfhv,155,dropoff,2023,2,48761,Brooklyn,Marine Park/Mill Basin,false,0.0282
hvfhv,155,dropoff,2023,3,56674,Brooklyn,Marine Park/Mill Basin,false,0.0282
hvfhv,155,dropoff,2023,4,48871,Brooklyn,Marine Park/Mill Basin,false,0.0282
hvfhv,155,dropoff,2023,5,54257,Brooklyn,Marine Park/Mill Basin,false,0.0282
hvfhv,155,dropoff,2023,6,54278,Brooklyn,Marine Park/Mill Basin,false,0.0282
hvfhv,155,dropoff,2024,2,54007,Brooklyn,Marine Park/Mill Basin,false,0.0282
hvfhv,155,dropoff,2024,3,59734,Brooklyn,Marine Park/Mill Basin,false,0.0282
hvfhv,155,dropoff,2024,4,54876,Brooklyn,Marine Park/Mill Basin,false,0.0282
hvfhv,155,dropoff,2024,5,59236,Brooklyn,Marine Park/Mill Basin,false,0.0282
hvfhv,155,dropoff,2024,6,58636,Brooklyn,Marine Park/Mill Basin,false,0.0282
hvfhv,155,pickup,2023,2,47194,Brooklyn,Marine Park/Mill Basin,false,0.0229
hvfhv,155,pickup,2023,3,54092,Brooklyn,Marine Park/Mill Basin,false,0.0229
hvfhv,155,pickup,2023,4,46740,Brooklyn,Marine Park/Mill Basin,false,0.0229
hvfhv,155,pickup,2023,5,51984,Brooklyn,Marine Park/Mill Basin,false,0.0229
hvfhv,155,pickup,2023,6,52050,Brooklyn,Marine Park/Mill Basin,false,0.0229
hvfhv,155,pickup,2024,2,52119,Brooklyn,Marine Park/Mill Basin,false,0.0229
hvfhv,155,pickup,2024,3,57701,Brooklyn,Marine Park/Mill Basin,false,0.0229
hvfhv,155,pickup,2024,4,53353,Brooklyn,Marine Park/Mill Basin,false,0.0229
hvfhv,155,pickup,2024,5,57305,Brooklyn,Marine Park/Mill Basin,false,0.0229
hvfhv,155,pickup,2024,6,56245,Brooklyn,Marine Park/Mill Basin,false,0.0229
hvfhv,156,dropoff,2023,2,18488,Staten Island,Mariners Harbor,false,0.0176
hvfhv,156,dropoff,2023,3,22273,Staten Island,Mariners Harbor,false,0.0176
hvfhv,156,dropoff,2023,4,19733,Staten Island,Mariners Harbor,false,0.0176
hvfhv,156,dropoff,2023,5,21386,Staten Island,Mariners Harbor,false,0.0176
hvfhv,156,dropoff,2023,6,20888,Staten Island,Mariners Harbor,false,0.0176
hvfhv,156,dropoff,2024,2,22272,Staten Island,Mariners Harbor,false,0.0176
hvfhv,156,dropoff,2024,3,24613,Staten Island,Mariners Harbor,false,0.0176
hvfhv,156,dropoff,2024,4,21985,Staten Island,Mariners Harbor,false,0.0176
hvfhv,156,dropoff,2024,5,23059,Staten Island,Mariners Harbor,false,0.0176
hvfhv,156,dropoff,2024,6,22199,Staten Island,Mariners Harbor,false,0.0176
hvfhv,156,pickup,2023,2,21439,Staten Island,Mariners Harbor,false,0.011
hvfhv,156,pickup,2023,3,26035,Staten Island,Mariners Harbor,false,0.011
hvfhv,156,pickup,2023,4,23337,Staten Island,Mariners Harbor,false,0.011
hvfhv,156,pickup,2023,5,25830,Staten Island,Mariners Harbor,false,0.011
hvfhv,156,pickup,2023,6,24442,Staten Island,Mariners Harbor,false,0.011
hvfhv,156,pickup,2024,2,26187,Staten Island,Mariners Harbor,false,0.011
hvfhv,156,pickup,2024,3,28714,Staten Island,Mariners Harbor,false,0.011
hvfhv,156,pickup,2024,4,25675,Staten Island,Mariners Harbor,false,0.011
hvfhv,156,pickup,2024,5,27107,Staten Island,Mariners Harbor,false,0.011
hvfhv,156,pickup,2024,6,26187,Staten Island,Mariners Harbor,false,0.011
hvfhv,157,dropoff,2023,2,47662,Queens,Maspeth,false,0.0898
hvfhv,157,dropoff,2023,3,54622,Queens,Maspeth,false,0.0898
hvfhv,157,dropoff,2023,4,53161,Queens,Maspeth,false,0.0898
hvfhv,157,dropoff,2023,5,56308,Queens,Maspeth,false,0.0898
hvfhv,157,dropoff,2023,6,58967,Queens,Maspeth,false,0.0898
hvfhv,157,dropoff,2024,2,56523,Queens,Maspeth,false,0.0898
hvfhv,157,dropoff,2024,3,63415,Queens,Maspeth,false,0.0898
hvfhv,157,dropoff,2024,4,56272,Queens,Maspeth,false,0.0898
hvfhv,157,dropoff,2024,5,62443,Queens,Maspeth,false,0.0898
hvfhv,157,dropoff,2024,6,64464,Queens,Maspeth,false,0.0898
hvfhv,157,pickup,2023,2,49978,Queens,Maspeth,false,0.0947
hvfhv,157,pickup,2023,3,57878,Queens,Maspeth,false,0.0947
hvfhv,157,pickup,2023,4,57743,Queens,Maspeth,false,0.0947
hvfhv,157,pickup,2023,5,59807,Queens,Maspeth,false,0.0947
hvfhv,157,pickup,2023,6,61460,Queens,Maspeth,false,0.0947
hvfhv,157,pickup,2024,2,60058,Queens,Maspeth,false,0.0947
hvfhv,157,pickup,2024,3,66987,Queens,Maspeth,false,0.0947
hvfhv,157,pickup,2024,4,58833,Queens,Maspeth,false,0.0947
hvfhv,157,pickup,2024,5,65551,Queens,Maspeth,false,0.0947
hvfhv,157,pickup,2024,6,67614,Queens,Maspeth,false,0.0947
hvfhv,158,dropoff,2023,2,106745,Manhattan,Meatpacking/West Village West,true,1.0
hvfhv,158,dropoff,2023,3,109326,Manhattan,Meatpacking/West Village West,true,1.0
hvfhv,158,dropoff,2023,4,113235,Manhattan,Meatpacking/West Village West,true,1.0
hvfhv,158,dropoff,2023,5,111189,Manhattan,Meatpacking/West Village West,true,1.0
hvfhv,158,dropoff,2023,6,110813,Manhattan,Meatpacking/West Village West,true,1.0
hvfhv,158,dropoff,2024,2,104157,Manhattan,Meatpacking/West Village West,true,1.0
hvfhv,158,dropoff,2024,3,111762,Manhattan,Meatpacking/West Village West,true,1.0
hvfhv,158,dropoff,2024,4,108667,Manhattan,Meatpacking/West Village West,true,1.0
hvfhv,158,dropoff,2024,5,114111,Manhattan,Meatpacking/West Village West,true,1.0
hvfhv,158,dropoff,2024,6,112904,Manhattan,Meatpacking/West Village West,true,1.0
hvfhv,158,pickup,2023,2,118585,Manhattan,Meatpacking/West Village West,true,1.0
hvfhv,158,pickup,2023,3,123557,Manhattan,Meatpacking/West Village West,true,1.0
hvfhv,158,pickup,2023,4,128537,Manhattan,Meatpacking/West Village West,true,1.0
hvfhv,158,pickup,2023,5,129241,Manhattan,Meatpacking/West Village West,true,1.0
hvfhv,158,pickup,2023,6,127649,Manhattan,Meatpacking/West Village West,true,1.0
hvfhv,158,pickup,2024,2,117423,Manhattan,Meatpacking/West Village West,true,1.0
hvfhv,158,pickup,2024,3,126378,Manhattan,Meatpacking/West Village West,true,1.0
hvfhv,158,pickup,2024,4,121959,Manhattan,Meatpacking/West Village West,true,1.0
hvfhv,158,pickup,2024,5,130376,Manhattan,Meatpacking/West Village West,true,1.0
hvfhv,158,pickup,2024,6,127284,Manhattan,Meatpacking/West Village West,true,1.0
hvfhv,159,dropoff,2023,2,79344,Bronx,Melrose South,false,0.0391
hvfhv,159,dropoff,2023,3,95095,Bronx,Melrose South,false,0.0391
hvfhv,159,dropoff,2023,4,83170,Bronx,Melrose South,false,0.0391
hvfhv,159,dropoff,2023,5,86018,Bronx,Melrose South,false,0.0391
hvfhv,159,dropoff,2023,6,80474,Bronx,Melrose South,false,0.0391
hvfhv,159,dropoff,2024,2,90369,Bronx,Melrose South,false,0.0391
hvfhv,159,dropoff,2024,3,101126,Bronx,Melrose South,false,0.0391
hvfhv,159,dropoff,2024,4,91790,Bronx,Melrose South,false,0.0391
hvfhv,159,dropoff,2024,5,92467,Bronx,Melrose South,false,0.0391
hvfhv,159,dropoff,2024,6,86970,Bronx,Melrose South,false,0.0391
hvfhv,159,pickup,2023,2,79607,Bronx,Melrose South,false,0.0446
hvfhv,159,pickup,2023,3,94352,Bronx,Melrose South,false,0.0446
hvfhv,159,pickup,2023,4,81272,Bronx,Melrose South,false,0.0446
hvfhv,159,pickup,2023,5,83486,Bronx,Melrose South,false,0.0446
hvfhv,159,pickup,2023,6,78773,Bronx,Melrose South,false,0.0446
hvfhv,159,pickup,2024,2,88086,Bronx,Melrose South,false,0.0446
hvfhv,159,pickup,2024,3,97484,Bronx,Melrose South,false,0.0446
hvfhv,159,pickup,2024,4,89347,Bronx,Melrose South,false,0.0446
hvfhv,159,pickup,2024,5,89943,Bronx,Melrose South,false,0.0446
hvfhv,159,pickup,2024,6,85304,Bronx,Melrose South,false,0.0446
hvfhv,160,dropoff,2023,2,35959,Queens,Middle Village,false,0.077
hvfhv,160,dropoff,2023,3,40494,Queens,Middle Village,false,0.077
hvfhv,160,dropoff,2023,4,38018,Queens,Middle Village,false,0.077
hvfhv,160,dropoff,2023,5,41262,Queens,Middle Village,false,0.077
hvfhv,160,dropoff,2023,6,39381,Queens,Middle Village,false,0.077
hvfhv,160,dropoff,2024,2,40388,Queens,Middle Village,false,0.077
hvfhv,160,dropoff,2024,3,44795,Queens,Middle Village,false,0.077
hvfhv,160,dropoff,2024,4,41981,Queens,Middle Village,false,0.077
hvfhv,160,dropoff,2024,5,44910,Queens,Middle Village,false,0.077
hvfhv,160,dropoff,2024,6,44036,Queens,Middle Village,false,0.077
hvfhv,160,pickup,2023,2,35340,Queens,Middle Village,false,0.0598
hvfhv,160,pickup,2023,3,39802,Queens,Middle Village,false,0.0598
hvfhv,160,pickup,2023,4,37611,Queens,Middle Village,false,0.0598
hvfhv,160,pickup,2023,5,40051,Queens,Middle Village,false,0.0598
hvfhv,160,pickup,2023,6,39065,Queens,Middle Village,false,0.0598
hvfhv,160,pickup,2024,2,39547,Queens,Middle Village,false,0.0598
hvfhv,160,pickup,2024,3,44146,Queens,Middle Village,false,0.0598
hvfhv,160,pickup,2024,4,40967,Queens,Middle Village,false,0.0598
hvfhv,160,pickup,2024,5,43858,Queens,Middle Village,false,0.0598
hvfhv,160,pickup,2024,6,43125,Queens,Middle Village,false,0.0598
hvfhv,161,dropoff,2023,2,208245,Manhattan,Midtown Center,true,1.0
hvfhv,161,dropoff,2023,3,238470,Manhattan,Midtown Center,true,1.0
hvfhv,161,dropoff,2023,4,216710,Manhattan,Midtown Center,true,1.0
hvfhv,161,dropoff,2023,5,229545,Manhattan,Midtown Center,true,1.0
hvfhv,161,dropoff,2023,6,226574,Manhattan,Midtown Center,true,1.0
hvfhv,161,dropoff,2024,2,206979,Manhattan,Midtown Center,true,1.0
hvfhv,161,dropoff,2024,3,218831,Manhattan,Midtown Center,true,1.0
hvfhv,161,dropoff,2024,4,212043,Manhattan,Midtown Center,true,1.0
hvfhv,161,dropoff,2024,5,220537,Manhattan,Midtown Center,true,1.0
hvfhv,161,dropoff,2024,6,203523,Manhattan,Midtown Center,true,1.0
hvfhv,161,pickup,2023,2,232479,Manhattan,Midtown Center,true,1.0
hvfhv,161,pickup,2023,3,262205,Manhattan,Midtown Center,true,1.0
hvfhv,161,pickup,2023,4,232259,Manhattan,Midtown Center,true,1.0
hvfhv,161,pickup,2023,5,247942,Manhattan,Midtown Center,true,1.0
hvfhv,161,pickup,2023,6,249605,Manhattan,Midtown Center,true,1.0
hvfhv,161,pickup,2024,2,232658,Manhattan,Midtown Center,true,1.0
hvfhv,161,pickup,2024,3,240776,Manhattan,Midtown Center,true,1.0
hvfhv,161,pickup,2024,4,237271,Manhattan,Midtown Center,true,1.0
hvfhv,161,pickup,2024,5,245605,Manhattan,Midtown Center,true,1.0
hvfhv,161,pickup,2024,6,226926,Manhattan,Midtown Center,true,1.0
hvfhv,162,dropoff,2023,2,147549,Manhattan,Midtown East,true,1.0
hvfhv,162,dropoff,2023,3,171452,Manhattan,Midtown East,true,1.0
hvfhv,162,dropoff,2023,4,159216,Manhattan,Midtown East,true,1.0
hvfhv,162,dropoff,2023,5,166786,Manhattan,Midtown East,true,1.0
hvfhv,162,dropoff,2023,6,172211,Manhattan,Midtown East,true,1.0
hvfhv,162,dropoff,2024,2,154470,Manhattan,Midtown East,true,1.0
hvfhv,162,dropoff,2024,3,170066,Manhattan,Midtown East,true,1.0
hvfhv,162,dropoff,2024,4,161821,Manhattan,Midtown East,true,1.0
hvfhv,162,dropoff,2024,5,169759,Manhattan,Midtown East,true,1.0
hvfhv,162,dropoff,2024,6,171294,Manhattan,Midtown East,true,1.0
hvfhv,162,pickup,2023,2,150654,Manhattan,Midtown East,true,1.0
hvfhv,162,pickup,2023,3,173716,Manhattan,Midtown East,true,1.0
hvfhv,162,pickup,2023,4,154137,Manhattan,Midtown East,true,1.0
hvfhv,162,pickup,2023,5,164241,Manhattan,Midtown East,true,1.0
hvfhv,162,pickup,2023,6,163657,Manhattan,Midtown East,true,1.0
hvfhv,162,pickup,2024,2,156924,Manhattan,Midtown East,true,1.0
hvfhv,162,pickup,2024,3,168114,Manhattan,Midtown East,true,1.0
hvfhv,162,pickup,2024,4,159076,Manhattan,Midtown East,true,1.0
hvfhv,162,pickup,2024,5,164672,Manhattan,Midtown East,true,1.0
hvfhv,162,pickup,2024,6,157189,Manhattan,Midtown East,true,1.0
hvfhv,163,dropoff,2023,2,135559,Manhattan,Midtown North,true,1.0
hvfhv,163,dropoff,2023,3,150977,Manhattan,Midtown North,true,1.0
hvfhv,163,dropoff,2023,4,146549,Manhattan,Midtown North,true,1.0
hvfhv,163,dropoff,2023,5,152003,Manhattan,Midtown North,true,1.0
hvfhv,163,dropoff,2023,6,148320,Manhattan,Midtown North,true,1.0
hvfhv,163,dropoff,2024,2,139016,Manhattan,Midtown North,true,1.0
hvfhv,163,dropoff,2024,3,147491,Manhattan,Midtown North,true,1.0
hvfhv,163,dropoff,2024,4,142313,Manhattan,Midtown North,true,1.0
hvfhv,163,dropoff,2024,5,147777,Manhattan,Midtown North,true,1.0
hvfhv,163,dropoff,2024,6,138526,Manhattan,Midtown North,true,1.0
hvfhv,163,pickup,2023,2,157435,Manhattan,Midtown North,true,1.0
hvfhv,163,pickup,2023,3,178470,Manhattan,Midtown North,true,1.0
hvfhv,163,pickup,2023,4,169639,Manhattan,Midtown North,true,1.0
hvfhv,163,pickup,2023,5,178572,Manhattan,Midtown North,true,1.0
hvfhv,163,pickup,2023,6,173974,Manhattan,Midtown North,true,1.0
hvfhv,163,pickup,2024,2,162983,Manhattan,Midtown North,true,1.0
hvfhv,163,pickup,2024,3,173657,Manhattan,Midtown North,true,1.0
hvfhv,163,pickup,2024,4,166048,Manhattan,Midtown North,true,1.0
hvfhv,163,pickup,2024,5,175883,Manhattan,Midtown North,true,1.0
hvfhv,163,pickup,2024,6,162243,Manhattan,Midtown North,true,1.0
hvfhv,164,dropoff,2023,2,174329,Manhattan,Midtown South,true,1.0
hvfhv,164,dropoff,2023,3,191902,Manhattan,Midtown South,true,1.0
hvfhv,164,dropoff,2023,4,181841,Manhattan,Midtown South,true,1.0
hvfhv,164,dropoff,2023,5,185787,Manhattan,Midtown South,true,1.0
hvfhv,164,dropoff,2023,6,179771,Manhattan,Midtown South,true,1.0
hvfhv,164,dropoff,2024,2,175181,Manhattan,Midtown South,true,1.0
hvfhv,164,dropoff,2024,3,189742,Manhattan,Midtown South,true,1.0
hvfhv,164,dropoff,2024,4,173967,Manhattan,Midtown South,true,1.0
hvfhv,164,dropoff,2024,5,184996,Manhattan,Midtown South,true,1.0
hvfhv,164,dropoff,2024,6,174533,Manhattan,Midtown South,true,1.0
hvfhv,164,pickup,2023,2,202704,Manhattan,Midtown South,true,1.0
hvfhv,164,pickup,2023,3,224370,Manhattan,Midtown South,true,1.0
hvfhv,164,pickup,2023,4,213564,Manhattan,Midtown South,true,1.0
hvfhv,164,pickup,2023,5,218568,Manhattan,Midtown South,true,1.0
hvfhv,164,pickup,2023,6,212274,Manhattan,Midtown South,true,1.0
hvfhv,164,pickup,2024,2,205190,Manhattan,Midtown South,true,1.0
hvfhv,164,pickup,2024,3,223013,Manhattan,Midtown South,true,1.0
hvfhv,164,pickup,2024,4,203239,Manhattan,Midtown South,true,1.0
hvfhv,164,pickup,2024,5,220191,Manhattan,Midtown South,true,1.0
hvfhv,164,pickup,2024,6,208785,Manhattan,Midtown South,true,1.0
hvfhv,165,dropoff,2023,2,53237,Brooklyn,Midwood,false,0.0501
hvfhv,165,dropoff,2023,3,63626,Brooklyn,Midwood,false,0.0501
hvfhv,165,dropoff,2023,4,48236,Brooklyn,Midwood,false,0.0501
hvfhv,165,dropoff,2023,5,56497,Brooklyn,Midwood,false,0.0501
hvfhv,165,dropoff,2023,6,55122,Brooklyn,Midwood,false,0.0501
hvfhv,165,dropoff,2024,2,58234,Brooklyn,Midwood,false,0.0501
hvfhv,165,dropoff,2024,3,66283,Brooklyn,Midwood,false,0.0501
hvfhv,165,dropoff,2024,4,53981,Brooklyn,Midwood,false,0.0501
hvfhv,165,dropoff,2024,5,60801,Brooklyn,Midwood,false,0.0501
hvfhv,165,dropoff,2024,6,55857,Brooklyn,Midwood,false,0.0501
hvfhv,165,pickup,2023,2,55359,Brooklyn,Midwood,false,0.0407
hvfhv,165,pickup,2023,3,65714,Brooklyn,Midwood,false,0.0407
hvfhv,165,pickup,2023,4,49414,Brooklyn,Midwood,false,0.0407
hvfhv,165,pickup,2023,5,58440,Brooklyn,Midwood,false,0.0407
hvfhv,165,pickup,2023,6,57063,Brooklyn,Midwood,false,0.0407
hvfhv,165,pickup,2024,2,59026,Brooklyn,Midwood,false,0.0407
hvfhv,165,pickup,2024,3,66992,Brooklyn,Midwood,false,0.0407
hvfhv,165,pickup,2024,4,55871,Brooklyn,Midwood,false,0.0407
hvfhv,165,pickup,2024,5,62555,Brooklyn,Midwood,false,0.0407
hvfhv,165,pickup,2024,6,56397,Brooklyn,Midwood,false,0.0407
hvfhv,166,dropoff,2023,2,94587,Manhattan,Morningside Heights,false,0.2263
hvfhv,166,dropoff,2023,3,96433,Manhattan,Morningside Heights,false,0.2263
hvfhv,166,dropoff,2023,4,100444,Manhattan,Morningside Heights,false,0.2263
hvfhv,166,dropoff,2023,5,99122,Manhattan,Morningside Heights,false,0.2263
hvfhv,166,dropoff,2023,6,73460,Manhattan,Morningside Heights,false,0.2263
hvfhv,166,dropoff,2024,2,100663,Manhattan,Morningside Heights,false,0.2263
hvfhv,166,dropoff,2024,3,99937,Manhattan,Morningside Heights,false,0.2263
hvfhv,166,dropoff,2024,4,102477,Manhattan,Morningside Heights,false,0.2263
hvfhv,166,dropoff,2024,5,89433,Manhattan,Morningside Heights,false,0.2263
hvfhv,166,dropoff,2024,6,74794,Manhattan,Morningside Heights,false,0.2263
hvfhv,166,pickup,2023,2,88643,Manhattan,Morningside Heights,false,0.2049
hvfhv,166,pickup,2023,3,92601,Manhattan,Morningside Heights,false,0.2049
hvfhv,166,pickup,2023,4,95034,Manhattan,Morningside Heights,false,0.2049
hvfhv,166,pickup,2023,5,97096,Manhattan,Morningside Heights,false,0.2049
hvfhv,166,pickup,2023,6,70115,Manhattan,Morningside Heights,false,0.2049
hvfhv,166,pickup,2024,2,95357,Manhattan,Morningside Heights,false,0.2049
hvfhv,166,pickup,2024,3,94126,Manhattan,Morningside Heights,false,0.2049
hvfhv,166,pickup,2024,4,101651,Manhattan,Morningside Heights,false,0.2049
hvfhv,166,pickup,2024,5,93447,Manhattan,Morningside Heights,false,0.2049
hvfhv,166,pickup,2024,6,69192,Manhattan,Morningside Heights,false,0.2049
hvfhv,167,dropoff,2023,2,60754,Bronx,Morrisania/Melrose,false,0.038
hvfhv,167,dropoff,2023,3,72827,Bronx,Morrisania/Melrose,false,0.038
hvfhv,167,dropoff,2023,4,63666,Bronx,Morrisania/Melrose,false,0.038
hvfhv,167,dropoff,2023,5,65750,Bronx,Morrisania/Melrose,false,0.038
hvfhv,167,dropoff,2023,6,62404,Bronx,Morrisania/Melrose,false,0.038
hvfhv,167,dropoff,2024,2,66998,Bronx,Morrisania/Melrose,false,0.038
hvfhv,167,dropoff,2024,3,77010,Bronx,Morrisania/Melrose,false,0.038
hvfhv,167,dropoff,2024,4,69229,Bronx,Morrisania/Melrose,false,0.038
hvfhv,167,dropoff,2024,5,69933,Bronx,Morrisania/Melrose,false,0.038
hvfhv,167,dropoff,2024,6,68148,Bronx,Morrisania/Melrose,false,0.038
hvfhv,167,pickup,2023,2,64652,Bronx,Morrisania/Melrose,false,0.0392
hvfhv,167,pickup,2023,3,77391,Bronx,Morrisania/Melrose,false,0.0392
hvfhv,167,pickup,2023,4,68052,Bronx,Morrisania/Melrose,false,0.0392
hvfhv,167,pickup,2023,5,70260,Bronx,Morrisania/Melrose,false,0.0392
hvfhv,167,pickup,2023,6,66641,Bronx,Morrisania/Melrose,false,0.0392
hvfhv,167,pickup,2024,2,70949,Bronx,Morrisania/Melrose,false,0.0392
hvfhv,167,pickup,2024,3,81072,Bronx,Morrisania/Melrose,false,0.0392
hvfhv,167,pickup,2024,4,72871,Bronx,Morrisania/Melrose,false,0.0392
hvfhv,167,pickup,2024,5,73970,Bronx,Morrisania/Melrose,false,0.0392
hvfhv,167,pickup,2024,6,71914,Bronx,Morrisania/Melrose,false,0.0392
hvfhv,168,dropoff,2023,2,103126,Bronx,Mott Haven/Port Morris,false,0.0682
hvfhv,168,dropoff,2023,3,124729,Bronx,Mott Haven/Port Morris,false,0.0682
hvfhv,168,dropoff,2023,4,110209,Bronx,Mott Haven/Port Morris,false,0.0682
hvfhv,168,dropoff,2023,5,113621,Bronx,Mott Haven/Port Morris,false,0.0682
hvfhv,168,dropoff,2023,6,109336,Bronx,Mott Haven/Port Morris,false,0.0682
hvfhv,168,dropoff,2024,2,117848,Bronx,Mott Haven/Port Morris,false,0.0682
hvfhv,168,dropoff,2024,3,133739,Bronx,Mott Haven/Port Morris,false,0.0682
hvfhv,168,dropoff,2024,4,119402,Bronx,Mott Haven/Port Morris,false,0.0682
hvfhv,168,dropoff,2024,5,123163,Bronx,Mott Haven/Port Morris,false,0.0682
hvfhv,168,dropoff,2024,6,121189,Bronx,Mott Haven/Port Morris,false,0.0682
hvfhv,168,pickup,2023,2,103349,Bronx,Mott Haven/Port Morris,false,0.0628
hvfhv,168,pickup,2023,3,123817,Bronx,Mott Haven/Port Morris,false,0.0628
hvfhv,168,pickup,2023,4,110085,Bronx,Mott Haven/Port Morris,false,0.0628
hvfhv,168,pickup,2023,5,112256,Bronx,Mott Haven/Port Morris,false,0.0628
hvfhv,168,pickup,2023,6,108011,Bronx,Mott Haven/Port Morris,false,0.0628
hvfhv,168,pickup,2024,2,116811,Bronx,Mott Haven/Port Morris,false,0.0628
hvfhv,168,pickup,2024,3,131780,Bronx,Mott Haven/Port Morris,false,0.0628
hvfhv,168,pickup,2024,4,118141,Bronx,Mott Haven/Port Morris,false,0.0628
hvfhv,168,pickup,2024,5,123303,Bronx,Mott Haven/Port Morris,false,0.0628
hvfhv,168,pickup,2024,6,121841,Bronx,Mott Haven/Port Morris,false,0.0628
hvfhv,169,dropoff,2023,2,77013,Bronx,Mount Hope,false,0.0374
hvfhv,169,dropoff,2023,3,87497,Bronx,Mount Hope,false,0.0374
hvfhv,169,dropoff,2023,4,80045,Bronx,Mount Hope,false,0.0374
hvfhv,169,dropoff,2023,5,82566,Bronx,Mount Hope,false,0.0374
hvfhv,169,dropoff,2023,6,79576,Bronx,Mount Hope,false,0.0374
hvfhv,169,dropoff,2024,2,86864,Bronx,Mount Hope,false,0.0374
hvfhv,169,dropoff,2024,3,95193,Bronx,Mount Hope,false,0.0374
hvfhv,169,dropoff,2024,4,88406,Bronx,Mount Hope,false,0.0374
hvfhv,169,dropoff,2024,5,87922,Bronx,Mount Hope,false,0.0374
hvfhv,169,dropoff,2024,6,85961,Bronx,Mount Hope,false,0.0374
hvfhv,169,pickup,2023,2,81209,Bronx,Mount Hope,false,0.0333
hvfhv,169,pickup,2023,3,93915,Bronx,Mount Hope,false,0.0333
hvfhv,169,pickup,2023,4,85029,Bronx,Mount Hope,false,0.0333
hvfhv,169,pickup,2023,5,87353,Bronx,Mount Hope,false,0.0333
hvfhv,169,pickup,2023,6,84556,Bronx,Mount Hope,false,0.0333
hvfhv,169,pickup,2024,2,91699,Bronx,Mount Hope,false,0.0333
hvfhv,169,pickup,2024,3,102173,Bronx,Mount Hope,false,0.0333
hvfhv,169,pickup,2024,4,93887,Bronx,Mount Hope,false,0.0333
hvfhv,169,pickup,2024,5,94426,Bronx,Mount Hope,false,0.0333
hvfhv,169,pickup,2024,6,92736,Bronx,Mount Hope,false,0.0333
hvfhv,170,dropoff,2023,2,169975,Manhattan,Murray Hill,true,1.0
hvfhv,170,dropoff,2023,3,189359,Manhattan,Murray Hill,true,1.0
hvfhv,170,dropoff,2023,4,176266,Manhattan,Murray Hill,true,1.0
hvfhv,170,dropoff,2023,5,179519,Manhattan,Murray Hill,true,1.0
hvfhv,170,dropoff,2023,6,185120,Manhattan,Murray Hill,true,1.0
hvfhv,170,dropoff,2024,2,177860,Manhattan,Murray Hill,true,1.0
hvfhv,170,dropoff,2024,3,193121,Manhattan,Murray Hill,true,1.0
hvfhv,170,dropoff,2024,4,179677,Manhattan,Murray Hill,true,1.0
hvfhv,170,dropoff,2024,5,186927,Manhattan,Murray Hill,true,1.0
hvfhv,170,dropoff,2024,6,182228,Manhattan,Murray Hill,true,1.0
hvfhv,170,pickup,2023,2,180283,Manhattan,Murray Hill,true,1.0
hvfhv,170,pickup,2023,3,198677,Manhattan,Murray Hill,true,1.0
hvfhv,170,pickup,2023,4,179077,Manhattan,Murray Hill,true,1.0
hvfhv,170,pickup,2023,5,182297,Manhattan,Murray Hill,true,1.0
hvfhv,170,pickup,2023,6,186681,Manhattan,Murray Hill,true,1.0
hvfhv,170,pickup,2024,2,183453,Manhattan,Murray Hill,true,1.0
hvfhv,170,pickup,2024,3,196434,Manhattan,Murray Hill,true,1.0
hvfhv,170,pickup,2024,4,179982,Manhattan,Murray Hill,true,1.0
hvfhv,170,pickup,2024,5,187492,Manhattan,Murray Hill,true,1.0
hvfhv,170,pickup,2024,6,181174,Manhattan,Murray Hill,true,1.0
hvfhv,171,dropoff,2023,2,32339,Queens,Murray Hill-Queens,false,0.0508
hvfhv,171,dropoff,2023,3,36394,Queens,Murray Hill-Queens,false,0.0508
hvfhv,171,dropoff,2023,4,34276,Queens,Murray Hill-Queens,false,0.0508
hvfhv,171,dropoff,2023,5,35823,Queens,Murray Hill-Queens,false,0.0508
hvfhv,171,dropoff,2023,6,35068,Queens,Murray Hill-Queens,false,0.0508
hvfhv,171,dropoff,2024,2,35323,Queens,Murray Hill-Queens,false,0.0508
hvfhv,171,dropoff,2024,3,38650,Queens,Murray Hill-Queens,false,0.0508
hvfhv,171,dropoff,2024,4,36131,Queens,Murray Hill-Queens,false,0.0508
hvfhv,171,dropoff,2024,5,38534,Queens,Murray Hill-Queens,false,0.0508
hvfhv,171,dropoff,2024,6,37419,Queens,Murray Hill-Queens,false,0.0508
hvfhv,171,pickup,2023,2,33084,Queens,Murray Hill-Queens,false,0.0363
hvfhv,171,pickup,2023,3,37209,Queens,Murray Hill-Queens,false,0.0363
hvfhv,171,pickup,2023,4,34224,Queens,Murray Hill-Queens,false,0.0363
hvfhv,171,pickup,2023,5,36239,Queens,Murray Hill-Queens,false,0.0363
hvfhv,171,pickup,2023,6,35579,Queens,Murray Hill-Queens,false,0.0363
hvfhv,171,pickup,2024,2,36051,Queens,Murray Hill-Queens,false,0.0363
hvfhv,171,pickup,2024,3,39192,Queens,Murray Hill-Queens,false,0.0363
hvfhv,171,pickup,2024,4,36235,Queens,Murray Hill-Queens,false,0.0363
hvfhv,171,pickup,2024,5,38915,Queens,Murray Hill-Queens,false,0.0363
hvfhv,171,pickup,2024,6,37639,Queens,Murray Hill-Queens,false,0.0363
hvfhv,172,dropoff,2023,2,9529,Staten Island,New Dorp/Midland Beach,false,0.0337
hvfhv,172,dropoff,2023,3,11209,Staten Island,New Dorp/Midland Beach,false,0.0337
hvfhv,172,dropoff,2023,4,10209,Staten Island,New Dorp/Midland Beach,false,0.0337
hvfhv,172,dropoff,2023,5,10967,Staten Island,New Dorp/Midland Beach,false,0.0337
hvfhv,172,dropoff,2023,6,10393,Staten Island,New Dorp/Midland Beach,false,0.0337
hvfhv,172,dropoff,2024,2,10596,Staten Island,New Dorp/Midland Beach,false,0.0337
hvfhv,172,dropoff,2024,3,12291,Staten Island,New Dorp/Midland Beach,false,0.0337
hvfhv,172,dropoff,2024,4,11225,Staten Island,New Dorp/Midland Beach,false,0.0337
hvfhv,172,dropoff,2024,5,12243,Staten Island,New Dorp/Midland Beach,false,0.0337
hvfhv,172,dropoff,2024,6,11759,Staten Island,New Dorp/Midland Beach,false,0.0337
hvfhv,172,pickup,2023,2,9841,Staten Island,New Dorp/Midland Beach,false,0.0233
hvfhv,172,pickup,2023,3,11357,Staten Island,New Dorp/Midland Beach,false,0.0233
hvfhv,172,pickup,2023,4,10387,Staten Island,New Dorp/Midland Beach,false,0.0233
hvfhv,172,pickup,2023,5,11027,Staten Island,New Dorp/Midland Beach,false,0.0233
hvfhv,172,pickup,2023,6,10438,Staten Island,New Dorp/Midland Beach,false,0.0233
hvfhv,172,pickup,2024,2,11126,Staten Island,New Dorp/Midland Beach,false,0.0233
hvfhv,172,pickup,2024,3,13041,Staten Island,New Dorp/Midland Beach,false,0.0233
hvfhv,172,pickup,2024,4,11839,Staten Island,New Dorp/Midland Beach,false,0.0233
hvfhv,172,pickup,2024,5,12521,Staten Island,New Dorp/Midland Beach,false,0.0233
hvfhv,172,pickup,2024,6,11980,Staten Island,New Dorp/Midland Beach,false,0.0233
hvfhv,173,dropoff,2023,2,37167,Queens,North Corona,false,0.0347
hvfhv,173,dropoff,2023,3,41576,Queens,North Corona,false,0.0347
hvfhv,173,dropoff,2023,4,39575,Queens,North Corona,false,0.0347
hvfhv,173,dropoff,2023,5,41224,Queens,North Corona,false,0.0347
hvfhv,173,dropoff,2023,6,41160,Queens,North Corona,false,0.0347
hvfhv,173,dropoff,2024,2,40216,Queens,North Corona,false,0.0347
hvfhv,173,dropoff,2024,3,44887,Queens,North Corona,false,0.0347
hvfhv,173,dropoff,2024,4,40825,Queens,North Corona,false,0.0347
hvfhv,173,dropoff,2024,5,43781,Queens,North Corona,false,0.0347
hvfhv,173,dropoff,2024,6,44192,Queens,North Corona,false,0.0347
hvfhv,173,pickup,2023,2,39171,Queens,North Corona,false,0.032
hvfhv,173,pickup,2023,3,44327,Queens,North Corona,false,0.032
hvfhv,173,pickup,2023,4,41797,Queens,North Corona,false,0.032
hvfhv,173,pickup,2023,5,45742,Queens,North Corona,false,0.032
hvfhv,173,pickup,2023,6,45816,Queens,North Corona,false,0.032
hvfhv,173,pickup,2024,2,43772,Queens,North Corona,false,0.032
hvfhv,173,pickup,2024,3,48493,Queens,North Corona,false,0.032
hvfhv,173,pickup,2024,4,44213,Queens,North Corona,false,0.032
hvfhv,173,pickup,2024,5,46966,Queens,North Corona,false,0.032
hvfhv,173,pickup,2024,6,47400,Queens,North Corona,false,0.032
hvfhv,174,dropoff,2023,2,68969,Bronx,Norwood,false,0.0321
hvfhv,174,dropoff,2023,3,80261,Bronx,Norwood,false,0.0321
hvfhv,174,dropoff,2023,4,71688,Bronx,Norwood,false,0.0321
hvfhv,174,dropoff,2023,5,75402,Bronx,Norwood,false,0.0321
hvfhv,174,dropoff,2023,6,72086,Bronx,Norwood,false,0.0321
hvfhv,174,dropoff,2024,2,79778,Bronx,Norwood,false,0.0321
hvfhv,174,dropoff,2024,3,86864,Bronx,Norwood,false,0.0321
hvfhv,174,dropoff,2024,4,81136,Bronx,Norwood,false,0.0321
hvfhv,174,dropoff,2024,5,82173,Bronx,Norwood,false,0.0321
hvfhv,174,dropoff,2024,6,77860,Bronx,Norwood,false,0.0321
hvfhv,174,pickup,2023,2,72615,Bronx,Norwood,false,0.026
hvfhv,174,pickup,2023,3,84232,Bronx,Norwood,false,0.026
hvfhv,174,pickup,2023,4,75459,Bronx,Norwood,false,0.026
hvfhv,174,pickup,2023,5,79069,Bronx,Norwood,false,0.026
hvfhv,174,pickup,2023,6,75300,Bronx,Norwood,false,0.026
hvfhv,174,pickup,2024,2,82444,Bronx,Norwood,false,0.026
hvfhv,174,pickup,2024,3,90627,Bronx,Norwood,false,0.026
hvfhv,174,pickup,2024,4,82990,Bronx,Norwood,false,0.026
hvfhv,174,pickup,2024,5,84075,Bronx,Norwood,false,0.026
hvfhv,174,pickup,2024,6,79545,Bronx,Norwood,false,0.026
hvfhv,175,dropoff,2023,2,13311,Queens,Oakland Gardens,false,0.0562
hvfhv,175,dropoff,2023,3,15810,Queens,Oakland Gardens,false,0.0562
hvfhv,175,dropoff,2023,4,12887,Queens,Oakland Gardens,false,0.0562
hvfhv,175,dropoff,2023,5,14487,Queens,Oakland Gardens,false,0.0562
hvfhv,175,dropoff,2023,6,12272,Queens,Oakland Gardens,false,0.0562
hvfhv,175,dropoff,2024,2,15509,Queens,Oakland Gardens,false,0.0562
hvfhv,175,dropoff,2024,3,16816,Queens,Oakland Gardens,false,0.0562
hvfhv,175,dropoff,2024,4,14664,Queens,Oakland Gardens,false,0.0562
hvfhv,175,dropoff,2024,5,16050,Queens,Oakland Gardens,false,0.0562
hvfhv,175,dropoff,2024,6,13499,Queens,Oakland Gardens,false,0.0562
hvfhv,175,pickup,2023,2,12824,Queens,Oakland Gardens,false,0.0404
hvfhv,175,pickup,2023,3,15064,Queens,Oakland Gardens,false,0.0404
hvfhv,175,pickup,2023,4,12925,Queens,Oakland Gardens,false,0.0404
hvfhv,175,pickup,2023,5,14572,Queens,Oakland Gardens,false,0.0404
hvfhv,175,pickup,2023,6,13331,Queens,Oakland Gardens,false,0.0404
hvfhv,175,pickup,2024,2,15123,Queens,Oakland Gardens,false,0.0404
hvfhv,175,pickup,2024,3,16592,Queens,Oakland Gardens,false,0.0404
hvfhv,175,pickup,2024,4,15073,Queens,Oakland Gardens,false,0.0404
hvfhv,175,pickup,2024,5,16133,Queens,Oakland Gardens,false,0.0404
hvfhv,175,pickup,2024,6,14497,Queens,Oakland Gardens,false,0.0404
hvfhv,176,dropoff,2023,2,5015,Staten Island,Oakwood,false,0.0573
hvfhv,176,dropoff,2023,3,5880,Staten Island,Oakwood,false,0.0573
hvfhv,176,dropoff,2023,4,5277,Staten Island,Oakwood,false,0.0573
hvfhv,176,dropoff,2023,5,5695,Staten Island,Oakwood,false,0.0573
hvfhv,176,dropoff,2023,6,5543,Staten Island,Oakwood,false,0.0573
hvfhv,176,dropoff,2024,2,5674,Staten Island,Oakwood,false,0.0573
hvfhv,176,dropoff,2024,3,6433,Staten Island,Oakwood,false,0.0573
hvfhv,176,dropoff,2024,4,5771,Staten Island,Oakwood,false,0.0573
hvfhv,176,dropoff,2024,5,6185,Staten Island,Oakwood,false,0.0573
hvfhv,176,dropoff,2024,6,6114,Staten Island,Oakwood,false,0.0573
hvfhv,176,pickup,2023,2,5264,Staten Island,Oakwood,false,0.0326
hvfhv,176,pickup,2023,3,6136,Staten Island,Oakwood,false,0.0326
hvfhv,176,pickup,2023,4,5588,Staten Island,Oakwood,false,0.0326
hvfhv,176,pickup,2023,5,6115,Staten Island,Oakwood,false,0.0326
hvfhv,176,pickup,2023,6,5975,Staten Island,Oakwood,false,0.0326
hvfhv,176,pickup,2024,2,6162,Staten Island,Oakwood,false,0.0326
hvfhv,176,pickup,2024,3,7047,Staten Island,Oakwood,false,0.0326
hvfhv,176,pickup,2024,4,6300,Staten Island,Oakwood,false,0.0326
hvfhv,176,pickup,2024,5,6727,Staten Island,Oakwood,false,0.0326
hvfhv,176,pickup,2024,6,6647,Staten Island,Oakwood,false,0.0326
hvfhv,177,dropoff,2023,2,75146,Brooklyn,Ocean Hill,false,0.0464
hvfhv,177,dropoff,2023,3,87798,Brooklyn,Ocean Hill,false,0.0464
hvfhv,177,dropoff,2023,4,77557,Brooklyn,Ocean Hill,false,0.0464
hvfhv,177,dropoff,2023,5,79681,Brooklyn,Ocean Hill,false,0.0464
hvfhv,177,dropoff,2023,6,78604,Brooklyn,Ocean Hill,false,0.0464
hvfhv,177,dropoff,2024,2,80501,Brooklyn,Ocean Hill,false,0.0464
hvfhv,177,dropoff,2024,3,90806,Brooklyn,Ocean Hill,false,0.0464
hvfhv,177,dropoff,2024,4,82006,Brooklyn,Ocean Hill,false,0.0464
hvfhv,177,dropoff,2024,5,87565,Brooklyn,Ocean Hill,false,0.0464
hvfhv,177,dropoff,2024,6,84941,Brooklyn,Ocean Hill,false,0.0464
hvfhv,177,pickup,2023,2,75157,Brooklyn,Ocean Hill,false,0.0342
hvfhv,177,pickup,2023,3,88005,Brooklyn,Ocean Hill,false,0.0342
hvfhv,177,pickup,2023,4,79748,Brooklyn,Ocean Hill,false,0.0342
hvfhv,177,pickup,2023,5,81422,Brooklyn,Ocean Hill,false,0.0342
hvfhv,177,pickup,2023,6,82568,Brooklyn,Ocean Hill,false,0.0342
hvfhv,177,pickup,2024,2,80765,Brooklyn,Ocean Hill,false,0.0342
hvfhv,177,pickup,2024,3,92542,Brooklyn,Ocean Hill,false,0.0342
hvfhv,177,pickup,2024,4,83742,Brooklyn,Ocean Hill,false,0.0342
hvfhv,177,pickup,2024,5,89266,Brooklyn,Ocean Hill,false,0.0342
hvfhv,177,pickup,2024,6,85786,Brooklyn,Ocean Hill,false,0.0342
hvfhv,178,dropoff,2023,2,19322,Brooklyn,Ocean Parkway South,false,0.0452
hvfhv,178,dropoff,2023,3,23381,Brooklyn,Ocean Parkway South,false,0.0452
hvfhv,178,dropoff,2023,4,15954,Brooklyn,Ocean Parkway South,false,0.0452
hvfhv,178,dropoff,2023,5,20676,Brooklyn,Ocean Parkway South,false,0.0452
hvfhv,178,dropoff,2023,6,19489,Brooklyn,Ocean Parkway South,false,0.0452
hvfhv,178,dropoff,2024,2,20199,Brooklyn,Ocean Parkway South,false,0.0452
hvfhv,178,dropoff,2024,3,22766,Brooklyn,Ocean Parkway South,false,0.0452
hvfhv,178,dropoff,2024,4,18501,Brooklyn,Ocean Parkway South,false,0.0452
hvfhv,178,dropoff,2024,5,20145,Brooklyn,Ocean Parkway South,false,0.0452
hvfhv,178,dropoff,2024,6,17078,Brooklyn,Ocean Parkway South,false,0.0452
hvfhv,178,pickup,2023,2,20422,Brooklyn,Ocean Parkway South,false,0.0428
hvfhv,178,pickup,2023,3,24836,Brooklyn,Ocean Parkway South,false,0.0428
hvfhv,178,pickup,2023,4,17064,Brooklyn,Ocean Parkway South,false,0.0428
hvfhv,178,pickup,2023,5,21618,Brooklyn,Ocean Parkway South,false,0.0428
hvfhv,178,pickup,2023,6,20539,Brooklyn,Ocean Parkway South,false,0.0428
hvfhv,178,pickup,2024,2,21101,Brooklyn,Ocean Parkway South,false,0.0428
hvfhv,178,pickup,2024,3,23720,Brooklyn,Ocean Parkway South,false,0.0428
hvfhv,178,pickup,2024,4,19130,Brooklyn,Ocean Parkway South,false,0.0428
hvfhv,178,pickup,2024,5,21352,Brooklyn,Ocean Parkway South,false,0.0428
hvfhv,178,pickup,2024,6,17713,Brooklyn,Ocean Parkway South,false,0.0428
hvfhv,179,dropoff,2023,2,60329,Queens,Old Astoria,false,0.1349
hvfhv,179,dropoff,2023,3,68659,Queens,Old Astoria,false,0.1349
hvfhv,179,dropoff,2023,4,65377,Queens,Old Astoria,false,0.1349
hvfhv,179,dropoff,2023,5,67253,Queens,Old Astoria,false,0.1349
hvfhv,179,dropoff,2023,6,67038,Queens,Old Astoria,false,0.1349
hvfhv,179,dropoff,2024,2,68893,Queens,Old Astoria,false,0.1349
hvfhv,179,dropoff,2024,3,78571,Queens,Old Astoria,false,0.1349
hvfhv,179,dropoff,2024,4,71239,Queens,Old Astoria,false,0.1349
hvfhv,179,dropoff,2024,5,73185,Queens,Old Astoria,false,0.1349
hvfhv,179,dropoff,2024,6,73248,Queens,Old Astoria,false,0.1349
hvfhv,179,pickup,2023,2,58250,Queens,Old Astoria,false,0.1137
hvfhv,179,pickup,2023,3,66498,Queens,Old Astoria,false,0.1137
hvfhv,179,pickup,2023,4,62931,Queens,Old Astoria,false,0.1137
hvfhv,179,pickup,2023,5,65685,Queens,Old Astoria,false,0.1137
hvfhv,179,pickup,2023,6,66006,Queens,Old Astoria,false,0.1137
hvfhv,179,pickup,2024,2,65206,Queens,Old Astoria,false,0.1137
hvfhv,179,pickup,2024,3,73421,Queens,Old Astoria,false,0.1137
hvfhv,179,pickup,2024,4,68256,Queens,Old Astoria,false,0.1137
hvfhv,179,pickup,2024,5,70066,Queens,Old Astoria,false,0.1137
hvfhv,179,pickup,2024,6,70554,Queens,Old Astoria,false,0.1137
hvfhv,180,dropoff,2023,2,24567,Queens,Ozone Park,false,0.0284
hvfhv,180,dropoff,2023,3,28590,Queens,Ozone Park,false,0.0284
hvfhv,180,dropoff,2023,4,26688,Queens,Ozone Park,false,0.0284
hvfhv,180,dropoff,2023,5,28958,Queens,Ozone Park,false,0.0284
hvfhv,180,dropoff,2023,6,27864,Queens,Ozone Park,false,0.0284
hvfhv,180,dropoff,2024,2,27643,Queens,Ozone Park,false,0.0284
hvfhv,180,dropoff,2024,3,31092,Queens,Ozone Park,false,0.0284
hvfhv,180,dropoff,2024,4,28776,Queens,Ozone Park,false,0.0284
hvfhv,180,dropoff,2024,5,29983,Queens,Ozone Park,false,0.0284
hvfhv,180,dropoff,2024,6,28944,Queens,Ozone Park,false,0.0284
hvfhv,180,pickup,2023,2,27376,Queens,Ozone Park,false,0.0229
hvfhv,180,pickup,2023,3,31994,Queens,Ozone Park,false,0.0229
hvfhv,180,pickup,2023,4,29431,Queens,Ozone Park,false,0.0229
hvfhv,180,pickup,2023,5,32341,Queens,Ozone Park,false,0.0229
hvfhv,180,pickup,2023,6,31540,Queens,Ozone Park,false,0.0229
hvfhv,180,pickup,2024,2,31157,Queens,Ozone Park,false,0.0229
hvfhv,180,pickup,2024,3,35010,Queens,Ozone Park,false,0.0229
hvfhv,180,pickup,2024,4,32481,Queens,Ozone Park,false,0.0229
hvfhv,180,pickup,2024,5,34935,Queens,Ozone Park,false,0.0229
hvfhv,180,pickup,2024,6,33448,Queens,Ozone Park,false,0.0229
hvfhv,181,dropoff,2023,2,166897,Brooklyn,Park Slope,false,0.1467
hvfhv,181,dropoff,2023,3,189139,Brooklyn,Park Slope,false,0.1467
hvfhv,181,dropoff,2023,4,178977,Brooklyn,Park Slope,false,0.1467
hvfhv,181,dropoff,2023,5,183921,Brooklyn,Park Slope,false,0.1467
hvfhv,181,dropoff,2023,6,182897,Brooklyn,Park Slope,false,0.1467
hvfhv,181,dropoff,2024,2,185338,Brooklyn,Park Slope,false,0.1467
hvfhv,181,dropoff,2024,3,207896,Brooklyn,Park Slope,false,0.1467
hvfhv,181,dropoff,2024,4,189968,Brooklyn,Park Slope,false,0.1467
hvfhv,181,dropoff,2024,5,196878,Brooklyn,Park Slope,false,0.1467
hvfhv,181,dropoff,2024,6,196979,Brooklyn,Park Slope,false,0.1467
hvfhv,181,pickup,2023,2,170423,Brooklyn,Park Slope,false,0.1159
hvfhv,181,pickup,2023,3,192201,Brooklyn,Park Slope,false,0.1159
hvfhv,181,pickup,2023,4,183582,Brooklyn,Park Slope,false,0.1159
hvfhv,181,pickup,2023,5,184273,Brooklyn,Park Slope,false,0.1159
hvfhv,181,pickup,2023,6,185687,Brooklyn,Park Slope,false,0.1159
hvfhv,181,pickup,2024,2,185838,Brooklyn,Park Slope,false,0.1159
hvfhv,181,pickup,2024,3,210578,Brooklyn,Park Slope,false,0.1159
hvfhv,181,pickup,2024,4,192344,Brooklyn,Park Slope,false,0.1159
hvfhv,181,pickup,2024,5,195589,Brooklyn,Park Slope,false,0.1159
hvfhv,181,pickup,2024,6,196307,Brooklyn,Park Slope,false,0.1159
hvfhv,182,dropoff,2023,2,38849,Bronx,Parkchester,false,0.0454
hvfhv,182,dropoff,2023,3,44373,Bronx,Parkchester,false,0.0454
hvfhv,182,dropoff,2023,4,40670,Bronx,Parkchester,false,0.0454
hvfhv,182,dropoff,2023,5,42334,Bronx,Parkchester,false,0.0454
hvfhv,182,dropoff,2023,6,40450,Bronx,Parkchester,false,0.0454
hvfhv,182,dropoff,2024,2,43803,Bronx,Parkchester,false,0.0454
hvfhv,182,dropoff,2024,3,48918,Bronx,Parkchester,false,0.0454
hvfhv,182,dropoff,2024,4,44719,Bronx,Parkchester,false,0.0454
hvfhv,182,dropoff,2024,5,45917,Bronx,Parkchester,false,0.0454
hvfhv,182,dropoff,2024,6,44385,Bronx,Parkchester,false,0.0454
hvfhv,182,pickup,2023,2,43818,Bronx,Parkchester,false,0.0385
hvfhv,182,pickup,2023,3,50897,Bronx,Parkchester,false,0.0385
hvfhv,182,pickup,2023,4,47004,Bronx,Parkchester,false,0.0385
hvfhv,182,pickup,2023,5,49145,Bronx,Parkchester,false,0.0385
hvfhv,182,pickup,2023,6,47492,Bronx,Parkchester,false,0.0385
hvfhv,182,pickup,2024,2,49553,Bronx,Parkchester,false,0.0385
hvfhv,182,pickup,2024,3,56270,Bronx,Parkchester,false,0.0385
hvfhv,182,pickup,2024,4,51036,Bronx,Parkchester,false,0.0385
hvfhv,182,pickup,2024,5,52087,Bronx,Parkchester,false,0.0385
hvfhv,182,pickup,2024,6,50608,Bronx,Parkchester,false,0.0385
hvfhv,183,dropoff,2023,2,19519,Bronx,Pelham Bay,false,0.0383
hvfhv,183,dropoff,2023,3,22543,Bronx,Pelham Bay,false,0.0383
hvfhv,183,dropoff,2023,4,20067,Bronx,Pelham Bay,false,0.0383
hvfhv,183,dropoff,2023,5,21977,Bronx,Pelham Bay,false,0.0383
hvfhv,183,dropoff,2023,6,21225,Bronx,Pelham Bay,false,0.0383
hvfhv,183,dropoff,2024,2,21826,Bronx,Pelham Bay,false,0.0383
hvfhv,183,dropoff,2024,3,23913,Bronx,Pelham Bay,false,0.0383
hvfhv,183,dropoff,2024,4,22716,Bronx,Pelham Bay,false,0.0383
hvfhv,183,dropoff,2024,5,23575,Bronx,Pelham Bay,false,0.0383
hvfhv,183,dropoff,2024,6,22972,Bronx,Pelham Bay,false,0.0383
hvfhv,183,pickup,2023,2,22101,Bronx,Pelham Bay,false,0.031
hvfhv,183,pickup,2023,3,25413,Bronx,Pelham Bay,false,0.031
hvfhv,183,pickup,2023,4,23443,Bronx,Pelham Bay,false,0.031
hvfhv,183,pickup,2023,5,25458,Bronx,Pelham Bay,false,0.031
hvfhv,183,pickup,2023,6,25466,Bronx,Pelham Bay,false,0.031
hvfhv,183,pickup,2024,2,24493,Bronx,Pelham Bay,false,0.031
hvfhv,183,pickup,2024,3,27548,Bronx,Pelham Bay,false,0.031
hvfhv,183,pickup,2024,4,25323,Bronx,Pelham Bay,false,0.031
hvfhv,183,pickup,2024,5,26187,Bronx,Pelham Bay,false,0.031
hvfhv,183,pickup,2024,6,26037,Bronx,Pelham Bay,false,0.031
hvfhv,184,dropoff,2023,2,3112,Bronx,Pelham Bay Park,false,0.0416
hvfhv,184,dropoff,2023,3,3687,Bronx,Pelham Bay Park,false,0.0416
hvfhv,184,dropoff,2023,4,4281,Bronx,Pelham Bay Park,false,0.0416
hvfhv,184,dropoff,2023,5,5878,Bronx,Pelham Bay Park,false,0.0416
hvfhv,184,dropoff,2023,6,6384,Bronx,Pelham Bay Park,false,0.0416
hvfhv,184,dropoff,2024,2,3492,Bronx,Pelham Bay Park,false,0.0416
hvfhv,184,dropoff,2024,3,4267,Bronx,Pelham Bay Park,false,0.0416
hvfhv,184,dropoff,2024,4,5030,Bronx,Pelham Bay Park,false,0.0416
hvfhv,184,dropoff,2024,5,6431,Bronx,Pelham Bay Park,false,0.0416
hvfhv,184,dropoff,2024,6,10737,Bronx,Pelham Bay Park,false,0.0416
hvfhv,184,pickup,2023,2,2556,Bronx,Pelham Bay Park,false,0.0441
hvfhv,184,pickup,2023,3,3210,Bronx,Pelham Bay Park,false,0.0441
hvfhv,184,pickup,2023,4,3742,Bronx,Pelham Bay Park,false,0.0441
hvfhv,184,pickup,2023,5,4975,Bronx,Pelham Bay Park,false,0.0441
hvfhv,184,pickup,2023,6,5516,Bronx,Pelham Bay Park,false,0.0441
hvfhv,184,pickup,2024,2,3093,Bronx,Pelham Bay Park,false,0.0441
hvfhv,184,pickup,2024,3,3916,Bronx,Pelham Bay Park,false,0.0441
hvfhv,184,pickup,2024,4,4095,Bronx,Pelham Bay Park,false,0.0441
hvfhv,184,pickup,2024,5,5249,Bronx,Pelham Bay Park,false,0.0441
hvfhv,184,pickup,2024,6,8267,Bronx,Pelham Bay Park,false,0.0441
hvfhv,185,dropoff,2023,2,51648,Bronx,Pelham Parkway,false,0.041
hvfhv,185,dropoff,2023,3,60276,Bronx,Pelham Parkway,false,0.041
hvfhv,185,dropoff,2023,4,53566,Bronx,Pelham Parkway,false,0.041
hvfhv,185,dropoff,2023,5,55982,Bronx,Pelham Parkway,false,0.041
hvfhv,185,dropoff,2023,6,53454,Bronx,Pelham Parkway,false,0.041
hvfhv,185,dropoff,2024,2,57731,Bronx,Pelham Parkway,false,0.041
hvfhv,185,dropoff,2024,3,63521,Bronx,Pelham Parkway,false,0.041
hvfhv,185,dropoff,2024,4,60316,Bronx,Pelham Parkway,false,0.041
hvfhv,185,dropoff,2024,5,61055,Bronx,Pelham Parkway,false,0.041
hvfhv,185,dropoff,2024,6,58043,Bronx,Pelham Parkway,false,0.041
hvfhv,185,pickup,2023,2,54055,Bronx,Pelham Parkway,false,0.0333
hvfhv,185,pickup,2023,3,63101,Bronx,Pelham Parkway,false,0.0333
hvfhv,185,pickup,2023,4,56372,Bronx,Pelham Parkway,false,0.0333
hvfhv,185,pickup,2023,5,58724,Bronx,Pelham Parkway,false,0.0333
hvfhv,185,pickup,2023,6,56233,Bronx,Pelham Parkway,false,0.0333
hvfhv,185,pickup,2024,2,60153,Bronx,Pelham Parkway,false,0.0333
hvfhv,185,pickup,2024,3,66421,Bronx,Pelham Parkway,false,0.0333
hvfhv,185,pickup,2024,4,62057,Bronx,Pelham Parkway,false,0.0333
hvfhv,185,pickup,2024,5,62799,Bronx,Pelham Parkway,false,0.0333
hvfhv,185,pickup,2024,6,60288,Bronx,Pelham Parkway,false,0.0333
hvfhv,186,dropoff,2023,2,153416,Manhattan,Penn Station/Madison Sq West,true,1.0
hvfhv,186,dropoff,2023,3,168865,Manhattan,Penn Station/Madison Sq West,true,1.0
hvfhv,186,dropoff,2023,4,157436,Manhattan,Penn Station/Madison Sq West,true,1.0
hvfhv,186,dropoff,2023,5,162872,Manhattan,Penn Station/Madison Sq West,true,1.0
hvfhv,186,dropoff,2023,6,171253,Manhattan,Penn Station/Madison Sq West,true,1.0
hvfhv,186,dropoff,2024,2,153923,Manhattan,Penn Station/Madison Sq West,true,1.0
hvfhv,186,dropoff,2024,3,170767,Manhattan,Penn Station/Madison Sq West,true,1.0
hvfhv,186,dropoff,2024,4,157071,Manhattan,Penn Station/Madison Sq West,true,1.0
hvfhv,186,dropoff,2024,5,168416,Manhattan,Penn Station/Madison Sq West,true,1.0
hvfhv,186,dropoff,2024,6,164943,Manhattan,Penn Station/Madison Sq West,true,1.0
hvfhv,186,pickup,2023,2,124734,Manhattan,Penn Station/Madison Sq West,true,1.0
hvfhv,186,pickup,2023,3,140929,Manhattan,Penn Station/Madison Sq West,true,1.0
hvfhv,186,pickup,2023,4,128470,Manhattan,Penn Station/Madison Sq West,true,1.0
hvfhv,186,pickup,2023,5,134666,Manhattan,Penn Station/Madison Sq West,true,1.0
hvfhv,186,pickup,2023,6,128727,Manhattan,Penn Station/Madison Sq West,true,1.0
hvfhv,186,pickup,2024,2,118221,Manhattan,Penn Station/Madison Sq West,true,1.0
hvfhv,186,pickup,2024,3,132176,Manhattan,Penn Station/Madison Sq West,true,1.0
hvfhv,186,pickup,2024,4,120753,Manhattan,Penn Station/Madison Sq West,true,1.0
hvfhv,186,pickup,2024,5,132704,Manhattan,Penn Station/Madison Sq West,true,1.0
hvfhv,186,pickup,2024,6,129028,Manhattan,Penn Station/Madison Sq West,true,1.0
hvfhv,187,dropoff,2023,2,9895,Staten Island,Port Richmond,false,0.0196
hvfhv,187,dropoff,2023,3,12151,Staten Island,Port Richmond,false,0.0196
hvfhv,187,dropoff,2023,4,10529,Staten Island,Port Richmond,false,0.0196
hvfhv,187,dropoff,2023,5,11765,Staten Island,Port Richmond,false,0.0196
hvfhv,187,dropoff,2023,6,11196,Staten Island,Port Richmond,false,0.0196
hvfhv,187,dropoff,2024,2,12172,Staten Island,Port Richmond,false,0.0196
hvfhv,187,dropoff,2024,3,13491,Staten Island,Port Richmond,false,0.0196
hvfhv,187,dropoff,2024,4,11921,Staten Island,Port Richmond,false,0.0196
hvfhv,187,dropoff,2024,5,12668,Staten Island,Port Richmond,false,0.0196
hvfhv,187,dropoff,2024,6,12461,Staten Island,Port Richmond,false,0.0196
hvfhv,187,pickup,2023,2,10804,Staten Island,Port Richmond,false,0.0146
hvfhv,187,pickup,2023,3,13144,Staten Island,Port Richmond,false,0.0146
hvfhv,187,pickup,2023,4,11591,Staten Island,Port Richmond,false,0.0146
hvfhv,187,pickup,2023,5,13011,Staten Island,Port Richmond,false,0.0146
hvfhv,187,pickup,2023,6,12462,Staten Island,Port Richmond,false,0.0146
hvfhv,187,pickup,2024,2,13564,Staten Island,Port Richmond,false,0.0146
hvfhv,187,pickup,2024,3,15096,Staten Island,Port Richmond,false,0.0146
hvfhv,187,pickup,2024,4,13332,Staten Island,Port Richmond,false,0.0146
hvfhv,187,pickup,2024,5,14677,Staten Island,Port Richmond,false,0.0146
hvfhv,187,pickup,2024,6,14381,Staten Island,Port Richmond,false,0.0146
hvfhv,188,dropoff,2023,2,135927,Brooklyn,Prospect-Lefferts Gardens,false,0.0734
hvfhv,188,dropoff,2023,3,154847,Brooklyn,Prospect-Lefferts Gardens,false,0.0734
hvfhv,188,dropoff,2023,4,143135,Brooklyn,Prospect-Lefferts Gardens,false,0.0734
hvfhv,188,dropoff,2023,5,149753,Brooklyn,Prospect-Lefferts Gardens,false,0.0734
hvfhv,188,dropoff,2023,6,149655,Brooklyn,Prospect-Lefferts Gardens,false,0.0734
hvfhv,188,dropoff,2024,2,149772,Brooklyn,Prospect-Lefferts Gardens,false,0.0734
hvfhv,188,dropoff,2024,3,169630,Brooklyn,Prospect-Lefferts Gardens,false,0.0734
hvfhv,188,dropoff,2024,4,151932,Brooklyn,Prospect-Lefferts Gardens,false,0.0734
hvfhv,188,dropoff,2024,5,158940,Brooklyn,Prospect-Lefferts Gardens,false,0.0734
hvfhv,188,dropoff,2024,6,159226,Brooklyn,Prospect-Lefferts Gardens,false,0.0734
hvfhv,188,pickup,2023,2,130647,Brooklyn,Prospect-Lefferts Gardens,false,0.0537
hvfhv,188,pickup,2023,3,148729,Brooklyn,Prospect-Lefferts Gardens,false,0.0537
hvfhv,188,pickup,2023,4,137977,Brooklyn,Prospect-Lefferts Gardens,false,0.0537
hvfhv,188,pickup,2023,5,143097,Brooklyn,Prospect-Lefferts Gardens,false,0.0537
hvfhv,188,pickup,2023,6,144245,Brooklyn,Prospect-Lefferts Gardens,false,0.0537
hvfhv,188,pickup,2024,2,144152,Brooklyn,Prospect-Lefferts Gardens,false,0.0537
hvfhv,188,pickup,2024,3,163811,Brooklyn,Prospect-Lefferts Gardens,false,0.0537
hvfhv,188,pickup,2024,4,145307,Brooklyn,Prospect-Lefferts Gardens,false,0.0537
hvfhv,188,pickup,2024,5,152991,Brooklyn,Prospect-Lefferts Gardens,false,0.0537
hvfhv,188,pickup,2024,6,155372,Brooklyn,Prospect-Lefferts Gardens,false,0.0537
hvfhv,189,dropoff,2023,2,61756,Brooklyn,Prospect Heights,false,0.1477
hvfhv,189,dropoff,2023,3,69909,Brooklyn,Prospect Heights,false,0.1477
hvfhv,189,dropoff,2023,4,67884,Brooklyn,Prospect Heights,false,0.1477
hvfhv,189,dropoff,2023,5,66921,Brooklyn,Prospect Heights,false,0.1477
hvfhv,189,dropoff,2023,6,67949,Brooklyn,Prospect Heights,false,0.1477
hvfhv,189,dropoff,2024,2,72146,Brooklyn,Prospect Heights,false,0.1477
hvfhv,189,dropoff,2024,3,81780,Brooklyn,Prospect Heights,false,0.1477
hvfhv,189,dropoff,2024,4,72726,Brooklyn,Prospect Heights,false,0.1477
hvfhv,189,dropoff,2024,5,75594,Brooklyn,Prospect Heights,false,0.1477
hvfhv,189,dropoff,2024,6,72905,Brooklyn,Prospect Heights,false,0.1477
hvfhv,189,pickup,2023,2,62481,Brooklyn,Prospect Heights,false,0.1147
hvfhv,189,pickup,2023,3,69693,Brooklyn,Prospect Heights,false,0.1147
hvfhv,189,pickup,2023,4,68872,Brooklyn,Prospect Heights,false,0.1147
hvfhv,189,pickup,2023,5,66534,Brooklyn,Prospect Heights,false,0.1147
hvfhv,189,pickup,2023,6,67807,Brooklyn,Prospect Heights,false,0.1147
hvfhv,189,pickup,2024,2,72901,Brooklyn,Prospect Heights,false,0.1147
hvfhv,189,pickup,2024,3,80288,Brooklyn,Prospect Heights,false,0.1147
hvfhv,189,pickup,2024,4,74273,Brooklyn,Prospect Heights,false,0.1147
hvfhv,189,pickup,2024,5,73647,Brooklyn,Prospect Heights,false,0.1147
hvfhv,189,pickup,2024,6,73249,Brooklyn,Prospect Heights,false,0.1147
hvfhv,190,dropoff,2023,2,12388,Brooklyn,Prospect Park,false,0.1094
hvfhv,190,dropoff,2023,3,14456,Brooklyn,Prospect Park,false,0.1094
hvfhv,190,dropoff,2023,4,20871,Brooklyn,Prospect Park,false,0.1094
hvfhv,190,dropoff,2023,5,18006,Brooklyn,Prospect Park,false,0.1094
hvfhv,190,dropoff,2023,6,17982,Brooklyn,Prospect Park,false,0.1094
hvfhv,190,dropoff,2024,2,14754,Brooklyn,Prospect Park,false,0.1094
hvfhv,190,dropoff,2024,3,17269,Brooklyn,Prospect Park,false,0.1094
hvfhv,190,dropoff,2024,4,20830,Brooklyn,Prospect Park,false,0.1094
hvfhv,190,dropoff,2024,5,18913,Brooklyn,Prospect Park,false,0.1094
hvfhv,190,dropoff,2024,6,22022,Brooklyn,Prospect Park,false,0.1094
hvfhv,190,pickup,2023,2,8405,Brooklyn,Prospect Park,false,0.0968
hvfhv,190,pickup,2023,3,10171,Brooklyn,Prospect Park,false,0.0968
hvfhv,190,pickup,2023,4,15647,Brooklyn,Prospect Park,false,0.0968
hvfhv,190,pickup,2023,5,13701,Brooklyn,Prospect Park,false,0.0968
hvfhv,190,pickup,2023,6,13300,Brooklyn,Prospect Park,false,0.0968
hvfhv,190,pickup,2024,2,9804,Brooklyn,Prospect Park,false,0.0968
hvfhv,190,pickup,2024,3,11866,Brooklyn,Prospect Park,false,0.0968
hvfhv,190,pickup,2024,4,14851,Brooklyn,Prospect Park,false,0.0968
hvfhv,190,pickup,2024,5,13978,Brooklyn,Prospect Park,false,0.0968
hvfhv,190,pickup,2024,6,15853,Brooklyn,Prospect Park,false,0.0968
hvfhv,191,dropoff,2023,2,36570,Queens,Queens Village,false,0.0227
hvfhv,191,dropoff,2023,3,43177,Queens,Queens Village,false,0.0227
hvfhv,191,dropoff,2023,4,40256,Queens,Queens Village,false,0.0227
hvfhv,191,dropoff,2023,5,43579,Queens,Queens Village,false,0.0227
hvfhv,191,dropoff,2023,6,42335,Queens,Queens Village,false,0.0227
hvfhv,191,dropoff,2024,2,42369,Queens,Queens Village,false,0.0227
hvfhv,191,dropoff,2024,3,47516,Queens,Queens Village,false,0.0227
hvfhv,191,dropoff,2024,4,43710,Queens,Queens Village,false,0.0227
hvfhv,191,dropoff,2024,5,46348,Queens,Queens Village,false,0.0227
hvfhv,191,dropoff,2024,6,46161,Queens,Queens Village,false,0.0227
hvfhv,191,pickup,2023,2,46210,Queens,Queens Village,false,0.0154
hvfhv,191,pickup,2023,3,54168,Queens,Queens Village,false,0.0154
hvfhv,191,pickup,2023,4,50472,Queens,Queens Village,false,0.0154
hvfhv,191,pickup,2023,5,55023,Queens,Queens Village,false,0.0154
hvfhv,191,pickup,2023,6,53170,Queens,Queens Village,false,0.0154
hvfhv,191,pickup,2024,2,52028,Queens,Queens Village,false,0.0154
hvfhv,191,pickup,2024,3,58804,Queens,Queens Village,false,0.0154
hvfhv,191,pickup,2024,4,54137,Queens,Queens Village,false,0.0154
hvfhv,191,pickup,2024,5,57375,Queens,Queens Village,false,0.0154
hvfhv,191,pickup,2024,6,56981,Queens,Queens Village,false,0.0154
hvfhv,192,dropoff,2023,2,20503,Queens,Queensboro Hill,false,0.0518
hvfhv,192,dropoff,2023,3,21995,Queens,Queensboro Hill,false,0.0518
hvfhv,192,dropoff,2023,4,20593,Queens,Queensboro Hill,false,0.0518
hvfhv,192,dropoff,2023,5,22320,Queens,Queensboro Hill,false,0.0518
hvfhv,192,dropoff,2023,6,22617,Queens,Queensboro Hill,false,0.0518
hvfhv,192,dropoff,2024,2,23039,Queens,Queensboro Hill,false,0.0518
hvfhv,192,dropoff,2024,3,24584,Queens,Queensboro Hill,false,0.0518
hvfhv,192,dropoff,2024,4,23369,Queens,Queensboro Hill,false,0.0518
hvfhv,192,dropoff,2024,5,24626,Queens,Queensboro Hill,false,0.0518
hvfhv,192,dropoff,2024,6,24396,Queens,Queensboro Hill,false,0.0518
hvfhv,192,pickup,2023,2,21201,Queens,Queensboro Hill,false,0.0423
hvfhv,192,pickup,2023,3,23649,Queens,Queensboro Hill,false,0.0423
hvfhv,192,pickup,2023,4,21974,Queens,Queensboro Hill,false,0.0423
hvfhv,192,pickup,2023,5,24034,Queens,Queensboro Hill,false,0.0423
hvfhv,192,pickup,2023,6,24352,Queens,Queensboro Hill,false,0.0423
hvfhv,192,pickup,2024,2,24120,Queens,Queensboro Hill,false,0.0423
hvfhv,192,pickup,2024,3,25659,Queens,Queensboro Hill,false,0.0423
hvfhv,192,pickup,2024,4,24105,Queens,Queensboro Hill,false,0.0423
hvfhv,192,pickup,2024,5,25707,Queens,Queensboro Hill,false,0.0423
hvfhv,192,pickup,2024,6,25334,Queens,Queensboro Hill,false,0.0423
hvfhv,193,dropoff,2023,2,24062,Queens,Queensbridge/Ravenswood,false,0.1064
hvfhv,193,dropoff,2023,3,28328,Queens,Queensbridge/Ravenswood,false,0.1064
hvfhv,193,dropoff,2023,4,25634,Queens,Queensbridge/Ravenswood,false,0.1064
hvfhv,193,dropoff,2023,5,27311,Queens,Queensbridge/Ravenswood,false,0.1064
hvfhv,193,dropoff,2023,6,25554,Queens,Queensbridge/Ravenswood,false,0.1064
hvfhv,193,dropoff,2024,2,25773,Queens,Queensbridge/Ravenswood,false,0.1064
hvfhv,193,dropoff,2024,3,30131,Queens,Queensbridge/Ravenswood,false,0.1064
hvfhv,193,dropoff,2024,4,26593,Queens,Queensbridge/Ravenswood,false,0.1064
hvfhv,193,dropoff,2024,5,29201,Queens,Queensbridge/Ravenswood,false,0.1064
hvfhv,193,dropoff,2024,6,29798,Queens,Queensbridge/Ravenswood,false,0.1064
hvfhv,193,pickup,2023,2,23812,Queens,Queensbridge/Ravenswood,false,0.1135
hvfhv,193,pickup,2023,3,28950,Queens,Queensbridge/Ravenswood,false,0.1135
hvfhv,193,pickup,2023,4,25811,Queens,Queensbridge/Ravenswood,false,0.1135
hvfhv,193,pickup,2023,5,27430,Queens,Queensbridge/Ravenswood,false,0.1135
hvfhv,193,pickup,2023,6,25623,Queens,Queensbridge/Ravenswood,false,0.1135
hvfhv,193,pickup,2024,2,25911,Queens,Queensbridge/Ravenswood,false,0.1135
hvfhv,193,pickup,2024,3,30002,Queens,Queensbridge/Ravenswood,false,0.1135
hvfhv,193,pickup,2024,4,27059,Queens,Queensbridge/Ravenswood,false,0.1135
hvfhv,193,pickup,2024,5,28626,Queens,Queensbridge/Ravenswood,false,0.1135
hvfhv,193,pickup,2024,6,30156,Queens,Queensbridge/Ravenswood,false,0.1135
hvfhv,194,dropoff,2023,2,3360,Manhattan,Randalls Island,false,0.1383
hvfhv,194,dropoff,2023,3,4462,Manhattan,Randalls Island,false,0.1383
hvfhv,194,dropoff,2023,4,6982,Manhattan,Randalls Island,false,0.1383
hvfhv,194,dropoff,2023,5,8027,Manhattan,Randalls Island,false,0.1383
hvfhv,194,dropoff,2023,6,6639,Manhattan,Randalls Island,false,0.1383
hvfhv,194,dropoff,2024,2,4863,Manhattan,Randalls Island,false,0.1383
hvfhv,194,dropoff,2024,3,5915,Manhattan,Randalls Island,false,0.1383
hvfhv,194,dropoff,2024,4,9042,Manhattan,Randalls Island,false,0.1383
hvfhv,194,dropoff,2024,5,8863,Manhattan,Randalls Island,false,0.1383
hvfhv,194,dropoff,2024,6,9210,Manhattan,Randalls Island,false,0.1383
hvfhv,194,pickup,2023,2,1464,Manhattan,Randalls Island,false,0.1898
hvfhv,194,pickup,2023,3,1888,Manhattan,Randalls Island,false,0.1898
hvfhv,194,pickup,2023,4,3243,Manhattan,Randalls Island,false,0.1898
hvfhv,194,pickup,2023,5,3959,Manhattan,Randalls Island,false,0.1898
hvfhv,194,pickup,2023,6,3252,Manhattan,Randalls Island,false,0.1898
hvfhv,194,pickup,2024,2,2111,Manhattan,Randalls Island,false,0.1898
hvfhv,194,pickup,2024,3,2522,Manhattan,Randalls Island,false,0.1898
hvfhv,194,pickup,2024,4,4202,Manhattan,Randalls Island,false,0.1898
hvfhv,194,pickup,2024,5,4021,Manhattan,Randalls Island,false,0.1898
hvfhv,194,pickup,2024,6,4372,Manhattan,Randalls Island,false,0.1898
hvfhv,195,dropoff,2023,2,30180,Brooklyn,Red Hook,false,0.1505
hvfhv,195,dropoff,2023,3,35020,Brooklyn,Red Hook,false,0.1505
hvfhv,195,dropoff,2023,4,34392,Brooklyn,Red Hook,false,0.1505
hvfhv,195,dropoff,2023,5,39928,Brooklyn,Red Hook,false,0.1505
hvfhv,195,dropoff,2023,6,38459,Brooklyn,Red Hook,false,0.1505
hvfhv,195,dropoff,2024,2,33603,Brooklyn,Red Hook,false,0.1505
hvfhv,195,dropoff,2024,3,38087,Brooklyn,Red Hook,false,0.1505
hvfhv,195,dropoff,2024,4,35629,Brooklyn,Red Hook,false,0.1505
hvfhv,195,dropoff,2024,5,40628,Brooklyn,Red Hook,false,0.1505
hvfhv,195,dropoff,2024,6,41815,Brooklyn,Red Hook,false,0.1505
hvfhv,195,pickup,2023,2,29508,Brooklyn,Red Hook,false,0.1695
hvfhv,195,pickup,2023,3,34563,Brooklyn,Red Hook,false,0.1695
hvfhv,195,pickup,2023,4,34693,Brooklyn,Red Hook,false,0.1695
hvfhv,195,pickup,2023,5,39927,Brooklyn,Red Hook,false,0.1695
hvfhv,195,pickup,2023,6,38961,Brooklyn,Red Hook,false,0.1695
hvfhv,195,pickup,2024,2,31813,Brooklyn,Red Hook,false,0.1695
hvfhv,195,pickup,2024,3,36698,Brooklyn,Red Hook,false,0.1695
hvfhv,195,pickup,2024,4,34860,Brooklyn,Red Hook,false,0.1695
hvfhv,195,pickup,2024,5,39245,Brooklyn,Red Hook,false,0.1695
hvfhv,195,pickup,2024,6,40903,Brooklyn,Red Hook,false,0.1695
hvfhv,196,dropoff,2023,2,39018,Queens,Rego Park,false,0.0793
hvfhv,196,dropoff,2023,3,44700,Queens,Rego Park,false,0.0793
hvfhv,196,dropoff,2023,4,40014,Queens,Rego Park,false,0.0793
hvfhv,196,dropoff,2023,5,43447,Queens,Rego Park,false,0.0793
hvfhv,196,dropoff,2023,6,42272,Queens,Rego Park,false,0.0793
hvfhv,196,dropoff,2024,2,43815,Queens,Rego Park,false,0.0793
hvfhv,196,dropoff,2024,3,47373,Queens,Rego Park,false,0.0793
hvfhv,196,dropoff,2024,4,43712,Queens,Rego Park,false,0.0793
hvfhv,196,dropoff,2024,5,46223,Queens,Rego Park,false,0.0793
hvfhv,196,dropoff,2024,6,45779,Queens,Rego Park,false,0.0793
hvfhv,196,pickup,2023,2,41677,Queens,Rego Park,false,0.0587
hvfhv,196,pickup,2023,3,47884,Queens,Rego Park,false,0.0587
hvfhv,196,pickup,2023,4,43320,Queens,Rego Park,false,0.0587
hvfhv,196,pickup,2023,5,45988,Queens,Rego Park,false,0.0587
hvfhv,196,pickup,2023,6,45301,Queens,Rego Park,false,0.0587
hvfhv,196,pickup,2024,2,46791,Queens,Rego Park,false,0.0587
hvfhv,196,pickup,2024,3,50346,Queens,Rego Park,false,0.0587
hvfhv,196,pickup,2024,4,46915,Queens,Rego Park,false,0.0587
hvfhv,196,pickup,2024,5,49310,Queens,Rego Park,false,0.0587
hvfhv,196,pickup,2024,6,49674,Queens,Rego Park,false,0.0587
hvfhv,197,dropoff,2023,2,65517,Queens,Richmond Hill,false,0.0267
hvfhv,197,dropoff,2023,3,77493,Queens,Richmond Hill,false,0.0267
hvfhv,197,dropoff,2023,4,70744,Queens,Richmond Hill,false,0.0267
hvfhv,197,dropoff,2023,5,75623,Queens,Richmond Hill,false,0.0267
hvfhv,197,dropoff,2023,6,74387,Queens,Richmond Hill,false,0.0267
hvfhv,197,dropoff,2024,2,73141,Queens,Richmond Hill,false,0.0267
hvfhv,197,dropoff,2024,3,82319,Queens,Richmond Hill,false,0.0267
hvfhv,197,dropoff,2024,4,77203,Queens,Richmond Hill,false,0.0267
hvfhv,197,dropoff,2024,5,81220,Queens,Richmond Hill,false,0.0267
hvfhv,197,dropoff,2024,6,78436,Queens,Richmond Hill,false,0.0267
hvfhv,197,pickup,2023,2,71873,Queens,Richmond Hill,false,0.0213
hvfhv,197,pickup,2023,3,85055,Queens,Richmond Hill,false,0.0213
hvfhv,197,pickup,2023,4,77547,Queens,Richmond Hill,false,0.0213
hvfhv,197,pickup,2023,5,83140,Queens,Richmond Hill,false,0.0213
hvfhv,197,pickup,2023,6,81421,Queens,Richmond Hill,false,0.0213
hvfhv,197,pickup,2024,2,80441,Queens,Richmond Hill,false,0.0213
hvfhv,197,pickup,2024,3,90412,Queens,Richmond Hill,false,0.0213
hvfhv,197,pickup,2024,4,84835,Queens,Richmond Hill,false,0.0213
hvfhv,197,pickup,2024,5,89199,Queens,Richmond Hill,false,0.0213
hvfhv,197,pickup,2024,6,85870,Queens,Richmond Hill,false,0.0213
hvfhv,198,dropoff,2023,2,111915,Queens,Ridgewood,false,0.0964
hvfhv,198,dropoff,2023,3,124317,Queens,Ridgewood,false,0.0964
hvfhv,198,dropoff,2023,4,118480,Queens,Ridgewood,false,0.0964
hvfhv,198,dropoff,2023,5,121033,Queens,Ridgewood,false,0.0964
hvfhv,198,dropoff,2023,6,119566,Queens,Ridgewood,false,0.0964
hvfhv,198,dropoff,2024,2,121502,Queens,Ridgewood,false,0.0964
hvfhv,198,dropoff,2024,3,134277,Queens,Ridgewood,false,0.0964
hvfhv,198,dropoff,2024,4,123145,Queens,Ridgewood,false,0.0964
hvfhv,198,dropoff,2024,5,131502,Queens,Ridgewood,false,0.0964
hvfhv,198,dropoff,2024,6,129297,Queens,Ridgewood,false,0.0964
hvfhv,198,pickup,2023,2,105980,Queens,Ridgewood,false,0.0687
hvfhv,198,pickup,2023,3,118405,Queens,Ridgewood,false,0.0687
hvfhv,198,pickup,2023,4,114210,Queens,Ridgewood,false,0.0687
hvfhv,198,pickup,2023,5,115001,Queens,Ridgewood,false,0.0687
hvfhv,198,pickup,2023,6,114257,Queens,Ridgewood,false,0.0687
hvfhv,198,pickup,2024,2,116616,Queens,Ridgewood,false,0.0687
hvfhv,198,pickup,2024,3,130100,Queens,Ridgewood,false,0.0687
hvfhv,198,pickup,2024,4,117396,Queens,Ridgewood,false,0.0687
hvfhv,198,pickup,2024,5,124818,Queens,Ridgewood,false,0.0687
hvfhv,198,pickup,2024,6,124599,Queens,Ridgewood,false,0.0687
hvfhv,199,dropoff,2023,2,1,Bronx,Rikers Island,false,0.0
hvfhv,199,dropoff,2023,6,1,Bronx,Rikers Island,false,0.0
hvfhv,199,dropoff,2024,2,1,Bronx,Rikers Island,false,0.0
hvfhv,199,dropoff,2024,3,1,Bronx,Rikers Island,false,0.0
hvfhv,199,dropoff,2024,4,1,Bronx,Rikers Island,false,0.0
hvfhv,199,pickup,2023,2,21,Bronx,Rikers Island,false,0.0449
hvfhv,199,pickup,2023,3,19,Bronx,Rikers Island,false,0.0449
hvfhv,199,pickup,2023,4,21,Bronx,Rikers Island,false,0.0449
hvfhv,199,pickup,2023,5,13,Bronx,Rikers Island,false,0.0449
hvfhv,199,pickup,2023,6,15,Bronx,Rikers Island,false,0.0449
hvfhv,199,pickup,2024,2,5,Bronx,Rikers Island,false,0.0449
hvfhv,199,pickup,2024,3,7,Bronx,Rikers Island,false,0.0449
hvfhv,199,pickup,2024,4,8,Bronx,Rikers Island,false,0.0449
hvfhv,199,pickup,2024,5,1,Bronx,Rikers Island,false,0.0449
hvfhv,199,pickup,2024,6,10,Bronx,Rikers Island,false,0.0449
hvfhv,200,dropoff,2023,2,32592,Bronx,Riverdale/North Riverdale/Fieldston,false,0.0958
hvfhv,200,dropoff,2023,3,36497,Bronx,Riverdale/North Riverdale/Fieldston,false,0.0958
hvfhv,200,dropoff,2023,4,34349,Bronx,Riverdale/North Riverdale/Fieldston,false,0.0958
hvfhv,200,dropoff,2023,5,38478,Bronx,Riverdale/North Riverdale/Fieldston,false,0.0958
hvfhv,200,dropoff,2023,6,34083,Bronx,Riverdale/North Riverdale/Fieldston,false,0.0958
hvfhv,200,dropoff,2024,2,37132,Bronx,Riverdale/North Riverdale/Fieldston,false,0.0958
hvfhv,200,dropoff,2024,3,37780,Bronx,Riverdale/North Riverdale/Fieldston,false,0.0958
hvfhv,200,dropoff,2024,4,38359,Bronx,Riverdale/North Riverdale/Fieldston,false,0.0958
hvfhv,200,dropoff,2024,5,42320,Bronx,Riverdale/North Riverdale/Fieldston,false,0.0958
hvfhv,200,dropoff,2024,6,36501,Bronx,Riverdale/North Riverdale/Fieldston,false,0.0958
hvfhv,200,pickup,2023,2,34254,Bronx,Riverdale/North Riverdale/Fieldston,false,0.0862
hvfhv,200,pickup,2023,3,38628,Bronx,Riverdale/North Riverdale/Fieldston,false,0.0862
hvfhv,200,pickup,2023,4,35834,Bronx,Riverdale/North Riverdale/Fieldston,false,0.0862
hvfhv,200,pickup,2023,5,40268,Bronx,Riverdale/North Riverdale/Fieldston,false,0.0862
hvfhv,200,pickup,2023,6,35312,Bronx,Riverdale/North Riverdale/Fieldston,false,0.0862
hvfhv,200,pickup,2024,2,39052,Bronx,Riverdale/North Riverdale/Fieldston,false,0.0862
hvfhv,200,pickup,2024,3,40215,Bronx,Riverdale/North Riverdale/Fieldston,false,0.0862
hvfhv,200,pickup,2024,4,40317,Bronx,Riverdale/North Riverdale/Fieldston,false,0.0862
hvfhv,200,pickup,2024,5,44061,Bronx,Riverdale/North Riverdale/Fieldston,false,0.0862
hvfhv,200,pickup,2024,6,37827,Bronx,Riverdale/North Riverdale/Fieldston,false,0.0862
hvfhv,201,dropoff,2023,2,9213,Queens,Rockaway Park,false,0.0575
hvfhv,201,dropoff,2023,3,12204,Queens,Rockaway Park,false,0.0575
hvfhv,201,dropoff,2023,4,10735,Queens,Rockaway Park,false,0.0575
hvfhv,201,dropoff,2023,5,13083,Queens,Rockaway Park,false,0.0575
hvfhv,201,dropoff,2023,6,14047,Queens,Rockaway Park,false,0.0575
hvfhv,201,dropoff,2024,2,10643,Queens,Rockaway Park,false,0.0575
hvfhv,201,dropoff,2024,3,13660,Queens,Rockaway Park,false,0.0575
hvfhv,201,dropoff,2024,4,11391,Queens,Rockaway Park,false,0.0575
hvfhv,201,dropoff,2024,5,14565,Queens,Rockaway Park,false,0.0575
hvfhv,201,dropoff,2024,6,17957,Queens,Rockaway Park,false,0.0575
hvfhv,201,pickup,2023,2,8445,Queens,Rockaway Park,false,0.0317
hvfhv,201,pickup,2023,3,11568,Queens,Rockaway Park,false,0.0317
hvfhv,201,pickup,2023,4,10218,Queens,Rockaway Park,false,0.0317
hvfhv,201,pickup,2023,5,12665,Queens,Rockaway Park,false,0.0317
hvfhv,201,pickup,2023,6,13992,Queens,Rockaway Park,false,0.0317
hvfhv,201,pickup,2024,2,9946,Queens,Rockaway Park,false,0.0317
hvfhv,201,pickup,2024,3,12935,Queens,Rockaway Park,false,0.0317
hvfhv,201,pickup,2024,4,10894,Queens,Rockaway Park,false,0.0317
hvfhv,201,pickup,2024,5,14149,Queens,Rockaway Park,false,0.0317
hvfhv,201,pickup,2024,6,18285,Queens,Rockaway Park,false,0.0317
hvfhv,202,dropoff,2023,2,13846,Manhattan,Roosevelt Island,false,0.2558
hvfhv,202,dropoff,2023,3,14505,Manhattan,Roosevelt Island,false,0.2558
hvfhv,202,dropoff,2023,4,14380,Manhattan,Roosevelt Island,false,0.2558
hvfhv,202,dropoff,2023,5,15869,Manhattan,Roosevelt Island,false,0.2558
hvfhv,202,dropoff,2023,6,15172,Manhattan,Roosevelt Island,false,0.2558
hvfhv,202,dropoff,2024,2,16424,Manhattan,Roosevelt Island,false,0.2558
hvfhv,202,dropoff,2024,3,18801,Manhattan,Roosevelt Island,false,0.2558
hvfhv,202,dropoff,2024,4,14913,Manhattan,Roosevelt Island,false,0.2558
hvfhv,202,dropoff,2024,5,16477,Manhattan,Roosevelt Island,false,0.2558
hvfhv,202,dropoff,2024,6,15849,Manhattan,Roosevelt Island,false,0.2558
hvfhv,202,pickup,2023,2,12136,Manhattan,Roosevelt Island,false,0.1922
hvfhv,202,pickup,2023,3,13024,Manhattan,Roosevelt Island,false,0.1922
hvfhv,202,pickup,2023,4,12790,Manhattan,Roosevelt Island,false,0.1922
hvfhv,202,pickup,2023,5,13865,Manhattan,Roosevelt Island,false,0.1922
hvfhv,202,pickup,2023,6,13435,Manhattan,Roosevelt Island,false,0.1922
hvfhv,202,pickup,2024,2,13890,Manhattan,Roosevelt Island,false,0.1922
hvfhv,202,pickup,2024,3,15578,Manhattan,Roosevelt Island,false,0.1922
hvfhv,202,pickup,2024,4,13111,Manhattan,Roosevelt Island,false,0.1922
hvfhv,202,pickup,2024,5,14052,Manhattan,Roosevelt Island,false,0.1922
hvfhv,202,pickup,2024,6,14072,Manhattan,Roosevelt Island,false,0.1922
hvfhv,203,dropoff,2023,2,22672,Queens,Rosedale,false,0.0164
hvfhv,203,dropoff,2023,3,26757,Queens,Rosedale,false,0.0164
hvfhv,203,dropoff,2023,4,24640,Queens,Rosedale,false,0.0164
hvfhv,203,dropoff,2023,5,26529,Queens,Rosedale,false,0.0164
hvfhv,203,dropoff,2023,6,25539,Queens,Rosedale,false,0.0164
hvfhv,203,dropoff,2024,2,26921,Queens,Rosedale,false,0.0164
hvfhv,203,dropoff,2024,3,29881,Queens,Rosedale,false,0.0164
hvfhv,203,dropoff,2024,4,27496,Queens,Rosedale,false,0.0164
hvfhv,203,dropoff,2024,5,28952,Queens,Rosedale,false,0.0164
hvfhv,203,dropoff,2024,6,27914,Queens,Rosedale,false,0.0164
hvfhv,203,pickup,2023,2,30163,Queens,Rosedale,false,0.0102
hvfhv,203,pickup,2023,3,35437,Queens,Rosedale,false,0.0102
hvfhv,203,pickup,2023,4,32851,Queens,Rosedale,false,0.0102
hvfhv,203,pickup,2023,5,35687,Queens,Rosedale,false,0.0102
hvfhv,203,pickup,2023,6,35041,Queens,Rosedale,false,0.0102
hvfhv,203,pickup,2024,2,35673,Queens,Rosedale,false,0.0102
hvfhv,203,pickup,2024,3,39431,Queens,Rosedale,false,0.0102
hvfhv,203,pickup,2024,4,36735,Queens,Rosedale,false,0.0102
hvfhv,203,pickup,2024,5,38330,Queens,Rosedale,false,0.0102
hvfhv,203,pickup,2024,6,37935,Queens,Rosedale,false,0.0102
hvfhv,204,dropoff,2023,2,3719,Staten Island,Rossville/Woodrow,false,0.0588
hvfhv,204,dropoff,2023,3,4250,Staten Island,Rossville/Woodrow,false,0.0588
hvfhv,204,dropoff,2023,4,4098,Staten Island,Rossville/Woodrow,false,0.0588
hvfhv,204,dropoff,2023,5,4627,Staten Island,Rossville/Woodrow,false,0.0588
hvfhv,204,dropoff,2023,6,4669,Staten Island,Rossville/Woodrow,false,0.0588
hvfhv,204,dropoff,2024,2,4155,Staten Island,Rossville/Woodrow,false,0.0588
hvfhv,204,dropoff,2024,3,4932,Staten Island,Rossville/Woodrow,false,0.0588
hvfhv,204,dropoff,2024,4,4501,Staten Island,Rossville/Woodrow,false,0.0588
hvfhv,204,dropoff,2024,5,4998,Staten Island,Rossville/Woodrow,false,0.0588
hvfhv,204,dropoff,2024,6,5223,Staten Island,Rossville/Woodrow,false,0.0588
hvfhv,204,pickup,2023,2,3953,Staten Island,Rossville/Woodrow,false,0.0262
hvfhv,204,pickup,2023,3,4657,Staten Island,Rossville/Woodrow,false,0.0262
hvfhv,204,pickup,2023,4,4367,Staten Island,Rossville/Woodrow,false,0.0262
hvfhv,204,pickup,2023,5,4992,Staten Island,Rossville/Woodrow,false,0.0262
hvfhv,204,pickup,2023,6,4828,Staten Island,Rossville/Woodrow,false,0.0262
hvfhv,204,pickup,2024,2,4500,Staten Island,Rossville/Woodrow,false,0.0262
hvfhv,204,pickup,2024,3,5219,Staten Island,Rossville/Woodrow,false,0.0262
hvfhv,204,pickup,2024,4,4890,Staten Island,Rossville/Woodrow,false,0.0262
hvfhv,204,pickup,2024,5,5292,Staten Island,Rossville/Woodrow,false,0.0262
hvfhv,204,pickup,2024,6,5471,Staten Island,Rossville/Woodrow,false,0.0262
hvfhv,205,dropoff,2023,2,57798,Queens,Saint Albans,false,0.0172
hvfhv,205,dropoff,2023,3,69572,Queens,Saint Albans,false,0.0172
hvfhv,205,dropoff,2023,4,63472,Queens,Saint Albans,false,0.0172
hvfhv,205,dropoff,2023,5,68368,Queens,Saint Albans,false,0.0172
hvfhv,205,dropoff,2023,6,68122,Queens,Saint Albans,false,0.0172
hvfhv,205,dropoff,2024,2,64748,Queens,Saint Albans,false,0.0172
hvfhv,205,dropoff,2024,3,73556,Queens,Saint Albans,false,0.0172
hvfhv,205,dropoff,2024,4,68641,Queens,Saint Albans,false,0.0172
hvfhv,205,dropoff,2024,5,72326,Queens,Saint Albans,false,0.0172
hvfhv,205,dropoff,2024,6,72254,Queens,Saint Albans,false,0.0172
hvfhv,205,pickup,2023,2,67070,Queens,Saint Albans,false,0.013
hvfhv,205,pickup,2023,3,80228,Queens,Saint Albans,false,0.013
hvfhv,205,pickup,2023,4,74245,Queens,Saint Albans,false,0.013
hvfhv,205,pickup,2023,5,79177,Queens,Saint Albans,false,0.013
hvfhv,205,pickup,2023,6,78712,Queens,Saint Albans,false,0.013
hvfhv,205,pickup,2024,2,74988,Queens,Saint Albans,false,0.013
hvfhv,205,pickup,2024,3,85932,Queens,Saint Albans,false,0.013
hvfhv,205,pickup,2024,4,80075,Queens,Saint Albans,false,0.013
hvfhv,205,pickup,2024,5,84521,Queens,Saint Albans,false,0.013
hvfhv,205,pickup,2024,6,84618,Queens,Saint Albans,false,0.013
hvfhv,206,dropoff,2023,2,34387,Staten Island,Saint George/New Brighton,false,0.0207
hvfhv,206,dropoff,2023,3,42569,Staten Island,Saint George/New Brighton,false,0.0207
hvfhv,206,dropoff,2023,4,38447,Staten Island,Saint George/New Brighton,false,0.0207
hvfhv,206,dropoff,2023,5,41814,Staten Island,Saint George/New Brighton,false,0.0207
hvfhv,206,dropoff,2023,6,40302,Staten Island,Saint George/New Brighton,false,0.0207
hvfhv,206,dropoff,2024,2,41672,Staten Island,Saint George/New Brighton,false,0.0207
hvfhv,206,dropoff,2024,3,47158,Staten Island,Saint George/New Brighton,false,0.0207
hvfhv,206,dropoff,2024,4,41956,Staten Island,Saint George/New Brighton,false,0.0207
hvfhv,206,dropoff,2024,5,44517,Staten Island,Saint George/New Brighton,false,0.0207
hvfhv,206,dropoff,2024,6,42945,Staten Island,Saint George/New Brighton,false,0.0207
hvfhv,206,pickup,2023,2,31411,Staten Island,Saint George/New Brighton,false,0.014
hvfhv,206,pickup,2023,3,39333,Staten Island,Saint George/New Brighton,false,0.014
hvfhv,206,pickup,2023,4,35808,Staten Island,Saint George/New Brighton,false,0.014
hvfhv,206,pickup,2023,5,38627,Staten Island,Saint George/New Brighton,false,0.014
hvfhv,206,pickup,2023,6,37126,Staten Island,Saint George/New Brighton,false,0.014
hvfhv,206,pickup,2024,2,39255,Staten Island,Saint George/New Brighton,false,0.014
hvfhv,206,pickup,2024,3,44232,Staten Island,Saint George/New Brighton,false,0.014
hvfhv,206,pickup,2024,4,39789,Staten Island,Saint George/New Brighton,false,0.014
hvfhv,206,pickup,2024,5,42119,Staten Island,Saint George/New Brighton,false,0.014
hvfhv,206,pickup,2024,6,40278,Staten Island,Saint George/New Brighton,false,0.014
hvfhv,207,dropoff,2023,2,3225,Queens,Saint Michaels Cemetery/Woodside,false,0.0161
hvfhv,207,dropoff,2023,3,3435,Queens,Saint Michaels Cemetery/Woodside,false,0.0161
hvfhv,207,dropoff,2023,4,3309,Queens,Saint Michaels Cemetery/Woodside,false,0.0161
hvfhv,207,dropoff,2023,5,3529,Queens,Saint Michaels Cemetery/Woodside,false,0.0161
hvfhv,207,dropoff,2023,6,3434,Queens,Saint Michaels Cemetery/Woodside,false,0.0161
hvfhv,207,dropoff,2024,2,3176,Queens,Saint Michaels Cemetery/Woodside,false,0.0161
hvfhv,207,dropoff,2024,3,3464,Queens,Saint Michaels Cemetery/Woodside,false,0.0161
hvfhv,207,dropoff,2024,4,3253,Queens,Saint Michaels Cemetery/Woodside,false,0.0161
hvfhv,207,dropoff,2024,5,3649,Queens,Saint Michaels Cemetery/Woodside,false,0.0161
hvfhv,207,dropoff,2024,6,3776,Queens,Saint Michaels Cemetery/Woodside,false,0.0161
hvfhv,207,pickup,2023,2,2949,Queens,Saint Michaels Cemetery/Woodside,false,0.0147
hvfhv,207,pickup,2023,3,3054,Queens,Saint Michaels Cemetery/Woodside,false,0.0147
hvfhv,207,pickup,2023,4,2902,Queens,Saint Michaels Cemetery/Woodside,false,0.0147
hvfhv,207,pickup,2023,5,3200,Queens,Saint Michaels Cemetery/Woodside,false,0.0147
hvfhv,207,pickup,2023,6,3076,Queens,Saint Michaels Cemetery/Woodside,false,0.0147
hvfhv,207,pickup,2024,2,2789,Queens,Saint Michaels Cemetery/Woodside,false,0.0147
hvfhv,207,pickup,2024,3,3076,Queens,Saint Michaels Cemetery/Woodside,false,0.0147
hvfhv,207,pickup,2024,4,2937,Queens,Saint Michaels Cemetery/Woodside,false,0.0147
hvfhv,207,pickup,2024,5,3209,Queens,Saint Michaels Cemetery/Woodside,false,0.0147
hvfhv,207,pickup,2024,6,3459,Queens,Saint Michaels Cemetery/Woodside,false,0.0147
hvfhv,208,dropoff,2023,2,51168,Bronx,Schuylerville/Edgewater Park,false,0.0411
hvfhv,208,dropoff,2023,3,61099,Bronx,Schuylerville/Edgewater Park,false,0.0411
hvfhv,208,dropoff,2023,4,56007,Bronx,Schuylerville/Edgewater Park,false,0.0411
hvfhv,208,dropoff,2023,5,60656,Bronx,Schuylerville/Edgewater Park,false,0.0411
hvfhv,208,dropoff,2023,6,59652,Bronx,Schuylerville/Edgewater Park,false,0.0411
hvfhv,208,dropoff,2024,2,60375,Bronx,Schuylerville/Edgewater Park,false,0.0411
hvfhv,208,dropoff,2024,3,68531,Bronx,Schuylerville/Edgewater Park,false,0.0411
hvfhv,208,dropoff,2024,4,63014,Bronx,Schuylerville/Edgewater Park,false,0.0411
hvfhv,208,dropoff,2024,5,68247,Bronx,Schuylerville/Edgewater Park,false,0.0411
hvfhv,208,dropoff,2024,6,66699,Bronx,Schuylerville/Edgewater Park,false,0.0411
hvfhv,208,pickup,2023,2,52609,Bronx,Schuylerville/Edgewater Park,false,0.0316
hvfhv,208,pickup,2023,3,62927,Bronx,Schuylerville/Edgewater Park,false,0.0316
hvfhv,208,pickup,2023,4,57940,Bronx,Schuylerville/Edgewater Park,false,0.0316
hvfhv,208,pickup,2023,5,62006,Bronx,Schuylerville/Edgewater Park,false,0.0316
hvfhv,208,pickup,2023,6,61161,Bronx,Schuylerville/Edgewater Park,false,0.0316
hvfhv,208,pickup,2024,2,61383,Bronx,Schuylerville/Edgewater Park,false,0.0316
hvfhv,208,pickup,2024,3,69107,Bronx,Schuylerville/Edgewater Park,false,0.0316
hvfhv,208,pickup,2024,4,63519,Bronx,Schuylerville/Edgewater Park,false,0.0316
hvfhv,208,pickup,2024,5,66891,Bronx,Schuylerville/Edgewater Park,false,0.0316
hvfhv,208,pickup,2024,6,65863,Bronx,Schuylerville/Edgewater Park,false,0.0316
hvfhv,209,dropoff,2023,2,41017,Manhattan,Seaport,true,1.0
hvfhv,209,dropoff,2023,3,44945,Manhattan,Seaport,true,1.0
hvfhv,209,dropoff,2023,4,42156,Manhattan,Seaport,true,1.0
hvfhv,209,dropoff,2023,5,40929,Manhattan,Seaport,true,1.0
hvfhv,209,dropoff,2023,6,40548,Manhattan,Seaport,true,1.0
hvfhv,209,dropoff,2024,2,40743,Manhattan,Seaport,true,1.0
hvfhv,209,dropoff,2024,3,44016,Manhattan,Seaport,true,1.0
hvfhv,209,dropoff,2024,4,41556,Manhattan,Seaport,true,1.0
hvfhv,209,dropoff,2024,5,42769,Manhattan,Seaport,true,1.0
hvfhv,209,dropoff,2024,6,41598,Manhattan,Seaport,true,1.0
hvfhv,209,pickup,2023,2,43772,Manhattan,Seaport,true,1.0
hvfhv,209,pickup,2023,3,49082,Manhattan,Seaport,true,1.0
hvfhv,209,pickup,2023,4,45633,Manhattan,Seaport,true,1.0
hvfhv,209,pickup,2023,5,44831,Manhattan,Seaport,true,1.0
hvfhv,209,pickup,2023,6,45221,Manhattan,Seaport,true,1.0
hvfhv,209,pickup,2024,2,44702,Manhattan,Seaport,true,1.0
hvfhv,209,pickup,2024,3,49362,Manhattan,Seaport,true,1.0
hvfhv,209,pickup,2024,4,46094,Manhattan,Seaport,true,1.0
hvfhv,209,pickup,2024,5,48390,Manhattan,Seaport,true,1.0
hvfhv,209,pickup,2024,6,47611,Manhattan,Seaport,true,1.0
hvfhv,210,dropoff,2023,2,51588,Brooklyn,Sheepshead Bay,false,0.0314
hvfhv,210,dropoff,2023,3,60805,Brooklyn,Sheepshead Bay,false,0.0314
hvfhv,210,dropoff,2023,4,54851,Brooklyn,Sheepshead Bay,false,0.0314
hvfhv,210,dropoff,2023,5,57666,Brooklyn,Sheepshead Bay,false,0.0314
hvfhv,210,dropoff,2023,6,57778,Brooklyn,Sheepshead Bay,false,0.0314
hvfhv,210,dropoff,2024,2,57919,Brooklyn,Sheepshead Bay,false,0.0314
hvfhv,210,dropoff,2024,3,65036,Brooklyn,Sheepshead Bay,false,0.0314
hvfhv,210,dropoff,2024,4,58692,Brooklyn,Sheepshead Bay,false,0.0314
hvfhv,210,dropoff,2024,5,61466,Brooklyn,Sheepshead Bay,false,0.0314
hvfhv,210,dropoff,2024,6,60167,Brooklyn,Sheepshead Bay,false,0.0314
hvfhv,210,pickup,2023,2,52816,Brooklyn,Sheepshead Bay,false,0.0226
hvfhv,210,pickup,2023,3,62356,Brooklyn,Sheepshead Bay,false,0.0226
hvfhv,210,pickup,2023,4,55848,Brooklyn,Sheepshead Bay,false,0.0226
hvfhv,210,pickup,2023,5,59015,Brooklyn,Sheepshead Bay,false,0.0226
hvfhv,210,pickup,2023,6,58739,Brooklyn,Sheepshead Bay,false,0.0226
hvfhv,210,pickup,2024,2,58350,Brooklyn,Sheepshead Bay,false,0.0226
hvfhv,210,pickup,2024,3,65947,Brooklyn,Sheepshead Bay,false,0.0226
hvfhv,210,pickup,2024,4,59973,Brooklyn,Sheepshead Bay,false,0.0226
hvfhv,210,pickup,2024,5,61704,Brooklyn,Sheepshead Bay,false,0.0226
hvfhv,210,pickup,2024,6,60847,Brooklyn,Sheepshead Bay,false,0.0226
hvfhv,211,dropoff,2023,2,111051,Manhattan,SoHo,true,1.0
hvfhv,211,dropoff,2023,3,114358,Manhattan,SoHo,true,1.0
hvfhv,211,dropoff,2023,4,113422,Manhattan,SoHo,true,1.0
hvfhv,211,dropoff,2023,5,109561,Manhattan,SoHo,true,1.0
hvfhv,211,dropoff,2023,6,105428,Manhattan,SoHo,true,1.0
hvfhv,211,dropoff,2024,2,107900,Manhattan,SoHo,true,1.0
hvfhv,211,dropoff,2024,3,110562,Manhattan,SoHo,true,1.0
hvfhv,211,dropoff,2024,4,103074,Manhattan,SoHo,true,1.0
hvfhv,211,dropoff,2024,5,107233,Manhattan,SoHo,true,1.0
hvfhv,211,dropoff,2024,6,101025,Manhattan,SoHo,true,1.0
hvfhv,211,pickup,2023,2,119975,Manhattan,SoHo,true,1.0
hvfhv,211,pickup,2023,3,122797,Manhattan,SoHo,true,1.0
hvfhv,211,pickup,2023,4,124048,Manhattan,SoHo,true,1.0
hvfhv,211,pickup,2023,5,120588,Manhattan,SoHo,true,1.0
hvfhv,211,pickup,2023,6,115335,Manhattan,SoHo,true,1.0
hvfhv,211,pickup,2024,2,117738,Manhattan,SoHo,true,1.0
hvfhv,211,pickup,2024,3,122092,Manhattan,SoHo,true,1.0
hvfhv,211,pickup,2024,4,113427,Manhattan,SoHo,true,1.0
hvfhv,211,pickup,2024,5,119357,Manhattan,SoHo,true,1.0
hvfhv,211,pickup,2024,6,111157,Manhattan,SoHo,true,1.0
hvfhv,212,dropoff,2023,2,43039,Bronx,Soundview/Bruckner,false,0.0358
hvfhv,212,dropoff,2023,3,49849,Bronx,Soundview/Bruckner,false,0.0358
hvfhv,212,dropoff,2023,4,45538,Bronx,Soundview/Bruckner,false,0.0358
hvfhv,212,dropoff,2023,5,47838,Bronx,Soundview/Bruckner,false,0.0358
hvfhv,212,dropoff,2023,6,46145,Bronx,Soundview/Bruckner,false,0.0358
hvfhv,212,dropoff,2024,2,46614,Bronx,Soundview/Bruckner,false,0.0358
hvfhv,212,dropoff,2024,3,51654,Bronx,Soundview/Bruckner,false,0.0358
hvfhv,212,dropoff,2024,4,47209,Bronx,Soundview/Bruckner,false,0.0358
hvfhv,212,dropoff,2024,5,48521,Bronx,Soundview/Bruckner,false,0.0358
hvfhv,212,dropoff,2024,6,48346,Bronx,Soundview/Bruckner,false,0.0358
hvfhv,212,pickup,2023,2,44914,Bronx,Soundview/Bruckner,false,0.0322
hvfhv,212,pickup,2023,3,52268,Bronx,Soundview/Bruckner,false,0.0322
hvfhv,212,pickup,2023,4,47523,Bronx,Soundview/Bruckner,false,0.0322
hvfhv,212,pickup,2023,5,49368,Bronx,Soundview/Bruckner,false,0.0322
hvfhv,212,pickup,2023,6,48179,Bronx,Soundview/Bruckner,false,0.0322
hvfhv,212,pickup,2024,2,49905,Bronx,Soundview/Bruckner,false,0.0322
hvfhv,212,pickup,2024,3,56388,Bronx,Soundview/Bruckner,false,0.0322
hvfhv,212,pickup,2024,4,50420,Bronx,Soundview/Bruckner,false,0.0322
hvfhv,212,pickup,2024,5,51996,Bronx,Soundview/Bruckner,false,0.0322
hvfhv,212,pickup,2024,6,50956,Bronx,Soundview/Bruckner,false,0.0322
hvfhv,213,dropoff,2023,2,78177,Bronx,Soundview/Castle Hill,false,0.0306
hvfhv,213,dropoff,2023,3,91797,Bronx,Soundview/Castle Hill,false,0.0306
hvfhv,213,dropoff,2023,4,82536,Bronx,Soundview/Castle Hill,false,0.0306
hvfhv,213,dropoff,2023,5,86664,Bronx,Soundview/Castle Hill,false,0.0306
hvfhv,213,dropoff,2023,6,82598,Bronx,Soundview/Castle Hill,false,0.0306
hvfhv,213,dropoff,2024,2,88339,Bronx,Soundview/Castle Hill,false,0.0306
hvfhv,213,dropoff,2024,3,99569,Bronx,Soundview/Castle Hill,false,0.0306
hvfhv,213,dropoff,2024,4,89885,Bronx,Soundview/Castle Hill,false,0.0306
hvfhv,213,dropoff,2024,5,93817,Bronx,Soundview/Castle Hill,false,0.0306
hvfhv,213,dropoff,2024,6,91900,Bronx,Soundview/Castle Hill,false,0.0306
hvfhv,213,pickup,2023,2,80186,Bronx,Soundview/Castle Hill,false,0.0305
hvfhv,213,pickup,2023,3,94297,Bronx,Soundview/Castle Hill,false,0.0305
hvfhv,213,pickup,2023,4,85357,Bronx,Soundview/Castle Hill,false,0.0305
hvfhv,213,pickup,2023,5,89038,Bronx,Soundview/Castle Hill,false,0.0305
hvfhv,213,pickup,2023,6,85233,Bronx,Soundview/Castle Hill,false,0.0305
hvfhv,213,pickup,2024,2,91446,Bronx,Soundview/Castle Hill,false,0.0305
hvfhv,213,pickup,2024,3,102389,Bronx,Soundview/Castle Hill,false,0.0305
hvfhv,213,pickup,2024,4,92546,Bronx,Soundview/Castle Hill,false,0.0305
hvfhv,213,pickup,2024,5,95758,Bronx,Soundview/Castle Hill,false,0.0305
hvfhv,213,pickup,2024,6,93684,Bronx,Soundview/Castle Hill,false,0.0305
hvfhv,214,dropoff,2023,2,14266,Staten Island,South Beach/Dongan Hills,false,0.0386
hvfhv,214,dropoff,2023,3,15978,Staten Island,South Beach/Dongan Hills,false,0.0386
hvfhv,214,dropoff,2023,4,14410,Staten Island,South Beach/Dongan Hills,false,0.0386
hvfhv,214,dropoff,2023,5,15453,Staten Island,South Beach/Dongan Hills,false,0.0386
hvfhv,214,dropoff,2023,6,15147,Staten Island,South Beach/Dongan Hills,false,0.0386
hvfhv,214,dropoff,2024,2,15969,Staten Island,South Beach/Dongan Hills,false,0.0386
hvfhv,214,dropoff,2024,3,17541,Staten Island,South Beach/Dongan Hills,false,0.0386
hvfhv,214,dropoff,2024,4,15941,Staten Island,South Beach/Dongan Hills,false,0.0386
hvfhv,214,dropoff,2024,5,16745,Staten Island,South Beach/Dongan Hills,false,0.0386
hvfhv,214,dropoff,2024,6,16270,Staten Island,South Beach/Dongan Hills,false,0.0386
hvfhv,214,pickup,2023,2,13519,Staten Island,South Beach/Dongan Hills,false,0.0273
hvfhv,214,pickup,2023,3,15489,Staten Island,South Beach/Dongan Hills,false,0.0273
hvfhv,214,pickup,2023,4,14181,Staten Island,South Beach/Dongan Hills,false,0.0273
hvfhv,214,pickup,2023,5,15169,Staten Island,South Beach/Dongan Hills,false,0.0273
hvfhv,214,pickup,2023,6,14901,Staten Island,South Beach/Dongan Hills,false,0.0273
hvfhv,214,pickup,2024,2,16017,Staten Island,South Beach/Dongan Hills,false,0.0273
hvfhv,214,pickup,2024,3,17306,Staten Island,South Beach/Dongan Hills,false,0.0273
hvfhv,214,pickup,2024,4,15838,Staten Island,South Beach/Dongan Hills,false,0.0273
hvfhv,214,pickup,2024,5,16742,Staten Island,South Beach/Dongan Hills,false,0.0273
hvfhv,214,pickup,2024,6,16188,Staten Island,South Beach/Dongan Hills,false,0.0273
hvfhv,215,dropoff,2023,2,43338,Queens,South Jamaica,false,0.0163
hvfhv,215,dropoff,2023,3,52583,Queens,South Jamaica,false,0.0163
hvfhv,215,dropoff,2023,4,47932,Queens,South Jamaica,false,0.0163
hvfhv,215,dropoff,2023,5,51015,Queens,South Jamaica,false,0.0163
hvfhv,215,dropoff,2023,6,49109,Queens,South Jamaica,false,0.0163
hvfhv,215,dropoff,2024,2,49437,Queens,South Jamaica,false,0.0163
hvfhv,215,dropoff,2024,3,56346,Queens,South Jamaica,false,0.0163
hvfhv,215,dropoff,2024,4,51441,Queens,South Jamaica,false,0.0163
hvfhv,215,dropoff,2024,5,52898,Queens,South Jamaica,false,0.0163
hvfhv,215,dropoff,2024,6,51671,Queens,South Jamaica,false,0.0163
hvfhv,215,pickup,2023,2,52703,Queens,South Jamaica,false,0.0124
hvfhv,215,pickup,2023,3,63520,Queens,South Jamaica,false,0.0124
hvfhv,215,pickup,2023,4,57504,Queens,South Jamaica,false,0.0124
hvfhv,215,pickup,2023,5,61771,Queens,South Jamaica,false,0.0124
hvfhv,215,pickup,2023,6,59471,Queens,South Jamaica,false,0.0124
hvfhv,215,pickup,2024,2,59701,Queens,South Jamaica,false,0.0124
hvfhv,215,pickup,2024,3,67376,Queens,South Jamaica,false,0.0124
hvfhv,215,pickup,2024,4,62018,Queens,South Jamaica,false,0.0124
hvfhv,215,pickup,2024,5,64664,Queens,South Jamaica,false,0.0124
hvfhv,215,pickup,2024,6,62869,Queens,South Jamaica,false,0.0124
hvfhv,216,dropoff,2023,2,86458,Queens,South Ozone Park,false,0.0231
hvfhv,216,dropoff,2023,3,100828,Queens,South Ozone Park,false,0.0231
hvfhv,216,dropoff,2023,4,94511,Queens,South Ozone Park,false,0.0231
hvfhv,216,dropoff,2023,5,102490,Queens,South Ozone Park,false,0.0231
hvfhv,216,dropoff,2023,6,99708,Queens,South Ozone Park,false,0.0231
hvfhv,216,dropoff,2024,2,95680,Queens,South Ozone Park,false,0.0231
hvfhv,216,dropoff,2024,3,108301,Queens,South Ozone Park,false,0.0231
hvfhv,216,dropoff,2024,4,104557,Queens,South Ozone Park,false,0.0231
hvfhv,216,dropoff,2024,5,111581,Queens,South Ozone Park,false,0.0231
hvfhv,216,dropoff,2024,6,109626,Queens,South Ozone Park,false,0.0231
hvfhv,216,pickup,2023,2,112839,Queens,South Ozone Park,false,0.0151
hvfhv,216,pickup,2023,3,131801,Queens,South Ozone Park,false,0.0151
hvfhv,216,pickup,2023,4,119207,Queens,South Ozone Park,false,0.0151
hvfhv,216,pickup,2023,5,127460,Queens,South Ozone Park,false,0.0151
hvfhv,216,pickup,2023,6,124135,Queens,South Ozone Park,false,0.0151
hvfhv,216,pickup,2024,2,118620,Queens,South Ozone Park,false,0.0151
hvfhv,216,pickup,2024,3,132862,Queens,South Ozone Park,false,0.0151
hvfhv,216,pickup,2024,4,127769,Queens,South Ozone Park,false,0.0151
hvfhv,216,pickup,2024,5,134140,Queens,South Ozone Park,false,0.0151
hvfhv,216,pickup,2024,6,130175,Queens,South Ozone Park,false,0.0151
hvfhv,217,dropoff,2023,2,32717,Brooklyn,South Williamsburg,false,0.075
hvfhv,217,dropoff,2023,3,37272,Brooklyn,South Williamsburg,false,0.075
hvfhv,217,dropoff,2023,4,26399,Brooklyn,South Williamsburg,false,0.075
hvfhv,217,dropoff,2023,5,31644,Brooklyn,South Williamsburg,false,0.075
hvfhv,217,dropoff,2023,6,31919,Brooklyn,South Williamsburg,false,0.075
hvfhv,217,dropoff,2024,2,37431,Brooklyn,South Williamsburg,false,0.075
hvfhv,217,dropoff,2024,3,40973,Brooklyn,South Williamsburg,false,0.075
hvfhv,217,dropoff,2024,4,32808,Brooklyn,South Williamsburg,false,0.075
hvfhv,217,dropoff,2024,5,35447,Brooklyn,South Williamsburg,false,0.075
hvfhv,217,dropoff,2024,6,33616,Brooklyn,South Williamsburg,false,0.075
hvfhv,217,pickup,2023,2,30242,Brooklyn,South Williamsburg,false,0.0621
hvfhv,217,pickup,2023,3,34914,Brooklyn,South Williamsburg,false,0.0621
hvfhv,217,pickup,2023,4,25122,Brooklyn,South Williamsburg,false,0.0621
hvfhv,217,pickup,2023,5,29594,Brooklyn,South Williamsburg,false,0.0621
hvfhv,217,pickup,2023,6,29985,Brooklyn,South Williamsburg,false,0.0621
hvfhv,217,pickup,2024,2,34840,Brooklyn,South Williamsburg,false,0.0621
hvfhv,217,pickup,2024,3,39083,Brooklyn,South Williamsburg,false,0.0621
hvfhv,217,pickup,2024,4,31600,Brooklyn,South Williamsburg,false,0.0621
hvfhv,217,pickup,2024,5,32323,Brooklyn,South Williamsburg,false,0.0621
hvfhv,217,pickup,2024,6,32592,Brooklyn,South Williamsburg,false,0.0621
hvfhv,218,dropoff,2023,2,27711,Queens,Springfield Gardens North,false,0.0167
hvfhv,218,dropoff,2023,3,33083,Queens,Springfield Gardens North,false,0.0167
hvfhv,218,dropoff,2023,4,30178,Queens,Springfield Gardens North,false,0.0167
hvfhv,218,dropoff,2023,5,32987,Queens,Springfield Gardens North,false,0.0167
hvfhv,218,dropoff,2023,6,31375,Queens,Springfield Gardens North,false,0.0167
hvfhv,218,dropoff,2024,2,31473,Queens,Springfield Gardens North,false,0.0167
hvfhv,218,dropoff,2024,3,35501,Queens,Springfield Gardens North,false,0.0167
hvfhv,218,dropoff,2024,4,32559,Queens,Springfield Gardens North,false,0.0167
hvfhv,218,dropoff,2024,5,34245,Queens,Springfield Gardens North,false,0.0167
hvfhv,218,dropoff,2024,6,34121,Queens,Springfield Gardens North,false,0.0167
hvfhv,218,pickup,2023,2,36809,Queens,Springfield Gardens North,false,0.0126
hvfhv,218,pickup,2023,3,43596,Queens,Springfield Gardens North,false,0.0126
hvfhv,218,pickup,2023,4,39693,Queens,Springfield Gardens North,false,0.0126
hvfhv,218,pickup,2023,5,42704,Queens,Springfield Gardens North,false,0.0126
hvfhv,218,pickup,2023,6,41212,Queens,Springfield Gardens North,false,0.0126
hvfhv,218,pickup,2024,2,40948,Queens,Springfield Gardens North,false,0.0126
hvfhv,218,pickup,2024,3,45878,Queens,Springfield Gardens North,false,0.0126
hvfhv,218,pickup,2024,4,42175,Queens,Springfield Gardens North,false,0.0126
hvfhv,218,pickup,2024,5,44364,Queens,Springfield Gardens North,false,0.0126
hvfhv,218,pickup,2024,6,43898,Queens,Springfield Gardens North,false,0.0126
hvfhv,219,dropoff,2023,2,24551,Queens,Springfield Gardens South,false,0.02
hvfhv,219,dropoff,2023,3,29360,Queens,Springfield Gardens South,false,0.02
hvfhv,219,dropoff,2023,4,27181,Queens,Springfield Gardens South,false,0.02
hvfhv,219,dropoff,2023,5,28768,Queens,Springfield Gardens South,false,0.02
hvfhv,219,dropoff,2023,6,27681,Queens,Springfield Gardens South,false,0.02
hvfhv,219,dropoff,2024,2,27489,Queens,Springfield Gardens South,false,0.02
hvfhv,219,dropoff,2024,3,31086,Queens,Springfield Gardens South,false,0.02
hvfhv,219,dropoff,2024,4,29392,Queens,Springfield Gardens South,false,0.02
hvfhv,219,dropoff,2024,5,30487,Queens,Springfield Gardens South,false,0.02
hvfhv,219,dropoff,2024,6,30249,Queens,Springfield Gardens South,false,0.02
hvfhv,219,pickup,2023,2,31135,Queens,Springfield Gardens South,false,0.0134
hvfhv,219,pickup,2023,3,37354,Queens,Springfield Gardens South,false,0.0134
hvfhv,219,pickup,2023,4,34461,Queens,Springfield Gardens South,false,0.0134
hvfhv,219,pickup,2023,5,36211,Queens,Springfield Gardens South,false,0.0134
hvfhv,219,pickup,2023,6,35712,Queens,Springfield Gardens South,false,0.0134
hvfhv,219,pickup,2024,2,34920,Queens,Springfield Gardens South,false,0.0134
hvfhv,219,pickup,2024,3,38813,Queens,Springfield Gardens South,false,0.0134
hvfhv,219,pickup,2024,4,36585,Queens,Springfield Gardens South,false,0.0134
hvfhv,219,pickup,2024,5,38243,Queens,Springfield Gardens South,false,0.0134
hvfhv,219,pickup,2024,6,37909,Queens,Springfield Gardens South,false,0.0134
hvfhv,220,dropoff,2023,2,55405,Bronx,Spuyten Duyvil/Kingsbridge,false,0.0631
hvfhv,220,dropoff,2023,3,62461,Bronx,Spuyten Duyvil/Kingsbridge,false,0.0631
hvfhv,220,dropoff,2023,4,57720,Bronx,Spuyten Duyvil/Kingsbridge,false,0.0631
hvfhv,220,dropoff,2023,5,61352,Bronx,Spuyten Duyvil/Kingsbridge,false,0.0631
hvfhv,220,dropoff,2023,6,57665,Bronx,Spuyten Duyvil/Kingsbridge,false,0.0631
hvfhv,220,dropoff,2024,2,60313,Bronx,Spuyten Duyvil/Kingsbridge,false,0.0631
hvfhv,220,dropoff,2024,3,65300,Bronx,Spuyten Duyvil/Kingsbridge,false,0.0631
hvfhv,220,dropoff,2024,4,61222,Bronx,Spuyten Duyvil/Kingsbridge,false,0.0631
hvfhv,220,dropoff,2024,5,64485,Bronx,Spuyten Duyvil/Kingsbridge,false,0.0631
hvfhv,220,dropoff,2024,6,60683,Bronx,Spuyten Duyvil/Kingsbridge,false,0.0631
hvfhv,220,pickup,2023,2,60332,Bronx,Spuyten Duyvil/Kingsbridge,false,0.0515
hvfhv,220,pickup,2023,3,68779,Bronx,Spuyten Duyvil/Kingsbridge,false,0.0515
hvfhv,220,pickup,2023,4,64063,Bronx,Spuyten Duyvil/Kingsbridge,false,0.0515
hvfhv,220,pickup,2023,5,68447,Bronx,Spuyten Duyvil/Kingsbridge,false,0.0515
hvfhv,220,pickup,2023,6,64699,Bronx,Spuyten Duyvil/Kingsbridge,false,0.0515
hvfhv,220,pickup,2024,2,66494,Bronx,Spuyten Duyvil/Kingsbridge,false,0.0515
hvfhv,220,pickup,2024,3,72151,Bronx,Spuyten Duyvil/Kingsbridge,false,0.0515
hvfhv,220,pickup,2024,4,68135,Bronx,Spuyten Duyvil/Kingsbridge,false,0.0515
hvfhv,220,pickup,2024,5,70730,Bronx,Spuyten Duyvil/Kingsbridge,false,0.0515
hvfhv,220,pickup,2024,6,67465,Bronx,Spuyten Duyvil/Kingsbridge,false,0.0515
hvfhv,221,dropoff,2023,2,19570,Staten Island,Stapleton,false,0.0376
hvfhv,221,dropoff,2023,3,23822,Staten Island,Stapleton,false,0.0376
hvfhv,221,dropoff,2023,4,21231,Staten Island,Stapleton,false,0.0376
hvfhv,221,dropoff,2023,5,22030,Staten Island,Stapleton,false,0.0376
hvfhv,221,dropoff,2023,6,21229,Staten Island,Stapleton,false,0.0376
hvfhv,221,dropoff,2024,2,22535,Staten Island,Stapleton,false,0.0376
hvfhv,221,dropoff,2024,3,25640,Staten Island,Stapleton,false,0.0376
hvfhv,221,dropoff,2024,4,22409,Staten Island,Stapleton,false,0.0376
hvfhv,221,dropoff,2024,5,23265,Staten Island,Stapleton,false,0.0376
hvfhv,221,dropoff,2024,6,22246,Staten Island,Stapleton,false,0.0376
hvfhv,221,pickup,2023,2,22852,Staten Island,Stapleton,false,0.0217
hvfhv,221,pickup,2023,3,27515,Staten Island,Stapleton,false,0.0217
hvfhv,221,pickup,2023,4,24503,Staten Island,Stapleton,false,0.0217
hvfhv,221,pickup,2023,5,25950,Staten Island,Stapleton,false,0.0217
hvfhv,221,pickup,2023,6,25139,Staten Island,Stapleton,false,0.0217
hvfhv,221,pickup,2024,2,26874,Staten Island,Stapleton,false,0.0217
hvfhv,221,pickup,2024,3,30606,Staten Island,Stapleton,false,0.0217
hvfhv,221,pickup,2024,4,26663,Staten Island,Stapleton,false,0.0217
hvfhv,221,pickup,2024,5,28007,Staten Island,Stapleton,false,0.0217
hvfhv,221,pickup,2024,6,26766,Staten Island,Stapleton,false,0.0217
hvfhv,222,dropoff,2023,2,19525,Brooklyn,Starrett City,false,0.0213
hvfhv,222,dropoff,2023,3,23160,Brooklyn,Starrett City,false,0.0213
hvfhv,222,dropoff,2023,4,20589,Brooklyn,Starrett City,false,0.0213
hvfhv,222,dropoff,2023,5,21753,Brooklyn,Starrett City,false,0.0213
hvfhv,222,dropoff,2023,6,20999,Brooklyn,Starrett City,false,0.0213
hvfhv,222,dropoff,2024,2,21637,Brooklyn,Starrett City,false,0.0213
hvfhv,222,dropoff,2024,3,24556,Brooklyn,Starrett City,false,0.0213
hvfhv,222,dropoff,2024,4,21808,Brooklyn,Starrett City,false,0.0213
hvfhv,222,dropoff,2024,5,22998,Brooklyn,Starrett City,false,0.0213
hvfhv,222,dropoff,2024,6,22888,Brooklyn,Starrett City,false,0.0213
hvfhv,222,pickup,2023,2,20861,Brooklyn,Starrett City,false,0.0165
hvfhv,222,pickup,2023,3,24314,Brooklyn,Starrett City,false,0.0165
hvfhv,222,pickup,2023,4,21791,Brooklyn,Starrett City,false,0.0165
hvfhv,222,pickup,2023,5,23176,Brooklyn,Starrett City,false,0.0165
hvfhv,222,pickup,2023,6,22487,Brooklyn,Starrett City,false,0.0165
hvfhv,222,pickup,2024,2,23148,Brooklyn,Starrett City,false,0.0165
hvfhv,222,pickup,2024,3,26314,Brooklyn,Starrett City,false,0.0165
hvfhv,222,pickup,2024,4,23590,Brooklyn,Starrett City,false,0.0165
hvfhv,222,pickup,2024,5,24312,Brooklyn,Starrett City,false,0.0165
hvfhv,222,pickup,2024,6,24000,Brooklyn,Starrett City,false,0.0165
hvfhv,223,dropoff,2023,2,84311,Queens,Steinway,false,0.1128
hvfhv,223,dropoff,2023,3,95148,Queens,Steinway,false,0.1128
hvfhv,223,dropoff,2023,4,91982,Queens,Steinway,false,0.1128
hvfhv,223,dropoff,2023,5,94841,Queens,Steinway,false,0.1128
hvfhv,223,dropoff,2023,6,95597,Queens,Steinway,false,0.1128
hvfhv,223,dropoff,2024,2,95696,Queens,Steinway,false,0.1128
hvfhv,223,dropoff,2024,3,109010,Queens,Steinway,false,0.1128
hvfhv,223,dropoff,2024,4,99645,Queens,Steinway,false,0.1128
hvfhv,223,dropoff,2024,5,103180,Queens,Steinway,false,0.1128
hvfhv,223,dropoff,2024,6,104593,Queens,Steinway,false,0.1128
hvfhv,223,pickup,2023,2,81036,Queens,Steinway,false,0.0878
hvfhv,223,pickup,2023,3,91305,Queens,Steinway,false,0.0878
hvfhv,223,pickup,2023,4,89267,Queens,Steinway,false,0.0878
hvfhv,223,pickup,2023,5,92150,Queens,Steinway,false,0.0878
hvfhv,223,pickup,2023,6,92153,Queens,Steinway,false,0.0878
hvfhv,223,pickup,2024,2,90977,Queens,Steinway,false,0.0878
hvfhv,223,pickup,2024,3,102587,Queens,Steinway,false,0.0878
hvfhv,223,pickup,2024,4,95268,Queens,Steinway,false,0.0878
hvfhv,223,pickup,2024,5,99264,Queens,Steinway,false,0.0878
hvfhv,223,pickup,2024,6,100024,Queens,Steinway,false,0.0878
hvfhv,224,dropoff,2023,2,37689,Manhattan,Stuy Town/Peter Cooper Village,true,1.0
hvfhv,224,dropoff,2023,3,40392,Manhattan,Stuy Town/Peter Cooper Village,true,1.0
hvfhv,224,dropoff,2023,4,38716,Manhattan,Stuy Town/Peter Cooper Village,true,1.0
hvfhv,224,dropoff,2023,5,37976,Manhattan,Stuy Town/Peter Cooper Village,true,1.0
hvfhv,224,dropoff,2023,6,36580,Manhattan,Stuy Town/Peter Cooper Village,true,1.0
hvfhv,224,dropoff,2024,2,36951,Manhattan,Stuy Town/Peter Cooper Village,true,1.0
hvfhv,224,dropoff,2024,3,39501,Manhattan,Stuy Town/Peter Cooper Village,true,1.0
hvfhv,224,dropoff,2024,4,36158,Manhattan,Stuy Town/Peter Cooper Village,true,1.0
hvfhv,224,dropoff,2024,5,37877,Manhattan,Stuy Town/Peter Cooper Village,true,1.0
hvfhv,224,dropoff,2024,6,36612,Manhattan,Stuy Town/Peter Cooper Village,true,1.0
hvfhv,224,pickup,2023,2,45884,Manhattan,Stuy Town/Peter Cooper Village,true,1.0
hvfhv,224,pickup,2023,3,50113,Manhattan,Stuy Town/Peter Cooper Village,true,1.0
hvfhv,224,pickup,2023,4,47407,Manhattan,Stuy Town/Peter Cooper Village,true,1.0
hvfhv,224,pickup,2023,5,46531,Manhattan,Stuy Town/Peter Cooper Village,true,1.0
hvfhv,224,pickup,2023,6,44873,Manhattan,Stuy Town/Peter Cooper Village,true,1.0
hvfhv,224,pickup,2024,2,44857,Manhattan,Stuy Town/Peter Cooper Village,true,1.0
hvfhv,224,pickup,2024,3,48554,Manhattan,Stuy Town/Peter Cooper Village,true,1.0
hvfhv,224,pickup,2024,4,45154,Manhattan,Stuy Town/Peter Cooper Village,true,1.0
hvfhv,224,pickup,2024,5,46773,Manhattan,Stuy Town/Peter Cooper Village,true,1.0
hvfhv,224,pickup,2024,6,45392,Manhattan,Stuy Town/Peter Cooper Village,true,1.0
hvfhv,225,dropoff,2023,2,152583,Brooklyn,Stuyvesant Heights,false,0.1147
hvfhv,225,dropoff,2023,3,172048,Brooklyn,Stuyvesant Heights,false,0.1147
hvfhv,225,dropoff,2023,4,160904,Brooklyn,Stuyvesant Heights,false,0.1147
hvfhv,225,dropoff,2023,5,166358,Brooklyn,Stuyvesant Heights,false,0.1147
hvfhv,225,dropoff,2023,6,166255,Brooklyn,Stuyvesant Heights,false,0.1147
hvfhv,225,dropoff,2024,2,165217,Brooklyn,Stuyvesant Heights,false,0.1147
hvfhv,225,dropoff,2024,3,183516,Brooklyn,Stuyvesant Heights,false,0.1147
hvfhv,225,dropoff,2024,4,163133,Brooklyn,Stuyvesant Heights,false,0.1147
hvfhv,225,dropoff,2024,5,174134,Brooklyn,Stuyvesant Heights,false,0.1147
hvfhv,225,dropoff,2024,6,173990,Brooklyn,Stuyvesant Heights,false,0.1147
hvfhv,225,pickup,2023,2,144897,Brooklyn,Stuyvesant Heights,false,0.0807
hvfhv,225,pickup,2023,3,163468,Brooklyn,Stuyvesant Heights,false,0.0807
hvfhv,225,pickup,2023,4,151936,Brooklyn,Stuyvesant Heights,false,0.0807
hvfhv,225,pickup,2023,5,156062,Brooklyn,Stuyvesant Heights,false,0.0807
hvfhv,225,pickup,2023,6,158630,Brooklyn,Stuyvesant Heights,false,0.0807
hvfhv,225,pickup,2024,2,155988,Brooklyn,Stuyvesant Heights,false,0.0807
hvfhv,225,pickup,2024,3,175092,Brooklyn,Stuyvesant Heights,false,0.0807
hvfhv,225,pickup,2024,4,155316,Brooklyn,Stuyvesant Heights,false,0.0807
hvfhv,225,pickup,2024,5,164957,Brooklyn,Stuyvesant Heights,false,0.0807
hvfhv,225,pickup,2024,6,165600,Brooklyn,Stuyvesant Heights,false,0.0807
hvfhv,226,dropoff,2023,2,108118,Queens,Sunnyside,false,0.1311
hvfhv,226,dropoff,2023,3,122907,Queens,Sunnyside,false,0.1311
hvfhv,226,dropoff,2023,4,113677,Queens,Sunnyside,false,0.1311
hvfhv,226,dropoff,2023,5,115859,Queens,Sunnyside,false,0.1311
hvfhv,226,dropoff,2023,6,112166,Queens,Sunnyside,false,0.1311
hvfhv,226,dropoff,2024,2,113418,Queens,Sunnyside,false,0.1311
hvfhv,226,dropoff,2024,3,132090,Queens,Sunnyside,false,0.1311
hvfhv,226,dropoff,2024,4,119626,Queens,Sunnyside,false,0.1311
hvfhv,226,dropoff,2024,5,122084,Queens,Sunnyside,false,0.1311
hvfhv,226,dropoff,2024,6,118520,Queens,Sunnyside,false,0.1311
hvfhv,226,pickup,2023,2,108904,Queens,Sunnyside,false,0.1247
hvfhv,226,pickup,2023,3,120288,Queens,Sunnyside,false,0.1247
hvfhv,226,pickup,2023,4,112825,Queens,Sunnyside,false,0.1247
hvfhv,226,pickup,2023,5,114483,Queens,Sunnyside,false,0.1247
hvfhv,226,pickup,2023,6,111931,Queens,Sunnyside,false,0.1247
hvfhv,226,pickup,2024,2,111951,Queens,Sunnyside,false,0.1247
hvfhv,226,pickup,2024,3,130107,Queens,Sunnyside,false,0.1247
hvfhv,226,pickup,2024,4,117470,Queens,Sunnyside,false,0.1247
hvfhv,226,pickup,2024,5,119974,Queens,Sunnyside,false,0.1247
hvfhv,226,pickup,2024,6,116011,Queens,Sunnyside,false,0.1247
hvfhv,227,dropoff,2023,2,45022,Brooklyn,Sunset Park East,false,0.0661
hvfhv,227,dropoff,2023,3,51704,Brooklyn,Sunset Park East,false,0.0661
hvfhv,227,dropoff,2023,4,46442,Brooklyn,Sunset Park East,false,0.0661
hvfhv,227,dropoff,2023,5,50784,Brooklyn,Sunset Park East,false,0.0661
hvfhv,227,dropoff,2023,6,48766,Brooklyn,Sunset Park East,false,0.0661
hvfhv,227,dropoff,2024,2,48210,Brooklyn,Sunset Park East,false,0.0661
hvfhv,227,dropoff,2024,3,52638,Brooklyn,Sunset Park East,false,0.0661
hvfhv,227,dropoff,2024,4,49410,Brooklyn,Sunset Park East,false,0.0661
hvfhv,227,dropoff,2024,5,51146,Brooklyn,Sunset Park East,false,0.0661
hvfhv,227,dropoff,2024,6,49739,Brooklyn,Sunset Park East,false,0.0661
hvfhv,227,pickup,2023,2,42910,Brooklyn,Sunset Park East,false,0.052
hvfhv,227,pickup,2023,3,48319,Brooklyn,Sunset Park East,false,0.052
hvfhv,227,pickup,2023,4,43708,Brooklyn,Sunset Park East,false,0.052
hvfhv,227,pickup,2023,5,45750,Brooklyn,Sunset Park East,false,0.052
hvfhv,227,pickup,2023,6,44415,Brooklyn,Sunset Park East,false,0.052
hvfhv,227,pickup,2024,2,45716,Brooklyn,Sunset Park East,false,0.052
hvfhv,227,pickup,2024,3,48891,Brooklyn,Sunset Park East,false,0.052
hvfhv,227,pickup,2024,4,45286,Brooklyn,Sunset Park East,false,0.052
hvfhv,227,pickup,2024,5,47487,Brooklyn,Sunset Park East,false,0.052
hvfhv,227,pickup,2024,6,46800,Brooklyn,Sunset Park East,false,0.052
hvfhv,228,dropoff,2023,2,84400,Brooklyn,Sunset Park West,false,0.094
hvfhv,228,dropoff,2023,3,99386,Brooklyn,Sunset Park West,false,0.094
hvfhv,228,dropoff,2023,4,90407,Brooklyn,Sunset Park West,false,0.094
hvfhv,228,dropoff,2023,5,98926,Brooklyn,Sunset Park West,false,0.094
hvfhv,228,dropoff,2023,6,96049,Brooklyn,Sunset Park West,false,0.094
hvfhv,228,dropoff,2024,2,98006,Brooklyn,Sunset Park West,false,0.094
hvfhv,228,dropoff,2024,3,103585,Brooklyn,Sunset Park West,false,0.094
hvfhv,228,dropoff,2024,4,99331,Brooklyn,Sunset Park West,false,0.094
hvfhv,228,dropoff,2024,5,101990,Brooklyn,Sunset Park West,false,0.094
hvfhv,228,dropoff,2024,6,104018,Brooklyn,Sunset Park West,false,0.094
hvfhv,228,pickup,2023,2,82444,Brooklyn,Sunset Park West,false,0.0811
hvfhv,228,pickup,2023,3,94479,Brooklyn,Sunset Park West,false,0.0811
hvfhv,228,pickup,2023,4,87456,Brooklyn,Sunset Park West,false,0.0811
hvfhv,228,pickup,2023,5,96902,Brooklyn,Sunset Park West,false,0.0811
hvfhv,228,pickup,2023,6,93528,Brooklyn,Sunset Park West,false,0.0811
hvfhv,228,pickup,2024,2,93851,Brooklyn,Sunset Park West,false,0.0811
hvfhv,228,pickup,2024,3,97015,Brooklyn,Sunset Park West,false,0.0811
hvfhv,228,pickup,2024,4,93055,Brooklyn,Sunset Park West,false,0.0811
hvfhv,228,pickup,2024,5,96827,Brooklyn,Sunset Park West,false,0.0811
hvfhv,228,pickup,2024,6,100466,Brooklyn,Sunset Park West,false,0.0811
hvfhv,229,dropoff,2023,2,98242,Manhattan,Sutton Place/Turtle Bay North,true,1.0
hvfhv,229,dropoff,2023,3,106938,Manhattan,Sutton Place/Turtle Bay North,true,1.0
hvfhv,229,dropoff,2023,4,101042,Manhattan,Sutton Place/Turtle Bay North,true,1.0
hvfhv,229,dropoff,2023,5,97803,Manhattan,Sutton Place/Turtle Bay North,true,1.0
hvfhv,229,dropoff,2023,6,98682,Manhattan,Sutton Place/Turtle Bay North,true,1.0
hvfhv,229,dropoff,2024,2,95613,Manhattan,Sutton Place/Turtle Bay North,true,1.0
hvfhv,229,dropoff,2024,3,102164,Manhattan,Sutton Place/Turtle Bay North,true,1.0
hvfhv,229,dropoff,2024,4,93386,Manhattan,Sutton Place/Turtle Bay North,true,1.0
hvfhv,229,dropoff,2024,5,97293,Manhattan,Sutton Place/Turtle Bay North,true,1.0
hvfhv,229,dropoff,2024,6,91572,Manhattan,Sutton Place/Turtle Bay North,true,1.0
hvfhv,229,pickup,2023,2,119245,Manhattan,Sutton Place/Turtle Bay North,true,1.0
hvfhv,229,pickup,2023,3,133416,Manhattan,Sutton Place/Turtle Bay North,true,1.0
hvfhv,229,pickup,2023,4,124616,Manhattan,Sutton Place/Turtle Bay North,true,1.0
hvfhv,229,pickup,2023,5,126708,Manhattan,Sutton Place/Turtle Bay North,true,1.0
hvfhv,229,pickup,2023,6,125108,Manhattan,Sutton Place/Turtle Bay North,true,1.0
hvfhv,229,pickup,2024,2,118031,Manhattan,Sutton Place/Turtle Bay North,true,1.0
hvfhv,229,pickup,2024,3,127310,Manhattan,Sutton Place/Turtle Bay North,true,1.0
hvfhv,229,pickup,2024,4,117995,Manhattan,Sutton Place/Turtle Bay North,true,1.0
hvfhv,229,pickup,2024,5,126501,Manhattan,Sutton Place/Turtle Bay North,true,1.0
hvfhv,229,pickup,2024,6,118345,Manhattan,Sutton Place/Turtle Bay North,true,1.0
hvfhv,230,dropoff,2023,2,199458,Manhattan,Times Sq/Theatre District,true,1.0
hvfhv,230,dropoff,2023,3,227923,Manhattan,Times Sq/Theatre District,true,1.0
hvfhv,230,dropoff,2023,4,210425,Manhattan,Times Sq/Theatre District,true,1.0
hvfhv,230,dropoff,2023,5,215426,Manhattan,Times Sq/Theatre District,true,1.0
hvfhv,230,dropoff,2023,6,215470,Manhattan,Times Sq/Theatre District,true,1.0
hvfhv,230,dropoff,2024,2,199834,Manhattan,Times Sq/Theatre District,true,1.0
hvfhv,230,dropoff,2024,3,224930,Manhattan,Times Sq/Theatre District,true,1.0
hvfhv,230,dropoff,2024,4,212243,Manhattan,Times Sq/Theatre District,true,1.0
hvfhv,230,dropoff,2024,5,222447,Manhattan,Times Sq/Theatre District,true,1.0
hvfhv,230,dropoff,2024,6,218344,Manhattan,Times Sq/Theatre District,true,1.0
hvfhv,230,pickup,2023,2,229169,Manhattan,Times Sq/Theatre District,true,1.0
hvfhv,230,pickup,2023,3,259740,Manhattan,Times Sq/Theatre District,true,1.0
hvfhv,230,pickup,2023,4,230688,Manhattan,Times Sq/Theatre District,true,1.0
hvfhv,230,pickup,2023,5,241419,Manhattan,Times Sq/Theatre District,true,1.0
hvfhv,230,pickup,2023,6,243879,Manhattan,Times Sq/Theatre District,true,1.0
hvfhv,230,pickup,2024,2,233038,Manhattan,Times Sq/Theatre District,true,1.0
hvfhv,230,pickup,2024,3,259229,Manhattan,Times Sq/Theatre District,true,1.0
hvfhv,230,pickup,2024,4,241839,Manhattan,Times Sq/Theatre District,true,1.0
hvfhv,230,pickup,2024,5,255112,Manhattan,Times Sq/Theatre District,true,1.0
hvfhv,230,pickup,2024,6,247854,Manhattan,Times Sq/Theatre District,true,1.0
hvfhv,231,dropoff,2023,2,196900,Manhattan,TriBeCa/Civic Center,true,1.0
hvfhv,231,dropoff,2023,3,209687,Manhattan,TriBeCa/Civic Center,true,1.0
hvfhv,231,dropoff,2023,4,199989,Manhattan,TriBeCa/Civic Center,true,1.0
hvfhv,231,dropoff,2023,5,199082,Manhattan,TriBeCa/Civic Center,true,1.0
hvfhv,231,dropoff,2023,6,193773,Manhattan,TriBeCa/Civic Center,true,1.0
hvfhv,231,dropoff,2024,2,197377,Manhattan,TriBeCa/Civic Center,true,1.0
hvfhv,231,dropoff,2024,3,201687,Manhattan,TriBeCa/Civic Center,true,1.0
hvfhv,231,dropoff,2024,4,198653,Manhattan,TriBeCa/Civic Center,true,1.0
hvfhv,231,dropoff,2024,5,202849,Manhattan,TriBeCa/Civic Center,true,1.0
hvfhv,231,dropoff,2024,6,190507,Manhattan,TriBeCa/Civic Center,true,1.0
hvfhv,231,pickup,2023,2,229019,Manhattan,TriBeCa/Civic Center,true,1.0
hvfhv,231,pickup,2023,3,247307,Manhattan,TriBeCa/Civic Center,true,1.0
hvfhv,231,pickup,2023,4,235049,Manhattan,TriBeCa/Civic Center,true,1.0
hvfhv,231,pickup,2023,5,237561,Manhattan,TriBeCa/Civic Center,true,1.0
hvfhv,231,pickup,2023,6,232883,Manhattan,TriBeCa/Civic Center,true,1.0
hvfhv,231,pickup,2024,2,231326,Manhattan,TriBeCa/Civic Center,true,1.0
hvfhv,231,pickup,2024,3,238867,Manhattan,TriBeCa/Civic Center,true,1.0
hvfhv,231,pickup,2024,4,234892,Manhattan,TriBeCa/Civic Center,true,1.0
hvfhv,231,pickup,2024,5,241435,Manhattan,TriBeCa/Civic Center,true,1.0
hvfhv,231,pickup,2024,6,228610,Manhattan,TriBeCa/Civic Center,true,1.0
hvfhv,232,dropoff,2023,2,76226,Manhattan,Two Bridges/Seward Park,true,1.0
hvfhv,232,dropoff,2023,3,82262,Manhattan,Two Bridges/Seward Park,true,1.0
hvfhv,232,dropoff,2023,4,78881,Manhattan,Two Bridges/Seward Park,true,1.0
hvfhv,232,dropoff,2023,5,78860,Manhattan,Two Bridges/Seward Park,true,1.0
hvfhv,232,dropoff,2023,6,76495,Manhattan,Two Bridges/Seward Park,true,1.0
hvfhv,232,dropoff,2024,2,81363,Manhattan,Two Bridges/Seward Park,true,1.0
hvfhv,232,dropoff,2024,3,83151,Manhattan,Two Bridges/Seward Park,true,1.0
hvfhv,232,dropoff,2024,4,78916,Manhattan,Two Bridges/Seward Park,true,1.0
hvfhv,232,dropoff,2024,5,79723,Manhattan,Two Bridges/Seward Park,true,1.0
hvfhv,232,dropoff,2024,6,76840,Manhattan,Two Bridges/Seward Park,true,1.0
hvfhv,232,pickup,2023,2,85525,Manhattan,Two Bridges/Seward Park,true,1.0
hvfhv,232,pickup,2023,3,92417,Manhattan,Two Bridges/Seward Park,true,1.0
hvfhv,232,pickup,2023,4,89272,Manhattan,Two Bridges/Seward Park,true,1.0
hvfhv,232,pickup,2023,5,89672,Manhattan,Two Bridges/Seward Park,true,1.0
hvfhv,232,pickup,2023,6,88104,Manhattan,Two Bridges/Seward Park,true,1.0
hvfhv,232,pickup,2024,2,92841,Manhattan,Two Bridges/Seward Park,true,1.0
hvfhv,232,pickup,2024,3,96063,Manhattan,Two Bridges/Seward Park,true,1.0
hvfhv,232,pickup,2024,4,90972,Manhattan,Two Bridges/Seward Park,true,1.0
hvfhv,232,pickup,2024,5,92171,Manhattan,Two Bridges/Seward Park,true,1.0
hvfhv,232,pickup,2024,6,90171,Manhattan,Two Bridges/Seward Park,true,1.0
hvfhv,233,dropoff,2023,2,106639,Manhattan,UN/Turtle Bay South,true,1.0
hvfhv,233,dropoff,2023,3,118661,Manhattan,UN/Turtle Bay South,true,1.0
hvfhv,233,dropoff,2023,4,108006,Manhattan,UN/Turtle Bay South,true,1.0
hvfhv,233,dropoff,2023,5,108779,Manhattan,UN/Turtle Bay South,true,1.0
hvfhv,233,dropoff,2023,6,107112,Manhattan,UN/Turtle Bay South,true,1.0
hvfhv,233,dropoff,2024,2,102973,Manhattan,UN/Turtle Bay South,true,1.0
hvfhv,233,dropoff,2024,3,112587,Manhattan,UN/Turtle Bay South,true,1.0
hvfhv,233,dropoff,2024,4,104221,Manhattan,UN/Turtle Bay South,true,1.0
hvfhv,233,dropoff,2024,5,105105,Manhattan,UN/Turtle Bay South,true,1.0
hvfhv,233,dropoff,2024,6,100974,Manhattan,UN/Turtle Bay South,true,1.0
hvfhv,233,pickup,2023,2,115840,Manhattan,UN/Turtle Bay South,true,1.0
hvfhv,233,pickup,2023,3,129357,Manhattan,UN/Turtle Bay South,true,1.0
hvfhv,233,pickup,2023,4,118952,Manhattan,UN/Turtle Bay South,true,1.0
hvfhv,233,pickup,2023,5,119327,Manhattan,UN/Turtle Bay South,true,1.0
hvfhv,233,pickup,2023,6,118234,Manhattan,UN/Turtle Bay South,true,1.0
hvfhv,233,pickup,2024,2,112890,Manhattan,UN/Turtle Bay South,true,1.0
hvfhv,233,pickup,2024,3,123199,Manhattan,UN/Turtle Bay South,true,1.0
hvfhv,233,pickup,2024,4,113112,Manhattan,UN/Turtle Bay South,true,1.0
hvfhv,233,pickup,2024,5,116936,Manhattan,UN/Turtle Bay South,true,1.0
hvfhv,233,pickup,2024,6,113255,Manhattan,UN/Turtle Bay South,true,1.0
hvfhv,234,dropoff,2023,2,194682,Manhattan,Union Sq,true,1.0
hvfhv,234,dropoff,2023,3,209261,Manhattan,Union Sq,true,1.0
hvfhv,234,dropoff,2023,4,195833,Manhattan,Union Sq,true,1.0
hvfhv,234,dropoff,2023,5,189744,Manhattan,Union Sq,true,1.0
hvfhv,234,dropoff,2023,6,186413,Manhattan,Union Sq,true,1.0
hvfhv,234,dropoff,2024,2,190424,Manhattan,Union Sq,true,1.0
hvfhv,234,dropoff,2024,3,196890,Manhattan,Union Sq,true,1.0
hvfhv,234,dropoff,2024,4,185234,Manhattan,Union Sq,true,1.0
hvfhv,234,dropoff,2024,5,185368,Manhattan,Union Sq,true,1.0
hvfhv,234,dropoff,2024,6,177504,Manhattan,Union Sq,true,1.0
hvfhv,234,pickup,2023,2,215887,Manhattan,Union Sq,true,1.0
hvfhv,234,pickup,2023,3,234259,Manhattan,Union Sq,true,1.0
hvfhv,234,pickup,2023,4,216935,Manhattan,Union Sq,true,1.0
hvfhv,234,pickup,2023,5,213998,Manhattan,Union Sq,true,1.0
hvfhv,234,pickup,2023,6,209471,Manhattan,Union Sq,true,1.0
hvfhv,234,pickup,2024,2,216094,Manhattan,Union Sq,true,1.0
hvfhv,234,pickup,2024,3,222306,Manhattan,Union Sq,true,1.0
hvfhv,234,pickup,2024,4,208406,Manhattan,Union Sq,true,1.0
hvfhv,234,pickup,2024,5,212492,Manhattan,Union Sq,true,1.0
hvfhv,234,pickup,2024,6,200876,Manhattan,Union Sq,true,1.0
hvfhv,235,dropoff,2023,2,70093,Bronx,University Heights/Morris Heights,false,0.0424
hvfhv,235,dropoff,2023,3,82047,Bronx,University Heights/Morris Heights,false,0.0424
hvfhv,235,dropoff,2023,4,73054,Bronx,University Heights/Morris Heights,false,0.0424
hvfhv,235,dropoff,2023,5,75397,Bronx,University Heights/Morris Heights,false,0.0424
hvfhv,235,dropoff,2023,6,70525,Bronx,University Heights/Morris Heights,false,0.0424
hvfhv,235,dropoff,2024,2,77640,Bronx,University Heights/Morris Heights,false,0.0424
hvfhv,235,dropoff,2024,3,86316,Bronx,University Heights/Morris Heights,false,0.0424
hvfhv,235,dropoff,2024,4,77773,Bronx,University Heights/Morris Heights,false,0.0424
hvfhv,235,dropoff,2024,5,79184,Bronx,University Heights/Morris Heights,false,0.0424
hvfhv,235,dropoff,2024,6,76161,Bronx,University Heights/Morris Heights,false,0.0424
hvfhv,235,pickup,2023,2,73957,Bronx,University Heights/Morris Heights,false,0.0443
hvfhv,235,pickup,2023,3,86137,Bronx,University Heights/Morris Heights,false,0.0443
hvfhv,235,pickup,2023,4,77017,Bronx,University Heights/Morris Heights,false,0.0443
hvfhv,235,pickup,2023,5,78569,Bronx,University Heights/Morris Heights,false,0.0443
hvfhv,235,pickup,2023,6,74896,Bronx,University Heights/Morris Heights,false,0.0443
hvfhv,235,pickup,2024,2,81251,Bronx,University Heights/Morris Heights,false,0.0443
hvfhv,235,pickup,2024,3,90161,Bronx,University Heights/Morris Heights,false,0.0443
hvfhv,235,pickup,2024,4,81639,Bronx,University Heights/Morris Heights,false,0.0443
hvfhv,235,pickup,2024,5,83108,Bronx,University Heights/Morris Heights,false,0.0443
hvfhv,235,pickup,2024,6,80495,Bronx,University Heights/Morris Heights,false,0.0443
hvfhv,236,dropoff,2023,2,145011,Manhattan,Upper East Side North,false,0.3774
hvfhv,236,dropoff,2023,3,151468,Manhattan,Upper East Side North,false,0.3774
hvfhv,236,dropoff,2023,4,149599,Manhattan,Upper East Side North,false,0.3774
hvfhv,236,dropoff,2023,5,154874,Manhattan,Upper East Side North,false,0.3774
hvfhv,236,dropoff,2023,6,142998,Manhattan,Upper East Side North,false,0.3774
hvfhv,236,dropoff,2024,2,147272,Manhattan,Upper East Side North,false,0.3774
hvfhv,236,dropoff,2024,3,147163,Manhattan,Upper East Side North,false,0.3774
hvfhv,236,dropoff,2024,4,147876,Manhattan,Upper East Side North,false,0.3774
hvfhv,236,dropoff,2024,5,154296,Manhattan,Upper East Side North,false,0.3774
hvfhv,236,dropoff,2024,6,132134,Manhattan,Upper East Side North,false,0.3774
hvfhv,236,pickup,2023,2,145787,Manhattan,Upper East Side North,false,0.3635
hvfhv,236,pickup,2023,3,153324,Manhattan,Upper East Side North,false,0.3635
hvfhv,236,pickup,2023,4,152250,Manhattan,Upper East Side North,false,0.3635
hvfhv,236,pickup,2023,5,159600,Manhattan,Upper East Side North,false,0.3635
hvfhv,236,pickup,2023,6,148126,Manhattan,Upper East Side North,false,0.3635
hvfhv,236,pickup,2024,2,148100,Manhattan,Upper East Side North,false,0.3635
hvfhv,236,pickup,2024,3,149778,Manhattan,Upper East Side North,false,0.3635
hvfhv,236,pickup,2024,4,150125,Manhattan,Upper East Side North,false,0.3635
hvfhv,236,pickup,2024,5,160457,Manhattan,Upper East Side North,false,0.3635
hvfhv,236,pickup,2024,6,137734,Manhattan,Upper East Side North,false,0.3635
hvfhv,237,dropoff,2023,2,152423,Manhattan,Upper East Side South,false,0.4582
hvfhv,237,dropoff,2023,3,162276,Manhattan,Upper East Side South,false,0.4582
hvfhv,237,dropoff,2023,4,162560,Manhattan,Upper East Side South,false,0.4582
hvfhv,237,dropoff,2023,5,171003,Manhattan,Upper East Side South,false,0.4582
hvfhv,237,dropoff,2023,6,156184,Manhattan,Upper East Side South,false,0.4582
hvfhv,237,dropoff,2024,2,154032,Manhattan,Upper East Side South,false,0.4582
hvfhv,237,dropoff,2024,3,156857,Manhattan,Upper East Side South,false,0.4582
hvfhv,237,dropoff,2024,4,162022,Manhattan,Upper East Side South,false,0.4582
hvfhv,237,dropoff,2024,5,171197,Manhattan,Upper East Side South,false,0.4582
hvfhv,237,dropoff,2024,6,146168,Manhattan,Upper East Side South,false,0.4582
hvfhv,237,pickup,2023,2,156180,Manhattan,Upper East Side South,false,0.4356
hvfhv,237,pickup,2023,3,168121,Manhattan,Upper East Side South,false,0.4356
hvfhv,237,pickup,2023,4,166637,Manhattan,Upper East Side South,false,0.4356
hvfhv,237,pickup,2023,5,176835,Manhattan,Upper East Side South,false,0.4356
hvfhv,237,pickup,2023,6,163208,Manhattan,Upper East Side South,false,0.4356
hvfhv,237,pickup,2024,2,158956,Manhattan,Upper East Side South,false,0.4356
hvfhv,237,pickup,2024,3,163258,Manhattan,Upper East Side South,false,0.4356
hvfhv,237,pickup,2024,4,167213,Manhattan,Upper East Side South,false,0.4356
hvfhv,237,pickup,2024,5,180091,Manhattan,Upper East Side South,false,0.4356
hvfhv,237,pickup,2024,6,154895,Manhattan,Upper East Side South,false,0.4356
hvfhv,238,dropoff,2023,2,91820,Manhattan,Upper West Side North,false,0.3062
hvfhv,238,dropoff,2023,3,98724,Manhattan,Upper West Side North,false,0.3062
hvfhv,238,dropoff,2023,4,95034,Manhattan,Upper West Side North,false,0.3062
hvfhv,238,dropoff,2023,5,98437,Manhattan,Upper West Side North,false,0.3062
hvfhv,238,dropoff,2023,6,92563,Manhattan,Upper West Side North,false,0.3062
hvfhv,238,dropoff,2024,2,96485,Manhattan,Upper West Side North,false,0.3062
hvfhv,238,dropoff,2024,3,97931,Manhattan,Upper West Side North,false,0.3062
hvfhv,238,dropoff,2024,4,96937,Manhattan,Upper West Side North,false,0.3062
hvfhv,238,dropoff,2024,5,99192,Manhattan,Upper West Side North,false,0.3062
hvfhv,238,dropoff,2024,6,88970,Manhattan,Upper West Side North,false,0.3062
hvfhv,238,pickup,2023,2,98354,Manhattan,Upper West Side North,false,0.2659
hvfhv,238,pickup,2023,3,108101,Manhattan,Upper West Side North,false,0.2659
hvfhv,238,pickup,2023,4,105310,Manhattan,Upper West Side North,false,0.2659
hvfhv,238,pickup,2023,5,107951,Manhattan,Upper West Side North,false,0.2659
hvfhv,238,pickup,2023,6,102096,Manhattan,Upper West Side North,false,0.2659
hvfhv,238,pickup,2024,2,104799,Manhattan,Upper West Side North,false,0.2659
hvfhv,238,pickup,2024,3,107488,Manhattan,Upper West Side North,false,0.2659
hvfhv,238,pickup,2024,4,108222,Manhattan,Upper West Side North,false,0.2659
hvfhv,238,pickup,2024,5,110436,Manhattan,Upper West Side North,false,0.2659
hvfhv,238,pickup,2024,6,100826,Manhattan,Upper West Side North,false,0.2659
hvfhv,239,dropoff,2023,2,112508,Manhattan,Upper West Side South,false,0.3809
hvfhv,239,dropoff,2023,3,121377,Manhattan,Upper West Side South,false,0.3809
hvfhv,239,dropoff,2023,4,121150,Manhattan,Upper West Side South,false,0.3809
hvfhv,239,dropoff,2023,5,121878,Manhattan,Upper West Side South,false,0.3809
hvfhv,239,dropoff,2023,6,117711,Manhattan,Upper West Side South,false,0.3809
hvfhv,239,dropoff,2024,2,116063,Manhattan,Upper West Side South,false,0.3809
hvfhv,239,dropoff,2024,3,125477,Manhattan,Upper West Side South,false,0.3809
hvfhv,239,dropoff,2024,4,116283,Manhattan,Upper West Side South,false,0.3809
hvfhv,239,dropoff,2024,5,119101,Manhattan,Upper West Side South,false,0.3809
hvfhv,239,dropoff,2024,6,111145,Manhattan,Upper West Side South,false,0.3809
hvfhv,239,pickup,2023,2,122157,Manhattan,Upper West Side South,false,0.359
hvfhv,239,pickup,2023,3,132960,Manhattan,Upper West Side South,false,0.359
hvfhv,239,pickup,2023,4,132434,Manhattan,Upper West Side South,false,0.359
hvfhv,239,pickup,2023,5,135786,Manhattan,Upper West Side South,false,0.359
hvfhv,239,pickup,2023,6,131582,Manhattan,Upper West Side South,false,0.359
hvfhv,239,pickup,2024,2,128319,Manhattan,Upper West Side South,false,0.359
hvfhv,239,pickup,2024,3,137986,Manhattan,Upper West Side South,false,0.359
hvfhv,239,pickup,2024,4,129623,Manhattan,Upper West Side South,false,0.359
hvfhv,239,pickup,2024,5,134425,Manhattan,Upper West Side South,false,0.359
hvfhv,239,pickup,2024,6,124730,Manhattan,Upper West Side South,false,0.359
hvfhv,240,dropoff,2023,2,8689,Bronx,Van Cortlandt Park,false,0.0412
hvfhv,240,dropoff,2023,3,10599,Bronx,Van Cortlandt Park,false,0.0412
hvfhv,240,dropoff,2023,4,10771,Bronx,Van Cortlandt Park,false,0.0412
hvfhv,240,dropoff,2023,5,11640,Bronx,Van Cortlandt Park,false,0.0412
hvfhv,240,dropoff,2023,6,11308,Bronx,Van Cortlandt Park,false,0.0412
hvfhv,240,dropoff,2024,2,10377,Bronx,Van Cortlandt Park,false,0.0412
hvfhv,240,dropoff,2024,3,11533,Bronx,Van Cortlandt Park,false,0.0412
hvfhv,240,dropoff,2024,4,11731,Bronx,Van Cortlandt Park,false,0.0412
hvfhv,240,dropoff,2024,5,12308,Bronx,Van Cortlandt Park,false,0.0412
hvfhv,240,dropoff,2024,6,13258,Bronx,Van Cortlandt Park,false,0.0412
hvfhv,240,pickup,2023,2,9775,Bronx,Van Cortlandt Park,false,0.0313
hvfhv,240,pickup,2023,3,11877,Bronx,Van Cortlandt Park,false,0.0313
hvfhv,240,pickup,2023,4,12169,Bronx,Van Cortlandt Park,false,0.0313
hvfhv,240,pickup,2023,5,12397,Bronx,Van Cortlandt Park,false,0.0313
hvfhv,240,pickup,2023,6,12564,Bronx,Van Cortlandt Park,false,0.0313
hvfhv,240,pickup,2024,2,11416,Bronx,Van Cortlandt Park,false,0.0313
hvfhv,240,pickup,2024,3,12933,Bronx,Van Cortlandt Park,false,0.0313
hvfhv,240,pickup,2024,4,13088,Bronx,Van Cortlandt Park,false,0.0313
hvfhv,240,pickup,2024,5,13122,Bronx,Van Cortlandt Park,false,0.0313
hvfhv,240,pickup,2024,6,13980,Bronx,Van Cortlandt Park,false,0.0313
hvfhv,241,dropoff,2023,2,63073,Bronx,Van Cortlandt Village,false,0.0428
hvfhv,241,dropoff,2023,3,72740,Bronx,Van Cortlandt Village,false,0.0428
hvfhv,241,dropoff,2023,4,64675,Bronx,Van Cortlandt Village,false,0.0428
hvfhv,241,dropoff,2023,5,68344,Bronx,Van Cortlandt Village,false,0.0428
hvfhv,241,dropoff,2023,6,64969,Bronx,Van Cortlandt Village,false,0.0428
hvfhv,241,dropoff,2024,2,69464,Bronx,Van Cortlandt Village,false,0.0428
hvfhv,241,dropoff,2024,3,77673,Bronx,Van Cortlandt Village,false,0.0428
hvfhv,241,dropoff,2024,4,69791,Bronx,Van Cortlandt Village,false,0.0428
hvfhv,241,dropoff,2024,5,75688,Bronx,Van Cortlandt Village,false,0.0428
hvfhv,241,dropoff,2024,6,69590,Bronx,Van Cortlandt Village,false,0.0428
hvfhv,241,pickup,2023,2,65116,Bronx,Van Cortlandt Village,false,0.0382
hvfhv,241,pickup,2023,3,75616,Bronx,Van Cortlandt Village,false,0.0382
hvfhv,241,pickup,2023,4,68718,Bronx,Van Cortlandt Village,false,0.0382
hvfhv,241,pickup,2023,5,72270,Bronx,Van Cortlandt Village,false,0.0382
hvfhv,241,pickup,2023,6,68103,Bronx,Van Cortlandt Village,false,0.0382
hvfhv,241,pickup,2024,2,71890,Bronx,Van Cortlandt Village,false,0.0382
hvfhv,241,pickup,2024,3,80903,Bronx,Van Cortlandt Village,false,0.0382
hvfhv,241,pickup,2024,4,73774,Bronx,Van Cortlandt Village,false,0.0382
hvfhv,241,pickup,2024,5,77352,Bronx,Van Cortlandt Village,false,0.0382
hvfhv,241,pickup,2024,6,72891,Bronx,Van Cortlandt Village,false,0.0382
hvfhv,242,dropoff,2023,2,67344,Bronx,Van Nest/Morris Park,false,0.0212
hvfhv,242,dropoff,2023,3,77157,Bronx,Van Nest/Morris Park,false,0.0212
hvfhv,242,dropoff,2023,4,69055,Bronx,Van Nest/Morris Park,false,0.0212
hvfhv,242,dropoff,2023,5,73071,Bronx,Van Nest/Morris Park,false,0.0212
hvfhv,242,dropoff,2023,6,70531,Bronx,Van Nest/Morris Park,false,0.0212
hvfhv,242,dropoff,2024,2,74922,Bronx,Van Nest/Morris Park,false,0.0212
hvfhv,242,dropoff,2024,3,81683,Bronx,Van Nest/Morris Park,false,0.0212
hvfhv,242,dropoff,2024,4,77255,Bronx,Van Nest/Morris Park,false,0.0212
hvfhv,242,dropoff,2024,5,79007,Bronx,Van Nest/Morris Park,false,0.0212
hvfhv,242,dropoff,2024,6,75849,Bronx,Van Nest/Morris Park,false,0.0212
hvfhv,242,pickup,2023,2,67989,Bronx,Van Nest/Morris Park,false,0.0199
hvfhv,242,pickup,2023,3,78033,Bronx,Van Nest/Morris Park,false,0.0199
hvfhv,242,pickup,2023,4,70286,Bronx,Van Nest/Morris Park,false,0.0199
hvfhv,242,pickup,2023,5,74519,Bronx,Van Nest/Morris Park,false,0.0199
hvfhv,242,pickup,2023,6,69783,Bronx,Van Nest/Morris Park,false,0.0199
hvfhv,242,pickup,2024,2,75976,Bronx,Van Nest/Morris Park,false,0.0199
hvfhv,242,pickup,2024,3,82461,Bronx,Van Nest/Morris Park,false,0.0199
hvfhv,242,pickup,2024,4,77367,Bronx,Van Nest/Morris Park,false,0.0199
hvfhv,242,pickup,2024,5,78084,Bronx,Van Nest/Morris Park,false,0.0199
hvfhv,242,pickup,2024,6,75290,Bronx,Van Nest/Morris Park,false,0.0199
hvfhv,243,dropoff,2023,2,88684,Manhattan,Washington Heights North,false,0.131
hvfhv,243,dropoff,2023,3,101560,Manhattan,Washington Heights North,false,0.131
hvfhv,243,dropoff,2023,4,95713,Manhattan,Washington Heights North,false,0.131
hvfhv,243,dropoff,2023,5,100053,Manhattan,Washington Heights North,false,0.131
hvfhv,243,dropoff,2023,6,94447,Manhattan,Washington Heights North,false,0.131
hvfhv,243,dropoff,2024,2,94949,Manhattan,Washington Heights North,false,0.131
hvfhv,243,dropoff,2024,3,103735,Manhattan,Washington Heights North,false,0.131
hvfhv,243,dropoff,2024,4,94731,Manhattan,Washington Heights North,false,0.131
hvfhv,243,dropoff,2024,5,101952,Manhattan,Washington Heights North,false,0.131
hvfhv,243,dropoff,2024,6,97729,Manhattan,Washington Heights North,false,0.131
hvfhv,243,pickup,2023,2,93709,Manhattan,Washington Heights North,false,0.1155
hvfhv,243,pickup,2023,3,108364,Manhattan,Washington Heights North,false,0.1155
hvfhv,243,pickup,2023,4,102246,Manhattan,Washington Heights North,false,0.1155
hvfhv,243,pickup,2023,5,106930,Manhattan,Washington Heights North,false,0.1155
hvfhv,243,pickup,2023,6,101546,Manhattan,Washington Heights North,false,0.1155
hvfhv,243,pickup,2024,2,103413,Manhattan,Washington Heights North,false,0.1155
hvfhv,243,pickup,2024,3,112423,Manhattan,Washington Heights North,false,0.1155
hvfhv,243,pickup,2024,4,103980,Manhattan,Washington Heights North,false,0.1155
hvfhv,243,pickup,2024,5,110944,Manhattan,Washington Heights North,false,0.1155
hvfhv,243,pickup,2024,6,107060,Manhattan,Washington Heights North,false,0.1155
hvfhv,244,dropoff,2023,2,134904,Manhattan,Washington Heights South,false,0.1363
hvfhv,244,dropoff,2023,3,152446,Manhattan,Washington Heights South,false,0.1363
hvfhv,244,dropoff,2023,4,142170,Manhattan,Washington Heights South,false,0.1363
hvfhv,244,dropoff,2023,5,148026,Manhattan,Washington Heights South,false,0.1363
hvfhv,244,dropoff,2023,6,142354,Manhattan,Washington Heights South,false,0.1363
hvfhv,244,dropoff,2024,2,150957,Manhattan,Washington Heights South,false,0.1363
hvfhv,244,dropoff,2024,3,161932,Manhattan,Washington Heights South,false,0.1363
hvfhv,244,dropoff,2024,4,150193,Manhattan,Washington Heights South,false,0.1363
hvfhv,244,dropoff,2024,5,156929,Manhattan,Washington Heights South,false,0.1363
hvfhv,244,dropoff,2024,6,149158,Manhattan,Washington Heights South,false,0.1363
hvfhv,244,pickup,2023,2,133862,Manhattan,Washington Heights South,false,0.1176
hvfhv,244,pickup,2023,3,151743,Manhattan,Washington Heights South,false,0.1176
hvfhv,244,pickup,2023,4,142023,Manhattan,Washington Heights South,false,0.1176
hvfhv,244,pickup,2023,5,149261,Manhattan,Washington Heights South,false,0.1176
hvfhv,244,pickup,2023,6,142795,Manhattan,Washington Heights South,false,0.1176
hvfhv,244,pickup,2024,2,150046,Manhattan,Washington Heights South,false,0.1176
hvfhv,244,pickup,2024,3,161133,Manhattan,Washington Heights South,false,0.1176
hvfhv,244,pickup,2024,4,150975,Manhattan,Washington Heights South,false,0.1176
hvfhv,244,pickup,2024,5,158611,Manhattan,Washington Heights South,false,0.1176
hvfhv,244,pickup,2024,6,149996,Manhattan,Washington Heights South,false,0.1176
hvfhv,245,dropoff,2023,2,12092,Staten Island,West Brighton,false,0.0389
hvfhv,245,dropoff,2023,3,15810,Staten Island,West Brighton,false,0.0389
hvfhv,245,dropoff,2023,4,13057,Staten Island,West Brighton,false,0.0389
hvfhv,245,dropoff,2023,5,14668,Staten Island,West Brighton,false,0.0389
hvfhv,245,dropoff,2023,6,13932,Staten Island,West Brighton,false,0.0389
hvfhv,245,dropoff,2024,2,13248,Staten Island,West Brighton,false,0.0389
hvfhv,245,dropoff,2024,3,16272,Staten Island,West Brighton,false,0.0389
hvfhv,245,dropoff,2024,4,13812,Staten Island,West Brighton,false,0.0389
hvfhv,245,dropoff,2024,5,14695,Staten Island,West Brighton,false,0.0389
hvfhv,245,dropoff,2024,6,14468,Staten Island,West Brighton,false,0.0389
hvfhv,245,pickup,2023,2,12486,Staten Island,West Brighton,false,0.024
hvfhv,245,pickup,2023,3,16209,Staten Island,West Brighton,false,0.024
hvfhv,245,pickup,2023,4,13686,Staten Island,West Brighton,false,0.024
hvfhv,245,pickup,2023,5,14992,Staten Island,West Brighton,false,0.024
hvfhv,245,pickup,2023,6,14194,Staten Island,West Brighton,false,0.024
hvfhv,245,pickup,2024,2,13828,Staten Island,West Brighton,false,0.024
hvfhv,245,pickup,2024,3,17144,Staten Island,West Brighton,false,0.024
hvfhv,245,pickup,2024,4,14604,Staten Island,West Brighton,false,0.024
hvfhv,245,pickup,2024,5,15636,Staten Island,West Brighton,false,0.024
hvfhv,245,pickup,2024,6,15208,Staten Island,West Brighton,false,0.024
hvfhv,246,dropoff,2023,2,192058,Manhattan,West Chelsea/Hudson Yards,true,1.0
hvfhv,246,dropoff,2023,3,208642,Manhattan,West Chelsea/Hudson Yards,true,1.0
hvfhv,246,dropoff,2023,4,204803,Manhattan,West Chelsea/Hudson Yards,true,1.0
hvfhv,246,dropoff,2023,5,221004,Manhattan,West Chelsea/Hudson Yards,true,1.0
hvfhv,246,dropoff,2023,6,208875,Manhattan,West Chelsea/Hudson Yards,true,1.0
hvfhv,246,dropoff,2024,2,204978,Manhattan,West Chelsea/Hudson Yards,true,1.0
hvfhv,246,dropoff,2024,3,211000,Manhattan,West Chelsea/Hudson Yards,true,1.0
hvfhv,246,dropoff,2024,4,207649,Manhattan,West Chelsea/Hudson Yards,true,1.0
hvfhv,246,dropoff,2024,5,224305,Manhattan,West Chelsea/Hudson Yards,true,1.0
hvfhv,246,dropoff,2024,6,209308,Manhattan,West Chelsea/Hudson Yards,true,1.0
hvfhv,246,pickup,2023,2,199497,Manhattan,West Chelsea/Hudson Yards,true,1.0
hvfhv,246,pickup,2023,3,219365,Manhattan,West Chelsea/Hudson Yards,true,1.0
hvfhv,246,pickup,2023,4,213672,Manhattan,West Chelsea/Hudson Yards,true,1.0
hvfhv,246,pickup,2023,5,231518,Manhattan,West Chelsea/Hudson Yards,true,1.0
hvfhv,246,pickup,2023,6,219875,Manhattan,West Chelsea/Hudson Yards,true,1.0
hvfhv,246,pickup,2024,2,210652,Manhattan,West Chelsea/Hudson Yards,true,1.0
hvfhv,246,pickup,2024,3,221030,Manhattan,West Chelsea/Hudson Yards,true,1.0
hvfhv,246,pickup,2024,4,217557,Manhattan,West Chelsea/Hudson Yards,true,1.0
hvfhv,246,pickup,2024,5,236823,Manhattan,West Chelsea/Hudson Yards,true,1.0
hvfhv,246,pickup,2024,6,219708,Manhattan,West Chelsea/Hudson Yards,true,1.0
hvfhv,247,dropoff,2023,2,75810,Bronx,West Concourse,false,0.0524
hvfhv,247,dropoff,2023,3,91275,Bronx,West Concourse,false,0.0524
hvfhv,247,dropoff,2023,4,87611,Bronx,West Concourse,false,0.0524
hvfhv,247,dropoff,2023,5,90238,Bronx,West Concourse,false,0.0524
hvfhv,247,dropoff,2023,6,83401,Bronx,West Concourse,false,0.0524
hvfhv,247,dropoff,2024,2,88513,Bronx,West Concourse,false,0.0524
hvfhv,247,dropoff,2024,3,98364,Bronx,West Concourse,false,0.0524
hvfhv,247,dropoff,2024,4,93764,Bronx,West Concourse,false,0.0524
hvfhv,247,dropoff,2024,5,96192,Bronx,West Concourse,false,0.0524
hvfhv,247,dropoff,2024,6,94384,Bronx,West Concourse,false,0.0524
hvfhv,247,pickup,2023,2,78859,Bronx,West Concourse,false,0.0542
hvfhv,247,pickup,2023,3,92673,Bronx,West Concourse,false,0.0542
hvfhv,247,pickup,2023,4,90025,Bronx,West Concourse,false,0.0542
hvfhv,247,pickup,2023,5,93614,Bronx,West Concourse,false,0.0542
hvfhv,247,pickup,2023,6,87995,Bronx,West Concourse,false,0.0542
hvfhv,247,pickup,2024,2,94866,Bronx,West Concourse,false,0.0542
hvfhv,247,pickup,2024,3,102841,Bronx,West Concourse,false,0.0542
hvfhv,247,pickup,2024,4,99780,Bronx,West Concourse,false,0.0542
hvfhv,247,pickup,2024,5,101918,Bronx,West Concourse,false,0.0542
hvfhv,247,pickup,2024,6,102098,Bronx,West Concourse,false,0.0542
hvfhv,248,dropoff,2023,2,39340,Bronx,West Farms/Bronx River,false,0.0362
hvfhv,248,dropoff,2023,3,46045,Bronx,West Farms/Bronx River,false,0.0362
hvfhv,248,dropoff,2023,4,41092,Bronx,West Farms/Bronx River,false,0.0362
hvfhv,248,dropoff,2023,5,41473,Bronx,West Farms/Bronx River,false,0.0362
hvfhv,248,dropoff,2023,6,39802,Bronx,West Farms/Bronx River,false,0.0362
hvfhv,248,dropoff,2024,2,43512,Bronx,West Farms/Bronx River,false,0.0362
hvfhv,248,dropoff,2024,3,48205,Bronx,West Farms/Bronx River,false,0.0362
hvfhv,248,dropoff,2024,4,42775,Bronx,West Farms/Bronx River,false,0.0362
hvfhv,248,dropoff,2024,5,44573,Bronx,West Farms/Bronx River,false,0.0362
hvfhv,248,dropoff,2024,6,43133,Bronx,West Farms/Bronx River,false,0.0362
hvfhv,248,pickup,2023,2,42782,Bronx,West Farms/Bronx River,false,0.036
hvfhv,248,pickup,2023,3,50018,Bronx,West Farms/Bronx River,false,0.036
hvfhv,248,pickup,2023,4,44902,Bronx,West Farms/Bronx River,false,0.036
hvfhv,248,pickup,2023,5,45205,Bronx,West Farms/Bronx River,false,0.036
hvfhv,248,pickup,2023,6,43708,Bronx,West Farms/Bronx River,false,0.036
hvfhv,248,pickup,2024,2,47553,Bronx,West Farms/Bronx River,false,0.036
hvfhv,248,pickup,2024,3,53884,Bronx,West Farms/Bronx River,false,0.036
hvfhv,248,pickup,2024,4,47258,Bronx,West Farms/Bronx River,false,0.036
hvfhv,248,pickup,2024,5,48717,Bronx,West Farms/Bronx River,false,0.036
hvfhv,248,pickup,2024,6,46762,Bronx,West Farms/Bronx River,false,0.036
hvfhv,249,dropoff,2023,2,166666,Manhattan,West Village,true,1.0
hvfhv,249,dropoff,2023,3,176010,Manhattan,West Village,true,1.0
hvfhv,249,dropoff,2023,4,171343,Manhattan,West Village,true,1.0
hvfhv,249,dropoff,2023,5,154546,Manhattan,West Village,true,1.0
hvfhv,249,dropoff,2023,6,155191,Manhattan,West Village,true,1.0
hvfhv,249,dropoff,2024,2,168876,Manhattan,West Village,true,1.0
hvfhv,249,dropoff,2024,3,178624,Manhattan,West Village,true,1.0
hvfhv,249,dropoff,2024,4,161469,Manhattan,West Village,true,1.0
hvfhv,249,dropoff,2024,5,161008,Manhattan,West Village,true,1.0
hvfhv,249,dropoff,2024,6,154409,Manhattan,West Village,true,1.0
hvfhv,249,pickup,2023,2,191859,Manhattan,West Village,true,1.0
hvfhv,249,pickup,2023,3,204814,Manhattan,West Village,true,1.0
hvfhv,249,pickup,2023,4,202369,Manhattan,West Village,true,1.0
hvfhv,249,pickup,2023,5,187159,Manhattan,West Village,true,1.0
hvfhv,249,pickup,2023,6,187576,Manhattan,West Village,true,1.0
hvfhv,249,pickup,2024,2,193245,Manhattan,West Village,true,1.0
hvfhv,249,pickup,2024,3,209064,Manhattan,West Village,true,1.0
hvfhv,249,pickup,2024,4,190784,Manhattan,West Village,true,1.0
hvfhv,249,pickup,2024,5,191817,Manhattan,West Village,true,1.0
hvfhv,249,pickup,2024,6,183537,Manhattan,West Village,true,1.0
hvfhv,250,dropoff,2023,2,41508,Bronx,Westchester Village/Unionport,false,0.0304
hvfhv,250,dropoff,2023,3,48109,Bronx,Westchester Village/Unionport,false,0.0304
hvfhv,250,dropoff,2023,4,43543,Bronx,Westchester Village/Unionport,false,0.0304
hvfhv,250,dropoff,2023,5,45299,Bronx,Westchester Village/Unionport,false,0.0304
hvfhv,250,dropoff,2023,6,43528,Bronx,Westchester Village/Unionport,false,0.0304
hvfhv,250,dropoff,2024,2,45726,Bronx,Westchester Village/Unionport,false,0.0304
hvfhv,250,dropoff,2024,3,51361,Bronx,Westchester Village/Unionport,false,0.0304
hvfhv,250,dropoff,2024,4,46941,Bronx,Westchester Village/Unionport,false,0.0304
hvfhv,250,dropoff,2024,5,49340,Bronx,Westchester Village/Unionport,false,0.0304
hvfhv,250,dropoff,2024,6,47957,Bronx,Westchester Village/Unionport,false,0.0304
hvfhv,250,pickup,2023,2,42096,Bronx,Westchester Village/Unionport,false,0.0318
hvfhv,250,pickup,2023,3,48332,Bronx,Westchester Village/Unionport,false,0.0318
hvfhv,250,pickup,2023,4,44443,Bronx,Westchester Village/Unionport,false,0.0318
hvfhv,250,pickup,2023,5,46603,Bronx,Westchester Village/Unionport,false,0.0318
hvfhv,250,pickup,2023,6,44347,Bronx,Westchester Village/Unionport,false,0.0318
hvfhv,250,pickup,2024,2,46649,Bronx,Westchester Village/Unionport,false,0.0318
hvfhv,250,pickup,2024,3,52410,Bronx,Westchester Village/Unionport,false,0.0318
hvfhv,250,pickup,2024,4,47079,Bronx,Westchester Village/Unionport,false,0.0318
hvfhv,250,pickup,2024,5,47933,Bronx,Westchester Village/Unionport,false,0.0318
hvfhv,250,pickup,2024,6,46563,Bronx,Westchester Village/Unionport,false,0.0318
hvfhv,251,dropoff,2023,2,11426,Staten Island,Westerleigh,false,0.0382
hvfhv,251,dropoff,2023,3,13656,Staten Island,Westerleigh,false,0.0382
hvfhv,251,dropoff,2023,4,12384,Staten Island,Westerleigh,false,0.0382
hvfhv,251,dropoff,2023,5,13269,Staten Island,Westerleigh,false,0.0382
hvfhv,251,dropoff,2023,6,13259,Staten Island,Westerleigh,false,0.0382
hvfhv,251,dropoff,2024,2,12827,Staten Island,Westerleigh,false,0.0382
hvfhv,251,dropoff,2024,3,14393,Staten Island,Westerleigh,false,0.0382
hvfhv,251,dropoff,2024,4,13125,Staten Island,Westerleigh,false,0.0382
hvfhv,251,dropoff,2024,5,13737,Staten Island,Westerleigh,false,0.0382
hvfhv,251,dropoff,2024,6,13808,Staten Island,Westerleigh,false,0.0382
hvfhv,251,pickup,2023,2,12622,Staten Island,Westerleigh,false,0.022
hvfhv,251,pickup,2023,3,15206,Staten Island,Westerleigh,false,0.022
hvfhv,251,pickup,2023,4,13802,Staten Island,Westerleigh,false,0.022
hvfhv,251,pickup,2023,5,14866,Staten Island,Westerleigh,false,0.022
hvfhv,251,pickup,2023,6,14500,Staten Island,Westerleigh,false,0.022
hvfhv,251,pickup,2024,2,14380,Staten Island,Westerleigh,false,0.022
hvfhv,251,pickup,2024,3,15990,Staten Island,Westerleigh,false,0.022
hvfhv,251,pickup,2024,4,14565,Staten Island,Westerleigh,false,0.022
hvfhv,251,pickup,2024,5,15624,Staten Island,Westerleigh,false,0.022
hvfhv,251,pickup,2024,6,15361,Staten Island,Westerleigh,false,0.022
hvfhv,252,dropoff,2023,2,20791,Queens,Whitestone,false,0.0476
hvfhv,252,dropoff,2023,3,23995,Queens,Whitestone,false,0.0476
hvfhv,252,dropoff,2023,4,22427,Queens,Whitestone,false,0.0476
hvfhv,252,dropoff,2023,5,24000,Queens,Whitestone,false,0.0476
hvfhv,252,dropoff,2023,6,23920,Queens,Whitestone,false,0.0476
hvfhv,252,dropoff,2024,2,22590,Queens,Whitestone,false,0.0476
hvfhv,252,dropoff,2024,3,24892,Queens,Whitestone,false,0.0476
hvfhv,252,dropoff,2024,4,23718,Queens,Whitestone,false,0.0476
hvfhv,252,dropoff,2024,5,26240,Queens,Whitestone,false,0.0476
hvfhv,252,dropoff,2024,6,25676,Queens,Whitestone,false,0.0476
hvfhv,252,pickup,2023,2,20361,Queens,Whitestone,false,0.0364
hvfhv,252,pickup,2023,3,23666,Queens,Whitestone,false,0.0364
hvfhv,252,pickup,2023,4,22345,Queens,Whitestone,false,0.0364
hvfhv,252,pickup,2023,5,24049,Queens,Whitestone,false,0.0364
hvfhv,252,pickup,2023,6,24052,Queens,Whitestone,false,0.0364
hvfhv,252,pickup,2024,2,21949,Queens,Whitestone,false,0.0364
hvfhv,252,pickup,2024,3,24162,Queens,Whitestone,false,0.0364
hvfhv,252,pickup,2024,4,23198,Queens,Whitestone,false,0.0364
hvfhv,252,pickup,2024,5,25452,Queens,Whitestone,false,0.0364
hvfhv,252,pickup,2024,6,25355,Queens,Whitestone,false,0.0364
hvfhv,253,dropoff,2023,2,551,Queens,Willets Point,false,0.0411
hvfhv,253,dropoff,2023,3,666,Queens,Willets Point,false,0.0411
hvfhv,253,dropoff,2023,4,1051,Queens,Willets Point,false,0.0411
hvfhv,253,dropoff,2023,5,1187,Queens,Willets Point,false,0.0411
hvfhv,253,dropoff,2023,6,2318,Queens,Willets Point,false,0.0411
hvfhv,253,dropoff,2024,2,540,Queens,Willets Point,false,0.0411
hvfhv,253,dropoff,2024,3,769,Queens,Willets Point,false,0.0411
hvfhv,253,dropoff,2024,4,839,Queens,Willets Point,false,0.0411
hvfhv,253,dropoff,2024,5,1012,Queens,Willets Point,false,0.0411
hvfhv,253,dropoff,2024,6,1176,Queens,Willets Point,false,0.0411
hvfhv,253,pickup,2023,2,522,Queens,Willets Point,false,0.0954
hvfhv,253,pickup,2023,3,634,Queens,Willets Point,false,0.0954
hvfhv,253,pickup,2023,4,928,Queens,Willets Point,false,0.0954
hvfhv,253,pickup,2023,5,1017,Queens,Willets Point,false,0.0954
hvfhv,253,pickup,2023,6,2067,Queens,Willets Point,false,0.0954
hvfhv,253,pickup,2024,2,422,Queens,Willets Point,false,0.0954
hvfhv,253,pickup,2024,3,644,Queens,Willets Point,false,0.0954
hvfhv,253,pickup,2024,4,762,Queens,Willets Point,false,0.0954
hvfhv,253,pickup,2024,5,880,Queens,Willets Point,false,0.0954
hvfhv,253,pickup,2024,6,970,Queens,Willets Point,false,0.0954
hvfhv,254,dropoff,2023,2,70138,Bronx,Williamsbridge/Olinville,false,0.0272
hvfhv,254,dropoff,2023,3,82700,Bronx,Williamsbridge/Olinville,false,0.0272
hvfhv,254,dropoff,2023,4,73759,Bronx,Williamsbridge/Olinville,false,0.0272
hvfhv,254,dropoff,2023,5,77368,Bronx,Williamsbridge/Olinville,false,0.0272
hvfhv,254,dropoff,2023,6,75036,Bronx,Williamsbridge/Olinville,false,0.0272
hvfhv,254,dropoff,2024,2,78097,Bronx,Williamsbridge/Olinville,false,0.0272
hvfhv,254,dropoff,2024,3,89192,Bronx,Williamsbridge/Olinville,false,0.0272
hvfhv,254,dropoff,2024,4,81087,Bronx,Williamsbridge/Olinville,false,0.0272
hvfhv,254,dropoff,2024,5,82991,Bronx,Williamsbridge/Olinville,false,0.0272
hvfhv,254,dropoff,2024,6,81267,Bronx,Williamsbridge/Olinville,false,0.0272
hvfhv,254,pickup,2023,2,81269,Bronx,Williamsbridge/Olinville,false,0.0228
hvfhv,254,pickup,2023,3,95227,Bronx,Williamsbridge/Olinville,false,0.0228
hvfhv,254,pickup,2023,4,86089,Bronx,Williamsbridge/Olinville,false,0.0228
hvfhv,254,pickup,2023,5,90358,Bronx,Williamsbridge/Olinville,false,0.0228
hvfhv,254,pickup,2023,6,87703,Bronx,Williamsbridge/Olinville,false,0.0228
hvfhv,254,pickup,2024,2,91643,Bronx,Williamsbridge/Olinville,false,0.0228
hvfhv,254,pickup,2024,3,103593,Bronx,Williamsbridge/Olinville,false,0.0228
hvfhv,254,pickup,2024,4,93835,Bronx,Williamsbridge/Olinville,false,0.0228
hvfhv,254,pickup,2024,5,95593,Bronx,Williamsbridge/Olinville,false,0.0228
hvfhv,254,pickup,2024,6,94965,Bronx,Williamsbridge/Olinville,false,0.0228
hvfhv,255,dropoff,2023,2,170094,Brooklyn,Williamsburg (North Side),false,0.2446
hvfhv,255,dropoff,2023,3,187783,Brooklyn,Williamsburg (North Side),false,0.2446
hvfhv,255,dropoff,2023,4,189646,Brooklyn,Williamsburg (North Side),false,0.2446
hvfhv,255,dropoff,2023,5,181959,Brooklyn,Williamsburg (North Side),false,0.2446
hvfhv,255,dropoff,2023,6,180730,Brooklyn,Williamsburg (North Side),false,0.2446
hvfhv,255,dropoff,2024,2,172763,Brooklyn,Williamsburg (North Side),false,0.2446
hvfhv,255,dropoff,2024,3,199500,Brooklyn,Williamsburg (North Side),false,0.2446
hvfhv,255,dropoff,2024,4,185981,Brooklyn,Williamsburg (North Side),false,0.2446
hvfhv,255,dropoff,2024,5,189345,Brooklyn,Williamsburg (North Side),false,0.2446
hvfhv,255,dropoff,2024,6,200987,Brooklyn,Williamsburg (North Side),false,0.2446
hvfhv,255,pickup,2023,2,181717,Brooklyn,Williamsburg (North Side),false,0.2164
hvfhv,255,pickup,2023,3,201748,Brooklyn,Williamsburg (North Side),false,0.2164
hvfhv,255,pickup,2023,4,204142,Brooklyn,Williamsburg (North Side),false,0.2164
hvfhv,255,pickup,2023,5,198811,Brooklyn,Williamsburg (North Side),false,0.2164
hvfhv,255,pickup,2023,6,195962,Brooklyn,Williamsburg (North Side),false,0.2164
hvfhv,255,pickup,2024,2,188224,Brooklyn,Williamsburg (North Side),false,0.2164
hvfhv,255,pickup,2024,3,217935,Brooklyn,Williamsburg (North Side),false,0.2164
hvfhv,255,pickup,2024,4,203597,Brooklyn,Williamsburg (North Side),false,0.2164
hvfhv,255,pickup,2024,5,209248,Brooklyn,Williamsburg (North Side),false,0.2164
hvfhv,255,pickup,2024,6,223852,Brooklyn,Williamsburg (North Side),false,0.2164
hvfhv,256,dropoff,2023,2,141848,Brooklyn,Williamsburg (South Side),false,0.2683
hvfhv,256,dropoff,2023,3,160055,Brooklyn,Williamsburg (South Side),false,0.2683
hvfhv,256,dropoff,2023,4,157353,Brooklyn,Williamsburg (South Side),false,0.2683
hvfhv,256,dropoff,2023,5,158451,Brooklyn,Williamsburg (South Side),false,0.2683
hvfhv,256,dropoff,2023,6,155962,Brooklyn,Williamsburg (South Side),false,0.2683
hvfhv,256,dropoff,2024,2,154190,Brooklyn,Williamsburg (South Side),false,0.2683
hvfhv,256,dropoff,2024,3,169251,Brooklyn,Williamsburg (South Side),false,0.2683
hvfhv,256,dropoff,2024,4,151711,Brooklyn,Williamsburg (South Side),false,0.2683
hvfhv,256,dropoff,2024,5,161630,Brooklyn,Williamsburg (South Side),false,0.2683
hvfhv,256,dropoff,2024,6,164670,Brooklyn,Williamsburg (South Side),false,0.2683
hvfhv,256,pickup,2023,2,149258,Brooklyn,Williamsburg (South Side),false,0.2245
hvfhv,256,pickup,2023,3,167911,Brooklyn,Williamsburg (South Side),false,0.2245
hvfhv,256,pickup,2023,4,167159,Brooklyn,Williamsburg (South Side),false,0.2245
hvfhv,256,pickup,2023,5,168556,Brooklyn,Williamsburg (South Side),false,0.2245
hvfhv,256,pickup,2023,6,167245,Brooklyn,Williamsburg (South Side),false,0.2245
hvfhv,256,pickup,2024,2,162293,Brooklyn,Williamsburg (South Side),false,0.2245
hvfhv,256,pickup,2024,3,178302,Brooklyn,Williamsburg (South Side),false,0.2245
hvfhv,256,pickup,2024,4,161299,Brooklyn,Williamsburg (South Side),false,0.2245
hvfhv,256,pickup,2024,5,172881,Brooklyn,Williamsburg (South Side),false,0.2245
hvfhv,256,pickup,2024,6,179697,Brooklyn,Williamsburg (South Side),false,0.2245
hvfhv,257,dropoff,2023,2,26495,Brooklyn,Windsor Terrace,false,0.1432
hvfhv,257,dropoff,2023,3,30496,Brooklyn,Windsor Terrace,false,0.1432
hvfhv,257,dropoff,2023,4,28402,Brooklyn,Windsor Terrace,false,0.1432
hvfhv,257,dropoff,2023,5,30754,Brooklyn,Windsor Terrace,false,0.1432
hvfhv,257,dropoff,2023,6,30764,Brooklyn,Windsor Terrace,false,0.1432
hvfhv,257,dropoff,2024,2,30538,Brooklyn,Windsor Terrace,false,0.1432
hvfhv,257,dropoff,2024,3,34292,Brooklyn,Windsor Terrace,false,0.1432
hvfhv,257,dropoff,2024,4,31012,Brooklyn,Windsor Terrace,false,0.1432
hvfhv,257,dropoff,2024,5,32981,Brooklyn,Windsor Terrace,false,0.1432
hvfhv,257,dropoff,2024,6,34406,Brooklyn,Windsor Terrace,false,0.1432
hvfhv,257,pickup,2023,2,24923,Brooklyn,Windsor Terrace,false,0.1177
hvfhv,257,pickup,2023,3,28420,Brooklyn,Windsor Terrace,false,0.1177
hvfhv,257,pickup,2023,4,27602,Brooklyn,Windsor Terrace,false,0.1177
hvfhv,257,pickup,2023,5,28723,Brooklyn,Windsor Terrace,false,0.1177
hvfhv,257,pickup,2023,6,28899,Brooklyn,Windsor Terrace,false,0.1177
hvfhv,257,pickup,2024,2,27650,Brooklyn,Windsor Terrace,false,0.1177
hvfhv,257,pickup,2024,3,31089,Brooklyn,Windsor Terrace,false,0.1177
hvfhv,257,pickup,2024,4,28022,Brooklyn,Windsor Terrace,false,0.1177
hvfhv,257,pickup,2024,5,30240,Brooklyn,Windsor Terrace,false,0.1177
hvfhv,257,pickup,2024,6,29957,Brooklyn,Windsor Terrace,false,0.1177
hvfhv,258,dropoff,2023,2,48787,Queens,Woodhaven,false,0.039
hvfhv,258,dropoff,2023,3,57180,Queens,Woodhaven,false,0.039
hvfhv,258,dropoff,2023,4,52465,Queens,Woodhaven,false,0.039
hvfhv,258,dropoff,2023,5,55698,Queens,Woodhaven,false,0.039
hvfhv,258,dropoff,2023,6,54479,Queens,Woodhaven,false,0.039
hvfhv,258,dropoff,2024,2,55270,Queens,Woodhaven,false,0.039
hvfhv,258,dropoff,2024,3,62573,Queens,Woodhaven,false,0.039
hvfhv,258,dropoff,2024,4,57084,Queens,Woodhaven,false,0.039
hvfhv,258,dropoff,2024,5,60575,Queens,Woodhaven,false,0.039
hvfhv,258,dropoff,2024,6,58359,Queens,Woodhaven,false,0.039
hvfhv,258,pickup,2023,2,53242,Queens,Woodhaven,false,0.0313
hvfhv,258,pickup,2023,3,62846,Queens,Woodhaven,false,0.0313
hvfhv,258,pickup,2023,4,58090,Queens,Woodhaven,false,0.0313
hvfhv,258,pickup,2023,5,61149,Queens,Woodhaven,false,0.0313
hvfhv,258,pickup,2023,6,60176,Queens,Woodhaven,false,0.0313
hvfhv,258,pickup,2024,2,60398,Queens,Woodhaven,false,0.0313
hvfhv,258,pickup,2024,3,68697,Queens,Woodhaven,false,0.0313
hvfhv,258,pickup,2024,4,62671,Queens,Woodhaven,false,0.0313
hvfhv,258,pickup,2024,5,65899,Queens,Woodhaven,false,0.0313
hvfhv,258,pickup,2024,6,63737,Queens,Woodhaven,false,0.0313
hvfhv,259,dropoff,2023,2,41817,Bronx,Woodlawn/Wakefield,false,0.0425
hvfhv,259,dropoff,2023,3,49487,Bronx,Woodlawn/Wakefield,false,0.0425
hvfhv,259,dropoff,2023,4,44883,Bronx,Woodlawn/Wakefield,false,0.0425
hvfhv,259,dropoff,2023,5,46626,Bronx,Woodlawn/Wakefield,false,0.0425
hvfhv,259,dropoff,2023,6,46166,Bronx,Woodlawn/Wakefield,false,0.0425
hvfhv,259,dropoff,2024,2,48546,Bronx,Woodlawn/Wakefield,false,0.0425
hvfhv,259,dropoff,2024,3,54057,Bronx,Woodlawn/Wakefield,false,0.0425
hvfhv,259,dropoff,2024,4,50724,Bronx,Woodlawn/Wakefield,false,0.0425
hvfhv,259,dropoff,2024,5,50810,Bronx,Woodlawn/Wakefield,false,0.0425
hvfhv,259,dropoff,2024,6,49746,Bronx,Woodlawn/Wakefield,false,0.0425
hvfhv,259,pickup,2023,2,52597,Bronx,Woodlawn/Wakefield,false,0.0257
hvfhv,259,pickup,2023,3,63353,Bronx,Woodlawn/Wakefield,false,0.0257
hvfhv,259,pickup,2023,4,58483,Bronx,Woodlawn/Wakefield,false,0.0257
hvfhv,259,pickup,2023,5,60709,Bronx,Woodlawn/Wakefield,false,0.0257
hvfhv,259,pickup,2023,6,59782,Bronx,Woodlawn/Wakefield,false,0.0257
hvfhv,259,pickup,2024,2,61304,Bronx,Woodlawn/Wakefield,false,0.0257
hvfhv,259,pickup,2024,3,68543,Bronx,Woodlawn/Wakefield,false,0.0257
hvfhv,259,pickup,2024,4,63493,Bronx,Woodlawn/Wakefield,false,0.0257
hvfhv,259,pickup,2024,5,65191,Bronx,Woodlawn/Wakefield,false,0.0257
hvfhv,259,pickup,2024,6,64182,Bronx,Woodlawn/Wakefield,false,0.0257
hvfhv,260,dropoff,2023,2,73472,Queens,Woodside,false,0.0793
hvfhv,260,dropoff,2023,3,82201,Queens,Woodside,false,0.0793
hvfhv,260,dropoff,2023,4,78972,Queens,Woodside,false,0.0793
hvfhv,260,dropoff,2023,5,83232,Queens,Woodside,false,0.0793
hvfhv,260,dropoff,2023,6,84267,Queens,Woodside,false,0.0793
hvfhv,260,dropoff,2024,2,81077,Queens,Woodside,false,0.0793
hvfhv,260,dropoff,2024,3,91436,Queens,Woodside,false,0.0793
hvfhv,260,dropoff,2024,4,84102,Queens,Woodside,false,0.0793
hvfhv,260,dropoff,2024,5,89445,Queens,Woodside,false,0.0793
hvfhv,260,dropoff,2024,6,89534,Queens,Woodside,false,0.0793
hvfhv,260,pickup,2023,2,73170,Queens,Woodside,false,0.0699
hvfhv,260,pickup,2023,3,80405,Queens,Woodside,false,0.0699
hvfhv,260,pickup,2023,4,77625,Queens,Woodside,false,0.0699
hvfhv,260,pickup,2023,5,80992,Queens,Woodside,false,0.0699
hvfhv,260,pickup,2023,6,82053,Queens,Woodside,false,0.0699
hvfhv,260,pickup,2024,2,78735,Queens,Woodside,false,0.0699
hvfhv,260,pickup,2024,3,89262,Queens,Woodside,false,0.0699
hvfhv,260,pickup,2024,4,81648,Queens,Woodside,false,0.0699
hvfhv,260,pickup,2024,5,87097,Queens,Woodside,false,0.0699
hvfhv,260,pickup,2024,6,86584,Queens,Woodside,false,0.0699
hvfhv,261,dropoff,2023,2,64798,Manhattan,World Trade Center,true,1.0
hvfhv,261,dropoff,2023,3,75252,Manhattan,World Trade Center,true,1.0
hvfhv,261,dropoff,2023,4,72841,Manhattan,World Trade Center,true,1.0
hvfhv,261,dropoff,2023,5,74621,Manhattan,World Trade Center,true,1.0
hvfhv,261,dropoff,2023,6,71189,Manhattan,World Trade Center,true,1.0
hvfhv,261,dropoff,2024,2,68895,Manhattan,World Trade Center,true,1.0
hvfhv,261,dropoff,2024,3,76923,Manhattan,World Trade Center,true,1.0
hvfhv,261,dropoff,2024,4,71635,Manhattan,World Trade Center,true,1.0
hvfhv,261,dropoff,2024,5,75055,Manhattan,World Trade Center,true,1.0
hvfhv,261,dropoff,2024,6,72635,Manhattan,World Trade Center,true,1.0
hvfhv,261,pickup,2023,2,66306,Manhattan,World Trade Center,true,1.0
hvfhv,261,pickup,2023,3,77713,Manhattan,World Trade Center,true,1.0
hvfhv,261,pickup,2023,4,73556,Manhattan,World Trade Center,true,1.0
hvfhv,261,pickup,2023,5,76215,Manhattan,World Trade Center,true,1.0
hvfhv,261,pickup,2023,6,74138,Manhattan,World Trade Center,true,1.0
hvfhv,261,pickup,2024,2,69061,Manhattan,World Trade Center,true,1.0
hvfhv,261,pickup,2024,3,77680,Manhattan,World Trade Center,true,1.0
hvfhv,261,pickup,2024,4,72882,Manhattan,World Trade Center,true,1.0
hvfhv,261,pickup,2024,5,77838,Manhattan,World Trade Center,true,1.0
hvfhv,261,pickup,2024,6,75779,Manhattan,World Trade Center,true,1.0
hvfhv,262,dropoff,2023,2,61906,Manhattan,Yorkville East,false,0.3894
hvfhv,262,dropoff,2023,3,66154,Manhattan,Yorkville East,false,0.3894
hvfhv,262,dropoff,2023,4,64726,Manhattan,Yorkville East,false,0.3894
hvfhv,262,dropoff,2023,5,64769,Manhattan,Yorkville East,false,0.3894
hvfhv,262,dropoff,2023,6,62648,Manhattan,Yorkville East,false,0.3894
hvfhv,262,dropoff,2024,2,61931,Manhattan,Yorkville East,false,0.3894
hvfhv,262,dropoff,2024,3,64042,Manhattan,Yorkville East,false,0.3894
hvfhv,262,dropoff,2024,4,62357,Manhattan,Yorkville East,false,0.3894
hvfhv,262,dropoff,2024,5,64063,Manhattan,Yorkville East,false,0.3894
hvfhv,262,dropoff,2024,6,59662,Manhattan,Yorkville East,false,0.3894
hvfhv,262,pickup,2023,2,73816,Manhattan,Yorkville East,false,0.3886
hvfhv,262,pickup,2023,3,79998,Manhattan,Yorkville East,false,0.3886
hvfhv,262,pickup,2023,4,78016,Manhattan,Yorkville East,false,0.3886
hvfhv,262,pickup,2023,5,79089,Manhattan,Yorkville East,false,0.3886
hvfhv,262,pickup,2023,6,76560,Manhattan,Yorkville East,false,0.3886
hvfhv,262,pickup,2024,2,73707,Manhattan,Yorkville East,false,0.3886
hvfhv,262,pickup,2024,3,75789,Manhattan,Yorkville East,false,0.3886
hvfhv,262,pickup,2024,4,74027,Manhattan,Yorkville East,false,0.3886
hvfhv,262,pickup,2024,5,76844,Manhattan,Yorkville East,false,0.3886
hvfhv,262,pickup,2024,6,71181,Manhattan,Yorkville East,false,0.3886
hvfhv,263,dropoff,2023,2,98104,Manhattan,Yorkville West,false,0.3919
hvfhv,263,dropoff,2023,3,104876,Manhattan,Yorkville West,false,0.3919
hvfhv,263,dropoff,2023,4,100466,Manhattan,Yorkville West,false,0.3919
hvfhv,263,dropoff,2023,5,97908,Manhattan,Yorkville West,false,0.3919
hvfhv,263,dropoff,2023,6,97709,Manhattan,Yorkville West,false,0.3919
hvfhv,263,dropoff,2024,2,100884,Manhattan,Yorkville West,false,0.3919
hvfhv,263,dropoff,2024,3,104661,Manhattan,Yorkville West,false,0.3919
hvfhv,263,dropoff,2024,4,97765,Manhattan,Yorkville West,false,0.3919
hvfhv,263,dropoff,2024,5,99513,Manhattan,Yorkville West,false,0.3919
hvfhv,263,dropoff,2024,6,95409,Manhattan,Yorkville West,false,0.3919
hvfhv,263,pickup,2023,2,104970,Manhattan,Yorkville West,false,0.3414
hvfhv,263,pickup,2023,3,115123,Manhattan,Yorkville West,false,0.3414
hvfhv,263,pickup,2023,4,110010,Manhattan,Yorkville West,false,0.3414
hvfhv,263,pickup,2023,5,108369,Manhattan,Yorkville West,false,0.3414
hvfhv,263,pickup,2023,6,107562,Manhattan,Yorkville West,false,0.3414
hvfhv,263,pickup,2024,2,108643,Manhattan,Yorkville West,false,0.3414
hvfhv,263,pickup,2024,3,114532,Manhattan,Yorkville West,false,0.3414
hvfhv,263,pickup,2024,4,106998,Manhattan,Yorkville West,false,0.3414
hvfhv,263,pickup,2024,5,110669,Manhattan,Yorkville West,false,0.3414
hvfhv,263,pickup,2024,6,106452,Manhattan,Yorkville West,false,0.3414
hvfhv,265,dropoff,2023,2,682369,N/A,Outside of NYC,false,0.3658
hvfhv,265,dropoff,2023,3,800095,N/A,Outside of NYC,false,0.3658
hvfhv,265,dropoff,2023,4,779389,N/A,Outside of NYC,false,0.3658
hvfhv,265,dropoff,2023,5,841003,N/A,Outside of NYC,false,0.3658
hvfhv,265,dropoff,2023,6,816328,N/A,Outside of NYC,false,0.3658
hvfhv,265,dropoff,2024,2,753414,N/A,Outside of NYC,false,0.3658
hvfhv,265,dropoff,2024,3,832942,N/A,Outside of NYC,false,0.3658
hvfhv,265,dropoff,2024,4,805529,N/A,Outside of NYC,false,0.3658
hvfhv,265,dropoff,2024,5,872688,N/A,Outside of NYC,false,0.3658
hvfhv,265,dropoff,2024,6,864305,N/A,Outside of NYC,false,0.3658
hvfhv,265,pickup,2023,2,887,N/A,Outside of NYC,false,0.0338
hvfhv,265,pickup,2023,3,1047,N/A,Outside of NYC,false,0.0338
hvfhv,265,pickup,2023,4,988,N/A,Outside of NYC,false,0.0338
hvfhv,265,pickup,2023,5,978,N/A,Outside of NYC,false,0.0338
hvfhv,265,pickup,2023,6,926,N/A,Outside of NYC,false,0.0338
hvfhv,265,pickup,2024,2,734,N/A,Outside of NYC,false,0.0338
hvfhv,265,pickup,2024,3,795,N/A,Outside of NYC,false,0.0338
hvfhv,265,pickup,2024,4,768,N/A,Outside of NYC,false,0.0338
hvfhv,265,pickup,2024,5,840,N/A,Outside of NYC,false,0.0338
hvfhv,265,pickup,2024,6,857,N/A,Outside of NYC,false,0.0338
yellow,1,dropoff,2023,2,7257,EWR,Newark Airport,false,0.7967
yellow,1,dropoff,2023,3,8749,EWR,Newark Airport,false,0.7967
yellow,1,dropoff,2023,4,9109,EWR,Newark Airport,false,0.7967
yellow,1,dropoff,2023,5,10399,EWR,Newark Airport,false,0.7967
yellow,1,dropoff,2023,6,9405,EWR,Newark Airport,false,0.7967
yellow,1,dropoff,2024,2,6291,EWR,Newark Airport,false,0.7967
yellow,1,dropoff,2024,3,7602,EWR,Newark Airport,false,0.7967
yellow,1,dropoff,2024,4,8305,EWR,Newark Airport,false,0.7967
yellow,1,dropoff,2024,5,9472,EWR,Newark Airport,false,0.7967
yellow,1,dropoff,2024,6,8317,EWR,Newark Airport,false,0.7967
yellow,1,pickup,2023,2,70,EWR,Newark Airport,false,0.0733
yellow,1,pickup,2023,3,88,EWR,Newark Airport,false,0.0733
yellow,1,pickup,2023,4,77,EWR,Newark Airport,false,0.0733
yellow,1,pickup,2023,5,103,EWR,Newark Airport,false,0.0733
yellow,1,pickup,2023,6,126,EWR,Newark Airport,false,0.0733
yellow,1,pickup,2024,2,53,EWR,Newark Airport,false,0.0733
yellow,1,pickup,2024,3,72,EWR,Newark Airport,false,0.0733
yellow,1,pickup,2024,4,93,EWR,Newark Airport,false,0.0733
yellow,1,pickup,2024,5,129,EWR,Newark Airport,false,0.0733
yellow,1,pickup,2024,6,96,EWR,Newark Airport,false,0.0733
yellow,2,dropoff,2023,2,2,Queens,Jamaica Bay,false,0.2222
yellow,2,dropoff,2023,3,7,Queens,Jamaica Bay,false,0.2222
yellow,2,dropoff,2023,4,4,Queens,Jamaica Bay,false,0.2222
yellow,2,dropoff,2023,5,1,Queens,Jamaica Bay,false,0.2222
yellow,2,dropoff,2023,6,4,Queens,Jamaica Bay,false,0.2222
yellow,2,dropoff,2024,2,5,Queens,Jamaica Bay,false,0.2222
yellow,2,dropoff,2024,3,6,Queens,Jamaica Bay,false,0.2222
yellow,2,dropoff,2024,4,6,Queens,Jamaica Bay,false,0.2222
yellow,2,dropoff,2024,5,8,Queens,Jamaica Bay,false,0.2222
yellow,2,dropoff,2024,6,5,Queens,Jamaica Bay,false,0.2222
yellow,2,pickup,2023,2,2,Queens,Jamaica Bay,false,0.5455
yellow,2,pickup,2023,3,3,Queens,Jamaica Bay,false,0.5455
yellow,2,pickup,2023,4,1,Queens,Jamaica Bay,false,0.5455
yellow,2,pickup,2023,5,1,Queens,Jamaica Bay,false,0.5455
yellow,2,pickup,2023,6,4,Queens,Jamaica Bay,false,0.5455
yellow,2,pickup,2024,2,1,Queens,Jamaica Bay,false,0.5455
yellow,2,pickup,2024,3,7,Queens,Jamaica Bay,false,0.5455
yellow,2,pickup,2024,4,3,Queens,Jamaica Bay,false,0.5455
yellow,2,pickup,2024,5,2,Queens,Jamaica Bay,false,0.5455
yellow,2,pickup,2024,6,3,Queens,Jamaica Bay,false,0.5455
yellow,3,dropoff,2023,2,200,Bronx,Allerton/Pelham Gardens,false,0.15
yellow,3,dropoff,2023,3,248,Bronx,Allerton/Pelham Gardens,false,0.15
yellow,3,dropoff,2023,4,235,Bronx,Allerton/Pelham Gardens,false,0.15
yellow,3,dropoff,2023,5,267,Bronx,Allerton/Pelham Gardens,false,0.15
yellow,3,dropoff,2023,6,237,Bronx,Allerton/Pelham Gardens,false,0.15
yellow,3,dropoff,2024,2,193,Bronx,Allerton/Pelham Gardens,false,0.15
yellow,3,dropoff,2024,3,236,Bronx,Allerton/Pelham Gardens,false,0.15
yellow,3,dropoff,2024,4,229,Bronx,Allerton/Pelham Gardens,false,0.15
yellow,3,dropoff,2024,5,272,Bronx,Allerton/Pelham Gardens,false,0.15
yellow,3,dropoff,2024,6,241,Bronx,Allerton/Pelham Gardens,false,0.15
yellow,3,pickup,2023,2,42,Bronx,Allerton/Pelham Gardens,false,0.1868
yellow,3,pickup,2023,3,58,Bronx,Allerton/Pelham Gardens,false,0.1868
yellow,3,pickup,2023,4,48,Bronx,Allerton/Pelham Gardens,false,0.1868
yellow,3,pickup,2023,5,58,Bronx,Allerton/Pelham Gardens,false,0.1868
yellow,3,pickup,2023,6,67,Bronx,Allerton/Pelham Gardens,false,0.1868
yellow,3,pickup,2024,2,83,Bronx,Allerton/Pelham Gardens,false,0.1868
yellow,3,pickup,2024,3,100,Bronx,Allerton/Pelham Gardens,false,0.1868
yellow,3,pickup,2024,4,107,Bronx,Allerton/Pelham Gardens,false,0.1868
yellow,3,pickup,2024,5,106,Bronx,Allerton/Pelham Gardens,false,0.1868
yellow,3,pickup,2024,6,86,Bronx,Allerton/Pelham Gardens,false,0.1868
yellow,4,dropoff,2023,2,11043,Manhattan,Alphabet City,true,1.0
yellow,4,dropoff,2023,3,12480,Manhattan,Alphabet City,true,1.0
yellow,4,dropoff,2023,4,11858,Manhattan,Alphabet City,true,1.0
yellow,4,dropoff,2023,5,12333,Manhattan,Alphabet City,true,1.0
yellow,4,dropoff,2023,6,11797,Manhattan,Alphabet City,true,1.0
yellow,4,dropoff,2024,2,10543,Manhattan,Alphabet City,true,1.0
yellow,4,dropoff,2024,3,11888,Manhattan,Alphabet City,true,1.0
yellow,4,dropoff,2024,4,10694,Manhattan,Alphabet City,true,1.0
yellow,4,dropoff,2024,5,11313,Manhattan,Alphabet City,true,1.0
yellow,4,dropoff,2024,6,10551,Manhattan,Alphabet City,true,1.0
yellow,4,pickup,2023,2,2977,Manhattan,Alphabet City,true,1.0
yellow,4,pickup,2023,3,3133,Manhattan,Alphabet City,true,1.0
yellow,4,pickup,2023,4,3213,Manhattan,Alphabet City,true,1.0
yellow,4,pickup,2023,5,3209,Manhattan,Alphabet City,true,1.0
yellow,4,pickup,2023,6,3074,Manhattan,Alphabet City,true,1.0
yellow,4,pickup,2024,2,3070,Manhattan,Alphabet City,true,1.0
yellow,4,pickup,2024,3,3559,Manhattan,Alphabet City,true,1.0
yellow,4,pickup,2024,4,3206,Manhattan,Alphabet City,true,1.0
yellow,4,pickup,2024,5,3164,Manhattan,Alphabet City,true,1.0
yellow,4,pickup,2024,6,3146,Manhattan,Alphabet City,true,1.0
yellow,5,dropoff,2023,2,61,Staten Island,Arden Heights,false,0.3024
yellow,5,dropoff,2023,3,60,Staten Island,Arden Heights,false,0.3024
yellow,5,dropoff,2023,4,57,Staten Island,Arden Heights,false,0.3024
yellow,5,dropoff,2023,5,59,Staten Island,Arden Heights,false,0.3024
yellow,5,dropoff,2023,6,54,Staten Island,Arden Heights,false,0.3024
yellow,5,dropoff,2024,2,9,Staten Island,Arden Heights,false,0.3024
yellow,5,dropoff,2024,3,12,Staten Island,Arden Heights,false,0.3024
yellow,5,dropoff,2024,4,16,Staten Island,Arden Heights,false,0.3024
yellow,5,dropoff,2024,5,15,Staten Island,Arden Heights,false,0.3024
yellow,5,dropoff,2024,6,14,Staten Island,Arden Heights,false,0.3024
yellow,5,pickup,2023,2,50,Staten Island,Arden Heights,false,0.3917
yellow,5,pickup,2023,3,53,Staten Island,Arden Heights,false,0.3917
yellow,5,pickup,2023,4,41,Staten Island,Arden Heights,false,0.3917
yellow,5,pickup,2023,5,55,Staten Island,Arden Heights,false,0.3917
yellow,5,pickup,2023,6,41,Staten Island,Arden Heights,false,0.3917
yellow,6,dropoff,2023,2,68,Staten Island,Arrochar/Fort Wadsworth,false,0.1987
yellow,6,dropoff,2023,3,100,Staten Island,Arrochar/Fort Wadsworth,false,0.1987
yellow,6,dropoff,2023,4,95,Staten Island,Arrochar/Fort Wadsworth,false,0.1987
yellow,6,dropoff,2023,5,102,Staten Island,Arrochar/Fort Wadsworth,false,0.1987
yellow,6,dropoff,2023,6,83,Staten Island,Arrochar/Fort Wadsworth,false,0.1987
yellow,6,dropoff,2024,2,55,Staten Island,Arrochar/Fort Wadsworth,false,0.1987
yellow,6,dropoff,2024,3,73,Staten Island,Arrochar/Fort Wadsworth,false,0.1987
yellow,6,dropoff,2024,4,92,Staten Island,Arrochar/Fort Wadsworth,false,0.1987
yellow,6,dropoff,2024,5,85,Staten Island,Arrochar/Fort Wadsworth,false,0.1987
yellow,6,dropoff,2024,6,88,Staten Island,Arrochar/Fort Wadsworth,false,0.1987
yellow,6,pickup,2023,2,32,Staten Island,Arrochar/Fort Wadsworth,false,0.009
yellow,6,pickup,2023,3,45,Staten Island,Arrochar/Fort Wadsworth,false,0.009
yellow,6,pickup,2023,4,59,Staten Island,Arrochar/Fort Wadsworth,false,0.009
yellow,6,pickup,2023,5,49,Staten Island,Arrochar/Fort Wadsworth,false,0.009
yellow,6,pickup,2023,6,38,Staten Island,Arrochar/Fort Wadsworth,false,0.009
yellow,6,pickup,2024,2,15,Staten Island,Arrochar/Fort Wadsworth,false,0.009
yellow,6,pickup,2024,3,21,Staten Island,Arrochar/Fort Wadsworth,false,0.009
yellow,6,pickup,2024,4,25,Staten Island,Arrochar/Fort Wadsworth,false,0.009
yellow,6,pickup,2024,5,46,Staten Island,Arrochar/Fort Wadsworth,false,0.009
yellow,6,pickup,2024,6,38,Staten Island,Arrochar/Fort Wadsworth,false,0.009
yellow,7,dropoff,2023,2,7837,Queens,Astoria,false,0.4764
yellow,7,dropoff,2023,3,9248,Queens,Astoria,false,0.4764
yellow,7,dropoff,2023,4,9078,Queens,Astoria,false,0.4764
yellow,7,dropoff,2023,5,9134,Queens,Astoria,false,0.4764
yellow,7,dropoff,2023,6,9306,Queens,Astoria,false,0.4764
yellow,7,dropoff,2024,2,6491,Queens,Astoria,false,0.4764
yellow,7,dropoff,2024,3,7213,Queens,Astoria,false,0.4764
yellow,7,dropoff,2024,4,7105,Queens,Astoria,false,0.4764
yellow,7,dropoff,2024,5,7279,Queens,Astoria,false,0.4764
yellow,7,dropoff,2024,6,6719,Queens,Astoria,false,0.4764
yellow,7,pickup,2023,2,1072,Queens,Astoria,false,0.1718
yellow,7,pickup,2023,3,1295,Queens,Astoria,false,0.1718
yellow,7,pickup,2023,4,1269,Queens,Astoria,false,0.1718
yellow,7,pickup,2023,5,1393,Queens,Astoria,false,0.1718
yellow,7,pickup,2023,6,1264,Queens,Astoria,false,0.1718
yellow,7,pickup,2024,2,937,Queens,Astoria,false,0.1718
yellow,7,pickup,2024,3,1225,Queens,Astoria,false,0.1718
yellow,7,pickup,2024,4,1158,Queens,Astoria,false,0.1718
yellow,7,pickup,2024,5,1249,Queens,Astoria,false,0.1718
yellow,7,pickup,2024,6,1171,Queens,Astoria,false,0.1718
yellow,8,dropoff,2023,2,29,Queens,Astoria Park,false,0.422
yellow,8,dropoff,2023,3,46,Queens,Astoria Park,false,0.422
yellow,8,dropoff,2023,4,73,Queens,Astoria Park,false,0.422
yellow,8,dropoff,2023,5,60,Queens,Astoria Park,false,0.422
yellow,8,dropoff,2023,6,74,Queens,Astoria Park,false,0.422
yellow,8,dropoff,2024,2,27,Queens,Astoria Park,false,0.422
yellow,8,dropoff,2024,3,34,Queens,Astoria Park,false,0.422
yellow,8,dropoff,2024,4,41,Queens,Astoria Park,false,0.422
yellow,8,dropoff,2024,5,32,Queens,Astoria Park,false,0.422
yellow,8,dropoff,2024,6,50,Queens,Astoria Park,false,0.422
yellow,8,pickup,2023,2,10,Queens,Astoria Park,false,0.1613
yellow,8,pickup,2023,3,14,Queens,Astoria Park,false,0.1613
yellow,8,pickup,2023,4,13,Queens,Astoria Park,false,0.1613
yellow,8,pickup,2023,5,13,Queens,Astoria Park,false,0.1613
yellow,8,pickup,2023,6,12,Queens,Astoria Park,false,0.1613
yellow,8,pickup,2024,2,2,Queens,Astoria Park,false,0.1613
yellow,8,pickup,2024,3,6,Queens,Astoria Park,false,0.1613
yellow,8,pickup,2024,4,12,Queens,Astoria Park,false,0.1613
yellow,8,pickup,2024,5,16,Queens,Astoria Park,false,0.1613
yellow,8,pickup,2024,6,17,Queens,Astoria Park,false,0.1613
yellow,9,dropoff,2023,2,255,Queens,Auburndale,false,0.1172
yellow,9,dropoff,2023,3,291,Queens,Auburndale,false,0.1172
yellow,9,dropoff,2023,4,303,Queens,Auburndale,false,0.1172
yellow,9,dropoff,2023,5,372,Queens,Auburndale,false,0.1172
yellow,9,dropoff,2023,6,460,Queens,Auburndale,false,0.1172
yellow,9,dropoff,2024,2,224,Queens,Auburndale,false,0.1172
yellow,9,dropoff,2024,3,271,Queens,Auburndale,false,0.1172
yellow,9,dropoff,2024,4,273,Queens,Auburndale,false,0.1172
yellow,9,dropoff,2024,5,320,Queens,Auburndale,false,0.1172
yellow,9,dropoff,2024,6,316,Queens,Auburndale,false,0.1172
yellow,9,pickup,2023,2,32,Queens,Auburndale,false,0.067
yellow,9,pickup,2023,3,47,Queens,Auburndale,false,0.067
yellow,9,pickup,2023,4,35,Queens,Auburndale,false,0.067
yellow,9,pickup,2023,5,55,Queens,Auburndale,false,0.067
yellow,9,pickup,2023,6,40,Queens,Auburndale,false,0.067
yellow,9,pickup,2024,2,48,Queens,Auburndale,false,0.067
yellow,9,pickup,2024,3,38,Queens,Auburndale,false,0.067
yellow,9,pickup,2024,4,48,Queens,Auburndale,false,0.067
yellow,9,pickup,2024,5,49,Queens,Auburndale,false,0.067
yellow,9,pickup,2024,6,39,Queens,Auburndale,false,0.067
yellow,10,dropoff,2023,2,2318,Queens,Baisley Park,false,0.0579
yellow,10,dropoff,2023,3,3178,Queens,Baisley Park,false,0.0579
yellow,10,dropoff,2023,4,2910,Queens,Baisley Park,false,0.0579
yellow,10,dropoff,2023,5,3147,Queens,Baisley Park,false,0.0579
yellow,10,dropoff,2023,6,3134,Queens,Baisley Park,false,0.0579
yellow,10,dropoff,2024,2,2036,Queens,Baisley Park,false,0.0579
yellow,10,dropoff,2024,3,2641,Queens,Baisley Park,false,0.0579
yellow,10,dropoff,2024,4,2549,Queens,Baisley Park,false,0.0579
yellow,10,dropoff,2024,5,2867,Queens,Baisley Park,false,0.0579
yellow,10,dropoff,2024,6,2819,Queens,Baisley Park,false,0.0579
yellow,10,pickup,2023,2,650,Queens,Baisley Park,false,0.4932
yellow,10,pickup,2023,3,981,Queens,Baisley Park,false,0.4932
yellow,10,pickup,2023,4,847,Queens,Baisley Park,false,0.4932
yellow,10,pickup,2023,5,924,Queens,Baisley Park,false,0.4932
yellow,10,pickup,2023,6,941,Queens,Baisley Park,false,0.4932
yellow,10,pickup,2024,2,827,Queens,Baisley Park,false,0.4932
yellow,10,pickup,2024,3,1049,Queens,Baisley Park,false,0.4932
yellow,10,pickup,2024,4,1061,Queens,Baisley Park,false,0.4932
yellow,10,pickup,2024,5,1052,Queens,Baisley Park,false,0.4932
yellow,10,pickup,2024,6,1025,Queens,Baisley Park,false,0.4932
yellow,11,dropoff,2023,2,167,Brooklyn,Bath Beach,false,0.2823
yellow,11,dropoff,2023,3,217,Brooklyn,Bath Beach,false,0.2823
yellow,11,dropoff,2023,4,201,Brooklyn,Bath Beach,false,0.2823
yellow,11,dropoff,2023,5,219,Brooklyn,Bath Beach,false,0.2823
yellow,11,dropoff,2023,6,227,Brooklyn,Bath Beach,false,0.2823
yellow,11,dropoff,2024,2,166,Brooklyn,Bath Beach,false,0.2823
yellow,11,dropoff,2024,3,205,Brooklyn,Bath Beach,false,0.2823
yellow,11,dropoff,2024,4,193,Brooklyn,Bath Beach,false,0.2823
yellow,11,dropoff,2024,5,221,Brooklyn,Bath Beach,false,0.2823
yellow,11,dropoff,2024,6,191,Brooklyn,Bath Beach,false,0.2823
yellow,11,pickup,2023,2,27,Brooklyn,Bath Beach,false,0.1495
yellow,11,pickup,2023,3,44,Brooklyn,Bath Beach,false,0.1495
yellow,11,pickup,2023,4,56,Brooklyn,Bath Beach,false,0.1495
yellow,11,pickup,2023,5,43,Brooklyn,Bath Beach,false,0.1495
yellow,11,pickup,2023,6,44,Brooklyn,Bath Beach,false,0.1495
yellow,11,pickup,2024,2,55,Brooklyn,Bath Beach,false,0.1495
yellow,11,pickup,2024,3,76,Brooklyn,Bath Beach,false,0.1495
yellow,11,pickup,2024,4,69,Brooklyn,Bath Beach,false,0.1495
yellow,11,pickup,2024,5,88,Brooklyn,Bath Beach,false,0.1495
yellow,11,pickup,2024,6,64,Brooklyn,Bath Beach,false,0.1495
yellow,12,dropoff,2023,2,1070,Manhattan,Battery Park,true,1.0
yellow,12,dropoff,2023,3,1357,Manhattan,Battery Park,true,1.0
yellow,12,dropoff,2023,4,1717,Manhattan,Battery Park,true,1.0
yellow,12,dropoff,2023,5,1629,Manhattan,Battery Park,true,1.0
yellow,12,dropoff,2023,6,1863,Manhattan,Battery Park,true,1.0
yellow,12,dropoff,2024,2,1216,Manhattan,Battery Park,true,1.0
yellow,12,dropoff,2024,3,1892,Manhattan,Battery Park,true,1.0
yellow,12,dropoff,2024,4,1724,Manhattan,Battery Park,true,1.0
yellow,12,dropoff,2024,5,1803,Manhattan,Battery Park,true,1.0
yellow,12,dropoff,2024,6,2119,Manhattan,Battery Park,true,1.0
yellow,12,pickup,2023,2,817,Manhattan,Battery Park,true,1.0
yellow,12,pickup,2023,3,1164,Manhattan,Battery Park,true,1.0
yellow,12,pickup,2023,4,1499,Manhattan,Battery Park,true,1.0
yellow,12,pickup,2023,5,1455,Manhattan,Battery Park,true,1.0
yellow,12,pickup,2023,6,1448,Manhattan,Battery Park,true,1.0
yellow,12,pickup,2024,2,766,Manhattan,Battery Park,true,1.0
yellow,12,pickup,2024,3,1063,Manhattan,Battery Park,true,1.0
yellow,12,pickup,2024,4,1171,Manhattan,Battery Park,true,1.0
yellow,12,pickup,2024,5,1264,Manhattan,Battery Park,true,1.0
yellow,12,pickup,2024,6,1426,Manhattan,Battery Park,true,1.0
yellow,13,dropoff,2023,2,19167,Manhattan,Battery Park City,true,1.0
yellow,13,dropoff,2023,3,23034,Manhattan,Battery Park City,true,1.0
yellow,13,dropoff,2023,4,23210,Manhattan,Battery Park City,true,1.0
yellow,13,dropoff,2023,5,25114,Manhattan,Battery Park City,true,1.0
yellow,13,dropoff,2023,6,23938,Manhattan,Battery Park City,true,1.0
yellow,13,dropoff,2024,2,18518,Manhattan,Battery Park City,true,1.0
yellow,13,dropoff,2024,3,21804,Manhattan,Battery Park City,true,1.0
yellow,13,dropoff,2024,4,22152,Manhattan,Battery Park City,true,1.0
yellow,13,dropoff,2024,5,22997,Manhattan,Battery Park City,true,1.0
yellow,13,dropoff,2024,6,22736,Manhattan,Battery Park City,true,1.0
yellow,13,pickup,2023,2,14258,Manhattan,Battery Park City,true,1.0
yellow,13,pickup,2023,3,17490,Manhattan,Battery Park City,true,1.0
yellow,13,pickup,2023,4,16975,Manhattan,Battery Park City,true,1.0
yellow,13,pickup,2023,5,19776,Manhattan,Battery Park City,true,1.0
yellow,13,pickup,2023,6,18891,Manhattan,Battery Park City,true,1.0
yellow,13,pickup,2024,2,15058,Manhattan,Battery Park City,true,1.0
yellow,13,pickup,2024,3,16858,Manhattan,Battery Park City,true,1.0
yellow,13,pickup,2024,4,17274,Manhattan,Battery Park City,true,1.0
yellow,13,pickup,2024,5,18633,Manhattan,Battery Park City,true,1.0
yellow,13,pickup,2024,6,18678,Manhattan,Battery Park City,true,1.0
yellow,14,dropoff,2023,2,1786,Brooklyn,Bay Ridge,false,0.4674
yellow,14,dropoff,2023,3,2080,Brooklyn,Bay Ridge,false,0.4674
yellow,14,dropoff,2023,4,1977,Brooklyn,Bay Ridge,false,0.4674
yellow,14,dropoff,2023,5,2144,Brooklyn,Bay Ridge,false,0.4674
yellow,14,dropoff,2023,6,2108,Brooklyn,Bay Ridge,false,0.4674
yellow,14,dropoff,2024,2,1589,Brooklyn,Bay Ridge,false,0.4674
yellow,14,dropoff,2024,3,1867,Brooklyn,Bay Ridge,false,0.4674
yellow,14,dropoff,2024,4,2053,Brooklyn,Bay Ridge,false,0.4674
yellow,14,dropoff,2024,5,1998,Brooklyn,Bay Ridge,false,0.4674
yellow,14,dropoff,2024,6,1862,Brooklyn,Bay Ridge,false,0.4674
yellow,14,pickup,2023,2,206,Brooklyn,Bay Ridge,false,0.1457
yellow,14,pickup,2023,3,210,Brooklyn,Bay Ridge,false,0.1457
yellow,14,pickup,2023,4,172,Brooklyn,Bay Ridge,false,0.1457
yellow,14,pickup,2023,5,204,Brooklyn,Bay Ridge,false,0.1457
yellow,14,pickup,2023,6,148,Brooklyn,Bay Ridge,false,0.1457
yellow,14,pickup,2024,2,315,Brooklyn,Bay Ridge,false,0.1457
yellow,14,pickup,2024,3,395,Brooklyn,Bay Ridge,false,0.1457
yellow,14,pickup,2024,4,369,Brooklyn,Bay Ridge,false,0.1457
yellow,14,pickup,2024,5,386,Brooklyn,Bay Ridge,false,0.1457
yellow,14,pickup,2024,6,352,Brooklyn,Bay Ridge,false,0.1457
yellow,15,dropoff,2023,2,312,Queens,Bay Terrace/Fort Totten,false,0.0908
yellow,15,dropoff,2023,3,393,Queens,Bay Terrace/Fort Totten,false,0.0908
yellow,15,dropoff,2023,4,437,Queens,Bay Terrace/Fort Totten,false,0.0908
yellow,15,dropoff,2023,5,436,Queens,Bay Terrace/Fort Totten,false,0.0908
yellow,15,dropoff,2023,6,338,Queens,Bay Terrace/Fort Totten,false,0.0908
yellow,15,dropoff,2024,2,345,Queens,Bay Terrace/Fort Totten,false,0.0908
yellow,15,dropoff,2024,3,355,Queens,Bay Terrace/Fort Totten,false,0.0908
yellow,15,dropoff,2024,4,383,Queens,Bay Terrace/Fort Totten,false,0.0908
yellow,15,dropoff,2024,5,365,Queens,Bay Terrace/Fort Totten,false,0.0908
yellow,15,dropoff,2024,6,319,Queens,Bay Terrace/Fort Totten,false,0.0908
yellow,15,pickup,2023,2,25,Queens,Bay Terrace/Fort Totten,false,0.1676
yellow,15,pickup,2023,3,37,Queens,Bay Terrace/Fort Totten,false,0.1676
yellow,15,pickup,2023,4,45,Queens,Bay Terrace/Fort Totten,false,0.1676
yellow,15,pickup,2023,5,37,Queens,Bay Terrace/Fort Totten,false,0.1676
yellow,15,pickup,2023,6,29,Queens,Bay Terrace/Fort Totten,false,0.1676
yellow,15,pickup,2024,2,43,Queens,Bay Terrace/Fort Totten,false,0.1676
yellow,15,pickup,2024,3,35,Queens,Bay Terrace/Fort Totten,false,0.1676
yellow,15,pickup,2024,4,36,Queens,Bay Terrace/Fort Totten,false,0.1676
yellow,15,pickup,2024,5,32,Queens,Bay Terrace/Fort Totten,false,0.1676
yellow,15,pickup,2024,6,14,Queens,Bay Terrace/Fort Totten,false,0.1676
yellow,16,dropoff,2023,2,447,Queens,Bayside,false,0.1272
yellow,16,dropoff,2023,3,559,Queens,Bayside,false,0.1272
yellow,16,dropoff,2023,4,579,Queens,Bayside,false,0.1272
yellow,16,dropoff,2023,5,627,Queens,Bayside,false,0.1272
yellow,16,dropoff,2023,6,587,Queens,Bayside,false,0.1272
yellow,16,dropoff,2024,2,418,Queens,Bayside,false,0.1272
yellow,16,dropoff,2024,3,462,Queens,Bayside,false,0.1272
yellow,16,dropoff,2024,4,533,Queens,Bayside,false,0.1272
yellow,16,dropoff,2024,5,549,Queens,Bayside,false,0.1272
yellow,16,dropoff,2024,6,476,Queens,Bayside,false,0.1272
yellow,16,pickup,2023,2,37,Queens,Bayside,false,0.0748
yellow,16,pickup,2023,3,46,Queens,Bayside,false,0.0748
yellow,16,pickup,2023,4,50,Queens,Bayside,false,0.0748
yellow,16,pickup,2023,5,41,Queens,Bayside,false,0.0748
yellow,16,pickup,2023,6,40,Queens,Bayside,false,0.0748
yellow,16,pickup,2024,2,27,Queens,Bayside,false,0.0748
yellow,16,pickup,2024,3,59,Queens,Bayside,false,0.0748
yellow,16,pickup,2024,4,59,Queens,Bayside,false,0.0748
yellow,16,pickup,2024,5,59,Queens,Bayside,false,0.0748
yellow,16,pickup,2024,6,38,Queens,Bayside,false,0.0748
yellow,17,dropoff,2023,2,2999,Brooklyn,Bedford,false,0.4529
yellow,17,dropoff,2023,3,3360,Brooklyn,Bedford,false,0.4529
yellow,17,dropoff,2023,4,3443,Brooklyn,Bedford,false,0.4529
yellow,17,dropoff,2023,5,3783,Brooklyn,Bedford,false,0.4529
yellow,17,dropoff,2023,6,3495,Brooklyn,Bedford,false,0.4529
yellow,17,dropoff,2024,2,2761,Brooklyn,Bedford,false,0.4529
yellow,17,dropoff,2024,3,2981,Brooklyn,Bedford,false,0.4529
yellow,17,dropoff,2024,4,2934,Brooklyn,Bedford,false,0.4529
yellow,17,dropoff,2024,5,3343,Brooklyn,Bedford,false,0.4529
yellow,17,dropoff,2024,6,3156,Brooklyn,Bedford,false,0.4529
yellow,17,pickup,2023,2,197,Brooklyn,Bedford,false,0.0966
yellow,17,pickup,2023,3,240,Brooklyn,Bedford,false,0.0966
yellow,17,pickup,2023,4,260,Brooklyn,Bedford,false,0.0966
yellow,17,pickup,2023,5,251,Brooklyn,Bedford,false,0.0966
yellow,17,pickup,2023,6,232,Brooklyn,Bedford,false,0.0966
yellow,17,pickup,2024,2,407,Brooklyn,Bedford,false,0.0966
yellow,17,pickup,2024,3,471,Brooklyn,Bedford,false,0.0966
yellow,17,pickup,2024,4,535,Brooklyn,Bedford,false,0.0966
yellow,17,pickup,2024,5,516,Brooklyn,Bedford,false,0.0966
yellow,17,pickup,2024,6,500,Brooklyn,Bedford,false,0.0966
yellow,18,dropoff,2023,2,308,Bronx,Bedford Park,false,0.2662
yellow,18,dropoff,2023,3,428,Bronx,Bedford Park,false,0.2662
yellow,18,dropoff,2023,4,380,Bronx,Bedford Park,false,0.2662
yellow,18,dropoff,2023,5,408,Bronx,Bedford Park,false,0.2662
yellow,18,dropoff,2023,6,433,Bronx,Bedford Park,false,0.2662
yellow,18,dropoff,2024,2,317,Bronx,Bedford Park,false,0.2662
yellow,18,dropoff,2024,3,349,Bronx,Bedford Park,false,0.2662
yellow,18,dropoff,2024,4,371,Bronx,Bedford Park,false,0.2662
yellow,18,dropoff,2024,5,398,Bronx,Bedford Park,false,0.2662
yellow,18,dropoff,2024,6,388,Bronx,Bedford Park,false,0.2662
yellow,18,pickup,2023,2,87,Bronx,Bedford Park,false,0.1944
yellow,18,pickup,2023,3,102,Bronx,Bedford Park,false,0.1944
yellow,18,pickup,2023,4,93,Bronx,Bedford Park,false,0.1944
yellow,18,pickup,2023,5,114,Bronx,Bedford Park,false,0.1944
yellow,18,pickup,2023,6,108,Bronx,Bedford Park,false,0.1944
yellow,18,pickup,2024,2,113,Bronx,Bedford Park,false,0.1944
yellow,18,pickup,2024,3,131,Bronx,Bedford Park,false,0.1944
yellow,18,pickup,2024,4,128,Bronx,Bedford Park,false,0.1944
yellow,18,pickup,2024,5,144,Bronx,Bedford Park,false,0.1944
yellow,18,pickup,2024,6,134,Bronx,Bedford Park,false,0.1944
yellow,19,dropoff,2023,2,273,Queens,Bellerose,false,0.0622
yellow,19,dropoff,2023,3,352,Queens,Bellerose,false,0.0622
yellow,19,dropoff,2023,4,317,Queens,Bellerose,false,0.0622
yellow,19,dropoff,2023,5,323,Queens,Bellerose,false,0.0622
yellow,19,dropoff,2023,6,294,Queens,Bellerose,false,0.0622
yellow,19,dropoff,2024,2,389,Queens,Bellerose,false,0.0622
yellow,19,dropoff,2024,3,339,Queens,Bellerose,false,0.0622
yellow,19,dropoff,2024,4,411,Queens,Bellerose,false,0.0622
yellow,19,dropoff,2024,5,435,Queens,Bellerose,false,0.0622
yellow,19,dropoff,2024,6,386,Queens,Bellerose,false,0.0622
yellow,19,pickup,2023,2,42,Queens,Bellerose,false,0.0753
yellow,19,pickup,2023,3,55,Queens,Bellerose,false,0.0753
yellow,19,pickup,2023,4,57,Queens,Bellerose,false,0.0753
yellow,19,pickup,2023,5,70,Queens,Bellerose,false,0.0753
yellow,19,pickup,2023,6,55,Queens,Bellerose,false,0.0753
yellow,19,pickup,2024,2,84,Queens,Bellerose,false,0.0753
yellow,19,pickup,2024,3,85,Queens,Bellerose,false,0.0753
yellow,19,pickup,2024,4,84,Queens,Bellerose,false,0.0753
yellow,19,pickup,2024,5,81,Queens,Bellerose,false,0.0753
yellow,19,pickup,2024,6,71,Queens,Bellerose,false,0.0753
yellow,20,dropoff,2023,2,242,Bronx,Belmont,false,0.2985
yellow,20,dropoff,2023,3,353,Bronx,Belmont,false,0.2985
yellow,20,dropoff,2023,4,327,Bronx,Belmont,false,0.2985
yellow,20,dropoff,2023,5,345,Bronx,Belmont,false,0.2985
yellow,20,dropoff,2023,6,244,Bronx,Belmont,false,0.2985
yellow,20,dropoff,2024,2,279,Bronx,Belmont,false,0.2985
yellow,20,dropoff,2024,3,315,Bronx,Belmont,false,0.2985
yellow,20,dropoff,2024,4,395,Bronx,Belmont,false,0.2985
yellow,20,dropoff,2024,5,329,Bronx,Belmont,false,0.2985
yellow,20,dropoff,2024,6,292,Bronx,Belmont,false,0.2985
yellow,20,pickup,2023,2,21,Bronx,Belmont,false,0.1561
yellow,20,pickup,2023,3,46,Bronx,Belmont,false,0.1561
yellow,20,pickup,2023,4,43,Bronx,Belmont,false,0.1561
yellow,20,pickup,2023,5,52,Bronx,Belmont,false,0.1561
yellow,20,pickup,2023,6,43,Bronx,Belmont,false,0.1561
yellow,20,pickup,2024,2,87,Bronx,Belmont,false,0.1561
yellow,20,pickup,2024,3,117,Bronx,Belmont,false,0.1561
yellow,20,pickup,2024,4,111,Bronx,Belmont,false,0.1561
yellow,20,pickup,2024,5,124,Bronx,Belmont,false,0.1561
yellow,20,pickup,2024,6,110,Bronx,Belmont,false,0.1561
yellow,21,dropoff,2023,2,277,Brooklyn,Bensonhurst East,false,0.2967
yellow,21,dropoff,2023,3,335,Brooklyn,Bensonhurst East,false,0.2967
yellow,21,dropoff,2023,4,341,Brooklyn,Bensonhurst East,false,0.2967
yellow,21,dropoff,2023,5,394,Brooklyn,Bensonhurst East,false,0.2967
yellow,21,dropoff,2023,6,338,Brooklyn,Bensonhurst East,false,0.2967
yellow,21,dropoff,2024,2,290,Brooklyn,Bensonhurst East,false,0.2967
yellow,21,dropoff,2024,3,330,Brooklyn,Bensonhurst East,false,0.2967
yellow,21,dropoff,2024,4,361,Brooklyn,Bensonhurst East,false,0.2967
yellow,21,dropoff,2024,5,369,Brooklyn,Bensonhurst East,false,0.2967
yellow,21,dropoff,2024,6,317,Brooklyn,Bensonhurst East,false,0.2967
yellow,21,pickup,2023,2,62,Brooklyn,Bensonhurst East,false,0.2193
yellow,21,pickup,2023,3,80,Brooklyn,Bensonhurst East,false,0.2193
yellow,21,pickup,2023,4,97,Brooklyn,Bensonhurst East,false,0.2193
yellow,21,pickup,2023,5,92,Brooklyn,Bensonhurst East,false,0.2193
yellow,21,pickup,2023,6,52,Brooklyn,Bensonhurst East,false,0.2193
yellow,21,pickup,2024,2,108,Brooklyn,Bensonhurst East,false,0.2193
yellow,21,pickup,2024,3,119,Brooklyn,Bensonhurst East,false,0.2193
yellow,21,pickup,2024,4,141,Brooklyn,Bensonhurst East,false,0.2193
yellow,21,pickup,2024,5,130,Brooklyn,Bensonhurst East,false,0.2193
yellow,21,pickup,2024,6,124,Brooklyn,Bensonhurst East,false,0.2193
yellow,22,dropoff,2023,2,417,Brooklyn,Bensonhurst West,false,0.3746
yellow,22,dropoff,2023,3,503,Brooklyn,Bensonhurst West,false,0.3746
yellow,22,dropoff,2023,4,456,Brooklyn,Bensonhurst West,false,0.3746
yellow,22,dropoff,2023,5,473,Brooklyn,Bensonhurst West,false,0.3746
yellow,22,dropoff,2023,6,468,Brooklyn,Bensonhurst West,false,0.3746
yellow,22,dropoff,2024,2,360,Brooklyn,Bensonhurst West,false,0.3746
yellow,22,dropoff,2024,3,442,Brooklyn,Bensonhurst West,false,0.3746
yellow,22,dropoff,2024,4,474,Brooklyn,Bensonhurst West,false,0.3746
yellow,22,dropoff,2024,5,512,Brooklyn,Bensonhurst West,false,0.3746
yellow,22,dropoff,2024,6,460,Brooklyn,Bensonhurst West,false,0.3746
yellow,22,pickup,2023,2,85,Brooklyn,Bensonhurst West,false,0.2864
yellow,22,pickup,2023,3,104,Brooklyn,Bensonhurst West,false,0.2864
yellow,22,pickup,2023,4,64,Brooklyn,Bensonhurst West,false,0.2864
yellow,22,pickup,2023,5,64,Brooklyn,Bensonhurst West,false,0.2864
yellow,22,pickup,2023,6,81,Brooklyn,Bensonhurst West,false,0.2864
yellow,22,pickup,2024,2,154,Brooklyn,Bensonhurst West,false,0.2864
yellow,22,pickup,2024,3,186,Brooklyn,Bensonhurst West,false,0.2864
yellow,22,pickup,2024,4,204,Brooklyn,Bensonhurst West,false,0.2864
yellow,22,pickup,2024,5,193,Brooklyn,Bensonhurst West,false,0.2864
yellow,22,pickup,2024,6,193,Brooklyn,Bensonhurst West,false,0.2864
yellow,23,dropoff,2023,2,133,Staten Island,Bloomfield/Emerson Hill,false,0.1819
yellow,23,dropoff,2023,3,159,Staten Island,Bloomfield/Emerson Hill,false,0.1819
yellow,23,dropoff,2023,4,150,Staten Island,Bloomfield/Emerson Hill,false,0.1819
yellow,23,dropoff,2023,5,166,Staten Island,Bloomfield/Emerson Hill,false,0.1819
yellow,23,dropoff,2023,6,211,Staten Island,Bloomfield/Emerson Hill,false,0.1819
yellow,23,dropoff,2024,2,40,Staten Island,Bloomfield/Emerson Hill,false,0.1819
yellow,23,dropoff,2024,3,56,Staten Island,Bloomfield/Emerson Hill,false,0.1819
yellow,23,dropoff,2024,4,64,Staten Island,Bloomfield/Emerson Hill,false,0.1819
yellow,23,dropoff,2024,5,77,Staten Island,Bloomfield/Emerson Hill,false,0.1819
yellow,23,dropoff,2024,6,56,Staten Island,Bloomfield/Emerson Hill,false,0.1819
yellow,23,pickup,2023,2,75,Staten Island,Bloomfield/Emerson Hill,false,0.099
yellow,23,pickup,2023,3,67,Staten Island,Bloomfield/Emerson Hill,false,0.099
yellow,23,pickup,2023,4,62,Staten Island,Bloomfield/Emerson Hill,false,0.099
yellow,23,pickup,2023,5,84,Staten Island,Bloomfield/Emerson Hill,false,0.099
yellow,23,pickup,2023,6,106,Staten Island,Bloomfield/Emerson Hill,false,0.099
yellow,23,pickup,2024,2,4,Staten Island,Bloomfield/Emerson Hill,false,0.099
yellow,23,pickup,2024,3,3,Staten Island,Bloomfield/Emerson Hill,false,0.099
yellow,23,pickup,2024,4,2,Staten Island,Bloomfield/Emerson Hill,false,0.099
yellow,23,pickup,2024,5,3,Staten Island,Bloomfield/Emerson Hill,false,0.099
yellow,23,pickup,2024,6,3,Staten Island,Bloomfield/Emerson Hill,false,0.099
yellow,24,dropoff,2023,2,9796,Manhattan,Bloomingdale,false,0.2907
yellow,24,dropoff,2023,3,11045,Manhattan,Bloomingdale,false,0.2907
yellow,24,dropoff,2023,4,10691,Manhattan,Bloomingdale,false,0.2907
yellow,24,dropoff,2023,5,11601,Manhattan,Bloomingdale,false,0.2907
yellow,24,dropoff,2023,6,10136,Manhattan,Bloomingdale,false,0.2907
yellow,24,dropoff,2024,2,8572,Manhattan,Bloomingdale,false,0.2907
yellow,24,dropoff,2024,3,10097,Manhattan,Bloomingdale,false,0.2907
yellow,24,dropoff,2024,4,9735,Manhattan,Bloomingdale,false,0.2907
yellow,24,dropoff,2024,5,10439,Manhattan,Bloomingdale,false,0.2907
yellow,24,dropoff,2024,6,9470,Manhattan,Bloomingdale,false,0.2907
yellow,24,pickup,2023,2,7179,Manhattan,Bloomingdale,false,0.188
yellow,24,pickup,2023,3,8215,Manhattan,Bloomingdale,false,0.188
yellow,24,pickup,2023,4,8074,Manhattan,Bloomingdale,false,0.188
yellow,24,pickup,2023,5,8637,Manhattan,Bloomingdale,false,0.188
yellow,24,pickup,2023,6,7716,Manhattan,Bloomingdale,false,0.188
yellow,24,pickup,2024,2,6708,Manhattan,Bloomingdale,false,0.188
yellow,24,pickup,2024,3,7196,Manhattan,Bloomingdale,false,0.188
yellow,24,pickup,2024,4,8052,Manhattan,Bloomingdale,false,0.188
yellow,24,pickup,2024,5,7851,Manhattan,Bloomingdale,false,0.188
yellow,24,pickup,2024,6,7021,Manhattan,Bloomingdale,false,0.188
yellow,25,dropoff,2023,2,4419,Brooklyn,Boerum Hill,false,0.4886
yellow,25,dropoff,2023,3,5211,Brooklyn,Boerum Hill,false,0.4886
yellow,25,dropoff,2023,4,5090,Brooklyn,Boerum Hill,false,0.4886
yellow,25,dropoff,2023,5,5637,Brooklyn,Boerum Hill,false,0.4886
yellow,25,dropoff,2023,6,5439,Brooklyn,Boerum Hill,false,0.4886
yellow,25,dropoff,2024,2,4395,Brooklyn,Boerum Hill,false,0.4886
yellow,25,dropoff,2024,3,5105,Brooklyn,Boerum Hill,false,0.4886
yellow,25,dropoff,2024,4,5071,Brooklyn,Boerum Hill,false,0.4886
yellow,25,dropoff,2024,5,5437,Brooklyn,Boerum Hill,false,0.4886
yellow,25,dropoff,2024,6,5095,Brooklyn,Boerum Hill,false,0.4886
yellow,25,pickup,2023,2,729,Brooklyn,Boerum Hill,false,0.2125
yellow,25,pickup,2023,3,972,Brooklyn,Boerum Hill,false,0.2125
yellow,25,pickup,2023,4,1080,Brooklyn,Boerum Hill,false,0.2125
yellow,25,pickup,2023,5,1229,Brooklyn,Boerum Hill,false,0.2125
yellow,25,pickup,2023,6,1059,Brooklyn,Boerum Hill,false,0.2125
yellow,25,pickup,2024,2,875,Brooklyn,Boerum Hill,false,0.2125
yellow,25,pickup,2024,3,1047,Brooklyn,Boerum Hill,false,0.2125
yellow,25,pickup,2024,4,976,Brooklyn,Boerum Hill,false,0.2125
yellow,25,pickup,2024,5,1070,Brooklyn,Boerum Hill,false,0.2125
yellow,25,pickup,2024,6,1114,Brooklyn,Boerum Hill,false,0.2125
yellow,26,dropoff,2023,2,873,Brooklyn,Borough Park,false,0.2455
yellow,26,dropoff,2023,3,868,Brooklyn,Borough Park,false,0.2455
yellow,26,dropoff,2023,4,718,Brooklyn,Borough Park,false,0.2455
yellow,26,dropoff,2023,5,870,Brooklyn,Borough Park,false,0.2455
yellow,26,dropoff,2023,6,830,Brooklyn,Borough Park,false,0.2455
yellow,26,dropoff,2024,2,847,Brooklyn,Borough Park,false,0.2455
yellow,26,dropoff,2024,3,893,Brooklyn,Borough Park,false,0.2455
yellow,26,dropoff,2024,4,741,Brooklyn,Borough Park,false,0.2455
yellow,26,dropoff,2024,5,958,Brooklyn,Borough Park,false,0.2455
yellow,26,dropoff,2024,6,815,Brooklyn,Borough Park,false,0.2455
yellow,26,pickup,2023,2,72,Brooklyn,Borough Park,false,0.1642
yellow,26,pickup,2023,3,106,Brooklyn,Borough Park,false,0.1642
yellow,26,pickup,2023,4,71,Brooklyn,Borough Park,false,0.1642
yellow,26,pickup,2023,5,81,Brooklyn,Borough Park,false,0.1642
yellow,26,pickup,2023,6,78,Brooklyn,Borough Park,false,0.1642
yellow,26,pickup,2024,2,172,Brooklyn,Borough Park,false,0.1642
yellow,26,pickup,2024,3,226,Brooklyn,Borough Park,false,0.1642
yellow,26,pickup,2024,4,216,Brooklyn,Borough Park,false,0.1642
yellow,26,pickup,2024,5,260,Brooklyn,Borough Park,false,0.1642
yellow,26,pickup,2024,6,247,Brooklyn,Borough Park,false,0.1642
yellow,27,dropoff,2023,2,45,Queens,Breezy Point/Fort Tilden/Riis Beach,false,0.107
yellow,27,dropoff,2023,3,58,Queens,Breezy Point/Fort Tilden/Riis Beach,false,0.107
yellow,27,dropoff,2023,4,45,Queens,Breezy Point/Fort Tilden/Riis Beach,false,0.107
yellow,27,dropoff,2023,5,52,Queens,Breezy Point/Fort Tilden/Riis Beach,false,0.107
yellow,27,dropoff,2023,6,71,Queens,Breezy Point/Fort Tilden/Riis Beach,false,0.107
yellow,27,dropoff,2024,2,40,Queens,Breezy Point/Fort Tilden/Riis Beach,false,0.107
yellow,27,dropoff,2024,3,61,Queens,Breezy Point/Fort Tilden/Riis Beach,false,0.107
yellow,27,dropoff,2024,4,72,Queens,Breezy Point/Fort Tilden/Riis Beach,false,0.107
yellow,27,dropoff,2024,5,66,Queens,Breezy Point/Fort Tilden/Riis Beach,false,0.107
yellow,27,dropoff,2024,6,65,Queens,Breezy Point/Fort Tilden/Riis Beach,false,0.107
yellow,27,pickup,2023,3,3,Queens,Breezy Point/Fort Tilden/Riis Beach,false,0.3333
yellow,27,pickup,2023,4,1,Queens,Breezy Point/Fort Tilden/Riis Beach,false,0.3333
yellow,27,pickup,2023,5,2,Queens,Breezy Point/Fort Tilden/Riis Beach,false,0.3333
yellow,27,pickup,2024,2,1,Queens,Breezy Point/Fort Tilden/Riis Beach,false,0.3333
yellow,27,pickup,2024,3,2,Queens,Breezy Point/Fort Tilden/Riis Beach,false,0.3333
yellow,27,pickup,2024,4,4,Queens,Breezy Point/Fort Tilden/Riis Beach,false,0.3333
yellow,27,pickup,2024,5,3,Queens,Breezy Point/Fort Tilden/Riis Beach,false,0.3333
yellow,27,pickup,2024,6,8,Queens,Breezy Point/Fort Tilden/Riis Beach,false,0.3333
yellow,28,dropoff,2023,2,1025,Queens,Briarwood/Jamaica Hills,false,0.1235
yellow,28,dropoff,2023,3,1148,Queens,Briarwood/Jamaica Hills,false,0.1235
yellow,28,dropoff,2023,4,1138,Queens,Briarwood/Jamaica Hills,false,0.1235
yellow,28,dropoff,2023,5,1106,Queens,Briarwood/Jamaica Hills,false,0.1235
yellow,28,dropoff,2023,6,1114,Queens,Briarwood/Jamaica Hills,false,0.1235
yellow,28,dropoff,2024,2,849,Queens,Briarwood/Jamaica Hills,false,0.1235
yellow,28,dropoff,2024,3,950,Queens,Briarwood/Jamaica Hills,false,0.1235
yellow,28,dropoff,2024,4,979,Queens,Briarwood/Jamaica Hills,false,0.1235
yellow,28,dropoff,2024,5,965,Queens,Briarwood/Jamaica Hills,false,0.1235
yellow,28,dropoff,2024,6,884,Queens,Briarwood/Jamaica Hills,false,0.1235
yellow,28,pickup,2023,2,245,Queens,Briarwood/Jamaica Hills,false,0.2618
yellow,28,pickup,2023,3,281,Queens,Briarwood/Jamaica Hills,false,0.2618
yellow,28,pickup,2023,4,234,Queens,Briarwood/Jamaica Hills,false,0.2618
yellow,28,pickup,2023,5,243,Queens,Briarwood/Jamaica Hills,false,0.2618
yellow,28,pickup,2023,6,204,Queens,Briarwood/Jamaica Hills,false,0.2618
yellow,28,pickup,2024,2,262,Queens,Briarwood/Jamaica Hills,false,0.2618
yellow,28,pickup,2024,3,310,Queens,Briarwood/Jamaica Hills,false,0.2618
yellow,28,pickup,2024,4,272,Queens,Briarwood/Jamaica Hills,false,0.2618
yellow,28,pickup,2024,5,304,Queens,Briarwood/Jamaica Hills,false,0.2618
yellow,28,pickup,2024,6,247,Queens,Briarwood/Jamaica Hills,false,0.2618
yellow,29,dropoff,2023,2,308,Brooklyn,Brighton Beach,false,0.2412
yellow,29,dropoff,2023,3,376,Brooklyn,Brighton Beach,false,0.2412
yellow,29,dropoff,2023,4,421,Brooklyn,Brighton Beach,false,0.2412
yellow,29,dropoff,2023,5,453,Brooklyn,Brighton Beach,false,0.2412
yellow,29,dropoff,2023,6,424,Brooklyn,Brighton Beach,false,0.2412
yellow,29,dropoff,2024,2,359,Brooklyn,Brighton Beach,false,0.2412
yellow,29,dropoff,2024,3,420,Brooklyn,Brighton Beach,false,0.2412
yellow,29,dropoff,2024,4,465,Brooklyn,Brighton Beach,false,0.2412
yellow,29,dropoff,2024,5,461,Brooklyn,Brighton Beach,false,0.2412
yellow,29,dropoff,2024,6,439,Brooklyn,Brighton Beach,false,0.2412
yellow,29,pickup,2023,2,73,Brooklyn,Brighton Beach,false,0.4034
yellow,29,pickup,2023,3,85,Brooklyn,Brighton Beach,false,0.4034
yellow,29,pickup,2023,4,83,Brooklyn,Brighton Beach,false,0.4034
yellow,29,pickup,2023,5,93,Brooklyn,Brighton Beach,false,0.4034
yellow,29,pickup,2023,6,75,Brooklyn,Brighton Beach,false,0.4034
yellow,29,pickup,2024,2,171,Brooklyn,Brighton Beach,false,0.4034
yellow,29,pickup,2024,3,223,Brooklyn,Brighton Beach,false,0.4034
yellow,29,pickup,2024,4,219,Brooklyn,Brighton Beach,false,0.4034
yellow,29,pickup,2024,5,215,Brooklyn,Brighton Beach,false,0.4034
yellow,29,pickup,2024,6,186,Brooklyn,Brighton Beach,false,0.4034
yellow,30,dropoff,2023,2,24,Queens,Broad Channel,false,0.1259
yellow,30,dropoff,2023,3,35,Queens,Broad Channel,false,0.1259
yellow,30,dropoff,2023,4,30,Queens,Broad Channel,false,0.1259
yellow,30,dropoff,2023,5,29,Queens,Broad Channel,false,0.1259
yellow,30,dropoff,2023,6,25,Queens,Broad Channel,false,0.1259
yellow,30,dropoff,2024,2,24,Queens,Broad Channel,false,0.1259
yellow,30,dropoff,2024,3,39,Queens,Broad Channel,false,0.1259
yellow,30,dropoff,2024,4,38,Queens,Broad Channel,false,0.1259
yellow,30,dropoff,2024,5,23,Queens,Broad Channel,false,0.1259
yellow,30,dropoff,2024,6,24,Queens,Broad Channel,false,0.1259
yellow,30,pickup,2023,2,1,Queens,Broad Channel,false,0.2222
yellow,30,pickup,2023,3,2,Queens,Broad Channel,false,0.2222
yellow,30,pickup,2023,4,4,Queens,Broad Channel,false,0.2222
yellow,30,pickup,2023,5,2,Queens,Broad Channel,false,0.2222
yellow,30,pickup,2024,2,1,Queens,Broad Channel,false,0.2222
yellow,30,pickup,2024,3,3,Queens,Broad Channel,false,0.2222
yellow,30,pickup,2024,4,4,Queens,Broad Channel,false,0.2222
yellow,30,pickup,2024,5,3,Queens,Broad Channel,false,0.2222
yellow,30,pickup,2024,6,3,Queens,Broad Channel,false,0.2222
yellow,31,dropoff,2023,2,124,Bronx,Bronx Park,false,0.4826
yellow,31,dropoff,2023,3,172,Bronx,Bronx Park,false,0.4826
yellow,31,dropoff,2023,4,266,Bronx,Bronx Park,false,0.4826
yellow,31,dropoff,2023,5,206,Bronx,Bronx Park,false,0.4826
yellow,31,dropoff,2023,6,181,Bronx,Bronx Park,false,0.4826
yellow,31,dropoff,2024,2,71,Bronx,Bronx Park,false,0.4826
yellow,31,dropoff,2024,3,174,Bronx,Bronx Park,false,0.4826
yellow,31,dropoff,2024,4,186,Bronx,Bronx Park,false,0.4826
yellow,31,dropoff,2024,5,158,Bronx,Bronx Park,false,0.4826
yellow,31,dropoff,2024,6,191,Bronx,Bronx Park,false,0.4826
yellow,31,pickup,2023,2,12,Bronx,Bronx Park,false,0.1515
yellow,31,pickup,2023,3,16,Bronx,Bronx Park,false,0.1515
yellow,31,pickup,2023,4,13,Bronx,Bronx Park,false,0.1515
yellow,31,pickup,2023,5,18,Bronx,Bronx Park,false,0.1515
yellow,31,pickup,2023,6,7,Bronx,Bronx Park,false,0.1515
yellow,31,pickup,2024,2,10,Bronx,Bronx Park,false,0.1515
yellow,31,pickup,2024,3,15,Bronx,Bronx Park,false,0.1515
yellow,31,pickup,2024,4,22,Bronx,Bronx Park,false,0.1515
yellow,31,pickup,2024,5,10,Bronx,Bronx Park,false,0.1515
yellow,31,pickup,2024,6,10,Bronx,Bronx Park,false,0.1515
yellow,32,dropoff,2023,2,232,Bronx,Bronxdale,false,0.202
yellow,32,dropoff,2023,3,252,Bronx,Bronxdale,false,0.202
yellow,32,dropoff,2023,4,259,Bronx,Bronxdale,false,0.202
yellow,32,dropoff,2023,5,238,Bronx,Bronxdale,false,0.202
yellow,32,dropoff,2023,6,227,Bronx,Bronxdale,false,0.202
yellow,32,dropoff,2024,2,224,Bronx,Bronxdale,false,0.202
yellow,32,dropoff,2024,3,251,Bronx,Bronxdale,false,0.202
yellow,32,dropoff,2024,4,253,Bronx,Bronxdale,false,0.202
yellow,32,dropoff,2024,5,246,Bronx,Bronxdale,false,0.202
yellow,32,dropoff,2024,6,212,Bronx,Bronxdale,false,0.202
yellow,32,pickup,2023,2,69,Bronx,Bronxdale,false,0.1452
yellow,32,pickup,2023,3,110,Bronx,Bronxdale,false,0.1452
yellow,32,pickup,2023,4,124,Bronx,Bronxdale,false,0.1452
yellow,32,pickup,2023,5,106,Bronx,Bronxdale,false,0.1452
yellow,32,pickup,2023,6,80,Bronx,Bronxdale,false,0.1452
yellow,32,pickup,2024,2,112,Bronx,Bronxdale,false,0.1452
yellow,32,pickup,2024,3,114,Bronx,Bronxdale,false,0.1452
yellow,32,pickup,2024,4,153,Bronx,Bronxdale,false,0.1452
yellow,32,pickup,2024,5,111,Bronx,Bronxdale,false,0.1452
yellow,32,pickup,2024,6,96,Bronx,Bronxdale,false,0.1452
yellow,33,dropoff,2023,2,6941,Brooklyn,Brooklyn Heights,false,0.6089
yellow,33,dropoff,2023,3,8292,Brooklyn,Brooklyn Heights,false,0.6089
yellow,33,dropoff,2023,4,7793,Brooklyn,Brooklyn Heights,false,0.6089
yellow,33,dropoff,2023,5,8757,Brooklyn,Brooklyn Heights,false,0.6089
yellow,33,dropoff,2023,6,8148,Brooklyn,Brooklyn Heights,false,0.6089
yellow,33,dropoff,2024,2,7188,Brooklyn,Brooklyn Heights,false,0.6089
yellow,33,dropoff,2024,3,8104,Brooklyn,Brooklyn Heights,false,0.6089
yellow,33,dropoff,2024,4,7978,Brooklyn,Brooklyn Heights,false,0.6089
yellow,33,dropoff,2024,5,8477,Brooklyn,Brooklyn Heights,false,0.6089
yellow,33,dropoff,2024,6,7798,Brooklyn,Brooklyn Heights,false,0.6089
yellow,33,pickup,2023,2,878,Brooklyn,Brooklyn Heights,false,0.4378
yellow,33,pickup,2023,3,1177,Brooklyn,Brooklyn Heights,false,0.4378
yellow,33,pickup,2023,4,1193,Brooklyn,Brooklyn Heights,false,0.4378
yellow,33,pickup,2023,5,1514,Brooklyn,Brooklyn Heights,false,0.4378
yellow,33,pickup,2023,6,1229,Brooklyn,Brooklyn Heights,false,0.4378
yellow,33,pickup,2024,2,882,Brooklyn,Brooklyn Heights,false,0.4378
yellow,33,pickup,2024,3,1098,Brooklyn,Brooklyn Heights,false,0.4378
yellow,33,pickup,2024,4,1155,Brooklyn,Brooklyn Heights,false,0.4378
yellow,33,pickup,2024,5,1290,Brooklyn,Brooklyn Heights,false,0.4378
yellow,33,pickup,2024,6,1258,Brooklyn,Brooklyn Heights,false,0.4378
yellow,34,dropoff,2023,2,328,Brooklyn,Brooklyn Navy Yard,false,0.6717
yellow,34,dropoff,2023,3,340,Brooklyn,Brooklyn Navy Yard,false,0.6717
yellow,34,dropoff,2023,4,333,Brooklyn,Brooklyn Navy Yard,false,0.6717
yellow,34,dropoff,2023,5,396,Brooklyn,Brooklyn Navy Yard,false,0.6717
yellow,34,dropoff,2023,6,336,Brooklyn,Brooklyn Navy Yard,false,0.6717
yellow,34,dropoff,2024,2,314,Brooklyn,Brooklyn Navy Yard,false,0.6717
yellow,34,dropoff,2024,3,353,Brooklyn,Brooklyn Navy Yard,false,0.6717
yellow,34,dropoff,2024,4,317,Brooklyn,Brooklyn Navy Yard,false,0.6717
yellow,34,dropoff,2024,5,389,Brooklyn,Brooklyn Navy Yard,false,0.6717
yellow,34,dropoff,2024,6,395,Brooklyn,Brooklyn Navy Yard,false,0.6717
yellow,34,pickup,2023,2,31,Brooklyn,Brooklyn Navy Yard,false,0.3846
yellow,34,pickup,2023,3,43,Brooklyn,Brooklyn Navy Yard,false,0.3846
yellow,34,pickup,2023,4,28,Brooklyn,Brooklyn Navy Yard,false,0.3846
yellow,34,pickup,2023,5,54,Brooklyn,Brooklyn Navy Yard,false,0.3846
yellow,34,pickup,2023,6,39,Brooklyn,Brooklyn Navy Yard,false,0.3846
yellow,34,pickup,2024,2,32,Brooklyn,Brooklyn Navy Yard,false,0.3846
yellow,34,pickup,2024,3,36,Brooklyn,Brooklyn Navy Yard,false,0.3846
yellow,34,pickup,2024,4,36,Brooklyn,Brooklyn Navy Yard,false,0.3846
yellow,34,pickup,2024,5,60,Brooklyn,Brooklyn Navy Yard,false,0.3846
yellow,34,pickup,2024,6,77,Brooklyn,Brooklyn Navy Yard,false,0.3846
yellow,35,dropoff,2023,2,447,Brooklyn,Brownsville,false,0.1456
yellow,35,dropoff,2023,3,564,Brooklyn,Brownsville,false,0.1456
yellow,35,dropoff,2023,4,564,Brooklyn,Brownsville,false,0.1456
yellow,35,dropoff,2023,5,592,Brooklyn,Brownsville,false,0.1456
yellow,35,dropoff,2023,6,553,Brooklyn,Brownsville,false,0.1456
yellow,35,dropoff,2024,2,724,Brooklyn,Brownsville,false,0.1456
yellow,35,dropoff,2024,3,855,Brooklyn,Brownsville,false,0.1456
yellow,35,dropoff,2024,4,880,Brooklyn,Brownsville,false,0.1456
yellow,35,dropoff,2024,5,962,Brooklyn,Brownsville,false,0.1456
yellow,35,dropoff,2024,6,934,Brooklyn,Brownsville,false,0.1456
yellow,35,pickup,2023,2,190,Brooklyn,Brownsville,false,0.1023
yellow,35,pickup,2023,3,246,Brooklyn,Brownsville,false,0.1023
yellow,35,pickup,2023,4,230,Brooklyn,Brownsville,false,0.1023
yellow,35,pickup,2023,5,233,Brooklyn,Brownsville,false,0.1023
yellow,35,pickup,2023,6,176,Brooklyn,Brownsville,false,0.1023
yellow,35,pickup,2024,2,511,Brooklyn,Brownsville,false,0.1023
yellow,35,pickup,2024,3,660,Brooklyn,Brownsville,false,0.1023
yellow,35,pickup,2024,4,706,Brooklyn,Brownsville,false,0.1023
yellow,35,pickup,2024,5,721,Brooklyn,Brownsville,false,0.1023
yellow,35,pickup,2024,6,700,Brooklyn,Brownsville,false,0.1023
yellow,36,dropoff,2023,2,1822,Brooklyn,Bushwick North,false,0.4269
yellow,36,dropoff,2023,3,2006,Brooklyn,Bushwick North,false,0.4269
yellow,36,dropoff,2023,4,1958,Brooklyn,Bushwick North,false,0.4269
yellow,36,dropoff,2023,5,2213,Brooklyn,Bushwick North,false,0.4269
yellow,36,dropoff,2023,6,2078,Brooklyn,Bushwick North,false,0.4269
yellow,36,dropoff,2024,2,1360,Brooklyn,Bushwick North,false,0.4269
yellow,36,dropoff,2024,3,1697,Brooklyn,Bushwick North,false,0.4269
yellow,36,dropoff,2024,4,1671,Brooklyn,Bushwick North,false,0.4269
yellow,36,dropoff,2024,5,1776,Brooklyn,Bushwick North,false,0.4269
yellow,36,dropoff,2024,6,1929,Brooklyn,Bushwick North,false,0.4269
yellow,36,pickup,2023,2,76,Brooklyn,Bushwick North,false,0.1837
yellow,36,pickup,2023,3,90,Brooklyn,Bushwick North,false,0.1837
yellow,36,pickup,2023,4,107,Brooklyn,Bushwick North,false,0.1837
yellow,36,pickup,2023,5,120,Brooklyn,Bushwick North,false,0.1837
yellow,36,pickup,2023,6,173,Brooklyn,Bushwick North,false,0.1837
yellow,36,pickup,2024,2,108,Brooklyn,Bushwick North,false,0.1837
yellow,36,pickup,2024,3,132,Brooklyn,Bushwick North,false,0.1837
yellow,36,pickup,2024,4,158,Brooklyn,Bushwick North,false,0.1837
yellow,36,pickup,2024,5,189,Brooklyn,Bushwick North,false,0.1837
yellow,36,pickup,2024,6,208,Brooklyn,Bushwick North,false,0.1837
yellow,37,dropoff,2023,2,2837,Brooklyn,Bushwick South,false,0.4435
yellow,37,dropoff,2023,3,3186,Brooklyn,Bushwick South,false,0.4435
yellow,37,dropoff,2023,4,3046,Brooklyn,Bushwick South,false,0.4435
yellow,37,dropoff,2023,5,3385,Brooklyn,Bushwick South,false,0.4435
yellow,37,dropoff,2023,6,3293,Brooklyn,Bushwick South,false,0.4435
yellow,37,dropoff,2024,2,2420,Brooklyn,Bushwick South,false,0.4435
yellow,37,dropoff,2024,3,2794,Brooklyn,Bushwick South,false,0.4435
yellow,37,dropoff,2024,4,2743,Brooklyn,Bushwick South,false,0.4435
yellow,37,dropoff,2024,5,2958,Brooklyn,Bushwick South,false,0.4435
yellow,37,dropoff,2024,6,2967,Brooklyn,Bushwick South,false,0.4435
yellow,37,pickup,2023,2,143,Brooklyn,Bushwick South,false,0.1766
yellow,37,pickup,2023,3,157,Brooklyn,Bushwick South,false,0.1766
yellow,37,pickup,2023,4,182,Brooklyn,Bushwick South,false,0.1766
yellow,37,pickup,2023,5,156,Brooklyn,Bushwick South,false,0.1766
yellow,37,pickup,2023,6,166,Brooklyn,Bushwick South,false,0.1766
yellow,37,pickup,2024,2,289,Brooklyn,Bushwick South,false,0.1766
yellow,37,pickup,2024,3,367,Brooklyn,Bushwick South,false,0.1766
yellow,37,pickup,2024,4,384,Brooklyn,Bushwick South,false,0.1766
yellow,37,pickup,2024,5,376,Brooklyn,Bushwick South,false,0.1766
yellow,37,pickup,2024,6,398,Brooklyn,Bushwick South,false,0.1766
yellow,38,dropoff,2023,2,670,Queens,Cambria Heights,false,0.0501
yellow,38,dropoff,2023,3,555,Queens,Cambria Heights,false,0.0501
yellow,38,dropoff,2023,4,493,Queens,Cambria Heights,false,0.0501
yellow,38,dropoff,2023,5,533,Queens,Cambria Heights,false,0.0501
yellow,38,dropoff,2023,6,702,Queens,Cambria Heights,false,0.0501
yellow,38,dropoff,2024,2,551,Queens,Cambria Heights,false,0.0501
yellow,38,dropoff,2024,3,521,Queens,Cambria Heights,false,0.0501
yellow,38,dropoff,2024,4,588,Queens,Cambria Heights,false,0.0501
yellow,38,dropoff,2024,5,611,Queens,Cambria Heights,false,0.0501
yellow,38,dropoff,2024,6,585,Queens,Cambria Heights,false,0.0501
yellow,38,pickup,2023,2,108,Queens,Cambria Heights,false,0.1934
yellow,38,pickup,2023,3,114,Queens,Cambria Heights,false,0.1934
yellow,38,pickup,2023,4,93,Queens,Cambria Heights,false,0.1934
yellow,38,pickup,2023,5,101,Queens,Cambria Heights,false,0.1934
yellow,38,pickup,2023,6,101,Queens,Cambria Heights,false,0.1934
yellow,38,pickup,2024,2,134,Queens,Cambria Heights,false,0.1934
yellow,38,pickup,2024,3,155,Queens,Cambria Heights,false,0.1934
yellow,38,pickup,2024,4,130,Queens,Cambria Heights,false,0.1934
yellow,38,pickup,2024,5,147,Queens,Cambria Heights,false,0.1934
yellow,38,pickup,2024,6,137,Queens,Cambria Heights,false,0.1934
yellow,39,dropoff,2023,2,869,Brooklyn,Canarsie,false,0.0846
yellow,39,dropoff,2023,3,1015,Brooklyn,Canarsie,false,0.0846
yellow,39,dropoff,2023,4,1006,Brooklyn,Canarsie,false,0.0846
yellow,39,dropoff,2023,5,1164,Brooklyn,Canarsie,false,0.0846
yellow,39,dropoff,2023,6,1098,Brooklyn,Canarsie,false,0.0846
yellow,39,dropoff,2024,2,1102,Brooklyn,Canarsie,false,0.0846
yellow,39,dropoff,2024,3,1307,Brooklyn,Canarsie,false,0.0846
yellow,39,dropoff,2024,4,1438,Brooklyn,Canarsie,false,0.0846
yellow,39,dropoff,2024,5,1546,Brooklyn,Canarsie,false,0.0846
yellow,39,dropoff,2024,6,1479,Brooklyn,Canarsie,false,0.0846
yellow,39,pickup,2023,2,304,Brooklyn,Canarsie,false,0.1686
yellow,39,pickup,2023,3,351,Brooklyn,Canarsie,false,0.1686
yellow,39,pickup,2023,4,272,Brooklyn,Canarsie,false,0.1686
yellow,39,pickup,2023,5,262,Brooklyn,Canarsie,false,0.1686
yellow,39,pickup,2023,6,246,Brooklyn,Canarsie,false,0.1686
yellow,39,pickup,2024,2,499,Brooklyn,Canarsie,false,0.1686
yellow,39,pickup,2024,3,689,Brooklyn,Canarsie,false,0.1686
yellow,39,pickup,2024,4,836,Brooklyn,Canarsie,false,0.1686
yellow,39,pickup,2024,5,847,Brooklyn,Canarsie,false,0.1686
yellow,39,pickup,2024,6,782,Brooklyn,Canarsie,false,0.1686
yellow,40,dropoff,2023,2,2316,Brooklyn,Carroll Gardens,false,0.5773
yellow,40,dropoff,2023,3,2844,Brooklyn,Carroll Gardens,false,0.5773
yellow,40,dropoff,2023,4,2704,Brooklyn,Carroll Gardens,false,0.5773
yellow,40,dropoff,2023,5,2851,Brooklyn,Carroll Gardens,false,0.5773
yellow,40,dropoff,2023,6,2889,Brooklyn,Carroll Gardens,false,0.5773
yellow,40,dropoff,2024,2,2592,Brooklyn,Carroll Gardens,false,0.5773
yellow,40,dropoff,2024,3,2800,Brooklyn,Carroll Gardens,false,0.5773
yellow,40,dropoff,2024,4,2655,Brooklyn,Carroll Gardens,false,0.5773
yellow,40,dropoff,2024,5,2683,Brooklyn,Carroll Gardens,false,0.5773
yellow,40,dropoff,2024,6,2697,Brooklyn,Carroll Gardens,false,0.5773
yellow,40,pickup,2023,2,257,Brooklyn,Carroll Gardens,false,0.392
yellow,40,pickup,2023,3,335,Brooklyn,Carroll Gardens,false,0.392
yellow,40,pickup,2023,4,297,Brooklyn,Carroll Gardens,false,0.392
yellow,40,pickup,2023,5,315,Brooklyn,Carroll Gardens,false,0.392
yellow,40,pickup,2023,6,291,Brooklyn,Carroll Gardens,false,0.392
yellow,40,pickup,2024,2,250,Brooklyn,Carroll Gardens,false,0.392
yellow,40,pickup,2024,3,284,Brooklyn,Carroll Gardens,false,0.392
yellow,40,pickup,2024,4,297,Brooklyn,Carroll Gardens,false,0.392
yellow,40,pickup,2024,5,330,Brooklyn,Carroll Gardens,false,0.392
yellow,40,pickup,2024,6,298,Brooklyn,Carroll Gardens,false,0.392
yellow,41,dropoff,2023,2,16406,Manhattan,Central Harlem,false,0.307
yellow,41,dropoff,2023,3,19589,Manhattan,Central Harlem,false,0.307
yellow,41,dropoff,2023,4,18496,Manhattan,Central Harlem,false,0.307
yellow,41,dropoff,2023,5,19704,Manhattan,Central Harlem,false,0.307
yellow,41,dropoff,2023,6,18202,Manhattan,Central Harlem,false,0.307
yellow,41,dropoff,2024,2,15364,Manhattan,Central Harlem,false,0.307
yellow,41,dropoff,2024,3,17066,Manhattan,Central Harlem,false,0.307
yellow,41,dropoff,2024,4,16566,Manhattan,Central Harlem,false,0.307
yellow,41,dropoff,2024,5,17906,Manhattan,Central Harlem,false,0.307
yellow,41,dropoff,2024,6,16946,Manhattan,Central Harlem,false,0.307
yellow,41,pickup,2023,2,6059,Manhattan,Central Harlem,false,0.14
yellow,41,pickup,2023,3,7287,Manhattan,Central Harlem,false,0.14
yellow,41,pickup,2023,4,6937,Manhattan,Central Harlem,false,0.14
yellow,41,pickup,2023,5,7447,Manhattan,Central Harlem,false,0.14
yellow,41,pickup,2023,6,6767,Manhattan,Central Harlem,false,0.14
yellow,41,pickup,2024,2,5650,Manhattan,Central Harlem,false,0.14
yellow,41,pickup,2024,3,6434,Manhattan,Central Harlem,false,0.14
yellow,41,pickup,2024,4,6423,Manhattan,Central Harlem,false,0.14
yellow,41,pickup,2024,5,7148,Manhattan,Central Harlem,false,0.14
yellow,41,pickup,2024,6,6371,Manhattan,Central Harlem,false,0.14
yellow,42,dropoff,2023,2,10392,Manhattan,Central Harlem North,false,0.34
yellow,42,dropoff,2023,3,11946,Manhattan,Central Harlem North,false,0.34
yellow,42,dropoff,2023,4,11598,Manhattan,Central Harlem North,false,0.34
yellow,42,dropoff,2023,5,11735,Manhattan,Central Harlem North,false,0.34
yellow,42,dropoff,2023,6,11085,Manhattan,Central Harlem North,false,0.34
yellow,42,dropoff,2024,2,9419,Manhattan,Central Harlem North,false,0.34
yellow,42,dropoff,2024,3,10965,Manhattan,Central Harlem North,false,0.34
yellow,42,dropoff,2024,4,10625,Manhattan,Central Harlem North,false,0.34
yellow,42,dropoff,2024,5,10709,Manhattan,Central Harlem North,false,0.34
yellow,42,dropoff,2024,6,10218,Manhattan,Central Harlem North,false,0.34
yellow,42,pickup,2023,2,2027,Manhattan,Central Harlem North,false,0.1063
yellow,42,pickup,2023,3,2537,Manhattan,Central Harlem North,false,0.1063
yellow,42,pickup,2023,4,2277,Manhattan,Central Harlem North,false,0.1063
yellow,42,pickup,2023,5,2325,Manhattan,Central Harlem North,false,0.1063
yellow,42,pickup,2023,6,2102,Manhattan,Central Harlem North,false,0.1063
yellow,42,pickup,2024,2,2208,Manhattan,Central Harlem North,false,0.1063
yellow,42,pickup,2024,3,2736,Manhattan,Central Harlem North,false,0.1063
yellow,42,pickup,2024,4,2687,Manhattan,Central Harlem North,false,0.1063
yellow,42,pickup,2024,5,2798,Manhattan,Central Harlem North,false,0.1063
yellow,42,pickup,2024,6,2690,Manhattan,Central Harlem North,false,0.1063
yellow,43,dropoff,2023,2,32111,Manhattan,Central Park,false,0.4505
yellow,43,dropoff,2023,3,36884,Manhattan,Central Park,false,0.4505
yellow,43,dropoff,2023,4,39793,Manhattan,Central Park,false,0.4505
yellow,43,dropoff,2023,5,43179,Manhattan,Central Park,false,0.4505
yellow,43,dropoff,2023,6,38981,Manhattan,Central Park,false,0.4505
yellow,43,dropoff,2024,2,31373,Manhattan,Central Park,false,0.4505
yellow,43,dropoff,2024,3,34902,Manhattan,Central Park,false,0.4505
yellow,43,dropoff,2024,4,37291,Manhattan,Central Park,false,0.4505
yellow,43,dropoff,2024,5,39392,Manhattan,Central Park,false,0.4505
yellow,43,dropoff,2024,6,35536,Manhattan,Central Park,false,0.4505
yellow,43,pickup,2023,2,44154,Manhattan,Central Park,false,0.4616
yellow,43,pickup,2023,3,49503,Manhattan,Central Park,false,0.4616
yellow,43,pickup,2023,4,54036,Manhattan,Central Park,false,0.4616
yellow,43,pickup,2023,5,58023,Manhattan,Central Park,false,0.4616
yellow,43,pickup,2023,6,52390,Manhattan,Central Park,false,0.4616
yellow,43,pickup,2024,2,43824,Manhattan,Central Park,false,0.4616
yellow,43,pickup,2024,3,49384,Manhattan,Central Park,false,0.4616
yellow,43,pickup,2024,4,51892,Manhattan,Central Park,false,0.4616
yellow,43,pickup,2024,5,54460,Manhattan,Central Park,false,0.4616
yellow,43,pickup,2024,6,51718,Manhattan,Central Park,false,0.4616
yellow,44,dropoff,2023,2,42,Staten Island,Charleston/Tottenville,false,0.284
yellow,44,dropoff,2023,3,58,Staten Island,Charleston/Tottenville,false,0.284
yellow,44,dropoff,2023,4,69,Staten Island,Charleston/Tottenville,false,0.284
yellow,44,dropoff,2023,5,35,Staten Island,Charleston/Tottenville,false,0.284
yellow,44,dropoff,2023,6,53,Staten Island,Charleston/Tottenville,false,0.284
yellow,44,dropoff,2024,2,8,Staten Island,Charleston/Tottenville,false,0.284
yellow,44,dropoff,2024,3,10,Staten Island,Charleston/Tottenville,false,0.284
yellow,44,dropoff,2024,4,13,Staten Island,Charleston/Tottenville,false,0.284
yellow,44,dropoff,2024,5,17,Staten Island,Charleston/Tottenville,false,0.284
yellow,44,dropoff,2024,6,17,Staten Island,Charleston/Tottenville,false,0.284
yellow,44,pickup,2023,2,35,Staten Island,Charleston/Tottenville,false,0.099
yellow,44,pickup,2023,3,42,Staten Island,Charleston/Tottenville,false,0.099
yellow,44,pickup,2023,4,57,Staten Island,Charleston/Tottenville,false,0.099
yellow,44,pickup,2023,5,29,Staten Island,Charleston/Tottenville,false,0.099
yellow,44,pickup,2023,6,39,Staten Island,Charleston/Tottenville,false,0.099
yellow,44,pickup,2024,5,2,Staten Island,Charleston/Tottenville,false,0.099
yellow,45,dropoff,2023,2,6871,Manhattan,Chinatown,true,1.0
yellow,45,dropoff,2023,3,8168,Manhattan,Chinatown,true,1.0
yellow,45,dropoff,2023,4,8315,Manhattan,Chinatown,true,1.0
yellow,45,dropoff,2023,5,8645,Manhattan,Chinatown,true,1.0
yellow,45,dropoff,2023,6,8186,Manhattan,Chinatown,true,1.0
yellow,45,dropoff,2024,2,7019,Manhattan,Chinatown,true,1.0
yellow,45,dropoff,2024,3,8048,Manhattan,Chinatown,true,1.0
yellow,45,dropoff,2024,4,7635,Manhattan,Chinatown,true,1.0
yellow,45,dropoff,2024,5,8232,Manhattan,Chinatown,true,1.0
yellow,45,dropoff,2024,6,7983,Manhattan,Chinatown,true,1.0
yellow,45,pickup,2023,2,3401,Manhattan,Chinatown,true,1.0
yellow,45,pickup,2023,3,3729,Manhattan,Chinatown,true,1.0
yellow,45,pickup,2023,4,4017,Manhattan,Chinatown,true,1.0
yellow,45,pickup,2023,5,4337,Manhattan,Chinatown,true,1.0
yellow,45,pickup,2023,6,4113,Manhattan,Chinatown,true,1.0
yellow,45,pickup,2024,2,3579,Manhattan,Chinatown,true,1.0
yellow,45,pickup,2024,3,3817,Manhattan,Chinatown,true,1.0
yellow,45,pickup,2024,4,3804,Manhattan,Chinatown,true,1.0
yellow,45,pickup,2024,5,4155,Manhattan,Chinatown,true,1.0
yellow,45,pickup,2024,6,4161,Manhattan,Chinatown,true,1.0
yellow,46,dropoff,2023,2,60,Bronx,City Island,false,0.1573
yellow,46,dropoff,2023,3,82,Bronx,City Island,false,0.1573
yellow,46,dropoff,2023,4,66,Bronx,City Island,false,0.1573
yellow,46,dropoff,2023,5,74,Bronx,City Island,false,0.1573
yellow,46,dropoff,2023,6,93,Bronx,City Island,false,0.1573
yellow,46,dropoff,2024,2,66,Bronx,City Island,false,0.1573
yellow,46,dropoff,2024,3,66,Bronx,City Island,false,0.1573
yellow,46,dropoff,2024,4,96,Bronx,City Island,false,0.1573
yellow,46,dropoff,2024,5,86,Bronx,City Island,false,0.1573
yellow,46,dropoff,2024,6,95,Bronx,City Island,false,0.1573
yellow,46,pickup,2023,2,4,Bronx,City Island,false,0.1429
yellow,46,pickup,2023,3,10,Bronx,City Island,false,0.1429
yellow,46,pickup,2023,4,9,Bronx,City Island,false,0.1429
yellow,46,pickup,2023,5,13,Bronx,City Island,false,0.1429
yellow,46,pickup,2023,6,6,Bronx,City Island,false,0.1429
yellow,46,pickup,2024,2,12,Bronx,City Island,false,0.1429
yellow,46,pickup,2024,3,9,Bronx,City Island,false,0.1429
yellow,46,pickup,2024,4,11,Bronx,City Island,false,0.1429
yellow,46,pickup,2024,5,20,Bronx,City Island,false,0.1429
yellow,46,pickup,2024,6,24,Bronx,City Island,false,0.1429
yellow,47,dropoff,2023,2,240,Bronx,Claremont/Bathgate,false,0.2298
yellow,47,dropoff,2023,3,308,Bronx,Claremont/Bathgate,false,0.2298
yellow,47,dropoff,2023,4,298,Bronx,Claremont/Bathgate,false,0.2298
yellow,47,dropoff,2023,5,268,Bronx,Claremont/Bathgate,false,0.2298
yellow,47,dropoff,2023,6,257,Bronx,Claremont/Bathgate,false,0.2298
yellow,47,dropoff,2024,2,263,Bronx,Claremont/Bathgate,false,0.2298
yellow,47,dropoff,2024,3,280,Bronx,Claremont/Bathgate,false,0.2298
yellow,47,dropoff,2024,4,347,Bronx,Claremont/Bathgate,false,0.2298
yellow,47,dropoff,2024,5,344,Bronx,Claremont/Bathgate,false,0.2298
yellow,47,dropoff,2024,6,264,Bronx,Claremont/Bathgate,false,0.2298
yellow,47,pickup,2023,2,71,Bronx,Claremont/Bathgate,false,0.0971
yellow,47,pickup,2023,3,97,Bronx,Claremont/Bathgate,false,0.0971
yellow,47,pickup,2023,4,92,Bronx,Claremont/Bathgate,false,0.0971
yellow,47,pickup,2023,5,110,Bronx,Claremont/Bathgate,false,0.0971
yellow,47,pickup,2023,6,83,Bronx,Claremont/Bathgate,false,0.0971
yellow,47,pickup,2024,2,133,Bronx,Claremont/Bathgate,false,0.0971
yellow,47,pickup,2024,3,170,Bronx,Claremont/Bathgate,false,0.0971
yellow,47,pickup,2024,4,162,Bronx,Claremont/Bathgate,false,0.0971
yellow,47,pickup,2024,5,166,Bronx,Claremont/Bathgate,false,0.0971
yellow,47,pickup,2024,6,144,Bronx,Claremont/Bathgate,false,0.0971
yellow,48,dropoff,2023,2,69430,Manhattan,Clinton East,true,1.0
yellow,48,dropoff,2023,3,81999,Manhattan,Clinton East,true,1.0
yellow,48,dropoff,2023,4,77569,Manhattan,Clinton East,true,1.0
yellow,48,dropoff,2023,5,77491,Manhattan,Clinton East,true,1.0
yellow,48,dropoff,2023,6,76989,Manhattan,Clinton East,true,1.0
yellow,48,dropoff,2024,2,65124,Manhattan,Clinton East,true,1.0
yellow,48,dropoff,2024,3,75429,Manhattan,Clinton East,true,1.0
yellow,48,dropoff,2024,4,71209,Manhattan,Clinton East,true,1.0
yellow,48,dropoff,2024,5,74048,Manhattan,Clinton East,true,1.0
yellow,48,dropoff,2024,6,74028,Manhattan,Clinton East,true,1.0
yellow,48,pickup,2023,2,75379,Manhattan,Clinton East,true,1.0
yellow,48,pickup,2023,3,89356,Manhattan,Clinton East,true,1.0
yellow,48,pickup,2023,4,84690,Manhattan,Clinton East,true,1.0
yellow,48,pickup,2023,5,85557,Manhattan,Clinton East,true,1.0
yellow,48,pickup,2023,6,84356,Manhattan,Clinton East,true,1.0
yellow,48,pickup,2024,2,70208,Manhattan,Clinton East,true,1.0
yellow,48,pickup,2024,3,81008,Manhattan,Clinton East,true,1.0
yellow,48,pickup,2024,4,77053,Manhattan,Clinton East,true,1.0
yellow,48,pickup,2024,5,79953,Manhattan,Clinton East,true,1.0
yellow,48,pickup,2024,6,78633,Manhattan,Clinton East,true,1.0
yellow,49,dropoff,2023,2,3867,Brooklyn,Clinton Hill,false,0.489
yellow,49,dropoff,2023,3,4433,Brooklyn,Clinton Hill,false,0.489
yellow,49,dropoff,2023,4,4428,Brooklyn,Clinton Hill,false,0.489
yellow,49,dropoff,2023,5,4801,Brooklyn,Clinton Hill,false,0.489
yellow,49,dropoff,2023,6,4461,Brooklyn,Clinton Hill,false,0.489
yellow,49,dropoff,2024,2,3497,Brooklyn,Clinton Hill,false,0.489
yellow,49,dropoff,2024,3,4189,Brooklyn,Clinton Hill,false,0.489
yellow,49,dropoff,2024,4,4032,Brooklyn,Clinton Hill,false,0.489
yellow,49,dropoff,2024,5,4242,Brooklyn,Clinton Hill,false,0.489
yellow,49,dropoff,2024,6,3957,Brooklyn,Clinton Hill,false,0.489
yellow,49,pickup,2023,2,234,Brooklyn,Clinton Hill,false,0.1366
yellow,49,pickup,2023,3,324,Brooklyn,Clinton Hill,false,0.1366
yellow,49,pickup,2023,4,334,Brooklyn,Clinton Hill,false,0.1366
yellow,49,pickup,2023,5,326,Brooklyn,Clinton Hill,false,0.1366
yellow,49,pickup,2023,6,268,Brooklyn,Clinton Hill,false,0.1366
yellow,49,pickup,2024,2,380,Brooklyn,Clinton Hill,false,0.1366
yellow,49,pickup,2024,3,393,Brooklyn,Clinton Hill,false,0.1366
yellow,49,pickup,2024,4,483,Brooklyn,Clinton Hill,false,0.1366
yellow,49,pickup,2024,5,484,Brooklyn,Clinton Hill,false,0.1366
yellow,49,pickup,2024,6,447,Brooklyn,Clinton Hill,false,0.1366
yellow,50,dropoff,2023,2,30134,Manhattan,Clinton West,true,1.0
yellow,50,dropoff,2023,3,34717,Manhattan,Clinton West,true,1.0
yellow,50,dropoff,2023,4,35206,Manhattan,Clinton West,true,1.0
yellow,50,dropoff,2023,5,36173,Manhattan,Clinton West,true,1.0
yellow,50,dropoff,2023,6,34535,Manhattan,Clinton West,true,1.0
yellow,50,dropoff,2024,2,28266,Manhattan,Clinton West,true,1.0
yellow,50,dropoff,2024,3,31133,Manhattan,Clinton West,true,1.0
yellow,50,dropoff,2024,4,31989,Manhattan,Clinton West,true,1.0
yellow,50,dropoff,2024,5,33159,Manhattan,Clinton West,true,1.0
yellow,50,dropoff,2024,6,32049,Manhattan,Clinton West,true,1.0
yellow,50,pickup,2023,2,16433,Manhattan,Clinton West,true,1.0
yellow,50,pickup,2023,3,18936,Manhattan,Clinton West,true,1.0
yellow,50,pickup,2023,4,20019,Manhattan,Clinton West,true,1.0
yellow,50,pickup,2023,5,21182,Manhattan,Clinton West,true,1.0
yellow,50,pickup,2023,6,20287,Manhattan,Clinton West,true,1.0
yellow,50,pickup,2024,2,14577,Manhattan,Clinton West,true,1.0
yellow,50,pickup,2024,3,16739,Manhattan,Clinton West,true,1.0
yellow,50,pickup,2024,4,16815,Manhattan,Clinton West,true,1.0
yellow,50,pickup,2024,5,18104,Manhattan,Clinton West,true,1.0
yellow,50,pickup,2024,6,18038,Manhattan,Clinton West,true,1.0
yellow,51,dropoff,2023,2,430,Bronx,Co-Op City,false,0.1759
yellow,51,dropoff,2023,3,530,Bronx,Co-Op City,false,0.1759
yellow,51,dropoff,2023,4,472,Bronx,Co-Op City,false,0.1759
yellow,51,dropoff,2023,5,590,Bronx,Co-Op City,false,0.1759
yellow,51,dropoff,2023,6,519,Bronx,Co-Op City,false,0.1759
yellow,51,dropoff,2024,2,516,Bronx,Co-Op City,false,0.1759
yellow,51,dropoff,2024,3,533,Bronx,Co-Op City,false,0.1759
yellow,51,dropoff,2024,4,565,Bronx,Co-Op City,false,0.1759
yellow,51,dropoff,2024,5,578,Bronx,Co-Op City,false,0.1759
yellow,51,dropoff,2024,6,548,Bronx,Co-Op City,false,0.1759
yellow,51,pickup,2023,2,188,Bronx,Co-Op City,false,0.2559
yellow,51,pickup,2023,3,297,Bronx,Co-Op City,false,0.2559
yellow,51,pickup,2023,4,283,Bronx,Co-Op City,false,0.2559
yellow,51,pickup,2023,5,338,Bronx,Co-Op City,false,0.2559
yellow,51,pickup,2023,6,289,Bronx,Co-Op City,false,0.2559
yellow,51,pickup,2024,2,345,Bronx,Co-Op City,false,0.2559
yellow,51,pickup,2024,3,392,Bronx,Co-Op City,false,0.2559
yellow,51,pickup,2024,4,424,Bronx,Co-Op City,false,0.2559
yellow,51,pickup,2024,5,434,Bronx,Co-Op City,false,0.2559
yellow,51,pickup,2024,6,307,Bronx,Co-Op City,false,0.2559
yellow,52,dropoff,2023,2,1816,Brooklyn,Cobble Hill,false,0.5845
yellow,52,dropoff,2023,3,2215,Brooklyn,Cobble Hill,false,0.5845
yellow,52,dropoff,2023,4,2062,Brooklyn,Cobble Hill,false,0.5845
yellow,52,dropoff,2023,5,2194,Brooklyn,Cobble Hill,false,0.5845
yellow,52,dropoff,2023,6,1987,Brooklyn,Cobble Hill,false,0.5845
yellow,52,dropoff,2024,2,1917,Brooklyn,Cobble Hill,false,0.5845
yellow,52,dropoff,2024,3,2085,Brooklyn,Cobble Hill,false,0.5845
yellow,52,dropoff,2024,4,1956,Brooklyn,Cobble Hill,false,0.5845
yellow,52,dropoff,2024,5,2023,Brooklyn,Cobble Hill,false,0.5845
yellow,52,dropoff,2024,6,2038,Brooklyn,Cobble Hill,false,0.5845
yellow,52,pickup,2023,2,474,Brooklyn,Cobble Hill,false,0.3855
yellow,52,pickup,2023,3,505,Brooklyn,Cobble Hill,false,0.3855
yellow,52,pickup,2023,4,529,Brooklyn,Cobble Hill,false,0.3855
yellow,52,pickup,2023,5,611,Brooklyn,Cobble Hill,false,0.3855
yellow,52,pickup,2023,6,553,Brooklyn,Cobble Hill,false,0.3855
yellow,52,pickup,2024,2,438,Brooklyn,Cobble Hill,false,0.3855
yellow,52,pickup,2024,3,479,Brooklyn,Cobble Hill,false,0.3855
yellow,52,pickup,2024,4,495,Brooklyn,Cobble Hill,false,0.3855
yellow,52,pickup,2024,5,515,Brooklyn,Cobble Hill,false,0.3855
yellow,52,pickup,2024,6,440,Brooklyn,Cobble Hill,false,0.3855
yellow,53,dropoff,2023,2,302,Queens,College Point,false,0.0861
yellow,53,dropoff,2023,3,377,Queens,College Point,false,0.0861
yellow,53,dropoff,2023,4,401,Queens,College Point,false,0.0861
yellow,53,dropoff,2023,5,410,Queens,College Point,false,0.0861
yellow,53,dropoff,2023,6,404,Queens,College Point,false,0.0861
yellow,53,dropoff,2024,2,288,Queens,College Point,false,0.0861
yellow,53,dropoff,2024,3,336,Queens,College Point,false,0.0861
yellow,53,dropoff,2024,4,335,Queens,College Point,false,0.0861
yellow,53,dropoff,2024,5,443,Queens,College Point,false,0.0861
yellow,53,dropoff,2024,6,481,Queens,College Point,false,0.0861
yellow,53,pickup,2023,2,45,Queens,College Point,false,0.2119
yellow,53,pickup,2023,3,56,Queens,College Point,false,0.2119
yellow,53,pickup,2023,4,43,Queens,College Point,false,0.2119
yellow,53,pickup,2023,5,48,Queens,College Point,false,0.2119
yellow,53,pickup,2023,6,44,Queens,College Point,false,0.2119
yellow,53,pickup,2024,2,44,Queens,College Point,false,0.2119
yellow,53,pickup,2024,3,29,Queens,College Point,false,0.2119
yellow,53,pickup,2024,4,40,Queens,College Point,false,0.2119
yellow,53,pickup,2024,5,50,Queens,College Point,false,0.2119
yellow,53,pickup,2024,6,48,Queens,College Point,false,0.2119
yellow,54,dropoff,2023,2,602,Brooklyn,Columbia Street,false,0.588
yellow,54,dropoff,2023,3,679,Brooklyn,Columbia Street,false,0.588
yellow,54,dropoff,2023,4,754,Brooklyn,Columbia Street,false,0.588
yellow,54,dropoff,2023,5,725,Brooklyn,Columbia Street,false,0.588
yellow,54,dropoff,2023,6,767,Brooklyn,Columbia Street,false,0.588
yellow,54,dropoff,2024,2,678,Brooklyn,Columbia Street,false,0.588
yellow,54,dropoff,2024,3,674,Brooklyn,Columbia Street,false,0.588
yellow,54,dropoff,2024,4,697,Brooklyn,Columbia Street,false,0.588
yellow,54,dropoff,2024,5,659,Brooklyn,Columbia Street,false,0.588
yellow,54,dropoff,2024,6,658,Brooklyn,Columbia Street,false,0.588
yellow,54,pickup,2023,2,23,Brooklyn,Columbia Street,false,0.2603
yellow,54,pickup,2023,3,18,Brooklyn,Columbia Street,false,0.2603
yellow,54,pickup,2023,4,34,Brooklyn,Columbia Street,false,0.2603
yellow,54,pickup,2023,5,38,Brooklyn,Columbia Street,false,0.2603
yellow,54,pickup,2023,6,33,Brooklyn,Columbia Street,false,0.2603
yellow,54,pickup,2024,2,31,Brooklyn,Columbia Street,false,0.2603
yellow,54,pickup,2024,3,35,Brooklyn,Columbia Street,false,0.2603
yellow,54,pickup,2024,4,45,Brooklyn,Columbia Street,false,0.2603
yellow,54,pickup,2024,5,51,Brooklyn,Columbia Street,false,0.2603
yellow,54,pickup,2024,6,44,Brooklyn,Columbia Street,false,0.2603
yellow,55,dropoff,2023,2,378,Brooklyn,Coney Island,false,0.2611
yellow,55,dropoff,2023,3,446,Brooklyn,Coney Island,false,0.2611
yellow,55,dropoff,2023,4,509,Brooklyn,Coney Island,false,0.2611
yellow,55,dropoff,2023,5,541,Brooklyn,Coney Island,false,0.2611
yellow,55,dropoff,2023,6,535,Brooklyn,Coney Island,false,0.2611
yellow,55,dropoff,2024,2,395,Brooklyn,Coney Island,false,0.2611
yellow,55,dropoff,2024,3,542,Brooklyn,Coney Island,false,0.2611
yellow,55,dropoff,2024,4,585,Brooklyn,Coney Island,false,0.2611
yellow,55,dropoff,2024,5,713,Brooklyn,Coney Island,false,0.2611
yellow,55,dropoff,2024,6,740,Brooklyn,Coney Island,false,0.2611
yellow,55,pickup,2023,2,157,Brooklyn,Coney Island,false,0.2506
yellow,55,pickup,2023,3,162,Brooklyn,Coney Island,false,0.2506
yellow,55,pickup,2023,4,142,Brooklyn,Coney Island,false,0.2506
yellow,55,pickup,2023,5,212,Brooklyn,Coney Island,false,0.2506
yellow,55,pickup,2023,6,153,Brooklyn,Coney Island,false,0.2506
yellow,55,pickup,2024,2,255,Brooklyn,Coney Island,false,0.2506
yellow,55,pickup,2024,3,367,Brooklyn,Coney Island,false,0.2506
yellow,55,pickup,2024,4,382,Brooklyn,Coney Island,false,0.2506
yellow,55,pickup,2024,5,444,Brooklyn,Coney Island,false,0.2506
yellow,55,pickup,2024,6,441,Brooklyn,Coney Island,false,0.2506
yellow,56,dropoff,2023,2,698,Queens,Corona,false,0.2329
yellow,56,dropoff,2023,3,835,Queens,Corona,false,0.2329
yellow,56,dropoff,2023,4,774,Queens,Corona,false,0.2329
yellow,56,dropoff,2023,5,815,Queens,Corona,false,0.2329
yellow,56,dropoff,2023,6,849,Queens,Corona,false,0.2329
yellow,56,dropoff,2024,2,654,Queens,Corona,false,0.2329
yellow,56,dropoff,2024,3,733,Queens,Corona,false,0.2329
yellow,56,dropoff,2024,4,753,Queens,Corona,false,0.2329
yellow,56,dropoff,2024,5,770,Queens,Corona,false,0.2329
yellow,56,dropoff,2024,6,715,Queens,Corona,false,0.2329
yellow,56,pickup,2023,2,165,Queens,Corona,false,0.3264
yellow,56,pickup,2023,3,217,Queens,Corona,false,0.3264
yellow,56,pickup,2023,4,185,Queens,Corona,false,0.3264
yellow,56,pickup,2023,5,155,Queens,Corona,false,0.3264
yellow,56,pickup,2023,6,148,Queens,Corona,false,0.3264
yellow,56,pickup,2024,2,233,Queens,Corona,false,0.3264
yellow,56,pickup,2024,3,216,Queens,Corona,false,0.3264
yellow,56,pickup,2024,4,237,Queens,Corona,false,0.3264
yellow,56,pickup,2024,5,213,Queens,Corona,false,0.3264
yellow,56,pickup,2024,6,237,Queens,Corona,false,0.3264
yellow,57,dropoff,2023,2,30,Queens,Corona,false,0.2137
yellow,57,dropoff,2023,3,59,Queens,Corona,false,0.2137
yellow,57,dropoff,2023,4,50,Queens,Corona,false,0.2137
yellow,57,dropoff,2023,5,74,Queens,Corona,false,0.2137
yellow,57,dropoff,2023,6,49,Queens,Corona,false,0.2137
yellow,57,dropoff,2024,2,37,Queens,Corona,false,0.2137
yellow,57,dropoff,2024,3,46,Queens,Corona,false,0.2137
yellow,57,dropoff,2024,4,62,Queens,Corona,false,0.2137
yellow,57,dropoff,2024,5,37,Queens,Corona,false,0.2137
yellow,57,dropoff,2024,6,59,Queens,Corona,false,0.2137
yellow,57,pickup,2023,2,5,Queens,Corona,false,0.125
yellow,57,pickup,2023,3,5,Queens,Corona,false,0.125
yellow,57,pickup,2023,4,4,Queens,Corona,false,0.125
yellow,57,pickup,2023,5,8,Queens,Corona,false,0.125
yellow,57,pickup,2023,6,10,Queens,Corona,false,0.125
yellow,57,pickup,2024,2,2,Queens,Corona,false,0.125
yellow,57,pickup,2024,3,8,Queens,Corona,false,0.125
yellow,57,pickup,2024,4,8,Queens,Corona,false,0.125
yellow,57,pickup,2024,5,9,Queens,Corona,false,0.125
yellow,57,pickup,2024,6,8,Queens,Corona,false,0.125
yellow,58,dropoff,2023,2,67,Bronx,Country Club,false,0.2375
yellow,58,dropoff,2023,3,95,Bronx,Country Club,false,0.2375
yellow,58,dropoff,2023,4,86,Bronx,Country Club,false,0.2375
yellow,58,dropoff,2023,5,88,Bronx,Country Club,false,0.2375
yellow,58,dropoff,2023,6,85,Bronx,Country Club,false,0.2375
yellow,58,dropoff,2024,2,69,Bronx,Country Club,false,0.2375
yellow,58,dropoff,2024,3,82,Bronx,Country Club,false,0.2375
yellow,58,dropoff,2024,4,89,Bronx,Country Club,false,0.2375
yellow,58,dropoff,2024,5,71,Bronx,Country Club,false,0.2375
yellow,58,dropoff,2024,6,72,Bronx,Country Club,false,0.2375
yellow,58,pickup,2023,2,3,Bronx,Country Club,false,0.1538
yellow,58,pickup,2023,3,3,Bronx,Country Club,false,0.1538
yellow,58,pickup,2023,4,1,Bronx,Country Club,false,0.1538
yellow,58,pickup,2023,5,3,Bronx,Country Club,false,0.1538
yellow,58,pickup,2023,6,3,Bronx,Country Club,false,0.1538
yellow,58,pickup,2024,2,3,Bronx,Country Club,false,0.1538
yellow,58,pickup,2024,3,4,Bronx,Country Club,false,0.1538
yellow,58,pickup,2024,4,3,Bronx,Country Club,false,0.1538
yellow,58,pickup,2024,5,2,Bronx,Country Club,false,0.1538
yellow,58,pickup,2024,6,3,Bronx,Country Club,false,0.1538
yellow,59,dropoff,2023,2,15,Bronx,Crotona Park,false,0.1333
yellow,59,dropoff,2023,3,12,Bronx,Crotona Park,false,0.1333
yellow,59,dropoff,2023,4,15,Bronx,Crotona Park,false,0.1333
yellow,59,dropoff,2023,5,15,Bronx,Crotona Park,false,0.1333
yellow,59,dropoff,2023,6,33,Bronx,Crotona Park,false,0.1333
yellow,59,dropoff,2024,2,7,Bronx,Crotona Park,false,0.1333
yellow,59,dropoff,2024,3,20,Bronx,Crotona Park,false,0.1333
yellow,59,dropoff,2024,4,18,Bronx,Crotona Park,false,0.1333
yellow,59,dropoff,2024,5,13,Bronx,Crotona Park,false,0.1333
yellow,59,dropoff,2024,6,28,Bronx,Crotona Park,false,0.1333
yellow,59,pickup,2023,3,3,Bronx,Crotona Park,false,0.0645
yellow,59,pickup,2023,4,2,Bronx,Crotona Park,false,0.0645
yellow,59,pickup,2023,5,6,Bronx,Crotona Park,false,0.0645
yellow,59,pickup,2023,6,20,Bronx,Crotona Park,false,0.0645
yellow,59,pickup,2024,2,1,Bronx,Crotona Park,false,0.0645
yellow,59,pickup,2024,3,5,Bronx,Crotona Park,false,0.0645
yellow,59,pickup,2024,4,5,Bronx,Crotona Park,false,0.0645
yellow,59,pickup,2024,5,4,Bronx,Crotona Park,false,0.0645
yellow,59,pickup,2024,6,4,Bronx,Crotona Park,false,0.0645
yellow,60,dropoff,2023,2,164,Bronx,Crotona Park East,false,0.1841
yellow,60,dropoff,2023,3,181,Bronx,Crotona Park East,false,0.1841
yellow,60,dropoff,2023,4,203,Bronx,Crotona Park East,false,0.1841
yellow,60,dropoff,2023,5,226,Bronx,Crotona Park East,false,0.1841
yellow,60,dropoff,2023,6,182,Bronx,Crotona Park East,false,0.1841
yellow,60,dropoff,2024,2,174,Bronx,Crotona Park East,false,0.1841
yellow,60,dropoff,2024,3,200,Bronx,Crotona Park East,false,0.1841
yellow,60,dropoff,2024,4,255,Bronx,Crotona Park East,false,0.1841
yellow,60,dropoff,2024,5,202,Bronx,Crotona Park East,false,0.1841
yellow,60,dropoff,2024,6,214,Bronx,Crotona Park East,false,0.1841
yellow,60,pickup,2023,2,42,Bronx,Crotona Park East,false,0.1587
yellow,60,pickup,2023,3,58,Bronx,Crotona Park East,false,0.1587
yellow,60,pickup,2023,4,53,Bronx,Crotona Park East,false,0.1587
yellow,60,pickup,2023,5,50,Bronx,Crotona Park East,false,0.1587
yellow,60,pickup,2023,6,49,Bronx,Crotona Park East,false,0.1587
yellow,60,pickup,2024,2,85,Bronx,Crotona Park East,false,0.1587
yellow,60,pickup,2024,3,114,Bronx,Crotona Park East,false,0.1587
yellow,60,pickup,2024,4,114,Bronx,Crotona Park East,false,0.1587
yellow,60,pickup,2024,5,134,Bronx,Crotona Park East,false,0.1587
yellow,60,pickup,2024,6,105,Bronx,Crotona Park East,false,0.1587
yellow,61,dropoff,2023,2,4051,Brooklyn,Crown Heights North,false,0.348
yellow,61,dropoff,2023,3,4600,Brooklyn,Crown Heights North,false,0.348
yellow,61,dropoff,2023,4,4532,Brooklyn,Crown Heights North,false,0.348
yellow,61,dropoff,2023,5,4771,Brooklyn,Crown Heights North,false,0.348
yellow,61,dropoff,2023,6,4639,Brooklyn,Crown Heights North,false,0.348
yellow,61,dropoff,2024,2,3606,Brooklyn,Crown Heights North,false,0.348
yellow,61,dropoff,2024,3,4183,Brooklyn,Crown Heights North,false,0.348
yellow,61,dropoff,2024,4,4193,Brooklyn,Crown Heights North,false,0.348
yellow,61,dropoff,2024,5,4344,Brooklyn,Crown Heights North,false,0.348
yellow,61,dropoff,2024,6,4418,Brooklyn,Crown Heights North,false,0.348
yellow,61,pickup,2023,2,319,Brooklyn,Crown Heights North,false,0.0848
yellow,61,pickup,2023,3,405,Brooklyn,Crown Heights North,false,0.0848
yellow,61,pickup,2023,4,480,Brooklyn,Crown Heights North,false,0.0848
yellow,61,pickup,2023,5,444,Brooklyn,Crown Heights North,false,0.0848
yellow,61,pickup,2023,6,380,Brooklyn,Crown Heights North,false,0.0848
yellow,61,pickup,2024,2,822,Brooklyn,Crown Heights North,false,0.0848
yellow,61,pickup,2024,3,1053,Brooklyn,Crown Heights North,false,0.0848
yellow,61,pickup,2024,4,1149,Brooklyn,Crown Heights North,false,0.0848
yellow,61,pickup,2024,5,1219,Brooklyn,Crown Heights North,false,0.0848
yellow,61,pickup,2024,6,1185,Brooklyn,Crown Heights North,false,0.0848
yellow,62,dropoff,2023,2,1277,Brooklyn,Crown Heights South,false,0.3124
yellow,62,dropoff,2023,3,1365,Brooklyn,Crown Heights South,false,0.3124
yellow,62,dropoff,2023,4,1359,Brooklyn,Crown Heights South,false,0.3124
yellow,62,dropoff,2023,5,1469,Brooklyn,Crown Heights South,false,0.3124
yellow,62,dropoff,2023,6,1509,Brooklyn,Crown Heights South,false,0.3124
yellow,62,dropoff,2024,2,1083,Brooklyn,Crown Heights South,false,0.3124
yellow,62,dropoff,2024,3,1294,Brooklyn,Crown Heights South,false,0.3124
yellow,62,dropoff,2024,4,1316,Brooklyn,Crown Heights South,false,0.3124
yellow,62,dropoff,2024,5,1495,Brooklyn,Crown Heights South,false,0.3124
yellow,62,dropoff,2024,6,1361,Brooklyn,Crown Heights South,false,0.3124
yellow,62,pickup,2023,2,108,Brooklyn,Crown Heights South,false,0.1082
yellow,62,pickup,2023,3,139,Brooklyn,Crown Heights South,false,0.1082
yellow,62,pickup,2023,4,126,Brooklyn,Crown Heights South,false,0.1082
yellow,62,pickup,2023,5,118,Brooklyn,Crown Heights South,false,0.1082
yellow,62,pickup,2023,6,128,Brooklyn,Crown Heights South,false,0.1082
yellow,62,pickup,2024,2,288,Brooklyn,Crown Heights South,false,0.1082
yellow,62,pickup,2024,3,392,Brooklyn,Crown Heights South,false,0.1082
yellow,62,pickup,2024,4,424,Brooklyn,Crown Heights South,false,0.1082
yellow,62,pickup,2024,5,512,Brooklyn,Crown Heights South,false,0.1082
yellow,62,pickup,2024,6,415,Brooklyn,Crown Heights South,false,0.1082
yellow,63,dropoff,2023,2,425,Brooklyn,Cypress Hills,false,0.1081
yellow,63,dropoff,2023,3,489,Brooklyn,Cypress Hills,false,0.1081
yellow,63,dropoff,2023,4,472,Brooklyn,Cypress Hills,false,0.1081
yellow,63,dropoff,2023,5,508,Brooklyn,Cypress Hills,false,0.1081
yellow,63,dropoff,2023,6,474,Brooklyn,Cypress Hills,false,0.1081
yellow,63,dropoff,2024,2,452,Brooklyn,Cypress Hills,false,0.1081
yellow,63,dropoff,2024,3,529,Brooklyn,Cypress Hills,false,0.1081
yellow,63,dropoff,2024,4,549,Brooklyn,Cypress Hills,false,0.1081
yellow,63,dropoff,2024,5,599,Brooklyn,Cypress Hills,false,0.1081
yellow,63,dropoff,2024,6,566,Brooklyn,Cypress Hills,false,0.1081
yellow,63,pickup,2023,2,73,Brooklyn,Cypress Hills,false,0.119
yellow,63,pickup,2023,3,78,Brooklyn,Cypress Hills,false,0.119
yellow,63,pickup,2023,4,62,Brooklyn,Cypress Hills,false,0.119
yellow,63,pickup,2023,5,71,Brooklyn,Cypress Hills,false,0.119
yellow,63,pickup,2023,6,52,Brooklyn,Cypress Hills,false,0.119
yellow,63,pickup,2024,2,117,Brooklyn,Cypress Hills,false,0.119
yellow,63,pickup,2024,3,159,Brooklyn,Cypress Hills,false,0.119
yellow,63,pickup,2024,4,156,Brooklyn,Cypress Hills,false,0.119
yellow,63,pickup,2024,5,176,Brooklyn,Cypress Hills,false,0.119
yellow,63,pickup,2024,6,224,Brooklyn,Cypress Hills,false,0.119
yellow,64,dropoff,2023,2,351,Queens,Douglaston,false,0.0928
yellow,64,dropoff,2023,3,398,Queens,Douglaston,false,0.0928
yellow,64,dropoff,2023,4,415,Queens,Douglaston,false,0.0928
yellow,64,dropoff,2023,5,358,Queens,Douglaston,false,0.0928
yellow,64,dropoff,2023,6,364,Queens,Douglaston,false,0.0928
yellow,64,dropoff,2024,2,354,Queens,Douglaston,false,0.0928
yellow,64,dropoff,2024,3,379,Queens,Douglaston,false,0.0928
yellow,64,dropoff,2024,4,405,Queens,Douglaston,false,0.0928
yellow,64,dropoff,2024,5,371,Queens,Douglaston,false,0.0928
yellow,64,dropoff,2024,6,331,Queens,Douglaston,false,0.0928
yellow,64,pickup,2023,2,19,Queens,Douglaston,false,0.165
yellow,64,pickup,2023,3,26,Queens,Douglaston,false,0.165
yellow,64,pickup,2023,4,26,Queens,Douglaston,false,0.165
yellow,64,pickup,2023,5,13,Queens,Douglaston,false,0.165
yellow,64,pickup,2023,6,19,Queens,Douglaston,false,0.165
yellow,64,pickup,2024,2,31,Queens,Douglaston,false,0.165
yellow,64,pickup,2024,3,38,Queens,Douglaston,false,0.165
yellow,64,pickup,2024,4,37,Queens,Douglaston,false,0.165
yellow,64,pickup,2024,5,39,Queens,Douglaston,false,0.165
yellow,64,pickup,2024,6,25,Queens,Douglaston,false,0.165
yellow,65,dropoff,2023,2,3635,Brooklyn,Downtown Brooklyn/MetroTech,false,0.5192
yellow,65,dropoff,2023,3,4419,Brooklyn,Downtown Brooklyn/MetroTech,false,0.5192
yellow,65,dropoff,2023,4,4752,Brooklyn,Downtown Brooklyn/MetroTech,false,0.5192
yellow,65,dropoff,2023,5,5294,Brooklyn,Downtown Brooklyn/MetroTech,false,0.5192
yellow,65,dropoff,2023,6,4907,Brooklyn,Downtown Brooklyn/MetroTech,false,0.5192
yellow,65,dropoff,2024,2,3610,Brooklyn,Downtown Brooklyn/MetroTech,false,0.5192
yellow,65,dropoff,2024,3,4443,Brooklyn,Downtown Brooklyn/MetroTech,false,0.5192
yellow,65,dropoff,2024,4,4473,Brooklyn,Downtown Brooklyn/MetroTech,false,0.5192
yellow,65,dropoff,2024,5,5141,Brooklyn,Downtown Brooklyn/MetroTech,false,0.5192
yellow,65,dropoff,2024,6,4600,Brooklyn,Downtown Brooklyn/MetroTech,false,0.5192
yellow,65,pickup,2023,2,1371,Brooklyn,Downtown Brooklyn/MetroTech,false,0.462
yellow,65,pickup,2023,3,1696,Brooklyn,Downtown Brooklyn/MetroTech,false,0.462
yellow,65,pickup,2023,4,1777,Brooklyn,Downtown Brooklyn/MetroTech,false,0.462
yellow,65,pickup,2023,5,2127,Brooklyn,Downtown Brooklyn/MetroTech,false,0.462
yellow,65,pickup,2023,6,1922,Brooklyn,Downtown Brooklyn/MetroTech,false,0.462
yellow,65,pickup,2024,2,1275,Brooklyn,Downtown Brooklyn/MetroTech,false,0.462
yellow,65,pickup,2024,3,1561,Brooklyn,Downtown Brooklyn/MetroTech,false,0.462
yellow,65,pickup,2024,4,1599,Brooklyn,Downtown Brooklyn/MetroTech,false,0.462
yellow,65,pickup,2024,5,1969,Brooklyn,Downtown Brooklyn/MetroTech,false,0.462
yellow,65,pickup,2024,6,1719,Brooklyn,Downtown Brooklyn/MetroTech,false,0.462
yellow,66,dropoff,2023,2,3348,Brooklyn,DUMBO/Vinegar Hill,false,0.7156
yellow,66,dropoff,2023,3,4114,Brooklyn,DUMBO/Vinegar Hill,false,0.7156
yellow,66,dropoff,2023,4,4252,Brooklyn,DUMBO/Vinegar Hill,false,0.7156
yellow,66,dropoff,2023,5,4500,Brooklyn,DUMBO/Vinegar Hill,false,0.7156
yellow,66,dropoff,2023,6,4219,Brooklyn,DUMBO/Vinegar Hill,false,0.7156
yellow,66,dropoff,2024,2,3443,Brooklyn,DUMBO/Vinegar Hill,false,0.7156
yellow,66,dropoff,2024,3,4006,Brooklyn,DUMBO/Vinegar Hill,false,0.7156
yellow,66,dropoff,2024,4,3969,Brooklyn,DUMBO/Vinegar Hill,false,0.7156
yellow,66,dropoff,2024,5,4159,Brooklyn,DUMBO/Vinegar Hill,false,0.7156
yellow,66,dropoff,2024,6,4199,Brooklyn,DUMBO/Vinegar Hill,false,0.7156
yellow,66,pickup,2023,2,442,Brooklyn,DUMBO/Vinegar Hill,false,0.4852
yellow,66,pickup,2023,3,585,Brooklyn,DUMBO/Vinegar Hill,false,0.4852
yellow,66,pickup,2023,4,761,Brooklyn,DUMBO/Vinegar Hill,false,0.4852
yellow,66,pickup,2023,5,973,Brooklyn,DUMBO/Vinegar Hill,false,0.4852
yellow,66,pickup,2023,6,866,Brooklyn,DUMBO/Vinegar Hill,false,0.4852
yellow,66,pickup,2024,2,503,Brooklyn,DUMBO/Vinegar Hill,false,0.4852
yellow,66,pickup,2024,3,596,Brooklyn,DUMBO/Vinegar Hill,false,0.4852
yellow,66,pickup,2024,4,737,Brooklyn,DUMBO/Vinegar Hill,false,0.4852
yellow,66,pickup,2024,5,913,Brooklyn,DUMBO/Vinegar Hill,false,0.4852
yellow,66,pickup,2024,6,967,Brooklyn,DUMBO/Vinegar Hill,false,0.4852
yellow,67,dropoff,2023,2,310,Brooklyn,Dyker Heights,false,0.4831
yellow,67,dropoff,2023,3,346,Brooklyn,Dyker Heights,false,0.4831
yellow,67,dropoff,2023,4,392,Brooklyn,Dyker Heights,false,0.4831
yellow,67,dropoff,2023,5,408,Brooklyn,Dyker Heights,false,0.4831
yellow,67,dropoff,2023,6,380,Brooklyn,Dyker Heights,false,0.4831
yellow,67,dropoff,2024,2,301,Brooklyn,Dyker Heights,false,0.4831
yellow,67,dropoff,2024,3,375,Brooklyn,Dyker Heights,false,0.4831
yellow,67,dropoff,2024,4,382,Brooklyn,Dyker Heights,false,0.4831
yellow,67,dropoff,2024,5,376,Brooklyn,Dyker Heights,false,0.4831
yellow,67,dropoff,2024,6,361,Brooklyn,Dyker Heights,false,0.4831
yellow,67,pickup,2023,2,50,Brooklyn,Dyker Heights,false,0.6182
yellow,67,pickup,2023,3,63,Brooklyn,Dyker Heights,false,0.6182
yellow,67,pickup,2023,4,53,Brooklyn,Dyker Heights,false,0.6182
yellow,67,pickup,2023,5,66,Brooklyn,Dyker Heights,false,0.6182
yellow,67,pickup,2023,6,43,Brooklyn,Dyker Heights,false,0.6182
yellow,67,pickup,2024,2,66,Brooklyn,Dyker Heights,false,0.6182
yellow,67,pickup,2024,3,77,Brooklyn,Dyker Heights,false,0.6182
yellow,67,pickup,2024,4,80,Brooklyn,Dyker Heights,false,0.6182
yellow,67,pickup,2024,5,69,Brooklyn,Dyker Heights,false,0.6182
yellow,67,pickup,2024,6,71,Brooklyn,Dyker Heights,false,0.6182
yellow,68,dropoff,2023,2,68969,Manhattan,East Chelsea,true,1.0
yellow,68,dropoff,2023,3,80209,Manhattan,East Chelsea,true,1.0
yellow,68,dropoff,2023,4,78686,Manhattan,East Chelsea,true,1.0
yellow,68,dropoff,2023,5,80652,Manhattan,East Chelsea,true,1.0
yellow,68,dropoff,2023,6,77786,Manhattan,East Chelsea,true,1.0
yellow,68,dropoff,2024,2,70066,Manhattan,East Chelsea,true,1.0
yellow,68,dropoff,2024,3,78806,Manhattan,East Chelsea,true,1.0
yellow,68,dropoff,2024,4,77286,Manhattan,East Chelsea,true,1.0
yellow,68,dropoff,2024,5,80841,Manhattan,East Chelsea,true,1.0
yellow,68,dropoff,2024,6,79105,Manhattan,East Chelsea,true,1.0
yellow,68,pickup,2023,2,71688,Manhattan,East Chelsea,true,1.0
yellow,68,pickup,2023,3,81608,Manhattan,East Chelsea,true,1.0
yellow,68,pickup,2023,4,78863,Manhattan,East Chelsea,true,1.0
yellow,68,pickup,2023,5,81144,Manhattan,East Chelsea,true,1.0
yellow,68,pickup,2023,6,79720,Manhattan,East Chelsea,true,1.0
yellow,68,pickup,2024,2,73886,Manhattan,East Chelsea,true,1.0
yellow,68,pickup,2024,3,81719,Manhattan,East Chelsea,true,1.0
yellow,68,pickup,2024,4,80477,Manhattan,East Chelsea,true,1.0
yellow,68,pickup,2024,5,86497,Manhattan,East Chelsea,true,1.0
yellow,68,pickup,2024,6,84268,Manhattan,East Chelsea,true,1.0
yellow,69,dropoff,2023,2,896,Bronx,East Concourse/Concourse Village,false,0.2766
yellow,69,dropoff,2023,3,996,Bronx,East Concourse/Concourse Village,false,0.2766
yellow,69,dropoff,2023,4,983,Bronx,East Concourse/Concourse Village,false,0.2766
yellow,69,dropoff,2023,5,1018,Bronx,East Concourse/Concourse Village,false,0.2766
yellow,69,dropoff,2023,6,1002,Bronx,East Concourse/Concourse Village,false,0.2766
yellow,69,dropoff,2024,2,863,Bronx,East Concourse/Concourse Village,false,0.2766
yellow,69,dropoff,2024,3,903,Bronx,East Concourse/Concourse Village,false,0.2766
yellow,69,dropoff,2024,4,895,Bronx,East Concourse/Concourse Village,false,0.2766
yellow,69,dropoff,2024,5,1037,Bronx,East Concourse/Concourse Village,false,0.2766
yellow,69,dropoff,2024,6,967,Bronx,East Concourse/Concourse Village,false,0.2766
yellow,69,pickup,2023,2,146,Bronx,East Concourse/Concourse Village,false,0.1954
yellow,69,pickup,2023,3,217,Bronx,East Concourse/Concourse Village,false,0.1954
yellow,69,pickup,2023,4,182,Bronx,East Concourse/Concourse Village,false,0.1954
yellow,69,pickup,2023,5,213,Bronx,East Concourse/Concourse Village,false,0.1954
yellow,69,pickup,2023,6,158,Bronx,East Concourse/Concourse Village,false,0.1954
yellow,69,pickup,2024,2,316,Bronx,East Concourse/Concourse Village,false,0.1954
yellow,69,pickup,2024,3,317,Bronx,East Concourse/Concourse Village,false,0.1954
yellow,69,pickup,2024,4,317,Bronx,East Concourse/Concourse Village,false,0.1954
yellow,69,pickup,2024,5,344,Bronx,East Concourse/Concourse Village,false,0.1954
yellow,69,pickup,2024,6,326,Bronx,East Concourse/Concourse Village,false,0.1954
yellow,70,dropoff,2023,2,1132,Queens,East Elmhurst,false,0.193
yellow,70,dropoff,2023,3,1573,Queens,East Elmhurst,false,0.193
yellow,70,dropoff,2023,4,1523,Queens,East Elmhurst,false,0.193
yellow,70,dropoff,2023,5,1637,Queens,East Elmhurst,false,0.193
yellow,70,dropoff,2023,6,1797,Queens,East Elmhurst,false,0.193
yellow,70,dropoff,2024,2,1032,Queens,East Elmhurst,false,0.193
yellow,70,dropoff,2024,3,1455,Queens,East Elmhurst,false,0.193
yellow,70,dropoff,2024,4,1348,Queens,East Elmhurst,false,0.193
yellow,70,dropoff,2024,5,1585,Queens,East Elmhurst,false,0.193
yellow,70,dropoff,2024,6,1546,Queens,East Elmhurst,false,0.193
yellow,70,pickup,2023,2,11289,Queens,East Elmhurst,false,0.4735
yellow,70,pickup,2023,3,15290,Queens,East Elmhurst,false,0.4735
yellow,70,pickup,2023,4,14943,Queens,East Elmhurst,false,0.4735
yellow,70,pickup,2023,5,14633,Queens,East Elmhurst,false,0.4735
yellow,70,pickup,2023,6,13843,Queens,East Elmhurst,false,0.4735
yellow,70,pickup,2024,2,11111,Queens,East Elmhurst,false,0.4735
yellow,70,pickup,2024,3,13323,Queens,East Elmhurst,false,0.4735
yellow,70,pickup,2024,4,13682,Queens,East Elmhurst,false,0.4735
yellow,70,pickup,2024,5,13952,Queens,East Elmhurst,false,0.4735
yellow,70,pickup,2024,6,12836,Queens,East Elmhurst,false,0.4735
yellow,71,dropoff,2023,2,516,Brooklyn,East Flatbush/Farragut,false,0.1832
yellow,71,dropoff,2023,3,568,Brooklyn,East Flatbush/Farragut,false,0.1832
yellow,71,dropoff,2023,4,605,Brooklyn,East Flatbush/Farragut,false,0.1832
yellow,71,dropoff,2023,5,719,Brooklyn,East Flatbush/Farragut,false,0.1832
yellow,71,dropoff,2023,6,769,Brooklyn,East Flatbush/Farragut,false,0.1832
yellow,71,dropoff,2024,2,641,Brooklyn,East Flatbush/Farragut,false,0.1832
yellow,71,dropoff,2024,3,768,Brooklyn,East Flatbush/Farragut,false,0.1832
yellow,71,dropoff,2024,4,795,Brooklyn,East Flatbush/Farragut,false,0.1832
yellow,71,dropoff,2024,5,927,Brooklyn,East Flatbush/Farragut,false,0.1832
yellow,71,dropoff,2024,6,873,Brooklyn,East Flatbush/Farragut,false,0.1832
yellow,71,pickup,2023,2,123,Brooklyn,East Flatbush/Farragut,false,0.0746
yellow,71,pickup,2023,3,169,Brooklyn,East Flatbush/Farragut,false,0.0746
yellow,71,pickup,2023,4,150,Brooklyn,East Flatbush/Farragut,false,0.0746
yellow,71,pickup,2023,5,156,Brooklyn,East Flatbush/Farragut,false,0.0746
yellow,71,pickup,2023,6,126,Brooklyn,East Flatbush/Farragut,false,0.0746
yellow,71,pickup,2024,2,302,Brooklyn,East Flatbush/Farragut,false,0.0746
yellow,71,pickup,2024,3,503,Brooklyn,East Flatbush/Farragut,false,0.0746
yellow,71,pickup,2024,4,486,Brooklyn,East Flatbush/Farragut,false,0.0746
yellow,71,pickup,2024,5,519,Brooklyn,East Flatbush/Farragut,false,0.0746
yellow,71,pickup,2024,6,510,Brooklyn,East Flatbush/Farragut,false,0.0746
yellow,72,dropoff,2023,2,513,Brooklyn,East Flatbush/Remsen Village,false,0.1279
yellow,72,dropoff,2023,3,684,Brooklyn,East Flatbush/Remsen Village,false,0.1279
yellow,72,dropoff,2023,4,649,Brooklyn,East Flatbush/Remsen Village,false,0.1279
yellow,72,dropoff,2023,5,759,Brooklyn,East Flatbush/Remsen Village,false,0.1279
yellow,72,dropoff,2023,6,632,Brooklyn,East Flatbush/Remsen Village,false,0.1279
yellow,72,dropoff,2024,2,754,Brooklyn,East Flatbush/Remsen Village,false,0.1279
yellow,72,dropoff,2024,3,857,Brooklyn,East Flatbush/Remsen Village,false,0.1279
yellow,72,dropoff,2024,4,953,Brooklyn,East Flatbush/Remsen Village,false,0.1279
yellow,72,dropoff,2024,5,958,Brooklyn,East Flatbush/Remsen Village,false,0.1279
yellow,72,dropoff,2024,6,967,Brooklyn,East Flatbush/Remsen Village,false,0.1279
yellow,72,pickup,2023,2,167,Brooklyn,East Flatbush/Remsen Village,false,0.1599
yellow,72,pickup,2023,3,190,Brooklyn,East Flatbush/Remsen Village,false,0.1599
yellow,72,pickup,2023,4,154,Brooklyn,East Flatbush/Remsen Village,false,0.1599
yellow,72,pickup,2023,5,171,Brooklyn,East Flatbush/Remsen Village,false,0.1599
yellow,72,pickup,2023,6,150,Brooklyn,East Flatbush/Remsen Village,false,0.1599
yellow,72,pickup,2024,2,425,Brooklyn,East Flatbush/Remsen Village,false,0.1599
yellow,72,pickup,2024,3,563,Brooklyn,East Flatbush/Remsen Village,false,0.1599
yellow,72,pickup,2024,4,532,Brooklyn,East Flatbush/Remsen Village,false,0.1599
yellow,72,pickup,2024,5,603,Brooklyn,East Flatbush/Remsen Village,false,0.1599
yellow,72,pickup,2024,6,569,Brooklyn,East Flatbush/Remsen Village,false,0.1599
yellow,73,dropoff,2023,2,184,Queens,East Flushing,false,0.1439
yellow,73,dropoff,2023,3,202,Queens,East Flushing,false,0.1439
yellow,73,dropoff,2023,4,221,Queens,East Flushing,false,0.1439
yellow,73,dropoff,2023,5,259,Queens,East Flushing,false,0.1439
yellow,73,dropoff,2023,6,253,Queens,East Flushing,false,0.1439
yellow,73,dropoff,2024,2,149,Queens,East Flushing,false,0.1439
yellow,73,dropoff,2024,3,162,Queens,East Flushing,false,0.1439
yellow,73,dropoff,2024,4,185,Queens,East Flushing,false,0.1439
yellow,73,dropoff,2024,5,217,Queens,East Flushing,false,0.1439
yellow,73,dropoff,2024,6,159,Queens,East Flushing,false,0.1439
yellow,73,pickup,2023,2,21,Queens,East Flushing,false,0.156
yellow,73,pickup,2023,3,31,Queens,East Flushing,false,0.156
yellow,73,pickup,2023,4,14,Queens,East Flushing,false,0.156
yellow,73,pickup,2023,5,23,Queens,East Flushing,false,0.156
yellow,73,pickup,2023,6,20,Queens,East Flushing,false,0.156
yellow,73,pickup,2024,2,33,Queens,East Flushing,false,0.156
yellow,73,pickup,2024,3,26,Queens,East Flushing,false,0.156
yellow,73,pickup,2024,4,27,Queens,East Flushing,false,0.156
yellow,73,pickup,2024,5,37,Queens,East Flushing,false,0.156
yellow,73,pickup,2024,6,26,Queens,East Flushing,false,0.156
yellow,74,dropoff,2023,2,18035,Manhattan,East Harlem North,false,0.216
yellow,74,dropoff,2023,3,21466,Manhattan,East Harlem North,false,0.216
yellow,74,dropoff,2023,4,20387,Manhattan,East Harlem North,false,0.216
yellow,74,dropoff,2023,5,21945,Manhattan,East Harlem North,false,0.216
yellow,74,dropoff,2023,6,20824,Manhattan,East Harlem North,false,0.216
yellow,74,dropoff,2024,2,16594,Manhattan,East Harlem North,false,0.216
yellow,74,dropoff,2024,3,18759,Manhattan,East Harlem North,false,0.216
yellow,74,dropoff,2024,4,18218,Manhattan,East Harlem North,false,0.216
yellow,74,dropoff,2024,5,20345,Manhattan,East Harlem North,false,0.216
yellow,74,dropoff,2024,6,19410,Manhattan,East Harlem North,false,0.216
yellow,74,pickup,2023,2,5349,Manhattan,East Harlem North,false,0.1006
yellow,74,pickup,2023,3,6536,Manhattan,East Harlem North,false,0.1006
yellow,74,pickup,2023,4,6114,Manhattan,East Harlem North,false,0.1006
yellow,74,pickup,2023,5,6616,Manhattan,East Harlem North,false,0.1006
yellow,74,pickup,2023,6,6015,Manhattan,East Harlem North,false,0.1006
yellow,74,pickup,2024,2,5072,Manhattan,East Harlem North,false,0.1006
yellow,74,pickup,2024,3,5932,Manhattan,East Harlem North,false,0.1006
yellow,74,pickup,2024,4,5636,Manhattan,East Harlem North,false,0.1006
yellow,74,pickup,2024,5,6232,Manhattan,East Harlem North,false,0.1006
yellow,74,pickup,2024,6,6086,Manhattan,East Harlem North,false,0.1006
yellow,75,dropoff,2023,2,33567,Manhattan,East Harlem South,false,0.2726
yellow,75,dropoff,2023,3,38669,Manhattan,East Harlem South,false,0.2726
yellow,75,dropoff,2023,4,35998,Manhattan,East Harlem South,false,0.2726
yellow,75,dropoff,2023,5,38657,Manhattan,East Harlem South,false,0.2726
yellow,75,dropoff,2023,6,35155,Manhattan,East Harlem South,false,0.2726
yellow,75,dropoff,2024,2,31939,Manhattan,East Harlem South,false,0.2726
yellow,75,dropoff,2024,3,34385,Manhattan,East Harlem South,false,0.2726
yellow,75,dropoff,2024,4,33772,Manhattan,East Harlem South,false,0.2726
yellow,75,dropoff,2024,5,36372,Manhattan,East Harlem South,false,0.2726
yellow,75,dropoff,2024,6,32896,Manhattan,East Harlem South,false,0.2726
yellow,75,pickup,2023,2,16595,Manhattan,East Harlem South,false,0.1817
yellow,75,pickup,2023,3,18696,Manhattan,East Harlem South,false,0.1817
yellow,75,pickup,2023,4,17321,Manhattan,East Harlem South,false,0.1817
yellow,75,pickup,2023,5,19058,Manhattan,East Harlem South,false,0.1817
yellow,75,pickup,2023,6,17641,Manhattan,East Harlem South,false,0.1817
yellow,75,pickup,2024,2,16155,Manhattan,East Harlem South,false,0.1817
yellow,75,pickup,2024,3,17045,Manhattan,East Harlem South,false,0.1817
yellow,75,pickup,2024,4,16548,Manhattan,East Harlem South,false,0.1817
yellow,75,pickup,2024,5,18262,Manhattan,East Harlem South,false,0.1817
yellow,75,pickup,2024,6,16370,Manhattan,East Harlem South,false,0.1817
yellow,76,dropoff,2023,2,1048,Brooklyn,East New York,false,0.089
yellow,76,dropoff,2023,3,1363,Brooklyn,East New York,false,0.089
yellow,76,dropoff,2023,4,1262,Brooklyn,East New York,false,0.089
yellow,76,dropoff,2023,5,1296,Brooklyn,East New York,false,0.089
yellow,76,dropoff,2023,6,1255,Brooklyn,East New York,false,0.089
yellow,76,dropoff,2024,2,1400,Brooklyn,East New York,false,0.089
yellow,76,dropoff,2024,3,1722,Brooklyn,East New York,false,0.089
yellow,76,dropoff,2024,4,1869,Brooklyn,East New York,false,0.089
yellow,76,dropoff,2024,5,1986,Brooklyn,East New York,false,0.089
yellow,76,dropoff,2024,6,1909,Brooklyn,East New York,false,0.089
yellow,76,pickup,2023,2,301,Brooklyn,East New York,false,0.1401
yellow,76,pickup,2023,3,404,Brooklyn,East New York,false,0.1401
yellow,76,pickup,2023,4,360,Brooklyn,East New York,false,0.1401
yellow,76,pickup,2023,5,399,Brooklyn,East New York,false,0.1401
yellow,76,pickup,2023,6,327,Brooklyn,East New York,false,0.1401
yellow,76,pickup,2024,2,777,Brooklyn,East New York,false,0.1401
yellow,76,pickup,2024,3,1050,Brooklyn,East New York,false,0.1401
yellow,76,pickup,2024,4,1133,Brooklyn,East New York,false,0.1401
yellow,76,pickup,2024,5,1174,Brooklyn,East New York,false,0.1401
yellow,76,pickup,2024,6,1125,Brooklyn,East New York,false,0.1401
yellow,77,dropoff,2023,2,260,Brooklyn,East New York/Pennsylvania Avenue,false,0.1411
yellow,77,dropoff,2023,3,309,Brooklyn,East New York/Pennsylvania Avenue,false,0.1411
yellow,77,dropoff,2023,4,346,Brooklyn,East New York/Pennsylvania Avenue,false,0.1411
yellow,77,dropoff,2023,5,318,Brooklyn,East New York/Pennsylvania Avenue,false,0.1411
yellow,77,dropoff,2023,6,362,Brooklyn,East New York/Pennsylvania Avenue,false,0.1411
yellow,77,dropoff,2024,2,338,Brooklyn,East New York/Pennsylvania Avenue,false,0.1411
yellow,77,dropoff,2024,3,388,Brooklyn,East New York/Pennsylvania Avenue,false,0.1411
yellow,77,dropoff,2024,4,452,Brooklyn,East New York/Pennsylvania Avenue,false,0.1411
yellow,77,dropoff,2024,5,459,Brooklyn,East New York/Pennsylvania Avenue,false,0.1411
yellow,77,dropoff,2024,6,455,Brooklyn,East New York/Pennsylvania Avenue,false,0.1411
yellow,77,pickup,2023,2,65,Brooklyn,East New York/Pennsylvania Avenue,false,0.1744
yellow,77,pickup,2023,3,73,Brooklyn,East New York/Pennsylvania Avenue,false,0.1744
yellow,77,pickup,2023,4,90,Brooklyn,East New York/Pennsylvania Avenue,false,0.1744
yellow,77,pickup,2023,5,98,Brooklyn,East New York/Pennsylvania Avenue,false,0.1744
yellow,77,pickup,2023,6,81,Brooklyn,East New York/Pennsylvania Avenue,false,0.1744
yellow,77,pickup,2024,2,173,Brooklyn,East New York/Pennsylvania Avenue,false,0.1744
yellow,77,pickup,2024,3,218,Brooklyn,East New York/Pennsylvania Avenue,false,0.1744
yellow,77,pickup,2024,4,245,Brooklyn,East New York/Pennsylvania Avenue,false,0.1744
yellow,77,pickup,2024,5,281,Brooklyn,East New York/Pennsylvania Avenue,false,0.1744
yellow,77,pickup,2024,6,259,Brooklyn,East New York/Pennsylvania Avenue,false,0.1744
yellow,78,dropoff,2023,2,267,Bronx,East Tremont,false,0.2203
yellow,78,dropoff,2023,3,318,Bronx,East Tremont,false,0.2203
yellow,78,dropoff,2023,4,302,Bronx,East Tremont,false,0.2203
yellow,78,dropoff,2023,5,325,Bronx,East Tremont,false,0.2203
yellow,78,dropoff,2023,6,286,Bronx,East Tremont,false,0.2203
yellow,78,dropoff,2024,2,268,Bronx,East Tremont,false,0.2203
yellow,78,dropoff,2024,3,313,Bronx,East Tremont,false,0.2203
yellow,78,dropoff,2024,4,335,Bronx,East Tremont,false,0.2203
yellow,78,dropoff,2024,5,346,Bronx,East Tremont,false,0.2203
yellow,78,dropoff,2024,6,336,Bronx,East Tremont,false,0.2203
yellow,78,pickup,2023,2,111,Bronx,East Tremont,false,0.0969
yellow,78,pickup,2023,3,144,Bronx,East Tremont,false,0.0969
yellow,78,pickup,2023,4,103,Bronx,East Tremont,false,0.0969
yellow,78,pickup,2023,5,130,Bronx,East Tremont,false,0.0969
yellow,78,pickup,2023,6,121,Bronx,East Tremont,false,0.0969
yellow,78,pickup,2024,2,177,Bronx,East Tremont,false,0.0969
yellow,78,pickup,2024,3,206,Bronx,East Tremont,false,0.0969
yellow,78,pickup,2024,4,191,Bronx,East Tremont,false,0.0969
yellow,78,pickup,2024,5,189,Bronx,East Tremont,false,0.0969
yellow,78,pickup,2024,6,168,Bronx,East Tremont,false,0.0969
yellow,79,dropoff,2023,2,59648,Manhattan,East Village,true,1.0
yellow,79,dropoff,2023,3,67399,Manhattan,East Village,true,1.0
yellow,79,dropoff,2023,4,63514,Manhattan,East Village,true,1.0
yellow,79,dropoff,2023,5,63783,Manhattan,East Village,true,1.0
yellow,79,dropoff,2023,6,62413,Manhattan,East Village,true,1.0
yellow,79,dropoff,2024,2,57307,Manhattan,East Village,true,1.0
yellow,79,dropoff,2024,3,64290,Manhattan,East Village,true,1.0
yellow,79,dropoff,2024,4,58643,Manhattan,East Village,true,1.0
yellow,79,dropoff,2024,5,60175,Manhattan,East Village,true,1.0
yellow,79,dropoff,2024,6,59872,Manhattan,East Village,true,1.0
yellow,79,pickup,2023,2,70537,Manhattan,East Village,true,1.0
yellow,79,pickup,2023,3,78355,Manhattan,East Village,true,1.0
yellow,79,pickup,2023,4,75355,Manhattan,East Village,true,1.0
yellow,79,pickup,2023,5,75238,Manhattan,East Village,true,1.0
yellow,79,pickup,2023,6,73186,Manhattan,East Village,true,1.0
yellow,79,pickup,2024,2,65235,Manhattan,East Village,true,1.0
yellow,79,pickup,2024,3,71715,Manhattan,East Village,true,1.0
yellow,79,pickup,2024,4,65159,Manhattan,East Village,true,1.0
yellow,79,pickup,2024,5,65556,Manhattan,East Village,true,1.0
yellow,79,pickup,2024,6,67101,Manhattan,East Village,true,1.0
yellow,80,dropoff,2023,2,3495,Brooklyn,East Williamsburg,false,0.5272
yellow,80,dropoff,2023,3,4065,Brooklyn,East Williamsburg,false,0.5272
yellow,80,dropoff,2023,4,3958,Brooklyn,East Williamsburg,false,0.5272
yellow,80,dropoff,2023,5,4297,Brooklyn,East Williamsburg,false,0.5272
yellow,80,dropoff,2023,6,4109,Brooklyn,East Williamsburg,false,0.5272
yellow,80,dropoff,2024,2,3001,Brooklyn,East Williamsburg,false,0.5272
yellow,80,dropoff,2024,3,3760,Brooklyn,East Williamsburg,false,0.5272
yellow,80,dropoff,2024,4,3617,Brooklyn,East Williamsburg,false,0.5272
yellow,80,dropoff,2024,5,3779,Brooklyn,East Williamsburg,false,0.5272
yellow,80,dropoff,2024,6,3985,Brooklyn,East Williamsburg,false,0.5272
yellow,80,pickup,2023,2,261,Brooklyn,East Williamsburg,false,0.3257
yellow,80,pickup,2023,3,312,Brooklyn,East Williamsburg,false,0.3257
yellow,80,pickup,2023,4,368,Brooklyn,East Williamsburg,false,0.3257
yellow,80,pickup,2023,5,435,Brooklyn,East Williamsburg,false,0.3257
yellow,80,pickup,2023,6,534,Brooklyn,East Williamsburg,false,0.3257
yellow,80,pickup,2024,2,322,Brooklyn,East Williamsburg,false,0.3257
yellow,80,pickup,2024,3,364,Brooklyn,East Williamsburg,false,0.3257
yellow,80,pickup,2024,4,431,Brooklyn,East Williamsburg,false,0.3257
yellow,80,pickup,2024,5,484,Brooklyn,East Williamsburg,false,0.3257
yellow,80,pickup,2024,6,685,Brooklyn,East Williamsburg,false,0.3257
yellow,81,dropoff,2023,2,192,Bronx,Eastchester,false,0.1453
yellow,81,dropoff,2023,3,245,Bronx,Eastchester,false,0.1453
yellow,81,dropoff,2023,4,217,Bronx,Eastchester,false,0.1453
yellow,81,dropoff,2023,5,246,Bronx,Eastchester,false,0.1453
yellow,81,dropoff,2023,6,249,Bronx,Eastchester,false,0.1453
yellow,81,dropoff,2024,2,179,Bronx,Eastchester,false,0.1453
yellow,81,dropoff,2024,3,229,Bronx,Eastchester,false,0.1453
yellow,81,dropoff,2024,4,250,Bronx,Eastchester,false,0.1453
yellow,81,dropoff,2024,5,253,Bronx,Eastchester,false,0.1453
yellow,81,dropoff,2024,6,274,Bronx,Eastchester,false,0.1453
yellow,81,pickup,2023,2,80,Bronx,Eastchester,false,0.1426
yellow,81,pickup,2023,3,115,Bronx,Eastchester,false,0.1426
yellow,81,pickup,2023,4,98,Bronx,Eastchester,false,0.1426
yellow,81,pickup,2023,5,110,Bronx,Eastchester,false,0.1426
yellow,81,pickup,2023,6,67,Bronx,Eastchester,false,0.1426
yellow,81,pickup,2024,2,116,Bronx,Eastchester,false,0.1426
yellow,81,pickup,2024,3,110,Bronx,Eastchester,false,0.1426
yellow,81,pickup,2024,4,122,Bronx,Eastchester,false,0.1426
yellow,81,pickup,2024,5,134,Bronx,Eastchester,false,0.1426
yellow,81,pickup,2024,6,96,Bronx,Eastchester,false,0.1426
yellow,82,dropoff,2023,2,1560,Queens,Elmhurst,false,0.2725
yellow,82,dropoff,2023,3,1928,Queens,Elmhurst,false,0.2725
yellow,82,dropoff,2023,4,1743,Queens,Elmhurst,false,0.2725
yellow,82,dropoff,2023,5,1792,Queens,Elmhurst,false,0.2725
yellow,82,dropoff,2023,6,1721,Queens,Elmhurst,false,0.2725
yellow,82,dropoff,2024,2,1386,Queens,Elmhurst,false,0.2725
yellow,82,dropoff,2024,3,1620,Queens,Elmhurst,false,0.2725
yellow,82,dropoff,2024,4,1501,Queens,Elmhurst,false,0.2725
yellow,82,dropoff,2024,5,1714,Queens,Elmhurst,false,0.2725
yellow,82,dropoff,2024,6,1433,Queens,Elmhurst,false,0.2725
yellow,82,pickup,2023,2,331,Queens,Elmhurst,false,0.2349
yellow,82,pickup,2023,3,373,Queens,Elmhurst,false,0.2349
yellow,82,pickup,2023,4,313,Queens,Elmhurst,false,0.2349
yellow,82,pickup,2023,5,338,Queens,Elmhurst,false,0.2349
yellow,82,pickup,2023,6,318,Queens,Elmhurst,false,0.2349
yellow,82,pickup,2024,2,381,Queens,Elmhurst,false,0.2349
yellow,82,pickup,2024,3,410,Queens,Elmhurst,false,0.2349
yellow,82,pickup,2024,4,387,Queens,Elmhurst,false,0.2349
yellow,82,pickup,2024,5,410,Queens,Elmhurst,false,0.2349
yellow,82,pickup,2024,6,368,Queens,Elmhurst,false,0.2349
yellow,83,dropoff,2023,2,637,Queens,Elmhurst/Maspeth,false,0.3097
yellow,83,dropoff,2023,3,813,Queens,Elmhurst/Maspeth,false,0.3097
yellow,83,dropoff,2023,4,744,Queens,Elmhurst/Maspeth,false,0.3097
yellow,83,dropoff,2023,5,894,Queens,Elmhurst/Maspeth,false,0.3097
yellow,83,dropoff,2023,6,884,Queens,Elmhurst/Maspeth,false,0.3097
yellow,83,dropoff,2024,2,598,Queens,Elmhurst/Maspeth,false,0.3097
yellow,83,dropoff,2024,3,715,Queens,Elmhurst/Maspeth,false,0.3097
yellow,83,dropoff,2024,4,641,Queens,Elmhurst/Maspeth,false,0.3097
yellow,83,dropoff,2024,5,657,Queens,Elmhurst/Maspeth,false,0.3097
yellow,83,dropoff,2024,6,626,Queens,Elmhurst/Maspeth,false,0.3097
yellow,83,pickup,2023,2,76,Queens,Elmhurst/Maspeth,false,0.0966
yellow,83,pickup,2023,3,108,Queens,Elmhurst/Maspeth,false,0.0966
yellow,83,pickup,2023,4,132,Queens,Elmhurst/Maspeth,false,0.0966
yellow,83,pickup,2023,5,128,Queens,Elmhurst/Maspeth,false,0.0966
yellow,83,pickup,2023,6,115,Queens,Elmhurst/Maspeth,false,0.0966
yellow,83,pickup,2024,2,122,Queens,Elmhurst/Maspeth,false,0.0966
yellow,83,pickup,2024,3,134,Queens,Elmhurst/Maspeth,false,0.0966
yellow,83,pickup,2024,4,133,Queens,Elmhurst/Maspeth,false,0.0966
yellow,83,pickup,2024,5,167,Queens,Elmhurst/Maspeth,false,0.0966
yellow,83,pickup,2024,6,163,Queens,Elmhurst/Maspeth,false,0.0966
yellow,84,dropoff,2023,2,20,Staten Island,Eltingville/Annadale/Prince's Bay,false,0.4364
yellow,84,dropoff,2023,3,28,Staten Island,Eltingville/Annadale/Prince's Bay,false,0.4364
yellow,84,dropoff,2023,4,19,Staten Island,Eltingville/Annadale/Prince's Bay,false,0.4364
yellow,84,dropoff,2023,5,19,Staten Island,Eltingville/Annadale/Prince's Bay,false,0.4364
yellow,84,dropoff,2023,6,24,Staten Island,Eltingville/Annadale/Prince's Bay,false,0.4364
yellow,84,dropoff,2024,2,22,Staten Island,Eltingville/Annadale/Prince's Bay,false,0.4364
yellow,84,dropoff,2024,3,27,Staten Island,Eltingville/Annadale/Prince's Bay,false,0.4364
yellow,84,dropoff,2024,4,19,Staten Island,Eltingville/Annadale/Prince's Bay,false,0.4364
yellow,84,dropoff,2024,5,20,Staten Island,Eltingville/Annadale/Prince's Bay,false,0.4364
yellow,84,dropoff,2024,6,36,Staten Island,Eltingville/Annadale/Prince's Bay,false,0.4364
yellow,84,pickup,2023,3,3,Staten Island,Eltingville/Annadale/Prince's Bay,false,0.0
yellow,84,pickup,2023,4,5,Staten Island,Eltingville/Annadale/Prince's Bay,false,0.0
yellow,84,pickup,2023,5,2,Staten Island,Eltingville/Annadale/Prince's Bay,false,0.0
yellow,84,pickup,2023,6,1,Staten Island,Eltingville/Annadale/Prince's Bay,false,0.0
yellow,85,dropoff,2023,2,451,Brooklyn,Erasmus,false,0.2731
yellow,85,dropoff,2023,3,538,Brooklyn,Erasmus,false,0.2731
yellow,85,dropoff,2023,4,545,Brooklyn,Erasmus,false,0.2731
yellow,85,dropoff,2023,5,600,Brooklyn,Erasmus,false,0.2731
yellow,85,dropoff,2023,6,605,Brooklyn,Erasmus,false,0.2731
yellow,85,dropoff,2024,2,509,Brooklyn,Erasmus,false,0.2731
yellow,85,dropoff,2024,3,542,Brooklyn,Erasmus,false,0.2731
yellow,85,dropoff,2024,4,596,Brooklyn,Erasmus,false,0.2731
yellow,85,dropoff,2024,5,647,Brooklyn,Erasmus,false,0.2731
yellow,85,dropoff,2024,6,620,Brooklyn,Erasmus,false,0.2731
yellow,85,pickup,2023,2,70,Brooklyn,Erasmus,false,0.1266
yellow,85,pickup,2023,3,96,Brooklyn,Erasmus,false,0.1266
yellow,85,pickup,2023,4,79,Brooklyn,Erasmus,false,0.1266
yellow,85,pickup,2023,5,80,Brooklyn,Erasmus,false,0.1266
yellow,85,pickup,2023,6,78,Brooklyn,Erasmus,false,0.1266
yellow,85,pickup,2024,2,213,Brooklyn,Erasmus,false,0.1266
yellow,85,pickup,2024,3,251,Brooklyn,Erasmus,false,0.1266
yellow,85,pickup,2024,4,278,Brooklyn,Erasmus,false,0.1266
yellow,85,pickup,2024,5,276,Brooklyn,Erasmus,false,0.1266
yellow,85,pickup,2024,6,286,Brooklyn,Erasmus,false,0.1266
yellow,86,dropoff,2023,2,496,Queens,Far Rockaway,false,0.072
yellow,86,dropoff,2023,3,506,Queens,Far Rockaway,false,0.072
yellow,86,dropoff,2023,4,549,Queens,Far Rockaway,false,0.072
yellow,86,dropoff,2023,5,568,Queens,Far Rockaway,false,0.072
yellow,86,dropoff,2023,6,619,Queens,Far Rockaway,false,0.072
yellow,86,dropoff,2024,2,455,Queens,Far Rockaway,false,0.072
yellow,86,dropoff,2024,3,546,Queens,Far Rockaway,false,0.072
yellow,86,dropoff,2024,4,577,Queens,Far Rockaway,false,0.072
yellow,86,dropoff,2024,5,742,Queens,Far Rockaway,false,0.072
yellow,86,dropoff,2024,6,665,Queens,Far Rockaway,false,0.072
yellow,86,pickup,2023,2,131,Queens,Far Rockaway,false,0.1756
yellow,86,pickup,2023,3,134,Queens,Far Rockaway,false,0.1756
yellow,86,pickup,2023,4,163,Queens,Far Rockaway,false,0.1756
yellow,86,pickup,2023,5,170,Queens,Far Rockaway,false,0.1756
yellow,86,pickup,2023,6,148,Queens,Far Rockaway,false,0.1756
yellow,86,pickup,2024,2,241,Queens,Far Rockaway,false,0.1756
yellow,86,pickup,2024,3,277,Queens,Far Rockaway,false,0.1756
yellow,86,pickup,2024,4,288,Queens,Far Rockaway,false,0.1756
yellow,86,pickup,2024,5,307,Queens,Far Rockaway,false,0.1756
yellow,86,pickup,2024,6,267,Queens,Far Rockaway,false,0.1756
yellow,87,dropoff,2023,2,19554,Manhattan,Financial District North,true,1.0
yellow,87,dropoff,2023,3,22835,Manhattan,Financial District North,true,1.0
yellow,87,dropoff,2023,4,22617,Manhattan,Financial District North,true,1.0
yellow,87,dropoff,2023,5,25310,Manhattan,Financial District North,true,1.0
yellow,87,dropoff,2023,6,23506,Manhattan,Financial District North,true,1.0
yellow,87,dropoff,2024,2,19144,Manhattan,Financial District North,true,1.0
yellow,87,dropoff,2024,3,21606,Manhattan,Financial District North,true,1.0
yellow,87,dropoff,2024,4,21219,Manhattan,Financial District North,true,1.0
yellow,87,dropoff,2024,5,23456,Manhattan,Financial District North,true,1.0
yellow,87,dropoff,2024,6,23814,Manhattan,Financial District North,true,1.0
yellow,87,pickup,2023,2,12820,Manhattan,Financial District North,true,1.0
yellow,87,pickup,2023,3,15431,Manhattan,Financial District North,true,1.0
yellow,87,pickup,2023,4,15481,Manhattan,Financial District North,true,1.0
yellow,87,pickup,2023,5,18211,Manhattan,Financial District North,true,1.0
yellow,87,pickup,2023,6,16598,Manhattan,Financial District North,true,1.0
yellow,87,pickup,2024,2,11580,Manhattan,Financial District North,true,1.0
yellow,87,pickup,2024,3,13784,Manhattan,Financial District North,true,1.0
yellow,87,pickup,2024,4,14247,Manhattan,Financial District North,true,1.0
yellow,87,pickup,2024,5,16391,Manhattan,Financial District North,true,1.0
yellow,87,pickup,2024,6,17097,Manhattan,Financial District North,true,1.0
yellow,88,dropoff,2023,2,8500,Manhattan,Financial District South,true,1.0
yellow,88,dropoff,2023,3,10954,Manhattan,Financial District South,true,1.0
yellow,88,dropoff,2023,4,11232,Manhattan,Financial District South,true,1.0
yellow,88,dropoff,2023,5,12326,Manhattan,Financial District South,true,1.0
yellow,88,dropoff,2023,6,11490,Manhattan,Financial District South,true,1.0
yellow,88,dropoff,2024,2,8758,Manhattan,Financial District South,true,1.0
yellow,88,dropoff,2024,3,11096,Manhattan,Financial District South,true,1.0
yellow,88,dropoff,2024,4,10824,Manhattan,Financial District South,true,1.0
yellow,88,dropoff,2024,5,12190,Manhattan,Financial District South,true,1.0
yellow,88,dropoff,2024,6,12188,Manhattan,Financial District South,true,1.0
yellow,88,pickup,2023,2,6297,Manhattan,Financial District South,true,1.0
yellow,88,pickup,2023,3,8552,Manhattan,Financial District South,true,1.0
yellow,88,pickup,2023,4,8199,Manhattan,Financial District South,true,1.0
yellow,88,pickup,2023,5,9284,Manhattan,Financial District South,true,1.0
yellow,88,pickup,2023,6,8602,Manhattan,Financial District South,true,1.0
yellow,88,pickup,2024,2,6315,Manhattan,Financial District South,true,1.0
yellow,88,pickup,2024,3,7927,Manhattan,Financial District South,true,1.0
yellow,88,pickup,2024,4,7917,Manhattan,Financial District South,true,1.0
yellow,88,pickup,2024,5,8612,Manhattan,Financial District South,true,1.0
yellow,88,pickup,2024,6,9218,Manhattan,Financial District South,true,1.0
yellow,89,dropoff,2023,2,2056,Brooklyn,Flatbush/Ditmas Park,false,0.3416
yellow,89,dropoff,2023,3,2622,Brooklyn,Flatbush/Ditmas Park,false,0.3416
yellow,89,dropoff,2023,4,2608,Brooklyn,Flatbush/Ditmas Park,false,0.3416
yellow,89,dropoff,2023,5,2603,Brooklyn,Flatbush/Ditmas Park,false,0.3416
yellow,89,dropoff,2023,6,2589,Brooklyn,Flatbush/Ditmas Park,false,0.3416
yellow,89,dropoff,2024,2,2093,Brooklyn,Flatbush/Ditmas Park,false,0.3416
yellow,89,dropoff,2024,3,2494,Brooklyn,Flatbush/Ditmas Park,false,0.3416
yellow,89,dropoff,2024,4,2490,Brooklyn,Flatbush/Ditmas Park,false,0.3416
yellow,89,dropoff,2024,5,2623,Brooklyn,Flatbush/Ditmas Park,false,0.3416
yellow,89,dropoff,2024,6,2483,Brooklyn,Flatbush/Ditmas Park,false,0.3416
yellow,89,pickup,2023,2,205,Brooklyn,Flatbush/Ditmas Park,false,0.1491
yellow,89,pickup,2023,3,285,Brooklyn,Flatbush/Ditmas Park,false,0.1491
yellow,89,pickup,2023,4,273,Brooklyn,Flatbush/Ditmas Park,false,0.1491
yellow,89,pickup,2023,5,295,Brooklyn,Flatbush/Ditmas Park,false,0.1491
yellow,89,pickup,2023,6,243,Brooklyn,Flatbush/Ditmas Park,false,0.1491
yellow,89,pickup,2024,2,514,Brooklyn,Flatbush/Ditmas Park,false,0.1491
yellow,89,pickup,2024,3,660,Brooklyn,Flatbush/Ditmas Park,false,0.1491
yellow,89,pickup,2024,4,747,Brooklyn,Flatbush/Ditmas Park,false,0.1491
yellow,89,pickup,2024,5,767,Brooklyn,Flatbush/Ditmas Park,false,0.1491
yellow,89,pickup,2024,6,737,Brooklyn,Flatbush/Ditmas Park,false,0.1491
yellow,90,dropoff,2023,2,40106,Manhattan,Flatiron,true,1.0
yellow,90,dropoff,2023,3,46134,Manhattan,Flatiron,true,1.0
yellow,90,dropoff,2023,4,43946,Manhattan,Flatiron,true,1.0
yellow,90,dropoff,2023,5,45188,Manhattan,Flatiron,true,1.0
yellow,90,dropoff,2023,6,43294,Manhattan,Flatiron,true,1.0
yellow,90,dropoff,2024,2,42537,Manhattan,Flatiron,true,1.0
yellow,90,dropoff,2024,3,46554,Manhattan,Flatiron,true,1.0
yellow,90,dropoff,2024,4,44625,Manhattan,Flatiron,true,1.0
yellow,90,dropoff,2024,5,45807,Manhattan,Flatiron,true,1.0
yellow,90,dropoff,2024,6,43946,Manhattan,Flatiron,true,1.0
yellow,90,pickup,2023,2,45344,Manhattan,Flatiron,true,1.0
yellow,90,pickup,2023,3,53297,Manhattan,Flatiron,true,1.0
yellow,90,pickup,2023,4,50719,Manhattan,Flatiron,true,1.0
yellow,90,pickup,2023,5,52325,Manhattan,Flatiron,true,1.0
yellow,90,pickup,2023,6,51827,Manhattan,Flatiron,true,1.0
yellow,90,pickup,2024,2,45306,Manhattan,Flatiron,true,1.0
yellow,90,pickup,2024,3,50189,Manhattan,Flatiron,true,1.0
yellow,90,pickup,2024,4,47951,Manhattan,Flatiron,true,1.0
yellow,90,pickup,2024,5,50608,Manhattan,Flatiron,true,1.0
yellow,90,pickup,2024,6,49325,Manhattan,Flatiron,true,1.0
yellow,91,dropoff,2023,2,582,Brooklyn,Flatlands,false,0.1677
yellow,91,dropoff,2023,3,718,Brooklyn,Flatlands,false,0.1677
yellow,91,dropoff,2023,4,757,Brooklyn,Flatlands,false,0.1677
yellow,91,dropoff,2023,5,837,Brooklyn,Flatlands,false,0.1677
yellow,91,dropoff,2023,6,803,Brooklyn,Flatlands,false,0.1677
yellow,91,dropoff,2024,2,740,Brooklyn,Flatlands,false,0.1677
yellow,91,dropoff,2024,3,908,Brooklyn,Flatlands,false,0.1677
yellow,91,dropoff,2024,4,912,Brooklyn,Flatlands,false,0.1677
yellow,91,dropoff,2024,5,1018,Brooklyn,Flatlands,false,0.1677
yellow,91,dropoff,2024,6,928,Brooklyn,Flatlands,false,0.1677
yellow,91,pickup,2023,2,189,Brooklyn,Flatlands,false,0.2028
yellow,91,pickup,2023,3,202,Brooklyn,Flatlands,false,0.2028
yellow,91,pickup,2023,4,188,Brooklyn,Flatlands,false,0.2028
yellow,91,pickup,2023,5,206,Brooklyn,Flatlands,false,0.2028
yellow,91,pickup,2023,6,157,Brooklyn,Flatlands,false,0.2028
yellow,91,pickup,2024,2,422,Brooklyn,Flatlands,false,0.2028
yellow,91,pickup,2024,3,483,Brooklyn,Flatlands,false,0.2028
yellow,91,pickup,2024,4,576,Brooklyn,Flatlands,false,0.2028
yellow,91,pickup,2024,5,662,Brooklyn,Flatlands,false,0.2028
yellow,91,pickup,2024,6,537,Brooklyn,Flatlands,false,0.2028
yellow,92,dropoff,2023,2,1466,Queens,Flushing,false,0.122
yellow,92,dropoff,2023,3,2061,Queens,Flushing,false,0.122
yellow,92,dropoff,2023,4,2064,Queens,Flushing,false,0.122
yellow,92,dropoff,2023,5,2408,Queens,Flushing,false,0.122
yellow,92,dropoff,2023,6,2596,Queens,Flushing,false,0.122
yellow,92,dropoff,2024,2,1394,Queens,Flushing,false,0.122
yellow,92,dropoff,2024,3,1753,Queens,Flushing,false,0.122
yellow,92,dropoff,2024,4,1804,Queens,Flushing,false,0.122
yellow,92,dropoff,2024,5,2095,Queens,Flushing,false,0.122
yellow,92,dropoff,2024,6,2014,Queens,Flushing,false,0.122
yellow,92,pickup,2023,2,120,Queens,Flushing,false,0.1223
yellow,92,pickup,2023,3,161,Queens,Flushing,false,0.1223
yellow,92,pickup,2023,4,151,Queens,Flushing,false,0.1223
yellow,92,pickup,2023,5,191,Queens,Flushing,false,0.1223
yellow,92,pickup,2023,6,170,Queens,Flushing,false,0.1223
yellow,92,pickup,2024,2,142,Queens,Flushing,false,0.1223
yellow,92,pickup,2024,3,206,Queens,Flushing,false,0.1223
yellow,92,pickup,2024,4,199,Queens,Flushing,false,0.1223
yellow,92,pickup,2024,5,180,Queens,Flushing,false,0.1223
yellow,92,pickup,2024,6,165,Queens,Flushing,false,0.1223
yellow,93,dropoff,2023,2,793,Queens,Flushing Meadows-Corona Park,false,0.2109
yellow,93,dropoff,2023,3,803,Queens,Flushing Meadows-Corona Park,false,0.2109
yellow,93,dropoff,2023,4,755,Queens,Flushing Meadows-Corona Park,false,0.2109
yellow,93,dropoff,2023,5,692,Queens,Flushing Meadows-Corona Park,false,0.2109
yellow,93,dropoff,2023,6,835,Queens,Flushing Meadows-Corona Park,false,0.2109
yellow,93,dropoff,2024,2,678,Queens,Flushing Meadows-Corona Park,false,0.2109
yellow,93,dropoff,2024,3,772,Queens,Flushing Meadows-Corona Park,false,0.2109
yellow,93,dropoff,2024,4,738,Queens,Flushing Meadows-Corona Park,false,0.2109
yellow,93,dropoff,2024,5,973,Queens,Flushing Meadows-Corona Park,false,0.2109
yellow,93,dropoff,2024,6,838,Queens,Flushing Meadows-Corona Park,false,0.2109
yellow,93,pickup,2023,2,404,Queens,Flushing Meadows-Corona Park,false,0.4035
yellow,93,pickup,2023,3,405,Queens,Flushing Meadows-Corona Park,false,0.4035
yellow,93,pickup,2023,4,303,Queens,Flushing Meadows-Corona Park,false,0.4035
yellow,93,pickup,2023,5,315,Queens,Flushing Meadows-Corona Park,false,0.4035
yellow,93,pickup,2023,6,303,Queens,Flushing Meadows-Corona Park,false,0.4035
yellow,93,pickup,2024,2,399,Queens,Flushing Meadows-Corona Park,false,0.4035
yellow,93,pickup,2024,3,457,Queens,Flushing Meadows-Corona Park,false,0.4035
yellow,93,pickup,2024,4,482,Queens,Flushing Meadows-Corona Park,false,0.4035
yellow,93,pickup,2024,5,472,Queens,Flushing Meadows-Corona Park,false,0.4035
yellow,93,pickup,2024,6,452,Queens,Flushing Meadows-Corona Park,false,0.4035
yellow,94,dropoff,2023,2,168,Bronx,Fordham South,false,0.2394
yellow,94,dropoff,2023,3,201,Bronx,Fordham South,false,0.2394
yellow,94,dropoff,2023,4,178,Bronx,Fordham South,false,0.2394
yellow,94,dropoff,2023,5,191,Bronx,Fordham South,false,0.2394
yellow,94,dropoff,2023,6,185,Bronx,Fordham South,false,0.2394
yellow,94,dropoff,2024,2,169,Bronx,Fordham South,false,0.2394
yellow,94,dropoff,2024,3,190,Bronx,Fordham South,false,0.2394
yellow,94,dropoff,2024,4,179,Bronx,Fordham South,false,0.2394
yellow,94,dropoff,2024,5,182,Bronx,Fordham South,false,0.2394
yellow,94,dropoff,2024,6,181,Bronx,Fordham South,false,0.2394
yellow,94,pickup,2023,2,44,Bronx,Fordham South,false,0.1124
yellow,94,pickup,2023,3,61,Bronx,Fordham South,false,0.1124
yellow,94,pickup,2023,4,55,Bronx,Fordham South,false,0.1124
yellow,94,pickup,2023,5,49,Bronx,Fordham South,false,0.1124
yellow,94,pickup,2023,6,49,Bronx,Fordham South,false,0.1124
yellow,94,pickup,2024,2,86,Bronx,Fordham South,false,0.1124
yellow,94,pickup,2024,3,76,Bronx,Fordham South,false,0.1124
yellow,94,pickup,2024,4,82,Bronx,Fordham South,false,0.1124
yellow,94,pickup,2024,5,76,Bronx,Fordham South,false,0.1124
yellow,94,pickup,2024,6,88,Bronx,Fordham South,false,0.1124
yellow,95,dropoff,2023,2,3308,Queens,Forest Hills,false,0.2643
yellow,95,dropoff,2023,3,4062,Queens,Forest Hills,false,0.2643
yellow,95,dropoff,2023,4,3996,Queens,Forest Hills,false,0.2643
yellow,95,dropoff,2023,5,4261,Queens,Forest Hills,false,0.2643
yellow,95,dropoff,2023,6,4029,Queens,Forest Hills,false,0.2643
yellow,95,dropoff,2024,2,3357,Queens,Forest Hills,false,0.2643
yellow,95,dropoff,2024,3,3689,Queens,Forest Hills,false,0.2643
yellow,95,dropoff,2024,4,3649,Queens,Forest Hills,false,0.2643
yellow,95,dropoff,2024,5,3887,Queens,Forest Hills,false,0.2643
yellow,95,dropoff,2024,6,3425,Queens,Forest Hills,false,0.2643
yellow,95,pickup,2023,2,296,Queens,Forest Hills,false,0.0874
yellow,95,pickup,2023,3,383,Queens,Forest Hills,false,0.0874
yellow,95,pickup,2023,4,320,Queens,Forest Hills,false,0.0874
yellow,95,pickup,2023,5,373,Queens,Forest Hills,false,0.0874
yellow,95,pickup,2023,6,447,Queens,Forest Hills,false,0.0874
yellow,95,pickup,2024,2,413,Queens,Forest Hills,false,0.0874
yellow,95,pickup,2024,3,427,Queens,Forest Hills,false,0.0874
yellow,95,pickup,2024,4,453,Queens,Forest Hills,false,0.0874
yellow,95,pickup,2024,5,465,Queens,Forest Hills,false,0.0874
yellow,95,pickup,2024,6,403,Queens,Forest Hills,false,0.0874
yellow,96,dropoff,2023,2,75,Queens,Forest Park/Highland Park,false,0.1628
yellow,96,dropoff,2023,3,82,Queens,Forest Park/Highland Park,false,0.1628
yellow,96,dropoff,2023,4,76,Queens,Forest Park/Highland Park,false,0.1628
yellow,96,dropoff,2023,5,76,Queens,Forest Park/Highland Park,false,0.1628
yellow,96,dropoff,2023,6,78,Queens,Forest Park/Highland Park,false,0.1628
yellow,96,dropoff,2024,2,64,Queens,Forest Park/Highland Park,false,0.1628
yellow,96,dropoff,2024,3,99,Queens,Forest Park/Highland Park,false,0.1628
yellow,96,dropoff,2024,4,89,Queens,Forest Park/Highland Park,false,0.1628
yellow,96,dropoff,2024,5,91,Queens,Forest Park/Highland Park,false,0.1628
yellow,96,dropoff,2024,6,83,Queens,Forest Park/Highland Park,false,0.1628
yellow,96,pickup,2023,2,7,Queens,Forest Park/Highland Park,false,0.0714
yellow,96,pickup,2023,3,6,Queens,Forest Park/Highland Park,false,0.0714
yellow,96,pickup,2023,4,4,Queens,Forest Park/Highland Park,false,0.0714
yellow,96,pickup,2023,5,6,Queens,Forest Park/Highland Park,false,0.0714
yellow,96,pickup,2023,6,5,Queens,Forest Park/Highland Park,false,0.0714
yellow,96,pickup,2024,2,4,Queens,Forest Park/Highland Park,false,0.0714
yellow,96,pickup,2024,3,4,Queens,Forest Park/Highland Park,false,0.0714
yellow,96,pickup,2024,4,10,Queens,Forest Park/Highland Park,false,0.0714
yellow,96,pickup,2024,5,12,Queens,Forest Park/Highland Park,false,0.0714
yellow,96,pickup,2024,6,9,Queens,Forest Park/Highland Park,false,0.0714
yellow,97,dropoff,2023,2,3590,Brooklyn,Fort Greene,false,0.5303
yellow,97,dropoff,2023,3,4311,Brooklyn,Fort Greene,false,0.5303
yellow,97,dropoff,2023,4,4247,Brooklyn,Fort Greene,false,0.5303
yellow,97,dropoff,2023,5,4365,Brooklyn,Fort Greene,false,0.5303
yellow,97,dropoff,2023,6,4134,Brooklyn,Fort Greene,false,0.5303
yellow,97,dropoff,2024,2,3383,Brooklyn,Fort Greene,false,0.5303
yellow,97,dropoff,2024,3,3790,Brooklyn,Fort Greene,false,0.5303
yellow,97,dropoff,2024,4,3854,Brooklyn,Fort Greene,false,0.5303
yellow,97,dropoff,2024,5,3977,Brooklyn,Fort Greene,false,0.5303
yellow,97,dropoff,2024,6,3900,Brooklyn,Fort Greene,false,0.5303
yellow,97,pickup,2023,2,883,Brooklyn,Fort Greene,false,0.2777
yellow,97,pickup,2023,3,1117,Brooklyn,Fort Greene,false,0.2777
yellow,97,pickup,2023,4,1033,Brooklyn,Fort Greene,false,0.2777
yellow,97,pickup,2023,5,1141,Brooklyn,Fort Greene,false,0.2777
yellow,97,pickup,2023,6,917,Brooklyn,Fort Greene,false,0.2777
yellow,97,pickup,2024,2,931,Brooklyn,Fort Greene,false,0.2777
yellow,97,pickup,2024,3,1157,Brooklyn,Fort Greene,false,0.2777
yellow,97,pickup,2024,4,1164,Brooklyn,Fort Greene,false,0.2777
yellow,97,pickup,2024,5,1189,Brooklyn,Fort Greene,false,0.2777
yellow,97,pickup,2024,6,1178,Brooklyn,Fort Greene,false,0.2777
yellow,98,dropoff,2023,2,306,Queens,Fresh Meadows,false,0.1167
yellow,98,dropoff,2023,3,395,Queens,Fresh Meadows,false,0.1167
yellow,98,dropoff,2023,4,428,Queens,Fresh Meadows,false,0.1167
yellow,98,dropoff,2023,5,466,Queens,Fresh Meadows,false,0.1167
yellow,98,dropoff,2023,6,608,Queens,Fresh Meadows,false,0.1167
yellow,98,dropoff,2024,2,362,Queens,Fresh Meadows,false,0.1167
yellow,98,dropoff,2024,3,386,Queens,Fresh Meadows,false,0.1167
yellow,98,dropoff,2024,4,387,Queens,Fresh Meadows,false,0.1167
yellow,98,dropoff,2024,5,468,Queens,Fresh Meadows,false,0.1167
yellow,98,dropoff,2024,6,523,Queens,Fresh Meadows,false,0.1167
yellow,98,pickup,2023,2,25,Queens,Fresh Meadows,false,0.1542
yellow,98,pickup,2023,3,38,Queens,Fresh Meadows,false,0.1542
yellow,98,pickup,2023,4,36,Queens,Fresh Meadows,false,0.1542
yellow,98,pickup,2023,5,50,Queens,Fresh Meadows,false,0.1542
yellow,98,pickup,2023,6,52,Queens,Fresh Meadows,false,0.1542
yellow,98,pickup,2024,2,53,Queens,Fresh Meadows,false,0.1542
yellow,98,pickup,2024,3,65,Queens,Fresh Meadows,false,0.1542
yellow,98,pickup,2024,4,58,Queens,Fresh Meadows,false,0.1542
yellow,98,pickup,2024,5,69,Queens,Fresh Meadows,false,0.1542
yellow,98,pickup,2024,6,68,Queens,Fresh Meadows,false,0.1542
yellow,99,dropoff,2023,2,5,Staten Island,Freshkills Park,false,0.3
yellow,99,dropoff,2023,3,2,Staten Island,Freshkills Park,false,0.3
yellow,99,dropoff,2023,4,4,Staten Island,Freshkills Park,false,0.3
yellow,99,dropoff,2023,5,4,Staten Island,Freshkills Park,false,0.3
yellow,99,dropoff,2023,6,5,Staten Island,Freshkills Park,false,0.3
yellow,99,dropoff,2024,2,1,Staten Island,Freshkills Park,false,0.3
yellow,99,dropoff,2024,3,1,Staten Island,Freshkills Park,false,0.3
yellow,99,dropoff,2024,4,1,Staten Island,Freshkills Park,false,0.3
yellow,99,pickup,2023,2,1,Staten Island,Freshkills Park,false,0.0
yellow,99,pickup,2023,4,1,Staten Island,Freshkills Park,false,0.0
yellow,99,pickup,2023,6,3,Staten Island,Freshkills Park,false,0.0
yellow,100,dropoff,2023,2,38940,Manhattan,Garment District,true,1.0
yellow,100,dropoff,2023,3,45964,Manhattan,Garment District,true,1.0
yellow,100,dropoff,2023,4,42144,Manhattan,Garment District,true,1.0
yellow,100,dropoff,2023,5,43826,Manhattan,Garment District,true,1.0
yellow,100,dropoff,2023,6,43282,Manhattan,Garment District,true,1.0
yellow,100,dropoff,2024,2,35650,Manhattan,Garment District,true,1.0
yellow,100,dropoff,2024,3,40396,Manhattan,Garment District,true,1.0
yellow,100,dropoff,2024,4,38075,Manhattan,Garment District,true,1.0
yellow,100,dropoff,2024,5,41678,Manhattan,Garment District,true,1.0
yellow,100,dropoff,2024,6,40571,Manhattan,Garment District,true,1.0
yellow,100,pickup,2023,2,46853,Manhattan,Garment District,true,1.0
yellow,100,pickup,2023,3,55427,Manhattan,Garment District,true,1.0
yellow,100,pickup,2023,4,50905,Manhattan,Garment District,true,1.0
yellow,100,pickup,2023,5,53137,Manhattan,Garment District,true,1.0
yellow,100,pickup,2023,6,51372,Manhattan,Garment District,true,1.0
yellow,100,pickup,2024,2,42901,Manhattan,Garment District,true,1.0
yellow,100,pickup,2024,3,48778,Manhattan,Garment District,true,1.0
yellow,100,pickup,2024,4,46372,Manhattan,Garment District,true,1.0
yellow,100,pickup,2024,5,49260,Manhattan,Garment District,true,1.0
yellow,100,pickup,2024,6,48116,Manhattan,Garment District,true,1.0
yellow,101,dropoff,2023,2,245,Queens,Glen Oaks,false,0.0732
yellow,101,dropoff,2023,3,315,Queens,Glen Oaks,false,0.0732
yellow,101,dropoff,2023,4,318,Queens,Glen Oaks,false,0.0732
yellow,101,dropoff,2023,5,328,Queens,Glen Oaks,false,0.0732
yellow,101,dropoff,2023,6,338,Queens,Glen Oaks,false,0.0732
yellow,101,dropoff,2024,2,221,Queens,Glen Oaks,false,0.0732
yellow,101,dropoff,2024,3,244,Queens,Glen Oaks,false,0.0732
yellow,101,dropoff,2024,4,289,Queens,Glen Oaks,false,0.0732
yellow,101,dropoff,2024,5,277,Queens,Glen Oaks,false,0.0732
yellow,101,dropoff,2024,6,251,Queens,Glen Oaks,false,0.0732
yellow,101,pickup,2023,2,36,Queens,Glen Oaks,false,0.0984
yellow,101,pickup,2023,3,37,Queens,Glen Oaks,false,0.0984
yellow,101,pickup,2023,4,52,Queens,Glen Oaks,false,0.0984
yellow,101,pickup,2023,5,55,Queens,Glen Oaks,false,0.0984
yellow,101,pickup,2023,6,64,Queens,Glen Oaks,false,0.0984
yellow,101,pickup,2024,2,40,Queens,Glen Oaks,false,0.0984
yellow,101,pickup,2024,3,33,Queens,Glen Oaks,false,0.0984
yellow,101,pickup,2024,4,42,Queens,Glen Oaks,false,0.0984
yellow,101,pickup,2024,5,57,Queens,Glen Oaks,false,0.0984
yellow,101,pickup,2024,6,38,Queens,Glen Oaks,false,0.0984
yellow,102,dropoff,2023,2,458,Queens,Glendale,false,0.231
yellow,102,dropoff,2023,3,566,Queens,Glendale,false,0.231
yellow,102,dropoff,2023,4,553,Queens,Glendale,false,0.231
yellow,102,dropoff,2023,5,525,Queens,Glendale,false,0.231
yellow,102,dropoff,2023,6,504,Queens,Glendale,false,0.231
yellow,102,dropoff,2024,2,451,Queens,Glendale,false,0.231
yellow,102,dropoff,2024,3,481,Queens,Glendale,false,0.231
yellow,102,dropoff,2024,4,531,Queens,Glendale,false,0.231
yellow,102,dropoff,2024,5,533,Queens,Glendale,false,0.231
yellow,102,dropoff,2024,6,488,Queens,Glendale,false,0.231
yellow,102,pickup,2023,2,32,Queens,Glendale,false,0.0526
yellow,102,pickup,2023,3,64,Queens,Glendale,false,0.0526
yellow,102,pickup,2023,4,54,Queens,Glendale,false,0.0526
yellow,102,pickup,2023,5,57,Queens,Glendale,false,0.0526
yellow,102,pickup,2023,6,40,Queens,Glendale,false,0.0526
yellow,102,pickup,2024,2,51,Queens,Glendale,false,0.0526
yellow,102,pickup,2024,3,74,Queens,Glendale,false,0.0526
yellow,102,pickup,2024,4,70,Queens,Glendale,false,0.0526
yellow,102,pickup,2024,5,76,Queens,Glendale,false,0.0526
yellow,102,pickup,2024,6,70,Queens,Glendale,false,0.0526
yellow,105,dropoff,2023,2,3,Manhattan,Governor's Island/Ellis Island/Liberty Island,false,0.5
yellow,105,dropoff,2023,4,1,Manhattan,Governor's Island/Ellis Island/Liberty Island,false,0.5
yellow,105,pickup,2023,2,1,Manhattan,Governor's Island/Ellis Island/Liberty Island,false,0.75
yellow,105,pickup,2023,5,3,Manhattan,Governor's Island/Ellis Island/Liberty Island,false,0.75
yellow,105,pickup,2024,4,1,Manhattan,Governor's Island/Ellis Island/Liberty Island,false,0.75
yellow,105,pickup,2024,6,1,Manhattan,Governor's Island/Ellis Island/Liberty Island,false,0.75
yellow,106,dropoff,2023,2,870,Brooklyn,Gowanus,false,0.4945
yellow,106,dropoff,2023,3,1006,Brooklyn,Gowanus,false,0.4945
yellow,106,dropoff,2023,4,961,Brooklyn,Gowanus,false,0.4945
yellow,106,dropoff,2023,5,1177,Brooklyn,Gowanus,false,0.4945
yellow,106,dropoff,2023,6,1104,Brooklyn,Gowanus,false,0.4945
yellow,106,dropoff,2024,2,809,Brooklyn,Gowanus,false,0.4945
yellow,106,dropoff,2024,3,1004,Brooklyn,Gowanus,false,0.4945
yellow,106,dropoff,2024,4,969,Brooklyn,Gowanus,false,0.4945
yellow,106,dropoff,2024,5,1006,Brooklyn,Gowanus,false,0.4945
yellow,106,dropoff,2024,6,1027,Brooklyn,Gowanus,false,0.4945
yellow,106,pickup,2023,2,80,Brooklyn,Gowanus,false,0.0963
yellow,106,pickup,2023,3,89,Brooklyn,Gowanus,false,0.0963
yellow,106,pickup,2023,4,85,Brooklyn,Gowanus,false,0.0963
yellow,106,pickup,2023,5,104,Brooklyn,Gowanus,false,0.0963
yellow,106,pickup,2023,6,130,Brooklyn,Gowanus,false,0.0963
yellow,106,pickup,2024,2,84,Brooklyn,Gowanus,false,0.0963
yellow,106,pickup,2024,3,127,Brooklyn,Gowanus,false,0.0963
yellow,106,pickup,2024,4,117,Brooklyn,Gowanus,false,0.0963
yellow,106,pickup,2024,5,126,Brooklyn,Gowanus,false,0.0963
yellow,106,pickup,2024,6,109,Brooklyn,Gowanus,false,0.0963
yellow,107,dropoff,2023,2,56513,Manhattan,Gramercy,true,1.0
yellow,107,dropoff,2023,3,64546,Manhattan,Gramercy,true,1.0
yellow,107,dropoff,2023,4,60926,Manhattan,Gramercy,true,1.0
yellow,107,dropoff,2023,5,63283,Manhattan,Gramercy,true,1.0
yellow,107,dropoff,2023,6,60762,Manhattan,Gramercy,true,1.0
yellow,107,dropoff,2024,2,56800,Manhattan,Gramercy,true,1.0
yellow,107,dropoff,2024,3,62049,Manhattan,Gramercy,true,1.0
yellow,107,dropoff,2024,4,58047,Manhattan,Gramercy,true,1.0
yellow,107,dropoff,2024,5,61360,Manhattan,Gramercy,true,1.0
yellow,107,dropoff,2024,6,58800,Manhattan,Gramercy,true,1.0
yellow,107,pickup,2023,2,60686,Manhattan,Gramercy,true,1.0
yellow,107,pickup,2023,3,70658,Manhattan,Gramercy,true,1.0
yellow,107,pickup,2023,4,67378,Manhattan,Gramercy,true,1.0
yellow,107,pickup,2023,5,70128,Manhattan,Gramercy,true,1.0
yellow,107,pickup,2023,6,65830,Manhattan,Gramercy,true,1.0
yellow,107,pickup,2024,2,55878,Manhattan,Gramercy,true,1.0
yellow,107,pickup,2024,3,63458,Manhattan,Gramercy,true,1.0
yellow,107,pickup,2024,4,58503,Manhattan,Gramercy,true,1.0
yellow,107,pickup,2024,5,63194,Manhattan,Gramercy,true,1.0
yellow,107,pickup,2024,6,60909,Manhattan,Gramercy,true,1.0
yellow,108,dropoff,2023,2,202,Brooklyn,Gravesend,false,0.1694
yellow,108,dropoff,2023,3,255,Brooklyn,Gravesend,false,0.1694
yellow,108,dropoff,2023,4,227,Brooklyn,Gravesend,false,0.1694
yellow,108,dropoff,2023,5,283,Brooklyn,Gravesend,false,0.1694
yellow,108,dropoff,2023,6,261,Brooklyn,Gravesend,false,0.1694
yellow,108,dropoff,2024,2,185,Brooklyn,Gravesend,false,0.1694
yellow,108,dropoff,2024,3,218,Brooklyn,Gravesend,false,0.1694
yellow,108,dropoff,2024,4,249,Brooklyn,Gravesend,false,0.1694
yellow,108,dropoff,2024,5,324,Brooklyn,Gravesend,false,0.1694
yellow,108,dropoff,2024,6,274,Brooklyn,Gravesend,false,0.1694
yellow,108,pickup,2023,2,72,Brooklyn,Gravesend,false,0.177
yellow,108,pickup,2023,3,118,Brooklyn,Gravesend,false,0.177
yellow,108,pickup,2023,4,117,Brooklyn,Gravesend,false,0.177
yellow,108,pickup,2023,5,136,Brooklyn,Gravesend,false,0.177
yellow,108,pickup,2023,6,105,Brooklyn,Gravesend,false,0.177
yellow,108,pickup,2024,2,92,Brooklyn,Gravesend,false,0.177
yellow,108,pickup,2024,3,147,Brooklyn,Gravesend,false,0.177
yellow,108,pickup,2024,4,170,Brooklyn,Gravesend,false,0.177
yellow,108,pickup,2024,5,174,Brooklyn,Gravesend,false,0.177
yellow,108,pickup,2024,6,169,Brooklyn,Gravesend,false,0.177
yellow,109,dropoff,2023,2,22,Staten Island,Great Kills,false,0.3631
yellow,109,dropoff,2023,3,23,Staten Island,Great Kills,false,0.3631
yellow,109,dropoff,2023,4,36,Staten Island,Great Kills,false,0.3631
yellow,109,dropoff,2023,5,40,Staten Island,Great Kills,false,0.3631
yellow,109,dropoff,2023,6,47,Staten Island,Great Kills,false,0.3631
yellow,109,dropoff,2024,2,20,Staten Island,Great Kills,false,0.3631
yellow,109,dropoff,2024,3,22,Staten Island,Great Kills,false,0.3631
yellow,109,dropoff,2024,4,23,Staten Island,Great Kills,false,0.3631
yellow,109,dropoff,2024,5,29,Staten Island,Great Kills,false,0.3631
yellow,109,dropoff,2024,6,27,Staten Island,Great Kills,false,0.3631
yellow,109,pickup,2023,2,3,Staten Island,Great Kills,false,0.0
yellow,109,pickup,2023,3,1,Staten Island,Great Kills,false,0.0
yellow,109,pickup,2023,4,5,Staten Island,Great Kills,false,0.0
yellow,109,pickup,2023,5,4,Staten Island,Great Kills,false,0.0
yellow,109,pickup,2023,6,2,Staten Island,Great Kills,false,0.0
yellow,111,dropoff,2023,2,32,Brooklyn,Green-Wood Cemetery,false,0.5
yellow,111,dropoff,2023,3,25,Brooklyn,Green-Wood Cemetery,false,0.5
yellow,111,dropoff,2023,4,20,Brooklyn,Green-Wood Cemetery,false,0.5
yellow,111,dropoff,2023,5,26,Brooklyn,Green-Wood Cemetery,false,0.5
yellow,111,dropoff,2023,6,27,Brooklyn,Green-Wood Cemetery,false,0.5
yellow,111,dropoff,2024,2,19,Brooklyn,Green-Wood Cemetery,false,0.5
yellow,111,dropoff,2024,3,27,Brooklyn,Green-Wood Cemetery,false,0.5
yellow,111,dropoff,2024,4,36,Brooklyn,Green-Wood Cemetery,false,0.5
yellow,111,dropoff,2024,5,25,Brooklyn,Green-Wood Cemetery,false,0.5
yellow,111,dropoff,2024,6,21,Brooklyn,Green-Wood Cemetery,false,0.5
yellow,111,pickup,2023,3,5,Brooklyn,Green-Wood Cemetery,false,0.1667
yellow,111,pickup,2023,5,1,Brooklyn,Green-Wood Cemetery,false,0.1667
yellow,111,pickup,2024,2,3,Brooklyn,Green-Wood Cemetery,false,0.1667
yellow,111,pickup,2024,3,7,Brooklyn,Green-Wood Cemetery,false,0.1667
yellow,111,pickup,2024,4,2,Brooklyn,Green-Wood Cemetery,false,0.1667
yellow,111,pickup,2024,5,4,Brooklyn,Green-Wood Cemetery,false,0.1667
yellow,111,pickup,2024,6,6,Brooklyn,Green-Wood Cemetery,false,0.1667
yellow,112,dropoff,2023,2,5962,Brooklyn,Greenpoint,false,0.5393
yellow,112,dropoff,2023,3,6933,Brooklyn,Greenpoint,false,0.5393
yellow,112,dropoff,2023,4,6820,Brooklyn,Greenpoint,false,0.5393
yellow,112,dropoff,2023,5,7151,Brooklyn,Greenpoint,false,0.5393
yellow,112,dropoff,2023,6,6862,Brooklyn,Greenpoint,false,0.5393
yellow,112,dropoff,2024,2,5400,Brooklyn,Greenpoint,false,0.5393
yellow,112,dropoff,2024,3,6295,Brooklyn,Greenpoint,false,0.5393
yellow,112,dropoff,2024,4,6249,Brooklyn,Greenpoint,false,0.5393
yellow,112,dropoff,2024,5,6865,Brooklyn,Greenpoint,false,0.5393
yellow,112,dropoff,2024,6,6553,Brooklyn,Greenpoint,false,0.5393
yellow,112,pickup,2023,2,277,Brooklyn,Greenpoint,false,0.2598
yellow,112,pickup,2023,3,305,Brooklyn,Greenpoint,false,0.2598
yellow,112,pickup,2023,4,346,Brooklyn,Greenpoint,false,0.2598
yellow,112,pickup,2023,5,357,Brooklyn,Greenpoint,false,0.2598
yellow,112,pickup,2023,6,366,Brooklyn,Greenpoint,false,0.2598
yellow,112,pickup,2024,2,237,Brooklyn,Greenpoint,false,0.2598
yellow,112,pickup,2024,3,271,Brooklyn,Greenpoint,false,0.2598
yellow,112,pickup,2024,4,280,Brooklyn,Greenpoint,false,0.2598
yellow,112,pickup,2024,5,356,Brooklyn,Greenpoint,false,0.2598
yellow,112,pickup,2024,6,366,Brooklyn,Greenpoint,false,0.2598
yellow,113,dropoff,2023,2,37077,Manhattan,Greenwich Village North,true,1.0
yellow,113,dropoff,2023,3,42143,Manhattan,Greenwich Village North,true,1.0
yellow,113,dropoff,2023,4,40516,Manhattan,Greenwich Village North,true,1.0
yellow,113,dropoff,2023,5,41670,Manhattan,Greenwich Village North,true,1.0
yellow,113,dropoff,2023,6,37867,Manhattan,Greenwich Village North,true,1.0
yellow,113,dropoff,2024,2,37862,Manhattan,Greenwich Village North,true,1.0
yellow,113,dropoff,2024,3,40979,Manhattan,Greenwich Village North,true,1.0
yellow,113,dropoff,2024,4,40375,Manhattan,Greenwich Village North,true,1.0
yellow,113,dropoff,2024,5,41420,Manhattan,Greenwich Village North,true,1.0
yellow,113,dropoff,2024,6,38120,Manhattan,Greenwich Village North,true,1.0
yellow,113,pickup,2023,2,38166,Manhattan,Greenwich Village North,true,1.0
yellow,113,pickup,2023,3,43908,Manhattan,Greenwich Village North,true,1.0
yellow,113,pickup,2023,4,42406,Manhattan,Greenwich Village North,true,1.0
yellow,113,pickup,2023,5,44434,Manhattan,Greenwich Village North,true,1.0
yellow,113,pickup,2023,6,41261,Manhattan,Greenwich Village North,true,1.0
yellow,113,pickup,2024,2,41323,Manhattan,Greenwich Village North,true,1.0
yellow,113,pickup,2024,3,44655,Manhattan,Greenwich Village North,true,1.0
yellow,113,pickup,2024,4,42529,Manhattan,Greenwich Village North,true,1.0
yellow,113,pickup,2024,5,43630,Manhattan,Greenwich Village North,true,1.0
yellow,113,pickup,2024,6,41363,Manhattan,Greenwich Village North,true,1.0
yellow,114,dropoff,2023,2,26906,Manhattan,Greenwich Village South,true,1.0
yellow,114,dropoff,2023,3,30814,Manhattan,Greenwich Village South,true,1.0
yellow,114,dropoff,2023,4,30361,Manhattan,Greenwich Village South,true,1.0
yellow,114,dropoff,2023,5,31120,Manhattan,Greenwich Village South,true,1.0
yellow,114,dropoff,2023,6,29344,Manhattan,Greenwich Village South,true,1.0
yellow,114,dropoff,2024,2,27496,Manhattan,Greenwich Village South,true,1.0
yellow,114,dropoff,2024,3,30663,Manhattan,Greenwich Village South,true,1.0
yellow,114,dropoff,2024,4,28898,Manhattan,Greenwich Village South,true,1.0
yellow,114,dropoff,2024,5,30530,Manhattan,Greenwich Village South,true,1.0
yellow,114,dropoff,2024,6,29491,Manhattan,Greenwich Village South,true,1.0
yellow,114,pickup,2023,2,37556,Manhattan,Greenwich Village South,true,1.0
yellow,114,pickup,2023,3,42148,Manhattan,Greenwich Village South,true,1.0
yellow,114,pickup,2023,4,40962,Manhattan,Greenwich Village South,true,1.0
yellow,114,pickup,2023,5,42112,Manhattan,Greenwich Village South,true,1.0
yellow,114,pickup,2023,6,41103,Manhattan,Greenwich Village South,true,1.0
yellow,114,pickup,2024,2,41153,Manhattan,Greenwich Village South,true,1.0
yellow,114,pickup,2024,3,44374,Manhattan,Greenwich Village South,true,1.0
yellow,114,pickup,2024,4,39927,Manhattan,Greenwich Village South,true,1.0
yellow,114,pickup,2024,5,42197,Manhattan,Greenwich Village South,true,1.0
yellow,114,pickup,2024,6,42132,Manhattan,Greenwich Village South,true,1.0
yellow,115,dropoff,2023,2,35,Staten Island,Grymes Hill/Clifton,false,0.2587
yellow,115,dropoff,2023,3,48,Staten Island,Grymes Hill/Clifton,false,0.2587
yellow,115,dropoff,2023,4,28,Staten Island,Grymes Hill/Clifton,false,0.2587
yellow,115,dropoff,2023,5,47,Staten Island,Grymes Hill/Clifton,false,0.2587
yellow,115,dropoff,2023,6,43,Staten Island,Grymes Hill/Clifton,false,0.2587
yellow,115,dropoff,2024,2,33,Staten Island,Grymes Hill/Clifton,false,0.2587
yellow,115,dropoff,2024,3,30,Staten Island,Grymes Hill/Clifton,false,0.2587
yellow,115,dropoff,2024,4,42,Staten Island,Grymes Hill/Clifton,false,0.2587
yellow,115,dropoff,2024,5,31,Staten Island,Grymes Hill/Clifton,false,0.2587
yellow,115,dropoff,2024,6,47,Staten Island,Grymes Hill/Clifton,false,0.2587
yellow,115,pickup,2023,2,2,Staten Island,Grymes Hill/Clifton,false,0.0
yellow,115,pickup,2023,3,2,Staten Island,Grymes Hill/Clifton,false,0.0
yellow,115,pickup,2023,4,1,Staten Island,Grymes Hill/Clifton,false,0.0
yellow,115,pickup,2024,2,1,Staten Island,Grymes Hill/Clifton,false,0.0
yellow,115,pickup,2024,4,4,Staten Island,Grymes Hill/Clifton,false,0.0
yellow,115,pickup,2024,6,2,Staten Island,Grymes Hill/Clifton,false,0.0
yellow,116,dropoff,2023,2,6239,Manhattan,Hamilton Heights,false,0.3619
yellow,116,dropoff,2023,3,7179,Manhattan,Hamilton Heights,false,0.3619
yellow,116,dropoff,2023,4,6819,Manhattan,Hamilton Heights,false,0.3619
yellow,116,dropoff,2023,5,7235,Manhattan,Hamilton Heights,false,0.3619
yellow,116,dropoff,2023,6,6856,Manhattan,Hamilton Heights,false,0.3619
yellow,116,dropoff,2024,2,5365,Manhattan,Hamilton Heights,false,0.3619
yellow,116,dropoff,2024,3,6099,Manhattan,Hamilton Heights,false,0.3619
yellow,116,dropoff,2024,4,5824,Manhattan,Hamilton Heights,false,0.3619
yellow,116,dropoff,2024,5,6420,Manhattan,Hamilton Heights,false,0.3619
yellow,116,dropoff,2024,6,5948,Manhattan,Hamilton Heights,false,0.3619
yellow,116,pickup,2023,2,1631,Manhattan,Hamilton Heights,false,0.1734
yellow,116,pickup,2023,3,2031,Manhattan,Hamilton Heights,false,0.1734
yellow,116,pickup,2023,4,1855,Manhattan,Hamilton Heights,false,0.1734
yellow,116,pickup,2023,5,2017,Manhattan,Hamilton Heights,false,0.1734
yellow,116,pickup,2023,6,1772,Manhattan,Hamilton Heights,false,0.1734
yellow,116,pickup,2024,2,1561,Manhattan,Hamilton Heights,false,0.1734
yellow,116,pickup,2024,3,1829,Manhattan,Hamilton Heights,false,0.1734
yellow,116,pickup,2024,4,1777,Manhattan,Hamilton Heights,false,0.1734
yellow,116,pickup,2024,5,1858,Manhattan,Hamilton Heights,false,0.1734
yellow,116,pickup,2024,6,1794,Manhattan,Hamilton Heights,false,0.1734
yellow,117,dropoff,2023,2,273,Queens,Hammels/Arverne,false,0.1221
yellow,117,dropoff,2023,3,295,Queens,Hammels/Arverne,false,0.1221
yellow,117,dropoff,2023,4,322,Queens,Hammels/Arverne,false,0.1221
yellow,117,dropoff,2023,5,379,Queens,Hammels/Arverne,false,0.1221
yellow,117,dropoff,2023,6,328,Queens,Hammels/Arverne,false,0.1221
yellow,117,dropoff,2024,2,330,Queens,Hammels/Arverne,false,0.1221
yellow,117,dropoff,2024,3,368,Queens,Hammels/Arverne,false,0.1221
yellow,117,dropoff,2024,4,419,Queens,Hammels/Arverne,false,0.1221
yellow,117,dropoff,2024,5,481,Queens,Hammels/Arverne,false,0.1221
yellow,117,dropoff,2024,6,372,Queens,Hammels/Arverne,false,0.1221
yellow,117,pickup,2023,2,121,Queens,Hammels/Arverne,false,0.2738
yellow,117,pickup,2023,3,152,Queens,Hammels/Arverne,false,0.2738
yellow,117,pickup,2023,4,151,Queens,Hammels/Arverne,false,0.2738
yellow,117,pickup,2023,5,183,Queens,Hammels/Arverne,false,0.2738
yellow,117,pickup,2023,6,127,Queens,Hammels/Arverne,false,0.2738
yellow,117,pickup,2024,2,218,Queens,Hammels/Arverne,false,0.2738
yellow,117,pickup,2024,3,247,Queens,Hammels/Arverne,false,0.2738
yellow,117,pickup,2024,4,254,Queens,Hammels/Arverne,false,0.2738
yellow,117,pickup,2024,5,326,Queens,Hammels/Arverne,false,0.2738
yellow,117,pickup,2024,6,249,Queens,Hammels/Arverne,false,0.2738
yellow,118,dropoff,2023,2,66,Staten Island,Heartland Village/Todt Hill,false,0.3629
yellow,118,dropoff,2023,3,78,Staten Island,Heartland Village/Todt Hill,false,0.3629
yellow,118,dropoff,2023,4,74,Staten Island,Heartland Village/Todt Hill,false,0.3629
yellow,118,dropoff,2023,5,70,Staten Island,Heartland Village/Todt Hill,false,0.3629
yellow,118,dropoff,2023,6,84,Staten Island,Heartland Village/Todt Hill,false,0.3629
yellow,118,dropoff,2024,2,41,Staten Island,Heartland Village/Todt Hill,false,0.3629
yellow,118,dropoff,2024,3,63,Staten Island,Heartland Village/Todt Hill,false,0.3629
yellow,118,dropoff,2024,4,55,Staten Island,Heartland Village/Todt Hill,false,0.3629
yellow,118,dropoff,2024,5,56,Staten Island,Heartland Village/Todt Hill,false,0.3629
yellow,118,dropoff,2024,6,51,Staten Island,Heartland Village/Todt Hill,false,0.3629
yellow,118,pickup,2023,2,4,Staten Island,Heartland Village/Todt Hill,false,0.1364
yellow,118,pickup,2023,3,5,Staten Island,Heartland Village/Todt Hill,false,0.1364
yellow,118,pickup,2023,4,4,Staten Island,Heartland Village/Todt Hill,false,0.1364
yellow,118,pickup,2023,5,5,Staten Island,Heartland Village/Todt Hill,false,0.1364
yellow,118,pickup,2023,6,4,Staten Island,Heartland Village/Todt Hill,false,0.1364
yellow,118,pickup,2024,3,1,Staten Island,Heartland Village/Todt Hill,false,0.1364
yellow,118,pickup,2024,4,2,Staten Island,Heartland Village/Todt Hill,false,0.1364
yellow,118,pickup,2024,5,1,Staten Island,Heartland Village/Todt Hill,false,0.1364
yellow,119,dropoff,2023,2,458,Bronx,Highbridge,false,0.2891
yellow,119,dropoff,2023,3,515,Bronx,Highbridge,false,0.2891
yellow,119,dropoff,2023,4,636,Bronx,Highbridge,false,0.2891
yellow,119,dropoff,2023,5,648,Bronx,Highbridge,false,0.2891
yellow,119,dropoff,2023,6,593,Bronx,Highbridge,false,0.2891
yellow,119,dropoff,2024,2,383,Bronx,Highbridge,false,0.2891
yellow,119,dropoff,2024,3,427,Bronx,Highbridge,false,0.2891
yellow,119,dropoff,2024,4,536,Bronx,Highbridge,false,0.2891
yellow,119,dropoff,2024,5,597,Bronx,Highbridge,false,0.2891
yellow,119,dropoff,2024,6,567,Bronx,Highbridge,false,0.2891
yellow,119,pickup,2023,2,119,Bronx,Highbridge,false,0.1489
yellow,119,pickup,2023,3,131,Bronx,Highbridge,false,0.1489
yellow,119,pickup,2023,4,144,Bronx,Highbridge,false,0.1489
yellow,119,pickup,2023,5,143,Bronx,Highbridge,false,0.1489
yellow,119,pickup,2023,6,175,Bronx,Highbridge,false,0.1489
yellow,119,pickup,2024,2,141,Bronx,Highbridge,false,0.1489
yellow,119,pickup,2024,3,179,Bronx,Highbridge,false,0.1489
yellow,119,pickup,2024,4,184,Bronx,Highbridge,false,0.1489
yellow,119,pickup,2024,5,195,Bronx,Highbridge,false,0.1489
yellow,119,pickup,2024,6,171,Bronx,Highbridge,false,0.1489
yellow,120,dropoff,2023,2,94,Manhattan,Highbridge Park,false,0.3031
yellow,120,dropoff,2023,3,174,Manhattan,Highbridge Park,false,0.3031
yellow,120,dropoff,2023,4,135,Manhattan,Highbridge Park,false,0.3031
yellow,120,dropoff,2023,5,159,Manhattan,Highbridge Park,false,0.3031
yellow,120,dropoff,2023,6,144,Manhattan,Highbridge Park,false,0.3031
yellow,120,dropoff,2024,2,94,Manhattan,Highbridge Park,false,0.3031
yellow,120,dropoff,2024,3,116,Manhattan,Highbridge Park,false,0.3031
yellow,120,dropoff,2024,4,123,Manhattan,Highbridge Park,false,0.3031
yellow,120,dropoff,2024,5,138,Manhattan,Highbridge Park,false,0.3031
yellow,120,dropoff,2024,6,136,Manhattan,Highbridge Park,false,0.3031
yellow,120,pickup,2023,2,10,Manhattan,Highbridge Park,false,0.1912
yellow,120,pickup,2023,3,10,Manhattan,Highbridge Park,false,0.1912
yellow,120,pickup,2023,4,20,Manhattan,Highbridge Park,false,0.1912
yellow,120,pickup,2023,5,13,Manhattan,Highbridge Park,false,0.1912
yellow,120,pickup,2023,6,15,Manhattan,Highbridge Park,false,0.1912
yellow,120,pickup,2024,2,7,Manhattan,Highbridge Park,false,0.1912
yellow,120,pickup,2024,3,13,Manhattan,Highbridge Park,false,0.1912
yellow,120,pickup,2024,4,10,Manhattan,Highbridge Park,false,0.1912
yellow,120,pickup,2024,5,5,Manhattan,Highbridge Park,false,0.1912
yellow,120,pickup,2024,6,16,Manhattan,Highbridge Park,false,0.1912
yellow,121,dropoff,2023,2,527,Queens,Hillcrest/Pomonok,false,0.1245
yellow,121,dropoff,2023,3,623,Queens,Hillcrest/Pomonok,false,0.1245
yellow,121,dropoff,2023,4,617,Queens,Hillcrest/Pomonok,false,0.1245
yellow,121,dropoff,2023,5,675,Queens,Hillcrest/Pomonok,false,0.1245
yellow,121,dropoff,2023,6,650,Queens,Hillcrest/Pomonok,false,0.1245
yellow,121,dropoff,2024,2,550,Queens,Hillcrest/Pomonok,false,0.1245
yellow,121,dropoff,2024,3,620,Queens,Hillcrest/Pomonok,false,0.1245
yellow,121,dropoff,2024,4,621,Queens,Hillcrest/Pomonok,false,0.1245
yellow,121,dropoff,2024,5,658,Queens,Hillcrest/Pomonok,false,0.1245
yellow,121,dropoff,2024,6,580,Queens,Hillcrest/Pomonok,false,0.1245
yellow,121,pickup,2023,2,96,Queens,Hillcrest/Pomonok,false,0.054
yellow,121,pickup,2023,3,158,Queens,Hillcrest/Pomonok,false,0.054
yellow,121,pickup,2023,4,141,Queens,Hillcrest/Pomonok,false,0.054
yellow,121,pickup,2023,5,156,Queens,Hillcrest/Pomonok,false,0.054
yellow,121,pickup,2023,6,134,Queens,Hillcrest/Pomonok,false,0.054
yellow,121,pickup,2024,2,179,Queens,Hillcrest/Pomonok,false,0.054
yellow,121,pickup,2024,3,203,Queens,Hillcrest/Pomonok,false,0.054
yellow,121,pickup,2024,4,180,Queens,Hillcrest/Pomonok,false,0.054
yellow,121,pickup,2024,5,190,Queens,Hillcrest/Pomonok,false,0.054
yellow,121,pickup,2024,6,157,Queens,Hillcrest/Pomonok,false,0.054
yellow,122,dropoff,2023,2,207,Queens,Hollis,false,0.1132
yellow,122,dropoff,2023,3,265,Queens,Hollis,false,0.1132
yellow,122,dropoff,2023,4,254,Queens,Hollis,false,0.1132
yellow,122,dropoff,2023,5,266,Queens,Hollis,false,0.1132
yellow,122,dropoff,2023,6,280,Queens,Hollis,false,0.1132
yellow,122,dropoff,2024,2,209,Queens,Hollis,false,0.1132
yellow,122,dropoff,2024,3,235,Queens,Hollis,false,0.1132
yellow,122,dropoff,2024,4,261,Queens,Hollis,false,0.1132
yellow,122,dropoff,2024,5,290,Queens,Hollis,false,0.1132
yellow,122,dropoff,2024,6,271,Queens,Hollis,false,0.1132
yellow,122,pickup,2023,2,62,Queens,Hollis,false,0.1557
yellow,122,pickup,2023,3,79,Queens,Hollis,false,0.1557
yellow,122,pickup,2023,4,81,Queens,Hollis,false,0.1557
yellow,122,pickup,2023,5,75,Queens,Hollis,false,0.1557
yellow,122,pickup,2023,6,69,Queens,Hollis,false,0.1557
yellow,122,pickup,2024,2,81,Queens,Hollis,false,0.1557
yellow,122,pickup,2024,3,79,Queens,Hollis,false,0.1557
yellow,122,pickup,2024,4,96,Queens,Hollis,false,0.1557
yellow,122,pickup,2024,5,75,Queens,Hollis,false,0.1557
yellow,122,pickup,2024,6,75,Queens,Hollis,false,0.1557
yellow,123,dropoff,2023,2,461,Brooklyn,Homecrest,false,0.2247
yellow,123,dropoff,2023,3,519,Brooklyn,Homecrest,false,0.2247
yellow,123,dropoff,2023,4,479,Brooklyn,Homecrest,false,0.2247
yellow,123,dropoff,2023,5,557,Brooklyn,Homecrest,false,0.2247
yellow,123,dropoff,2023,6,467,Brooklyn,Homecrest,false,0.2247
yellow,123,dropoff,2024,2,487,Brooklyn,Homecrest,false,0.2247
yellow,123,dropoff,2024,3,557,Brooklyn,Homecrest,false,0.2247
yellow,123,dropoff,2024,4,515,Brooklyn,Homecrest,false,0.2247
yellow,123,dropoff,2024,5,622,Brooklyn,Homecrest,false,0.2247
yellow,123,dropoff,2024,6,466,Brooklyn,Homecrest,false,0.2247
yellow,123,pickup,2023,2,54,Brooklyn,Homecrest,false,0.1925
yellow,123,pickup,2023,3,66,Brooklyn,Homecrest,false,0.1925
yellow,123,pickup,2023,4,74,Brooklyn,Homecrest,false,0.1925
yellow,123,pickup,2023,5,68,Brooklyn,Homecrest,false,0.1925
yellow,123,pickup,2023,6,60,Brooklyn,Homecrest,false,0.1925
yellow,123,pickup,2024,2,123,Brooklyn,Homecrest,false,0.1925
yellow,123,pickup,2024,3,197,Brooklyn,Homecrest,false,0.1925
yellow,123,pickup,2024,4,195,Brooklyn,Homecrest,false,0.1925
yellow,123,pickup,2024,5,217,Brooklyn,Homecrest,false,0.1925
yellow,123,pickup,2024,6,179,Brooklyn,Homecrest,false,0.1925
yellow,124,dropoff,2023,2,569,Queens,Howard Beach,false,0.0934
yellow,124,dropoff,2023,3,614,Queens,Howard Beach,false,0.0934
yellow,124,dropoff,2023,4,623,Queens,Howard Beach,false,0.0934
yellow,124,dropoff,2023,5,625,Queens,Howard Beach,false,0.0934
yellow,124,dropoff,2023,6,620,Queens,Howard Beach,false,0.0934
yellow,124,dropoff,2024,2,609,Queens,Howard Beach,false,0.0934
yellow,124,dropoff,2024,3,610,Queens,Howard Beach,false,0.0934
yellow,124,dropoff,2024,4,711,Queens,Howard Beach,false,0.0934
yellow,124,dropoff,2024,5,669,Queens,Howard Beach,false,0.0934
yellow,124,dropoff,2024,6,594,Queens,Howard Beach,false,0.0934
yellow,124,pickup,2023,2,94,Queens,Howard Beach,false,0.164
yellow,124,pickup,2023,3,100,Queens,Howard Beach,false,0.164
yellow,124,pickup,2023,4,98,Queens,Howard Beach,false,0.164
yellow,124,pickup,2023,5,81,Queens,Howard Beach,false,0.164
yellow,124,pickup,2023,6,66,Queens,Howard Beach,false,0.164
yellow,124,pickup,2024,2,96,Queens,Howard Beach,false,0.164
yellow,124,pickup,2024,3,138,Queens,Howard Beach,false,0.164
yellow,124,pickup,2024,4,139,Queens,Howard Beach,false,0.164
yellow,124,pickup,2024,5,135,Queens,Howard Beach,false,0.164
yellow,124,pickup,2024,6,120,Queens,Howard Beach,false,0.164
yellow,125,dropoff,2023,2,13650,Manhattan,Hudson Sq,true,1.0
yellow,125,dropoff,2023,3,15462,Manhattan,Hudson Sq,true,1.0
yellow,125,dropoff,2023,4,14910,Manhattan,Hudson Sq,true,1.0
yellow,125,dropoff,2023,5,15840,Manhattan,Hudson Sq,true,1.0
yellow,125,dropoff,2023,6,14870,Manhattan,Hudson Sq,true,1.0
yellow,125,dropoff,2024,2,14139,Manhattan,Hudson Sq,true,1.0
yellow,125,dropoff,2024,3,15947,Manhattan,Hudson Sq,true,1.0
yellow,125,dropoff,2024,4,16107,Manhattan,Hudson Sq,true,1.0
yellow,125,dropoff,2024,5,16350,Manhattan,Hudson Sq,true,1.0
yellow,125,dropoff,2024,6,15394,Manhattan,Hudson Sq,true,1.0
yellow,125,pickup,2023,2,13609,Manhattan,Hudson Sq,true,1.0
yellow,125,pickup,2023,3,15556,Manhattan,Hudson Sq,true,1.0
yellow,125,pickup,2023,4,15610,Manhattan,Hudson Sq,true,1.0
yellow,125,pickup,2023,5,16323,Manhattan,Hudson Sq,true,1.0
yellow,125,pickup,2023,6,15705,Manhattan,Hudson Sq,true,1.0
yellow,125,pickup,2024,2,13820,Manhattan,Hudson Sq,true,1.0
yellow,125,pickup,2024,3,14937,Manhattan,Hudson Sq,true,1.0
yellow,125,pickup,2024,4,15297,Manhattan,Hudson Sq,true,1.0
yellow,125,pickup,2024,5,15563,Manhattan,Hudson Sq,true,1.0
yellow,125,pickup,2024,6,15023,Manhattan,Hudson Sq,true,1.0
yellow,126,dropoff,2023,2,202,Bronx,Hunts Point,false,0.2426
yellow,126,dropoff,2023,3,318,Bronx,Hunts Point,false,0.2426
yellow,126,dropoff,2023,4,279,Bronx,Hunts Point,false,0.2426
yellow,126,dropoff,2023,5,296,Bronx,Hunts Point,false,0.2426
yellow,126,dropoff,2023,6,265,Bronx,Hunts Point,false,0.2426
yellow,126,dropoff,2024,2,238,Bronx,Hunts Point,false,0.2426
yellow,126,dropoff,2024,3,296,Bronx,Hunts Point,false,0.2426
yellow,126,dropoff,2024,4,279,Bronx,Hunts Point,false,0.2426
yellow,126,dropoff,2024,5,293,Bronx,Hunts Point,false,0.2426
yellow,126,dropoff,2024,6,282,Bronx,Hunts Point,false,0.2426
yellow,126,pickup,2023,2,37,Bronx,Hunts Point,false,0.1767
yellow,126,pickup,2023,3,60,Bronx,Hunts Point,false,0.1767
yellow,126,pickup,2023,4,57,Bronx,Hunts Point,false,0.1767
yellow,126,pickup,2023,5,63,Bronx,Hunts Point,false,0.1767
yellow,126,pickup,2023,6,66,Bronx,Hunts Point,false,0.1767
yellow,126,pickup,2024,2,79,Bronx,Hunts Point,false,0.1767
yellow,126,pickup,2024,3,105,Bronx,Hunts Point,false,0.1767
yellow,126,pickup,2024,4,102,Bronx,Hunts Point,false,0.1767
yellow,126,pickup,2024,5,84,Bronx,Hunts Point,false,0.1767
yellow,126,pickup,2024,6,90,Bronx,Hunts Point,false,0.1767
yellow,127,dropoff,2023,2,1771,Manhattan,Inwood,false,0.4293
yellow,127,dropoff,2023,3,2114,Manhattan,Inwood,false,0.4293
yellow,127,dropoff,2023,4,2135,Manhattan,Inwood,false,0.4293
yellow,127,dropoff,2023,5,2072,Manhattan,Inwood,false,0.4293
yellow,127,dropoff,2023,6,1855,Manhattan,Inwood,false,0.4293
yellow,127,dropoff,2024,2,1593,Manhattan,Inwood,false,0.4293
yellow,127,dropoff,2024,3,1742,Manhattan,Inwood,false,0.4293
yellow,127,dropoff,2024,4,1711,Manhattan,Inwood,false,0.4293
yellow,127,dropoff,2024,5,2013,Manhattan,Inwood,false,0.4293
yellow,127,dropoff,2024,6,1610,Manhattan,Inwood,false,0.4293
yellow,127,pickup,2023,2,104,Manhattan,Inwood,false,0.2015
yellow,127,pickup,2023,3,152,Manhattan,Inwood,false,0.2015
yellow,127,pickup,2023,4,125,Manhattan,Inwood,false,0.2015
yellow,127,pickup,2023,5,146,Manhattan,Inwood,false,0.2015
yellow,127,pickup,2023,6,123,Manhattan,Inwood,false,0.2015
yellow,127,pickup,2024,2,178,Manhattan,Inwood,false,0.2015
yellow,127,pickup,2024,3,196,Manhattan,Inwood,false,0.2015
yellow,127,pickup,2024,4,204,Manhattan,Inwood,false,0.2015
yellow,127,pickup,2024,5,279,Manhattan,Inwood,false,0.2015
yellow,127,pickup,2024,6,197,Manhattan,Inwood,false,0.2015
yellow,128,dropoff,2023,2,131,Manhattan,Inwood Hill Park,false,0.3261
yellow,128,dropoff,2023,3,169,Manhattan,Inwood Hill Park,false,0.3261
yellow,128,dropoff,2023,4,159,Manhattan,Inwood Hill Park,false,0.3261
yellow,128,dropoff,2023,5,181,Manhattan,Inwood Hill Park,false,0.3261
yellow,128,dropoff,2023,6,148,Manhattan,Inwood Hill Park,false,0.3261
yellow,128,dropoff,2024,2,162,Manhattan,Inwood Hill Park,false,0.3261
yellow,128,dropoff,2024,3,159,Manhattan,Inwood Hill Park,false,0.3261
yellow,128,dropoff,2024,4,176,Manhattan,Inwood Hill Park,false,0.3261
yellow,128,dropoff,2024,5,286,Manhattan,Inwood Hill Park,false,0.3261
yellow,128,dropoff,2024,6,179,Manhattan,Inwood Hill Park,false,0.3261
yellow,128,pickup,2023,2,11,Manhattan,Inwood Hill Park,false,0.0476
yellow,128,pickup,2023,3,11,Manhattan,Inwood Hill Park,false,0.0476
yellow,128,pickup,2023,4,18,Manhattan,Inwood Hill Park,false,0.0476
yellow,128,pickup,2023,5,16,Manhattan,Inwood Hill Park,false,0.0476
yellow,128,pickup,2023,6,7,Manhattan,Inwood Hill Park,false,0.0476
yellow,128,pickup,2024,2,11,Manhattan,Inwood Hill Park,false,0.0476
yellow,128,pickup,2024,3,20,Manhattan,Inwood Hill Park,false,0.0476
yellow,128,pickup,2024,4,12,Manhattan,Inwood Hill Park,false,0.0476
yellow,128,pickup,2024,5,30,Manhattan,Inwood Hill Park,false,0.0476
yellow,128,pickup,2024,6,16,Manhattan,Inwood Hill Park,false,0.0476
yellow,129,dropoff,2023,2,3738,Queens,Jackson Heights,false,0.3214
yellow,129,dropoff,2023,3,4375,Queens,Jackson Heights,false,0.3214
yellow,129,dropoff,2023,4,4284,Queens,Jackson Heights,false,0.3214
yellow,129,dropoff,2023,5,4471,Queens,Jackson Heights,false,0.3214
yellow,129,dropoff,2023,6,4382,Queens,Jackson Heights,false,0.3214
yellow,129,dropoff,2024,2,3212,Queens,Jackson Heights,false,0.3214
yellow,129,dropoff,2024,3,3638,Queens,Jackson Heights,false,0.3214
yellow,129,dropoff,2024,4,3633,Queens,Jackson Heights,false,0.3214
yellow,129,dropoff,2024,5,3803,Queens,Jackson Heights,false,0.3214
yellow,129,dropoff,2024,6,3547,Queens,Jackson Heights,false,0.3214
yellow,129,pickup,2023,2,398,Queens,Jackson Heights,false,0.1586
yellow,129,pickup,2023,3,588,Queens,Jackson Heights,false,0.1586
yellow,129,pickup,2023,4,507,Queens,Jackson Heights,false,0.1586
yellow,129,pickup,2023,5,525,Queens,Jackson Heights,false,0.1586
yellow,129,pickup,2023,6,529,Queens,Jackson Heights,false,0.1586
yellow,129,pickup,2024,2,553,Queens,Jackson Heights,false,0.1586
yellow,129,pickup,2024,3,638,Queens,Jackson Heights,false,0.1586
yellow,129,pickup,2024,4,682,Queens,Jackson Heights,false,0.1586
yellow,129,pickup,2024,5,770,Queens,Jackson Heights,false,0.1586
yellow,129,pickup,2024,6,734,Queens,Jackson Heights,false,0.1586
yellow,130,dropoff,2023,2,1205,Queens,Jamaica,false,0.0746
yellow,130,dropoff,2023,3,1505,Queens,Jamaica,false,0.0746
yellow,130,dropoff,2023,4,1414,Queens,Jamaica,false,0.0746
yellow,130,dropoff,2023,5,1546,Queens,Jamaica,false,0.0746
yellow,130,dropoff,2023,6,1744,Queens,Jamaica,false,0.0746
yellow,130,dropoff,2024,2,1328,Queens,Jamaica,false,0.0746
yellow,130,dropoff,2024,3,1511,Queens,Jamaica,false,0.0746
yellow,130,dropoff,2024,4,1575,Queens,Jamaica,false,0.0746
yellow,130,dropoff,2024,5,1727,Queens,Jamaica,false,0.0746
yellow,130,dropoff,2024,6,1684,Queens,Jamaica,false,0.0746
yellow,130,pickup,2023,2,397,Queens,Jamaica,false,0.2559
yellow,130,pickup,2023,3,500,Queens,Jamaica,false,0.2559
yellow,130,pickup,2023,4,421,Queens,Jamaica,false,0.2559
yellow,130,pickup,2023,5,443,Queens,Jamaica,false,0.2559
yellow,130,pickup,2023,6,529,Queens,Jamaica,false,0.2559
yellow,130,pickup,2024,2,542,Queens,Jamaica,false,0.2559
yellow,130,pickup,2024,3,707,Queens,Jamaica,false,0.2559
yellow,130,pickup,2024,4,605,Queens,Jamaica,false,0.2559
yellow,130,pickup,2024,5,555,Queens,Jamaica,false,0.2559
yellow,130,pickup,2024,6,446,Queens,Jamaica,false,0.2559
yellow,131,dropoff,2023,2,546,Queens,Jamaica Estates,false,0.1227
yellow,131,dropoff,2023,3,674,Queens,Jamaica Estates,false,0.1227
yellow,131,dropoff,2023,4,692,Queens,Jamaica Estates,false,0.1227
yellow,131,dropoff,2023,5,708,Queens,Jamaica Estates,false,0.1227
yellow,131,dropoff,2023,6,706,Queens,Jamaica Estates,false,0.1227
yellow,131,dropoff,2024,2,529,Queens,Jamaica Estates,false,0.1227
yellow,131,dropoff,2024,3,573,Queens,Jamaica Estates,false,0.1227
yellow,131,dropoff,2024,4,591,Queens,Jamaica Estates,false,0.1227
yellow,131,dropoff,2024,5,676,Queens,Jamaica Estates,false,0.1227
yellow,131,dropoff,2024,6,575,Queens,Jamaica Estates,false,0.1227
yellow,131,pickup,2023,2,95,Queens,Jamaica Estates,false,0.194
yellow,131,pickup,2023,3,163,Queens,Jamaica Estates,false,0.194
yellow,131,pickup,2023,4,132,Queens,Jamaica Estates,false,0.194
yellow,131,pickup,2023,5,172,Queens,Jamaica Estates,false,0.194
yellow,131,pickup,2023,6,134,Queens,Jamaica Estates,false,0.194
yellow,131,pickup,2024,2,138,Queens,Jamaica Estates,false,0.194
yellow,131,pickup,2024,3,136,Queens,Jamaica Estates,false,0.194
yellow,131,pickup,2024,4,144,Queens,Jamaica Estates,false,0.194
yellow,131,pickup,2024,5,126,Queens,Jamaica Estates,false,0.194
yellow,131,pickup,2024,6,133,Queens,Jamaica Estates,false,0.194
yellow,132,dropoff,2023,2,26074,Queens,JFK Airport,false,0.6348
yellow,132,dropoff,2023,3,32626,Queens,JFK Airport,false,0.6348
yellow,132,dropoff,2023,4,34678,Queens,JFK Airport,false,0.6348
yellow,132,dropoff,2023,5,39178,Queens,JFK Airport,false,0.6348
yellow,132,dropoff,2023,6,36283,Queens,JFK Airport,false,0.6348
yellow,132,dropoff,2024,2,23940,Queens,JFK Airport,false,0.6348
yellow,132,dropoff,2024,3,30238,Queens,JFK Airport,false,0.6348
yellow,132,dropoff,2024,4,31668,Queens,JFK Airport,false,0.6348
yellow,132,dropoff,2024,5,36531,Queens,JFK Airport,false,0.6348
yellow,132,dropoff,2024,6,33393,Queens,JFK Airport,false,0.6348
yellow,132,pickup,2023,2,125885,Queens,JFK Airport,false,0.4038
yellow,132,pickup,2023,3,161494,Queens,JFK Airport,false,0.4038
yellow,132,pickup,2023,4,164460,Queens,JFK Airport,false,0.4038
yellow,132,pickup,2023,5,169031,Queens,JFK Airport,false,0.4038
yellow,132,pickup,2023,6,170741,Queens,JFK Airport,false,0.4038
yellow,132,pickup,2024,2,117424,Queens,JFK Airport,false,0.4038
yellow,132,pickup,2024,3,144996,Queens,JFK Airport,false,0.4038
yellow,132,pickup,2024,4,144499,Queens,JFK Airport,false,0.4038
yellow,132,pickup,2024,5,153106,Queens,JFK Airport,false,0.4038
yellow,132,pickup,2024,6,147133,Queens,JFK Airport,false,0.4038
yellow,133,dropoff,2023,2,755,Brooklyn,Kensington,false,0.4003
yellow,133,dropoff,2023,3,856,Brooklyn,Kensington,false,0.4003
yellow,133,dropoff,2023,4,854,Brooklyn,Kensington,false,0.4003
yellow,133,dropoff,2023,5,853,Brooklyn,Kensington,false,0.4003
yellow,133,dropoff,2023,6,841,Brooklyn,Kensington,false,0.4003
yellow,133,dropoff,2024,2,700,Brooklyn,Kensington,false,0.4003
yellow,133,dropoff,2024,3,768,Brooklyn,Kensington,false,0.4003
yellow,133,dropoff,2024,4,787,Brooklyn,Kensington,false,0.4003
yellow,133,dropoff,2024,5,816,Brooklyn,Kensington,false,0.4003
yellow,133,dropoff,2024,6,767,Brooklyn,Kensington,false,0.4003
yellow,133,pickup,2023,2,51,Brooklyn,Kensington,false,0.2047
yellow,133,pickup,2023,3,64,Brooklyn,Kensington,false,0.2047
yellow,133,pickup,2023,4,54,Brooklyn,Kensington,false,0.2047
yellow,133,pickup,2023,5,102,Brooklyn,Kensington,false,0.2047
yellow,133,pickup,2023,6,71,Brooklyn,Kensington,false,0.2047
yellow,133,pickup,2024,2,75,Brooklyn,Kensington,false,0.2047
yellow,133,pickup,2024,3,134,Brooklyn,Kensington,false,0.2047
yellow,133,pickup,2024,4,149,Brooklyn,Kensington,false,0.2047
yellow,133,pickup,2024,5,146,Brooklyn,Kensington,false,0.2047
yellow,133,pickup,2024,6,104,Brooklyn,Kensington,false,0.2047
yellow,134,dropoff,2023,2,936,Queens,Kew Gardens,false,0.168
yellow,134,dropoff,2023,3,1096,Queens,Kew Gardens,false,0.168
yellow,134,dropoff,2023,4,966,Queens,Kew Gardens,false,0.168
yellow,134,dropoff,2023,5,1040,Queens,Kew Gardens,false,0.168
yellow,134,dropoff,2023,6,1005,Queens,Kew Gardens,false,0.168
yellow,134,dropoff,2024,2,823,Queens,Kew Gardens,false,0.168
yellow,134,dropoff,2024,3,971,Queens,Kew Gardens,false,0.168
yellow,134,dropoff,2024,4,964,Queens,Kew Gardens,false,0.168
yellow,134,dropoff,2024,5,922,Queens,Kew Gardens,false,0.168
yellow,134,dropoff,2024,6,894,Queens,Kew Gardens,false,0.168
yellow,134,pickup,2023,2,226,Queens,Kew Gardens,false,0.0491
yellow,134,pickup,2023,3,290,Queens,Kew Gardens,false,0.0491
yellow,134,pickup,2023,4,263,Queens,Kew Gardens,false,0.0491
yellow,134,pickup,2023,5,310,Queens,Kew Gardens,false,0.0491
yellow,134,pickup,2023,6,275,Queens,Kew Gardens,false,0.0491
yellow,134,pickup,2024,2,231,Queens,Kew Gardens,false,0.0491
yellow,134,pickup,2024,3,329,Queens,Kew Gardens,false,0.0491
yellow,134,pickup,2024,4,309,Queens,Kew Gardens,false,0.0491
yellow,134,pickup,2024,5,335,Queens,Kew Gardens,false,0.0491
yellow,134,pickup,2024,6,319,Queens,Kew Gardens,false,0.0491
yellow,135,dropoff,2023,2,816,Queens,Kew Gardens Hills,false,0.1211
yellow,135,dropoff,2023,3,866,Queens,Kew Gardens Hills,false,0.1211
yellow,135,dropoff,2023,4,885,Queens,Kew Gardens Hills,false,0.1211
yellow,135,dropoff,2023,5,922,Queens,Kew Gardens Hills,false,0.1211
yellow,135,dropoff,2023,6,930,Queens,Kew Gardens Hills,false,0.1211
yellow,135,dropoff,2024,2,752,Queens,Kew Gardens Hills,false,0.1211
yellow,135,dropoff,2024,3,737,Queens,Kew Gardens Hills,false,0.1211
yellow,135,dropoff,2024,4,729,Queens,Kew Gardens Hills,false,0.1211
yellow,135,dropoff,2024,5,895,Queens,Kew Gardens Hills,false,0.1211
yellow,135,dropoff,2024,6,711,Queens,Kew Gardens Hills,false,0.1211
yellow,135,pickup,2023,2,150,Queens,Kew Gardens Hills,false,0.167
yellow,135,pickup,2023,3,199,Queens,Kew Gardens Hills,false,0.167
yellow,135,pickup,2023,4,171,Queens,Kew Gardens Hills,false,0.167
yellow,135,pickup,2023,5,193,Queens,Kew Gardens Hills,false,0.167
yellow,135,pickup,2023,6,167,Queens,Kew Gardens Hills,false,0.167
yellow,135,pickup,2024,2,109,Queens,Kew Gardens Hills,false,0.167
yellow,135,pickup,2024,3,127,Queens,Kew Gardens Hills,false,0.167
yellow,135,pickup,2024,4,108,Queens,Kew Gardens Hills,false,0.167
yellow,135,pickup,2024,5,135,Queens,Kew Gardens Hills,false,0.167
yellow,135,pickup,2024,6,114,Queens,Kew Gardens Hills,false,0.167
yellow,136,dropoff,2023,2,306,Bronx,Kingsbridge Heights,false,0.2558
yellow,136,dropoff,2023,3,386,Bronx,Kingsbridge Heights,false,0.2558
yellow,136,dropoff,2023,4,360,Bronx,Kingsbridge Heights,false,0.2558
yellow,136,dropoff,2023,5,389,Bronx,Kingsbridge Heights,false,0.2558
yellow,136,dropoff,2023,6,338,Bronx,Kingsbridge Heights,false,0.2558
yellow,136,dropoff,2024,2,282,Bronx,Kingsbridge Heights,false,0.2558
yellow,136,dropoff,2024,3,331,Bronx,Kingsbridge Heights,false,0.2558
yellow,136,dropoff,2024,4,348,Bronx,Kingsbridge Heights,false,0.2558
yellow,136,dropoff,2024,5,330,Bronx,Kingsbridge Heights,false,0.2558
yellow,136,dropoff,2024,6,301,Bronx,Kingsbridge Heights,false,0.2558
yellow,136,pickup,2023,2,106,Bronx,Kingsbridge Heights,false,0.3175
yellow,136,pickup,2023,3,136,Bronx,Kingsbridge Heights,false,0.3175
yellow,136,pickup,2023,4,115,Bronx,Kingsbridge Heights,false,0.3175
yellow,136,pickup,2023,5,129,Bronx,Kingsbridge Heights,false,0.3175
yellow,136,pickup,2023,6,103,Bronx,Kingsbridge Heights,false,0.3175
yellow,136,pickup,2024,2,91,Bronx,Kingsbridge Heights,false,0.3175
yellow,136,pickup,2024,3,102,Bronx,Kingsbridge Heights,false,0.3175
yellow,136,pickup,2024,4,123,Bronx,Kingsbridge Heights,false,0.3175
yellow,136,pickup,2024,5,116,Bronx,Kingsbridge Heights,false,0.3175
yellow,136,pickup,2024,6,121,Bronx,Kingsbridge Heights,false,0.3175
yellow,137,dropoff,2023,2,36888,Manhattan,Kips Bay,true,1.0
yellow,137,dropoff,2023,3,42036,Manhattan,Kips Bay,true,1.0
yellow,137,dropoff,2023,4,38459,Manhattan,Kips Bay,true,1.0
yellow,137,dropoff,2023,5,40642,Manhattan,Kips Bay,true,1.0
yellow,137,dropoff,2023,6,38710,Manhattan,Kips Bay,true,1.0
yellow,137,dropoff,2024,2,35724,Manhattan,Kips Bay,true,1.0
yellow,137,dropoff,2024,3,39746,Manhattan,Kips Bay,true,1.0
yellow,137,dropoff,2024,4,36174,Manhattan,Kips Bay,true,1.0
yellow,137,dropoff,2024,5,38388,Manhattan,Kips Bay,true,1.0
yellow,137,dropoff,2024,6,36916,Manhattan,Kips Bay,true,1.0
yellow,137,pickup,2023,2,32246,Manhattan,Kips Bay,true,1.0
yellow,137,pickup,2023,3,37162,Manhattan,Kips Bay,true,1.0
yellow,137,pickup,2023,4,33424,Manhattan,Kips Bay,true,1.0
yellow,137,pickup,2023,5,34656,Manhattan,Kips Bay,true,1.0
yellow,137,pickup,2023,6,33102,Manhattan,Kips Bay,true,1.0
yellow,137,pickup,2024,2,29424,Manhattan,Kips Bay,true,1.0
yellow,137,pickup,2024,3,33049,Manhattan,Kips Bay,true,1.0
yellow,137,pickup,2024,4,30591,Manhattan,Kips Bay,true,1.0
yellow,137,pickup,2024,5,32017,Manhattan,Kips Bay,true,1.0
yellow,137,pickup,2024,6,30206,Manhattan,Kips Bay,true,1.0
yellow,138,dropoff,2023,2,29127,Queens,LaGuardia Airport,false,0.6576
yellow,138,dropoff,2023,3,38528,Queens,LaGuardia Airport,false,0.6576
yellow,138,dropoff,2023,4,36067,Queens,LaGuardia Airport,false,0.6576
yellow,138,dropoff,2023,5,41752,Queens,LaGuardia Airport,false,0.6576
yellow,138,dropoff,2023,6,39218,Queens,LaGuardia Airport,false,0.6576
yellow,138,dropoff,2024,2,28302,Queens,LaGuardia Airport,false,0.6576
yellow,138,dropoff,2024,3,35262,Queens,LaGuardia Airport,false,0.6576
yellow,138,dropoff,2024,4,33574,Queens,LaGuardia Airport,false,0.6576
yellow,138,dropoff,2024,5,38970,Queens,LaGuardia Airport,false,0.6576
yellow,138,dropoff,2024,6,37807,Queens,LaGuardia Airport,false,0.6576
yellow,138,pickup,2023,2,82226,Queens,LaGuardia Airport,false,0.4734
yellow,138,pickup,2023,3,111827,Queens,LaGuardia Airport,false,0.4734
yellow,138,pickup,2023,4,108411,Queens,LaGuardia Airport,false,0.4734
yellow,138,pickup,2023,5,128176,Queens,LaGuardia Airport,false,0.4734
yellow,138,pickup,2023,6,116116,Queens,LaGuardia Airport,false,0.4734
yellow,138,pickup,2024,2,84396,Queens,LaGuardia Airport,false,0.4734
yellow,138,pickup,2024,3,103802,Queens,LaGuardia Airport,false,0.4734
yellow,138,pickup,2024,4,107445,Queens,LaGuardia Airport,false,0.4734
yellow,138,pickup,2024,5,122079,Queens,LaGuardia Airport,false,0.4734
yellow,138,pickup,2024,6,110907,Queens,LaGuardia Airport,false,0.4734
yellow,139,dropoff,2023,2,468,Queens,Laurelton,false,0.0335
yellow,139,dropoff,2023,3,526,Queens,Laurelton,false,0.0335
yellow,139,dropoff,2023,4,558,Queens,Laurelton,false,0.0335
yellow,139,dropoff,2023,5,610,Queens,Laurelton,false,0.0335
yellow,139,dropoff,2023,6,610,Queens,Laurelton,false,0.0335
yellow,139,dropoff,2024,2,502,Queens,Laurelton,false,0.0335
yellow,139,dropoff,2024,3,510,Queens,Laurelton,false,0.0335
yellow,139,dropoff,2024,4,581,Queens,Laurelton,false,0.0335
yellow,139,dropoff,2024,5,614,Queens,Laurelton,false,0.0335
yellow,139,dropoff,2024,6,614,Queens,Laurelton,false,0.0335
yellow,139,pickup,2023,2,106,Queens,Laurelton,false,0.103
yellow,139,pickup,2023,3,124,Queens,Laurelton,false,0.103
yellow,139,pickup,2023,4,107,Queens,Laurelton,false,0.103
yellow,139,pickup,2023,5,117,Queens,Laurelton,false,0.103
yellow,139,pickup,2023,6,119,Queens,Laurelton,false,0.103
yellow,139,pickup,2024,2,132,Queens,Laurelton,false,0.103
yellow,139,pickup,2024,3,171,Queens,Laurelton,false,0.103
yellow,139,pickup,2024,4,177,Queens,Laurelton,false,0.103
yellow,139,pickup,2024,5,161,Queens,Laurelton,false,0.103
yellow,139,pickup,2024,6,123,Queens,Laurelton,false,0.103
yellow,140,dropoff,2023,2,58156,Manhattan,Lenox Hill East,false,0.4672
yellow,140,dropoff,2023,3,67255,Manhattan,Lenox Hill East,false,0.4672
yellow,140,dropoff,2023,4,60564,Manhattan,Lenox Hill East,false,0.4672
yellow,140,dropoff,2023,5,66904,Manhattan,Lenox Hill East,false,0.4672
yellow,140,dropoff,2023,6,61917,Manhattan,Lenox Hill East,false,0.4672
yellow,140,dropoff,2024,2,57555,Manhattan,Lenox Hill East,false,0.4672
yellow,140,dropoff,2024,3,62791,Manhattan,Lenox Hill East,false,0.4672
yellow,140,dropoff,2024,4,60890,Manhattan,Lenox Hill East,false,0.4672
yellow,140,dropoff,2024,5,65130,Manhattan,Lenox Hill East,false,0.4672
yellow,140,dropoff,2024,6,58764,Manhattan,Lenox Hill East,false,0.4672
yellow,140,pickup,2023,2,58649,Manhattan,Lenox Hill East,false,0.3879
yellow,140,pickup,2023,3,67189,Manhattan,Lenox Hill East,false,0.3879
yellow,140,pickup,2023,4,58859,Manhattan,Lenox Hill East,false,0.3879
yellow,140,pickup,2023,5,65098,Manhattan,Lenox Hill East,false,0.3879
yellow,140,pickup,2023,6,59920,Manhattan,Lenox Hill East,false,0.3879
yellow,140,pickup,2024,2,57444,Manhattan,Lenox Hill East,false,0.3879
yellow,140,pickup,2024,3,61409,Manhattan,Lenox Hill East,false,0.3879
yellow,140,pickup,2024,4,60350,Manhattan,Lenox Hill East,false,0.3879
yellow,140,pickup,2024,5,63124,Manhattan,Lenox Hill East,false,0.3879
yellow,140,pickup,2024,6,56444,Manhattan,Lenox Hill East,false,0.3879
yellow,141,dropoff,2023,2,77408,Manhattan,Lenox Hill West,false,0.483
yellow,141,dropoff,2023,3,87512,Manhattan,Lenox Hill West,false,0.483
yellow,141,dropoff,2023,4,82518,Manhattan,Lenox Hill West,false,0.483
yellow,141,dropoff,2023,5,86655,Manhattan,Lenox Hill West,false,0.483
yellow,141,dropoff,2023,6,81384,Manhattan,Lenox Hill West,false,0.483
yellow,141,dropoff,2024,2,76989,Manhattan,Lenox Hill West,false,0.483
yellow,141,dropoff,2024,3,83023,Manhattan,Lenox Hill West,false,0.483
yellow,141,dropoff,2024,4,80694,Manhattan,Lenox Hill West,false,0.483
yellow,141,dropoff,2024,5,84702,Manhattan,Lenox Hill West,false,0.483
yellow,141,dropoff,2024,6,78003,Manhattan,Lenox Hill West,false,0.483
yellow,141,pickup,2023,2,70430,Manhattan,Lenox Hill West,false,0.4078
yellow,141,pickup,2023,3,79004,Manhattan,Lenox Hill West,false,0.4078
yellow,141,pickup,2023,4,74890,Manhattan,Lenox Hill West,false,0.4078
yellow,141,pickup,2023,5,76946,Manhattan,Lenox Hill West,false,0.4078
yellow,141,pickup,2023,6,72883,Manhattan,Lenox Hill West,false,0.4078
yellow,141,pickup,2024,2,66734,Manhattan,Lenox Hill West,false,0.4078
yellow,141,pickup,2024,3,73074,Manhattan,Lenox Hill West,false,0.4078
yellow,141,pickup,2024,4,69421,Manhattan,Lenox Hill West,false,0.4078
yellow,141,pickup,2024,5,73349,Manhattan,Lenox Hill West,false,0.4078
yellow,141,pickup,2024,6,68038,Manhattan,Lenox Hill West,false,0.4078
yellow,142,dropoff,2023,2,76899,Manhattan,Lincoln Square East,false,0.4546
yellow,142,dropoff,2023,3,90686,Manhattan,Lincoln Square East,false,0.4546
yellow,142,dropoff,2023,4,90326,Manhattan,Lincoln Square East,false,0.4546
yellow,142,dropoff,2023,5,97744,Manhattan,Lincoln Square East,false,0.4546
yellow,142,dropoff,2023,6,86380,Manhattan,Lincoln Square East,false,0.4546
yellow,142,dropoff,2024,2,79475,Manhattan,Lincoln Square East,false,0.4546
yellow,142,dropoff,2024,3,87470,Manhattan,Lincoln Square East,false,0.4546
yellow,142,dropoff,2024,4,88830,Manhattan,Lincoln Square East,false,0.4546
yellow,142,dropoff,2024,5,94548,Manhattan,Lincoln Square East,false,0.4546
yellow,142,dropoff,2024,6,84354,Manhattan,Lincoln Square East,false,0.4546
yellow,142,pickup,2023,2,89190,Manhattan,Lincoln Square East,false,0.4372
yellow,142,pickup,2023,3,105951,Manhattan,Lincoln Square East,false,0.4372
yellow,142,pickup,2023,4,108810,Manhattan,Lincoln Square East,false,0.4372
yellow,142,pickup,2023,5,117313,Manhattan,Lincoln Square East,false,0.4372
yellow,142,pickup,2023,6,101511,Manhattan,Lincoln Square East,false,0.4372
yellow,142,pickup,2024,2,90783,Manhattan,Lincoln Square East,false,0.4372
yellow,142,pickup,2024,3,102715,Manhattan,Lincoln Square East,false,0.4372
yellow,142,pickup,2024,4,104176,Manhattan,Lincoln Square East,false,0.4372
yellow,142,pickup,2024,5,112084,Manhattan,Lincoln Square East,false,0.4372
yellow,142,pickup,2024,6,95260,Manhattan,Lincoln Square East,false,0.4372
yellow,143,dropoff,2023,2,42751,Manhattan,Lincoln Square West,false,0.4844
yellow,143,dropoff,2023,3,49340,Manhattan,Lincoln Square West,false,0.4844
yellow,143,dropoff,2023,4,46221,Manhattan,Lincoln Square West,false,0.4844
yellow,143,dropoff,2023,5,50076,Manhattan,Lincoln Square West,false,0.4844
yellow,143,dropoff,2023,6,46375,Manhattan,Lincoln Square West,false,0.4844
yellow,143,dropoff,2024,2,43042,Manhattan,Lincoln Square West,false,0.4844
yellow,143,dropoff,2024,3,46484,Manhattan,Lincoln Square West,false,0.4844
yellow,143,dropoff,2024,4,45452,Manhattan,Lincoln Square West,false,0.4844
yellow,143,dropoff,2024,5,47432,Manhattan,Lincoln Square West,false,0.4844
yellow,143,dropoff,2024,6,44576,Manhattan,Lincoln Square West,false,0.4844
yellow,143,pickup,2023,2,29609,Manhattan,Lincoln Square West,false,0.4076
yellow,143,pickup,2023,3,35446,Manhattan,Lincoln Square West,false,0.4076
yellow,143,pickup,2023,4,32840,Manhattan,Lincoln Square West,false,0.4076
yellow,143,pickup,2023,5,36406,Manhattan,Lincoln Square West,false,0.4076
yellow,143,pickup,2023,6,32873,Manhattan,Lincoln Square West,false,0.4076
yellow,143,pickup,2024,2,29916,Manhattan,Lincoln Square West,false,0.4076
yellow,143,pickup,2024,3,32437,Manhattan,Lincoln Square West,false,0.4076
yellow,143,pickup,2024,4,32274,Manhattan,Lincoln Square West,false,0.4076
yellow,143,pickup,2024,5,33630,Manhattan,Lincoln Square West,false,0.4076
yellow,143,pickup,2024,6,30736,Manhattan,Lincoln Square West,false,0.4076
yellow,144,dropoff,2023,2,25191,Manhattan,Little Italy/NoLiTa,true,1.0
yellow,144,dropoff,2023,3,28353,Manhattan,Little Italy/NoLiTa,true,1.0
yellow,144,dropoff,2023,4,29061,Manhattan,Little Italy/NoLiTa,true,1.0
yellow,144,dropoff,2023,5,29986,Manhattan,Little Italy/NoLiTa,true,1.0
yellow,144,dropoff,2023,6,28480,Manhattan,Little Italy/NoLiTa,true,1.0
yellow,144,dropoff,2024,2,25345,Manhattan,Little Italy/NoLiTa,true,1.0
yellow,144,dropoff,2024,3,28463,Manhattan,Little Italy/NoLiTa,true,1.0
yellow,144,dropoff,2024,4,26577,Manhattan,Little Italy/NoLiTa,true,1.0
yellow,144,dropoff,2024,5,29106,Manhattan,Little Italy/NoLiTa,true,1.0
yellow,144,dropoff,2024,6,28624,Manhattan,Little Italy/NoLiTa,true,1.0
yellow,144,pickup,2023,2,23745,Manhattan,Little Italy/NoLiTa,true,1.0
yellow,144,pickup,2023,3,26142,Manhattan,Little Italy/NoLiTa,true,1.0
yellow,144,pickup,2023,4,27012,Manhattan,Little Italy/NoLiTa,true,1.0
yellow,144,pickup,2023,5,28181,Manhattan,Little Italy/NoLiTa,true,1.0
yellow,144,pickup,2023,6,27395,Manhattan,Little Italy/NoLiTa,true,1.0
yellow,144,pickup,2024,2,26750,Manhattan,Little Italy/NoLiTa,true,1.0
yellow,144,pickup,2024,3,28710,Manhattan,Little Italy/NoLiTa,true,1.0
yellow,144,pickup,2024,4,26616,Manhattan,Little Italy/NoLiTa,true,1.0
yellow,144,pickup,2024,5,29048,Manhattan,Little Italy/NoLiTa,true,1.0
yellow,144,pickup,2024,6,29708,Manhattan,Little Italy/NoLiTa,true,1.0
yellow,145,dropoff,2023,2,7460,Queens,Long Island City/Hunters Point,false,0.5133
yellow,145,dropoff,2023,3,8301,Queens,Long Island City/Hunters Point,false,0.5133
yellow,145,dropoff,2023,4,7762,Queens,Long Island City/Hunters Point,false,0.5133
yellow,145,dropoff,2023,5,8492,Queens,Long Island City/Hunters Point,false,0.5133
yellow,145,dropoff,2023,6,8103,Queens,Long Island City/Hunters Point,false,0.5133
yellow,145,dropoff,2024,2,5763,Queens,Long Island City/Hunters Point,false,0.5133
yellow,145,dropoff,2024,3,7016,Queens,Long Island City/Hunters Point,false,0.5133
yellow,145,dropoff,2024,4,6545,Queens,Long Island City/Hunters Point,false,0.5133
yellow,145,dropoff,2024,5,7128,Queens,Long Island City/Hunters Point,false,0.5133
yellow,145,dropoff,2024,6,6871,Queens,Long Island City/Hunters Point,false,0.5133
yellow,145,pickup,2023,2,1004,Queens,Long Island City/Hunters Point,false,0.2933
yellow,145,pickup,2023,3,1202,Queens,Long Island City/Hunters Point,false,0.2933
yellow,145,pickup,2023,4,1194,Queens,Long Island City/Hunters Point,false,0.2933
yellow,145,pickup,2023,5,1293,Queens,Long Island City/Hunters Point,false,0.2933
yellow,145,pickup,2023,6,1161,Queens,Long Island City/Hunters Point,false,0.2933
yellow,145,pickup,2024,2,1035,Queens,Long Island City/Hunters Point,false,0.2933
yellow,145,pickup,2024,3,1312,Queens,Long Island City/Hunters Point,false,0.2933
yellow,145,pickup,2024,4,1195,Queens,Long Island City/Hunters Point,false,0.2933
yellow,145,pickup,2024,5,1368,Queens,Long Island City/Hunters Point,false,0.2933
yellow,145,pickup,2024,6,1205,Queens,Long Island City/Hunters Point,false,0.2933
yellow,146,dropoff,2023,2,2355,Queens,Long Island City/Queens Plaza,false,0.4218
yellow,146,dropoff,2023,3,2924,Queens,Long Island City/Queens Plaza,false,0.4218
yellow,146,dropoff,2023,4,2853,Queens,Long Island City/Queens Plaza,false,0.4218
yellow,146,dropoff,2023,5,3068,Queens,Long Island City/Queens Plaza,false,0.4218
yellow,146,dropoff,2023,6,3065,Queens,Long Island City/Queens Plaza,false,0.4218
yellow,146,dropoff,2024,2,1779,Queens,Long Island City/Queens Plaza,false,0.4218
yellow,146,dropoff,2024,3,2186,Queens,Long Island City/Queens Plaza,false,0.4218
yellow,146,dropoff,2024,4,2149,Queens,Long Island City/Queens Plaza,false,0.4218
yellow,146,dropoff,2024,5,2331,Queens,Long Island City/Queens Plaza,false,0.4218
yellow,146,dropoff,2024,6,2275,Queens,Long Island City/Queens Plaza,false,0.4218
yellow,146,pickup,2023,2,1253,Queens,Long Island City/Queens Plaza,false,0.2751
yellow,146,pickup,2023,3,1465,Queens,Long Island City/Queens Plaza,false,0.2751
yellow,146,pickup,2023,4,1344,Queens,Long Island City/Queens Plaza,false,0.2751
yellow,146,pickup,2023,5,1499,Queens,Long Island City/Queens Plaza,false,0.2751
yellow,146,pickup,2023,6,1394,Queens,Long Island City/Queens Plaza,false,0.2751
yellow,146,pickup,2024,2,982,Queens,Long Island City/Queens Plaza,false,0.2751
yellow,146,pickup,2024,3,1242,Queens,Long Island City/Queens Plaza,false,0.2751
yellow,146,pickup,2024,4,1078,Queens,Long Island City/Queens Plaza,false,0.2751
yellow,146,pickup,2024,5,1202,Queens,Long Island City/Queens Plaza,false,0.2751
yellow,146,pickup,2024,6,1106,Queens,Long Island City/Queens Plaza,false,0.2751
yellow,147,dropoff,2023,2,232,Bronx,Longwood,false,0.2339
yellow,147,dropoff,2023,3,278,Bronx,Longwood,false,0.2339
yellow,147,dropoff,2023,4,298,Bronx,Longwood,false,0.2339
yellow,147,dropoff,2023,5,249,Bronx,Longwood,false,0.2339
yellow,147,dropoff,2023,6,234,Bronx,Longwood,false,0.2339
yellow,147,dropoff,2024,2,201,Bronx,Longwood,false,0.2339
yellow,147,dropoff,2024,3,235,Bronx,Longwood,false,0.2339
yellow,147,dropoff,2024,4,256,Bronx,Longwood,false,0.2339
yellow,147,dropoff,2024,5,238,Bronx,Longwood,false,0.2339
yellow,147,dropoff,2024,6,244,Bronx,Longwood,false,0.2339
yellow,147,pickup,2023,2,44,Bronx,Longwood,false,0.0692
yellow,147,pickup,2023,3,59,Bronx,Longwood,false,0.0692
yellow,147,pickup,2023,4,49,Bronx,Longwood,false,0.0692
yellow,147,pickup,2023,5,55,Bronx,Longwood,false,0.0692
yellow,147,pickup,2023,6,53,Bronx,Longwood,false,0.0692
yellow,147,pickup,2024,2,76,Bronx,Longwood,false,0.0692
yellow,147,pickup,2024,3,93,Bronx,Longwood,false,0.0692
yellow,147,pickup,2024,4,105,Bronx,Longwood,false,0.0692
yellow,147,pickup,2024,5,113,Bronx,Longwood,false,0.0692
yellow,147,pickup,2024,6,104,Bronx,Longwood,false,0.0692
yellow,148,dropoff,2023,2,27909,Manhattan,Lower East Side,true,1.0
yellow,148,dropoff,2023,3,31083,Manhattan,Lower East Side,true,1.0
yellow,148,dropoff,2023,4,31548,Manhattan,Lower East Side,true,1.0
yellow,148,dropoff,2023,5,32681,Manhattan,Lower East Side,true,1.0
yellow,148,dropoff,2023,6,31262,Manhattan,Lower East Side,true,1.0
yellow,148,dropoff,2024,2,27637,Manhattan,Lower East Side,true,1.0
yellow,148,dropoff,2024,3,30170,Manhattan,Lower East Side,true,1.0
yellow,148,dropoff,2024,4,28179,Manhattan,Lower East Side,true,1.0
yellow,148,dropoff,2024,5,30968,Manhattan,Lower East Side,true,1.0
yellow,148,dropoff,2024,6,31231,Manhattan,Lower East Side,true,1.0
yellow,148,pickup,2023,2,29533,Manhattan,Lower East Side,true,1.0
yellow,148,pickup,2023,3,30992,Manhattan,Lower East Side,true,1.0
yellow,148,pickup,2023,4,32755,Manhattan,Lower East Side,true,1.0
yellow,148,pickup,2023,5,33080,Manhattan,Lower East Side,true,1.0
yellow,148,pickup,2023,6,32639,Manhattan,Lower East Side,true,1.0
yellow,148,pickup,2024,2,29613,Manhattan,Lower East Side,true,1.0
yellow,148,pickup,2024,3,31037,Manhattan,Lower East Side,true,1.0
yellow,148,pickup,2024,4,28157,Manhattan,Lower East Side,true,1.0
yellow,148,pickup,2024,5,29672,Manhattan,Lower East Side,true,1.0
yellow,148,pickup,2024,6,32060,Manhattan,Lower East Side,true,1.0
yellow,149,dropoff,2023,2,347,Brooklyn,Madison,false,0.188
yellow,149,dropoff,2023,3,396,Brooklyn,Madison,false,0.188
yellow,149,dropoff,2023,4,461,Brooklyn,Madison,false,0.188
yellow,149,dropoff,2023,5,469,Brooklyn,Madison,false,0.188
yellow,149,dropoff,2023,6,449,Brooklyn,Madison,false,0.188
yellow,149,dropoff,2024,2,333,Brooklyn,Madison,false,0.188
yellow,149,dropoff,2024,3,453,Brooklyn,Madison,false,0.188
yellow,149,dropoff,2024,4,386,Brooklyn,Madison,false,0.188
yellow,149,dropoff,2024,5,467,Brooklyn,Madison,false,0.188
yellow,149,dropoff,2024,6,414,Brooklyn,Madison,false,0.188
yellow,149,pickup,2023,2,59,Brooklyn,Madison,false,0.2006
yellow,149,pickup,2023,3,65,Brooklyn,Madison,false,0.2006
yellow,149,pickup,2023,4,78,Brooklyn,Madison,false,0.2006
yellow,149,pickup,2023,5,85,Brooklyn,Madison,false,0.2006
yellow,149,pickup,2023,6,72,Brooklyn,Madison,false,0.2006
yellow,149,pickup,2024,2,107,Brooklyn,Madison,false,0.2006
yellow,149,pickup,2024,3,129,Brooklyn,Madison,false,0.2006
yellow,149,pickup,2024,4,150,Brooklyn,Madison,false,0.2006
yellow,149,pickup,2024,5,145,Brooklyn,Madison,false,0.2006
yellow,149,pickup,2024,6,156,Brooklyn,Madison,false,0.2006
yellow,150,dropoff,2023,2,172,Brooklyn,Manhattan Beach,false,0.1837
yellow,150,dropoff,2023,3,234,Brooklyn,Manhattan Beach,false,0.1837
yellow,150,dropoff,2023,4,244,Brooklyn,Manhattan Beach,false,0.1837
yellow,150,dropoff,2023,5,241,Brooklyn,Manhattan Beach,false,0.1837
yellow,150,dropoff,2023,6,236,Brooklyn,Manhattan Beach,false,0.1837
yellow,150,dropoff,2024,2,205,Brooklyn,Manhattan Beach,false,0.1837
yellow,150,dropoff,2024,3,255,Brooklyn,Manhattan Beach,false,0.1837
yellow,150,dropoff,2024,4,245,Brooklyn,Manhattan Beach,false,0.1837
yellow,150,dropoff,2024,5,264,Brooklyn,Manhattan Beach,false,0.1837
yellow,150,dropoff,2024,6,255,Brooklyn,Manhattan Beach,false,0.1837
yellow,150,pickup,2023,2,27,Brooklyn,Manhattan Beach,false,0.2667
yellow,150,pickup,2023,3,34,Brooklyn,Manhattan Beach,false,0.2667
yellow,150,pickup,2023,4,28,Brooklyn,Manhattan Beach,false,0.2667
yellow,150,pickup,2023,5,39,Brooklyn,Manhattan Beach,false,0.2667
yellow,150,pickup,2023,6,22,Brooklyn,Manhattan Beach,false,0.2667
yellow,150,pickup,2024,2,46,Brooklyn,Manhattan Beach,false,0.2667
yellow,150,pickup,2024,3,68,Brooklyn,Manhattan Beach,false,0.2667
yellow,150,pickup,2024,4,99,Brooklyn,Manhattan Beach,false,0.2667
yellow,150,pickup,2024,5,101,Brooklyn,Manhattan Beach,false,0.2667
yellow,150,pickup,2024,6,92,Brooklyn,Manhattan Beach,false,0.2667
yellow,151,dropoff,2023,2,25888,Manhattan,Manhattan Valley,false,0.2755
yellow,151,dropoff,2023,3,29570,Manhattan,Manhattan Valley,false,0.2755
yellow,151,dropoff,2023,4,28481,Manhattan,Manhattan Valley,false,0.2755
yellow,151,dropoff,2023,5,30603,Manhattan,Manhattan Valley,false,0.2755
yellow,151,dropoff,2023,6,28045,Manhattan,Manhattan Valley,false,0.2755
yellow,151,dropoff,2024,2,24842,Manhattan,Manhattan Valley,false,0.2755
yellow,151,dropoff,2024,3,27944,Manhattan,Manhattan Valley,false,0.2755
yellow,151,dropoff,2024,4,27562,Manhattan,Manhattan Valley,false,0.2755
yellow,151,dropoff,2024,5,28779,Manhattan,Manhattan Valley,false,0.2755
yellow,151,dropoff,2024,6,26479,Manhattan,Manhattan Valley,false,0.2755
yellow,151,pickup,2023,2,22558,Manhattan,Manhattan Valley,false,0.1843
yellow,151,pickup,2023,3,25634,Manhattan,Manhattan Valley,false,0.1843
yellow,151,pickup,2023,4,25000,Manhattan,Manhattan Valley,false,0.1843
yellow,151,pickup,2023,5,27257,Manhattan,Manhattan Valley,false,0.1843
yellow,151,pickup,2023,6,24191,Manhattan,Manhattan Valley,false,0.1843
yellow,151,pickup,2024,2,21478,Manhattan,Manhattan Valley,false,0.1843
yellow,151,pickup,2024,3,23321,Manhattan,Manhattan Valley,false,0.1843
yellow,151,pickup,2024,4,24310,Manhattan,Manhattan Valley,false,0.1843
yellow,151,pickup,2024,5,24700,Manhattan,Manhattan Valley,false,0.1843
yellow,151,pickup,2024,6,22950,Manhattan,Manhattan Valley,false,0.1843
yellow,152,dropoff,2023,2,4150,Manhattan,Manhattanville,false,0.2998
yellow,152,dropoff,2023,3,4889,Manhattan,Manhattanville,false,0.2998
yellow,152,dropoff,2023,4,4364,Manhattan,Manhattanville,false,0.2998
yellow,152,dropoff,2023,5,4577,Manhattan,Manhattanville,false,0.2998
yellow,152,dropoff,2023,6,3982,Manhattan,Manhattanville,false,0.2998
yellow,152,dropoff,2024,2,3425,Manhattan,Manhattanville,false,0.2998
yellow,152,dropoff,2024,3,3783,Manhattan,Manhattanville,false,0.2998
yellow,152,dropoff,2024,4,3722,Manhattan,Manhattanville,false,0.2998
yellow,152,dropoff,2024,5,3857,Manhattan,Manhattanville,false,0.2998
yellow,152,dropoff,2024,6,3390,Manhattan,Manhattanville,false,0.2998
yellow,152,pickup,2023,2,1680,Manhattan,Manhattanville,false,0.1697
yellow,152,pickup,2023,3,2021,Manhattan,Manhattanville,false,0.1697
yellow,152,pickup,2023,4,1875,Manhattan,Manhattanville,false,0.1697
yellow,152,pickup,2023,5,1954,Manhattan,Manhattanville,false,0.1697
yellow,152,pickup,2023,6,1671,Manhattan,Manhattanville,false,0.1697
yellow,152,pickup,2024,2,1442,Manhattan,Manhattanville,false,0.1697
yellow,152,pickup,2024,3,1555,Manhattan,Manhattanville,false,0.1697
yellow,152,pickup,2024,4,1818,Manhattan,Manhattanville,false,0.1697
yellow,152,pickup,2024,5,1812,Manhattan,Manhattanville,false,0.1697
yellow,152,pickup,2024,6,1505,Manhattan,Manhattanville,false,0.1697
yellow,153,dropoff,2023,2,106,Manhattan,Marble Hill,false,0.2441
yellow,153,dropoff,2023,3,140,Manhattan,Marble Hill,false,0.2441
yellow,153,dropoff,2023,4,142,Manhattan,Marble Hill,false,0.2441
yellow,153,dropoff,2023,5,125,Manhattan,Marble Hill,false,0.2441
yellow,153,dropoff,2023,6,118,Manhattan,Marble Hill,false,0.2441
yellow,153,dropoff,2024,2,117,Manhattan,Marble Hill,false,0.2441
yellow,153,dropoff,2024,3,111,Manhattan,Marble Hill,false,0.2441
yellow,153,dropoff,2024,4,133,Manhattan,Marble Hill,false,0.2441
yellow,153,dropoff,2024,5,150,Manhattan,Marble Hill,false,0.2441
yellow,153,dropoff,2024,6,98,Manhattan,Marble Hill,false,0.2441
yellow,153,pickup,2023,2,28,Manhattan,Marble Hill,false,0.1654
yellow,153,pickup,2023,3,32,Manhattan,Marble Hill,false,0.1654
yellow,153,pickup,2023,4,23,Manhattan,Marble Hill,false,0.1654
yellow,153,pickup,2023,5,23,Manhattan,Marble Hill,false,0.1654
yellow,153,pickup,2023,6,21,Manhattan,Marble Hill,false,0.1654
yellow,153,pickup,2024,2,35,Manhattan,Marble Hill,false,0.1654
yellow,153,pickup,2024,3,34,Manhattan,Marble Hill,false,0.1654
yellow,153,pickup,2024,4,35,Manhattan,Marble Hill,false,0.1654
yellow,153,pickup,2024,5,33,Manhattan,Marble Hill,false,0.1654
yellow,153,pickup,2024,6,36,Manhattan,Marble Hill,false,0.1654
yellow,154,dropoff,2023,2,192,Brooklyn,Marine Park/Floyd Bennett Field,false,0.0429
yellow,154,dropoff,2023,3,218,Brooklyn,Marine Park/Floyd Bennett Field,false,0.0429
yellow,154,dropoff,2023,4,137,Brooklyn,Marine Park/Floyd Bennett Field,false,0.0429
yellow,154,dropoff,2023,5,37,Brooklyn,Marine Park/Floyd Bennett Field,false,0.0429
yellow,154,dropoff,2023,6,46,Brooklyn,Marine Park/Floyd Bennett Field,false,0.0429
yellow,154,dropoff,2024,2,244,Brooklyn,Marine Park/Floyd Bennett Field,false,0.0429
yellow,154,dropoff,2024,3,224,Brooklyn,Marine Park/Floyd Bennett Field,false,0.0429
yellow,154,dropoff,2024,4,263,Brooklyn,Marine Park/Floyd Bennett Field,false,0.0429
yellow,154,dropoff,2024,5,201,Brooklyn,Marine Park/Floyd Bennett Field,false,0.0429
yellow,154,dropoff,2024,6,141,Brooklyn,Marine Park/Floyd Bennett Field,false,0.0429
yellow,154,pickup,2023,2,53,Brooklyn,Marine Park/Floyd Bennett Field,false,0.0265
yellow,154,pickup,2023,3,51,Brooklyn,Marine Park/Floyd Bennett Field,false,0.0265
yellow,154,pickup,2023,4,19,Brooklyn,Marine Park/Floyd Bennett Field,false,0.0265
yellow,154,pickup,2023,5,15,Brooklyn,Marine Park/Floyd Bennett Field,false,0.0265
yellow,154,pickup,2023,6,13,Brooklyn,Marine Park/Floyd Bennett Field,false,0.0265
yellow,154,pickup,2024,2,41,Brooklyn,Marine Park/Floyd Bennett Field,false,0.0265
yellow,154,pickup,2024,3,44,Brooklyn,Marine Park/Floyd Bennett Field,false,0.0265
yellow,154,pickup,2024,4,31,Brooklyn,Marine Park/Floyd Bennett Field,false,0.0265
yellow,154,pickup,2024,5,32,Brooklyn,Marine Park/Floyd Bennett Field,false,0.0265
yellow,154,pickup,2024,6,30,Brooklyn,Marine Park/Floyd Bennett Field,false,0.0265
yellow,155,dropoff,2023,2,561,Brooklyn,Marine Park/Mill Basin,false,0.131
yellow,155,dropoff,2023,3,622,Brooklyn,Marine Park/Mill Basin,false,0.131
yellow,155,dropoff,2023,4,679,Brooklyn,Marine Park/Mill Basin,false,0.131
yellow,155,dropoff,2023,5,627,Brooklyn,Marine Park/Mill Basin,false,0.131
yellow,155,dropoff,2023,6,588,Brooklyn,Marine Park/Mill Basin,false,0.131
yellow,155,dropoff,2024,2,640,Brooklyn,Marine Park/Mill Basin,false,0.131
yellow,155,dropoff,2024,3,698,Brooklyn,Marine Park/Mill Basin,false,0.131
yellow,155,dropoff,2024,4,748,Brooklyn,Marine Park/Mill Basin,false,0.131
yellow,155,dropoff,2024,5,772,Brooklyn,Marine Park/Mill Basin,false,0.131
yellow,155,dropoff,2024,6,693,Brooklyn,Marine Park/Mill Basin,false,0.131
yellow,155,pickup,2023,2,131,Brooklyn,Marine Park/Mill Basin,false,0.124
yellow,155,pickup,2023,3,163,Brooklyn,Marine Park/Mill Basin,false,0.124
yellow,155,pickup,2023,4,134,Brooklyn,Marine Park/Mill Basin,false,0.124
yellow,155,pickup,2023,5,118,Brooklyn,Marine Park/Mill Basin,false,0.124
yellow,155,pickup,2023,6,107,Brooklyn,Marine Park/Mill Basin,false,0.124
yellow,155,pickup,2024,2,194,Brooklyn,Marine Park/Mill Basin,false,0.124
yellow,155,pickup,2024,3,243,Brooklyn,Marine Park/Mill Basin,false,0.124
yellow,155,pickup,2024,4,241,Brooklyn,Marine Park/Mill Basin,false,0.124
yellow,155,pickup,2024,5,254,Brooklyn,Marine Park/Mill Basin,false,0.124
yellow,155,pickup,2024,6,242,Brooklyn,Marine Park/Mill Basin,false,0.124
yellow,156,dropoff,2023,2,41,Staten Island,Mariners Harbor,false,0.4789
yellow,156,dropoff,2023,3,31,Staten Island,Mariners Harbor,false,0.4789
yellow,156,dropoff,2023,4,62,Staten Island,Mariners Harbor,false,0.4789
yellow,156,dropoff,2023,5,42,Staten Island,Mariners Harbor,false,0.4789
yellow,156,dropoff,2023,6,37,Staten Island,Mariners Harbor,false,0.4789
yellow,156,dropoff,2024,2,24,Staten Island,Mariners Harbor,false,0.4789
yellow,156,dropoff,2024,3,32,Staten Island,Mariners Harbor,false,0.4789
yellow,156,dropoff,2024,4,32,Staten Island,Mariners Harbor,false,0.4789
yellow,156,dropoff,2024,5,34,Staten Island,Mariners Harbor,false,0.4789
yellow,156,dropoff,2024,6,31,Staten Island,Mariners Harbor,false,0.4789
yellow,156,pickup,2023,2,4,Staten Island,Mariners Harbor,false,0.1429
yellow,156,pickup,2023,3,2,Staten Island,Mariners Harbor,false,0.1429
yellow,156,pickup,2023,4,3,Staten Island,Mariners Harbor,false,0.1429
yellow,156,pickup,2023,5,3,Staten Island,Mariners Harbor,false,0.1429
yellow,156,pickup,2023,6,2,Staten Island,Mariners Harbor,false,0.1429
yellow,156,pickup,2024,4,2,Staten Island,Mariners Harbor,false,0.1429
yellow,156,pickup,2024,5,1,Staten Island,Mariners Harbor,false,0.1429
yellow,157,dropoff,2023,2,846,Queens,Maspeth,false,0.3068
yellow,157,dropoff,2023,3,1034,Queens,Maspeth,false,0.3068
yellow,157,dropoff,2023,4,946,Queens,Maspeth,false,0.3068
yellow,157,dropoff,2023,5,938,Queens,Maspeth,false,0.3068
yellow,157,dropoff,2023,6,946,Queens,Maspeth,false,0.3068
yellow,157,dropoff,2024,2,846,Queens,Maspeth,false,0.3068
yellow,157,dropoff,2024,3,924,Queens,Maspeth,false,0.3068
yellow,157,dropoff,2024,4,838,Queens,Maspeth,false,0.3068
yellow,157,dropoff,2024,5,908,Queens,Maspeth,false,0.3068
yellow,157,dropoff,2024,6,932,Queens,Maspeth,false,0.3068
yellow,157,pickup,2023,2,213,Queens,Maspeth,false,0.3459
yellow,157,pickup,2023,3,222,Queens,Maspeth,false,0.3459
yellow,157,pickup,2023,4,211,Queens,Maspeth,false,0.3459
yellow,157,pickup,2023,5,179,Queens,Maspeth,false,0.3459
yellow,157,pickup,2023,6,181,Queens,Maspeth,false,0.3459
yellow,157,pickup,2024,2,299,Queens,Maspeth,false,0.3459
yellow,157,pickup,2024,3,275,Queens,Maspeth,false,0.3459
yellow,157,pickup,2024,4,252,Queens,Maspeth,false,0.3459
yellow,157,pickup,2024,5,245,Queens,Maspeth,false,0.3459
yellow,157,pickup,2024,6,280,Queens,Maspeth,false,0.3459
yellow,158,dropoff,2023,2,28643,Manhattan,Meatpacking/West Village West,true,1.0
yellow,158,dropoff,2023,3,30310,Manhattan,Meatpacking/West Village West,true,1.0
yellow,158,dropoff,2023,4,30585,Manhattan,Meatpacking/West Village West,true,1.0
yellow,158,dropoff,2023,5,32503,Manhattan,Meatpacking/West Village West,true,1.0
yellow,158,dropoff,2023,6,30700,Manhattan,Meatpacking/West Village West,true,1.0
yellow,158,dropoff,2024,2,26304,Manhattan,Meatpacking/West Village West,true,1.0
yellow,158,dropoff,2024,3,30048,Manhattan,Meatpacking/West Village West,true,1.0
yellow,158,dropoff,2024,4,30848,Manhattan,Meatpacking/West Village West,true,1.0
yellow,158,dropoff,2024,5,33241,Manhattan,Meatpacking/West Village West,true,1.0
yellow,158,dropoff,2024,6,32434,Manhattan,Meatpacking/West Village West,true,1.0
yellow,158,pickup,2023,2,24661,Manhattan,Meatpacking/West Village West,true,1.0
yellow,158,pickup,2023,3,25346,Manhattan,Meatpacking/West Village West,true,1.0
yellow,158,pickup,2023,4,26512,Manhattan,Meatpacking/West Village West,true,1.0
yellow,158,pickup,2023,5,28593,Manhattan,Meatpacking/West Village West,true,1.0
yellow,158,pickup,2023,6,27403,Manhattan,Meatpacking/West Village West,true,1.0
yellow,158,pickup,2024,2,23813,Manhattan,Meatpacking/West Village West,true,1.0
yellow,158,pickup,2024,3,27371,Manhattan,Meatpacking/West Village West,true,1.0
yellow,158,pickup,2024,4,27505,Manhattan,Meatpacking/West Village West,true,1.0
yellow,158,pickup,2024,5,30157,Manhattan,Meatpacking/West Village West,true,1.0
yellow,158,pickup,2024,6,30845,Manhattan,Meatpacking/West Village West,true,1.0
yellow,159,dropoff,2023,2,574,Bronx,Melrose South,false,0.2513
yellow,159,dropoff,2023,3,708,Bronx,Melrose South,false,0.2513
yellow,159,dropoff,2023,4,702,Bronx,Melrose South,false,0.2513
yellow,159,dropoff,2023,5,731,Bronx,Melrose South,false,0.2513
yellow,159,dropoff,2023,6,667,Bronx,Melrose South,false,0.2513
yellow,159,dropoff,2024,2,586,Bronx,Melrose South,false,0.2513
yellow,159,dropoff,2024,3,655,Bronx,Melrose South,false,0.2513
yellow,159,dropoff,2024,4,649,Bronx,Melrose South,false,0.2513
yellow,159,dropoff,2024,5,705,Bronx,Melrose South,false,0.2513
yellow,159,dropoff,2024,6,641,Bronx,Melrose South,false,0.2513
yellow,159,pickup,2023,2,160,Bronx,Melrose South,false,0.0701
yellow,159,pickup,2023,3,191,Bronx,Melrose South,false,0.0701
yellow,159,pickup,2023,4,205,Bronx,Melrose South,false,0.0701
yellow,159,pickup,2023,5,173,Bronx,Melrose South,false,0.0701
yellow,159,pickup,2023,6,155,Bronx,Melrose South,false,0.0701
yellow,159,pickup,2024,2,225,Bronx,Melrose South,false,0.0701
yellow,159,pickup,2024,3,277,Bronx,Melrose South,false,0.0701
yellow,159,pickup,2024,4,261,Bronx,Melrose South,false,0.0701
yellow,159,pickup,2024,5,263,Bronx,Melrose South,false,0.0701
yellow,159,pickup,2024,6,234,Bronx,Melrose South,false,0.0701
yellow,160,dropoff,2023,2,813,Queens,Middle Village,false,0.3598
yellow,160,dropoff,2023,3,1003,Queens,Middle Village,false,0.3598
yellow,160,dropoff,2023,4,963,Queens,Middle Village,false,0.3598
yellow,160,dropoff,2023,5,988,Queens,Middle Village,false,0.3598
yellow,160,dropoff,2023,6,925,Queens,Middle Village,false,0.3598
yellow,160,dropoff,2024,2,810,Queens,Middle Village,false,0.3598
yellow,160,dropoff,2024,3,863,Queens,Middle Village,false,0.3598
yellow,160,dropoff,2024,4,898,Queens,Middle Village,false,0.3598
yellow,160,dropoff,2024,5,943,Queens,Middle Village,false,0.3598
yellow,160,dropoff,2024,6,818,Queens,Middle Village,false,0.3598
yellow,160,pickup,2023,2,34,Queens,Middle Village,false,0.0824
yellow,160,pickup,2023,3,54,Queens,Middle Village,false,0.0824
yellow,160,pickup,2023,4,59,Queens,Middle Village,false,0.0824
yellow,160,pickup,2023,5,67,Queens,Middle Village,false,0.0824
yellow,160,pickup,2023,6,65,Queens,Middle Village,false,0.0824
yellow,160,pickup,2024,2,75,Queens,Middle Village,false,0.0824
yellow,160,pickup,2024,3,95,Queens,Middle Village,false,0.0824
yellow,160,pickup,2024,4,111,Queens,Middle Village,false,0.0824
yellow,160,pickup,2024,5,116,Queens,Middle Village,false,0.0824
yellow,160,pickup,2024,6,90,Queens,Middle Village,false,0.0824
yellow,161,dropoff,2023,2,105460,Manhattan,Midtown Center,true,1.0
yellow,161,dropoff,2023,3,126182,Manhattan,Midtown Center,true,1.0
yellow,161,dropoff,2023,4,117577,Manhattan,Midtown Center,true,1.0
yellow,161,dropoff,2023,5,130346,Manhattan,Midtown Center,true,1.0
yellow,161,dropoff,2023,6,122117,Manhattan,Midtown Center,true,1.0
yellow,161,dropoff,2024,2,104789,Manhattan,Midtown Center,true,1.0
yellow,161,dropoff,2024,3,115940,Manhattan,Midtown Center,true,1.0
yellow,161,dropoff,2024,4,115416,Manhattan,Midtown Center,true,1.0
yellow,161,dropoff,2024,5,125154,Manhattan,Midtown Center,true,1.0
yellow,161,dropoff,2024,6,115527,Manhattan,Midtown Center,true,1.0
yellow,161,pickup,2023,2,131050,Manhattan,Midtown Center,true,1.0
yellow,161,pickup,2023,3,155617,Manhattan,Midtown Center,true,1.0
yellow,161,pickup,2023,4,143773,Manhattan,Midtown Center,true,1.0
yellow,161,pickup,2023,5,155806,Manhattan,Midtown Center,true,1.0
yellow,161,pickup,2023,6,145763,Manhattan,Midtown Center,true,1.0
yellow,161,pickup,2024,2,137583,Manhattan,Midtown Center,true,1.0
yellow,161,pickup,2024,3,146871,Manhattan,Midtown Center,true,1.0
yellow,161,pickup,2024,4,147478,Manhattan,Midtown Center,true,1.0
yellow,161,pickup,2024,5,158910,Manhattan,Midtown Center,true,1.0
yellow,161,pickup,2024,6,146100,Manhattan,Midtown Center,true,1.0
yellow,162,dropoff,2023,2,75157,Manhattan,Midtown East,true,1.0
yellow,162,dropoff,2023,3,93532,Manhattan,Midtown East,true,1.0
yellow,162,dropoff,2023,4,86259,Manhattan,Midtown East,true,1.0
yellow,162,dropoff,2023,5,93988,Manhattan,Midtown East,true,1.0
yellow,162,dropoff,2023,6,90770,Manhattan,Midtown East,true,1.0
yellow,162,dropoff,2024,2,77511,Manhattan,Midtown East,true,1.0
yellow,162,dropoff,2024,3,89647,Manhattan,Midtown East,true,1.0
yellow,162,dropoff,2024,4,85674,Manhattan,Midtown East,true,1.0
yellow,162,dropoff,2024,5,94142,Manhattan,Midtown East,true,1.0
yellow,162,dropoff,2024,6,91449,Manhattan,Midtown East,true,1.0
yellow,162,pickup,2023,2,98623,Manhattan,Midtown East,true,1.0
yellow,162,pickup,2023,3,121390,Manhattan,Midtown East,true,1.0
yellow,162,pickup,2023,4,108300,Manhattan,Midtown East,true,1.0
yellow,162,pickup,2023,5,117309,Manhattan,Midtown East,true,1.0
yellow,162,pickup,2023,6,112708,Manhattan,Midtown East,true,1.0
yellow,162,pickup,2024,2,99918,Manhattan,Midtown East,true,1.0
yellow,162,pickup,2024,3,113201,Manhattan,Midtown East,true,1.0
yellow,162,pickup,2024,4,109526,Manhattan,Midtown East,true,1.0
yellow,162,pickup,2024,5,116340,Manhattan,Midtown East,true,1.0
yellow,162,pickup,2024,6,110726,Manhattan,Midtown East,true,1.0
yellow,163,dropoff,2023,2,66945,Manhattan,Midtown North,true,1.0
yellow,163,dropoff,2023,3,79789,Manhattan,Midtown North,true,1.0
yellow,163,dropoff,2023,4,77395,Manhattan,Midtown North,true,1.0
yellow,163,dropoff,2023,5,83561,Manhattan,Midtown North,true,1.0
yellow,163,dropoff,2023,6,78604,Manhattan,Midtown North,true,1.0
yellow,163,dropoff,2024,2,69485,Manhattan,Midtown North,true,1.0
yellow,163,dropoff,2024,3,77345,Manhattan,Midtown North,true,1.0
yellow,163,dropoff,2024,4,76393,Manhattan,Midtown North,true,1.0
yellow,163,dropoff,2024,5,81603,Manhattan,Midtown North,true,1.0
yellow,163,dropoff,2024,6,76812,Manhattan,Midtown North,true,1.0
yellow,163,pickup,2023,2,80805,Manhattan,Midtown North,true,1.0
yellow,163,pickup,2023,3,95667,Manhattan,Midtown North,true,1.0
yellow,163,pickup,2023,4,92143,Manhattan,Midtown North,true,1.0
yellow,163,pickup,2023,5,100065,Manhattan,Midtown North,true,1.0
yellow,163,pickup,2023,6,92348,Manhattan,Midtown North,true,1.0
yellow,163,pickup,2024,2,83487,Manhattan,Midtown North,true,1.0
yellow,163,pickup,2024,3,91228,Manhattan,Midtown North,true,1.0
yellow,163,pickup,2024,4,90483,Manhattan,Midtown North,true,1.0
yellow,163,pickup,2024,5,96921,Manhattan,Midtown North,true,1.0
yellow,163,pickup,2024,6,88936,Manhattan,Midtown North,true,1.0
yellow,164,dropoff,2023,2,56610,Manhattan,Midtown South,true,1.0
yellow,164,dropoff,2023,3,68894,Manhattan,Midtown South,true,1.0
yellow,164,dropoff,2023,4,65604,Manhattan,Midtown South,true,1.0
yellow,164,dropoff,2023,5,70564,Manhattan,Midtown South,true,1.0
yellow,164,dropoff,2023,6,66998,Manhattan,Midtown South,true,1.0
yellow,164,dropoff,2024,2,57079,Manhattan,Midtown South,true,1.0
yellow,164,dropoff,2024,3,66191,Manhattan,Midtown South,true,1.0
yellow,164,dropoff,2024,4,64204,Manhattan,Midtown South,true,1.0
yellow,164,dropoff,2024,5,69234,Manhattan,Midtown South,true,1.0
yellow,164,dropoff,2024,6,65969,Manhattan,Midtown South,true,1.0
yellow,164,pickup,2023,2,64114,Manhattan,Midtown South,true,1.0
yellow,164,pickup,2023,3,76405,Manhattan,Midtown South,true,1.0
yellow,164,pickup,2023,4,71767,Manhattan,Midtown South,true,1.0
yellow,164,pickup,2023,5,76014,Manhattan,Midtown South,true,1.0
yellow,164,pickup,2023,6,71537,Manhattan,Midtown South,true,1.0
yellow,164,pickup,2024,2,61661,Manhattan,Midtown South,true,1.0
yellow,164,pickup,2024,3,70535,Manhattan,Midtown South,true,1.0
yellow,164,pickup,2024,4,67573,Manhattan,Midtown South,true,1.0
yellow,164,pickup,2024,5,73160,Manhattan,Midtown South,true,1.0
yellow,164,pickup,2024,6,68821,Manhattan,Midtown South,true,1.0
yellow,165,dropoff,2023,2,710,Brooklyn,Midwood,false,0.2394
yellow,165,dropoff,2023,3,808,Brooklyn,Midwood,false,0.2394
yellow,165,dropoff,2023,4,764,Brooklyn,Midwood,false,0.2394
yellow,165,dropoff,2023,5,777,Brooklyn,Midwood,false,0.2394
yellow,165,dropoff,2023,6,746,Brooklyn,Midwood,false,0.2394
yellow,165,dropoff,2024,2,764,Brooklyn,Midwood,false,0.2394
yellow,165,dropoff,2024,3,789,Brooklyn,Midwood,false,0.2394
yellow,165,dropoff,2024,4,692,Brooklyn,Midwood,false,0.2394
yellow,165,dropoff,2024,5,976,Brooklyn,Midwood,false,0.2394
yellow,165,dropoff,2024,6,761,Brooklyn,Midwood,false,0.2394
yellow,165,pickup,2023,2,99,Brooklyn,Midwood,false,0.1252
yellow,165,pickup,2023,3,118,Brooklyn,Midwood,false,0.1252
yellow,165,pickup,2023,4,117,Brooklyn,Midwood,false,0.1252
yellow,165,pickup,2023,5,130,Brooklyn,Midwood,false,0.1252
yellow,165,pickup,2023,6,87,Brooklyn,Midwood,false,0.1252
yellow,165,pickup,2024,2,229,Brooklyn,Midwood,false,0.1252
yellow,165,pickup,2024,3,302,Brooklyn,Midwood,false,0.1252
yellow,165,pickup,2024,4,302,Brooklyn,Midwood,false,0.1252
yellow,165,pickup,2024,5,337,Brooklyn,Midwood,false,0.1252
yellow,165,pickup,2024,6,281,Brooklyn,Midwood,false,0.1252
yellow,166,dropoff,2023,2,20566,Manhattan,Morningside Heights,false,0.2431
yellow,166,dropoff,2023,3,23549,Manhattan,Morningside Heights,false,0.2431
yellow,166,dropoff,2023,4,22941,Manhattan,Morningside Heights,false,0.2431
yellow,166,dropoff,2023,5,24464,Manhattan,Morningside Heights,false,0.2431
yellow,166,dropoff,2023,6,19586,Manhattan,Morningside Heights,false,0.2431
yellow,166,dropoff,2024,2,19227,Manhattan,Morningside Heights,false,0.2431
yellow,166,dropoff,2024,3,21792,Manhattan,Morningside Heights,false,0.2431
yellow,166,dropoff,2024,4,21856,Manhattan,Morningside Heights,false,0.2431
yellow,166,dropoff,2024,5,21210,Manhattan,Morningside Heights,false,0.2431
yellow,166,dropoff,2024,6,18624,Manhattan,Morningside Heights,false,0.2431
yellow,166,pickup,2023,2,13502,Manhattan,Morningside Heights,false,0.1616
yellow,166,pickup,2023,3,14746,Manhattan,Morningside Heights,false,0.1616
yellow,166,pickup,2023,4,14948,Manhattan,Morningside Heights,false,0.1616
yellow,166,pickup,2023,5,15779,Manhattan,Morningside Heights,false,0.1616
yellow,166,pickup,2023,6,12798,Manhattan,Morningside Heights,false,0.1616
yellow,166,pickup,2024,2,12616,Manhattan,Morningside Heights,false,0.1616
yellow,166,pickup,2024,3,13071,Manhattan,Morningside Heights,false,0.1616
yellow,166,pickup,2024,4,15244,Manhattan,Morningside Heights,false,0.1616
yellow,166,pickup,2024,5,13803,Manhattan,Morningside Heights,false,0.1616
yellow,166,pickup,2024,6,11437,Manhattan,Morningside Heights,false,0.1616
yellow,167,dropoff,2023,2,343,Bronx,Morrisania/Melrose,false,0.2058
yellow,167,dropoff,2023,3,457,Bronx,Morrisania/Melrose,false,0.2058
yellow,167,dropoff,2023,4,402,Bronx,Morrisania/Melrose,false,0.2058
yellow,167,dropoff,2023,5,440,Bronx,Morrisania/Melrose,false,0.2058
yellow,167,dropoff,2023,6,375,Bronx,Morrisania/Melrose,false,0.2058
yellow,167,dropoff,2024,2,317,Bronx,Morrisania/Melrose,false,0.2058
yellow,167,dropoff,2024,3,421,Bronx,Morrisania/Melrose,false,0.2058
yellow,167,dropoff,2024,4,367,Bronx,Morrisania/Melrose,false,0.2058
yellow,167,dropoff,2024,5,395,Bronx,Morrisania/Melrose,false,0.2058
yellow,167,dropoff,2024,6,412,Bronx,Morrisania/Melrose,false,0.2058
yellow,167,pickup,2023,2,113,Bronx,Morrisania/Melrose,false,0.2051
yellow,167,pickup,2023,3,178,Bronx,Morrisania/Melrose,false,0.2051
yellow,167,pickup,2023,4,161,Bronx,Morrisania/Melrose,false,0.2051
yellow,167,pickup,2023,5,166,Bronx,Morrisania/Melrose,false,0.2051
yellow,167,pickup,2023,6,133,Bronx,Morrisania/Melrose,false,0.2051
yellow,167,pickup,2024,2,187,Bronx,Morrisania/Melrose,false,0.2051
yellow,167,pickup,2024,3,215,Bronx,Morrisania/Melrose,false,0.2051
yellow,167,pickup,2024,4,234,Bronx,Morrisania/Melrose,false,0.2051
yellow,167,pickup,2024,5,195,Bronx,Morrisania/Melrose,false,0.2051
yellow,167,pickup,2024,6,202,Bronx,Morrisania/Melrose,false,0.2051
yellow,168,dropoff,2023,2,1397,Bronx,Mott Haven/Port Morris,false,0.281
yellow,168,dropoff,2023,3,1883,Bronx,Mott Haven/Port Morris,false,0.281
yellow,168,dropoff,2023,4,1716,Bronx,Mott Haven/Port Morris,false,0.281
yellow,168,dropoff,2023,5,1739,Bronx,Mott Haven/Port Morris,false,0.281
yellow,168,dropoff,2023,6,1723,Bronx,Mott Haven/Port Morris,false,0.281
yellow,168,dropoff,2024,2,1283,Bronx,Mott Haven/Port Morris,false,0.281
yellow,168,dropoff,2024,3,1536,Bronx,Mott Haven/Port Morris,false,0.281
yellow,168,dropoff,2024,4,1442,Bronx,Mott Haven/Port Morris,false,0.281
yellow,168,dropoff,2024,5,1561,Bronx,Mott Haven/Port Morris,false,0.281
yellow,168,dropoff,2024,6,1568,Bronx,Mott Haven/Port Morris,false,0.281
yellow,168,pickup,2023,2,229,Bronx,Mott Haven/Port Morris,false,0.1141
yellow,168,pickup,2023,3,274,Bronx,Mott Haven/Port Morris,false,0.1141
yellow,168,pickup,2023,4,267,Bronx,Mott Haven/Port Morris,false,0.1141
yellow,168,pickup,2023,5,299,Bronx,Mott Haven/Port Morris,false,0.1141
yellow,168,pickup,2023,6,281,Bronx,Mott Haven/Port Morris,false,0.1141
yellow,168,pickup,2024,2,271,Bronx,Mott Haven/Port Morris,false,0.1141
yellow,168,pickup,2024,3,362,Bronx,Mott Haven/Port Morris,false,0.1141
yellow,168,pickup,2024,4,398,Bronx,Mott Haven/Port Morris,false,0.1141
yellow,168,pickup,2024,5,360,Bronx,Mott Haven/Port Morris,false,0.1141
yellow,168,pickup,2024,6,375,Bronx,Mott Haven/Port Morris,false,0.1141
yellow,169,dropoff,2023,2,345,Bronx,Mount Hope,false,0.2376
yellow,169,dropoff,2023,3,474,Bronx,Mount Hope,false,0.2376
yellow,169,dropoff,2023,4,456,Bronx,Mount Hope,false,0.2376
yellow,169,dropoff,2023,5,474,Bronx,Mount Hope,false,0.2376
yellow,169,dropoff,2023,6,444,Bronx,Mount Hope,false,0.2376
yellow,169,dropoff,2024,2,379,Bronx,Mount Hope,false,0.2376
yellow,169,dropoff,2024,3,476,Bronx,Mount Hope,false,0.2376
yellow,169,dropoff,2024,4,453,Bronx,Mount Hope,false,0.2376
yellow,169,dropoff,2024,5,398,Bronx,Mount Hope,false,0.2376
yellow,169,dropoff,2024,6,430,Bronx,Mount Hope,false,0.2376
yellow,169,pickup,2023,2,86,Bronx,Mount Hope,false,0.1673
yellow,169,pickup,2023,3,125,Bronx,Mount Hope,false,0.1673
yellow,169,pickup,2023,4,94,Bronx,Mount Hope,false,0.1673
yellow,169,pickup,2023,5,123,Bronx,Mount Hope,false,0.1673
yellow,169,pickup,2023,6,128,Bronx,Mount Hope,false,0.1673
yellow,169,pickup,2024,2,159,Bronx,Mount Hope,false,0.1673
yellow,169,pickup,2024,3,183,Bronx,Mount Hope,false,0.1673
yellow,169,pickup,2024,4,168,Bronx,Mount Hope,false,0.1673
yellow,169,pickup,2024,5,196,Bronx,Mount Hope,false,0.1673
yellow,169,pickup,2024,6,164,Bronx,Mount Hope,false,0.1673
yellow,170,dropoff,2023,2,82334,Manhattan,Murray Hill,true,1.0
yellow,170,dropoff,2023,3,98911,Manhattan,Murray Hill,true,1.0
yellow,170,dropoff,2023,4,90799,Manhattan,Murray Hill,true,1.0
yellow,170,dropoff,2023,5,97173,Manhattan,Murray Hill,true,1.0
yellow,170,dropoff,2023,6,94154,Manhattan,Murray Hill,true,1.0
yellow,170,dropoff,2024,2,82456,Manhattan,Murray Hill,true,1.0
yellow,170,dropoff,2024,3,92686,Manhattan,Murray Hill,true,1.0
yellow,170,dropoff,2024,4,89296,Manhattan,Murray Hill,true,1.0
yellow,170,dropoff,2024,5,95060,Manhattan,Murray Hill,true,1.0
yellow,170,dropoff,2024,6,92598,Manhattan,Murray Hill,true,1.0
yellow,170,pickup,2023,2,81758,Manhattan,Murray Hill,true,1.0
yellow,170,pickup,2023,3,97913,Manhattan,Murray Hill,true,1.0
yellow,170,pickup,2023,4,91729,Manhattan,Murray Hill,true,1.0
yellow,170,pickup,2023,5,99408,Manhattan,Murray Hill,true,1.0
yellow,170,pickup,2023,6,95684,Manhattan,Murray Hill,true,1.0
yellow,170,pickup,2024,2,78993,Manhattan,Murray Hill,true,1.0
yellow,170,pickup,2024,3,90306,Manhattan,Murray Hill,true,1.0
yellow,170,pickup,2024,4,87557,Manhattan,Murray Hill,true,1.0
yellow,170,pickup,2024,5,94259,Manhattan,Murray Hill,true,1.0
yellow,170,pickup,2024,6,91570,Manhattan,Murray Hill,true,1.0
yellow,171,dropoff,2023,2,451,Queens,Murray Hill-Queens,false,0.1375
yellow,171,dropoff,2023,3,549,Queens,Murray Hill-Queens,false,0.1375
yellow,171,dropoff,2023,4,511,Queens,Murray Hill-Queens,false,0.1375
yellow,171,dropoff,2023,5,586,Queens,Murray Hill-Queens,false,0.1375
yellow,171,dropoff,2023,6,535,Queens,Murray Hill-Queens,false,0.1375
yellow,171,dropoff,2024,2,448,Queens,Murray Hill-Queens,false,0.1375
yellow,171,dropoff,2024,3,494,Queens,Murray Hill-Queens,false,0.1375
yellow,171,dropoff,2024,4,470,Queens,Murray Hill-Queens,false,0.1375
yellow,171,dropoff,2024,5,521,Queens,Murray Hill-Queens,false,0.1375
yellow,171,dropoff,2024,6,454,Queens,Murray Hill-Queens,false,0.1375
yellow,171,pickup,2023,2,43,Queens,Murray Hill-Queens,false,0.1304
yellow,171,pickup,2023,3,40,Queens,Murray Hill-Queens,false,0.1304
yellow,171,pickup,2023,4,53,Queens,Murray Hill-Queens,false,0.1304
yellow,171,pickup,2023,5,55,Queens,Murray Hill-Queens,false,0.1304
yellow,171,pickup,2023,6,62,Queens,Murray Hill-Queens,false,0.1304
yellow,171,pickup,2024,2,53,Queens,Murray Hill-Queens,false,0.1304
yellow,171,pickup,2024,3,71,Queens,Murray Hill-Queens,false,0.1304
yellow,171,pickup,2024,4,50,Queens,Murray Hill-Queens,false,0.1304
yellow,171,pickup,2024,5,65,Queens,Murray Hill-Queens,false,0.1304
yellow,171,pickup,2024,6,56,Queens,Murray Hill-Queens,false,0.1304
yellow,172,dropoff,2023,2,39,Staten Island,New Dorp/Midland Beach,false,0.3262
yellow,172,dropoff,2023,3,49,Staten Island,New Dorp/Midland Beach,false,0.3262
yellow,172,dropoff,2023,4,32,Staten Island,New Dorp/Midland Beach,false,0.3262
yellow,172,dropoff,2023,5,29,Staten Island,New Dorp/Midland Beach,false,0.3262
yellow,172,dropoff,2023,6,38,Staten Island,New Dorp/Midland Beach,false,0.3262
yellow,172,dropoff,2024,2,28,Staten Island,New Dorp/Midland Beach,false,0.3262
yellow,172,dropoff,2024,3,25,Staten Island,New Dorp/Midland Beach,false,0.3262
yellow,172,dropoff,2024,4,30,Staten Island,New Dorp/Midland Beach,false,0.3262
yellow,172,dropoff,2024,5,32,Staten Island,New Dorp/Midland Beach,false,0.3262
yellow,172,dropoff,2024,6,29,Staten Island,New Dorp/Midland Beach,false,0.3262
yellow,172,pickup,2023,2,5,Staten Island,New Dorp/Midland Beach,false,0.0
yellow,172,pickup,2023,3,2,Staten Island,New Dorp/Midland Beach,false,0.0
yellow,172,pickup,2023,5,1,Staten Island,New Dorp/Midland Beach,false,0.0
yellow,172,pickup,2023,6,3,Staten Island,New Dorp/Midland Beach,false,0.0
yellow,172,pickup,2024,3,2,Staten Island,New Dorp/Midland Beach,false,0.0
yellow,172,pickup,2024,5,1,Staten Island,New Dorp/Midland Beach,false,0.0
yellow,172,pickup,2024,6,3,Staten Island,New Dorp/Midland Beach,false,0.0
yellow,173,dropoff,2023,2,554,Queens,North Corona,false,0.2551
yellow,173,dropoff,2023,3,624,Queens,North Corona,false,0.2551
yellow,173,dropoff,2023,4,568,Queens,North Corona,false,0.2551
yellow,173,dropoff,2023,5,562,Queens,North Corona,false,0.2551
yellow,173,dropoff,2023,6,585,Queens,North Corona,false,0.2551
yellow,173,dropoff,2024,2,405,Queens,North Corona,false,0.2551
yellow,173,dropoff,2024,3,497,Queens,North Corona,false,0.2551
yellow,173,dropoff,2024,4,476,Queens,North Corona,false,0.2551
yellow,173,dropoff,2024,5,510,Queens,North Corona,false,0.2551
yellow,173,dropoff,2024,6,522,Queens,North Corona,false,0.2551
yellow,173,pickup,2023,2,35,Queens,North Corona,false,0.1198
yellow,173,pickup,2023,3,54,Queens,North Corona,false,0.1198
yellow,173,pickup,2023,4,52,Queens,North Corona,false,0.1198
yellow,173,pickup,2023,5,54,Queens,North Corona,false,0.1198
yellow,173,pickup,2023,6,47,Queens,North Corona,false,0.1198
yellow,173,pickup,2024,2,43,Queens,North Corona,false,0.1198
yellow,173,pickup,2024,3,64,Queens,North Corona,false,0.1198
yellow,173,pickup,2024,4,77,Queens,North Corona,false,0.1198
yellow,173,pickup,2024,5,72,Queens,North Corona,false,0.1198
yellow,173,pickup,2024,6,73,Queens,North Corona,false,0.1198
yellow,174,dropoff,2023,2,308,Bronx,Norwood,false,0.2001
yellow,174,dropoff,2023,3,405,Bronx,Norwood,false,0.2001
yellow,174,dropoff,2023,4,373,Bronx,Norwood,false,0.2001
yellow,174,dropoff,2023,5,377,Bronx,Norwood,false,0.2001
yellow,174,dropoff,2023,6,371,Bronx,Norwood,false,0.2001
yellow,174,dropoff,2024,2,334,Bronx,Norwood,false,0.2001
yellow,174,dropoff,2024,3,363,Bronx,Norwood,false,0.2001
yellow,174,dropoff,2024,4,349,Bronx,Norwood,false,0.2001
yellow,174,dropoff,2024,5,338,Bronx,Norwood,false,0.2001
yellow,174,dropoff,2024,6,334,Bronx,Norwood,false,0.2001
yellow,174,pickup,2023,2,104,Bronx,Norwood,false,0.174
yellow,174,pickup,2023,3,133,Bronx,Norwood,false,0.174
yellow,174,pickup,2023,4,109,Bronx,Norwood,false,0.174
yellow,174,pickup,2023,5,106,Bronx,Norwood,false,0.174
yellow,174,pickup,2023,6,117,Bronx,Norwood,false,0.174
yellow,174,pickup,2024,2,124,Bronx,Norwood,false,0.174
yellow,174,pickup,2024,3,129,Bronx,Norwood,false,0.174
yellow,174,pickup,2024,4,131,Bronx,Norwood,false,0.174
yellow,174,pickup,2024,5,163,Bronx,Norwood,false,0.174
yellow,174,pickup,2024,6,124,Bronx,Norwood,false,0.174
yellow,175,dropoff,2023,2,290,Queens,Oakland Gardens,false,0.1267
yellow,175,dropoff,2023,3,314,Queens,Oakland Gardens,false,0.1267
yellow,175,dropoff,2023,4,336,Queens,Oakland Gardens,false,0.1267
yellow,175,dropoff,2023,5,360,Queens,Oakland Gardens,false,0.1267
yellow,175,dropoff,2023,6,342,Queens,Oakland Gardens,false,0.1267
yellow,175,dropoff,2024,2,312,Queens,Oakland Gardens,false,0.1267
yellow,175,dropoff,2024,3,287,Queens,Oakland Gardens,false,0.1267
yellow,175,dropoff,2024,4,341,Queens,Oakland Gardens,false,0.1267
yellow,175,dropoff,2024,5,297,Queens,Oakland Gardens,false,0.1267
yellow,175,dropoff,2024,6,270,Queens,Oakland Gardens,false,0.1267
yellow,175,pickup,2023,2,29,Queens,Oakland Gardens,false,0.0158
yellow,175,pickup,2023,3,47,Queens,Oakland Gardens,false,0.0158
yellow,175,pickup,2023,4,52,Queens,Oakland Gardens,false,0.0158
yellow,175,pickup,2023,5,32,Queens,Oakland Gardens,false,0.0158
yellow,175,pickup,2023,6,30,Queens,Oakland Gardens,false,0.0158
yellow,175,pickup,2024,2,53,Queens,Oakland Gardens,false,0.0158
yellow,175,pickup,2024,3,68,Queens,Oakland Gardens,false,0.0158
yellow,175,pickup,2024,4,47,Queens,Oakland Gardens,false,0.0158
yellow,175,pickup,2024,5,62,Queens,Oakland Gardens,false,0.0158
yellow,175,pickup,2024,6,45,Queens,Oakland Gardens,false,0.0158
yellow,176,dropoff,2023,2,13,Staten Island,Oakwood,false,0.5
yellow,176,dropoff,2023,3,27,Staten Island,Oakwood,false,0.5
yellow,176,dropoff,2023,4,26,Staten Island,Oakwood,false,0.5
yellow,176,dropoff,2023,5,28,Staten Island,Oakwood,false,0.5
yellow,176,dropoff,2023,6,22,Staten Island,Oakwood,false,0.5
yellow,176,dropoff,2024,2,11,Staten Island,Oakwood,false,0.5
yellow,176,dropoff,2024,3,16,Staten Island,Oakwood,false,0.5
yellow,176,dropoff,2024,4,22,Staten Island,Oakwood,false,0.5
yellow,176,dropoff,2024,5,22,Staten Island,Oakwood,false,0.5
yellow,176,dropoff,2024,6,23,Staten Island,Oakwood,false,0.5
yellow,176,pickup,2023,3,2,Staten Island,Oakwood,false,0.0
yellow,176,pickup,2023,5,1,Staten Island,Oakwood,false,0.0
yellow,177,dropoff,2023,2,662,Brooklyn,Ocean Hill,false,0.2165
yellow,177,dropoff,2023,3,738,Brooklyn,Ocean Hill,false,0.2165
yellow,177,dropoff,2023,4,773,Brooklyn,Ocean Hill,false,0.2165
yellow,177,dropoff,2023,5,726,Brooklyn,Ocean Hill,false,0.2165
yellow,177,dropoff,2023,6,763,Brooklyn,Ocean Hill,false,0.2165
yellow,177,dropoff,2024,2,712,Brooklyn,Ocean Hill,false,0.2165
yellow,177,dropoff,2024,3,841,Brooklyn,Ocean Hill,false,0.2165
yellow,177,dropoff,2024,4,844,Brooklyn,Ocean Hill,false,0.2165
yellow,177,dropoff,2024,5,870,Brooklyn,Ocean Hill,false,0.2165
yellow,177,dropoff,2024,6,869,Brooklyn,Ocean Hill,false,0.2165
yellow,177,pickup,2023,2,162,Brooklyn,Ocean Hill,false,0.0766
yellow,177,pickup,2023,3,180,Brooklyn,Ocean Hill,false,0.0766
yellow,177,pickup,2023,4,202,Brooklyn,Ocean Hill,false,0.0766
yellow,177,pickup,2023,5,186,Brooklyn,Ocean Hill,false,0.0766
yellow,177,pickup,2023,6,158,Brooklyn,Ocean Hill,false,0.0766
yellow,177,pickup,2024,2,324,Brooklyn,Ocean Hill,false,0.0766
yellow,177,pickup,2024,3,421,Brooklyn,Ocean Hill,false,0.0766
yellow,177,pickup,2024,4,421,Brooklyn,Ocean Hill,false,0.0766
yellow,177,pickup,2024,5,425,Brooklyn,Ocean Hill,false,0.0766
yellow,177,pickup,2024,6,408,Brooklyn,Ocean Hill,false,0.0766
yellow,178,dropoff,2023,2,268,Brooklyn,Ocean Parkway South,false,0.3176
yellow,178,dropoff,2023,3,292,Brooklyn,Ocean Parkway South,false,0.3176
yellow,178,dropoff,2023,4,259,Brooklyn,Ocean Parkway South,false,0.3176
yellow,178,dropoff,2023,5,263,Brooklyn,Ocean Parkway South,false,0.3176
yellow,178,dropoff,2023,6,250,Brooklyn,Ocean Parkway South,false,0.3176
yellow,178,dropoff,2024,2,241,Brooklyn,Ocean Parkway South,false,0.3176
yellow,178,dropoff,2024,3,265,Brooklyn,Ocean Parkway South,false,0.3176
yellow,178,dropoff,2024,4,222,Brooklyn,Ocean Parkway South,false,0.3176
yellow,178,dropoff,2024,5,293,Brooklyn,Ocean Parkway South,false,0.3176
yellow,178,dropoff,2024,6,218,Brooklyn,Ocean Parkway South,false,0.3176
yellow,178,pickup,2023,2,18,Brooklyn,Ocean Parkway South,false,0.3511
yellow,178,pickup,2023,3,19,Brooklyn,Ocean Parkway South,false,0.3511
yellow,178,pickup,2023,4,18,Brooklyn,Ocean Parkway South,false,0.3511
yellow,178,pickup,2023,5,17,Brooklyn,Ocean Parkway South,false,0.3511
yellow,178,pickup,2023,6,22,Brooklyn,Ocean Parkway South,false,0.3511
yellow,178,pickup,2024,2,36,Brooklyn,Ocean Parkway South,false,0.3511
yellow,178,pickup,2024,3,47,Brooklyn,Ocean Parkway South,false,0.3511
yellow,178,pickup,2024,4,54,Brooklyn,Ocean Parkway South,false,0.3511
yellow,178,pickup,2024,5,89,Brooklyn,Ocean Parkway South,false,0.3511
yellow,178,pickup,2024,6,66,Brooklyn,Ocean Parkway South,false,0.3511
yellow,179,dropoff,2023,2,2830,Queens,Old Astoria,false,0.4379
yellow,179,dropoff,2023,3,3343,Queens,Old Astoria,false,0.4379
yellow,179,dropoff,2023,4,3130,Queens,Old Astoria,false,0.4379
yellow,179,dropoff,2023,5,3235,Queens,Old Astoria,false,0.4379
yellow,179,dropoff,2023,6,3115,Queens,Old Astoria,false,0.4379
yellow,179,dropoff,2024,2,2161,Queens,Old Astoria,false,0.4379
yellow,179,dropoff,2024,3,2615,Queens,Old Astoria,false,0.4379
yellow,179,dropoff,2024,4,2403,Queens,Old Astoria,false,0.4379
yellow,179,dropoff,2024,5,2480,Queens,Old Astoria,false,0.4379
yellow,179,dropoff,2024,6,2318,Queens,Old Astoria,false,0.4379
yellow,179,pickup,2023,2,411,Queens,Old Astoria,false,0.112
yellow,179,pickup,2023,3,502,Queens,Old Astoria,false,0.112
yellow,179,pickup,2023,4,435,Queens,Old Astoria,false,0.112
yellow,179,pickup,2023,5,530,Queens,Old Astoria,false,0.112
yellow,179,pickup,2023,6,470,Queens,Old Astoria,false,0.112
yellow,179,pickup,2024,2,331,Queens,Old Astoria,false,0.112
yellow,179,pickup,2024,3,402,Queens,Old Astoria,false,0.112
yellow,179,pickup,2024,4,381,Queens,Old Astoria,false,0.112
yellow,179,pickup,2024,5,402,Queens,Old Astoria,false,0.112
yellow,179,pickup,2024,6,408,Queens,Old Astoria,false,0.112
yellow,180,dropoff,2023,2,295,Queens,Ozone Park,false,0.102
yellow,180,dropoff,2023,3,347,Queens,Ozone Park,false,0.102
yellow,180,dropoff,2023,4,377,Queens,Ozone Park,false,0.102
yellow,180,dropoff,2023,5,360,Queens,Ozone Park,false,0.102
yellow,180,dropoff,2023,6,356,Queens,Ozone Park,false,0.102
yellow,180,dropoff,2024,2,310,Queens,Ozone Park,false,0.102
yellow,180,dropoff,2024,3,329,Queens,Ozone Park,false,0.102
yellow,180,dropoff,2024,4,337,Queens,Ozone Park,false,0.102
yellow,180,dropoff,2024,5,364,Queens,Ozone Park,false,0.102
yellow,180,dropoff,2024,6,364,Queens,Ozone Park,false,0.102
yellow,180,pickup,2023,2,29,Queens,Ozone Park,false,0.1116
yellow,180,pickup,2023,3,51,Queens,Ozone Park,false,0.1116
yellow,180,pickup,2023,4,63,Queens,Ozone Park,false,0.1116
yellow,180,pickup,2023,5,51,Queens,Ozone Park,false,0.1116
yellow,180,pickup,2023,6,39,Queens,Ozone Park,false,0.1116
yellow,180,pickup,2024,2,53,Queens,Ozone Park,false,0.1116
yellow,180,pickup,2024,3,75,Queens,Ozone Park,false,0.1116
yellow,180,pickup,2024,4,75,Queens,Ozone Park,false,0.1116
yellow,180,pickup,2024,5,104,Queens,Ozone Park,false,0.1116
yellow,180,pickup,2024,6,83,Queens,Ozone Park,false,0.1116
yellow,181,dropoff,2023,2,7216,Brooklyn,Park Slope,false,0.5007
yellow,181,dropoff,2023,3,8532,Brooklyn,Park Slope,false,0.5007
yellow,181,dropoff,2023,4,8373,Brooklyn,Park Slope,false,0.5007
yellow,181,dropoff,2023,5,8951,Brooklyn,Park Slope,false,0.5007
yellow,181,dropoff,2023,6,8484,Brooklyn,Park Slope,false,0.5007
yellow,181,dropoff,2024,2,7309,Brooklyn,Park Slope,false,0.5007
yellow,181,dropoff,2024,3,8164,Brooklyn,Park Slope,false,0.5007
yellow,181,dropoff,2024,4,7893,Brooklyn,Park Slope,false,0.5007
yellow,181,dropoff,2024,5,7917,Brooklyn,Park Slope,false,0.5007
yellow,181,dropoff,2024,6,7732,Brooklyn,Park Slope,false,0.5007
yellow,181,pickup,2023,2,664,Brooklyn,Park Slope,false,0.1949
yellow,181,pickup,2023,3,743,Brooklyn,Park Slope,false,0.1949
yellow,181,pickup,2023,4,747,Brooklyn,Park Slope,false,0.1949
yellow,181,pickup,2023,5,760,Brooklyn,Park Slope,false,0.1949
yellow,181,pickup,2023,6,780,Brooklyn,Park Slope,false,0.1949
yellow,181,pickup,2024,2,706,Brooklyn,Park Slope,false,0.1949
yellow,181,pickup,2024,3,918,Brooklyn,Park Slope,false,0.1949
yellow,181,pickup,2024,4,880,Brooklyn,Park Slope,false,0.1949
yellow,181,pickup,2024,5,887,Brooklyn,Park Slope,false,0.1949
yellow,181,pickup,2024,6,844,Brooklyn,Park Slope,false,0.1949
yellow,182,dropoff,2023,2,298,Bronx,Parkchester,false,0.2566
yellow,182,dropoff,2023,3,379,Bronx,Parkchester,false,0.2566
yellow,182,dropoff,2023,4,344,Bronx,Parkchester,false,0.2566
yellow,182,dropoff,2023,5,341,Bronx,Parkchester,false,0.2566
yellow,182,dropoff,2023,6,388,Bronx,Parkchester,false,0.2566
yellow,182,dropoff,2024,2,312,Bronx,Parkchester,false,0.2566
yellow,182,dropoff,2024,3,408,Bronx,Parkchester,false,0.2566
yellow,182,dropoff,2024,4,361,Bronx,Parkchester,false,0.2566
yellow,182,dropoff,2024,5,417,Bronx,Parkchester,false,0.2566
yellow,182,dropoff,2024,6,384,Bronx,Parkchester,false,0.2566
yellow,182,pickup,2023,2,91,Bronx,Parkchester,false,0.1925
yellow,182,pickup,2023,3,141,Bronx,Parkchester,false,0.1925
yellow,182,pickup,2023,4,117,Bronx,Parkchester,false,0.1925
yellow,182,pickup,2023,5,130,Bronx,Parkchester,false,0.1925
yellow,182,pickup,2023,6,134,Bronx,Parkchester,false,0.1925
yellow,182,pickup,2024,2,191,Bronx,Parkchester,false,0.1925
yellow,182,pickup,2024,3,257,Bronx,Parkchester,false,0.1925
yellow,182,pickup,2024,4,222,Bronx,Parkchester,false,0.1925
yellow,182,pickup,2024,5,257,Bronx,Parkchester,false,0.1925
yellow,182,pickup,2024,6,216,Bronx,Parkchester,false,0.1925
yellow,183,dropoff,2023,2,105,Bronx,Pelham Bay,false,0.273
yellow,183,dropoff,2023,3,123,Bronx,Pelham Bay,false,0.273
yellow,183,dropoff,2023,4,151,Bronx,Pelham Bay,false,0.273
yellow,183,dropoff,2023,5,140,Bronx,Pelham Bay,false,0.273
yellow,183,dropoff,2023,6,144,Bronx,Pelham Bay,false,0.273
yellow,183,dropoff,2024,2,99,Bronx,Pelham Bay,false,0.273
yellow,183,dropoff,2024,3,138,Bronx,Pelham Bay,false,0.273
yellow,183,dropoff,2024,4,113,Bronx,Pelham Bay,false,0.273
yellow,183,dropoff,2024,5,129,Bronx,Pelham Bay,false,0.273
yellow,183,dropoff,2024,6,128,Bronx,Pelham Bay,false,0.273
yellow,183,pickup,2023,2,20,Bronx,Pelham Bay,false,0.1913
yellow,183,pickup,2023,3,27,Bronx,Pelham Bay,false,0.1913
yellow,183,pickup,2023,4,25,Bronx,Pelham Bay,false,0.1913
yellow,183,pickup,2023,5,23,Bronx,Pelham Bay,false,0.1913
yellow,183,pickup,2023,6,20,Bronx,Pelham Bay,false,0.1913
yellow,183,pickup,2024,2,46,Bronx,Pelham Bay,false,0.1913
yellow,183,pickup,2024,3,51,Bronx,Pelham Bay,false,0.1913
yellow,183,pickup,2024,4,52,Bronx,Pelham Bay,false,0.1913
yellow,183,pickup,2024,5,52,Bronx,Pelham Bay,false,0.1913
yellow,183,pickup,2024,6,35,Bronx,Pelham Bay,false,0.1913
yellow,184,dropoff,2023,2,20,Bronx,Pelham Bay Park,false,0.197
yellow,184,dropoff,2023,3,24,Bronx,Pelham Bay Park,false,0.197
yellow,184,dropoff,2023,4,19,Bronx,Pelham Bay Park,false,0.197
yellow,184,dropoff,2023,5,42,Bronx,Pelham Bay Park,false,0.197
yellow,184,dropoff,2023,6,27,Bronx,Pelham Bay Park,false,0.197
yellow,184,dropoff,2024,2,16,Bronx,Pelham Bay Park,false,0.197
yellow,184,dropoff,2024,3,25,Bronx,Pelham Bay Park,false,0.197
yellow,184,dropoff,2024,4,19,Bronx,Pelham Bay Park,false,0.197
yellow,184,dropoff,2024,5,17,Bronx,Pelham Bay Park,false,0.197
yellow,184,dropoff,2024,6,31,Bronx,Pelham Bay Park,false,0.197
yellow,184,pickup,2023,2,2,Bronx,Pelham Bay Park,false,0.0526
yellow,184,pickup,2023,3,2,Bronx,Pelham Bay Park,false,0.0526
yellow,184,pickup,2023,4,2,Bronx,Pelham Bay Park,false,0.0526
yellow,184,pickup,2023,5,5,Bronx,Pelham Bay Park,false,0.0526
yellow,184,pickup,2023,6,8,Bronx,Pelham Bay Park,false,0.0526
yellow,184,pickup,2024,2,5,Bronx,Pelham Bay Park,false,0.0526
yellow,184,pickup,2024,3,6,Bronx,Pelham Bay Park,false,0.0526
yellow,184,pickup,2024,4,4,Bronx,Pelham Bay Park,false,0.0526
yellow,184,pickup,2024,5,7,Bronx,Pelham Bay Park,false,0.0526
yellow,184,pickup,2024,6,11,Bronx,Pelham Bay Park,false,0.0526
yellow,185,dropoff,2023,2,284,Bronx,Pelham Parkway,false,0.1855
yellow,185,dropoff,2023,3,351,Bronx,Pelham Parkway,false,0.1855
yellow,185,dropoff,2023,4,335,Bronx,Pelham Parkway,false,0.1855
yellow,185,dropoff,2023,5,386,Bronx,Pelham Parkway,false,0.1855
yellow,185,dropoff,2023,6,358,Bronx,Pelham Parkway,false,0.1855
yellow,185,dropoff,2024,2,281,Bronx,Pelham Parkway,false,0.1855
yellow,185,dropoff,2024,3,292,Bronx,Pelham Parkway,false,0.1855
yellow,185,dropoff,2024,4,332,Bronx,Pelham Parkway,false,0.1855
yellow,185,dropoff,2024,5,306,Bronx,Pelham Parkway,false,0.1855
yellow,185,dropoff,2024,6,329,Bronx,Pelham Parkway,false,0.1855
yellow,185,pickup,2023,2,44,Bronx,Pelham Parkway,false,0.0623
yellow,185,pickup,2023,3,87,Bronx,Pelham Parkway,false,0.0623
yellow,185,pickup,2023,4,69,Bronx,Pelham Parkway,false,0.0623
yellow,185,pickup,2023,5,69,Bronx,Pelham Parkway,false,0.0623
yellow,185,pickup,2023,6,68,Bronx,Pelham Parkway,false,0.0623
yellow,185,pickup,2024,2,94,Bronx,Pelham Parkway,false,0.0623
yellow,185,pickup,2024,3,95,Bronx,Pelham Parkway,false,0.0623
yellow,185,pickup,2024,4,104,Bronx,Pelham Parkway,false,0.0623
yellow,185,pickup,2024,5,99,Bronx,Pelham Parkway,false,0.0623
yellow,185,pickup,2024,6,80,Bronx,Pelham Parkway,false,0.0623
yellow,186,dropoff,2023,2,62676,Manhattan,Penn Station/Madison Sq West,true,1.0
yellow,186,dropoff,2023,3,71001,Manhattan,Penn Station/Madison Sq West,true,1.0
yellow,186,dropoff,2023,4,66808,Manhattan,Penn Station/Madison Sq West,true,1.0
yellow,186,dropoff,2023,5,68925,Manhattan,Penn Station/Madison Sq West,true,1.0
yellow,186,dropoff,2023,6,68618,Manhattan,Penn Station/Madison Sq West,true,1.0
yellow,186,dropoff,2024,2,58884,Manhattan,Penn Station/Madison Sq West,true,1.0
yellow,186,dropoff,2024,3,66702,Manhattan,Penn Station/Madison Sq West,true,1.0
yellow,186,dropoff,2024,4,64755,Manhattan,Penn Station/Madison Sq West,true,1.0
yellow,186,dropoff,2024,5,68494,Manhattan,Penn Station/Madison Sq West,true,1.0
yellow,186,dropoff,2024,6,65941,Manhattan,Penn Station/Madison Sq West,true,1.0
yellow,186,pickup,2023,2,101452,Manhattan,Penn Station/Madison Sq West,true,1.0
yellow,186,pickup,2023,3,112132,Manhattan,Penn Station/Madison Sq West,true,1.0
yellow,186,pickup,2023,4,102412,Manhattan,Penn Station/Madison Sq West,true,1.0
yellow,186,pickup,2023,5,108706,Manhattan,Penn Station/Madison Sq West,true,1.0
yellow,186,pickup,2023,6,106177,Manhattan,Penn Station/Madison Sq West,true,1.0
yellow,186,pickup,2024,2,95335,Manhattan,Penn Station/Madison Sq West,true,1.0
yellow,186,pickup,2024,3,106383,Manhattan,Penn Station/Madison Sq West,true,1.0
yellow,186,pickup,2024,4,103796,Manhattan,Penn Station/Madison Sq West,true,1.0
yellow,186,pickup,2024,5,106665,Manhattan,Penn Station/Madison Sq West,true,1.0
yellow,186,pickup,2024,6,103410,Manhattan,Penn Station/Madison Sq West,true,1.0
yellow,187,dropoff,2023,2,12,Staten Island,Port Richmond,false,0.3457
yellow,187,dropoff,2023,3,19,Staten Island,Port Richmond,false,0.3457
yellow,187,dropoff,2023,4,13,Staten Island,Port Richmond,false,0.3457
yellow,187,dropoff,2023,5,18,Staten Island,Port Richmond,false,0.3457
yellow,187,dropoff,2023,6,19,Staten Island,Port Richmond,false,0.3457
yellow,187,dropoff,2024,2,21,Staten Island,Port Richmond,false,0.3457
yellow,187,dropoff,2024,3,22,Staten Island,Port Richmond,false,0.3457
yellow,187,dropoff,2024,4,20,Staten Island,Port Richmond,false,0.3457
yellow,187,dropoff,2024,5,34,Staten Island,Port Richmond,false,0.3457
yellow,187,dropoff,2024,6,25,Staten Island,Port Richmond,false,0.3457
yellow,187,pickup,2023,3,1,Staten Island,Port Richmond,false,0.0
yellow,187,pickup,2023,5,3,Staten Island,Port Richmond,false,0.0
yellow,187,pickup,2024,2,1,Staten Island,Port Richmond,false,0.0
yellow,188,dropoff,2023,2,2002,Brooklyn,Prospect-Lefferts Gardens,false,0.3497
yellow,188,dropoff,2023,3,2319,Brooklyn,Prospect-Lefferts Gardens,false,0.3497
yellow,188,dropoff,2023,4,2420,Brooklyn,Prospect-Lefferts Gardens,false,0.3497
yellow,188,dropoff,2023,5,2579,Brooklyn,Prospect-Lefferts Gardens,false,0.3497
yellow,188,dropoff,2023,6,2447,Brooklyn,Prospect-Lefferts Gardens,false,0.3497
yellow,188,dropoff,2024,2,2002,Brooklyn,Prospect-Lefferts Gardens,false,0.3497
yellow,188,dropoff,2024,3,2306,Brooklyn,Prospect-Lefferts Gardens,false,0.3497
yellow,188,dropoff,2024,4,2299,Brooklyn,Prospect-Lefferts Gardens,false,0.3497
yellow,188,dropoff,2024,5,2565,Brooklyn,Prospect-Lefferts Gardens,false,0.3497
yellow,188,dropoff,2024,6,2341,Brooklyn,Prospect-Lefferts Gardens,false,0.3497
yellow,188,pickup,2023,2,254,Brooklyn,Prospect-Lefferts Gardens,false,0.1517
yellow,188,pickup,2023,3,307,Brooklyn,Prospect-Lefferts Gardens,false,0.1517
yellow,188,pickup,2023,4,314,Brooklyn,Prospect-Lefferts Gardens,false,0.1517
yellow,188,pickup,2023,5,325,Brooklyn,Prospect-Lefferts Gardens,false,0.1517
yellow,188,pickup,2023,6,263,Brooklyn,Prospect-Lefferts Gardens,false,0.1517
yellow,188,pickup,2024,2,555,Brooklyn,Prospect-Lefferts Gardens,false,0.1517
yellow,188,pickup,2024,3,734,Brooklyn,Prospect-Lefferts Gardens,false,0.1517
yellow,188,pickup,2024,4,817,Brooklyn,Prospect-Lefferts Gardens,false,0.1517
yellow,188,pickup,2024,5,894,Brooklyn,Prospect-Lefferts Gardens,false,0.1517
yellow,188,pickup,2024,6,780,Brooklyn,Prospect-Lefferts Gardens,false,0.1517
yellow,189,dropoff,2023,2,2526,Brooklyn,Prospect Heights,false,0.4557
yellow,189,dropoff,2023,3,2927,Brooklyn,Prospect Heights,false,0.4557
yellow,189,dropoff,2023,4,2773,Brooklyn,Prospect Heights,false,0.4557
yellow,189,dropoff,2023,5,3069,Brooklyn,Prospect Heights,false,0.4557
yellow,189,dropoff,2023,6,2960,Brooklyn,Prospect Heights,false,0.4557
yellow,189,dropoff,2024,2,2329,Brooklyn,Prospect Heights,false,0.4557
yellow,189,dropoff,2024,3,2760,Brooklyn,Prospect Heights,false,0.4557
yellow,189,dropoff,2024,4,2582,Brooklyn,Prospect Heights,false,0.4557
yellow,189,dropoff,2024,5,2758,Brooklyn,Prospect Heights,false,0.4557
yellow,189,dropoff,2024,6,2537,Brooklyn,Prospect Heights,false,0.4557
yellow,189,pickup,2023,2,158,Brooklyn,Prospect Heights,false,0.1845
yellow,189,pickup,2023,3,219,Brooklyn,Prospect Heights,false,0.1845
yellow,189,pickup,2023,4,215,Brooklyn,Prospect Heights,false,0.1845
yellow,189,pickup,2023,5,216,Brooklyn,Prospect Heights,false,0.1845
yellow,189,pickup,2023,6,211,Brooklyn,Prospect Heights,false,0.1845
yellow,189,pickup,2024,2,232,Brooklyn,Prospect Heights,false,0.1845
yellow,189,pickup,2024,3,242,Brooklyn,Prospect Heights,false,0.1845
yellow,189,pickup,2024,4,254,Brooklyn,Prospect Heights,false,0.1845
yellow,189,pickup,2024,5,300,Brooklyn,Prospect Heights,false,0.1845
yellow,189,pickup,2024,6,237,Brooklyn,Prospect Heights,false,0.1845
yellow,190,dropoff,2023,2,288,Brooklyn,Prospect Park,false,0.5977
yellow,190,dropoff,2023,3,375,Brooklyn,Prospect Park,false,0.5977
yellow,190,dropoff,2023,4,524,Brooklyn,Prospect Park,false,0.5977
yellow,190,dropoff,2023,5,478,Brooklyn,Prospect Park,false,0.5977
yellow,190,dropoff,2023,6,376,Brooklyn,Prospect Park,false,0.5977
yellow,190,dropoff,2024,2,331,Brooklyn,Prospect Park,false,0.5977
yellow,190,dropoff,2024,3,381,Brooklyn,Prospect Park,false,0.5977
yellow,190,dropoff,2024,4,454,Brooklyn,Prospect Park,false,0.5977
yellow,190,dropoff,2024,5,436,Brooklyn,Prospect Park,false,0.5977
yellow,190,dropoff,2024,6,438,Brooklyn,Prospect Park,false,0.5977
yellow,190,pickup,2023,2,30,Brooklyn,Prospect Park,false,0.1316
yellow,190,pickup,2023,3,28,Brooklyn,Prospect Park,false,0.1316
yellow,190,pickup,2023,4,75,Brooklyn,Prospect Park,false,0.1316
yellow,190,pickup,2023,5,45,Brooklyn,Prospect Park,false,0.1316
yellow,190,pickup,2023,6,50,Brooklyn,Prospect Park,false,0.1316
yellow,190,pickup,2024,2,32,Brooklyn,Prospect Park,false,0.1316
yellow,190,pickup,2024,3,36,Brooklyn,Prospect Park,false,0.1316
yellow,190,pickup,2024,4,60,Brooklyn,Prospect Park,false,0.1316
yellow,190,pickup,2024,5,59,Brooklyn,Prospect Park,false,0.1316
yellow,190,pickup,2024,6,75,Brooklyn,Prospect Park,false,0.1316
yellow,191,dropoff,2023,2,582,Queens,Queens Village,false,0.0852
yellow,191,dropoff,2023,3,771,Queens,Queens Village,false,0.0852
yellow,191,dropoff,2023,4,668,Queens,Queens Village,false,0.0852
yellow,191,dropoff,2023,5,706,Queens,Queens Village,false,0.0852
yellow,191,dropoff,2023,6,722,Queens,Queens Village,false,0.0852
yellow,191,dropoff,2024,2,610,Queens,Queens Village,false,0.0852
yellow,191,dropoff,2024,3,730,Queens,Queens Village,false,0.0852
yellow,191,dropoff,2024,4,749,Queens,Queens Village,false,0.0852
yellow,191,dropoff,2024,5,847,Queens,Queens Village,false,0.0852
yellow,191,dropoff,2024,6,750,Queens,Queens Village,false,0.0852
yellow,191,pickup,2023,2,149,Queens,Queens Village,false,0.1112
yellow,191,pickup,2023,3,219,Queens,Queens Village,false,0.1112
yellow,191,pickup,2023,4,201,Queens,Queens Village,false,0.1112
yellow,191,pickup,2023,5,213,Queens,Queens Village,false,0.1112
yellow,191,pickup,2023,6,162,Queens,Queens Village,false,0.1112
yellow,191,pickup,2024,2,215,Queens,Queens Village,false,0.1112
yellow,191,pickup,2024,3,316,Queens,Queens Village,false,0.1112
yellow,191,pickup,2024,4,304,Queens,Queens Village,false,0.1112
yellow,191,pickup,2024,5,317,Queens,Queens Village,false,0.1112
yellow,191,pickup,2024,6,235,Queens,Queens Village,false,0.1112
yellow,192,dropoff,2023,2,260,Queens,Queensboro Hill,false,0.1675
yellow,192,dropoff,2023,3,333,Queens,Queensboro Hill,false,0.1675
yellow,192,dropoff,2023,4,321,Queens,Queensboro Hill,false,0.1675
yellow,192,dropoff,2023,5,354,Queens,Queensboro Hill,false,0.1675
yellow,192,dropoff,2023,6,338,Queens,Queensboro Hill,false,0.1675
yellow,192,dropoff,2024,2,223,Queens,Queensboro Hill,false,0.1675
yellow,192,dropoff,2024,3,253,Queens,Queensboro Hill,false,0.1675
yellow,192,dropoff,2024,4,263,Queens,Queensboro Hill,false,0.1675
yellow,192,dropoff,2024,5,260,Queens,Queensboro Hill,false,0.1675
yellow,192,dropoff,2024,6,250,Queens,Queensboro Hill,false,0.1675
yellow,192,pickup,2023,2,28,Queens,Queensboro Hill,false,0.0359
yellow,192,pickup,2023,3,65,Queens,Queensboro Hill,false,0.0359
yellow,192,pickup,2023,4,41,Queens,Queensboro Hill,false,0.0359
yellow,192,pickup,2023,5,45,Queens,Queensboro Hill,false,0.0359
yellow,192,pickup,2023,6,44,Queens,Queensboro Hill,false,0.0359
yellow,192,pickup,2024,2,49,Queens,Queensboro Hill,false,0.0359
yellow,192,pickup,2024,3,43,Queens,Queensboro Hill,false,0.0359
yellow,192,pickup,2024,4,40,Queens,Queensboro Hill,false,0.0359
yellow,192,pickup,2024,5,43,Queens,Queensboro Hill,false,0.0359
yellow,192,pickup,2024,6,53,Queens,Queensboro Hill,false,0.0359
yellow,193,dropoff,2023,2,890,Queens,Queensbridge/Ravenswood,false,0.3263
yellow,193,dropoff,2023,3,1162,Queens,Queensbridge/Ravenswood,false,0.3263
yellow,193,dropoff,2023,4,1078,Queens,Queensbridge/Ravenswood,false,0.3263
yellow,193,dropoff,2023,5,1086,Queens,Queensbridge/Ravenswood,false,0.3263
yellow,193,dropoff,2023,6,929,Queens,Queensbridge/Ravenswood,false,0.3263
yellow,193,dropoff,2024,2,707,Queens,Queensbridge/Ravenswood,false,0.3263
yellow,193,dropoff,2024,3,981,Queens,Queensbridge/Ravenswood,false,0.3263
yellow,193,dropoff,2024,4,854,Queens,Queensbridge/Ravenswood,false,0.3263
yellow,193,dropoff,2024,5,1003,Queens,Queensbridge/Ravenswood,false,0.3263
yellow,193,dropoff,2024,6,1083,Queens,Queensbridge/Ravenswood,false,0.3263
yellow,193,pickup,2023,2,440,Queens,Queensbridge/Ravenswood,false,0.2243
yellow,193,pickup,2023,3,546,Queens,Queensbridge/Ravenswood,false,0.2243
yellow,193,pickup,2023,4,484,Queens,Queensbridge/Ravenswood,false,0.2243
yellow,193,pickup,2023,5,490,Queens,Queensbridge/Ravenswood,false,0.2243
yellow,193,pickup,2023,6,452,Queens,Queensbridge/Ravenswood,false,0.2243
yellow,193,pickup,2024,2,330,Queens,Queensbridge/Ravenswood,false,0.2243
yellow,193,pickup,2024,3,412,Queens,Queensbridge/Ravenswood,false,0.2243
yellow,193,pickup,2024,4,350,Queens,Queensbridge/Ravenswood,false,0.2243
yellow,193,pickup,2024,5,347,Queens,Queensbridge/Ravenswood,false,0.2243
yellow,193,pickup,2024,6,336,Queens,Queensbridge/Ravenswood,false,0.2243
yellow,194,dropoff,2023,2,155,Manhattan,Randalls Island,false,0.1681
yellow,194,dropoff,2023,3,272,Manhattan,Randalls Island,false,0.1681
yellow,194,dropoff,2023,4,483,Manhattan,Randalls Island,false,0.1681
yellow,194,dropoff,2023,5,582,Manhattan,Randalls Island,false,0.1681
yellow,194,dropoff,2023,6,376,Manhattan,Randalls Island,false,0.1681
yellow,194,dropoff,2024,2,187,Manhattan,Randalls Island,false,0.1681
yellow,194,dropoff,2024,3,241,Manhattan,Randalls Island,false,0.1681
yellow,194,dropoff,2024,4,563,Manhattan,Randalls Island,false,0.1681
yellow,194,dropoff,2024,5,462,Manhattan,Randalls Island,false,0.1681
yellow,194,dropoff,2024,6,394,Manhattan,Randalls Island,false,0.1681
yellow,194,pickup,2023,2,67,Manhattan,Randalls Island,false,0.137
yellow,194,pickup,2023,3,97,Manhattan,Randalls Island,false,0.137
yellow,194,pickup,2023,4,87,Manhattan,Randalls Island,false,0.137
yellow,194,pickup,2023,5,113,Manhattan,Randalls Island,false,0.137
yellow,194,pickup,2023,6,96,Manhattan,Randalls Island,false,0.137
yellow,194,pickup,2024,2,86,Manhattan,Randalls Island,false,0.137
yellow,194,pickup,2024,3,116,Manhattan,Randalls Island,false,0.137
yellow,194,pickup,2024,4,127,Manhattan,Randalls Island,false,0.137
yellow,194,pickup,2024,5,112,Manhattan,Randalls Island,false,0.137
yellow,194,pickup,2024,6,93,Manhattan,Randalls Island,false,0.137
yellow,195,dropoff,2023,2,642,Brooklyn,Red Hook,false,0.5575
yellow,195,dropoff,2023,3,688,Brooklyn,Red Hook,false,0.5575
yellow,195,dropoff,2023,4,856,Brooklyn,Red Hook,false,0.5575
yellow,195,dropoff,2023,5,1296,Brooklyn,Red Hook,false,0.5575
yellow,195,dropoff,2023,6,1099,Brooklyn,Red Hook,false,0.5575
yellow,195,dropoff,2024,2,747,Brooklyn,Red Hook,false,0.5575
yellow,195,dropoff,2024,3,953,Brooklyn,Red Hook,false,0.5575
yellow,195,dropoff,2024,4,1014,Brooklyn,Red Hook,false,0.5575
yellow,195,dropoff,2024,5,1402,Brooklyn,Red Hook,false,0.5575
yellow,195,dropoff,2024,6,1412,Brooklyn,Red Hook,false,0.5575
yellow,195,pickup,2023,2,43,Brooklyn,Red Hook,false,0.3233
yellow,195,pickup,2023,3,65,Brooklyn,Red Hook,false,0.3233
yellow,195,pickup,2023,4,115,Brooklyn,Red Hook,false,0.3233
yellow,195,pickup,2023,5,337,Brooklyn,Red Hook,false,0.3233
yellow,195,pickup,2023,6,303,Brooklyn,Red Hook,false,0.3233
yellow,195,pickup,2024,2,252,Brooklyn,Red Hook,false,0.3233
yellow,195,pickup,2024,3,341,Brooklyn,Red Hook,false,0.3233
yellow,195,pickup,2024,4,233,Brooklyn,Red Hook,false,0.3233
yellow,195,pickup,2024,5,518,Brooklyn,Red Hook,false,0.3233
yellow,195,pickup,2024,6,532,Brooklyn,Red Hook,false,0.3233
yellow,196,dropoff,2023,2,940,Queens,Rego Park,false,0.2964
yellow,196,dropoff,2023,3,1123,Queens,Rego Park,false,0.2964
yellow,196,dropoff,2023,4,1052,Queens,Rego Park,false,0.2964
yellow,196,dropoff,2023,5,1139,Queens,Rego Park,false,0.2964
yellow,196,dropoff,2023,6,1107,Queens,Rego Park,false,0.2964
yellow,196,dropoff,2024,2,851,Queens,Rego Park,false,0.2964
yellow,196,dropoff,2024,3,962,Queens,Rego Park,false,0.2964
yellow,196,dropoff,2024,4,942,Queens,Rego Park,false,0.2964
yellow,196,dropoff,2024,5,1049,Queens,Rego Park,false,0.2964
yellow,196,dropoff,2024,6,910,Queens,Rego Park,false,0.2964
yellow,196,pickup,2023,2,139,Queens,Rego Park,false,0.189
yellow,196,pickup,2023,3,172,Queens,Rego Park,false,0.189
yellow,196,pickup,2023,4,190,Queens,Rego Park,false,0.189
yellow,196,pickup,2023,5,167,Queens,Rego Park,false,0.189
yellow,196,pickup,2023,6,168,Queens,Rego Park,false,0.189
yellow,196,pickup,2024,2,183,Queens,Rego Park,false,0.189
yellow,196,pickup,2024,3,192,Queens,Rego Park,false,0.189
yellow,196,pickup,2024,4,207,Queens,Rego Park,false,0.189
yellow,196,pickup,2024,5,206,Queens,Rego Park,false,0.189
yellow,196,pickup,2024,6,177,Queens,Rego Park,false,0.189
yellow,197,dropoff,2023,2,1019,Queens,Richmond Hill,false,0.1287
yellow,197,dropoff,2023,3,1263,Queens,Richmond Hill,false,0.1287
yellow,197,dropoff,2023,4,1245,Queens,Richmond Hill,false,0.1287
yellow,197,dropoff,2023,5,1264,Queens,Richmond Hill,false,0.1287
yellow,197,dropoff,2023,6,1221,Queens,Richmond Hill,false,0.1287
yellow,197,dropoff,2024,2,998,Queens,Richmond Hill,false,0.1287
yellow,197,dropoff,2024,3,1202,Queens,Richmond Hill,false,0.1287
yellow,197,dropoff,2024,4,1221,Queens,Richmond Hill,false,0.1287
yellow,197,dropoff,2024,5,1316,Queens,Richmond Hill,false,0.1287
yellow,197,dropoff,2024,6,1203,Queens,Richmond Hill,false,0.1287
yellow,197,pickup,2023,2,283,Queens,Richmond Hill,false,0.0794
yellow,197,pickup,2023,3,327,Queens,Richmond Hill,false,0.0794
yellow,197,pickup,2023,4,364,Queens,Richmond Hill,false,0.0794
yellow,197,pickup,2023,5,413,Queens,Richmond Hill,false,0.0794
yellow,197,pickup,2023,6,338,Queens,Richmond Hill,false,0.0794
yellow,197,pickup,2024,2,320,Queens,Richmond Hill,false,0.0794
yellow,197,pickup,2024,3,444,Queens,Richmond Hill,false,0.0794
yellow,197,pickup,2024,4,445,Queens,Richmond Hill,false,0.0794
yellow,197,pickup,2024,5,480,Queens,Richmond Hill,false,0.0794
yellow,197,pickup,2024,6,469,Queens,Richmond Hill,false,0.0794
yellow,198,dropoff,2023,2,1386,Queens,Ridgewood,false,0.3422
yellow,198,dropoff,2023,3,1568,Queens,Ridgewood,false,0.3422
yellow,198,dropoff,2023,4,1654,Queens,Ridgewood,false,0.3422
yellow,198,dropoff,2023,5,1782,Queens,Ridgewood,false,0.3422
yellow,198,dropoff,2023,6,1751,Queens,Ridgewood,false,0.3422
yellow,198,dropoff,2024,2,1309,Queens,Ridgewood,false,0.3422
yellow,198,dropoff,2024,3,1520,Queens,Ridgewood,false,0.3422
yellow,198,dropoff,2024,4,1570,Queens,Ridgewood,false,0.3422
yellow,198,dropoff,2024,5,1531,Queens,Ridgewood,false,0.3422
yellow,198,dropoff,2024,6,1484,Queens,Ridgewood,false,0.3422
yellow,198,pickup,2023,2,56,Queens,Ridgewood,false,0.1121
yellow,198,pickup,2023,3,58,Queens,Ridgewood,false,0.1121
yellow,198,pickup,2023,4,75,Queens,Ridgewood,false,0.1121
yellow,198,pickup,2023,5,60,Queens,Ridgewood,false,0.1121
yellow,198,pickup,2023,6,72,Queens,Ridgewood,false,0.1121
yellow,198,pickup,2024,2,118,Queens,Ridgewood,false,0.1121
yellow,198,pickup,2024,3,143,Queens,Ridgewood,false,0.1121
yellow,198,pickup,2024,4,131,Queens,Ridgewood,false,0.1121
yellow,198,pickup,2024,5,132,Queens,Ridgewood,false,0.1121
yellow,198,pickup,2024,6,130,Queens,Ridgewood,false,0.1121
yellow,199,pickup,2023,3,2,Bronx,Rikers Island,false,0.8333
yellow,199,pickup,2023,4,2,Bronx,Rikers Island,false,0.8333
yellow,199,pickup,2023,5,1,Bronx,Rikers Island,false,0.8333
yellow,199,pickup,2023,6,1,Bronx,Rikers Island,false,0.8333
yellow,199,pickup,2024,2,1,Bronx,Rikers Island,false,0.8333
yellow,199,pickup,2024,3,2,Bronx,Rikers Island,false,0.8333
yellow,199,pickup,2024,4,1,Bronx,Rikers Island,false,0.8333
yellow,199,pickup,2024,6,1,Bronx,Rikers Island,false,0.8333
yellow,200,dropoff,2023,2,913,Bronx,Riverdale/North Riverdale/Fieldston,false,0.3403
yellow,200,dropoff,2023,3,1089,Bronx,Riverdale/North Riverdale/Fieldston,false,0.3403
yellow,200,dropoff,2023,4,1066,Bronx,Riverdale/North Riverdale/Fieldston,false,0.3403
yellow,200,dropoff,2023,5,1147,Bronx,Riverdale/North Riverdale/Fieldston,false,0.3403
yellow,200,dropoff,2023,6,983,Bronx,Riverdale/North Riverdale/Fieldston,false,0.3403
yellow,200,dropoff,2024,2,918,Bronx,Riverdale/North Riverdale/Fieldston,false,0.3403
yellow,200,dropoff,2024,3,987,Bronx,Riverdale/North Riverdale/Fieldston,false,0.3403
yellow,200,dropoff,2024,4,989,Bronx,Riverdale/North Riverdale/Fieldston,false,0.3403
yellow,200,dropoff,2024,5,1022,Bronx,Riverdale/North Riverdale/Fieldston,false,0.3403
yellow,200,dropoff,2024,6,961,Bronx,Riverdale/North Riverdale/Fieldston,false,0.3403
yellow,200,pickup,2023,2,52,Bronx,Riverdale/North Riverdale/Fieldston,false,0.2468
yellow,200,pickup,2023,3,82,Bronx,Riverdale/North Riverdale/Fieldston,false,0.2468
yellow,200,pickup,2023,4,58,Bronx,Riverdale/North Riverdale/Fieldston,false,0.2468
yellow,200,pickup,2023,5,66,Bronx,Riverdale/North Riverdale/Fieldston,false,0.2468
yellow,200,pickup,2023,6,54,Bronx,Riverdale/North Riverdale/Fieldston,false,0.2468
yellow,200,pickup,2024,2,64,Bronx,Riverdale/North Riverdale/Fieldston,false,0.2468
yellow,200,pickup,2024,3,78,Bronx,Riverdale/North Riverdale/Fieldston,false,0.2468
yellow,200,pickup,2024,4,95,Bronx,Riverdale/North Riverdale/Fieldston,false,0.2468
yellow,200,pickup,2024,5,89,Bronx,Riverdale/North Riverdale/Fieldston,false,0.2468
yellow,200,pickup,2024,6,99,Bronx,Riverdale/North Riverdale/Fieldston,false,0.2468
yellow,201,dropoff,2023,2,260,Queens,Rockaway Park,false,0.1179
yellow,201,dropoff,2023,3,319,Queens,Rockaway Park,false,0.1179
yellow,201,dropoff,2023,4,329,Queens,Rockaway Park,false,0.1179
yellow,201,dropoff,2023,5,293,Queens,Rockaway Park,false,0.1179
yellow,201,dropoff,2023,6,368,Queens,Rockaway Park,false,0.1179
yellow,201,dropoff,2024,2,271,Queens,Rockaway Park,false,0.1179
yellow,201,dropoff,2024,3,333,Queens,Rockaway Park,false,0.1179
yellow,201,dropoff,2024,4,347,Queens,Rockaway Park,false,0.1179
yellow,201,dropoff,2024,5,289,Queens,Rockaway Park,false,0.1179
yellow,201,dropoff,2024,6,340,Queens,Rockaway Park,false,0.1179
yellow,201,pickup,2023,2,40,Queens,Rockaway Park,false,0.1464
yellow,201,pickup,2023,3,58,Queens,Rockaway Park,false,0.1464
yellow,201,pickup,2023,4,48,Queens,Rockaway Park,false,0.1464
yellow,201,pickup,2023,5,47,Queens,Rockaway Park,false,0.1464
yellow,201,pickup,2023,6,46,Queens,Rockaway Park,false,0.1464
yellow,201,pickup,2024,2,53,Queens,Rockaway Park,false,0.1464
yellow,201,pickup,2024,3,66,Queens,Rockaway Park,false,0.1464
yellow,201,pickup,2024,4,64,Queens,Rockaway Park,false,0.1464
yellow,201,pickup,2024,5,73,Queens,Rockaway Park,false,0.1464
yellow,201,pickup,2024,6,70,Queens,Rockaway Park,false,0.1464
yellow,202,dropoff,2023,2,1541,Manhattan,Roosevelt Island,false,0.444
yellow,202,dropoff,2023,3,1793,Manhattan,Roosevelt Island,false,0.444
yellow,202,dropoff,2023,4,1778,Manhattan,Roosevelt Island,false,0.444
yellow,202,dropoff,2023,5,2035,Manhattan,Roosevelt Island,false,0.444
yellow,202,dropoff,2023,6,1979,Manhattan,Roosevelt Island,false,0.444
yellow,202,dropoff,2024,2,1535,Manhattan,Roosevelt Island,false,0.444
yellow,202,dropoff,2024,3,1919,Manhattan,Roosevelt Island,false,0.444
yellow,202,dropoff,2024,4,1489,Manhattan,Roosevelt Island,false,0.444
yellow,202,dropoff,2024,5,1618,Manhattan,Roosevelt Island,false,0.444
yellow,202,dropoff,2024,6,1472,Manhattan,Roosevelt Island,false,0.444
yellow,202,pickup,2023,2,73,Manhattan,Roosevelt Island,false,0.1552
yellow,202,pickup,2023,3,103,Manhattan,Roosevelt Island,false,0.1552
yellow,202,pickup,2023,4,122,Manhattan,Roosevelt Island,false,0.1552
yellow,202,pickup,2023,5,112,Manhattan,Roosevelt Island,false,0.1552
yellow,202,pickup,2023,6,99,Manhattan,Roosevelt Island,false,0.1552
yellow,202,pickup,2024,2,95,Manhattan,Roosevelt Island,false,0.1552
yellow,202,pickup,2024,3,135,Manhattan,Roosevelt Island,false,0.1552
yellow,202,pickup,2024,4,120,Manhattan,Roosevelt Island,false,0.1552
yellow,202,pickup,2024,5,118,Manhattan,Roosevelt Island,false,0.1552
yellow,202,pickup,2024,6,130,Manhattan,Roosevelt Island,false,0.1552
yellow,203,dropoff,2023,2,510,Queens,Rosedale,false,0.0773
yellow,203,dropoff,2023,3,609,Queens,Rosedale,false,0.0773
yellow,203,dropoff,2023,4,590,Queens,Rosedale,false,0.0773
yellow,203,dropoff,2023,5,623,Queens,Rosedale,false,0.0773
yellow,203,dropoff,2023,6,605,Queens,Rosedale,false,0.0773
yellow,203,dropoff,2024,2,472,Queens,Rosedale,false,0.0773
yellow,203,dropoff,2024,3,577,Queens,Rosedale,false,0.0773
yellow,203,dropoff,2024,4,632,Queens,Rosedale,false,0.0773
yellow,203,dropoff,2024,5,655,Queens,Rosedale,false,0.0773
yellow,203,dropoff,2024,6,596,Queens,Rosedale,false,0.0773
yellow,203,pickup,2023,2,116,Queens,Rosedale,false,0.1563
yellow,203,pickup,2023,3,124,Queens,Rosedale,false,0.1563
yellow,203,pickup,2023,4,147,Queens,Rosedale,false,0.1563
yellow,203,pickup,2023,5,157,Queens,Rosedale,false,0.1563
yellow,203,pickup,2023,6,147,Queens,Rosedale,false,0.1563
yellow,203,pickup,2024,2,131,Queens,Rosedale,false,0.1563
yellow,203,pickup,2024,3,170,Queens,Rosedale,false,0.1563
yellow,203,pickup,2024,4,168,Queens,Rosedale,false,0.1563
yellow,203,pickup,2024,5,155,Queens,Rosedale,false,0.1563
yellow,203,pickup,2024,6,171,Queens,Rosedale,false,0.1563
yellow,204,dropoff,2023,2,12,Staten Island,Rossville/Woodrow,false,0.3492
yellow,204,dropoff,2023,3,11,Staten Island,Rossville/Woodrow,false,0.3492
yellow,204,dropoff,2023,4,9,Staten Island,Rossville/Woodrow,false,0.3492
yellow,204,dropoff,2023,5,16,Staten Island,Rossville/Woodrow,false,0.3492
yellow,204,dropoff,2023,6,15,Staten Island,Rossville/Woodrow,false,0.3492
yellow,204,dropoff,2024,2,4,Staten Island,Rossville/Woodrow,false,0.3492
yellow,204,dropoff,2024,3,14,Staten Island,Rossville/Woodrow,false,0.3492
yellow,204,dropoff,2024,4,4,Staten Island,Rossville/Woodrow,false,0.3492
yellow,204,dropoff,2024,5,15,Staten Island,Rossville/Woodrow,false,0.3492
yellow,204,dropoff,2024,6,16,Staten Island,Rossville/Woodrow,false,0.3492
yellow,204,pickup,2023,2,1,Staten Island,Rossville/Woodrow,false,0.0
yellow,204,pickup,2023,3,3,Staten Island,Rossville/Woodrow,false,0.0
yellow,204,pickup,2023,4,1,Staten Island,Rossville/Woodrow,false,0.0
yellow,204,pickup,2023,5,1,Staten Island,Rossville/Woodrow,false,0.0
yellow,204,pickup,2023,6,1,Staten Island,Rossville/Woodrow,false,0.0
yellow,205,dropoff,2023,2,774,Queens,Saint Albans,false,0.0414
yellow,205,dropoff,2023,3,926,Queens,Saint Albans,false,0.0414
yellow,205,dropoff,2023,4,977,Queens,Saint Albans,false,0.0414
yellow,205,dropoff,2023,5,1083,Queens,Saint Albans,false,0.0414
yellow,205,dropoff,2023,6,1023,Queens,Saint Albans,false,0.0414
yellow,205,dropoff,2024,2,875,Queens,Saint Albans,false,0.0414
yellow,205,dropoff,2024,3,1012,Queens,Saint Albans,false,0.0414
yellow,205,dropoff,2024,4,1019,Queens,Saint Albans,false,0.0414
yellow,205,dropoff,2024,5,1142,Queens,Saint Albans,false,0.0414
yellow,205,dropoff,2024,6,1029,Queens,Saint Albans,false,0.0414
yellow,205,pickup,2023,2,177,Queens,Saint Albans,false,0.0939
yellow,205,pickup,2023,3,287,Queens,Saint Albans,false,0.0939
yellow,205,pickup,2023,4,295,Queens,Saint Albans,false,0.0939
yellow,205,pickup,2023,5,308,Queens,Saint Albans,false,0.0939
yellow,205,pickup,2023,6,253,Queens,Saint Albans,false,0.0939
yellow,205,pickup,2024,2,286,Queens,Saint Albans,false,0.0939
yellow,205,pickup,2024,3,380,Queens,Saint Albans,false,0.0939
yellow,205,pickup,2024,4,346,Queens,Saint Albans,false,0.0939
yellow,205,pickup,2024,5,380,Queens,Saint Albans,false,0.0939
yellow,205,pickup,2024,6,316,Queens,Saint Albans,false,0.0939
yellow,206,dropoff,2023,2,61,Staten Island,Saint George/New Brighton,false,0.3089
yellow,206,dropoff,2023,3,62,Staten Island,Saint George/New Brighton,false,0.3089
yellow,206,dropoff,2023,4,57,Staten Island,Saint George/New Brighton,false,0.3089
yellow,206,dropoff,2023,5,70,Staten Island,Saint George/New Brighton,false,0.3089
yellow,206,dropoff,2023,6,64,Staten Island,Saint George/New Brighton,false,0.3089
yellow,206,dropoff,2024,2,54,Staten Island,Saint George/New Brighton,false,0.3089
yellow,206,dropoff,2024,3,47,Staten Island,Saint George/New Brighton,false,0.3089
yellow,206,dropoff,2024,4,66,Staten Island,Saint George/New Brighton,false,0.3089
yellow,206,dropoff,2024,5,66,Staten Island,Saint George/New Brighton,false,0.3089
yellow,206,dropoff,2024,6,70,Staten Island,Saint George/New Brighton,false,0.3089
yellow,206,pickup,2023,2,3,Staten Island,Saint George/New Brighton,false,0.2857
yellow,206,pickup,2023,3,2,Staten Island,Saint George/New Brighton,false,0.2857
yellow,206,pickup,2023,5,1,Staten Island,Saint George/New Brighton,false,0.2857
yellow,206,pickup,2023,6,1,Staten Island,Saint George/New Brighton,false,0.2857
yellow,206,pickup,2024,2,1,Staten Island,Saint George/New Brighton,false,0.2857
yellow,206,pickup,2024,3,3,Staten Island,Saint George/New Brighton,false,0.2857
yellow,206,pickup,2024,5,1,Staten Island,Saint George/New Brighton,false,0.2857
yellow,207,dropoff,2023,2,53,Queens,Saint Michaels Cemetery/Woodside,false,0.1238
yellow,207,dropoff,2023,3,68,Queens,Saint Michaels Cemetery/Woodside,false,0.1238
yellow,207,dropoff,2023,4,58,Queens,Saint Michaels Cemetery/Woodside,false,0.1238
yellow,207,dropoff,2023,5,72,Queens,Saint Michaels Cemetery/Woodside,false,0.1238
yellow,207,dropoff,2023,6,64,Queens,Saint Michaels Cemetery/Woodside,false,0.1238
yellow,207,dropoff,2024,2,39,Queens,Saint Michaels Cemetery/Woodside,false,0.1238
yellow,207,dropoff,2024,3,41,Queens,Saint Michaels Cemetery/Woodside,false,0.1238
yellow,207,dropoff,2024,4,46,Queens,Saint Michaels Cemetery/Woodside,false,0.1238
yellow,207,dropoff,2024,5,47,Queens,Saint Michaels Cemetery/Woodside,false,0.1238
yellow,207,dropoff,2024,6,38,Queens,Saint Michaels Cemetery/Woodside,false,0.1238
yellow,207,pickup,2023,2,51,Queens,Saint Michaels Cemetery/Woodside,false,0.2863
yellow,207,pickup,2023,3,51,Queens,Saint Michaels Cemetery/Woodside,false,0.2863
yellow,207,pickup,2023,4,42,Queens,Saint Michaels Cemetery/Woodside,false,0.2863
yellow,207,pickup,2023,5,56,Queens,Saint Michaels Cemetery/Woodside,false,0.2863
yellow,207,pickup,2023,6,62,Queens,Saint Michaels Cemetery/Woodside,false,0.2863
yellow,207,pickup,2024,2,36,Queens,Saint Michaels Cemetery/Woodside,false,0.2863
yellow,207,pickup,2024,3,49,Queens,Saint Michaels Cemetery/Woodside,false,0.2863
yellow,207,pickup,2024,4,63,Queens,Saint Michaels Cemetery/Woodside,false,0.2863
yellow,207,pickup,2024,5,71,Queens,Saint Michaels Cemetery/Woodside,false,0.2863
yellow,207,pickup,2024,6,73,Queens,Saint Michaels Cemetery/Woodside,false,0.2863
yellow,208,dropoff,2023,2,332,Bronx,Schuylerville/Edgewater Park,false,0.17
yellow,208,dropoff,2023,3,436,Bronx,Schuylerville/Edgewater Park,false,0.17
yellow,208,dropoff,2023,4,444,Bronx,Schuylerville/Edgewater Park,false,0.17
yellow,208,dropoff,2023,5,466,Bronx,Schuylerville/Edgewater Park,false,0.17
yellow,208,dropoff,2023,6,492,Bronx,Schuylerville/Edgewater Park,false,0.17
yellow,208,dropoff,2024,2,378,Bronx,Schuylerville/Edgewater Park,false,0.17
yellow,208,dropoff,2024,3,415,Bronx,Schuylerville/Edgewater Park,false,0.17
yellow,208,dropoff,2024,4,422,Bronx,Schuylerville/Edgewater Park,false,0.17
yellow,208,dropoff,2024,5,449,Bronx,Schuylerville/Edgewater Park,false,0.17
yellow,208,dropoff,2024,6,467,Bronx,Schuylerville/Edgewater Park,false,0.17
yellow,208,pickup,2023,2,49,Bronx,Schuylerville/Edgewater Park,false,0.1687
yellow,208,pickup,2023,3,111,Bronx,Schuylerville/Edgewater Park,false,0.1687
yellow,208,pickup,2023,4,78,Bronx,Schuylerville/Edgewater Park,false,0.1687
yellow,208,pickup,2023,5,76,Bronx,Schuylerville/Edgewater Park,false,0.1687
yellow,208,pickup,2023,6,101,Bronx,Schuylerville/Edgewater Park,false,0.1687
yellow,208,pickup,2024,2,102,Bronx,Schuylerville/Edgewater Park,false,0.1687
yellow,208,pickup,2024,3,114,Bronx,Schuylerville/Edgewater Park,false,0.1687
yellow,208,pickup,2024,4,90,Bronx,Schuylerville/Edgewater Park,false,0.1687
yellow,208,pickup,2024,5,119,Bronx,Schuylerville/Edgewater Park,false,0.1687
yellow,208,pickup,2024,6,86,Bronx,Schuylerville/Edgewater Park,false,0.1687
yellow,209,dropoff,2023,2,7236,Manhattan,Seaport,true,1.0
yellow,209,dropoff,2023,3,8517,Manhattan,Seaport,true,1.0
yellow,209,dropoff,2023,4,8113,Manhattan,Seaport,true,1.0
yellow,209,dropoff,2023,5,8413,Manhattan,Seaport,true,1.0
yellow,209,dropoff,2023,6,8608,Manhattan,Seaport,true,1.0
yellow,209,dropoff,2024,2,7033,Manhattan,Seaport,true,1.0
yellow,209,dropoff,2024,3,8224,Manhattan,Seaport,true,1.0
yellow,209,dropoff,2024,4,8177,Manhattan,Seaport,true,1.0
yellow,209,dropoff,2024,5,8870,Manhattan,Seaport,true,1.0
yellow,209,dropoff,2024,6,8518,Manhattan,Seaport,true,1.0
yellow,209,pickup,2023,2,4199,Manhattan,Seaport,true,1.0
yellow,209,pickup,2023,3,5065,Manhattan,Seaport,true,1.0
yellow,209,pickup,2023,4,5093,Manhattan,Seaport,true,1.0
yellow,209,pickup,2023,5,5927,Manhattan,Seaport,true,1.0
yellow,209,pickup,2023,6,5759,Manhattan,Seaport,true,1.0
yellow,209,pickup,2024,2,4149,Manhattan,Seaport,true,1.0
yellow,209,pickup,2024,3,5065,Manhattan,Seaport,true,1.0
yellow,209,pickup,2024,4,4938,Manhattan,Seaport,true,1.0
yellow,209,pickup,2024,5,5884,Manhattan,Seaport,true,1.0
yellow,209,pickup,2024,6,6300,Manhattan,Seaport,true,1.0
yellow,210,dropoff,2023,2,400,Brooklyn,Sheepshead Bay,false,0.1732
yellow,210,dropoff,2023,3,478,Brooklyn,Sheepshead Bay,false,0.1732
yellow,210,dropoff,2023,4,534,Brooklyn,Sheepshead Bay,false,0.1732
yellow,210,dropoff,2023,5,515,Brooklyn,Sheepshead Bay,false,0.1732
yellow,210,dropoff,2023,6,487,Brooklyn,Sheepshead Bay,false,0.1732
yellow,210,dropoff,2024,2,445,Brooklyn,Sheepshead Bay,false,0.1732
yellow,210,dropoff,2024,3,529,Brooklyn,Sheepshead Bay,false,0.1732
yellow,210,dropoff,2024,4,582,Brooklyn,Sheepshead Bay,false,0.1732
yellow,210,dropoff,2024,5,628,Brooklyn,Sheepshead Bay,false,0.1732
yellow,210,dropoff,2024,6,551,Brooklyn,Sheepshead Bay,false,0.1732
yellow,210,pickup,2023,2,98,Brooklyn,Sheepshead Bay,false,0.1779
yellow,210,pickup,2023,3,113,Brooklyn,Sheepshead Bay,false,0.1779
yellow,210,pickup,2023,4,140,Brooklyn,Sheepshead Bay,false,0.1779
yellow,210,pickup,2023,5,131,Brooklyn,Sheepshead Bay,false,0.1779
yellow,210,pickup,2023,6,97,Brooklyn,Sheepshead Bay,false,0.1779
yellow,210,pickup,2024,2,189,Brooklyn,Sheepshead Bay,false,0.1779
yellow,210,pickup,2024,3,271,Brooklyn,Sheepshead Bay,false,0.1779
yellow,210,pickup,2024,4,282,Brooklyn,Sheepshead Bay,false,0.1779
yellow,210,pickup,2024,5,265,Brooklyn,Sheepshead Bay,false,0.1779
yellow,210,pickup,2024,6,270,Brooklyn,Sheepshead Bay,false,0.1779
yellow,211,dropoff,2023,2,23159,Manhattan,SoHo,true,1.0
yellow,211,dropoff,2023,3,25949,Manhattan,SoHo,true,1.0
yellow,211,dropoff,2023,4,26873,Manhattan,SoHo,true,1.0
yellow,211,dropoff,2023,5,27767,Manhattan,SoHo,true,1.0
yellow,211,dropoff,2023,6,25550,Manhattan,SoHo,true,1.0
yellow,211,dropoff,2024,2,23126,Manhattan,SoHo,true,1.0
yellow,211,dropoff,2024,3,24677,Manhattan,SoHo,true,1.0
yellow,211,dropoff,2024,4,24555,Manhattan,SoHo,true,1.0
yellow,211,dropoff,2024,5,26644,Manhattan,SoHo,true,1.0
yellow,211,dropoff,2024,6,25655,Manhattan,SoHo,true,1.0
yellow,211,pickup,2023,2,20160,Manhattan,SoHo,true,1.0
yellow,211,pickup,2023,3,22775,Manhattan,SoHo,true,1.0
yellow,211,pickup,2023,4,24176,Manhattan,SoHo,true,1.0
yellow,211,pickup,2023,5,24899,Manhattan,SoHo,true,1.0
yellow,211,pickup,2023,6,22807,Manhattan,SoHo,true,1.0
yellow,211,pickup,2024,2,21827,Manhattan,SoHo,true,1.0
yellow,211,pickup,2024,3,22772,Manhattan,SoHo,true,1.0
yellow,211,pickup,2024,4,22017,Manhattan,SoHo,true,1.0
yellow,211,pickup,2024,5,24788,Manhattan,SoHo,true,1.0
yellow,211,pickup,2024,6,24210,Manhattan,SoHo,true,1.0
yellow,212,dropoff,2023,2,203,Bronx,Soundview/Bruckner,false,0.2195
yellow,212,dropoff,2023,3,305,Bronx,Soundview/Bruckner,false,0.2195
yellow,212,dropoff,2023,4,255,Bronx,Soundview/Bruckner,false,0.2195
yellow,212,dropoff,2023,5,293,Bronx,Soundview/Bruckner,false,0.2195
yellow,212,dropoff,2023,6,247,Bronx,Soundview/Bruckner,false,0.2195
yellow,212,dropoff,2024,2,215,Bronx,Soundview/Bruckner,false,0.2195
yellow,212,dropoff,2024,3,250,Bronx,Soundview/Bruckner,false,0.2195
yellow,212,dropoff,2024,4,242,Bronx,Soundview/Bruckner,false,0.2195
yellow,212,dropoff,2024,5,265,Bronx,Soundview/Bruckner,false,0.2195
yellow,212,dropoff,2024,6,262,Bronx,Soundview/Bruckner,false,0.2195
yellow,212,pickup,2023,2,38,Bronx,Soundview/Bruckner,false,0.1522
yellow,212,pickup,2023,3,76,Bronx,Soundview/Bruckner,false,0.1522
yellow,212,pickup,2023,4,64,Bronx,Soundview/Bruckner,false,0.1522
yellow,212,pickup,2023,5,80,Bronx,Soundview/Bruckner,false,0.1522
yellow,212,pickup,2023,6,64,Bronx,Soundview/Bruckner,false,0.1522
yellow,212,pickup,2024,2,75,Bronx,Soundview/Bruckner,false,0.1522
yellow,212,pickup,2024,3,105,Bronx,Soundview/Bruckner,false,0.1522
yellow,212,pickup,2024,4,89,Bronx,Soundview/Bruckner,false,0.1522
yellow,212,pickup,2024,5,102,Bronx,Soundview/Bruckner,false,0.1522
yellow,212,pickup,2024,6,61,Bronx,Soundview/Bruckner,false,0.1522
yellow,213,dropoff,2023,2,479,Bronx,Soundview/Castle Hill,false,0.1861
yellow,213,dropoff,2023,3,585,Bronx,Soundview/Castle Hill,false,0.1861
yellow,213,dropoff,2023,4,547,Bronx,Soundview/Castle Hill,false,0.1861
yellow,213,dropoff,2023,5,591,Bronx,Soundview/Castle Hill,false,0.1861
yellow,213,dropoff,2023,6,528,Bronx,Soundview/Castle Hill,false,0.1861
yellow,213,dropoff,2024,2,487,Bronx,Soundview/Castle Hill,false,0.1861
yellow,213,dropoff,2024,3,537,Bronx,Soundview/Castle Hill,false,0.1861
yellow,213,dropoff,2024,4,559,Bronx,Soundview/Castle Hill,false,0.1861
yellow,213,dropoff,2024,5,606,Bronx,Soundview/Castle Hill,false,0.1861
yellow,213,dropoff,2024,6,511,Bronx,Soundview/Castle Hill,false,0.1861
yellow,213,pickup,2023,2,162,Bronx,Soundview/Castle Hill,false,0.105
yellow,213,pickup,2023,3,215,Bronx,Soundview/Castle Hill,false,0.105
yellow,213,pickup,2023,4,222,Bronx,Soundview/Castle Hill,false,0.105
yellow,213,pickup,2023,5,248,Bronx,Soundview/Castle Hill,false,0.105
yellow,213,pickup,2023,6,201,Bronx,Soundview/Castle Hill,false,0.105
yellow,213,pickup,2024,2,264,Bronx,Soundview/Castle Hill,false,0.105
yellow,213,pickup,2024,3,296,Bronx,Soundview/Castle Hill,false,0.105
yellow,213,pickup,2024,4,310,Bronx,Soundview/Castle Hill,false,0.105
yellow,213,pickup,2024,5,301,Bronx,Soundview/Castle Hill,false,0.105
yellow,213,pickup,2024,6,282,Bronx,Soundview/Castle Hill,false,0.105
yellow,214,dropoff,2023,2,42,Staten Island,South Beach/Dongan Hills,false,0.3268
yellow,214,dropoff,2023,3,56,Staten Island,South Beach/Dongan Hills,false,0.3268
yellow,214,dropoff,2023,4,48,Staten Island,South Beach/Dongan Hills,false,0.3268
yellow,214,dropoff,2023,5,51,Staten Island,South Beach/Dongan Hills,false,0.3268
yellow,214,dropoff,2023,6,57,Staten Island,South Beach/Dongan Hills,false,0.3268
yellow,214,dropoff,2024,2,41,Staten Island,South Beach/Dongan Hills,false,0.3268
yellow,214,dropoff,2024,3,47,Staten Island,South Beach/Dongan Hills,false,0.3268
yellow,214,dropoff,2024,4,49,Staten Island,South Beach/Dongan Hills,false,0.3268
yellow,214,dropoff,2024,5,48,Staten Island,South Beach/Dongan Hills,false,0.3268
yellow,214,dropoff,2024,6,48,Staten Island,South Beach/Dongan Hills,false,0.3268
yellow,214,pickup,2023,2,15,Staten Island,South Beach/Dongan Hills,false,0.0
yellow,214,pickup,2023,3,19,Staten Island,South Beach/Dongan Hills,false,0.0
yellow,214,pickup,2023,4,18,Staten Island,South Beach/Dongan Hills,false,0.0
yellow,214,pickup,2023,5,24,Staten Island,South Beach/Dongan Hills,false,0.0
yellow,214,pickup,2023,6,19,Staten Island,South Beach/Dongan Hills,false,0.0
yellow,214,pickup,2024,2,4,Staten Island,South Beach/Dongan Hills,false,0.0
yellow,214,pickup,2024,3,1,Staten Island,South Beach/Dongan Hills,false,0.0
yellow,214,pickup,2024,4,2,Staten Island,South Beach/Dongan Hills,false,0.0
yellow,214,pickup,2024,5,3,Staten Island,South Beach/Dongan Hills,false,0.0
yellow,214,pickup,2024,6,1,Staten Island,South Beach/Dongan Hills,false,0.0
yellow,215,dropoff,2023,2,659,Queens,South Jamaica,false,0.0612
yellow,215,dropoff,2023,3,849,Queens,South Jamaica,false,0.0612
yellow,215,dropoff,2023,4,749,Queens,South Jamaica,false,0.0612
yellow,215,dropoff,2023,5,751,Queens,South Jamaica,false,0.0612
yellow,215,dropoff,2023,6,702,Queens,South Jamaica,false,0.0612
yellow,215,dropoff,2024,2,689,Queens,South Jamaica,false,0.0612
yellow,215,dropoff,2024,3,875,Queens,South Jamaica,false,0.0612
yellow,215,dropoff,2024,4,878,Queens,South Jamaica,false,0.0612
yellow,215,dropoff,2024,5,876,Queens,South Jamaica,false,0.0612
yellow,215,dropoff,2024,6,781,Queens,South Jamaica,false,0.0612
yellow,215,pickup,2023,2,358,Queens,South Jamaica,false,0.3765
yellow,215,pickup,2023,3,441,Queens,South Jamaica,false,0.3765
yellow,215,pickup,2023,4,439,Queens,South Jamaica,false,0.3765
yellow,215,pickup,2023,5,460,Queens,South Jamaica,false,0.3765
yellow,215,pickup,2023,6,408,Queens,South Jamaica,false,0.3765
yellow,215,pickup,2024,2,483,Queens,South Jamaica,false,0.3765
yellow,215,pickup,2024,3,661,Queens,South Jamaica,false,0.3765
yellow,215,pickup,2024,4,618,Queens,South Jamaica,false,0.3765
yellow,215,pickup,2024,5,558,Queens,South Jamaica,false,0.3765
yellow,215,pickup,2024,6,445,Queens,South Jamaica,false,0.3765
yellow,216,dropoff,2023,2,2033,Queens,South Ozone Park,false,0.0785
yellow,216,dropoff,2023,3,2610,Queens,South Ozone Park,false,0.0785
yellow,216,dropoff,2023,4,2595,Queens,South Ozone Park,false,0.0785
yellow,216,dropoff,2023,5,2838,Queens,South Ozone Park,false,0.0785
yellow,216,dropoff,2023,6,3104,Queens,South Ozone Park,false,0.0785
yellow,216,dropoff,2024,2,2308,Queens,South Ozone Park,false,0.0785
yellow,216,dropoff,2024,3,2623,Queens,South Ozone Park,false,0.0785
yellow,216,dropoff,2024,4,2778,Queens,South Ozone Park,false,0.0785
yellow,216,dropoff,2024,5,3131,Queens,South Ozone Park,false,0.0785
yellow,216,dropoff,2024,6,3300,Queens,South Ozone Park,false,0.0785
yellow,216,pickup,2023,2,344,Queens,South Ozone Park,false,0.1264
yellow,216,pickup,2023,3,447,Queens,South Ozone Park,false,0.1264
yellow,216,pickup,2023,4,456,Queens,South Ozone Park,false,0.1264
yellow,216,pickup,2023,5,510,Queens,South Ozone Park,false,0.1264
yellow,216,pickup,2023,6,498,Queens,South Ozone Park,false,0.1264
yellow,216,pickup,2024,2,489,Queens,South Ozone Park,false,0.1264
yellow,216,pickup,2024,3,706,Queens,South Ozone Park,false,0.1264
yellow,216,pickup,2024,4,751,Queens,South Ozone Park,false,0.1264
yellow,216,pickup,2024,5,841,Queens,South Ozone Park,false,0.1264
yellow,216,pickup,2024,6,850,Queens,South Ozone Park,false,0.1264
yellow,217,dropoff,2023,2,1356,Brooklyn,South Williamsburg,false,0.5227
yellow,217,dropoff,2023,3,1362,Brooklyn,South Williamsburg,false,0.5227
yellow,217,dropoff,2023,4,1114,Brooklyn,South Williamsburg,false,0.5227
yellow,217,dropoff,2023,5,1423,Brooklyn,South Williamsburg,false,0.5227
yellow,217,dropoff,2023,6,1286,Brooklyn,South Williamsburg,false,0.5227
yellow,217,dropoff,2024,2,1139,Brooklyn,South Williamsburg,false,0.5227
yellow,217,dropoff,2024,3,1113,Brooklyn,South Williamsburg,false,0.5227
yellow,217,dropoff,2024,4,862,Brooklyn,South Williamsburg,false,0.5227
yellow,217,dropoff,2024,5,1244,Brooklyn,South Williamsburg,false,0.5227
yellow,217,dropoff,2024,6,994,Brooklyn,South Williamsburg,false,0.5227
yellow,217,pickup,2023,2,64,Brooklyn,South Williamsburg,false,0.1576
yellow,217,pickup,2023,3,77,Brooklyn,South Williamsburg,false,0.1576
yellow,217,pickup,2023,4,61,Brooklyn,South Williamsburg,false,0.1576
yellow,217,pickup,2023,5,71,Brooklyn,South Williamsburg,false,0.1576
yellow,217,pickup,2023,6,76,Brooklyn,South Williamsburg,false,0.1576
yellow,217,pickup,2024,2,99,Brooklyn,South Williamsburg,false,0.1576
yellow,217,pickup,2024,3,107,Brooklyn,South Williamsburg,false,0.1576
yellow,217,pickup,2024,4,101,Brooklyn,South Williamsburg,false,0.1576
yellow,217,pickup,2024,5,114,Brooklyn,South Williamsburg,false,0.1576
yellow,217,pickup,2024,6,108,Brooklyn,South Williamsburg,false,0.1576
yellow,218,dropoff,2023,2,778,Queens,Springfield Gardens North,false,0.0393
yellow,218,dropoff,2023,3,916,Queens,Springfield Gardens North,false,0.0393
yellow,218,dropoff,2023,4,869,Queens,Springfield Gardens North,false,0.0393
yellow,218,dropoff,2023,5,1016,Queens,Springfield Gardens North,false,0.0393
yellow,218,dropoff,2023,6,875,Queens,Springfield Gardens North,false,0.0393
yellow,218,dropoff,2024,2,636,Queens,Springfield Gardens North,false,0.0393
yellow,218,dropoff,2024,3,758,Queens,Springfield Gardens North,false,0.0393
yellow,218,dropoff,2024,4,773,Queens,Springfield Gardens North,false,0.0393
yellow,218,dropoff,2024,5,845,Queens,Springfield Gardens North,false,0.0393
yellow,218,dropoff,2024,6,769,Queens,Springfield Gardens North,false,0.0393
yellow,218,pickup,2023,2,156,Queens,Springfield Gardens North,false,0.0844
yellow,218,pickup,2023,3,235,Queens,Springfield Gardens North,false,0.0844
yellow,218,pickup,2023,4,202,Queens,Springfield Gardens North,false,0.0844
yellow,218,pickup,2023,5,286,Queens,Springfield Gardens North,false,0.0844
yellow,218,pickup,2023,6,246,Queens,Springfield Gardens North,false,0.0844
yellow,218,pickup,2024,2,284,Queens,Springfield Gardens North,false,0.0844
yellow,218,pickup,2024,3,383,Queens,Springfield Gardens North,false,0.0844
yellow,218,pickup,2024,4,343,Queens,Springfield Gardens North,false,0.0844
yellow,218,pickup,2024,5,335,Queens,Springfield Gardens North,false,0.0844
yellow,218,pickup,2024,6,275,Queens,Springfield Gardens North,false,0.0844
yellow,219,dropoff,2023,2,1011,Queens,Springfield Gardens South,false,0.0509
yellow,219,dropoff,2023,3,1320,Queens,Springfield Gardens South,false,0.0509
yellow,219,dropoff,2023,4,1245,Queens,Springfield Gardens South,false,0.0509
yellow,219,dropoff,2023,5,1197,Queens,Springfield Gardens South,false,0.0509
yellow,219,dropoff,2023,6,1159,Queens,Springfield Gardens South,false,0.0509
yellow,219,dropoff,2024,2,1011,Queens,Springfield Gardens South,false,0.0509
yellow,219,dropoff,2024,3,1212,Queens,Springfield Gardens South,false,0.0509
yellow,219,dropoff,2024,4,1295,Queens,Springfield Gardens South,false,0.0509
yellow,219,dropoff,2024,5,1269,Queens,Springfield Gardens South,false,0.0509
yellow,219,dropoff,2024,6,1317,Queens,Springfield Gardens South,false,0.0509
yellow,219,pickup,2023,2,177,Queens,Springfield Gardens South,false,0.2287
yellow,219,pickup,2023,3,309,Queens,Springfield Gardens South,false,0.2287
yellow,219,pickup,2023,4,253,Queens,Springfield Gardens South,false,0.2287
yellow,219,pickup,2023,5,267,Queens,Springfield Gardens South,false,0.2287
yellow,219,pickup,2023,6,297,Queens,Springfield Gardens South,false,0.2287
yellow,219,pickup,2024,2,365,Queens,Springfield Gardens South,false,0.2287
yellow,219,pickup,2024,3,425,Queens,Springfield Gardens South,false,0.2287
yellow,219,pickup,2024,4,395,Queens,Springfield Gardens South,false,0.2287
yellow,219,pickup,2024,5,417,Queens,Springfield Gardens South,false,0.2287
yellow,219,pickup,2024,6,402,Queens,Springfield Gardens South,false,0.2287
yellow,220,dropoff,2023,2,1091,Bronx,Spuyten Duyvil/Kingsbridge,false,0.3329
yellow,220,dropoff,2023,3,1276,Bronx,Spuyten Duyvil/Kingsbridge,false,0.3329
yellow,220,dropoff,2023,4,1233,Bronx,Spuyten Duyvil/Kingsbridge,false,0.3329
yellow,220,dropoff,2023,5,1282,Bronx,Spuyten Duyvil/Kingsbridge,false,0.3329
yellow,220,dropoff,2023,6,1243,Bronx,Spuyten Duyvil/Kingsbridge,false,0.3329
yellow,220,dropoff,2024,2,1033,Bronx,Spuyten Duyvil/Kingsbridge,false,0.3329
yellow,220,dropoff,2024,3,1148,Bronx,Spuyten Duyvil/Kingsbridge,false,0.3329
yellow,220,dropoff,2024,4,1153,Bronx,Spuyten Duyvil/Kingsbridge,false,0.3329
yellow,220,dropoff,2024,5,1194,Bronx,Spuyten Duyvil/Kingsbridge,false,0.3329
yellow,220,dropoff,2024,6,1021,Bronx,Spuyten Duyvil/Kingsbridge,false,0.3329
yellow,220,pickup,2023,2,88,Bronx,Spuyten Duyvil/Kingsbridge,false,0.1289
yellow,220,pickup,2023,3,147,Bronx,Spuyten Duyvil/Kingsbridge,false,0.1289
yellow,220,pickup,2023,4,115,Bronx,Spuyten Duyvil/Kingsbridge,false,0.1289
yellow,220,pickup,2023,5,136,Bronx,Spuyten Duyvil/Kingsbridge,false,0.1289
yellow,220,pickup,2023,6,127,Bronx,Spuyten Duyvil/Kingsbridge,false,0.1289
yellow,220,pickup,2024,2,89,Bronx,Spuyten Duyvil/Kingsbridge,false,0.1289
yellow,220,pickup,2024,3,135,Bronx,Spuyten Duyvil/Kingsbridge,false,0.1289
yellow,220,pickup,2024,4,165,Bronx,Spuyten Duyvil/Kingsbridge,false,0.1289
yellow,220,pickup,2024,5,146,Bronx,Spuyten Duyvil/Kingsbridge,false,0.1289
yellow,220,pickup,2024,6,119,Bronx,Spuyten Duyvil/Kingsbridge,false,0.1289
yellow,221,dropoff,2023,2,28,Staten Island,Stapleton,false,0.3477
yellow,221,dropoff,2023,3,65,Staten Island,Stapleton,false,0.3477
yellow,221,dropoff,2023,4,54,Staten Island,Stapleton,false,0.3477
yellow,221,dropoff,2023,5,64,Staten Island,Stapleton,false,0.3477
yellow,221,dropoff,2023,6,68,Staten Island,Stapleton,false,0.3477
yellow,221,dropoff,2024,2,37,Staten Island,Stapleton,false,0.3477
yellow,221,dropoff,2024,3,60,Staten Island,Stapleton,false,0.3477
yellow,221,dropoff,2024,4,54,Staten Island,Stapleton,false,0.3477
yellow,221,dropoff,2024,5,80,Staten Island,Stapleton,false,0.3477
yellow,221,dropoff,2024,6,72,Staten Island,Stapleton,false,0.3477
yellow,221,pickup,2023,2,1,Staten Island,Stapleton,false,0.0
yellow,221,pickup,2023,3,2,Staten Island,Stapleton,false,0.0
yellow,221,pickup,2023,4,4,Staten Island,Stapleton,false,0.0
yellow,221,pickup,2023,5,2,Staten Island,Stapleton,false,0.0
yellow,221,pickup,2023,6,3,Staten Island,Stapleton,false,0.0
yellow,221,pickup,2024,2,1,Staten Island,Stapleton,false,0.0
yellow,221,pickup,2024,3,4,Staten Island,Stapleton,false,0.0
yellow,221,pickup,2024,5,6,Staten Island,Stapleton,false,0.0
yellow,221,pickup,2024,6,6,Staten Island,Stapleton,false,0.0
yellow,222,dropoff,2023,2,260,Brooklyn,Starrett City,false,0.1472
yellow,222,dropoff,2023,3,251,Brooklyn,Starrett City,false,0.1472
yellow,222,dropoff,2023,4,266,Brooklyn,Starrett City,false,0.1472
yellow,222,dropoff,2023,5,303,Brooklyn,Starrett City,false,0.1472
yellow,222,dropoff,2023,6,272,Brooklyn,Starrett City,false,0.1472
yellow,222,dropoff,2024,2,363,Brooklyn,Starrett City,false,0.1472
yellow,222,dropoff,2024,3,415,Brooklyn,Starrett City,false,0.1472
yellow,222,dropoff,2024,4,450,Brooklyn,Starrett City,false,0.1472
yellow,222,dropoff,2024,5,515,Brooklyn,Starrett City,false,0.1472
yellow,222,dropoff,2024,6,437,Brooklyn,Starrett City,false,0.1472
yellow,222,pickup,2023,2,103,Brooklyn,Starrett City,false,0.2376
yellow,222,pickup,2023,3,153,Brooklyn,Starrett City,false,0.2376
yellow,222,pickup,2023,4,160,Brooklyn,Starrett City,false,0.2376
yellow,222,pickup,2023,5,119,Brooklyn,Starrett City,false,0.2376
yellow,222,pickup,2023,6,109,Brooklyn,Starrett City,false,0.2376
yellow,222,pickup,2024,2,297,Brooklyn,Starrett City,false,0.2376
yellow,222,pickup,2024,3,345,Brooklyn,Starrett City,false,0.2376
yellow,222,pickup,2024,4,357,Brooklyn,Starrett City,false,0.2376
yellow,222,pickup,2024,5,457,Brooklyn,Starrett City,false,0.2376
yellow,222,pickup,2024,6,349,Brooklyn,Starrett City,false,0.2376
yellow,223,dropoff,2023,2,3960,Queens,Steinway,false,0.398
yellow,223,dropoff,2023,3,4364,Queens,Steinway,false,0.398
yellow,223,dropoff,2023,4,4365,Queens,Steinway,false,0.398
yellow,223,dropoff,2023,5,4470,Queens,Steinway,false,0.398
yellow,223,dropoff,2023,6,4116,Queens,Steinway,false,0.398
yellow,223,dropoff,2024,2,3149,Queens,Steinway,false,0.398
yellow,223,dropoff,2024,3,3765,Queens,Steinway,false,0.398
yellow,223,dropoff,2024,4,3531,Queens,Steinway,false,0.398
yellow,223,dropoff,2024,5,3504,Queens,Steinway,false,0.398
yellow,223,dropoff,2024,6,3270,Queens,Steinway,false,0.398
yellow,223,pickup,2023,2,427,Queens,Steinway,false,0.1392
yellow,223,pickup,2023,3,431,Queens,Steinway,false,0.1392
yellow,223,pickup,2023,4,444,Queens,Steinway,false,0.1392
yellow,223,pickup,2023,5,519,Queens,Steinway,false,0.1392
yellow,223,pickup,2023,6,536,Queens,Steinway,false,0.1392
yellow,223,pickup,2024,2,428,Queens,Steinway,false,0.1392
yellow,223,pickup,2024,3,536,Queens,Steinway,false,0.1392
yellow,223,pickup,2024,4,525,Queens,Steinway,false,0.1392
yellow,223,pickup,2024,5,602,Queens,Steinway,false,0.1392
yellow,223,pickup,2024,6,529,Queens,Steinway,false,0.1392
yellow,224,dropoff,2023,2,11512,Manhattan,Stuy Town/Peter Cooper Village,true,1.0
yellow,224,dropoff,2023,3,13132,Manhattan,Stuy Town/Peter Cooper Village,true,1.0
yellow,224,dropoff,2023,4,12185,Manhattan,Stuy Town/Peter Cooper Village,true,1.0
yellow,224,dropoff,2023,5,12442,Manhattan,Stuy Town/Peter Cooper Village,true,1.0
yellow,224,dropoff,2023,6,12075,Manhattan,Stuy Town/Peter Cooper Village,true,1.0
yellow,224,dropoff,2024,2,11054,Manhattan,Stuy Town/Peter Cooper Village,true,1.0
yellow,224,dropoff,2024,3,12279,Manhattan,Stuy Town/Peter Cooper Village,true,1.0
yellow,224,dropoff,2024,4,11420,Manhattan,Stuy Town/Peter Cooper Village,true,1.0
yellow,224,dropoff,2024,5,12265,Manhattan,Stuy Town/Peter Cooper Village,true,1.0
yellow,224,dropoff,2024,6,11553,Manhattan,Stuy Town/Peter Cooper Village,true,1.0
yellow,224,pickup,2023,2,3436,Manhattan,Stuy Town/Peter Cooper Village,true,1.0
yellow,224,pickup,2023,3,4060,Manhattan,Stuy Town/Peter Cooper Village,true,1.0
yellow,224,pickup,2023,4,3813,Manhattan,Stuy Town/Peter Cooper Village,true,1.0
yellow,224,pickup,2023,5,3841,Manhattan,Stuy Town/Peter Cooper Village,true,1.0
yellow,224,pickup,2023,6,3755,Manhattan,Stuy Town/Peter Cooper Village,true,1.0
yellow,224,pickup,2024,2,2858,Manhattan,Stuy Town/Peter Cooper Village,true,1.0
yellow,224,pickup,2024,3,3228,Manhattan,Stuy Town/Peter Cooper Village,true,1.0
yellow,224,pickup,2024,4,2922,Manhattan,Stuy Town/Peter Cooper Village,true,1.0
yellow,224,pickup,2024,5,3260,Manhattan,Stuy Town/Peter Cooper Village,true,1.0
yellow,224,pickup,2024,6,3304,Manhattan,Stuy Town/Peter Cooper Village,true,1.0
yellow,225,dropoff,2023,2,2268,Brooklyn,Stuyvesant Heights,false,0.4111
yellow,225,dropoff,2023,3,2505,Brooklyn,Stuyvesant Heights,false,0.4111
yellow,225,dropoff,2023,4,2772,Brooklyn,Stuyvesant Heights,false,0.4111
yellow,225,dropoff,2023,5,2898,Brooklyn,Stuyvesant Heights,false,0.4111
yellow,225,dropoff,2023,6,2788,Brooklyn,Stuyvesant Heights,false,0.4111
yellow,225,dropoff,2024,2,2179,Brooklyn,Stuyvesant Heights,false,0.4111
yellow,225,dropoff,2024,3,2498,Brooklyn,Stuyvesant Heights,false,0.4111
yellow,225,dropoff,2024,4,2425,Brooklyn,Stuyvesant Heights,false,0.4111
yellow,225,dropoff,2024,5,2629,Brooklyn,Stuyvesant Heights,false,0.4111
yellow,225,dropoff,2024,6,2529,Brooklyn,Stuyvesant Heights,false,0.4111
yellow,225,pickup,2023,2,177,Brooklyn,Stuyvesant Heights,false,0.1282
yellow,225,pickup,2023,3,238,Brooklyn,Stuyvesant Heights,false,0.1282
yellow,225,pickup,2023,4,251,Brooklyn,Stuyvesant Heights,false,0.1282
yellow,225,pickup,2023,5,232,Brooklyn,Stuyvesant Heights,false,0.1282
yellow,225,pickup,2023,6,171,Brooklyn,Stuyvesant Heights,false,0.1282
yellow,225,pickup,2024,2,419,Brooklyn,Stuyvesant Heights,false,0.1282
yellow,225,pickup,2024,3,536,Brooklyn,Stuyvesant Heights,false,0.1282
yellow,225,pickup,2024,4,554,Brooklyn,Stuyvesant Heights,false,0.1282
yellow,225,pickup,2024,5,599,Brooklyn,Stuyvesant Heights,false,0.1282
yellow,225,pickup,2024,6,599,Brooklyn,Stuyvesant Heights,false,0.1282
yellow,226,dropoff,2023,2,5076,Queens,Sunnyside,false,0.4601
yellow,226,dropoff,2023,3,5822,Queens,Sunnyside,false,0.4601
yellow,226,dropoff,2023,4,5454,Queens,Sunnyside,false,0.4601
yellow,226,dropoff,2023,5,5390,Queens,Sunnyside,false,0.4601
yellow,226,dropoff,2023,6,4975,Queens,Sunnyside,false,0.4601
yellow,226,dropoff,2024,2,3917,Queens,Sunnyside,false,0.4601
yellow,226,dropoff,2024,3,4845,Queens,Sunnyside,false,0.4601
yellow,226,dropoff,2024,4,4424,Queens,Sunnyside,false,0.4601
yellow,226,dropoff,2024,5,4536,Queens,Sunnyside,false,0.4601
yellow,226,dropoff,2024,6,4216,Queens,Sunnyside,false,0.4601
yellow,226,pickup,2023,2,1866,Queens,Sunnyside,false,0.2438
yellow,226,pickup,2023,3,2024,Queens,Sunnyside,false,0.2438
yellow,226,pickup,2023,4,1897,Queens,Sunnyside,false,0.2438
yellow,226,pickup,2023,5,1948,Queens,Sunnyside,false,0.2438
yellow,226,pickup,2023,6,1812,Queens,Sunnyside,false,0.2438
yellow,226,pickup,2024,2,1532,Queens,Sunnyside,false,0.2438
yellow,226,pickup,2024,3,1938,Queens,Sunnyside,false,0.2438
yellow,226,pickup,2024,4,1776,Queens,Sunnyside,false,0.2438
yellow,226,pickup,2024,5,1917,Queens,Sunnyside,false,0.2438
yellow,226,pickup,2024,6,1663,Queens,Sunnyside,false,0.2438
yellow,227,dropoff,2023,2,430,Brooklyn,Sunset Park East,false,0.388
yellow,227,dropoff,2023,3,573,Brooklyn,Sunset Park East,false,0.388
yellow,227,dropoff,2023,4,534,Brooklyn,Sunset Park East,false,0.388
yellow,227,dropoff,2023,5,597,Brooklyn,Sunset Park East,false,0.388
yellow,227,dropoff,2023,6,593,Brooklyn,Sunset Park East,false,0.388
yellow,227,dropoff,2024,2,410,Brooklyn,Sunset Park East,false,0.388
yellow,227,dropoff,2024,3,511,Brooklyn,Sunset Park East,false,0.388
yellow,227,dropoff,2024,4,496,Brooklyn,Sunset Park East,false,0.388
yellow,227,dropoff,2024,5,594,Brooklyn,Sunset Park East,false,0.388
yellow,227,dropoff,2024,6,482,Brooklyn,Sunset Park East,false,0.388
yellow,227,pickup,2023,2,40,Brooklyn,Sunset Park East,false,0.1134
yellow,227,pickup,2023,3,61,Brooklyn,Sunset Park East,false,0.1134
yellow,227,pickup,2023,4,30,Brooklyn,Sunset Park East,false,0.1134
yellow,227,pickup,2023,5,39,Brooklyn,Sunset Park East,false,0.1134
yellow,227,pickup,2023,6,24,Brooklyn,Sunset Park East,false,0.1134
yellow,227,pickup,2024,2,72,Brooklyn,Sunset Park East,false,0.1134
yellow,227,pickup,2024,3,119,Brooklyn,Sunset Park East,false,0.1134
yellow,227,pickup,2024,4,104,Brooklyn,Sunset Park East,false,0.1134
yellow,227,pickup,2024,5,96,Brooklyn,Sunset Park East,false,0.1134
yellow,227,pickup,2024,6,90,Brooklyn,Sunset Park East,false,0.1134
yellow,228,dropoff,2023,2,1239,Brooklyn,Sunset Park West,false,0.4867
yellow,228,dropoff,2023,3,1638,Brooklyn,Sunset Park West,false,0.4867
yellow,228,dropoff,2023,4,1555,Brooklyn,Sunset Park West,false,0.4867
yellow,228,dropoff,2023,5,1646,Brooklyn,Sunset Park West,false,0.4867
yellow,228,dropoff,2023,6,1631,Brooklyn,Sunset Park West,false,0.4867
yellow,228,dropoff,2024,2,1169,Brooklyn,Sunset Park West,false,0.4867
yellow,228,dropoff,2024,3,1281,Brooklyn,Sunset Park West,false,0.4867
yellow,228,dropoff,2024,4,1343,Brooklyn,Sunset Park West,false,0.4867
yellow,228,dropoff,2024,5,1387,Brooklyn,Sunset Park West,false,0.4867
yellow,228,dropoff,2024,6,1467,Brooklyn,Sunset Park West,false,0.4867
yellow,228,pickup,2023,2,106,Brooklyn,Sunset Park West,false,0.1782
yellow,228,pickup,2023,3,151,Brooklyn,Sunset Park West,false,0.1782
yellow,228,pickup,2023,4,114,Brooklyn,Sunset Park West,false,0.1782
yellow,228,pickup,2023,5,142,Brooklyn,Sunset Park West,false,0.1782
yellow,228,pickup,2023,6,93,Brooklyn,Sunset Park West,false,0.1782
yellow,228,pickup,2024,2,148,Brooklyn,Sunset Park West,false,0.1782
yellow,228,pickup,2024,3,221,Brooklyn,Sunset Park West,false,0.1782
yellow,228,pickup,2024,4,211,Brooklyn,Sunset Park West,false,0.1782
yellow,228,pickup,2024,5,215,Brooklyn,Sunset Park West,false,0.1782
yellow,228,pickup,2024,6,204,Brooklyn,Sunset Park West,false,0.1782
yellow,229,dropoff,2023,2,61030,Manhattan,Sutton Place/Turtle Bay North,true,1.0
yellow,229,dropoff,2023,3,71631,Manhattan,Sutton Place/Turtle Bay North,true,1.0
yellow,229,dropoff,2023,4,66785,Manhattan,Sutton Place/Turtle Bay North,true,1.0
yellow,229,dropoff,2023,5,71054,Manhattan,Sutton Place/Turtle Bay North,true,1.0
yellow,229,dropoff,2023,6,66139,Manhattan,Sutton Place/Turtle Bay North,true,1.0
yellow,229,dropoff,2024,2,59762,Manhattan,Sutton Place/Turtle Bay North,true,1.0
yellow,229,dropoff,2024,3,66125,Manhattan,Sutton Place/Turtle Bay North,true,1.0
yellow,229,dropoff,2024,4,64900,Manhattan,Sutton Place/Turtle Bay North,true,1.0
yellow,229,dropoff,2024,5,68046,Manhattan,Sutton Place/Turtle Bay North,true,1.0
yellow,229,dropoff,2024,6,63674,Manhattan,Sutton Place/Turtle Bay North,true,1.0
yellow,229,pickup,2023,2,55159,Manhattan,Sutton Place/Turtle Bay North,true,1.0
yellow,229,pickup,2023,3,64698,Manhattan,Sutton Place/Turtle Bay North,true,1.0
yellow,229,pickup,2023,4,59847,Manhattan,Sutton Place/Turtle Bay North,true,1.0
yellow,229,pickup,2023,5,62607,Manhattan,Sutton Place/Turtle Bay North,true,1.0
yellow,229,pickup,2023,6,59595,Manhattan,Sutton Place/Turtle Bay North,true,1.0
yellow,229,pickup,2024,2,51194,Manhattan,Sutton Place/Turtle Bay North,true,1.0
yellow,229,pickup,2024,3,57352,Manhattan,Sutton Place/Turtle Bay North,true,1.0
yellow,229,pickup,2024,4,55428,Manhattan,Sutton Place/Turtle Bay North,true,1.0
yellow,229,pickup,2024,5,58386,Manhattan,Sutton Place/Turtle Bay North,true,1.0
yellow,229,pickup,2024,6,55466,Manhattan,Sutton Place/Turtle Bay North,true,1.0
yellow,230,dropoff,2023,2,80568,Manhattan,Times Sq/Theatre District,true,1.0
yellow,230,dropoff,2023,3,100353,Manhattan,Times Sq/Theatre District,true,1.0
yellow,230,dropoff,2023,4,96678,Manhattan,Times Sq/Theatre District,true,1.0
yellow,230,dropoff,2023,5,99319,Manhattan,Times Sq/Theatre District,true,1.0
yellow,230,dropoff,2023,6,95707,Manhattan,Times Sq/Theatre District,true,1.0
yellow,230,dropoff,2024,2,80795,Manhattan,Times Sq/Theatre District,true,1.0
yellow,230,dropoff,2024,3,96083,Manhattan,Times Sq/Theatre District,true,1.0
yellow,230,dropoff,2024,4,95751,Manhattan,Times Sq/Theatre District,true,1.0
yellow,230,dropoff,2024,5,102997,Manhattan,Times Sq/Theatre District,true,1.0
yellow,230,dropoff,2024,6,99394,Manhattan,Times Sq/Theatre District,true,1.0
yellow,230,pickup,2023,2,93481,Manhattan,Times Sq/Theatre District,true,1.0
yellow,230,pickup,2023,3,112601,Manhattan,Times Sq/Theatre District,true,1.0
yellow,230,pickup,2023,4,104337,Manhattan,Times Sq/Theatre District,true,1.0
yellow,230,pickup,2023,5,106574,Manhattan,Times Sq/Theatre District,true,1.0
yellow,230,pickup,2023,6,102695,Manhattan,Times Sq/Theatre District,true,1.0
yellow,230,pickup,2024,2,93862,Manhattan,Times Sq/Theatre District,true,1.0
yellow,230,pickup,2024,3,108622,Manhattan,Times Sq/Theatre District,true,1.0
yellow,230,pickup,2024,4,103913,Manhattan,Times Sq/Theatre District,true,1.0
yellow,230,pickup,2024,5,109436,Manhattan,Times Sq/Theatre District,true,1.0
yellow,230,pickup,2024,6,104031,Manhattan,Times Sq/Theatre District,true,1.0
yellow,231,dropoff,2023,2,42217,Manhattan,TriBeCa/Civic Center,true,1.0
yellow,231,dropoff,2023,3,48648,Manhattan,TriBeCa/Civic Center,true,1.0
yellow,231,dropoff,2023,4,47143,Manhattan,TriBeCa/Civic Center,true,1.0
yellow,231,dropoff,2023,5,51507,Manhattan,TriBeCa/Civic Center,true,1.0
yellow,231,dropoff,2023,6,47473,Manhattan,TriBeCa/Civic Center,true,1.0
yellow,231,dropoff,2024,2,43521,Manhattan,TriBeCa/Civic Center,true,1.0
yellow,231,dropoff,2024,3,47053,Manhattan,TriBeCa/Civic Center,true,1.0
yellow,231,dropoff,2024,4,47417,Manhattan,TriBeCa/Civic Center,true,1.0
yellow,231,dropoff,2024,5,50703,Manhattan,TriBeCa/Civic Center,true,1.0
yellow,231,dropoff,2024,6,47770,Manhattan,TriBeCa/Civic Center,true,1.0
yellow,231,pickup,2023,2,36777,Manhattan,TriBeCa/Civic Center,true,1.0
yellow,231,pickup,2023,3,43234,Manhattan,TriBeCa/Civic Center,true,1.0
yellow,231,pickup,2023,4,41846,Manhattan,TriBeCa/Civic Center,true,1.0
yellow,231,pickup,2023,5,45883,Manhattan,TriBeCa/Civic Center,true,1.0
yellow,231,pickup,2023,6,42770,Manhattan,TriBeCa/Civic Center,true,1.0
yellow,231,pickup,2024,2,35756,Manhattan,TriBeCa/Civic Center,true,1.0
yellow,231,pickup,2024,3,39328,Manhattan,TriBeCa/Civic Center,true,1.0
yellow,231,pickup,2024,4,40574,Manhattan,TriBeCa/Civic Center,true,1.0
yellow,231,pickup,2024,5,43395,Manhattan,TriBeCa/Civic Center,true,1.0
yellow,231,pickup,2024,6,41103,Manhattan,TriBeCa/Civic Center,true,1.0
yellow,232,dropoff,2023,2,13038,Manhattan,Two Bridges/Seward Park,true,1.0
yellow,232,dropoff,2023,3,14441,Manhattan,Two Bridges/Seward Park,true,1.0
yellow,232,dropoff,2023,4,14202,Manhattan,Two Bridges/Seward Park,true,1.0
yellow,232,dropoff,2023,5,14833,Manhattan,Two Bridges/Seward Park,true,1.0
yellow,232,dropoff,2023,6,14324,Manhattan,Two Bridges/Seward Park,true,1.0
yellow,232,dropoff,2024,2,12760,Manhattan,Two Bridges/Seward Park,true,1.0
yellow,232,dropoff,2024,3,13272,Manhattan,Two Bridges/Seward Park,true,1.0
yellow,232,dropoff,2024,4,13125,Manhattan,Two Bridges/Seward Park,true,1.0
yellow,232,dropoff,2024,5,13155,Manhattan,Two Bridges/Seward Park,true,1.0
yellow,232,dropoff,2024,6,12808,Manhattan,Two Bridges/Seward Park,true,1.0
yellow,232,pickup,2023,2,2851,Manhattan,Two Bridges/Seward Park,true,1.0
yellow,232,pickup,2023,3,2975,Manhattan,Two Bridges/Seward Park,true,1.0
yellow,232,pickup,2023,4,3043,Manhattan,Two Bridges/Seward Park,true,1.0
yellow,232,pickup,2023,5,3059,Manhattan,Two Bridges/Seward Park,true,1.0
yellow,232,pickup,2023,6,3015,Manhattan,Two Bridges/Seward Park,true,1.0
yellow,232,pickup,2024,2,2840,Manhattan,Two Bridges/Seward Park,true,1.0
yellow,232,pickup,2024,3,2994,Manhattan,Two Bridges/Seward Park,true,1.0
yellow,232,pickup,2024,4,3227,Manhattan,Two Bridges/Seward Park,true,1.0
yellow,232,pickup,2024,5,3075,Manhattan,Two Bridges/Seward Park,true,1.0
yellow,232,pickup,2024,6,3026,Manhattan,Two Bridges/Seward Park,true,1.0
yellow,233,dropoff,2023,2,43396,Manhattan,UN/Turtle Bay South,true,1.0
yellow,233,dropoff,2023,3,54509,Manhattan,UN/Turtle Bay South,true,1.0
yellow,233,dropoff,2023,4,47091,Manhattan,UN/Turtle Bay South,true,1.0
yellow,233,dropoff,2023,5,50782,Manhattan,UN/Turtle Bay South,true,1.0
yellow,233,dropoff,2023,6,50507,Manhattan,UN/Turtle Bay South,true,1.0
yellow,233,dropoff,2024,2,41674,Manhattan,UN/Turtle Bay South,true,1.0
yellow,233,dropoff,2024,3,49380,Manhattan,UN/Turtle Bay South,true,1.0
yellow,233,dropoff,2024,4,45628,Manhattan,UN/Turtle Bay South,true,1.0
yellow,233,dropoff,2024,5,48510,Manhattan,UN/Turtle Bay South,true,1.0
yellow,233,dropoff,2024,6,46887,Manhattan,UN/Turtle Bay South,true,1.0
yellow,233,pickup,2023,2,34286,Manhattan,UN/Turtle Bay South,true,1.0
yellow,233,pickup,2023,3,44281,Manhattan,UN/Turtle Bay South,true,1.0
yellow,233,pickup,2023,4,38178,Manhattan,UN/Turtle Bay South,true,1.0
yellow,233,pickup,2023,5,41605,Manhattan,UN/Turtle Bay South,true,1.0
yellow,233,pickup,2023,6,40844,Manhattan,UN/Turtle Bay South,true,1.0
yellow,233,pickup,2024,2,31308,Manhattan,UN/Turtle Bay South,true,1.0
yellow,233,pickup,2024,3,38419,Manhattan,UN/Turtle Bay South,true,1.0
yellow,233,pickup,2024,4,35787,Manhattan,UN/Turtle Bay South,true,1.0
yellow,233,pickup,2024,5,38020,Manhattan,UN/Turtle Bay South,true,1.0
yellow,233,pickup,2024,6,37155,Manhattan,UN/Turtle Bay South,true,1.0
yellow,234,dropoff,2023,2,67722,Manhattan,Union Sq,true,1.0
yellow,234,dropoff,2023,3,77921,Manhattan,Union Sq,true,1.0
yellow,234,dropoff,2023,4,74071,Manhattan,Union Sq,true,1.0
yellow,234,dropoff,2023,5,78229,Manhattan,Union Sq,true,1.0
yellow,234,dropoff,2023,6,72239,Manhattan,Union Sq,true,1.0
yellow,234,dropoff,2024,2,67937,Manhattan,Union Sq,true,1.0
yellow,234,dropoff,2024,3,73472,Manhattan,Union Sq,true,1.0
yellow,234,dropoff,2024,4,71531,Manhattan,Union Sq,true,1.0
yellow,234,dropoff,2024,5,75341,Manhattan,Union Sq,true,1.0
yellow,234,dropoff,2024,6,72689,Manhattan,Union Sq,true,1.0
yellow,234,pickup,2023,2,78204,Manhattan,Union Sq,true,1.0
yellow,234,pickup,2023,3,90509,Manhattan,Union Sq,true,1.0
yellow,234,pickup,2023,4,85072,Manhattan,Union Sq,true,1.0
yellow,234,pickup,2023,5,90398,Manhattan,Union Sq,true,1.0
yellow,234,pickup,2023,6,83714,Manhattan,Union Sq,true,1.0
yellow,234,pickup,2024,2,77605,Manhattan,Union Sq,true,1.0
yellow,234,pickup,2024,3,83223,Manhattan,Union Sq,true,1.0
yellow,234,pickup,2024,4,80606,Manhattan,Union Sq,true,1.0
yellow,234,pickup,2024,5,84985,Manhattan,Union Sq,true,1.0
yellow,234,pickup,2024,6,82058,Manhattan,Union Sq,true,1.0
yellow,235,dropoff,2023,2,439,Bronx,University Heights/Morris Heights,false,0.2186
yellow,235,dropoff,2023,3,522,Bronx,University Heights/Morris Heights,false,0.2186
yellow,235,dropoff,2023,4,482,Bronx,University Heights/Morris Heights,false,0.2186
yellow,235,dropoff,2023,5,527,Bronx,University Heights/Morris Heights,false,0.2186
yellow,235,dropoff,2023,6,464,Bronx,University Heights/Morris Heights,false,0.2186
yellow,235,dropoff,2024,2,356,Bronx,University Heights/Morris Heights,false,0.2186
yellow,235,dropoff,2024,3,420,Bronx,University Heights/Morris Heights,false,0.2186
yellow,235,dropoff,2024,4,428,Bronx,University Heights/Morris Heights,false,0.2186
yellow,235,dropoff,2024,5,435,Bronx,University Heights/Morris Heights,false,0.2186
yellow,235,dropoff,2024,6,418,Bronx,University Heights/Morris Heights,false,0.2186
yellow,235,pickup,2023,2,142,Bronx,University Heights/Morris Heights,false,0.0733
yellow,235,pickup,2023,3,166,Bronx,University Heights/Morris Heights,false,0.0733
yellow,235,pickup,2023,4,170,Bronx,University Heights/Morris Heights,false,0.0733
yellow,235,pickup,2023,5,178,Bronx,University Heights/Morris Heights,false,0.0733
yellow,235,pickup,2023,6,163,Bronx,University Heights/Morris Heights,false,0.0733
yellow,235,pickup,2024,2,187,Bronx,University Heights/Morris Heights,false,0.0733
yellow,235,pickup,2024,3,262,Bronx,University Heights/Morris Heights,false,0.0733
yellow,235,pickup,2024,4,268,Bronx,University Heights/Morris Heights,false,0.0733
yellow,235,pickup,2024,5,270,Bronx,University Heights/Morris Heights,false,0.0733
yellow,235,pickup,2024,6,208,Bronx,University Heights/Morris Heights,false,0.0733
yellow,236,dropoff,2023,2,127657,Manhattan,Upper East Side North,false,0.3528
yellow,236,dropoff,2023,3,142286,Manhattan,Upper East Side North,false,0.3528
yellow,236,dropoff,2023,4,140366,Manhattan,Upper East Side North,false,0.3528
yellow,236,dropoff,2023,5,154537,Manhattan,Upper East Side North,false,0.3528
yellow,236,dropoff,2023,6,137517,Manhattan,Upper East Side North,false,0.3528
yellow,236,dropoff,2024,2,132074,Manhattan,Upper East Side North,false,0.3528
yellow,236,dropoff,2024,3,136465,Manhattan,Upper East Side North,false,0.3528
yellow,236,dropoff,2024,4,143222,Manhattan,Upper East Side North,false,0.3528
yellow,236,dropoff,2024,5,156403,Manhattan,Upper East Side North,false,0.3528
yellow,236,dropoff,2024,6,134768,Manhattan,Upper East Side North,false,0.3528
yellow,236,pickup,2023,2,121164,Manhattan,Upper East Side North,false,0.3056
yellow,236,pickup,2023,3,133838,Manhattan,Upper East Side North,false,0.3056
yellow,236,pickup,2023,4,132699,Manhattan,Upper East Side North,false,0.3056
yellow,236,pickup,2023,5,146392,Manhattan,Upper East Side North,false,0.3056
yellow,236,pickup,2023,6,130511,Manhattan,Upper East Side North,false,0.3056
yellow,236,pickup,2024,2,124878,Manhattan,Upper East Side North,false,0.3056
yellow,236,pickup,2024,3,130874,Manhattan,Upper East Side North,false,0.3056
yellow,236,pickup,2024,4,135045,Manhattan,Upper East Side North,false,0.3056
yellow,236,pickup,2024,5,150063,Manhattan,Upper East Side North,false,0.3056
yellow,236,pickup,2024,6,127576,Manhattan,Upper East Side North,false,0.3056
yellow,237,dropoff,2023,2,116286,Manhattan,Upper East Side South,false,0.4377
yellow,237,dropoff,2023,3,133183,Manhattan,Upper East Side South,false,0.4377
yellow,237,dropoff,2023,4,132137,Manhattan,Upper East Side South,false,0.4377
yellow,237,dropoff,2023,5,149846,Manhattan,Upper East Side South,false,0.4377
yellow,237,dropoff,2023,6,132351,Manhattan,Upper East Side South,false,0.4377
yellow,237,dropoff,2024,2,121145,Manhattan,Upper East Side South,false,0.4377
yellow,237,dropoff,2024,3,127542,Manhattan,Upper East Side South,false,0.4377
yellow,237,dropoff,2024,4,136031,Manhattan,Upper East Side South,false,0.4377
yellow,237,dropoff,2024,5,149947,Manhattan,Upper East Side South,false,0.4377
yellow,237,dropoff,2024,6,129589,Manhattan,Upper East Side South,false,0.4377
yellow,237,pickup,2023,2,130434,Manhattan,Upper East Side South,false,0.4042
yellow,237,pickup,2023,3,148798,Manhattan,Upper East Side South,false,0.4042
yellow,237,pickup,2023,4,148451,Manhattan,Upper East Side South,false,0.4042
yellow,237,pickup,2023,5,167757,Manhattan,Upper East Side South,false,0.4042
yellow,237,pickup,2023,6,149957,Manhattan,Upper East Side South,false,0.4042
yellow,237,pickup,2024,2,133208,Manhattan,Upper East Side South,false,0.4042
yellow,237,pickup,2024,3,142975,Manhattan,Upper East Side South,false,0.4042
yellow,237,pickup,2024,4,150945,Manhattan,Upper East Side South,false,0.4042
yellow,237,pickup,2024,5,168629,Manhattan,Upper East Side South,false,0.4042
yellow,237,pickup,2024,6,145822,Manhattan,Upper East Side South,false,0.4042
yellow,238,dropoff,2023,2,65147,Manhattan,Upper West Side North,false,0.3057
yellow,238,dropoff,2023,3,74730,Manhattan,Upper West Side North,false,0.3057
yellow,238,dropoff,2023,4,70187,Manhattan,Upper West Side North,false,0.3057
yellow,238,dropoff,2023,5,75087,Manhattan,Upper West Side North,false,0.3057
yellow,238,dropoff,2023,6,68744,Manhattan,Upper West Side North,false,0.3057
yellow,238,dropoff,2024,2,65161,Manhattan,Upper West Side North,false,0.3057
yellow,238,dropoff,2024,3,69612,Manhattan,Upper West Side North,false,0.3057
yellow,238,dropoff,2024,4,70688,Manhattan,Upper West Side North,false,0.3057
yellow,238,dropoff,2024,5,73758,Manhattan,Upper West Side North,false,0.3057
yellow,238,dropoff,2024,6,65514,Manhattan,Upper West Side North,false,0.3057
yellow,238,pickup,2023,2,55442,Manhattan,Upper West Side North,false,0.2269
yellow,238,pickup,2023,3,62737,Manhattan,Upper West Side North,false,0.2269
yellow,238,pickup,2023,4,60527,Manhattan,Upper West Side North,false,0.2269
yellow,238,pickup,2023,5,64784,Manhattan,Upper West Side North,false,0.2269
yellow,238,pickup,2023,6,57332,Manhattan,Upper West Side North,false,0.2269
yellow,238,pickup,2024,2,55525,Manhattan,Upper West Side North,false,0.2269
yellow,238,pickup,2024,3,57627,Manhattan,Upper West Side North,false,0.2269
yellow,238,pickup,2024,4,61002,Manhattan,Upper West Side North,false,0.2269
yellow,238,pickup,2024,5,63614,Manhattan,Upper West Side North,false,0.2269
yellow,238,pickup,2024,6,56986,Manhattan,Upper West Side North,false,0.2269
yellow,239,dropoff,2023,2,78427,Manhattan,Upper West Side South,false,0.3715
yellow,239,dropoff,2023,3,90704,Manhattan,Upper West Side South,false,0.3715
yellow,239,dropoff,2023,4,88724,Manhattan,Upper West Side South,false,0.3715
yellow,239,dropoff,2023,5,93942,Manhattan,Upper West Side South,false,0.3715
yellow,239,dropoff,2023,6,87722,Manhattan,Upper West Side South,false,0.3715
yellow,239,dropoff,2024,2,81570,Manhattan,Upper West Side South,false,0.3715
yellow,239,dropoff,2024,3,89945,Manhattan,Upper West Side South,false,0.3715
yellow,239,dropoff,2024,4,87959,Manhattan,Upper West Side South,false,0.3715
yellow,239,dropoff,2024,5,91542,Manhattan,Upper West Side South,false,0.3715
yellow,239,dropoff,2024,6,83528,Manhattan,Upper West Side South,false,0.3715
yellow,239,pickup,2023,2,77095,Manhattan,Upper West Side South,false,0.3178
yellow,239,pickup,2023,3,89324,Manhattan,Upper West Side South,false,0.3178
yellow,239,pickup,2023,4,88148,Manhattan,Upper West Side South,false,0.3178
yellow,239,pickup,2023,5,93653,Manhattan,Upper West Side South,false,0.3178
yellow,239,pickup,2023,6,86095,Manhattan,Upper West Side South,false,0.3178
yellow,239,pickup,2024,2,83062,Manhattan,Upper West Side South,false,0.3178
yellow,239,pickup,2024,3,88365,Manhattan,Upper West Side South,false,0.3178
yellow,239,pickup,2024,4,86425,Manhattan,Upper West Side South,false,0.3178
yellow,239,pickup,2024,5,88887,Manhattan,Upper West Side South,false,0.3178
yellow,239,pickup,2024,6,83574,Manhattan,Upper West Side South,false,0.3178
yellow,240,dropoff,2023,2,91,Bronx,Van Cortlandt Park,false,0.2379
yellow,240,dropoff,2023,3,113,Bronx,Van Cortlandt Park,false,0.2379
yellow,240,dropoff,2023,4,105,Bronx,Van Cortlandt Park,false,0.2379
yellow,240,dropoff,2023,5,120,Bronx,Van Cortlandt Park,false,0.2379
yellow,240,dropoff,2023,6,88,Bronx,Van Cortlandt Park,false,0.2379
yellow,240,dropoff,2024,2,81,Bronx,Van Cortlandt Park,false,0.2379
yellow,240,dropoff,2024,3,91,Bronx,Van Cortlandt Park,false,0.2379
yellow,240,dropoff,2024,4,80,Bronx,Van Cortlandt Park,false,0.2379
yellow,240,dropoff,2024,5,91,Bronx,Van Cortlandt Park,false,0.2379
yellow,240,dropoff,2024,6,90,Bronx,Van Cortlandt Park,false,0.2379
yellow,240,pickup,2023,2,5,Bronx,Van Cortlandt Park,false,0.1579
yellow,240,pickup,2023,3,10,Bronx,Van Cortlandt Park,false,0.1579
yellow,240,pickup,2023,4,7,Bronx,Van Cortlandt Park,false,0.1579
yellow,240,pickup,2023,5,8,Bronx,Van Cortlandt Park,false,0.1579
yellow,240,pickup,2023,6,8,Bronx,Van Cortlandt Park,false,0.1579
yellow,240,pickup,2024,2,11,Bronx,Van Cortlandt Park,false,0.1579
yellow,240,pickup,2024,3,10,Bronx,Van Cortlandt Park,false,0.1579
yellow,240,pickup,2024,4,11,Bronx,Van Cortlandt Park,false,0.1579
yellow,240,pickup,2024,5,11,Bronx,Van Cortlandt Park,false,0.1579
yellow,240,pickup,2024,6,11,Bronx,Van Cortlandt Park,false,0.1579
yellow,241,dropoff,2023,2,394,Bronx,Van Cortlandt Village,false,0.2528
yellow,241,dropoff,2023,3,452,Bronx,Van Cortlandt Village,false,0.2528
yellow,241,dropoff,2023,4,464,Bronx,Van Cortlandt Village,false,0.2528
yellow,241,dropoff,2023,5,492,Bronx,Van Cortlandt Village,false,0.2528
yellow,241,dropoff,2023,6,441,Bronx,Van Cortlandt Village,false,0.2528
yellow,241,dropoff,2024,2,389,Bronx,Van Cortlandt Village,false,0.2528
yellow,241,dropoff,2024,3,432,Bronx,Van Cortlandt Village,false,0.2528
yellow,241,dropoff,2024,4,476,Bronx,Van Cortlandt Village,false,0.2528
yellow,241,dropoff,2024,5,481,Bronx,Van Cortlandt Village,false,0.2528
yellow,241,dropoff,2024,6,440,Bronx,Van Cortlandt Village,false,0.2528
yellow,241,pickup,2023,2,71,Bronx,Van Cortlandt Village,false,0.168
yellow,241,pickup,2023,3,121,Bronx,Van Cortlandt Village,false,0.168
yellow,241,pickup,2023,4,98,Bronx,Van Cortlandt Village,false,0.168
yellow,241,pickup,2023,5,120,Bronx,Van Cortlandt Village,false,0.168
yellow,241,pickup,2023,6,108,Bronx,Van Cortlandt Village,false,0.168
yellow,241,pickup,2024,2,150,Bronx,Van Cortlandt Village,false,0.168
yellow,241,pickup,2024,3,160,Bronx,Van Cortlandt Village,false,0.168
yellow,241,pickup,2024,4,177,Bronx,Van Cortlandt Village,false,0.168
yellow,241,pickup,2024,5,165,Bronx,Van Cortlandt Village,false,0.168
yellow,241,pickup,2024,6,148,Bronx,Van Cortlandt Village,false,0.168
yellow,242,dropoff,2023,2,420,Bronx,Van Nest/Morris Park,false,0.137
yellow,242,dropoff,2023,3,562,Bronx,Van Nest/Morris Park,false,0.137
yellow,242,dropoff,2023,4,466,Bronx,Van Nest/Morris Park,false,0.137
yellow,242,dropoff,2023,5,506,Bronx,Van Nest/Morris Park,false,0.137
yellow,242,dropoff,2023,6,454,Bronx,Van Nest/Morris Park,false,0.137
yellow,242,dropoff,2024,2,439,Bronx,Van Nest/Morris Park,false,0.137
yellow,242,dropoff,2024,3,480,Bronx,Van Nest/Morris Park,false,0.137
yellow,242,dropoff,2024,4,469,Bronx,Van Nest/Morris Park,false,0.137
yellow,242,dropoff,2024,5,501,Bronx,Van Nest/Morris Park,false,0.137
yellow,242,dropoff,2024,6,370,Bronx,Van Nest/Morris Park,false,0.137
yellow,242,pickup,2023,2,130,Bronx,Van Nest/Morris Park,false,0.0427
yellow,242,pickup,2023,3,245,Bronx,Van Nest/Morris Park,false,0.0427
yellow,242,pickup,2023,4,167,Bronx,Van Nest/Morris Park,false,0.0427
yellow,242,pickup,2023,5,210,Bronx,Van Nest/Morris Park,false,0.0427
yellow,242,pickup,2023,6,162,Bronx,Van Nest/Morris Park,false,0.0427
yellow,242,pickup,2024,2,171,Bronx,Van Nest/Morris Park,false,0.0427
yellow,242,pickup,2024,3,180,Bronx,Van Nest/Morris Park,false,0.0427
yellow,242,pickup,2024,4,144,Bronx,Van Nest/Morris Park,false,0.0427
yellow,242,pickup,2024,5,159,Bronx,Van Nest/Morris Park,false,0.0427
yellow,242,pickup,2024,6,126,Bronx,Van Nest/Morris Park,false,0.0427
yellow,243,dropoff,2023,2,4872,Manhattan,Washington Heights North,false,0.4278
yellow,243,dropoff,2023,3,5701,Manhattan,Washington Heights North,false,0.4278
yellow,243,dropoff,2023,4,5538,Manhattan,Washington Heights North,false,0.4278
yellow,243,dropoff,2023,5,5913,Manhattan,Washington Heights North,false,0.4278
yellow,243,dropoff,2023,6,5241,Manhattan,Washington Heights North,false,0.4278
yellow,243,dropoff,2024,2,4177,Manhattan,Washington Heights North,false,0.4278
yellow,243,dropoff,2024,3,4869,Manhattan,Washington Heights North,false,0.4278
yellow,243,dropoff,2024,4,4618,Manhattan,Washington Heights North,false,0.4278
yellow,243,dropoff,2024,5,4794,Manhattan,Washington Heights North,false,0.4278
yellow,243,dropoff,2024,6,4582,Manhattan,Washington Heights North,false,0.4278
yellow,243,pickup,2023,2,275,Manhattan,Washington Heights North,false,0.1607
yellow,243,pickup,2023,3,371,Manhattan,Washington Heights North,false,0.1607
yellow,243,pickup,2023,4,349,Manhattan,Washington Heights North,false,0.1607
yellow,243,pickup,2023,5,351,Manhattan,Washington Heights North,false,0.1607
yellow,243,pickup,2023,6,278,Manhattan,Washington Heights North,false,0.1607
yellow,243,pickup,2024,2,313,Manhattan,Washington Heights North,false,0.1607
yellow,243,pickup,2024,3,418,Manhattan,Washington Heights North,false,0.1607
yellow,243,pickup,2024,4,405,Manhattan,Washington Heights North,false,0.1607
yellow,243,pickup,2024,5,406,Manhattan,Washington Heights North,false,0.1607
yellow,243,pickup,2024,6,356,Manhattan,Washington Heights North,false,0.1607
yellow,244,dropoff,2023,2,7929,Manhattan,Washington Heights South,false,0.3745
yellow,244,dropoff,2023,3,9160,Manhattan,Washington Heights South,false,0.3745
yellow,244,dropoff,2023,4,8512,Manhattan,Washington Heights South,false,0.3745
yellow,244,dropoff,2023,5,9318,Manhattan,Washington Heights South,false,0.3745
yellow,244,dropoff,2023,6,8586,Manhattan,Washington Heights South,false,0.3745
yellow,244,dropoff,2024,2,6711,Manhattan,Washington Heights South,false,0.3745
yellow,244,dropoff,2024,3,7787,Manhattan,Washington Heights South,false,0.3745
yellow,244,dropoff,2024,4,7368,Manhattan,Washington Heights South,false,0.3745
yellow,244,dropoff,2024,5,8066,Manhattan,Washington Heights South,false,0.3745
yellow,244,dropoff,2024,6,7461,Manhattan,Washington Heights South,false,0.3745
yellow,244,pickup,2023,2,1547,Manhattan,Washington Heights South,false,0.1624
yellow,244,pickup,2023,3,1879,Manhattan,Washington Heights South,false,0.1624
yellow,244,pickup,2023,4,1651,Manhattan,Washington Heights South,false,0.1624
yellow,244,pickup,2023,5,1795,Manhattan,Washington Heights South,false,0.1624
yellow,244,pickup,2023,6,1611,Manhattan,Washington Heights South,false,0.1624
yellow,244,pickup,2024,2,1389,Manhattan,Washington Heights South,false,0.1624
yellow,244,pickup,2024,3,1631,Manhattan,Washington Heights South,false,0.1624
yellow,244,pickup,2024,4,1587,Manhattan,Washington Heights South,false,0.1624
yellow,244,pickup,2024,5,1786,Manhattan,Washington Heights South,false,0.1624
yellow,244,pickup,2024,6,1550,Manhattan,Washington Heights South,false,0.1624
yellow,245,dropoff,2023,2,33,Staten Island,West Brighton,false,0.337
yellow,245,dropoff,2023,3,39,Staten Island,West Brighton,false,0.337
yellow,245,dropoff,2023,4,35,Staten Island,West Brighton,false,0.337
yellow,245,dropoff,2023,5,32,Staten Island,West Brighton,false,0.337
yellow,245,dropoff,2023,6,42,Staten Island,West Brighton,false,0.337
yellow,245,dropoff,2024,2,27,Staten Island,West Brighton,false,0.337
yellow,245,dropoff,2024,3,28,Staten Island,West Brighton,false,0.337
yellow,245,dropoff,2024,4,36,Staten Island,West Brighton,false,0.337
yellow,245,dropoff,2024,5,45,Staten Island,West Brighton,false,0.337
yellow,245,dropoff,2024,6,33,Staten Island,West Brighton,false,0.337
yellow,245,pickup,2023,2,1,Staten Island,West Brighton,false,0.2
yellow,245,pickup,2023,3,2,Staten Island,West Brighton,false,0.2
yellow,245,pickup,2023,4,2,Staten Island,West Brighton,false,0.2
yellow,245,pickup,2024,2,3,Staten Island,West Brighton,false,0.2
yellow,245,pickup,2024,3,2,Staten Island,West Brighton,false,0.2
yellow,245,pickup,2024,4,1,Staten Island,West Brighton,false,0.2
yellow,246,dropoff,2023,2,51735,Manhattan,West Chelsea/Hudson Yards,true,1.0
yellow,246,dropoff,2023,3,59304,Manhattan,West Chelsea/Hudson Yards,true,1.0
yellow,246,dropoff,2023,4,58994,Manhattan,West Chelsea/Hudson Yards,true,1.0
yellow,246,dropoff,2023,5,66066,Manhattan,West Chelsea/Hudson Yards,true,1.0
yellow,246,dropoff,2023,6,61040,Manhattan,West Chelsea/Hudson Yards,true,1.0
yellow,246,dropoff,2024,2,51918,Manhattan,West Chelsea/Hudson Yards,true,1.0
yellow,246,dropoff,2024,3,58567,Manhattan,West Chelsea/Hudson Yards,true,1.0
yellow,246,dropoff,2024,4,56903,Manhattan,West Chelsea/Hudson Yards,true,1.0
yellow,246,dropoff,2024,5,64283,Manhattan,West Chelsea/Hudson Yards,true,1.0
yellow,246,dropoff,2024,6,61686,Manhattan,West Chelsea/Hudson Yards,true,1.0
yellow,246,pickup,2023,2,43680,Manhattan,West Chelsea/Hudson Yards,true,1.0
yellow,246,pickup,2023,3,50178,Manhattan,West Chelsea/Hudson Yards,true,1.0
yellow,246,pickup,2023,4,51478,Manhattan,West Chelsea/Hudson Yards,true,1.0
yellow,246,pickup,2023,5,54798,Manhattan,West Chelsea/Hudson Yards,true,1.0
yellow,246,pickup,2023,6,51896,Manhattan,West Chelsea/Hudson Yards,true,1.0
yellow,246,pickup,2024,2,44632,Manhattan,West Chelsea/Hudson Yards,true,1.0
yellow,246,pickup,2024,3,51824,Manhattan,West Chelsea/Hudson Yards,true,1.0
yellow,246,pickup,2024,4,49616,Manhattan,West Chelsea/Hudson Yards,true,1.0
yellow,246,pickup,2024,5,56892,Manhattan,West Chelsea/Hudson Yards,true,1.0
yellow,246,pickup,2024,6,53847,Manhattan,West Chelsea/Hudson Yards,true,1.0
yellow,247,dropoff,2023,2,781,Bronx,West Concourse,false,0.3503
yellow,247,dropoff,2023,3,1014,Bronx,West Concourse,false,0.3503
yellow,247,dropoff,2023,4,1388,Bronx,West Concourse,false,0.3503
yellow,247,dropoff,2023,5,1533,Bronx,West Concourse,false,0.3503
yellow,247,dropoff,2023,6,1264,Bronx,West Concourse,false,0.3503
yellow,247,dropoff,2024,2,662,Bronx,West Concourse,false,0.3503
yellow,247,dropoff,2024,3,751,Bronx,West Concourse,false,0.3503
yellow,247,dropoff,2024,4,995,Bronx,West Concourse,false,0.3503
yellow,247,dropoff,2024,5,1211,Bronx,West Concourse,false,0.3503
yellow,247,dropoff,2024,6,1271,Bronx,West Concourse,false,0.3503
yellow,247,pickup,2023,2,258,Bronx,West Concourse,false,0.2296
yellow,247,pickup,2023,3,344,Bronx,West Concourse,false,0.2296
yellow,247,pickup,2023,4,337,Bronx,West Concourse,false,0.2296
yellow,247,pickup,2023,5,367,Bronx,West Concourse,false,0.2296
yellow,247,pickup,2023,6,371,Bronx,West Concourse,false,0.2296
yellow,247,pickup,2024,2,222,Bronx,West Concourse,false,0.2296
yellow,247,pickup,2024,3,276,Bronx,West Concourse,false,0.2296
yellow,247,pickup,2024,4,296,Bronx,West Concourse,false,0.2296
yellow,247,pickup,2024,5,333,Bronx,West Concourse,false,0.2296
yellow,247,pickup,2024,6,345,Bronx,West Concourse,false,0.2296
yellow,248,dropoff,2023,2,250,Bronx,West Farms/Bronx River,false,0.244
yellow,248,dropoff,2023,3,275,Bronx,West Farms/Bronx River,false,0.244
yellow,248,dropoff,2023,4,301,Bronx,West Farms/Bronx River,false,0.244
yellow,248,dropoff,2023,5,296,Bronx,West Farms/Bronx River,false,0.244
yellow,248,dropoff,2023,6,247,Bronx,West Farms/Bronx River,false,0.244
yellow,248,dropoff,2024,2,197,Bronx,West Farms/Bronx River,false,0.244
yellow,248,dropoff,2024,3,235,Bronx,West Farms/Bronx River,false,0.244
yellow,248,dropoff,2024,4,250,Bronx,West Farms/Bronx River,false,0.244
yellow,248,dropoff,2024,5,247,Bronx,West Farms/Bronx River,false,0.244
yellow,248,dropoff,2024,6,284,Bronx,West Farms/Bronx River,false,0.244
yellow,248,pickup,2023,2,70,Bronx,West Farms/Bronx River,false,0.2292
yellow,248,pickup,2023,3,87,Bronx,West Farms/Bronx River,false,0.2292
yellow,248,pickup,2023,4,63,Bronx,West Farms/Bronx River,false,0.2292
yellow,248,pickup,2023,5,88,Bronx,West Farms/Bronx River,false,0.2292
yellow,248,pickup,2023,6,76,Bronx,West Farms/Bronx River,false,0.2292
yellow,248,pickup,2024,2,82,Bronx,West Farms/Bronx River,false,0.2292
yellow,248,pickup,2024,3,120,Bronx,West Farms/Bronx River,false,0.2292
yellow,248,pickup,2024,4,102,Bronx,West Farms/Bronx River,false,0.2292
yellow,248,pickup,2024,5,112,Bronx,West Farms/Bronx River,false,0.2292
yellow,248,pickup,2024,6,120,Bronx,West Farms/Bronx River,false,0.2292
yellow,249,dropoff,2023,2,47197,Manhattan,West Village,true,1.0
yellow,249,dropoff,2023,3,53486,Manhattan,West Village,true,1.0
yellow,249,dropoff,2023,4,52942,Manhattan,West Village,true,1.0
yellow,249,dropoff,2023,5,53200,Manhattan,West Village,true,1.0
yellow,249,dropoff,2023,6,51131,Manhattan,West Village,true,1.0
yellow,249,dropoff,2024,2,49753,Manhattan,West Village,true,1.0
yellow,249,dropoff,2024,3,54315,Manhattan,West Village,true,1.0
yellow,249,dropoff,2024,4,52525,Manhattan,West Village,true,1.0
yellow,249,dropoff,2024,5,53698,Manhattan,West Village,true,1.0
yellow,249,dropoff,2024,6,52439,Manhattan,West Village,true,1.0
yellow,249,pickup,2023,2,63275,Manhattan,West Village,true,1.0
yellow,249,pickup,2023,3,70909,Manhattan,West Village,true,1.0
yellow,249,pickup,2023,4,68790,Manhattan,West Village,true,1.0
yellow,249,pickup,2023,5,70924,Manhattan,West Village,true,1.0
yellow,249,pickup,2023,6,69582,Manhattan,West Village,true,1.0
yellow,249,pickup,2024,2,66645,Manhattan,West Village,true,1.0
yellow,249,pickup,2024,3,72428,Manhattan,West Village,true,1.0
yellow,249,pickup,2024,4,68395,Manhattan,West Village,true,1.0
yellow,249,pickup,2024,5,69442,Manhattan,West Village,true,1.0
yellow,249,pickup,2024,6,68529,Manhattan,West Village,true,1.0
yellow,250,dropoff,2023,2,232,Bronx,Westchester Village/Unionport,false,0.1823
yellow,250,dropoff,2023,3,289,Bronx,Westchester Village/Unionport,false,0.1823
yellow,250,dropoff,2023,4,268,Bronx,Westchester Village/Unionport,false,0.1823
yellow,250,dropoff,2023,5,302,Bronx,Westchester Village/Unionport,false,0.1823
yellow,250,dropoff,2023,6,280,Bronx,Westchester Village/Unionport,false,0.1823
yellow,250,dropoff,2024,2,223,Bronx,Westchester Village/Unionport,false,0.1823
yellow,250,dropoff,2024,3,274,Bronx,Westchester Village/Unionport,false,0.1823
yellow,250,dropoff,2024,4,254,Bronx,Westchester Village/Unionport,false,0.1823
yellow,250,dropoff,2024,5,282,Bronx,Westchester Village/Unionport,false,0.1823
yellow,250,dropoff,2024,6,272,Bronx,Westchester Village/Unionport,false,0.1823
yellow,250,pickup,2023,2,57,Bronx,Westchester Village/Unionport,false,0.1841
yellow,250,pickup,2023,3,103,Bronx,Westchester Village/Unionport,false,0.1841
yellow,250,pickup,2023,4,89,Bronx,Westchester Village/Unionport,false,0.1841
yellow,250,pickup,2023,5,64,Bronx,Westchester Village/Unionport,false,0.1841
yellow,250,pickup,2023,6,51,Bronx,Westchester Village/Unionport,false,0.1841
yellow,250,pickup,2024,2,94,Bronx,Westchester Village/Unionport,false,0.1841
yellow,250,pickup,2024,3,97,Bronx,Westchester Village/Unionport,false,0.1841
yellow,250,pickup,2024,4,106,Bronx,Westchester Village/Unionport,false,0.1841
yellow,250,pickup,2024,5,106,Bronx,Westchester Village/Unionport,false,0.1841
yellow,250,pickup,2024,6,98,Bronx,Westchester Village/Unionport,false,0.1841
yellow,251,dropoff,2023,2,34,Staten Island,Westerleigh,false,0.4321
yellow,251,dropoff,2023,3,54,Staten Island,Westerleigh,false,0.4321
yellow,251,dropoff,2023,4,49,Staten Island,Westerleigh,false,0.4321
yellow,251,dropoff,2023,5,45,Staten Island,Westerleigh,false,0.4321
yellow,251,dropoff,2023,6,61,Staten Island,Westerleigh,false,0.4321
yellow,251,dropoff,2024,2,46,Staten Island,Westerleigh,false,0.4321
yellow,251,dropoff,2024,3,36,Staten Island,Westerleigh,false,0.4321
yellow,251,dropoff,2024,4,29,Staten Island,Westerleigh,false,0.4321
yellow,251,dropoff,2024,5,52,Staten Island,Westerleigh,false,0.4321
yellow,251,dropoff,2024,6,36,Staten Island,Westerleigh,false,0.4321
yellow,251,pickup,2023,2,1,Staten Island,Westerleigh,false,0.0833
yellow,251,pickup,2023,3,4,Staten Island,Westerleigh,false,0.0833
yellow,251,pickup,2023,4,2,Staten Island,Westerleigh,false,0.0833
yellow,251,pickup,2023,5,5,Staten Island,Westerleigh,false,0.0833
yellow,251,pickup,2023,6,12,Staten Island,Westerleigh,false,0.0833
yellow,251,pickup,2024,2,1,Staten Island,Westerleigh,false,0.0833
yellow,251,pickup,2024,3,2,Staten Island,Westerleigh,false,0.0833
yellow,251,pickup,2024,4,1,Staten Island,Westerleigh,false,0.0833
yellow,251,pickup,2024,5,2,Staten Island,Westerleigh,false,0.0833
yellow,251,pickup,2024,6,1,Staten Island,Westerleigh,false,0.0833
yellow,252,dropoff,2023,2,533,Queens,Whitestone,false,0.0916
yellow,252,dropoff,2023,3,577,Queens,Whitestone,false,0.0916
yellow,252,dropoff,2023,4,611,Queens,Whitestone,false,0.0916
yellow,252,dropoff,2023,5,608,Queens,Whitestone,false,0.0916
yellow,252,dropoff,2023,6,575,Queens,Whitestone,false,0.0916
yellow,252,dropoff,2024,2,504,Queens,Whitestone,false,0.0916
yellow,252,dropoff,2024,3,519,Queens,Whitestone,false,0.0916
yellow,252,dropoff,2024,4,590,Queens,Whitestone,false,0.0916
yellow,252,dropoff,2024,5,574,Queens,Whitestone,false,0.0916
yellow,252,dropoff,2024,6,505,Queens,Whitestone,false,0.0916
yellow,252,pickup,2023,2,32,Queens,Whitestone,false,0.0529
yellow,252,pickup,2023,3,27,Queens,Whitestone,false,0.0529
yellow,252,pickup,2023,4,33,Queens,Whitestone,false,0.0529
yellow,252,pickup,2023,5,42,Queens,Whitestone,false,0.0529
yellow,252,pickup,2023,6,36,Queens,Whitestone,false,0.0529
yellow,252,pickup,2024,2,41,Queens,Whitestone,false,0.0529
yellow,252,pickup,2024,3,55,Queens,Whitestone,false,0.0529
yellow,252,pickup,2024,4,41,Queens,Whitestone,false,0.0529
yellow,252,pickup,2024,5,51,Queens,Whitestone,false,0.0529
yellow,252,pickup,2024,6,29,Queens,Whitestone,false,0.0529
yellow,253,dropoff,2023,2,31,Queens,Willets Point,false,0.1264
yellow,253,dropoff,2023,3,39,Queens,Willets Point,false,0.1264
yellow,253,dropoff,2023,4,35,Queens,Willets Point,false,0.1264
yellow,253,dropoff,2023,5,34,Queens,Willets Point,false,0.1264
yellow,253,dropoff,2023,6,43,Queens,Willets Point,false,0.1264
yellow,253,dropoff,2024,2,29,Queens,Willets Point,false,0.1264
yellow,253,dropoff,2024,3,35,Queens,Willets Point,false,0.1264
yellow,253,dropoff,2024,4,33,Queens,Willets Point,false,0.1264
yellow,253,dropoff,2024,5,43,Queens,Willets Point,false,0.1264
yellow,253,dropoff,2024,6,44,Queens,Willets Point,false,0.1264
yellow,253,pickup,2023,2,8,Queens,Willets Point,false,0.0455
yellow,253,pickup,2023,3,9,Queens,Willets Point,false,0.0455
yellow,253,pickup,2023,4,4,Queens,Willets Point,false,0.0455
yellow,253,pickup,2023,5,9,Queens,Willets Point,false,0.0455
yellow,253,pickup,2023,6,14,Queens,Willets Point,false,0.0455
yellow,253,pickup,2024,2,4,Queens,Willets Point,false,0.0455
yellow,253,pickup,2024,3,9,Queens,Willets Point,false,0.0455
yellow,253,pickup,2024,4,5,Queens,Willets Point,false,0.0455
yellow,253,pickup,2024,5,10,Queens,Willets Point,false,0.0455
yellow,253,pickup,2024,6,16,Queens,Willets Point,false,0.0455
yellow,254,dropoff,2023,2,380,Bronx,Williamsbridge/Olinville,false,0.1467
yellow,254,dropoff,2023,3,462,Bronx,Williamsbridge/Olinville,false,0.1467
yellow,254,dropoff,2023,4,482,Bronx,Williamsbridge/Olinville,false,0.1467
yellow,254,dropoff,2023,5,565,Bronx,Williamsbridge/Olinville,false,0.1467
yellow,254,dropoff,2023,6,490,Bronx,Williamsbridge/Olinville,false,0.1467
yellow,254,dropoff,2024,2,373,Bronx,Williamsbridge/Olinville,false,0.1467
yellow,254,dropoff,2024,3,434,Bronx,Williamsbridge/Olinville,false,0.1467
yellow,254,dropoff,2024,4,439,Bronx,Williamsbridge/Olinville,false,0.1467
yellow,254,dropoff,2024,5,471,Bronx,Williamsbridge/Olinville,false,0.1467
yellow,254,dropoff,2024,6,404,Bronx,Williamsbridge/Olinville,false,0.1467
yellow,254,pickup,2023,2,102,Bronx,Williamsbridge/Olinville,false,0.1973
yellow,254,pickup,2023,3,178,Bronx,Williamsbridge/Olinville,false,0.1973
yellow,254,pickup,2023,4,184,Bronx,Williamsbridge/Olinville,false,0.1973
yellow,254,pickup,2023,5,189,Bronx,Williamsbridge/Olinville,false,0.1973
yellow,254,pickup,2023,6,148,Bronx,Williamsbridge/Olinville,false,0.1973
yellow,254,pickup,2024,2,172,Bronx,Williamsbridge/Olinville,false,0.1973
yellow,254,pickup,2024,3,254,Bronx,Williamsbridge/Olinville,false,0.1973
yellow,254,pickup,2024,4,278,Bronx,Williamsbridge/Olinville,false,0.1973
yellow,254,pickup,2024,5,239,Bronx,Williamsbridge/Olinville,false,0.1973
yellow,254,pickup,2024,6,201,Bronx,Williamsbridge/Olinville,false,0.1973
yellow,255,dropoff,2023,2,6914,Brooklyn,Williamsburg (North Side),false,0.5584
yellow,255,dropoff,2023,3,8395,Brooklyn,Williamsburg (North Side),false,0.5584
yellow,255,dropoff,2023,4,8254,Brooklyn,Williamsburg (North Side),false,0.5584
yellow,255,dropoff,2023,5,8393,Brooklyn,Williamsburg (North Side),false,0.5584
yellow,255,dropoff,2023,6,8008,Brooklyn,Williamsburg (North Side),false,0.5584
yellow,255,dropoff,2024,2,6065,Brooklyn,Williamsburg (North Side),false,0.5584
yellow,255,dropoff,2024,3,7586,Brooklyn,Williamsburg (North Side),false,0.5584
yellow,255,dropoff,2024,4,7497,Brooklyn,Williamsburg (North Side),false,0.5584
yellow,255,dropoff,2024,5,7398,Brooklyn,Williamsburg (North Side),false,0.5584
yellow,255,dropoff,2024,6,8092,Brooklyn,Williamsburg (North Side),false,0.5584
yellow,255,pickup,2023,2,689,Brooklyn,Williamsburg (North Side),false,0.3355
yellow,255,pickup,2023,3,825,Brooklyn,Williamsburg (North Side),false,0.3355
yellow,255,pickup,2023,4,940,Brooklyn,Williamsburg (North Side),false,0.3355
yellow,255,pickup,2023,5,953,Brooklyn,Williamsburg (North Side),false,0.3355
yellow,255,pickup,2023,6,840,Brooklyn,Williamsburg (North Side),false,0.3355
yellow,255,pickup,2024,2,491,Brooklyn,Williamsburg (North Side),false,0.3355
yellow,255,pickup,2024,3,610,Brooklyn,Williamsburg (North Side),false,0.3355
yellow,255,pickup,2024,4,621,Brooklyn,Williamsburg (North Side),false,0.3355
yellow,255,pickup,2024,5,659,Brooklyn,Williamsburg (North Side),false,0.3355
yellow,255,pickup,2024,6,855,Brooklyn,Williamsburg (North Side),false,0.3355
yellow,256,dropoff,2023,2,6034,Brooklyn,Williamsburg (South Side),false,0.6417
yellow,256,dropoff,2023,3,7090,Brooklyn,Williamsburg (South Side),false,0.6417
yellow,256,dropoff,2023,4,7049,Brooklyn,Williamsburg (South Side),false,0.6417
yellow,256,dropoff,2023,5,7724,Brooklyn,Williamsburg (South Side),false,0.6417
yellow,256,dropoff,2023,6,7164,Brooklyn,Williamsburg (South Side),false,0.6417
yellow,256,dropoff,2024,2,5596,Brooklyn,Williamsburg (South Side),false,0.6417
yellow,256,dropoff,2024,3,6354,Brooklyn,Williamsburg (South Side),false,0.6417
yellow,256,dropoff,2024,4,6169,Brooklyn,Williamsburg (South Side),false,0.6417
yellow,256,dropoff,2024,5,6550,Brooklyn,Williamsburg (South Side),false,0.6417
yellow,256,dropoff,2024,6,6469,Brooklyn,Williamsburg (South Side),false,0.6417
yellow,256,pickup,2023,2,570,Brooklyn,Williamsburg (South Side),false,0.4008
yellow,256,pickup,2023,3,688,Brooklyn,Williamsburg (South Side),false,0.4008
yellow,256,pickup,2023,4,764,Brooklyn,Williamsburg (South Side),false,0.4008
yellow,256,pickup,2023,5,794,Brooklyn,Williamsburg (South Side),false,0.4008
yellow,256,pickup,2023,6,732,Brooklyn,Williamsburg (South Side),false,0.4008
yellow,256,pickup,2024,2,442,Brooklyn,Williamsburg (South Side),false,0.4008
yellow,256,pickup,2024,3,551,Brooklyn,Williamsburg (South Side),false,0.4008
yellow,256,pickup,2024,4,509,Brooklyn,Williamsburg (South Side),false,0.4008
yellow,256,pickup,2024,5,600,Brooklyn,Williamsburg (South Side),false,0.4008
yellow,256,pickup,2024,6,741,Brooklyn,Williamsburg (South Side),false,0.4008
yellow,257,dropoff,2023,2,1163,Brooklyn,Windsor Terrace,false,0.467
yellow,257,dropoff,2023,3,1347,Brooklyn,Windsor Terrace,false,0.467
yellow,257,dropoff,2023,4,1418,Brooklyn,Windsor Terrace,false,0.467
yellow,257,dropoff,2023,5,1391,Brooklyn,Windsor Terrace,false,0.467
yellow,257,dropoff,2023,6,1469,Brooklyn,Windsor Terrace,false,0.467
yellow,257,dropoff,2024,2,1173,Brooklyn,Windsor Terrace,false,0.467
yellow,257,dropoff,2024,3,1265,Brooklyn,Windsor Terrace,false,0.467
yellow,257,dropoff,2024,4,1324,Brooklyn,Windsor Terrace,false,0.467
yellow,257,dropoff,2024,5,1299,Brooklyn,Windsor Terrace,false,0.467
yellow,257,dropoff,2024,6,1228,Brooklyn,Windsor Terrace,false,0.467
yellow,257,pickup,2023,2,42,Brooklyn,Windsor Terrace,false,0.2383
yellow,257,pickup,2023,3,62,Brooklyn,Windsor Terrace,false,0.2383
yellow,257,pickup,2023,4,53,Brooklyn,Windsor Terrace,false,0.2383
yellow,257,pickup,2023,5,56,Brooklyn,Windsor Terrace,false,0.2383
yellow,257,pickup,2023,6,43,Brooklyn,Windsor Terrace,false,0.2383
yellow,257,pickup,2024,2,55,Brooklyn,Windsor Terrace,false,0.2383
yellow,257,pickup,2024,3,71,Brooklyn,Windsor Terrace,false,0.2383
yellow,257,pickup,2024,4,86,Brooklyn,Windsor Terrace,false,0.2383
yellow,257,pickup,2024,5,72,Brooklyn,Windsor Terrace,false,0.2383
yellow,257,pickup,2024,6,73,Brooklyn,Windsor Terrace,false,0.2383
yellow,258,dropoff,2023,2,541,Queens,Woodhaven,false,0.132
yellow,258,dropoff,2023,3,656,Queens,Woodhaven,false,0.132
yellow,258,dropoff,2023,4,670,Queens,Woodhaven,false,0.132
yellow,258,dropoff,2023,5,763,Queens,Woodhaven,false,0.132
yellow,258,dropoff,2023,6,740,Queens,Woodhaven,false,0.132
yellow,258,dropoff,2024,2,579,Queens,Woodhaven,false,0.132
yellow,258,dropoff,2024,3,628,Queens,Woodhaven,false,0.132
yellow,258,dropoff,2024,4,668,Queens,Woodhaven,false,0.132
yellow,258,dropoff,2024,5,670,Queens,Woodhaven,false,0.132
yellow,258,dropoff,2024,6,655,Queens,Woodhaven,false,0.132
yellow,258,pickup,2023,2,64,Queens,Woodhaven,false,0.1522
yellow,258,pickup,2023,3,101,Queens,Woodhaven,false,0.1522
yellow,258,pickup,2023,4,82,Queens,Woodhaven,false,0.1522
yellow,258,pickup,2023,5,103,Queens,Woodhaven,false,0.1522
yellow,258,pickup,2023,6,77,Queens,Woodhaven,false,0.1522
yellow,258,pickup,2024,2,126,Queens,Woodhaven,false,0.1522
yellow,258,pickup,2024,3,156,Queens,Woodhaven,false,0.1522
yellow,258,pickup,2024,4,148,Queens,Woodhaven,false,0.1522
yellow,258,pickup,2024,5,132,Queens,Woodhaven,false,0.1522
yellow,258,pickup,2024,6,120,Queens,Woodhaven,false,0.1522
yellow,259,dropoff,2023,2,296,Bronx,Woodlawn/Wakefield,false,0.2843
yellow,259,dropoff,2023,3,385,Bronx,Woodlawn/Wakefield,false,0.2843
yellow,259,dropoff,2023,4,366,Bronx,Woodlawn/Wakefield,false,0.2843
yellow,259,dropoff,2023,5,358,Bronx,Woodlawn/Wakefield,false,0.2843
yellow,259,dropoff,2023,6,336,Bronx,Woodlawn/Wakefield,false,0.2843
yellow,259,dropoff,2024,2,246,Bronx,Woodlawn/Wakefield,false,0.2843
yellow,259,dropoff,2024,3,331,Bronx,Woodlawn/Wakefield,false,0.2843
yellow,259,dropoff,2024,4,323,Bronx,Woodlawn/Wakefield,false,0.2843
yellow,259,dropoff,2024,5,332,Bronx,Woodlawn/Wakefield,false,0.2843
yellow,259,dropoff,2024,6,339,Bronx,Woodlawn/Wakefield,false,0.2843
yellow,259,pickup,2023,2,70,Bronx,Woodlawn/Wakefield,false,0.1913
yellow,259,pickup,2023,3,85,Bronx,Woodlawn/Wakefield,false,0.1913
yellow,259,pickup,2023,4,82,Bronx,Woodlawn/Wakefield,false,0.1913
yellow,259,pickup,2023,5,105,Bronx,Woodlawn/Wakefield,false,0.1913
yellow,259,pickup,2023,6,97,Bronx,Woodlawn/Wakefield,false,0.1913
yellow,259,pickup,2024,2,95,Bronx,Woodlawn/Wakefield,false,0.1913
yellow,259,pickup,2024,3,114,Bronx,Woodlawn/Wakefield,false,0.1913
yellow,259,pickup,2024,4,126,Bronx,Woodlawn/Wakefield,false,0.1913
yellow,259,pickup,2024,5,119,Bronx,Woodlawn/Wakefield,false,0.1913
yellow,259,pickup,2024,6,102,Bronx,Woodlawn/Wakefield,false,0.1913
yellow,260,dropoff,2023,2,1995,Queens,Woodside,false,0.3644
yellow,260,dropoff,2023,3,2336,Queens,Woodside,false,0.3644
yellow,260,dropoff,2023,4,2250,Queens,Woodside,false,0.3644
yellow,260,dropoff,2023,5,2324,Queens,Woodside,false,0.3644
yellow,260,dropoff,2023,6,2335,Queens,Woodside,false,0.3644
yellow,260,dropoff,2024,2,1683,Queens,Woodside,false,0.3644
yellow,260,dropoff,2024,3,1954,Queens,Woodside,false,0.3644
yellow,260,dropoff,2024,4,1909,Queens,Woodside,false,0.3644
yellow,260,dropoff,2024,5,1958,Queens,Woodside,false,0.3644
yellow,260,dropoff,2024,6,1841,Queens,Woodside,false,0.3644
yellow,260,pickup,2023,2,473,Queens,Woodside,false,0.2151
yellow,260,pickup,2023,3,555,Queens,Woodside,false,0.2151
yellow,260,pickup,2023,4,506,Queens,Woodside,false,0.2151
yellow,260,pickup,2023,5,518,Queens,Woodside,false,0.2151
yellow,260,pickup,2023,6,537,Queens,Woodside,false,0.2151
yellow,260,pickup,2024,2,499,Queens,Woodside,false,0.2151
yellow,260,pickup,2024,3,549,Queens,Woodside,false,0.2151
yellow,260,pickup,2024,4,538,Queens,Woodside,false,0.2151
yellow,260,pickup,2024,5,590,Queens,Woodside,false,0.2151
yellow,260,pickup,2024,6,556,Queens,Woodside,false,0.2151
yellow,261,dropoff,2023,2,11381,Manhattan,World Trade Center,true,1.0
yellow,261,dropoff,2023,3,14107,Manhattan,World Trade Center,true,1.0
yellow,261,dropoff,2023,4,14735,Manhattan,World Trade Center,true,1.0
yellow,261,dropoff,2023,5,15371,Manhattan,World Trade Center,true,1.0
yellow,261,dropoff,2023,6,14753,Manhattan,World Trade Center,true,1.0
yellow,261,dropoff,2024,2,11777,Manhattan,World Trade Center,true,1.0
yellow,261,dropoff,2024,3,14332,Manhattan,World Trade Center,true,1.0
yellow,261,dropoff,2024,4,14278,Manhattan,World Trade Center,true,1.0
yellow,261,dropoff,2024,5,15169,Manhattan,World Trade Center,true,1.0
yellow,261,dropoff,2024,6,14825,Manhattan,World Trade Center,true,1.0
yellow,261,pickup,2023,2,11605,Manhattan,World Trade Center,true,1.0
yellow,261,pickup,2023,3,15378,Manhattan,World Trade Center,true,1.0
yellow,261,pickup,2023,4,15950,Manhattan,World Trade Center,true,1.0
yellow,261,pickup,2023,5,16538,Manhattan,World Trade Center,true,1.0
yellow,261,pickup,2023,6,15886,Manhattan,World Trade Center,true,1.0
yellow,261,pickup,2024,2,12174,Manhattan,World Trade Center,true,1.0
yellow,261,pickup,2024,3,15399,Manhattan,World Trade Center,true,1.0
yellow,261,pickup,2024,4,14734,Manhattan,World Trade Center,true,1.0
yellow,261,pickup,2024,5,16362,Manhattan,World Trade Center,true,1.0
yellow,261,pickup,2024,6,16477,Manhattan,World Trade Center,true,1.0
yellow,262,dropoff,2023,2,45056,Manhattan,Yorkville East,false,0.3925
yellow,262,dropoff,2023,3,49854,Manhattan,Yorkville East,false,0.3925
yellow,262,dropoff,2023,4,48217,Manhattan,Yorkville East,false,0.3925
yellow,262,dropoff,2023,5,50946,Manhattan,Yorkville East,false,0.3925
yellow,262,dropoff,2023,6,46708,Manhattan,Yorkville East,false,0.3925
yellow,262,dropoff,2024,2,43589,Manhattan,Yorkville East,false,0.3925
yellow,262,dropoff,2024,3,46558,Manhattan,Yorkville East,false,0.3925
yellow,262,dropoff,2024,4,46863,Manhattan,Yorkville East,false,0.3925
yellow,262,dropoff,2024,5,49527,Manhattan,Yorkville East,false,0.3925
yellow,262,dropoff,2024,6,45457,Manhattan,Yorkville East,false,0.3925
yellow,262,pickup,2023,2,37669,Manhattan,Yorkville East,false,0.3201
yellow,262,pickup,2023,3,42325,Manhattan,Yorkville East,false,0.3201
yellow,262,pickup,2023,4,40667,Manhattan,Yorkville East,false,0.3201
yellow,262,pickup,2023,5,44013,Manhattan,Yorkville East,false,0.3201
yellow,262,pickup,2023,6,39834,Manhattan,Yorkville East,false,0.3201
yellow,262,pickup,2024,2,36818,Manhattan,Yorkville East,false,0.3201
yellow,262,pickup,2024,3,39043,Manhattan,Yorkville East,false,0.3201
yellow,262,pickup,2024,4,38988,Manhattan,Yorkville East,false,0.3201
yellow,262,pickup,2024,5,41899,Manhattan,Yorkville East,false,0.3201
yellow,262,pickup,2024,6,38511,Manhattan,Yorkville East,false,0.3201
yellow,263,dropoff,2023,2,60625,Manhattan,Yorkville West,false,0.4127
yellow,263,dropoff,2023,3,68168,Manhattan,Yorkville West,false,0.4127
yellow,263,dropoff,2023,4,64079,Manhattan,Yorkville West,false,0.4127
yellow,263,dropoff,2023,5,67386,Manhattan,Yorkville West,false,0.4127
yellow,263,dropoff,2023,6,63681,Manhattan,Yorkville West,false,0.4127
yellow,263,dropoff,2024,2,59568,Manhattan,Yorkville West,false,0.4127
yellow,263,dropoff,2024,3,64706,Manhattan,Yorkville West,false,0.4127
yellow,263,dropoff,2024,4,61957,Manhattan,Yorkville West,false,0.4127
yellow,263,dropoff,2024,5,65140,Manhattan,Yorkville West,false,0.4127
yellow,263,dropoff,2024,6,61733,Manhattan,Yorkville West,false,0.4127
yellow,263,pickup,2023,2,56542,Manhattan,Yorkville West,false,0.296
yellow,263,pickup,2023,3,64002,Manhattan,Yorkville West,false,0.296
yellow,263,pickup,2023,4,60269,Manhattan,Yorkville West,false,0.296
yellow,263,pickup,2023,5,61650,Manhattan,Yorkville West,false,0.296
yellow,263,pickup,2023,6,57879,Manhattan,Yorkville West,false,0.296
yellow,263,pickup,2024,2,53883,Manhattan,Yorkville West,false,0.296
yellow,263,pickup,2024,3,57833,Manhattan,Yorkville West,false,0.296
yellow,263,pickup,2024,4,54866,Manhattan,Yorkville West,false,0.296
yellow,263,pickup,2024,5,57989,Manhattan,Yorkville West,false,0.296
yellow,263,pickup,2024,6,55103,Manhattan,Yorkville West,false,0.296
yellow,264,dropoff,2023,2,22675,Unknown,N/A,false,0.1157
yellow,264,dropoff,2023,3,31255,Unknown,N/A,false,0.1157
yellow,264,dropoff,2023,4,33357,Unknown,N/A,false,0.1157
yellow,264,dropoff,2023,5,35843,Unknown,N/A,false,0.1157
yellow,264,dropoff,2023,6,32600,Unknown,N/A,false,0.1157
yellow,264,dropoff,2024,2,12726,Unknown,N/A,false,0.1157
yellow,264,dropoff,2024,3,15119,Unknown,N/A,false,0.1157
yellow,264,dropoff,2024,4,14453,Unknown,N/A,false,0.1157
yellow,264,dropoff,2024,5,15244,Unknown,N/A,false,0.1157
yellow,264,dropoff,2024,6,14799,Unknown,N/A,false,0.1157
yellow,264,pickup,2023,2,32072,Unknown,N/A,false,0.0923
yellow,264,pickup,2023,3,27834,Unknown,N/A,false,0.0923
yellow,264,pickup,2023,4,30301,Unknown,N/A,false,0.0923
yellow,264,pickup,2023,5,32171,Unknown,N/A,false,0.0923
yellow,264,pickup,2023,6,28906,Unknown,N/A,false,0.0923
yellow,264,pickup,2024,2,8763,Unknown,N/A,false,0.0923
yellow,264,pickup,2024,3,10414,Unknown,N/A,false,0.0923
yellow,264,pickup,2024,4,9787,Unknown,N/A,false,0.0923
yellow,264,pickup,2024,5,10634,Unknown,N/A,false,0.0923
yellow,264,pickup,2024,6,10477,Unknown,N/A,false,0.0923
yellow,265,dropoff,2023,2,8555,N/A,Outside of NYC,false,0.2215
yellow,265,dropoff,2023,3,10692,N/A,Outside of NYC,false,0.2215
yellow,265,dropoff,2023,4,11369,N/A,Outside of NYC,false,0.2215
yellow,265,dropoff,2023,5,11827,N/A,Outside of NYC,false,0.2215
yellow,265,dropoff,2023,6,13125,N/A,Outside of NYC,false,0.2215
yellow,265,dropoff,2024,2,9461,N/A,Outside of NYC,false,0.2215
yellow,265,dropoff,2024,3,11285,N/A,Outside of NYC,false,0.2215
yellow,265,dropoff,2024,4,11722,N/A,Outside of NYC,false,0.2215
yellow,265,dropoff,2024,5,13087,N/A,Outside of NYC,false,0.2215
yellow,265,dropoff,2024,6,13360,N/A,Outside of NYC,false,0.2215
yellow,265,pickup,2023,2,463,N/A,Outside of NYC,false,0.0777
yellow,265,pickup,2023,3,491,N/A,Outside of NYC,false,0.0777
yellow,265,pickup,2023,4,537,N/A,Outside of NYC,false,0.0777
yellow,265,pickup,2023,5,613,N/A,Outside of NYC,false,0.0777
yellow,265,pickup,2023,6,508,N/A,Outside of NYC,false,0.0777
yellow,265,pickup,2024,2,483,N/A,Outside of NYC,false,0.0777
yellow,265,pickup,2024,3,489,N/A,Outside of NYC,false,0.0777
yellow,265,pickup,2024,4,549,N/A,Outside of NYC,false,0.0777
yellow,265,pickup,2024,5,652,N/A,Outside of NYC,false,0.0777
yellow,265,pickup,2024,6,609,N/A,Outside of NYC,false,0.0777
