zone,direction,year,month,n_trips,Borough,zone_name,crz_zone,charged_share_2023,charged_share_2024,charged_share
1,dropoff,2023,2,7620,EWR,Newark Airport,false,0.7706,0.7876,0.7706
1,dropoff,2023,3,9124,EWR,Newark Airport,false,0.7706,0.7876,0.7706
1,dropoff,2023,4,9525,EWR,Newark Airport,false,0.7706,0.7876,0.7706
1,dropoff,2023,5,10882,EWR,Newark Airport,false,0.7706,0.7876,0.7706
1,dropoff,2023,6,9828,EWR,Newark Airport,false,0.7706,0.7876,0.7706
1,dropoff,2024,2,6573,EWR,Newark Airport,false,0.7706,0.7876,0.7706
1,dropoff,2024,3,7975,EWR,Newark Airport,false,0.7706,0.7876,0.7706
1,dropoff,2024,4,8819,EWR,Newark Airport,false,0.7706,0.7876,0.7706
1,dropoff,2024,5,10074,EWR,Newark Airport,false,0.7706,0.7876,0.7706
1,dropoff,2024,6,8779,EWR,Newark Airport,false,0.7706,0.7876,0.7706
1,pickup,2023,2,385,EWR,Newark Airport,false,0.0168,0.0106,0.0168
1,pickup,2023,3,405,EWR,Newark Airport,false,0.0168,0.0106,0.0168
1,pickup,2023,4,434,EWR,Newark Airport,false,0.0168,0.0106,0.0168
1,pickup,2023,5,473,EWR,Newark Airport,false,0.0168,0.0106,0.0168
1,pickup,2023,6,450,EWR,Newark Airport,false,0.0168,0.0106,0.0168
1,pickup,2024,2,278,EWR,Newark Airport,false,0.0168,0.0106,0.0168
1,pickup,2024,3,352,EWR,Newark Airport,false,0.0168,0.0106,0.0168
1,pickup,2024,4,496,EWR,Newark Airport,false,0.0168,0.0106,0.0168
1,pickup,2024,5,580,EWR,Newark Airport,false,0.0168,0.0106,0.0168
1,pickup,2024,6,467,EWR,Newark Airport,false,0.0168,0.0106,0.0168
2,dropoff,2023,2,2,Queens,Jamaica Bay,false,0.2222,0.0625,0.2222
2,dropoff,2023,3,7,Queens,Jamaica Bay,false,0.2222,0.0625,0.2222
2,dropoff,2023,4,4,Queens,Jamaica Bay,false,0.2222,0.0625,0.2222
2,dropoff,2023,5,1,Queens,Jamaica Bay,false,0.2222,0.0625,0.2222
2,dropoff,2023,6,4,Queens,Jamaica Bay,false,0.2222,0.0625,0.2222
2,dropoff,2024,2,5,Queens,Jamaica Bay,false,0.2222,0.0625,0.2222
2,dropoff,2024,3,7,Queens,Jamaica Bay,false,0.2222,0.0625,0.2222
2,dropoff,2024,4,6,Queens,Jamaica Bay,false,0.2222,0.0625,0.2222
2,dropoff,2024,5,8,Queens,Jamaica Bay,false,0.2222,0.0625,0.2222
2,dropoff,2024,6,6,Queens,Jamaica Bay,false,0.2222,0.0625,0.2222
2,pickup,2023,2,2,Queens,Jamaica Bay,false,0.5,0.3158,0.5
2,pickup,2023,3,3,Queens,Jamaica Bay,false,0.5,0.3158,0.5
2,pickup,2023,4,1,Queens,Jamaica Bay,false,0.5,0.3158,0.5
2,pickup,2023,5,1,Queens,Jamaica Bay,false,0.5,0.3158,0.5
2,pickup,2023,6,5,Queens,Jamaica Bay,false,0.5,0.3158,0.5
2,pickup,2024,2,2,Queens,Jamaica Bay,false,0.5,0.3158,0.5
2,pickup,2024,3,8,Queens,Jamaica Bay,false,0.5,0.3158,0.5
2,pickup,2024,4,4,Queens,Jamaica Bay,false,0.5,0.3158,0.5
2,pickup,2024,5,2,Queens,Jamaica Bay,false,0.5,0.3158,0.5
2,pickup,2024,6,3,Queens,Jamaica Bay,false,0.5,0.3158,0.5
3,dropoff,2023,2,206,Bronx,Allerton/Pelham Gardens,false,0.1492,0.1715,0.1492
3,dropoff,2023,3,251,Bronx,Allerton/Pelham Gardens,false,0.1492,0.1715,0.1492
3,dropoff,2023,4,248,Bronx,Allerton/Pelham Gardens,false,0.1492,0.1715,0.1492
3,dropoff,2023,5,275,Bronx,Allerton/Pelham Gardens,false,0.1492,0.1715,0.1492
3,dropoff,2023,6,240,Bronx,Allerton/Pelham Gardens,false,0.1492,0.1715,0.1492
3,dropoff,2024,2,199,Bronx,Allerton/Pelham Gardens,false,0.1492,0.1715,0.1492
3,dropoff,2024,3,252,Bronx,Allerton/Pelham Gardens,false,0.1492,0.1715,0.1492
3,dropoff,2024,4,248,Bronx,Allerton/Pelham Gardens,false,0.1492,0.1715,0.1492
3,dropoff,2024,5,286,Bronx,Allerton/Pelham Gardens,false,0.1492,0.1715,0.1492
3,dropoff,2024,6,257,Bronx,Allerton/Pelham Gardens,false,0.1492,0.1715,0.1492
3,pickup,2023,2,43,Bronx,Allerton/Pelham Gardens,false,0.1815,0.3347,0.1815
3,pickup,2023,3,59,Bronx,Allerton/Pelham Gardens,false,0.1815,0.3347,0.1815
3,pickup,2023,4,52,Bronx,Allerton/Pelham Gardens,false,0.1815,0.3347,0.1815
3,pickup,2023,5,60,Bronx,Allerton/Pelham Gardens,false,0.1815,0.3347,0.1815
3,pickup,2023,6,67,Bronx,Allerton/Pelham Gardens,false,0.1815,0.3347,0.1815
3,pickup,2024,2,86,Bronx,Allerton/Pelham Gardens,false,0.1815,0.3347,0.1815
3,pickup,2024,3,105,Bronx,Allerton/Pelham Gardens,false,0.1815,0.3347,0.1815
3,pickup,2024,4,113,Bronx,Allerton/Pelham Gardens,false,0.1815,0.3347,0.1815
3,pickup,2024,5,111,Bronx,Allerton/Pelham Gardens,false,0.1815,0.3347,0.1815
3,pickup,2024,6,90,Bronx,Allerton/Pelham Gardens,false,0.1815,0.3347,0.1815
4,dropoff,2023,2,11183,Manhattan,Alphabet City,true,1.0,1.0,1.0
4,dropoff,2023,3,12689,Manhattan,Alphabet City,true,1.0,1.0,1.0
4,dropoff,2023,4,12024,Manhattan,Alphabet City,true,1.0,1.0,1.0
4,dropoff,2023,5,12521,Manhattan,Alphabet City,true,1.0,1.0,1.0
4,dropoff,2023,6,11977,Manhattan,Alphabet City,true,1.0,1.0,1.0
4,dropoff,2024,2,10746,Manhattan,Alphabet City,true,1.0,1.0,1.0
4,dropoff,2024,3,12126,Manhattan,Alphabet City,true,1.0,1.0,1.0
4,dropoff,2024,4,10914,Manhattan,Alphabet City,true,1.0,1.0,1.0
4,dropoff,2024,5,11568,Manhattan,Alphabet City,true,1.0,1.0,1.0
4,dropoff,2024,6,10773,Manhattan,Alphabet City,true,1.0,1.0,1.0
4,pickup,2023,2,3047,Manhattan,Alphabet City,true,1.0,1.0,1.0
4,pickup,2023,3,3230,Manhattan,Alphabet City,true,1.0,1.0,1.0
4,pickup,2023,4,3297,Manhattan,Alphabet City,true,1.0,1.0,1.0
4,pickup,2023,5,3297,Manhattan,Alphabet City,true,1.0,1.0,1.0
4,pickup,2023,6,3147,Manhattan,Alphabet City,true,1.0,1.0,1.0
4,pickup,2024,2,3165,Manhattan,Alphabet City,true,1.0,1.0,1.0
4,pickup,2024,3,3666,Manhattan,Alphabet City,true,1.0,1.0,1.0
4,pickup,2024,4,3301,Manhattan,Alphabet City,true,1.0,1.0,1.0
4,pickup,2024,5,3276,Manhattan,Alphabet City,true,1.0,1.0,1.0
4,pickup,2024,6,3251,Manhattan,Alphabet City,true,1.0,1.0,1.0
5,dropoff,2023,2,65,Staten Island,Arden Heights,false,0.2977,0.3521,0.2977
5,dropoff,2023,3,60,Staten Island,Arden Heights,false,0.2977,0.3521,0.2977
5,dropoff,2023,4,57,Staten Island,Arden Heights,false,0.2977,0.3521,0.2977
5,dropoff,2023,5,62,Staten Island,Arden Heights,false,0.2977,0.3521,0.2977
5,dropoff,2023,6,55,Staten Island,Arden Heights,false,0.2977,0.3521,0.2977
5,dropoff,2024,2,9,Staten Island,Arden Heights,false,0.2977,0.3521,0.2977
5,dropoff,2024,3,14,Staten Island,Arden Heights,false,0.2977,0.3521,0.2977
5,dropoff,2024,4,16,Staten Island,Arden Heights,false,0.2977,0.3521,0.2977
5,dropoff,2024,5,17,Staten Island,Arden Heights,false,0.2977,0.3521,0.2977
5,dropoff,2024,6,15,Staten Island,Arden Heights,false,0.2977,0.3521,0.2977
5,pickup,2023,2,53,Staten Island,Arden Heights,false,0.3806,0.0,0.3806
5,pickup,2023,3,53,Staten Island,Arden Heights,false,0.3806,0.0,0.3806
5,pickup,2023,4,41,Staten Island,Arden Heights,false,0.3806,0.0,0.3806
5,pickup,2023,5,58,Staten Island,Arden Heights,false,0.3806,0.0,0.3806
5,pickup,2023,6,42,Staten Island,Arden Heights,false,0.3806,0.0,0.3806
5,pickup,2024,3,1,Staten Island,Arden Heights,false,0.3806,0.0,0.3806
5,pickup,2024,5,1,Staten Island,Arden Heights,false,0.3806,0.0,0.3806
6,dropoff,2023,2,68,Staten Island,Arrochar/Fort Wadsworth,false,0.1974,0.236,0.1974
6,dropoff,2023,3,103,Staten Island,Arrochar/Fort Wadsworth,false,0.1974,0.236,0.1974
6,dropoff,2023,4,96,Staten Island,Arrochar/Fort Wadsworth,false,0.1974,0.236,0.1974
6,dropoff,2023,5,105,Staten Island,Arrochar/Fort Wadsworth,false,0.1974,0.236,0.1974
6,dropoff,2023,6,84,Staten Island,Arrochar/Fort Wadsworth,false,0.1974,0.236,0.1974
6,dropoff,2024,2,56,Staten Island,Arrochar/Fort Wadsworth,false,0.1974,0.236,0.1974
6,dropoff,2024,3,74,Staten Island,Arrochar/Fort Wadsworth,false,0.1974,0.236,0.1974
6,dropoff,2024,4,97,Staten Island,Arrochar/Fort Wadsworth,false,0.1974,0.236,0.1974
6,dropoff,2024,5,93,Staten Island,Arrochar/Fort Wadsworth,false,0.1974,0.236,0.1974
6,dropoff,2024,6,91,Staten Island,Arrochar/Fort Wadsworth,false,0.1974,0.236,0.1974
6,pickup,2023,2,32,Staten Island,Arrochar/Fort Wadsworth,false,0.0088,0.0855,0.0088
6,pickup,2023,3,48,Staten Island,Arrochar/Fort Wadsworth,false,0.0088,0.0855,0.0088
6,pickup,2023,4,60,Staten Island,Arrochar/Fort Wadsworth,false,0.0088,0.0855,0.0088
6,pickup,2023,5,49,Staten Island,Arrochar/Fort Wadsworth,false,0.0088,0.0855,0.0088
6,pickup,2023,6,38,Staten Island,Arrochar/Fort Wadsworth,false,0.0088,0.0855,0.0088
6,pickup,2024,2,16,Staten Island,Arrochar/Fort Wadsworth,false,0.0088,0.0855,0.0088
6,pickup,2024,3,23,Staten Island,Arrochar/Fort Wadsworth,false,0.0088,0.0855,0.0088
6,pickup,2024,4,25,Staten Island,Arrochar/Fort Wadsworth,false,0.0088,0.0855,0.0088
6,pickup,2024,5,49,Staten Island,Arrochar/Fort Wadsworth,false,0.0088,0.0855,0.0088
6,pickup,2024,6,39,Staten Island,Arrochar/Fort Wadsworth,false,0.0088,0.0855,0.0088
7,dropoff,2023,2,8113,Queens,Astoria,false,0.4684,0.4365,0.4684
7,dropoff,2023,3,9572,Queens,Astoria,false,0.4684,0.4365,0.4684
7,dropoff,2023,4,9365,Queens,Astoria,false,0.4684,0.4365,0.4684
7,dropoff,2023,5,9408,Queens,Astoria,false,0.4684,0.4365,0.4684
7,dropoff,2023,6,9618,Queens,Astoria,false,0.4684,0.4365,0.4684
7,dropoff,2024,2,6772,Queens,Astoria,false,0.4684,0.4365,0.4684
7,dropoff,2024,3,7506,Queens,Astoria,false,0.4684,0.4365,0.4684
7,dropoff,2024,4,7405,Queens,Astoria,false,0.4684,0.4365,0.4684
7,dropoff,2024,5,7592,Queens,Astoria,false,0.4684,0.4365,0.4684
7,dropoff,2024,6,7043,Queens,Astoria,false,0.4684,0.4365,0.4684
7,pickup,2023,2,1226,Queens,Astoria,false,0.1529,0.1622,0.1529
7,pickup,2023,3,1505,Queens,Astoria,false,0.1529,0.1622,0.1529
7,pickup,2023,4,1438,Queens,Astoria,false,0.1529,0.1622,0.1529
7,pickup,2023,5,1579,Queens,Astoria,false,0.1529,0.1622,0.1529
7,pickup,2023,6,1472,Queens,Astoria,false,0.1529,0.1622,0.1529
7,pickup,2024,2,1112,Queens,Astoria,false,0.1529,0.1622,0.1529
7,pickup,2024,3,1409,Queens,Astoria,false,0.1529,0.1622,0.1529
7,pickup,2024,4,1335,Queens,Astoria,false,0.1529,0.1622,0.1529
7,pickup,2024,5,1442,Queens,Astoria,false,0.1529,0.1622,0.1529
7,pickup,2024,6,1331,Queens,Astoria,false,0.1529,0.1622,0.1529
8,dropoff,2023,2,29,Queens,Astoria Park,false,0.4172,0.2775,0.4172
8,dropoff,2023,3,47,Queens,Astoria Park,false,0.4172,0.2775,0.4172
8,dropoff,2023,4,76,Queens,Astoria Park,false,0.4172,0.2775,0.4172
8,dropoff,2023,5,61,Queens,Astoria Park,false,0.4172,0.2775,0.4172
8,dropoff,2023,6,77,Queens,Astoria Park,false,0.4172,0.2775,0.4172
8,dropoff,2024,2,28,Queens,Astoria Park,false,0.4172,0.2775,0.4172
8,dropoff,2024,3,40,Queens,Astoria Park,false,0.4172,0.2775,0.4172
8,dropoff,2024,4,46,Queens,Astoria Park,false,0.4172,0.2775,0.4172
8,dropoff,2024,5,40,Queens,Astoria Park,false,0.4172,0.2775,0.4172
8,dropoff,2024,6,55,Queens,Astoria Park,false,0.4172,0.2775,0.4172
8,pickup,2023,2,10,Queens,Astoria Park,false,0.1493,0.1167,0.1493
8,pickup,2023,3,15,Queens,Astoria Park,false,0.1493,0.1167,0.1493
8,pickup,2023,4,15,Queens,Astoria Park,false,0.1493,0.1167,0.1493
8,pickup,2023,5,13,Queens,Astoria Park,false,0.1493,0.1167,0.1493
8,pickup,2023,6,14,Queens,Astoria Park,false,0.1493,0.1167,0.1493
8,pickup,2024,2,2,Queens,Astoria Park,false,0.1493,0.1167,0.1493
8,pickup,2024,3,7,Queens,Astoria Park,false,0.1493,0.1167,0.1493
8,pickup,2024,4,13,Queens,Astoria Park,false,0.1493,0.1167,0.1493
8,pickup,2024,5,19,Queens,Astoria Park,false,0.1493,0.1167,0.1493
8,pickup,2024,6,19,Queens,Astoria Park,false,0.1493,0.1167,0.1493
9,dropoff,2023,2,259,Queens,Auburndale,false,0.1152,0.1139,0.1152
9,dropoff,2023,3,298,Queens,Auburndale,false,0.1152,0.1139,0.1152
9,dropoff,2023,4,315,Queens,Auburndale,false,0.1152,0.1139,0.1152
9,dropoff,2023,5,378,Queens,Auburndale,false,0.1152,0.1139,0.1152
9,dropoff,2023,6,469,Queens,Auburndale,false,0.1152,0.1139,0.1152
9,dropoff,2024,2,236,Queens,Auburndale,false,0.1152,0.1139,0.1152
9,dropoff,2024,3,282,Queens,Auburndale,false,0.1152,0.1139,0.1152
9,dropoff,2024,4,291,Queens,Auburndale,false,0.1152,0.1139,0.1152
9,dropoff,2024,5,350,Queens,Auburndale,false,0.1152,0.1139,0.1152
9,dropoff,2024,6,333,Queens,Auburndale,false,0.1152,0.1139,0.1152
9,pickup,2023,2,35,Queens,Auburndale,false,0.0617,0.1357,0.0617
9,pickup,2023,3,50,Queens,Auburndale,false,0.0617,0.1357,0.0617
9,pickup,2023,4,42,Queens,Auburndale,false,0.0617,0.1357,0.0617
9,pickup,2023,5,57,Queens,Auburndale,false,0.0617,0.1357,0.0617
9,pickup,2023,6,43,Queens,Auburndale,false,0.0617,0.1357,0.0617
9,pickup,2024,2,53,Queens,Auburndale,false,0.0617,0.1357,0.0617
9,pickup,2024,3,41,Queens,Auburndale,false,0.0617,0.1357,0.0617
9,pickup,2024,4,61,Queens,Auburndale,false,0.0617,0.1357,0.0617
9,pickup,2024,5,60,Queens,Auburndale,false,0.0617,0.1357,0.0617
9,pickup,2024,6,43,Queens,Auburndale,false,0.0617,0.1357,0.0617
10,dropoff,2023,2,2429,Queens,Baisley Park,false,0.0561,0.056,0.0561
10,dropoff,2023,3,3340,Queens,Baisley Park,false,0.0561,0.056,0.0561
10,dropoff,2023,4,3047,Queens,Baisley Park,false,0.0561,0.056,0.0561
10,dropoff,2023,5,3297,Queens,Baisley Park,false,0.0561,0.056,0.0561
10,dropoff,2023,6,3277,Queens,Baisley Park,false,0.0561,0.056,0.0561
10,dropoff,2024,2,2200,Queens,Baisley Park,false,0.0561,0.056,0.0561
10,dropoff,2024,3,2842,Queens,Baisley Park,false,0.0561,0.056,0.0561
10,dropoff,2024,4,2748,Queens,Baisley Park,false,0.0561,0.056,0.0561
10,dropoff,2024,5,3104,Queens,Baisley Park,false,0.0561,0.056,0.0561
10,dropoff,2024,6,3043,Queens,Baisley Park,false,0.0561,0.056,0.0561
10,pickup,2023,2,689,Queens,Baisley Park,false,0.4605,0.4101,0.4605
10,pickup,2023,3,1058,Queens,Baisley Park,false,0.4605,0.4101,0.4605
10,pickup,2023,4,906,Queens,Baisley Park,false,0.4605,0.4101,0.4605
10,pickup,2023,5,1021,Queens,Baisley Park,false,0.4605,0.4101,0.4605
10,pickup,2023,6,1021,Queens,Baisley Park,false,0.4605,0.4101,0.4605
10,pickup,2024,2,913,Queens,Baisley Park,false,0.4605,0.4101,0.4605
10,pickup,2024,3,1144,Queens,Baisley Park,false,0.4605,0.4101,0.4605
10,pickup,2024,4,1184,Queens,Baisley Park,false,0.4605,0.4101,0.4605
10,pickup,2024,5,1145,Queens,Baisley Park,false,0.4605,0.4101,0.4605
10,pickup,2024,6,1115,Queens,Baisley Park,false,0.4605,0.4101,0.4605
11,dropoff,2023,2,178,Brooklyn,Bath Beach,false,0.2793,0.2444,0.2793
11,dropoff,2023,3,224,Brooklyn,Bath Beach,false,0.2793,0.2444,0.2793
11,dropoff,2023,4,205,Brooklyn,Bath Beach,false,0.2793,0.2444,0.2793
11,dropoff,2023,5,231,Brooklyn,Bath Beach,false,0.2793,0.2444,0.2793
11,dropoff,2023,6,236,Brooklyn,Bath Beach,false,0.2793,0.2444,0.2793
11,dropoff,2024,2,173,Brooklyn,Bath Beach,false,0.2793,0.2444,0.2793
11,dropoff,2024,3,213,Brooklyn,Bath Beach,false,0.2793,0.2444,0.2793
11,dropoff,2024,4,211,Brooklyn,Bath Beach,false,0.2793,0.2444,0.2793
11,dropoff,2024,5,230,Brooklyn,Bath Beach,false,0.2793,0.2444,0.2793
11,dropoff,2024,6,204,Brooklyn,Bath Beach,false,0.2793,0.2444,0.2793
11,pickup,2023,2,37,Brooklyn,Bath Beach,false,0.1368,0.1787,0.1368
11,pickup,2023,3,47,Brooklyn,Bath Beach,false,0.1368,0.1787,0.1368
11,pickup,2023,4,58,Brooklyn,Bath Beach,false,0.1368,0.1787,0.1368
11,pickup,2023,5,47,Brooklyn,Bath Beach,false,0.1368,0.1787,0.1368
11,pickup,2023,6,45,Brooklyn,Bath Beach,false,0.1368,0.1787,0.1368
11,pickup,2024,2,59,Brooklyn,Bath Beach,false,0.1368,0.1787,0.1368
11,pickup,2024,3,79,Brooklyn,Bath Beach,false,0.1368,0.1787,0.1368
11,pickup,2024,4,73,Brooklyn,Bath Beach,false,0.1368,0.1787,0.1368
11,pickup,2024,5,93,Brooklyn,Bath Beach,false,0.1368,0.1787,0.1368
11,pickup,2024,6,71,Brooklyn,Bath Beach,false,0.1368,0.1787,0.1368
12,dropoff,2023,2,1085,Manhattan,Battery Park,true,1.0,1.0,1.0
12,dropoff,2023,3,1381,Manhattan,Battery Park,true,1.0,1.0,1.0
12,dropoff,2023,4,1747,Manhattan,Battery Park,true,1.0,1.0,1.0
12,dropoff,2023,5,1668,Manhattan,Battery Park,true,1.0,1.0,1.0
12,dropoff,2023,6,1891,Manhattan,Battery Park,true,1.0,1.0,1.0
12,dropoff,2024,2,1239,Manhattan,Battery Park,true,1.0,1.0,1.0
12,dropoff,2024,3,1936,Manhattan,Battery Park,true,1.0,1.0,1.0
12,dropoff,2024,4,1773,Manhattan,Battery Park,true,1.0,1.0,1.0
12,dropoff,2024,5,1850,Manhattan,Battery Park,true,1.0,1.0,1.0
12,dropoff,2024,6,2180,Manhattan,Battery Park,true,1.0,1.0,1.0
12,pickup,2023,2,825,Manhattan,Battery Park,true,1.0,1.0,1.0
12,pickup,2023,3,1185,Manhattan,Battery Park,true,1.0,1.0,1.0
12,pickup,2023,4,1526,Manhattan,Battery Park,true,1.0,1.0,1.0
12,pickup,2023,5,1480,Manhattan,Battery Park,true,1.0,1.0,1.0
12,pickup,2023,6,1482,Manhattan,Battery Park,true,1.0,1.0,1.0
12,pickup,2024,2,789,Manhattan,Battery Park,true,1.0,1.0,1.0
12,pickup,2024,3,1099,Manhattan,Battery Park,true,1.0,1.0,1.0
12,pickup,2024,4,1215,Manhattan,Battery Park,true,1.0,1.0,1.0
12,pickup,2024,5,1305,Manhattan,Battery Park,true,1.0,1.0,1.0
12,pickup,2024,6,1465,Manhattan,Battery Park,true,1.0,1.0,1.0
13,dropoff,2023,2,19356,Manhattan,Battery Park City,true,1.0,1.0,1.0
13,dropoff,2023,3,23282,Manhattan,Battery Park City,true,1.0,1.0,1.0
13,dropoff,2023,4,23458,Manhattan,Battery Park City,true,1.0,1.0,1.0
13,dropoff,2023,5,25409,Manhattan,Battery Park City,true,1.0,1.0,1.0
13,dropoff,2023,6,24223,Manhattan,Battery Park City,true,1.0,1.0,1.0
13,dropoff,2024,2,18746,Manhattan,Battery Park City,true,1.0,1.0,1.0
13,dropoff,2024,3,22129,Manhattan,Battery Park City,true,1.0,1.0,1.0
13,dropoff,2024,4,22424,Manhattan,Battery Park City,true,1.0,1.0,1.0
13,dropoff,2024,5,23351,Manhattan,Battery Park City,true,1.0,1.0,1.0
13,dropoff,2024,6,23102,Manhattan,Battery Park City,true,1.0,1.0,1.0
13,pickup,2023,2,14436,Manhattan,Battery Park City,true,1.0,1.0,1.0
13,pickup,2023,3,17712,Manhattan,Battery Park City,true,1.0,1.0,1.0
13,pickup,2023,4,17213,Manhattan,Battery Park City,true,1.0,1.0,1.0
13,pickup,2023,5,20062,Manhattan,Battery Park City,true,1.0,1.0,1.0
13,pickup,2023,6,19152,Manhattan,Battery Park City,true,1.0,1.0,1.0
13,pickup,2024,2,15278,Manhattan,Battery Park City,true,1.0,1.0,1.0
13,pickup,2024,3,17183,Manhattan,Battery Park City,true,1.0,1.0,1.0
13,pickup,2024,4,17545,Manhattan,Battery Park City,true,1.0,1.0,1.0
13,pickup,2024,5,18932,Manhattan,Battery Park City,true,1.0,1.0,1.0
13,pickup,2024,6,19030,Manhattan,Battery Park City,true,1.0,1.0,1.0
14,dropoff,2023,2,1822,Brooklyn,Bay Ridge,false,0.464,0.4218,0.464
14,dropoff,2023,3,2137,Brooklyn,Bay Ridge,false,0.464,0.4218,0.464
14,dropoff,2023,4,2030,Brooklyn,Bay Ridge,false,0.464,0.4218,0.464
14,dropoff,2023,5,2187,Brooklyn,Bay Ridge,false,0.464,0.4218,0.464
14,dropoff,2023,6,2150,Brooklyn,Bay Ridge,false,0.464,0.4218,0.464
14,dropoff,2024,2,1641,Brooklyn,Bay Ridge,false,0.464,0.4218,0.464
14,dropoff,2024,3,1917,Brooklyn,Bay Ridge,false,0.464,0.4218,0.464
14,dropoff,2024,4,2133,Brooklyn,Bay Ridge,false,0.464,0.4218,0.464
14,dropoff,2024,5,2062,Brooklyn,Bay Ridge,false,0.464,0.4218,0.464
14,dropoff,2024,6,1915,Brooklyn,Bay Ridge,false,0.464,0.4218,0.464
14,pickup,2023,2,218,Brooklyn,Bay Ridge,false,0.1344,0.1862,0.1344
14,pickup,2023,3,241,Brooklyn,Bay Ridge,false,0.1344,0.1862,0.1344
14,pickup,2023,4,190,Brooklyn,Bay Ridge,false,0.1344,0.1862,0.1344
14,pickup,2023,5,222,Brooklyn,Bay Ridge,false,0.1344,0.1862,0.1344
14,pickup,2023,6,163,Brooklyn,Bay Ridge,false,0.1344,0.1862,0.1344
14,pickup,2024,2,335,Brooklyn,Bay Ridge,false,0.1344,0.1862,0.1344
14,pickup,2024,3,412,Brooklyn,Bay Ridge,false,0.1344,0.1862,0.1344
14,pickup,2024,4,405,Brooklyn,Bay Ridge,false,0.1344,0.1862,0.1344
14,pickup,2024,5,407,Brooklyn,Bay Ridge,false,0.1344,0.1862,0.1344
14,pickup,2024,6,364,Brooklyn,Bay Ridge,false,0.1344,0.1862,0.1344
15,dropoff,2023,2,320,Queens,Bay Terrace/Fort Totten,false,0.0894,0.1011,0.0894
15,dropoff,2023,3,403,Queens,Bay Terrace/Fort Totten,false,0.0894,0.1011,0.0894
15,dropoff,2023,4,447,Queens,Bay Terrace/Fort Totten,false,0.0894,0.1011,0.0894
15,dropoff,2023,5,443,Queens,Bay Terrace/Fort Totten,false,0.0894,0.1011,0.0894
15,dropoff,2023,6,345,Queens,Bay Terrace/Fort Totten,false,0.0894,0.1011,0.0894
15,dropoff,2024,2,360,Queens,Bay Terrace/Fort Totten,false,0.0894,0.1011,0.0894
15,dropoff,2024,3,371,Queens,Bay Terrace/Fort Totten,false,0.0894,0.1011,0.0894
15,dropoff,2024,4,396,Queens,Bay Terrace/Fort Totten,false,0.0894,0.1011,0.0894
15,dropoff,2024,5,383,Queens,Bay Terrace/Fort Totten,false,0.0894,0.1011,0.0894
15,dropoff,2024,6,330,Queens,Bay Terrace/Fort Totten,false,0.0894,0.1011,0.0894
15,pickup,2023,2,26,Queens,Bay Terrace/Fort Totten,false,0.1593,0.2967,0.1593
15,pickup,2023,3,42,Queens,Bay Terrace/Fort Totten,false,0.1593,0.2967,0.1593
15,pickup,2023,4,46,Queens,Bay Terrace/Fort Totten,false,0.1593,0.2967,0.1593
15,pickup,2023,5,38,Queens,Bay Terrace/Fort Totten,false,0.1593,0.2967,0.1593
15,pickup,2023,6,30,Queens,Bay Terrace/Fort Totten,false,0.1593,0.2967,0.1593
15,pickup,2024,2,47,Queens,Bay Terrace/Fort Totten,false,0.1593,0.2967,0.1593
15,pickup,2024,3,42,Queens,Bay Terrace/Fort Totten,false,0.1593,0.2967,0.1593
15,pickup,2024,4,42,Queens,Bay Terrace/Fort Totten,false,0.1593,0.2967,0.1593
15,pickup,2024,5,35,Queens,Bay Terrace/Fort Totten,false,0.1593,0.2967,0.1593
15,pickup,2024,6,16,Queens,Bay Terrace/Fort Totten,false,0.1593,0.2967,0.1593
16,dropoff,2023,2,461,Queens,Bayside,false,0.128,0.1063,0.128
16,dropoff,2023,3,576,Queens,Bayside,false,0.128,0.1063,0.128
16,dropoff,2023,4,593,Queens,Bayside,false,0.128,0.1063,0.128
16,dropoff,2023,5,646,Queens,Bayside,false,0.128,0.1063,0.128
16,dropoff,2023,6,606,Queens,Bayside,false,0.128,0.1063,0.128
16,dropoff,2024,2,428,Queens,Bayside,false,0.128,0.1063,0.128
16,dropoff,2024,3,478,Queens,Bayside,false,0.128,0.1063,0.128
16,dropoff,2024,4,558,Queens,Bayside,false,0.128,0.1063,0.128
16,dropoff,2024,5,581,Queens,Bayside,false,0.128,0.1063,0.128
16,dropoff,2024,6,495,Queens,Bayside,false,0.128,0.1063,0.128
16,pickup,2023,2,41,Queens,Bayside,false,0.0672,0.0839,0.0672
16,pickup,2023,3,51,Queens,Bayside,false,0.0672,0.0839,0.0672
16,pickup,2023,4,54,Queens,Bayside,false,0.0672,0.0839,0.0672
16,pickup,2023,5,49,Queens,Bayside,false,0.0672,0.0839,0.0672
16,pickup,2023,6,43,Queens,Bayside,false,0.0672,0.0839,0.0672
16,pickup,2024,2,29,Queens,Bayside,false,0.0672,0.0839,0.0672
16,pickup,2024,3,64,Queens,Bayside,false,0.0672,0.0839,0.0672
16,pickup,2024,4,71,Queens,Bayside,false,0.0672,0.0839,0.0672
16,pickup,2024,5,68,Queens,Bayside,false,0.0672,0.0839,0.0672
16,pickup,2024,6,42,Queens,Bayside,false,0.0672,0.0839,0.0672
17,dropoff,2023,2,3062,Brooklyn,Bedford,false,0.4504,0.4163,0.4504
17,dropoff,2023,3,3440,Brooklyn,Bedford,false,0.4504,0.4163,0.4504
17,dropoff,2023,4,3508,Brooklyn,Bedford,false,0.4504,0.4163,0.4504
17,dropoff,2023,5,3860,Brooklyn,Bedford,false,0.4504,0.4163,0.4504
17,dropoff,2023,6,3580,Brooklyn,Bedford,false,0.4504,0.4163,0.4504
17,dropoff,2024,2,2848,Brooklyn,Bedford,false,0.4504,0.4163,0.4504
17,dropoff,2024,3,3076,Brooklyn,Bedford,false,0.4504,0.4163,0.4504
17,dropoff,2024,4,3009,Brooklyn,Bedford,false,0.4504,0.4163,0.4504
17,dropoff,2024,5,3439,Brooklyn,Bedford,false,0.4504,0.4163,0.4504
17,dropoff,2024,6,3250,Brooklyn,Bedford,false,0.4504,0.4163,0.4504
17,pickup,2023,2,215,Brooklyn,Bedford,false,0.0871,0.1439,0.0871
17,pickup,2023,3,268,Brooklyn,Bedford,false,0.0871,0.1439,0.0871
17,pickup,2023,4,289,Brooklyn,Bedford,false,0.0871,0.1439,0.0871
17,pickup,2023,5,284,Brooklyn,Bedford,false,0.0871,0.1439,0.0871
17,pickup,2023,6,264,Brooklyn,Bedford,false,0.0871,0.1439,0.0871
17,pickup,2024,2,440,Brooklyn,Bedford,false,0.0871,0.1439,0.0871
17,pickup,2024,3,505,Brooklyn,Bedford,false,0.0871,0.1439,0.0871
17,pickup,2024,4,558,Brooklyn,Bedford,false,0.0871,0.1439,0.0871
17,pickup,2024,5,551,Brooklyn,Bedford,false,0.0871,0.1439,0.0871
17,pickup,2024,6,532,Brooklyn,Bedford,false,0.0871,0.1439,0.0871
18,dropoff,2023,2,323,Bronx,Bedford Park,false,0.2623,0.2887,0.2623
18,dropoff,2023,3,448,Bronx,Bedford Park,false,0.2623,0.2887,0.2623
18,dropoff,2023,4,401,Bronx,Bedford Park,false,0.2623,0.2887,0.2623
18,dropoff,2023,5,422,Bronx,Bedford Park,false,0.2623,0.2887,0.2623
18,dropoff,2023,6,453,Bronx,Bedford Park,false,0.2623,0.2887,0.2623
18,dropoff,2024,2,330,Bronx,Bedford Park,false,0.2623,0.2887,0.2623
18,dropoff,2024,3,370,Bronx,Bedford Park,false,0.2623,0.2887,0.2623
18,dropoff,2024,4,388,Bronx,Bedford Park,false,0.2623,0.2887,0.2623
18,dropoff,2024,5,415,Bronx,Bedford Park,false,0.2623,0.2887,0.2623
18,dropoff,2024,6,409,Bronx,Bedford Park,false,0.2623,0.2887,0.2623
18,pickup,2023,2,94,Bronx,Bedford Park,false,0.1825,0.2857,0.1825
18,pickup,2023,3,108,Bronx,Bedford Park,false,0.1825,0.2857,0.1825
18,pickup,2023,4,101,Bronx,Bedford Park,false,0.1825,0.2857,0.1825
18,pickup,2023,5,118,Bronx,Bedford Park,false,0.1825,0.2857,0.1825
18,pickup,2023,6,116,Bronx,Bedford Park,false,0.1825,0.2857,0.1825
18,pickup,2024,2,118,Bronx,Bedford Park,false,0.1825,0.2857,0.1825
18,pickup,2024,3,140,Bronx,Bedford Park,false,0.1825,0.2857,0.1825
18,pickup,2024,4,130,Bronx,Bedford Park,false,0.1825,0.2857,0.1825
18,pickup,2024,5,152,Bronx,Bedford Park,false,0.1825,0.2857,0.1825
18,pickup,2024,6,139,Bronx,Bedford Park,false,0.1825,0.2857,0.1825
19,dropoff,2023,2,283,Queens,Bellerose,false,0.061,0.0602,0.061
19,dropoff,2023,3,376,Queens,Bellerose,false,0.061,0.0602,0.061
19,dropoff,2023,4,332,Queens,Bellerose,false,0.061,0.0602,0.061
19,dropoff,2023,5,338,Queens,Bellerose,false,0.061,0.0602,0.061
19,dropoff,2023,6,311,Queens,Bellerose,false,0.061,0.0602,0.061
19,dropoff,2024,2,412,Queens,Bellerose,false,0.061,0.0602,0.061
19,dropoff,2024,3,371,Queens,Bellerose,false,0.061,0.0602,0.061
19,dropoff,2024,4,438,Queens,Bellerose,false,0.061,0.0602,0.061
19,dropoff,2024,5,464,Queens,Bellerose,false,0.061,0.0602,0.061
19,dropoff,2024,6,425,Queens,Bellerose,false,0.061,0.0602,0.061
19,pickup,2023,2,45,Queens,Bellerose,false,0.0619,0.0911,0.0619
19,pickup,2023,3,75,Queens,Bellerose,false,0.0619,0.0911,0.0619
19,pickup,2023,4,72,Queens,Bellerose,false,0.0619,0.0911,0.0619
19,pickup,2023,5,80,Queens,Bellerose,false,0.0619,0.0911,0.0619
19,pickup,2023,6,67,Queens,Bellerose,false,0.0619,0.0911,0.0619
19,pickup,2024,2,102,Queens,Bellerose,false,0.0619,0.0911,0.0619
19,pickup,2024,3,105,Queens,Bellerose,false,0.0619,0.0911,0.0619
19,pickup,2024,4,100,Queens,Bellerose,false,0.0619,0.0911,0.0619
19,pickup,2024,5,98,Queens,Bellerose,false,0.0619,0.0911,0.0619
19,pickup,2024,6,89,Queens,Bellerose,false,0.0619,0.0911,0.0619
20,dropoff,2023,2,250,Bronx,Belmont,false,0.2967,0.2898,0.2967
20,dropoff,2023,3,366,Bronx,Belmont,false,0.2967,0.2898,0.2967
20,dropoff,2023,4,339,Bronx,Belmont,false,0.2967,0.2898,0.2967
20,dropoff,2023,5,360,Bronx,Belmont,false,0.2967,0.2898,0.2967
20,dropoff,2023,6,249,Bronx,Belmont,false,0.2967,0.2898,0.2967
20,dropoff,2024,2,292,Bronx,Belmont,false,0.2967,0.2898,0.2967
20,dropoff,2024,3,333,Bronx,Belmont,false,0.2967,0.2898,0.2967
20,dropoff,2024,4,412,Bronx,Belmont,false,0.2967,0.2898,0.2967
20,dropoff,2024,5,340,Bronx,Belmont,false,0.2967,0.2898,0.2967
20,dropoff,2024,6,307,Bronx,Belmont,false,0.2967,0.2898,0.2967
20,pickup,2023,2,22,Bronx,Belmont,false,0.141,0.2086,0.141
20,pickup,2023,3,51,Bronx,Belmont,false,0.141,0.2086,0.141
20,pickup,2023,4,49,Bronx,Belmont,false,0.141,0.2086,0.141
20,pickup,2023,5,58,Bronx,Belmont,false,0.141,0.2086,0.141
20,pickup,2023,6,47,Bronx,Belmont,false,0.141,0.2086,0.141
20,pickup,2024,2,95,Bronx,Belmont,false,0.141,0.2086,0.141
20,pickup,2024,3,123,Bronx,Belmont,false,0.141,0.2086,0.141
20,pickup,2024,4,118,Bronx,Belmont,false,0.141,0.2086,0.141
20,pickup,2024,5,130,Bronx,Belmont,false,0.141,0.2086,0.141
20,pickup,2024,6,114,Bronx,Belmont,false,0.141,0.2086,0.141
21,dropoff,2023,2,287,Brooklyn,Bensonhurst East,false,0.2922,0.2243,0.2922
21,dropoff,2023,3,345,Brooklyn,Bensonhurst East,false,0.2922,0.2243,0.2922
21,dropoff,2023,4,357,Brooklyn,Bensonhurst East,false,0.2922,0.2243,0.2922
21,dropoff,2023,5,404,Brooklyn,Bensonhurst East,false,0.2922,0.2243,0.2922
21,dropoff,2023,6,349,Brooklyn,Bensonhurst East,false,0.2922,0.2243,0.2922
21,dropoff,2024,2,304,Brooklyn,Bensonhurst East,false,0.2922,0.2243,0.2922
21,dropoff,2024,3,351,Brooklyn,Bensonhurst East,false,0.2922,0.2243,0.2922
21,dropoff,2024,4,378,Brooklyn,Bensonhurst East,false,0.2922,0.2243,0.2922
21,dropoff,2024,5,378,Brooklyn,Bensonhurst East,false,0.2922,0.2243,0.2922
21,dropoff,2024,6,332,Brooklyn,Bensonhurst East,false,0.2922,0.2243,0.2922
21,pickup,2023,2,66,Brooklyn,Bensonhurst East,false,0.2049,0.1936,0.2049
21,pickup,2023,3,88,Brooklyn,Bensonhurst East,false,0.2049,0.1936,0.2049
21,pickup,2023,4,102,Brooklyn,Bensonhurst East,false,0.2049,0.1936,0.2049
21,pickup,2023,5,98,Brooklyn,Bensonhurst East,false,0.2049,0.1936,0.2049
21,pickup,2023,6,56,Brooklyn,Bensonhurst East,false,0.2049,0.1936,0.2049
21,pickup,2024,2,116,Brooklyn,Bensonhurst East,false,0.2049,0.1936,0.2049
21,pickup,2024,3,129,Brooklyn,Bensonhurst East,false,0.2049,0.1936,0.2049
21,pickup,2024,4,152,Brooklyn,Bensonhurst East,false,0.2049,0.1936,0.2049
21,pickup,2024,5,131,Brooklyn,Bensonhurst East,false,0.2049,0.1936,0.2049
21,pickup,2024,6,128,Brooklyn,Bensonhurst East,false,0.2049,0.1936,0.2049
22,dropoff,2023,2,433,Brooklyn,Bensonhurst West,false,0.365,0.3175,0.365
22,dropoff,2023,3,523,Brooklyn,Bensonhurst West,false,0.365,0.3175,0.365
22,dropoff,2023,4,473,Brooklyn,Bensonhurst West,false,0.365,0.3175,0.365
22,dropoff,2023,5,490,Brooklyn,Bensonhurst West,false,0.365,0.3175,0.365
22,dropoff,2023,6,492,Brooklyn,Bensonhurst West,false,0.365,0.3175,0.365
22,dropoff,2024,2,371,Brooklyn,Bensonhurst West,false,0.365,0.3175,0.365
22,dropoff,2024,3,455,Brooklyn,Bensonhurst West,false,0.365,0.3175,0.365
22,dropoff,2024,4,505,Brooklyn,Bensonhurst West,false,0.365,0.3175,0.365
22,dropoff,2024,5,539,Brooklyn,Bensonhurst West,false,0.365,0.3175,0.365
22,dropoff,2024,6,483,Brooklyn,Bensonhurst West,false,0.365,0.3175,0.365
22,pickup,2023,2,89,Brooklyn,Bensonhurst West,false,0.2597,0.2871,0.2597
22,pickup,2023,3,115,Brooklyn,Bensonhurst West,false,0.2597,0.2871,0.2597
22,pickup,2023,4,72,Brooklyn,Bensonhurst West,false,0.2597,0.2871,0.2597
22,pickup,2023,5,72,Brooklyn,Bensonhurst West,false,0.2597,0.2871,0.2597
22,pickup,2023,6,91,Brooklyn,Bensonhurst West,false,0.2597,0.2871,0.2597
22,pickup,2024,2,158,Brooklyn,Bensonhurst West,false,0.2597,0.2871,0.2597
22,pickup,2024,3,190,Brooklyn,Bensonhurst West,false,0.2597,0.2871,0.2597
22,pickup,2024,4,214,Brooklyn,Bensonhurst West,false,0.2597,0.2871,0.2597
22,pickup,2024,5,195,Brooklyn,Bensonhurst West,false,0.2597,0.2871,0.2597
22,pickup,2024,6,201,Brooklyn,Bensonhurst West,false,0.2597,0.2871,0.2597
23,dropoff,2023,2,139,Staten Island,Bloomfield/Emerson Hill,false,0.1758,0.3364,0.1758
23,dropoff,2023,3,161,Staten Island,Bloomfield/Emerson Hill,false,0.1758,0.3364,0.1758
23,dropoff,2023,4,159,Staten Island,Bloomfield/Emerson Hill,false,0.1758,0.3364,0.1758
23,dropoff,2023,5,169,Staten Island,Bloomfield/Emerson Hill,false,0.1758,0.3364,0.1758
23,dropoff,2023,6,225,Staten Island,Bloomfield/Emerson Hill,false,0.1758,0.3364,0.1758
23,dropoff,2024,2,43,Staten Island,Bloomfield/Emerson Hill,false,0.1758,0.3364,0.1758
23,dropoff,2024,3,65,Staten Island,Bloomfield/Emerson Hill,false,0.1758,0.3364,0.1758
23,dropoff,2024,4,69,Staten Island,Bloomfield/Emerson Hill,false,0.1758,0.3364,0.1758
23,dropoff,2024,5,83,Staten Island,Bloomfield/Emerson Hill,false,0.1758,0.3364,0.1758
23,dropoff,2024,6,64,Staten Island,Bloomfield/Emerson Hill,false,0.1758,0.3364,0.1758
23,pickup,2023,2,81,Staten Island,Bloomfield/Emerson Hill,false,0.0918,0.36,0.0918
23,pickup,2023,3,69,Staten Island,Bloomfield/Emerson Hill,false,0.0918,0.36,0.0918
23,pickup,2023,4,69,Staten Island,Bloomfield/Emerson Hill,false,0.0918,0.36,0.0918
23,pickup,2023,5,86,Staten Island,Bloomfield/Emerson Hill,false,0.0918,0.36,0.0918
23,pickup,2023,6,120,Staten Island,Bloomfield/Emerson Hill,false,0.0918,0.36,0.0918
23,pickup,2024,2,4,Staten Island,Bloomfield/Emerson Hill,false,0.0918,0.36,0.0918
23,pickup,2024,3,4,Staten Island,Bloomfield/Emerson Hill,false,0.0918,0.36,0.0918
23,pickup,2024,4,5,Staten Island,Bloomfield/Emerson Hill,false,0.0918,0.36,0.0918
23,pickup,2024,5,5,Staten Island,Bloomfield/Emerson Hill,false,0.0918,0.36,0.0918
23,pickup,2024,6,7,Staten Island,Bloomfield/Emerson Hill,false,0.0918,0.36,0.0918
24,dropoff,2023,2,9924,Manhattan,Bloomingdale,false,0.289,0.268,0.289
24,dropoff,2023,3,11196,Manhattan,Bloomingdale,false,0.289,0.268,0.289
24,dropoff,2023,4,10798,Manhattan,Bloomingdale,false,0.289,0.268,0.289
24,dropoff,2023,5,11735,Manhattan,Bloomingdale,false,0.289,0.268,0.289
24,dropoff,2023,6,10269,Manhattan,Bloomingdale,false,0.289,0.268,0.289
24,dropoff,2024,2,8709,Manhattan,Bloomingdale,false,0.289,0.268,0.289
24,dropoff,2024,3,10237,Manhattan,Bloomingdale,false,0.289,0.268,0.289
24,dropoff,2024,4,9891,Manhattan,Bloomingdale,false,0.289,0.268,0.289
24,dropoff,2024,5,10615,Manhattan,Bloomingdale,false,0.289,0.268,0.289
24,dropoff,2024,6,9629,Manhattan,Bloomingdale,false,0.289,0.268,0.289
24,pickup,2023,2,7295,Manhattan,Bloomingdale,false,0.1862,0.1771,0.1862
24,pickup,2023,3,8319,Manhattan,Bloomingdale,false,0.1862,0.1771,0.1862
24,pickup,2023,4,8188,Manhattan,Bloomingdale,false,0.1862,0.1771,0.1862
24,pickup,2023,5,8772,Manhattan,Bloomingdale,false,0.1862,0.1771,0.1862
24,pickup,2023,6,7835,Manhattan,Bloomingdale,false,0.1862,0.1771,0.1862
24,pickup,2024,2,6824,Manhattan,Bloomingdale,false,0.1862,0.1771,0.1862
24,pickup,2024,3,7322,Manhattan,Bloomingdale,false,0.1862,0.1771,0.1862
24,pickup,2024,4,8178,Manhattan,Bloomingdale,false,0.1862,0.1771,0.1862
24,pickup,2024,5,8005,Manhattan,Bloomingdale,false,0.1862,0.1771,0.1862
24,pickup,2024,6,7135,Manhattan,Bloomingdale,false,0.1862,0.1771,0.1862
25,dropoff,2023,2,4475,Brooklyn,Boerum Hill,false,0.4845,0.4804,0.4845
25,dropoff,2023,3,5303,Brooklyn,Boerum Hill,false,0.4845,0.4804,0.4845
25,dropoff,2023,4,5165,Brooklyn,Boerum Hill,false,0.4845,0.4804,0.4845
25,dropoff,2023,5,5722,Brooklyn,Boerum Hill,false,0.4845,0.4804,0.4845
25,dropoff,2023,6,5547,Brooklyn,Boerum Hill,false,0.4845,0.4804,0.4845
25,dropoff,2024,2,4464,Brooklyn,Boerum Hill,false,0.4845,0.4804,0.4845
25,dropoff,2024,3,5191,Brooklyn,Boerum Hill,false,0.4845,0.4804,0.4845
25,dropoff,2024,4,5155,Brooklyn,Boerum Hill,false,0.4845,0.4804,0.4845
25,dropoff,2024,5,5540,Brooklyn,Boerum Hill,false,0.4845,0.4804,0.4845
25,dropoff,2024,6,5223,Brooklyn,Boerum Hill,false,0.4845,0.4804,0.4845
25,pickup,2023,2,772,Brooklyn,Boerum Hill,false,0.2036,0.1856,0.2036
25,pickup,2023,3,1031,Brooklyn,Boerum Hill,false,0.2036,0.1856,0.2036
25,pickup,2023,4,1130,Brooklyn,Boerum Hill,false,0.2036,0.1856,0.2036
25,pickup,2023,5,1280,Brooklyn,Boerum Hill,false,0.2036,0.1856,0.2036
25,pickup,2023,6,1131,Brooklyn,Boerum Hill,false,0.2036,0.1856,0.2036
25,pickup,2024,2,930,Brooklyn,Boerum Hill,false,0.2036,0.1856,0.2036
25,pickup,2024,3,1115,Brooklyn,Boerum Hill,false,0.2036,0.1856,0.2036
25,pickup,2024,4,1029,Brooklyn,Boerum Hill,false,0.2036,0.1856,0.2036
25,pickup,2024,5,1142,Brooklyn,Boerum Hill,false,0.2036,0.1856,0.2036
25,pickup,2024,6,1193,Brooklyn,Boerum Hill,false,0.2036,0.1856,0.2036
26,dropoff,2023,2,905,Brooklyn,Borough Park,false,0.2434,0.2089,0.2434
26,dropoff,2023,3,903,Brooklyn,Borough Park,false,0.2434,0.2089,0.2434
26,dropoff,2023,4,738,Brooklyn,Borough Park,false,0.2434,0.2089,0.2434
26,dropoff,2023,5,896,Brooklyn,Borough Park,false,0.2434,0.2089,0.2434
26,dropoff,2023,6,855,Brooklyn,Borough Park,false,0.2434,0.2089,0.2434
26,dropoff,2024,2,889,Brooklyn,Borough Park,false,0.2434,0.2089,0.2434
26,dropoff,2024,3,940,Brooklyn,Borough Park,false,0.2434,0.2089,0.2434
26,dropoff,2024,4,767,Brooklyn,Borough Park,false,0.2434,0.2089,0.2434
26,dropoff,2024,5,998,Brooklyn,Borough Park,false,0.2434,0.2089,0.2434
26,dropoff,2024,6,857,Brooklyn,Borough Park,false,0.2434,0.2089,0.2434
26,pickup,2023,2,85,Brooklyn,Borough Park,false,0.1502,0.1865,0.1502
26,pickup,2023,3,113,Brooklyn,Borough Park,false,0.1502,0.1865,0.1502
26,pickup,2023,4,75,Brooklyn,Borough Park,false,0.1502,0.1865,0.1502
26,pickup,2023,5,87,Brooklyn,Borough Park,false,0.1502,0.1865,0.1502
26,pickup,2023,6,86,Brooklyn,Borough Park,false,0.1502,0.1865,0.1502
26,pickup,2024,2,181,Brooklyn,Borough Park,false,0.1502,0.1865,0.1502
26,pickup,2024,3,238,Brooklyn,Borough Park,false,0.1502,0.1865,0.1502
26,pickup,2024,4,225,Brooklyn,Borough Park,false,0.1502,0.1865,0.1502
26,pickup,2024,5,268,Brooklyn,Borough Park,false,0.1502,0.1865,0.1502
26,pickup,2024,6,257,Brooklyn,Borough Park,false,0.1502,0.1865,0.1502
27,dropoff,2023,2,46,Queens,Breezy Point/Fort Tilden/Riis Beach,false,0.1051,0.127,0.1051
27,dropoff,2023,3,58,Queens,Breezy Point/Fort Tilden/Riis Beach,false,0.1051,0.127,0.1051
27,dropoff,2023,4,46,Queens,Breezy Point/Fort Tilden/Riis Beach,false,0.1051,0.127,0.1051
27,dropoff,2023,5,53,Queens,Breezy Point/Fort Tilden/Riis Beach,false,0.1051,0.127,0.1051
27,dropoff,2023,6,73,Queens,Breezy Point/Fort Tilden/Riis Beach,false,0.1051,0.127,0.1051
27,dropoff,2024,2,44,Queens,Breezy Point/Fort Tilden/Riis Beach,false,0.1051,0.127,0.1051
27,dropoff,2024,3,62,Queens,Breezy Point/Fort Tilden/Riis Beach,false,0.1051,0.127,0.1051
27,dropoff,2024,4,73,Queens,Breezy Point/Fort Tilden/Riis Beach,false,0.1051,0.127,0.1051
27,dropoff,2024,5,68,Queens,Breezy Point/Fort Tilden/Riis Beach,false,0.1051,0.127,0.1051
27,dropoff,2024,6,68,Queens,Breezy Point/Fort Tilden/Riis Beach,false,0.1051,0.127,0.1051
27,pickup,2023,3,3,Queens,Breezy Point/Fort Tilden/Riis Beach,false,0.3333,0.0455,0.3333
27,pickup,2023,4,1,Queens,Breezy Point/Fort Tilden/Riis Beach,false,0.3333,0.0455,0.3333
27,pickup,2023,5,2,Queens,Breezy Point/Fort Tilden/Riis Beach,false,0.3333,0.0455,0.3333
27,pickup,2024,2,3,Queens,Breezy Point/Fort Tilden/Riis Beach,false,0.3333,0.0455,0.3333
27,pickup,2024,3,2,Queens,Breezy Point/Fort Tilden/Riis Beach,false,0.3333,0.0455,0.3333
27,pickup,2024,4,4,Queens,Breezy Point/Fort Tilden/Riis Beach,false,0.3333,0.0455,0.3333
27,pickup,2024,5,3,Queens,Breezy Point/Fort Tilden/Riis Beach,false,0.3333,0.0455,0.3333
27,pickup,2024,6,10,Queens,Breezy Point/Fort Tilden/Riis Beach,false,0.3333,0.0455,0.3333
28,dropoff,2023,2,1054,Queens,Briarwood/Jamaica Hills,false,0.1221,0.124,0.1221
28,dropoff,2023,3,1211,Queens,Briarwood/Jamaica Hills,false,0.1221,0.124,0.1221
28,dropoff,2023,4,1182,Queens,Briarwood/Jamaica Hills,false,0.1221,0.124,0.1221
28,dropoff,2023,5,1148,Queens,Briarwood/Jamaica Hills,false,0.1221,0.124,0.1221
28,dropoff,2023,6,1155,Queens,Briarwood/Jamaica Hills,false,0.1221,0.124,0.1221
28,dropoff,2024,2,921,Queens,Briarwood/Jamaica Hills,false,0.1221,0.124,0.1221
28,dropoff,2024,3,1022,Queens,Briarwood/Jamaica Hills,false,0.1221,0.124,0.1221
28,dropoff,2024,4,1062,Queens,Briarwood/Jamaica Hills,false,0.1221,0.124,0.1221
28,dropoff,2024,5,1048,Queens,Briarwood/Jamaica Hills,false,0.1221,0.124,0.1221
28,dropoff,2024,6,965,Queens,Briarwood/Jamaica Hills,false,0.1221,0.124,0.1221
28,pickup,2023,2,255,Queens,Briarwood/Jamaica Hills,false,0.2451,0.2676,0.2451
28,pickup,2023,3,311,Queens,Briarwood/Jamaica Hills,false,0.2451,0.2676,0.2451
28,pickup,2023,4,254,Queens,Briarwood/Jamaica Hills,false,0.2451,0.2676,0.2451
28,pickup,2023,5,269,Queens,Briarwood/Jamaica Hills,false,0.2451,0.2676,0.2451
28,pickup,2023,6,225,Queens,Briarwood/Jamaica Hills,false,0.2451,0.2676,0.2451
28,pickup,2024,2,299,Queens,Briarwood/Jamaica Hills,false,0.2451,0.2676,0.2451
28,pickup,2024,3,347,Queens,Briarwood/Jamaica Hills,false,0.2451,0.2676,0.2451
28,pickup,2024,4,310,Queens,Briarwood/Jamaica Hills,false,0.2451,0.2676,0.2451
28,pickup,2024,5,342,Queens,Briarwood/Jamaica Hills,false,0.2451,0.2676,0.2451
28,pickup,2024,6,275,Queens,Briarwood/Jamaica Hills,false,0.2451,0.2676,0.2451
29,dropoff,2023,2,319,Brooklyn,Brighton Beach,false,0.2345,0.2114,0.2345
29,dropoff,2023,3,393,Brooklyn,Brighton Beach,false,0.2345,0.2114,0.2345
29,dropoff,2023,4,438,Brooklyn,Brighton Beach,false,0.2345,0.2114,0.2345
29,dropoff,2023,5,477,Brooklyn,Brighton Beach,false,0.2345,0.2114,0.2345
29,dropoff,2023,6,450,Brooklyn,Brighton Beach,false,0.2345,0.2114,0.2345
29,dropoff,2024,2,378,Brooklyn,Brighton Beach,false,0.2345,0.2114,0.2345
29,dropoff,2024,3,439,Brooklyn,Brighton Beach,false,0.2345,0.2114,0.2345
29,dropoff,2024,4,489,Brooklyn,Brighton Beach,false,0.2345,0.2114,0.2345
29,dropoff,2024,5,497,Brooklyn,Brighton Beach,false,0.2345,0.2114,0.2345
29,dropoff,2024,6,463,Brooklyn,Brighton Beach,false,0.2345,0.2114,0.2345
29,pickup,2023,2,79,Brooklyn,Brighton Beach,false,0.3595,0.3138,0.3595
29,pickup,2023,3,95,Brooklyn,Brighton Beach,false,0.3595,0.3138,0.3595
29,pickup,2023,4,93,Brooklyn,Brighton Beach,false,0.3595,0.3138,0.3595
29,pickup,2023,5,104,Brooklyn,Brighton Beach,false,0.3595,0.3138,0.3595
29,pickup,2023,6,88,Brooklyn,Brighton Beach,false,0.3595,0.3138,0.3595
29,pickup,2024,2,180,Brooklyn,Brighton Beach,false,0.3595,0.3138,0.3595
29,pickup,2024,3,233,Brooklyn,Brighton Beach,false,0.3595,0.3138,0.3595
29,pickup,2024,4,227,Brooklyn,Brighton Beach,false,0.3595,0.3138,0.3595
29,pickup,2024,5,227,Brooklyn,Brighton Beach,false,0.3595,0.3138,0.3595
29,pickup,2024,6,191,Brooklyn,Brighton Beach,false,0.3595,0.3138,0.3595
30,dropoff,2023,2,26,Queens,Broad Channel,false,0.1233,0.0526,0.1233
30,dropoff,2023,3,36,Queens,Broad Channel,false,0.1233,0.0526,0.1233
30,dropoff,2023,4,30,Queens,Broad Channel,false,0.1233,0.0526,0.1233
30,dropoff,2023,5,29,Queens,Broad Channel,false,0.1233,0.0526,0.1233
30,dropoff,2023,6,25,Queens,Broad Channel,false,0.1233,0.0526,0.1233
30,dropoff,2024,2,24,Queens,Broad Channel,false,0.1233,0.0526,0.1233
30,dropoff,2024,3,40,Queens,Broad Channel,false,0.1233,0.0526,0.1233
30,dropoff,2024,4,38,Queens,Broad Channel,false,0.1233,0.0526,0.1233
30,dropoff,2024,5,25,Queens,Broad Channel,false,0.1233,0.0526,0.1233
30,dropoff,2024,6,25,Queens,Broad Channel,false,0.1233,0.0526,0.1233
30,pickup,2023,2,3,Queens,Broad Channel,false,0.1667,0.0,0.1667
30,pickup,2023,3,3,Queens,Broad Channel,false,0.1667,0.0,0.1667
30,pickup,2023,4,4,Queens,Broad Channel,false,0.1667,0.0,0.1667
30,pickup,2023,5,2,Queens,Broad Channel,false,0.1667,0.0,0.1667
30,pickup,2024,2,1,Queens,Broad Channel,false,0.1667,0.0,0.1667
30,pickup,2024,3,3,Queens,Broad Channel,false,0.1667,0.0,0.1667
30,pickup,2024,4,4,Queens,Broad Channel,false,0.1667,0.0,0.1667
30,pickup,2024,5,4,Queens,Broad Channel,false,0.1667,0.0,0.1667
30,pickup,2024,6,3,Queens,Broad Channel,false,0.1667,0.0,0.1667
31,dropoff,2023,2,124,Bronx,Bronx Park,false,0.4784,0.4638,0.4784
31,dropoff,2023,3,176,Bronx,Bronx Park,false,0.4784,0.4638,0.4784
31,dropoff,2023,4,271,Bronx,Bronx Park,false,0.4784,0.4638,0.4784
31,dropoff,2023,5,211,Bronx,Bronx Park,false,0.4784,0.4638,0.4784
31,dropoff,2023,6,188,Bronx,Bronx Park,false,0.4784,0.4638,0.4784
31,dropoff,2024,2,75,Bronx,Bronx Park,false,0.4784,0.4638,0.4784
31,dropoff,2024,3,178,Bronx,Bronx Park,false,0.4784,0.4638,0.4784
31,dropoff,2024,4,192,Bronx,Bronx Park,false,0.4784,0.4638,0.4784
31,dropoff,2024,5,162,Bronx,Bronx Park,false,0.4784,0.4638,0.4784
31,dropoff,2024,6,195,Bronx,Bronx Park,false,0.4784,0.4638,0.4784
31,pickup,2023,2,12,Bronx,Bronx Park,false,0.1316,0.2267,0.1316
31,pickup,2023,3,17,Bronx,Bronx Park,false,0.1316,0.2267,0.1316
31,pickup,2023,4,17,Bronx,Bronx Park,false,0.1316,0.2267,0.1316
31,pickup,2023,5,20,Bronx,Bronx Park,false,0.1316,0.2267,0.1316
31,pickup,2023,6,10,Bronx,Bronx Park,false,0.1316,0.2267,0.1316
31,pickup,2024,2,11,Bronx,Bronx Park,false,0.1316,0.2267,0.1316
31,pickup,2024,3,17,Bronx,Bronx Park,false,0.1316,0.2267,0.1316
31,pickup,2024,4,23,Bronx,Bronx Park,false,0.1316,0.2267,0.1316
31,pickup,2024,5,12,Bronx,Bronx Park,false,0.1316,0.2267,0.1316
31,pickup,2024,6,12,Bronx,Bronx Park,false,0.1316,0.2267,0.1316
32,dropoff,2023,2,241,Bronx,Bronxdale,false,0.1981,0.1924,0.1981
32,dropoff,2023,3,264,Bronx,Bronxdale,false,0.1981,0.1924,0.1981
32,dropoff,2023,4,273,Bronx,Bronxdale,false,0.1981,0.1924,0.1981
32,dropoff,2023,5,251,Bronx,Bronxdale,false,0.1981,0.1924,0.1981
32,dropoff,2023,6,238,Bronx,Bronxdale,false,0.1981,0.1924,0.1981
32,dropoff,2024,2,232,Bronx,Bronxdale,false,0.1981,0.1924,0.1981
32,dropoff,2024,3,266,Bronx,Bronxdale,false,0.1981,0.1924,0.1981
32,dropoff,2024,4,264,Bronx,Bronxdale,false,0.1981,0.1924,0.1981
32,dropoff,2024,5,260,Bronx,Bronxdale,false,0.1981,0.1924,0.1981
32,dropoff,2024,6,220,Bronx,Bronxdale,false,0.1981,0.1924,0.1981
32,pickup,2023,2,75,Bronx,Bronxdale,false,0.1365,0.2286,0.1365
32,pickup,2023,3,118,Bronx,Bronxdale,false,0.1365,0.2286,0.1365
32,pickup,2023,4,132,Bronx,Bronxdale,false,0.1365,0.2286,0.1365
32,pickup,2023,5,110,Bronx,Bronxdale,false,0.1365,0.2286,0.1365
32,pickup,2023,6,85,Bronx,Bronxdale,false,0.1365,0.2286,0.1365
32,pickup,2024,2,114,Bronx,Bronxdale,false,0.1365,0.2286,0.1365
32,pickup,2024,3,121,Bronx,Bronxdale,false,0.1365,0.2286,0.1365
32,pickup,2024,4,159,Bronx,Bronxdale,false,0.1365,0.2286,0.1365
32,pickup,2024,5,115,Bronx,Bronxdale,false,0.1365,0.2286,0.1365
32,pickup,2024,6,99,Bronx,Bronxdale,false,0.1365,0.2286,0.1365
33,dropoff,2023,2,6994,Brooklyn,Brooklyn Heights,false,0.6067,0.6069,0.6067
33,dropoff,2023,3,8365,Brooklyn,Brooklyn Heights,false,0.6067,0.6069,0.6067
33,dropoff,2023,4,7868,Brooklyn,Brooklyn Heights,false,0.6067,0.6069,0.6067
33,dropoff,2023,5,8853,Brooklyn,Brooklyn Heights,false,0.6067,0.6069,0.6067
33,dropoff,2023,6,8238,Brooklyn,Brooklyn Heights,false,0.6067,0.6069,0.6067
33,dropoff,2024,2,7288,Brooklyn,Brooklyn Heights,false,0.6067,0.6069,0.6067
33,dropoff,2024,3,8214,Brooklyn,Brooklyn Heights,false,0.6067,0.6069,0.6067
33,dropoff,2024,4,8058,Brooklyn,Brooklyn Heights,false,0.6067,0.6069,0.6067
33,dropoff,2024,5,8613,Brooklyn,Brooklyn Heights,false,0.6067,0.6069,0.6067
33,dropoff,2024,6,7912,Brooklyn,Brooklyn Heights,false,0.6067,0.6069,0.6067
33,pickup,2023,2,901,Brooklyn,Brooklyn Heights,false,0.4278,0.3573,0.4278
33,pickup,2023,3,1222,Brooklyn,Brooklyn Heights,false,0.4278,0.3573,0.4278
33,pickup,2023,4,1237,Brooklyn,Brooklyn Heights,false,0.4278,0.3573,0.4278
33,pickup,2023,5,1558,Brooklyn,Brooklyn Heights,false,0.4278,0.3573,0.4278
33,pickup,2023,6,1281,Brooklyn,Brooklyn Heights,false,0.4278,0.3573,0.4278
33,pickup,2024,2,919,Brooklyn,Brooklyn Heights,false,0.4278,0.3573,0.4278
33,pickup,2024,3,1149,Brooklyn,Brooklyn Heights,false,0.4278,0.3573,0.4278
33,pickup,2024,4,1195,Brooklyn,Brooklyn Heights,false,0.4278,0.3573,0.4278
33,pickup,2024,5,1354,Brooklyn,Brooklyn Heights,false,0.4278,0.3573,0.4278
33,pickup,2024,6,1319,Brooklyn,Brooklyn Heights,false,0.4278,0.3573,0.4278
34,dropoff,2023,2,329,Brooklyn,Brooklyn Navy Yard,false,0.6648,0.5963,0.6648
34,dropoff,2023,3,353,Brooklyn,Brooklyn Navy Yard,false,0.6648,0.5963,0.6648
34,dropoff,2023,4,343,Brooklyn,Brooklyn Navy Yard,false,0.6648,0.5963,0.6648
34,dropoff,2023,5,404,Brooklyn,Brooklyn Navy Yard,false,0.6648,0.5963,0.6648
34,dropoff,2023,6,340,Brooklyn,Brooklyn Navy Yard,false,0.6648,0.5963,0.6648
34,dropoff,2024,2,321,Brooklyn,Brooklyn Navy Yard,false,0.6648,0.5963,0.6648
34,dropoff,2024,3,366,Brooklyn,Brooklyn Navy Yard,false,0.6648,0.5963,0.6648
34,dropoff,2024,4,325,Brooklyn,Brooklyn Navy Yard,false,0.6648,0.5963,0.6648
34,dropoff,2024,5,402,Brooklyn,Brooklyn Navy Yard,false,0.6648,0.5963,0.6648
34,dropoff,2024,6,414,Brooklyn,Brooklyn Navy Yard,false,0.6648,0.5963,0.6648
34,pickup,2023,2,31,Brooklyn,Brooklyn Navy Yard,false,0.3565,0.3469,0.3565
34,pickup,2023,3,51,Brooklyn,Brooklyn Navy Yard,false,0.3565,0.3469,0.3565
34,pickup,2023,4,33,Brooklyn,Brooklyn Navy Yard,false,0.3565,0.3469,0.3565
34,pickup,2023,5,58,Brooklyn,Brooklyn Navy Yard,false,0.3565,0.3469,0.3565
34,pickup,2023,6,43,Brooklyn,Brooklyn Navy Yard,false,0.3565,0.3469,0.3565
34,pickup,2024,2,34,Brooklyn,Brooklyn Navy Yard,false,0.3565,0.3469,0.3565
34,pickup,2024,3,41,Brooklyn,Brooklyn Navy Yard,false,0.3565,0.3469,0.3565
34,pickup,2024,4,42,Brooklyn,Brooklyn Navy Yard,false,0.3565,0.3469,0.3565
34,pickup,2024,5,61,Brooklyn,Brooklyn Navy Yard,false,0.3565,0.3469,0.3565
34,pickup,2024,6,93,Brooklyn,Brooklyn Navy Yard,false,0.3565,0.3469,0.3565
35,dropoff,2023,2,461,Brooklyn,Brownsville,false,0.1461,0.116,0.1461
35,dropoff,2023,3,582,Brooklyn,Brownsville,false,0.1461,0.116,0.1461
35,dropoff,2023,4,590,Brooklyn,Brownsville,false,0.1461,0.116,0.1461
35,dropoff,2023,5,610,Brooklyn,Brownsville,false,0.1461,0.116,0.1461
35,dropoff,2023,6,577,Brooklyn,Brownsville,false,0.1461,0.116,0.1461
35,dropoff,2024,2,753,Brooklyn,Brownsville,false,0.1461,0.116,0.1461
35,dropoff,2024,3,877,Brooklyn,Brownsville,false,0.1461,0.116,0.1461
35,dropoff,2024,4,913,Brooklyn,Brownsville,false,0.1461,0.116,0.1461
35,dropoff,2024,5,986,Brooklyn,Brownsville,false,0.1461,0.116,0.1461
35,dropoff,2024,6,953,Brooklyn,Brownsville,false,0.1461,0.116,0.1461
35,pickup,2023,2,195,Brooklyn,Brownsville,false,0.1002,0.105,0.1002
35,pickup,2023,3,253,Brooklyn,Brownsville,false,0.1002,0.105,0.1002
35,pickup,2023,4,238,Brooklyn,Brownsville,false,0.1002,0.105,0.1002
35,pickup,2023,5,238,Brooklyn,Brownsville,false,0.1002,0.105,0.1002
35,pickup,2023,6,184,Brooklyn,Brownsville,false,0.1002,0.105,0.1002
35,pickup,2024,2,519,Brooklyn,Brownsville,false,0.1002,0.105,0.1002
35,pickup,2024,3,670,Brooklyn,Brownsville,false,0.1002,0.105,0.1002
35,pickup,2024,4,715,Brooklyn,Brownsville,false,0.1002,0.105,0.1002
35,pickup,2024,5,724,Brooklyn,Brownsville,false,0.1002,0.105,0.1002
35,pickup,2024,6,705,Brooklyn,Brownsville,false,0.1002,0.105,0.1002
36,dropoff,2023,2,1867,Brooklyn,Bushwick North,false,0.4239,0.4207,0.4239
36,dropoff,2023,3,2043,Brooklyn,Bushwick North,false,0.4239,0.4207,0.4239
36,dropoff,2023,4,2008,Brooklyn,Bushwick North,false,0.4239,0.4207,0.4239
36,dropoff,2023,5,2253,Brooklyn,Bushwick North,false,0.4239,0.4207,0.4239
36,dropoff,2023,6,2118,Brooklyn,Bushwick North,false,0.4239,0.4207,0.4239
36,dropoff,2024,2,1392,Brooklyn,Bushwick North,false,0.4239,0.4207,0.4239
36,dropoff,2024,3,1749,Brooklyn,Bushwick North,false,0.4239,0.4207,0.4239
36,dropoff,2024,4,1722,Brooklyn,Bushwick North,false,0.4239,0.4207,0.4239
36,dropoff,2024,5,1822,Brooklyn,Bushwick North,false,0.4239,0.4207,0.4239
36,dropoff,2024,6,2011,Brooklyn,Bushwick North,false,0.4239,0.4207,0.4239
36,pickup,2023,2,94,Brooklyn,Bushwick North,false,0.156,0.1541,0.156
36,pickup,2023,3,105,Brooklyn,Bushwick North,false,0.156,0.1541,0.156
36,pickup,2023,4,134,Brooklyn,Bushwick North,false,0.156,0.1541,0.156
36,pickup,2023,5,145,Brooklyn,Bushwick North,false,0.156,0.1541,0.156
36,pickup,2023,6,195,Brooklyn,Bushwick North,false,0.156,0.1541,0.156
36,pickup,2024,2,123,Brooklyn,Bushwick North,false,0.156,0.1541,0.156
36,pickup,2024,3,156,Brooklyn,Bushwick North,false,0.156,0.1541,0.156
36,pickup,2024,4,181,Brooklyn,Bushwick North,false,0.156,0.1541,0.156
36,pickup,2024,5,207,Brooklyn,Bushwick North,false,0.156,0.1541,0.156
36,pickup,2024,6,235,Brooklyn,Bushwick North,false,0.156,0.1541,0.156
37,dropoff,2023,2,2904,Brooklyn,Bushwick South,false,0.4411,0.4172,0.4411
37,dropoff,2023,3,3265,Brooklyn,Bushwick South,false,0.4411,0.4172,0.4411
37,dropoff,2023,4,3121,Brooklyn,Bushwick South,false,0.4411,0.4172,0.4411
37,dropoff,2023,5,3459,Brooklyn,Bushwick South,false,0.4411,0.4172,0.4411
37,dropoff,2023,6,3363,Brooklyn,Bushwick South,false,0.4411,0.4172,0.4411
37,dropoff,2024,2,2509,Brooklyn,Bushwick South,false,0.4411,0.4172,0.4411
37,dropoff,2024,3,2865,Brooklyn,Bushwick South,false,0.4411,0.4172,0.4411
37,dropoff,2024,4,2826,Brooklyn,Bushwick South,false,0.4411,0.4172,0.4411
37,dropoff,2024,5,3053,Brooklyn,Bushwick South,false,0.4411,0.4172,0.4411
37,dropoff,2024,6,3054,Brooklyn,Bushwick South,false,0.4411,0.4172,0.4411
37,pickup,2023,2,169,Brooklyn,Bushwick South,false,0.1485,0.1592,0.1485
37,pickup,2023,3,185,Brooklyn,Bushwick South,false,0.1485,0.1592,0.1485
37,pickup,2023,4,215,Brooklyn,Bushwick South,false,0.1485,0.1592,0.1485
37,pickup,2023,5,189,Brooklyn,Bushwick South,false,0.1485,0.1592,0.1485
37,pickup,2023,6,198,Brooklyn,Bushwick South,false,0.1485,0.1592,0.1485
37,pickup,2024,2,333,Brooklyn,Bushwick South,false,0.1485,0.1592,0.1485
37,pickup,2024,3,398,Brooklyn,Bushwick South,false,0.1485,0.1592,0.1485
37,pickup,2024,4,413,Brooklyn,Bushwick South,false,0.1485,0.1592,0.1485
37,pickup,2024,5,423,Brooklyn,Bushwick South,false,0.1485,0.1592,0.1485
37,pickup,2024,6,437,Brooklyn,Bushwick South,false,0.1485,0.1592,0.1485
38,dropoff,2023,2,685,Queens,Cambria Heights,false,0.05,0.0628,0.05
38,dropoff,2023,3,567,Queens,Cambria Heights,false,0.05,0.0628,0.05
38,dropoff,2023,4,502,Queens,Cambria Heights,false,0.05,0.0628,0.05
38,dropoff,2023,5,545,Queens,Cambria Heights,false,0.05,0.0628,0.05
38,dropoff,2023,6,724,Queens,Cambria Heights,false,0.05,0.0628,0.05
38,dropoff,2024,2,569,Queens,Cambria Heights,false,0.05,0.0628,0.05
38,dropoff,2024,3,544,Queens,Cambria Heights,false,0.05,0.0628,0.05
38,dropoff,2024,4,605,Queens,Cambria Heights,false,0.05,0.0628,0.05
38,dropoff,2024,5,641,Queens,Cambria Heights,false,0.05,0.0628,0.05
38,dropoff,2024,6,602,Queens,Cambria Heights,false,0.05,0.0628,0.05
38,pickup,2023,2,115,Queens,Cambria Heights,false,0.1817,0.187,0.1817
38,pickup,2023,3,123,Queens,Cambria Heights,false,0.1817,0.187,0.1817
38,pickup,2023,4,96,Queens,Cambria Heights,false,0.1817,0.187,0.1817
38,pickup,2023,5,108,Queens,Cambria Heights,false,0.1817,0.187,0.1817
38,pickup,2023,6,114,Queens,Cambria Heights,false,0.1817,0.187,0.1817
38,pickup,2024,2,139,Queens,Cambria Heights,false,0.1817,0.187,0.1817
38,pickup,2024,3,164,Queens,Cambria Heights,false,0.1817,0.187,0.1817
38,pickup,2024,4,139,Queens,Cambria Heights,false,0.1817,0.187,0.1817
38,pickup,2024,5,154,Queens,Cambria Heights,false,0.1817,0.187,0.1817
38,pickup,2024,6,142,Queens,Cambria Heights,false,0.1817,0.187,0.1817
39,dropoff,2023,2,888,Brooklyn,Canarsie,false,0.0832,0.0978,0.0832
39,dropoff,2023,3,1043,Brooklyn,Canarsie,false,0.0832,0.0978,0.0832
39,dropoff,2023,4,1027,Brooklyn,Canarsie,false,0.0832,0.0978,0.0832
39,dropoff,2023,5,1197,Brooklyn,Canarsie,false,0.0832,0.0978,0.0832
39,dropoff,2023,6,1135,Brooklyn,Canarsie,false,0.0832,0.0978,0.0832
39,dropoff,2024,2,1144,Brooklyn,Canarsie,false,0.0832,0.0978,0.0832
39,dropoff,2024,3,1345,Brooklyn,Canarsie,false,0.0832,0.0978,0.0832
39,dropoff,2024,4,1493,Brooklyn,Canarsie,false,0.0832,0.0978,0.0832
39,dropoff,2024,5,1607,Brooklyn,Canarsie,false,0.0832,0.0978,0.0832
39,dropoff,2024,6,1525,Brooklyn,Canarsie,false,0.0832,0.0978,0.0832
39,pickup,2023,2,314,Brooklyn,Canarsie,false,0.1632,0.185,0.1632
39,pickup,2023,3,358,Brooklyn,Canarsie,false,0.1632,0.185,0.1632
39,pickup,2023,4,281,Brooklyn,Canarsie,false,0.1632,0.185,0.1632
39,pickup,2023,5,271,Brooklyn,Canarsie,false,0.1632,0.185,0.1632
39,pickup,2023,6,259,Brooklyn,Canarsie,false,0.1632,0.185,0.1632
39,pickup,2024,2,516,Brooklyn,Canarsie,false,0.1632,0.185,0.1632
39,pickup,2024,3,707,Brooklyn,Canarsie,false,0.1632,0.185,0.1632
39,pickup,2024,4,851,Brooklyn,Canarsie,false,0.1632,0.185,0.1632
39,pickup,2024,5,863,Brooklyn,Canarsie,false,0.1632,0.185,0.1632
39,pickup,2024,6,793,Brooklyn,Canarsie,false,0.1632,0.185,0.1632
40,dropoff,2023,2,2345,Brooklyn,Carroll Gardens,false,0.5729,0.5822,0.5729
40,dropoff,2023,3,2878,Brooklyn,Carroll Gardens,false,0.5729,0.5822,0.5729
40,dropoff,2023,4,2729,Brooklyn,Carroll Gardens,false,0.5729,0.5822,0.5729
40,dropoff,2023,5,2889,Brooklyn,Carroll Gardens,false,0.5729,0.5822,0.5729
40,dropoff,2023,6,2925,Brooklyn,Carroll Gardens,false,0.5729,0.5822,0.5729
40,dropoff,2024,2,2617,Brooklyn,Carroll Gardens,false,0.5729,0.5822,0.5729
40,dropoff,2024,3,2834,Brooklyn,Carroll Gardens,false,0.5729,0.5822,0.5729
40,dropoff,2024,4,2684,Brooklyn,Carroll Gardens,false,0.5729,0.5822,0.5729
40,dropoff,2024,5,2714,Brooklyn,Carroll Gardens,false,0.5729,0.5822,0.5729
40,dropoff,2024,6,2729,Brooklyn,Carroll Gardens,false,0.5729,0.5822,0.5729
40,pickup,2023,2,278,Brooklyn,Carroll Gardens,false,0.3723,0.3692,0.3723
40,pickup,2023,3,353,Brooklyn,Carroll Gardens,false,0.3723,0.3692,0.3723
40,pickup,2023,4,311,Brooklyn,Carroll Gardens,false,0.3723,0.3692,0.3723
40,pickup,2023,5,336,Brooklyn,Carroll Gardens,false,0.3723,0.3692,0.3723
40,pickup,2023,6,304,Brooklyn,Carroll Gardens,false,0.3723,0.3692,0.3723
40,pickup,2024,2,267,Brooklyn,Carroll Gardens,false,0.3723,0.3692,0.3723
40,pickup,2024,3,303,Brooklyn,Carroll Gardens,false,0.3723,0.3692,0.3723
40,pickup,2024,4,318,Brooklyn,Carroll Gardens,false,0.3723,0.3692,0.3723
40,pickup,2024,5,341,Brooklyn,Carroll Gardens,false,0.3723,0.3692,0.3723
40,pickup,2024,6,315,Brooklyn,Carroll Gardens,false,0.3723,0.3692,0.3723
41,dropoff,2023,2,16686,Manhattan,Central Harlem,false,0.3047,0.2847,0.3047
41,dropoff,2023,3,19931,Manhattan,Central Harlem,false,0.3047,0.2847,0.3047
41,dropoff,2023,4,18824,Manhattan,Central Harlem,false,0.3047,0.2847,0.3047
41,dropoff,2023,5,20053,Manhattan,Central Harlem,false,0.3047,0.2847,0.3047
41,dropoff,2023,6,18511,Manhattan,Central Harlem,false,0.3047,0.2847,0.3047
41,dropoff,2024,2,15714,Manhattan,Central Harlem,false,0.3047,0.2847,0.3047
41,dropoff,2024,3,17478,Manhattan,Central Harlem,false,0.3047,0.2847,0.3047
41,dropoff,2024,4,16903,Manhattan,Central Harlem,false,0.3047,0.2847,0.3047
41,dropoff,2024,5,18294,Manhattan,Central Harlem,false,0.3047,0.2847,0.3047
41,dropoff,2024,6,17380,Manhattan,Central Harlem,false,0.3047,0.2847,0.3047
41,pickup,2023,2,6256,Manhattan,Central Harlem,false,0.1365,0.1298,0.1365
41,pickup,2023,3,7535,Manhattan,Central Harlem,false,0.1365,0.1298,0.1365
41,pickup,2023,4,7154,Manhattan,Central Harlem,false,0.1365,0.1298,0.1365
41,pickup,2023,5,7686,Manhattan,Central Harlem,false,0.1365,0.1298,0.1365
41,pickup,2023,6,6980,Manhattan,Central Harlem,false,0.1365,0.1298,0.1365
41,pickup,2024,2,5909,Manhattan,Central Harlem,false,0.1365,0.1298,0.1365
41,pickup,2024,3,6737,Manhattan,Central Harlem,false,0.1365,0.1298,0.1365
41,pickup,2024,4,6671,Manhattan,Central Harlem,false,0.1365,0.1298,0.1365
41,pickup,2024,5,7416,Manhattan,Central Harlem,false,0.1365,0.1298,0.1365
41,pickup,2024,6,6647,Manhattan,Central Harlem,false,0.1365,0.1298,0.1365
42,dropoff,2023,2,10648,Manhattan,Central Harlem North,false,0.3367,0.3189,0.3367
42,dropoff,2023,3,12240,Manhattan,Central Harlem North,false,0.3367,0.3189,0.3367
42,dropoff,2023,4,11888,Manhattan,Central Harlem North,false,0.3367,0.3189,0.3367
42,dropoff,2023,5,12021,Manhattan,Central Harlem North,false,0.3367,0.3189,0.3367
42,dropoff,2023,6,11350,Manhattan,Central Harlem North,false,0.3367,0.3189,0.3367
42,dropoff,2024,2,9675,Manhattan,Central Harlem North,false,0.3367,0.3189,0.3367
42,dropoff,2024,3,11309,Manhattan,Central Harlem North,false,0.3367,0.3189,0.3367
42,dropoff,2024,4,10929,Manhattan,Central Harlem North,false,0.3367,0.3189,0.3367
42,dropoff,2024,5,11021,Manhattan,Central Harlem North,false,0.3367,0.3189,0.3367
42,dropoff,2024,6,10537,Manhattan,Central Harlem North,false,0.3367,0.3189,0.3367
42,pickup,2023,2,2173,Manhattan,Central Harlem North,false,0.1006,0.12,0.1006
42,pickup,2023,3,2697,Manhattan,Central Harlem North,false,0.1006,0.12,0.1006
42,pickup,2023,4,2427,Manhattan,Central Harlem North,false,0.1006,0.12,0.1006
42,pickup,2023,5,2481,Manhattan,Central Harlem North,false,0.1006,0.12,0.1006
42,pickup,2023,6,2259,Manhattan,Central Harlem North,false,0.1006,0.12,0.1006
42,pickup,2024,2,2358,Manhattan,Central Harlem North,false,0.1006,0.12,0.1006
42,pickup,2024,3,2928,Manhattan,Central Harlem North,false,0.1006,0.12,0.1006
42,pickup,2024,4,2862,Manhattan,Central Harlem North,false,0.1006,0.12,0.1006
42,pickup,2024,5,2967,Manhattan,Central Harlem North,false,0.1006,0.12,0.1006
42,pickup,2024,6,2882,Manhattan,Central Harlem North,false,0.1006,0.12,0.1006
43,dropoff,2023,2,32488,Manhattan,Central Park,false,0.449,0.4434,0.449
43,dropoff,2023,3,37312,Manhattan,Central Park,false,0.449,0.4434,0.449
43,dropoff,2023,4,40251,Manhattan,Central Park,false,0.449,0.4434,0.449
43,dropoff,2023,5,43690,Manhattan,Central Park,false,0.449,0.4434,0.449
43,dropoff,2023,6,39446,Manhattan,Central Park,false,0.449,0.4434,0.449
43,dropoff,2024,2,31816,Manhattan,Central Park,false,0.449,0.4434,0.449
43,dropoff,2024,3,35495,Manhattan,Central Park,false,0.449,0.4434,0.449
43,dropoff,2024,4,37876,Manhattan,Central Park,false,0.449,0.4434,0.449
43,dropoff,2024,5,40116,Manhattan,Central Park,false,0.449,0.4434,0.449
43,dropoff,2024,6,36181,Manhattan,Central Park,false,0.449,0.4434,0.449
43,pickup,2023,2,44578,Manhattan,Central Park,false,0.4606,0.4604,0.4606
43,pickup,2023,3,50006,Manhattan,Central Park,false,0.4606,0.4604,0.4606
43,pickup,2023,4,54596,Manhattan,Central Park,false,0.4606,0.4604,0.4606
43,pickup,2023,5,58627,Manhattan,Central Park,false,0.4606,0.4604,0.4606
43,pickup,2023,6,53005,Manhattan,Central Park,false,0.4606,0.4604,0.4606
43,pickup,2024,2,44422,Manhattan,Central Park,false,0.4606,0.4604,0.4606
43,pickup,2024,3,50124,Manhattan,Central Park,false,0.4606,0.4604,0.4606
43,pickup,2024,4,52612,Manhattan,Central Park,false,0.4606,0.4604,0.4606
43,pickup,2024,5,55330,Manhattan,Central Park,false,0.4606,0.4604,0.4606
43,pickup,2024,6,52524,Manhattan,Central Park,false,0.4606,0.4604,0.4606
44,dropoff,2023,2,43,Staten Island,Charleston/Tottenville,false,0.2799,0.4,0.2799
44,dropoff,2023,3,61,Staten Island,Charleston/Tottenville,false,0.2799,0.4,0.2799
44,dropoff,2023,4,71,Staten Island,Charleston/Tottenville,false,0.2799,0.4,0.2799
44,dropoff,2023,5,38,Staten Island,Charleston/Tottenville,false,0.2799,0.4,0.2799
44,dropoff,2023,6,55,Staten Island,Charleston/Tottenville,false,0.2799,0.4,0.2799
44,dropoff,2024,2,8,Staten Island,Charleston/Tottenville,false,0.2799,0.4,0.2799
44,dropoff,2024,3,13,Staten Island,Charleston/Tottenville,false,0.2799,0.4,0.2799
44,dropoff,2024,4,14,Staten Island,Charleston/Tottenville,false,0.2799,0.4,0.2799
44,dropoff,2024,5,18,Staten Island,Charleston/Tottenville,false,0.2799,0.4,0.2799
44,dropoff,2024,6,17,Staten Island,Charleston/Tottenville,false,0.2799,0.4,0.2799
44,pickup,2023,2,37,Staten Island,Charleston/Tottenville,false,0.0939,0.0,0.0939
44,pickup,2023,3,45,Staten Island,Charleston/Tottenville,false,0.0939,0.0,0.0939
44,pickup,2023,4,60,Staten Island,Charleston/Tottenville,false,0.0939,0.0,0.0939
44,pickup,2023,5,31,Staten Island,Charleston/Tottenville,false,0.0939,0.0,0.0939
44,pickup,2023,6,40,Staten Island,Charleston/Tottenville,false,0.0939,0.0,0.0939
44,pickup,2024,3,2,Staten Island,Charleston/Tottenville,false,0.0939,0.0,0.0939
44,pickup,2024,5,2,Staten Island,Charleston/Tottenville,false,0.0939,0.0,0.0939
44,pickup,2024,6,1,Staten Island,Charleston/Tottenville,false,0.0939,0.0,0.0939
45,dropoff,2023,2,6983,Manhattan,Chinatown,true,1.0,1.0,1.0
45,dropoff,2023,3,8336,Manhattan,Chinatown,true,1.0,1.0,1.0
45,dropoff,2023,4,8442,Manhattan,Chinatown,true,1.0,1.0,1.0
45,dropoff,2023,5,8780,Manhattan,Chinatown,true,1.0,1.0,1.0
45,dropoff,2023,6,8362,Manhattan,Chinatown,true,1.0,1.0,1.0
45,dropoff,2024,2,7210,Manhattan,Chinatown,true,1.0,1.0,1.0
45,dropoff,2024,3,8221,Manhattan,Chinatown,true,1.0,1.0,1.0
45,dropoff,2024,4,7845,Manhattan,Chinatown,true,1.0,1.0,1.0
45,dropoff,2024,5,8419,Manhattan,Chinatown,true,1.0,1.0,1.0
45,dropoff,2024,6,8203,Manhattan,Chinatown,true,1.0,1.0,1.0
45,pickup,2023,2,3488,Manhattan,Chinatown,true,1.0,1.0,1.0
45,pickup,2023,3,3828,Manhattan,Chinatown,true,1.0,1.0,1.0
45,pickup,2023,4,4102,Manhattan,Chinatown,true,1.0,1.0,1.0
45,pickup,2023,5,4450,Manhattan,Chinatown,true,1.0,1.0,1.0
45,pickup,2023,6,4212,Manhattan,Chinatown,true,1.0,1.0,1.0
45,pickup,2024,2,3695,Manhattan,Chinatown,true,1.0,1.0,1.0
45,pickup,2024,3,3950,Manhattan,Chinatown,true,1.0,1.0,1.0
45,pickup,2024,4,3926,Manhattan,Chinatown,true,1.0,1.0,1.0
45,pickup,2024,5,4279,Manhattan,Chinatown,true,1.0,1.0,1.0
45,pickup,2024,6,4301,Manhattan,Chinatown,true,1.0,1.0,1.0
46,dropoff,2023,2,60,Bronx,City Island,false,0.1561,0.1722,0.1561
46,dropoff,2023,3,85,Bronx,City Island,false,0.1561,0.1722,0.1561
46,dropoff,2023,4,66,Bronx,City Island,false,0.1561,0.1722,0.1561
46,dropoff,2023,5,74,Bronx,City Island,false,0.1561,0.1722,0.1561
46,dropoff,2023,6,93,Bronx,City Island,false,0.1561,0.1722,0.1561
46,dropoff,2024,2,68,Bronx,City Island,false,0.1561,0.1722,0.1561
46,dropoff,2024,3,69,Bronx,City Island,false,0.1561,0.1722,0.1561
46,dropoff,2024,4,99,Bronx,City Island,false,0.1561,0.1722,0.1561
46,dropoff,2024,5,86,Bronx,City Island,false,0.1561,0.1722,0.1561
46,dropoff,2024,6,96,Bronx,City Island,false,0.1561,0.1722,0.1561
46,pickup,2023,2,4,Bronx,City Island,false,0.1395,0.0875,0.1395
46,pickup,2023,3,11,Bronx,City Island,false,0.1395,0.0875,0.1395
46,pickup,2023,4,9,Bronx,City Island,false,0.1395,0.0875,0.1395
46,pickup,2023,5,13,Bronx,City Island,false,0.1395,0.0875,0.1395
46,pickup,2023,6,6,Bronx,City Island,false,0.1395,0.0875,0.1395
46,pickup,2024,2,12,Bronx,City Island,false,0.1395,0.0875,0.1395
46,pickup,2024,3,11,Bronx,City Island,false,0.1395,0.0875,0.1395
46,pickup,2024,4,13,Bronx,City Island,false,0.1395,0.0875,0.1395
46,pickup,2024,5,20,Bronx,City Island,false,0.1395,0.0875,0.1395
46,pickup,2024,6,24,Bronx,City Island,false,0.1395,0.0875,0.1395
47,dropoff,2023,2,252,Bronx,Claremont/Bathgate,false,0.229,0.2445,0.229
47,dropoff,2023,3,324,Bronx,Claremont/Bathgate,false,0.229,0.2445,0.229
47,dropoff,2023,4,317,Bronx,Claremont/Bathgate,false,0.229,0.2445,0.229
47,dropoff,2023,5,282,Bronx,Claremont/Bathgate,false,0.229,0.2445,0.229
47,dropoff,2023,6,266,Bronx,Claremont/Bathgate,false,0.229,0.2445,0.229
47,dropoff,2024,2,289,Bronx,Claremont/Bathgate,false,0.229,0.2445,0.229
47,dropoff,2024,3,304,Bronx,Claremont/Bathgate,false,0.229,0.2445,0.229
47,dropoff,2024,4,365,Bronx,Claremont/Bathgate,false,0.229,0.2445,0.229
47,dropoff,2024,5,362,Bronx,Claremont/Bathgate,false,0.229,0.2445,0.229
47,dropoff,2024,6,279,Bronx,Claremont/Bathgate,false,0.229,0.2445,0.229
47,pickup,2023,2,77,Bronx,Claremont/Bathgate,false,0.0902,0.1661,0.0902
47,pickup,2023,3,106,Bronx,Claremont/Bathgate,false,0.0902,0.1661,0.0902
47,pickup,2023,4,98,Bronx,Claremont/Bathgate,false,0.0902,0.1661,0.0902
47,pickup,2023,5,120,Bronx,Claremont/Bathgate,false,0.0902,0.1661,0.0902
47,pickup,2023,6,87,Bronx,Claremont/Bathgate,false,0.0902,0.1661,0.0902
47,pickup,2024,2,143,Bronx,Claremont/Bathgate,false,0.0902,0.1661,0.0902
47,pickup,2024,3,180,Bronx,Claremont/Bathgate,false,0.0902,0.1661,0.0902
47,pickup,2024,4,172,Bronx,Claremont/Bathgate,false,0.0902,0.1661,0.0902
47,pickup,2024,5,173,Bronx,Claremont/Bathgate,false,0.0902,0.1661,0.0902
47,pickup,2024,6,151,Bronx,Claremont/Bathgate,false,0.0902,0.1661,0.0902
48,dropoff,2023,2,70711,Manhattan,Clinton East,true,1.0,1.0,1.0
48,dropoff,2023,3,83464,Manhattan,Clinton East,true,1.0,1.0,1.0
48,dropoff,2023,4,79091,Manhattan,Clinton East,true,1.0,1.0,1.0
48,dropoff,2023,5,78930,Manhattan,Clinton East,true,1.0,1.0,1.0
48,dropoff,2023,6,78631,Manhattan,Clinton East,true,1.0,1.0,1.0
48,dropoff,2024,2,66725,Manhattan,Clinton East,true,1.0,1.0,1.0
48,dropoff,2024,3,77348,Manhattan,Clinton East,true,1.0,1.0,1.0
48,dropoff,2024,4,73053,Manhattan,Clinton East,true,1.0,1.0,1.0
48,dropoff,2024,5,76002,Manhattan,Clinton East,true,1.0,1.0,1.0
48,dropoff,2024,6,76070,Manhattan,Clinton East,true,1.0,1.0,1.0
48,pickup,2023,2,76704,Manhattan,Clinton East,true,1.0,1.0,1.0
48,pickup,2023,3,90944,Manhattan,Clinton East,true,1.0,1.0,1.0
48,pickup,2023,4,86217,Manhattan,Clinton East,true,1.0,1.0,1.0
48,pickup,2023,5,87098,Manhattan,Clinton East,true,1.0,1.0,1.0
48,pickup,2023,6,86023,Manhattan,Clinton East,true,1.0,1.0,1.0
48,pickup,2024,2,71808,Manhattan,Clinton East,true,1.0,1.0,1.0
48,pickup,2024,3,82956,Manhattan,Clinton East,true,1.0,1.0,1.0
48,pickup,2024,4,78851,Manhattan,Clinton East,true,1.0,1.0,1.0
48,pickup,2024,5,81957,Manhattan,Clinton East,true,1.0,1.0,1.0
48,pickup,2024,6,80695,Manhattan,Clinton East,true,1.0,1.0,1.0
49,dropoff,2023,2,3918,Brooklyn,Clinton Hill,false,0.4866,0.4634,0.4866
49,dropoff,2023,3,4503,Brooklyn,Clinton Hill,false,0.4866,0.4634,0.4866
49,dropoff,2023,4,4477,Brooklyn,Clinton Hill,false,0.4866,0.4634,0.4866
49,dropoff,2023,5,4856,Brooklyn,Clinton Hill,false,0.4866,0.4634,0.4866
49,dropoff,2023,6,4521,Brooklyn,Clinton Hill,false,0.4866,0.4634,0.4866
49,dropoff,2024,2,3549,Brooklyn,Clinton Hill,false,0.4866,0.4634,0.4866
49,dropoff,2024,3,4256,Brooklyn,Clinton Hill,false,0.4866,0.4634,0.4866
49,dropoff,2024,4,4089,Brooklyn,Clinton Hill,false,0.4866,0.4634,0.4866
49,dropoff,2024,5,4316,Brooklyn,Clinton Hill,false,0.4866,0.4634,0.4866
49,dropoff,2024,6,4031,Brooklyn,Clinton Hill,false,0.4866,0.4634,0.4866
49,pickup,2023,2,255,Brooklyn,Clinton Hill,false,0.1264,0.1613,0.1264
49,pickup,2023,3,366,Brooklyn,Clinton Hill,false,0.1264,0.1613,0.1264
49,pickup,2023,4,355,Brooklyn,Clinton Hill,false,0.1264,0.1613,0.1264
49,pickup,2023,5,350,Brooklyn,Clinton Hill,false,0.1264,0.1613,0.1264
49,pickup,2023,6,296,Brooklyn,Clinton Hill,false,0.1264,0.1613,0.1264
49,pickup,2024,2,398,Brooklyn,Clinton Hill,false,0.1264,0.1613,0.1264
49,pickup,2024,3,422,Brooklyn,Clinton Hill,false,0.1264,0.1613,0.1264
49,pickup,2024,4,511,Brooklyn,Clinton Hill,false,0.1264,0.1613,0.1264
49,pickup,2024,5,512,Brooklyn,Clinton Hill,false,0.1264,0.1613,0.1264
49,pickup,2024,6,469,Brooklyn,Clinton Hill,false,0.1264,0.1613,0.1264
50,dropoff,2023,2,30553,Manhattan,Clinton West,true,1.0,1.0,1.0
50,dropoff,2023,3,35238,Manhattan,Clinton West,true,1.0,1.0,1.0
50,dropoff,2023,4,35706,Manhattan,Clinton West,true,1.0,1.0,1.0
50,dropoff,2023,5,36669,Manhattan,Clinton West,true,1.0,1.0,1.0
50,dropoff,2023,6,35138,Manhattan,Clinton West,true,1.0,1.0,1.0
50,dropoff,2024,2,28775,Manhattan,Clinton West,true,1.0,1.0,1.0
50,dropoff,2024,3,31759,Manhattan,Clinton West,true,1.0,1.0,1.0
50,dropoff,2024,4,32623,Manhattan,Clinton West,true,1.0,1.0,1.0
50,dropoff,2024,5,33829,Manhattan,Clinton West,true,1.0,1.0,1.0
50,dropoff,2024,6,32814,Manhattan,Clinton West,true,1.0,1.0,1.0
50,pickup,2023,2,16761,Manhattan,Clinton West,true,1.0,1.0,1.0
50,pickup,2023,3,19303,Manhattan,Clinton West,true,1.0,1.0,1.0
50,pickup,2023,4,20389,Manhattan,Clinton West,true,1.0,1.0,1.0
50,pickup,2023,5,21574,Manhattan,Clinton West,true,1.0,1.0,1.0
50,pickup,2023,6,20752,Manhattan,Clinton West,true,1.0,1.0,1.0
50,pickup,2024,2,14938,Manhattan,Clinton West,true,1.0,1.0,1.0
50,pickup,2024,3,17220,Manhattan,Clinton West,true,1.0,1.0,1.0
50,pickup,2024,4,17254,Manhattan,Clinton West,true,1.0,1.0,1.0
50,pickup,2024,5,18603,Manhattan,Clinton West,true,1.0,1.0,1.0
50,pickup,2024,6,18585,Manhattan,Clinton West,true,1.0,1.0,1.0
51,dropoff,2023,2,451,Bronx,Co-Op City,false,0.1729,0.1728,0.1729
51,dropoff,2023,3,549,Bronx,Co-Op City,false,0.1729,0.1728,0.1729
51,dropoff,2023,4,487,Bronx,Co-Op City,false,0.1729,0.1728,0.1729
51,dropoff,2023,5,617,Bronx,Co-Op City,false,0.1729,0.1728,0.1729
51,dropoff,2023,6,533,Bronx,Co-Op City,false,0.1729,0.1728,0.1729
51,dropoff,2024,2,541,Bronx,Co-Op City,false,0.1729,0.1728,0.1729
51,dropoff,2024,3,559,Bronx,Co-Op City,false,0.1729,0.1728,0.1729
51,dropoff,2024,4,582,Bronx,Co-Op City,false,0.1729,0.1728,0.1729
51,dropoff,2024,5,604,Bronx,Co-Op City,false,0.1729,0.1728,0.1729
51,dropoff,2024,6,585,Bronx,Co-Op City,false,0.1729,0.1728,0.1729
51,pickup,2023,2,198,Bronx,Co-Op City,false,0.246,0.2174,0.246
51,pickup,2023,3,309,Bronx,Co-Op City,false,0.246,0.2174,0.246
51,pickup,2023,4,293,Bronx,Co-Op City,false,0.246,0.2174,0.246
51,pickup,2023,5,354,Bronx,Co-Op City,false,0.246,0.2174,0.246
51,pickup,2023,6,297,Bronx,Co-Op City,false,0.246,0.2174,0.246
51,pickup,2024,2,358,Bronx,Co-Op City,false,0.246,0.2174,0.246
51,pickup,2024,3,407,Bronx,Co-Op City,false,0.246,0.2174,0.246
51,pickup,2024,4,429,Bronx,Co-Op City,false,0.246,0.2174,0.246
51,pickup,2024,5,438,Bronx,Co-Op City,false,0.246,0.2174,0.246
51,pickup,2024,6,323,Bronx,Co-Op City,false,0.246,0.2174,0.246
52,dropoff,2023,2,1844,Brooklyn,Cobble Hill,false,0.5826,0.5919,0.5826
52,dropoff,2023,3,2234,Brooklyn,Cobble Hill,false,0.5826,0.5919,0.5826
52,dropoff,2023,4,2077,Brooklyn,Cobble Hill,false,0.5826,0.5919,0.5826
52,dropoff,2023,5,2216,Brooklyn,Cobble Hill,false,0.5826,0.5919,0.5826
52,dropoff,2023,6,2015,Brooklyn,Cobble Hill,false,0.5826,0.5919,0.5826
52,dropoff,2024,2,1930,Brooklyn,Cobble Hill,false,0.5826,0.5919,0.5826
52,dropoff,2024,3,2105,Brooklyn,Cobble Hill,false,0.5826,0.5919,0.5826
52,dropoff,2024,4,1980,Brooklyn,Cobble Hill,false,0.5826,0.5919,0.5826
52,dropoff,2024,5,2053,Brooklyn,Cobble Hill,false,0.5826,0.5919,0.5826
52,dropoff,2024,6,2063,Brooklyn,Cobble Hill,false,0.5826,0.5919,0.5826
52,pickup,2023,2,490,Brooklyn,Cobble Hill,false,0.3781,0.335,0.3781
52,pickup,2023,3,519,Brooklyn,Cobble Hill,false,0.3781,0.335,0.3781
52,pickup,2023,4,536,Brooklyn,Cobble Hill,false,0.3781,0.335,0.3781
52,pickup,2023,5,617,Brooklyn,Cobble Hill,false,0.3781,0.335,0.3781
52,pickup,2023,6,570,Brooklyn,Cobble Hill,false,0.3781,0.335,0.3781
52,pickup,2024,2,449,Brooklyn,Cobble Hill,false,0.3781,0.335,0.3781
52,pickup,2024,3,495,Brooklyn,Cobble Hill,false,0.3781,0.335,0.3781
52,pickup,2024,4,504,Brooklyn,Cobble Hill,false,0.3781,0.335,0.3781
52,pickup,2024,5,526,Brooklyn,Cobble Hill,false,0.3781,0.335,0.3781
52,pickup,2024,6,459,Brooklyn,Cobble Hill,false,0.3781,0.335,0.3781
53,dropoff,2023,2,309,Queens,College Point,false,0.0856,0.1022,0.0856
53,dropoff,2023,3,386,Queens,College Point,false,0.0856,0.1022,0.0856
53,dropoff,2023,4,415,Queens,College Point,false,0.0856,0.1022,0.0856
53,dropoff,2023,5,425,Queens,College Point,false,0.0856,0.1022,0.0856
53,dropoff,2023,6,417,Queens,College Point,false,0.0856,0.1022,0.0856
53,dropoff,2024,2,304,Queens,College Point,false,0.0856,0.1022,0.0856
53,dropoff,2024,3,359,Queens,College Point,false,0.0856,0.1022,0.0856
53,dropoff,2024,4,359,Queens,College Point,false,0.0856,0.1022,0.0856
53,dropoff,2024,5,455,Queens,College Point,false,0.0856,0.1022,0.0856
53,dropoff,2024,6,510,Queens,College Point,false,0.0856,0.1022,0.0856
53,pickup,2023,2,49,Queens,College Point,false,0.1977,0.2846,0.1977
53,pickup,2023,3,56,Queens,College Point,false,0.1977,0.2846,0.1977
53,pickup,2023,4,52,Queens,College Point,false,0.1977,0.2846,0.1977
53,pickup,2023,5,52,Queens,College Point,false,0.1977,0.2846,0.1977
53,pickup,2023,6,49,Queens,College Point,false,0.1977,0.2846,0.1977
53,pickup,2024,2,49,Queens,College Point,false,0.1977,0.2846,0.1977
53,pickup,2024,3,42,Queens,College Point,false,0.1977,0.2846,0.1977
53,pickup,2024,4,46,Queens,College Point,false,0.1977,0.2846,0.1977
53,pickup,2024,5,53,Queens,College Point,false,0.1977,0.2846,0.1977
53,pickup,2024,6,56,Queens,College Point,false,0.1977,0.2846,0.1977
54,dropoff,2023,2,609,Brooklyn,Columbia Street,false,0.5817,0.5738,0.5817
54,dropoff,2023,3,694,Brooklyn,Columbia Street,false,0.5817,0.5738,0.5817
54,dropoff,2023,4,767,Brooklyn,Columbia Street,false,0.5817,0.5738,0.5817
54,dropoff,2023,5,739,Brooklyn,Columbia Street,false,0.5817,0.5738,0.5817
54,dropoff,2023,6,782,Brooklyn,Columbia Street,false,0.5817,0.5738,0.5817
54,dropoff,2024,2,692,Brooklyn,Columbia Street,false,0.5817,0.5738,0.5817
54,dropoff,2024,3,687,Brooklyn,Columbia Street,false,0.5817,0.5738,0.5817
54,dropoff,2024,4,710,Brooklyn,Columbia Street,false,0.5817,0.5738,0.5817
54,dropoff,2024,5,676,Brooklyn,Columbia Street,false,0.5817,0.5738,0.5817
54,dropoff,2024,6,672,Brooklyn,Columbia Street,false,0.5817,0.5738,0.5817
54,pickup,2023,2,26,Brooklyn,Columbia Street,false,0.2135,0.194,0.2135
54,pickup,2023,3,25,Brooklyn,Columbia Street,false,0.2135,0.194,0.2135
54,pickup,2023,4,42,Brooklyn,Columbia Street,false,0.2135,0.194,0.2135
54,pickup,2023,5,45,Brooklyn,Columbia Street,false,0.2135,0.194,0.2135
54,pickup,2023,6,40,Brooklyn,Columbia Street,false,0.2135,0.194,0.2135
54,pickup,2024,2,33,Brooklyn,Columbia Street,false,0.2135,0.194,0.2135
54,pickup,2024,3,44,Brooklyn,Columbia Street,false,0.2135,0.194,0.2135
54,pickup,2024,4,47,Brooklyn,Columbia Street,false,0.2135,0.194,0.2135
54,pickup,2024,5,54,Brooklyn,Columbia Street,false,0.2135,0.194,0.2135
54,pickup,2024,6,54,Brooklyn,Columbia Street,false,0.2135,0.194,0.2135
55,dropoff,2023,2,387,Brooklyn,Coney Island,false,0.2593,0.2322,0.2593
55,dropoff,2023,3,454,Brooklyn,Coney Island,false,0.2593,0.2322,0.2593
55,dropoff,2023,4,524,Brooklyn,Coney Island,false,0.2593,0.2322,0.2593
55,dropoff,2023,5,557,Brooklyn,Coney Island,false,0.2593,0.2322,0.2593
55,dropoff,2023,6,550,Brooklyn,Coney Island,false,0.2593,0.2322,0.2593
55,dropoff,2024,2,404,Brooklyn,Coney Island,false,0.2593,0.2322,0.2593
55,dropoff,2024,3,561,Brooklyn,Coney Island,false,0.2593,0.2322,0.2593
55,dropoff,2024,4,601,Brooklyn,Coney Island,false,0.2593,0.2322,0.2593
55,dropoff,2024,5,729,Brooklyn,Coney Island,false,0.2593,0.2322,0.2593
55,dropoff,2024,6,775,Brooklyn,Coney Island,false,0.2593,0.2322,0.2593
55,pickup,2023,2,159,Brooklyn,Coney Island,false,0.2464,0.2057,0.2464
55,pickup,2023,3,165,Brooklyn,Coney Island,false,0.2464,0.2057,0.2464
55,pickup,2023,4,144,Brooklyn,Coney Island,false,0.2464,0.2057,0.2464
55,pickup,2023,5,214,Brooklyn,Coney Island,false,0.2464,0.2057,0.2464
55,pickup,2023,6,158,Brooklyn,Coney Island,false,0.2464,0.2057,0.2464
55,pickup,2024,2,260,Brooklyn,Coney Island,false,0.2464,0.2057,0.2464
55,pickup,2024,3,371,Brooklyn,Coney Island,false,0.2464,0.2057,0.2464
55,pickup,2024,4,385,Brooklyn,Coney Island,false,0.2464,0.2057,0.2464
55,pickup,2024,5,448,Brooklyn,Coney Island,false,0.2464,0.2057,0.2464
55,pickup,2024,6,451,Brooklyn,Coney Island,false,0.2464,0.2057,0.2464
56,dropoff,2023,2,740,Queens,Corona,false,0.2298,0.2304,0.2298
56,dropoff,2023,3,882,Queens,Corona,false,0.2298,0.2304,0.2298
56,dropoff,2023,4,818,Queens,Corona,false,0.2298,0.2304,0.2298
56,dropoff,2023,5,843,Queens,Corona,false,0.2298,0.2304,0.2298
56,dropoff,2023,6,891,Queens,Corona,false,0.2298,0.2304,0.2298
56,dropoff,2024,2,696,Queens,Corona,false,0.2298,0.2304,0.2298
56,dropoff,2024,3,783,Queens,Corona,false,0.2298,0.2304,0.2298
56,dropoff,2024,4,798,Queens,Corona,false,0.2298,0.2304,0.2298
56,dropoff,2024,5,825,Queens,Corona,false,0.2298,0.2304,0.2298
56,dropoff,2024,6,770,Queens,Corona,false,0.2298,0.2304,0.2298
56,pickup,2023,2,177,Queens,Corona,false,0.3138,0.3473,0.3138
56,pickup,2023,3,224,Queens,Corona,false,0.3138,0.3473,0.3138
56,pickup,2023,4,195,Queens,Corona,false,0.3138,0.3473,0.3138
56,pickup,2023,5,168,Queens,Corona,false,0.3138,0.3473,0.3138
56,pickup,2023,6,157,Queens,Corona,false,0.3138,0.3473,0.3138
56,pickup,2024,2,244,Queens,Corona,false,0.3138,0.3473,0.3138
56,pickup,2024,3,227,Queens,Corona,false,0.3138,0.3473,0.3138
56,pickup,2024,4,243,Queens,Corona,false,0.3138,0.3473,0.3138
56,pickup,2024,5,227,Queens,Corona,false,0.3138,0.3473,0.3138
56,pickup,2024,6,254,Queens,Corona,false,0.3138,0.3473,0.3138
57,dropoff,2023,2,33,Queens,Corona,false,0.2115,0.1698,0.2115
57,dropoff,2023,3,64,Queens,Corona,false,0.2115,0.1698,0.2115
57,dropoff,2023,4,55,Queens,Corona,false,0.2115,0.1698,0.2115
57,dropoff,2023,5,76,Queens,Corona,false,0.2115,0.1698,0.2115
57,dropoff,2023,6,51,Queens,Corona,false,0.2115,0.1698,0.2115
57,dropoff,2024,2,39,Queens,Corona,false,0.2115,0.1698,0.2115
57,dropoff,2024,3,49,Queens,Corona,false,0.2115,0.1698,0.2115
57,dropoff,2024,4,72,Queens,Corona,false,0.2115,0.1698,0.2115
57,dropoff,2024,5,40,Queens,Corona,false,0.2115,0.1698,0.2115
57,dropoff,2024,6,65,Queens,Corona,false,0.2115,0.1698,0.2115
57,pickup,2023,2,6,Queens,Corona,false,0.1053,0.0476,0.1053
57,pickup,2023,3,7,Queens,Corona,false,0.1053,0.0476,0.1053
57,pickup,2023,4,5,Queens,Corona,false,0.1053,0.0476,0.1053
57,pickup,2023,5,9,Queens,Corona,false,0.1053,0.0476,0.1053
57,pickup,2023,6,11,Queens,Corona,false,0.1053,0.0476,0.1053
57,pickup,2024,2,3,Queens,Corona,false,0.1053,0.0476,0.1053
57,pickup,2024,3,9,Queens,Corona,false,0.1053,0.0476,0.1053
57,pickup,2024,4,13,Queens,Corona,false,0.1053,0.0476,0.1053
57,pickup,2024,5,9,Queens,Corona,false,0.1053,0.0476,0.1053
57,pickup,2024,6,8,Queens,Corona,false,0.1053,0.0476,0.1053
58,dropoff,2023,2,69,Bronx,Country Club,false,0.2361,0.1739,0.2361
58,dropoff,2023,3,97,Bronx,Country Club,false,0.2361,0.1739,0.2361
58,dropoff,2023,4,89,Bronx,Country Club,false,0.2361,0.1739,0.2361
58,dropoff,2023,5,89,Bronx,Country Club,false,0.2361,0.1739,0.2361
58,dropoff,2023,6,88,Bronx,Country Club,false,0.2361,0.1739,0.2361
58,dropoff,2024,2,69,Bronx,Country Club,false,0.2361,0.1739,0.2361
58,dropoff,2024,3,84,Bronx,Country Club,false,0.2361,0.1739,0.2361
58,dropoff,2024,4,91,Bronx,Country Club,false,0.2361,0.1739,0.2361
58,dropoff,2024,5,73,Bronx,Country Club,false,0.2361,0.1739,0.2361
58,dropoff,2024,6,74,Bronx,Country Club,false,0.2361,0.1739,0.2361
58,pickup,2023,2,4,Bronx,Country Club,false,0.1333,0.0625,0.1333
58,pickup,2023,3,4,Bronx,Country Club,false,0.1333,0.0625,0.1333
58,pickup,2023,4,1,Bronx,Country Club,false,0.1333,0.0625,0.1333
58,pickup,2023,5,3,Bronx,Country Club,false,0.1333,0.0625,0.1333
58,pickup,2023,6,3,Bronx,Country Club,false,0.1333,0.0625,0.1333
58,pickup,2024,2,3,Bronx,Country Club,false,0.1333,0.0625,0.1333
58,pickup,2024,3,4,Bronx,Country Club,false,0.1333,0.0625,0.1333
58,pickup,2024,4,4,Bronx,Country Club,false,0.1333,0.0625,0.1333
58,pickup,2024,5,2,Bronx,Country Club,false,0.1333,0.0625,0.1333
58,pickup,2024,6,3,Bronx,Country Club,false,0.1333,0.0625,0.1333
59,dropoff,2023,2,16,Bronx,Crotona Park,false,0.1383,0.2637,0.1383
59,dropoff,2023,3,14,Bronx,Crotona Park,false,0.1383,0.2637,0.1383
59,dropoff,2023,4,15,Bronx,Crotona Park,false,0.1383,0.2637,0.1383
59,dropoff,2023,5,16,Bronx,Crotona Park,false,0.1383,0.2637,0.1383
59,dropoff,2023,6,33,Bronx,Crotona Park,false,0.1383,0.2637,0.1383
59,dropoff,2024,2,8,Bronx,Crotona Park,false,0.1383,0.2637,0.1383
59,dropoff,2024,3,21,Bronx,Crotona Park,false,0.1383,0.2637,0.1383
59,dropoff,2024,4,20,Bronx,Crotona Park,false,0.1383,0.2637,0.1383
59,dropoff,2024,5,13,Bronx,Crotona Park,false,0.1383,0.2637,0.1383
59,dropoff,2024,6,29,Bronx,Crotona Park,false,0.1383,0.2637,0.1383
59,pickup,2023,2,1,Bronx,Crotona Park,false,0.0938,0.0417,0.0938
59,pickup,2023,3,3,Bronx,Crotona Park,false,0.0938,0.0417,0.0938
59,pickup,2023,4,2,Bronx,Crotona Park,false,0.0938,0.0417,0.0938
59,pickup,2023,5,6,Bronx,Crotona Park,false,0.0938,0.0417,0.0938
59,pickup,2023,6,20,Bronx,Crotona Park,false,0.0938,0.0417,0.0938
59,pickup,2024,2,1,Bronx,Crotona Park,false,0.0938,0.0417,0.0938
59,pickup,2024,3,7,Bronx,Crotona Park,false,0.0938,0.0417,0.0938
59,pickup,2024,4,6,Bronx,Crotona Park,false,0.0938,0.0417,0.0938
59,pickup,2024,5,5,Bronx,Crotona Park,false,0.0938,0.0417,0.0938
59,pickup,2024,6,5,Bronx,Crotona Park,false,0.0938,0.0417,0.0938
60,dropoff,2023,2,167,Bronx,Crotona Park East,false,0.1821,0.2063,0.1821
60,dropoff,2023,3,191,Bronx,Crotona Park East,false,0.1821,0.2063,0.1821
60,dropoff,2023,4,211,Bronx,Crotona Park East,false,0.1821,0.2063,0.1821
60,dropoff,2023,5,234,Bronx,Crotona Park East,false,0.1821,0.2063,0.1821
60,dropoff,2023,6,191,Bronx,Crotona Park East,false,0.1821,0.2063,0.1821
60,dropoff,2024,2,181,Bronx,Crotona Park East,false,0.1821,0.2063,0.1821
60,dropoff,2024,3,209,Bronx,Crotona Park East,false,0.1821,0.2063,0.1821
60,dropoff,2024,4,265,Bronx,Crotona Park East,false,0.1821,0.2063,0.1821
60,dropoff,2024,5,219,Bronx,Crotona Park East,false,0.1821,0.2063,0.1821
60,dropoff,2024,6,231,Bronx,Crotona Park East,false,0.1821,0.2063,0.1821
60,pickup,2023,2,42,Bronx,Crotona Park East,false,0.1504,0.268,0.1504
60,pickup,2023,3,62,Bronx,Crotona Park East,false,0.1504,0.268,0.1504
60,pickup,2023,4,56,Bronx,Crotona Park East,false,0.1504,0.268,0.1504
60,pickup,2023,5,54,Bronx,Crotona Park East,false,0.1504,0.268,0.1504
60,pickup,2023,6,52,Bronx,Crotona Park East,false,0.1504,0.268,0.1504
60,pickup,2024,2,88,Bronx,Crotona Park East,false,0.1504,0.268,0.1504
60,pickup,2024,3,116,Bronx,Crotona Park East,false,0.1504,0.268,0.1504
60,pickup,2024,4,120,Bronx,Crotona Park East,false,0.1504,0.268,0.1504
60,pickup,2024,5,138,Bronx,Crotona Park East,false,0.1504,0.268,0.1504
60,pickup,2024,6,109,Bronx,Crotona Park East,false,0.1504,0.268,0.1504
61,dropoff,2023,2,4128,Brooklyn,Crown Heights North,false,0.3455,0.302,0.3455
61,dropoff,2023,3,4698,Brooklyn,Crown Heights North,false,0.3455,0.302,0.3455
61,dropoff,2023,4,4613,Brooklyn,Crown Heights North,false,0.3455,0.302,0.3455
61,dropoff,2023,5,4867,Brooklyn,Crown Heights North,false,0.3455,0.302,0.3455
61,dropoff,2023,6,4750,Brooklyn,Crown Heights North,false,0.3455,0.302,0.3455
61,dropoff,2024,2,3705,Brooklyn,Crown Heights North,false,0.3455,0.302,0.3455
61,dropoff,2024,3,4279,Brooklyn,Crown Heights North,false,0.3455,0.302,0.3455
61,dropoff,2024,4,4277,Brooklyn,Crown Heights North,false,0.3455,0.302,0.3455
61,dropoff,2024,5,4461,Brooklyn,Crown Heights North,false,0.3455,0.302,0.3455
61,dropoff,2024,6,4533,Brooklyn,Crown Heights North,false,0.3455,0.302,0.3455
61,pickup,2023,2,362,Brooklyn,Crown Heights North,false,0.0777,0.1432,0.0777
61,pickup,2023,3,450,Brooklyn,Crown Heights North,false,0.0777,0.1432,0.0777
61,pickup,2023,4,511,Brooklyn,Crown Heights North,false,0.0777,0.1432,0.0777
61,pickup,2023,5,489,Brooklyn,Crown Heights North,false,0.0777,0.1432,0.0777
61,pickup,2023,6,427,Brooklyn,Crown Heights North,false,0.0777,0.1432,0.0777
61,pickup,2024,2,860,Brooklyn,Crown Heights North,false,0.0777,0.1432,0.0777
61,pickup,2024,3,1082,Brooklyn,Crown Heights North,false,0.0777,0.1432,0.0777
61,pickup,2024,4,1179,Brooklyn,Crown Heights North,false,0.0777,0.1432,0.0777
61,pickup,2024,5,1269,Brooklyn,Crown Heights North,false,0.0777,0.1432,0.0777
61,pickup,2024,6,1225,Brooklyn,Crown Heights North,false,0.0777,0.1432,0.0777
62,dropoff,2023,2,1303,Brooklyn,Crown Heights South,false,0.3099,0.2815,0.3099
62,dropoff,2023,3,1394,Brooklyn,Crown Heights South,false,0.3099,0.2815,0.3099
62,dropoff,2023,4,1390,Brooklyn,Crown Heights South,false,0.3099,0.2815,0.3099
62,dropoff,2023,5,1499,Brooklyn,Crown Heights South,false,0.3099,0.2815,0.3099
62,dropoff,2023,6,1546,Brooklyn,Crown Heights South,false,0.3099,0.2815,0.3099
62,dropoff,2024,2,1116,Brooklyn,Crown Heights South,false,0.3099,0.2815,0.3099
62,dropoff,2024,3,1323,Brooklyn,Crown Heights South,false,0.3099,0.2815,0.3099
62,dropoff,2024,4,1350,Brooklyn,Crown Heights South,false,0.3099,0.2815,0.3099
62,dropoff,2024,5,1534,Brooklyn,Crown Heights South,false,0.3099,0.2815,0.3099
62,dropoff,2024,6,1415,Brooklyn,Crown Heights South,false,0.3099,0.2815,0.3099
62,pickup,2023,2,119,Brooklyn,Crown Heights South,false,0.101,0.134,0.101
62,pickup,2023,3,150,Brooklyn,Crown Heights South,false,0.101,0.134,0.101
62,pickup,2023,4,132,Brooklyn,Crown Heights South,false,0.101,0.134,0.101
62,pickup,2023,5,131,Brooklyn,Crown Heights South,false,0.101,0.134,0.101
62,pickup,2023,6,141,Brooklyn,Crown Heights South,false,0.101,0.134,0.101
62,pickup,2024,2,302,Brooklyn,Crown Heights South,false,0.101,0.134,0.101
62,pickup,2024,3,398,Brooklyn,Crown Heights South,false,0.101,0.134,0.101
62,pickup,2024,4,436,Brooklyn,Crown Heights South,false,0.101,0.134,0.101
62,pickup,2024,5,525,Brooklyn,Crown Heights South,false,0.101,0.134,0.101
62,pickup,2024,6,429,Brooklyn,Crown Heights South,false,0.101,0.134,0.101
63,dropoff,2023,2,437,Brooklyn,Cypress Hills,false,0.1087,0.1154,0.1087
63,dropoff,2023,3,505,Brooklyn,Cypress Hills,false,0.1087,0.1154,0.1087
63,dropoff,2023,4,489,Brooklyn,Cypress Hills,false,0.1087,0.1154,0.1087
63,dropoff,2023,5,524,Brooklyn,Cypress Hills,false,0.1087,0.1154,0.1087
63,dropoff,2023,6,491,Brooklyn,Cypress Hills,false,0.1087,0.1154,0.1087
63,dropoff,2024,2,474,Brooklyn,Cypress Hills,false,0.1087,0.1154,0.1087
63,dropoff,2024,3,549,Brooklyn,Cypress Hills,false,0.1087,0.1154,0.1087
63,dropoff,2024,4,578,Brooklyn,Cypress Hills,false,0.1087,0.1154,0.1087
63,dropoff,2024,5,629,Brooklyn,Cypress Hills,false,0.1087,0.1154,0.1087
63,dropoff,2024,6,603,Brooklyn,Cypress Hills,false,0.1087,0.1154,0.1087
63,pickup,2023,2,76,Brooklyn,Cypress Hills,false,0.1114,0.1749,0.1114
63,pickup,2023,3,82,Brooklyn,Cypress Hills,false,0.1114,0.1749,0.1114
63,pickup,2023,4,66,Brooklyn,Cypress Hills,false,0.1114,0.1749,0.1114
63,pickup,2023,5,77,Brooklyn,Cypress Hills,false,0.1114,0.1749,0.1114
63,pickup,2023,6,58,Brooklyn,Cypress Hills,false,0.1114,0.1749,0.1114
63,pickup,2024,2,119,Brooklyn,Cypress Hills,false,0.1114,0.1749,0.1114
63,pickup,2024,3,163,Brooklyn,Cypress Hills,false,0.1114,0.1749,0.1114
63,pickup,2024,4,169,Brooklyn,Cypress Hills,false,0.1114,0.1749,0.1114
63,pickup,2024,5,184,Brooklyn,Cypress Hills,false,0.1114,0.1749,0.1114
63,pickup,2024,6,240,Brooklyn,Cypress Hills,false,0.1114,0.1749,0.1114
64,dropoff,2023,2,355,Queens,Douglaston,false,0.0922,0.0848,0.0922
64,dropoff,2023,3,405,Queens,Douglaston,false,0.0922,0.0848,0.0922
64,dropoff,2023,4,426,Queens,Douglaston,false,0.0922,0.0848,0.0922
64,dropoff,2023,5,373,Queens,Douglaston,false,0.0922,0.0848,0.0922
64,dropoff,2023,6,382,Queens,Douglaston,false,0.0922,0.0848,0.0922
64,dropoff,2024,2,367,Queens,Douglaston,false,0.0922,0.0848,0.0922
64,dropoff,2024,3,393,Queens,Douglaston,false,0.0922,0.0848,0.0922
64,dropoff,2024,4,424,Queens,Douglaston,false,0.0922,0.0848,0.0922
64,dropoff,2024,5,387,Queens,Douglaston,false,0.0922,0.0848,0.0922
64,dropoff,2024,6,352,Queens,Douglaston,false,0.0922,0.0848,0.0922
64,pickup,2023,2,21,Queens,Douglaston,false,0.136,0.0931,0.136
64,pickup,2023,3,30,Queens,Douglaston,false,0.136,0.0931,0.136
64,pickup,2023,4,30,Queens,Douglaston,false,0.136,0.0931,0.136
64,pickup,2023,5,15,Queens,Douglaston,false,0.136,0.0931,0.136
64,pickup,2023,6,29,Queens,Douglaston,false,0.136,0.0931,0.136
64,pickup,2024,2,34,Queens,Douglaston,false,0.136,0.0931,0.136
64,pickup,2024,3,48,Queens,Douglaston,false,0.136,0.0931,0.136
64,pickup,2024,4,44,Queens,Douglaston,false,0.136,0.0931,0.136
64,pickup,2024,5,43,Queens,Douglaston,false,0.136,0.0931,0.136
64,pickup,2024,6,35,Queens,Douglaston,false,0.136,0.0931,0.136
65,dropoff,2023,2,3694,Brooklyn,Downtown Brooklyn/MetroTech,false,0.5155,0.5064,0.5155
65,dropoff,2023,3,4483,Brooklyn,Downtown Brooklyn/MetroTech,false,0.5155,0.5064,0.5155
65,dropoff,2023,4,4831,Brooklyn,Downtown Brooklyn/MetroTech,false,0.5155,0.5064,0.5155
65,dropoff,2023,5,5372,Brooklyn,Downtown Brooklyn/MetroTech,false,0.5155,0.5064,0.5155
65,dropoff,2023,6,4992,Brooklyn,Downtown Brooklyn/MetroTech,false,0.5155,0.5064,0.5155
65,dropoff,2024,2,3688,Brooklyn,Downtown Brooklyn/MetroTech,false,0.5155,0.5064,0.5155
65,dropoff,2024,3,4519,Brooklyn,Downtown Brooklyn/MetroTech,false,0.5155,0.5064,0.5155
65,dropoff,2024,4,4562,Brooklyn,Downtown Brooklyn/MetroTech,false,0.5155,0.5064,0.5155
65,dropoff,2024,5,5260,Brooklyn,Downtown Brooklyn/MetroTech,false,0.5155,0.5064,0.5155
65,dropoff,2024,6,4726,Brooklyn,Downtown Brooklyn/MetroTech,false,0.5155,0.5064,0.5155
65,pickup,2023,2,1425,Brooklyn,Downtown Brooklyn/MetroTech,false,0.4525,0.3889,0.4525
65,pickup,2023,3,1749,Brooklyn,Downtown Brooklyn/MetroTech,false,0.4525,0.3889,0.4525
65,pickup,2023,4,1830,Brooklyn,Downtown Brooklyn/MetroTech,false,0.4525,0.3889,0.4525
65,pickup,2023,5,2195,Brooklyn,Downtown Brooklyn/MetroTech,false,0.4525,0.3889,0.4525
65,pickup,2023,6,1998,Brooklyn,Downtown Brooklyn/MetroTech,false,0.4525,0.3889,0.4525
65,pickup,2024,2,1321,Brooklyn,Downtown Brooklyn/MetroTech,false,0.4525,0.3889,0.4525
65,pickup,2024,3,1621,Brooklyn,Downtown Brooklyn/MetroTech,false,0.4525,0.3889,0.4525
65,pickup,2024,4,1668,Brooklyn,Downtown Brooklyn/MetroTech,false,0.4525,0.3889,0.4525
65,pickup,2024,5,2048,Brooklyn,Downtown Brooklyn/MetroTech,false,0.4525,0.3889,0.4525
65,pickup,2024,6,1789,Brooklyn,Downtown Brooklyn/MetroTech,false,0.4525,0.3889,0.4525
66,dropoff,2023,2,3378,Brooklyn,DUMBO/Vinegar Hill,false,0.7132,0.7114,0.7132
66,dropoff,2023,3,4168,Brooklyn,DUMBO/Vinegar Hill,false,0.7132,0.7114,0.7132
66,dropoff,2023,4,4296,Brooklyn,DUMBO/Vinegar Hill,false,0.7132,0.7114,0.7132
66,dropoff,2023,5,4548,Brooklyn,DUMBO/Vinegar Hill,false,0.7132,0.7114,0.7132
66,dropoff,2023,6,4273,Brooklyn,DUMBO/Vinegar Hill,false,0.7132,0.7114,0.7132
66,dropoff,2024,2,3492,Brooklyn,DUMBO/Vinegar Hill,false,0.7132,0.7114,0.7132
66,dropoff,2024,3,4074,Brooklyn,DUMBO/Vinegar Hill,false,0.7132,0.7114,0.7132
66,dropoff,2024,4,4037,Brooklyn,DUMBO/Vinegar Hill,false,0.7132,0.7114,0.7132
66,dropoff,2024,5,4225,Brooklyn,DUMBO/Vinegar Hill,false,0.7132,0.7114,0.7132
66,dropoff,2024,6,4293,Brooklyn,DUMBO/Vinegar Hill,false,0.7132,0.7114,0.7132
66,pickup,2023,2,457,Brooklyn,DUMBO/Vinegar Hill,false,0.4737,0.4644,0.4737
66,pickup,2023,3,616,Brooklyn,DUMBO/Vinegar Hill,false,0.4737,0.4644,0.4737
66,pickup,2023,4,781,Brooklyn,DUMBO/Vinegar Hill,false,0.4737,0.4644,0.4737
66,pickup,2023,5,1003,Brooklyn,DUMBO/Vinegar Hill,false,0.4737,0.4644,0.4737
66,pickup,2023,6,905,Brooklyn,DUMBO/Vinegar Hill,false,0.4737,0.4644,0.4737
66,pickup,2024,2,525,Brooklyn,DUMBO/Vinegar Hill,false,0.4737,0.4644,0.4737
66,pickup,2024,3,620,Brooklyn,DUMBO/Vinegar Hill,false,0.4737,0.4644,0.4737
66,pickup,2024,4,765,Brooklyn,DUMBO/Vinegar Hill,false,0.4737,0.4644,0.4737
66,pickup,2024,5,947,Brooklyn,DUMBO/Vinegar Hill,false,0.4737,0.4644,0.4737
66,pickup,2024,6,1017,Brooklyn,DUMBO/Vinegar Hill,false,0.4737,0.4644,0.4737
67,dropoff,2023,2,317,Brooklyn,Dyker Heights,false,0.4772,0.3815,0.4772
67,dropoff,2023,3,360,Brooklyn,Dyker Heights,false,0.4772,0.3815,0.4772
67,dropoff,2023,4,400,Brooklyn,Dyker Heights,false,0.4772,0.3815,0.4772
67,dropoff,2023,5,417,Brooklyn,Dyker Heights,false,0.4772,0.3815,0.4772
67,dropoff,2023,6,392,Brooklyn,Dyker Heights,false,0.4772,0.3815,0.4772
67,dropoff,2024,2,313,Brooklyn,Dyker Heights,false,0.4772,0.3815,0.4772
67,dropoff,2024,3,388,Brooklyn,Dyker Heights,false,0.4772,0.3815,0.4772
67,dropoff,2024,4,409,Brooklyn,Dyker Heights,false,0.4772,0.3815,0.4772
67,dropoff,2024,5,395,Brooklyn,Dyker Heights,false,0.4772,0.3815,0.4772
67,dropoff,2024,6,372,Brooklyn,Dyker Heights,false,0.4772,0.3815,0.4772
67,pickup,2023,2,50,Brooklyn,Dyker Heights,false,0.5782,0.3231,0.5782
67,pickup,2023,3,70,Brooklyn,Dyker Heights,false,0.5782,0.3231,0.5782
67,pickup,2023,4,57,Brooklyn,Dyker Heights,false,0.5782,0.3231,0.5782
67,pickup,2023,5,68,Brooklyn,Dyker Heights,false,0.5782,0.3231,0.5782
67,pickup,2023,6,49,Brooklyn,Dyker Heights,false,0.5782,0.3231,0.5782
67,pickup,2024,2,69,Brooklyn,Dyker Heights,false,0.5782,0.3231,0.5782
67,pickup,2024,3,80,Brooklyn,Dyker Heights,false,0.5782,0.3231,0.5782
67,pickup,2024,4,89,Brooklyn,Dyker Heights,false,0.5782,0.3231,0.5782
67,pickup,2024,5,74,Brooklyn,Dyker Heights,false,0.5782,0.3231,0.5782
67,pickup,2024,6,78,Brooklyn,Dyker Heights,false,0.5782,0.3231,0.5782
68,dropoff,2023,2,70033,Manhattan,East Chelsea,true,1.0,1.0,1.0
68,dropoff,2023,3,81382,Manhattan,East Chelsea,true,1.0,1.0,1.0
68,dropoff,2023,4,79853,Manhattan,East Chelsea,true,1.0,1.0,1.0
68,dropoff,2023,5,81899,Manhattan,East Chelsea,true,1.0,1.0,1.0
68,dropoff,2023,6,79040,Manhattan,East Chelsea,true,1.0,1.0,1.0
68,dropoff,2024,2,71426,Manhattan,East Chelsea,true,1.0,1.0,1.0
68,dropoff,2024,3,80380,Manhattan,East Chelsea,true,1.0,1.0,1.0
68,dropoff,2024,4,78795,Manhattan,East Chelsea,true,1.0,1.0,1.0
68,dropoff,2024,5,82481,Manhattan,East Chelsea,true,1.0,1.0,1.0
68,dropoff,2024,6,80853,Manhattan,East Chelsea,true,1.0,1.0,1.0
68,pickup,2023,2,72736,Manhattan,East Chelsea,true,1.0,1.0,1.0
68,pickup,2023,3,82786,Manhattan,East Chelsea,true,1.0,1.0,1.0
68,pickup,2023,4,80038,Manhattan,East Chelsea,true,1.0,1.0,1.0
68,pickup,2023,5,82361,Manhattan,East Chelsea,true,1.0,1.0,1.0
68,pickup,2023,6,81058,Manhattan,East Chelsea,true,1.0,1.0,1.0
68,pickup,2024,2,75192,Manhattan,East Chelsea,true,1.0,1.0,1.0
68,pickup,2024,3,83334,Manhattan,East Chelsea,true,1.0,1.0,1.0
68,pickup,2024,4,81991,Manhattan,East Chelsea,true,1.0,1.0,1.0
68,pickup,2024,5,88239,Manhattan,East Chelsea,true,1.0,1.0,1.0
68,pickup,2024,6,86038,Manhattan,East Chelsea,true,1.0,1.0,1.0
69,dropoff,2023,2,942,Bronx,East Concourse/Concourse Village,false,0.274,0.2335,0.274
69,dropoff,2023,3,1040,Bronx,East Concourse/Concourse Village,false,0.274,0.2335,0.274
69,dropoff,2023,4,1035,Bronx,East Concourse/Concourse Village,false,0.274,0.2335,0.274
69,dropoff,2023,5,1067,Bronx,East Concourse/Concourse Village,false,0.274,0.2335,0.274
69,dropoff,2023,6,1036,Bronx,East Concourse/Concourse Village,false,0.274,0.2335,0.274
69,dropoff,2024,2,903,Bronx,East Concourse/Concourse Village,false,0.274,0.2335,0.274
69,dropoff,2024,3,943,Bronx,East Concourse/Concourse Village,false,0.274,0.2335,0.274
69,dropoff,2024,4,942,Bronx,East Concourse/Concourse Village,false,0.274,0.2335,0.274
69,dropoff,2024,5,1076,Bronx,East Concourse/Concourse Village,false,0.274,0.2335,0.274
69,dropoff,2024,6,1010,Bronx,East Concourse/Concourse Village,false,0.274,0.2335,0.274
69,pickup,2023,2,177,Bronx,East Concourse/Concourse Village,false,0.1764,0.2349,0.1764
69,pickup,2023,3,233,Bronx,East Concourse/Concourse Village,false,0.1764,0.2349,0.1764
69,pickup,2023,4,201,Bronx,East Concourse/Concourse Village,false,0.1764,0.2349,0.1764
69,pickup,2023,5,228,Bronx,East Concourse/Concourse Village,false,0.1764,0.2349,0.1764
69,pickup,2023,6,176,Bronx,East Concourse/Concourse Village,false,0.1764,0.2349,0.1764
69,pickup,2024,2,331,Bronx,East Concourse/Concourse Village,false,0.1764,0.2349,0.1764
69,pickup,2024,3,333,Bronx,East Concourse/Concourse Village,false,0.1764,0.2349,0.1764
69,pickup,2024,4,330,Bronx,East Concourse/Concourse Village,false,0.1764,0.2349,0.1764
69,pickup,2024,5,362,Bronx,East Concourse/Concourse Village,false,0.1764,0.2349,0.1764
69,pickup,2024,6,338,Bronx,East Concourse/Concourse Village,false,0.1764,0.2349,0.1764
70,dropoff,2023,2,1421,Queens,East Elmhurst,false,0.1605,0.1975,0.1605
70,dropoff,2023,3,1959,Queens,East Elmhurst,false,0.1605,0.1975,0.1605
70,dropoff,2023,4,1939,Queens,East Elmhurst,false,0.1605,0.1975,0.1605
70,dropoff,2023,5,1991,Queens,East Elmhurst,false,0.1605,0.1975,0.1605
70,dropoff,2023,6,2046,Queens,East Elmhurst,false,0.1605,0.1975,0.1605
70,dropoff,2024,2,1267,Queens,East Elmhurst,false,0.1605,0.1975,0.1605
70,dropoff,2024,3,1703,Queens,East Elmhurst,false,0.1605,0.1975,0.1605
70,dropoff,2024,4,1611,Queens,East Elmhurst,false,0.1605,0.1975,0.1605
70,dropoff,2024,5,1829,Queens,East Elmhurst,false,0.1605,0.1975,0.1605
70,dropoff,2024,6,1778,Queens,East Elmhurst,false,0.1605,0.1975,0.1605
70,pickup,2023,2,11712,Queens,East Elmhurst,false,0.4573,0.4857,0.4573
70,pickup,2023,3,15941,Queens,East Elmhurst,false,0.4573,0.4857,0.4573
70,pickup,2023,4,15640,Queens,East Elmhurst,false,0.4573,0.4857,0.4573
70,pickup,2023,5,15282,Queens,East Elmhurst,false,0.4573,0.4857,0.4573
70,pickup,2023,6,14220,Queens,East Elmhurst,false,0.4573,0.4857,0.4573
70,pickup,2024,2,11484,Queens,East Elmhurst,false,0.4573,0.4857,0.4573
70,pickup,2024,3,13737,Queens,East Elmhurst,false,0.4573,0.4857,0.4573
70,pickup,2024,4,14109,Queens,East Elmhurst,false,0.4573,0.4857,0.4573
70,pickup,2024,5,14371,Queens,East Elmhurst,false,0.4573,0.4857,0.4573
70,pickup,2024,6,13279,Queens,East Elmhurst,false,0.4573,0.4857,0.4573
71,dropoff,2023,2,528,Brooklyn,East Flatbush/Farragut,false,0.1818,0.145,0.1818
71,dropoff,2023,3,581,Brooklyn,East Flatbush/Farragut,false,0.1818,0.145,0.1818
71,dropoff,2023,4,634,Brooklyn,East Flatbush/Farragut,false,0.1818,0.145,0.1818
71,dropoff,2023,5,750,Brooklyn,East Flatbush/Farragut,false,0.1818,0.145,0.1818
71,dropoff,2023,6,801,Brooklyn,East Flatbush/Farragut,false,0.1818,0.145,0.1818
71,dropoff,2024,2,659,Brooklyn,East Flatbush/Farragut,false,0.1818,0.145,0.1818
71,dropoff,2024,3,794,Brooklyn,East Flatbush/Farragut,false,0.1818,0.145,0.1818
71,dropoff,2024,4,815,Brooklyn,East Flatbush/Farragut,false,0.1818,0.145,0.1818
71,dropoff,2024,5,952,Brooklyn,East Flatbush/Farragut,false,0.1818,0.145,0.1818
71,dropoff,2024,6,903,Brooklyn,East Flatbush/Farragut,false,0.1818,0.145,0.1818
71,pickup,2023,2,130,Brooklyn,East Flatbush/Farragut,false,0.0696,0.1043,0.0696
71,pickup,2023,3,175,Brooklyn,East Flatbush/Farragut,false,0.0696,0.1043,0.0696
71,pickup,2023,4,162,Brooklyn,East Flatbush/Farragut,false,0.0696,0.1043,0.0696
71,pickup,2023,5,169,Brooklyn,East Flatbush/Farragut,false,0.0696,0.1043,0.0696
71,pickup,2023,6,140,Brooklyn,East Flatbush/Farragut,false,0.0696,0.1043,0.0696
71,pickup,2024,2,309,Brooklyn,East Flatbush/Farragut,false,0.0696,0.1043,0.0696
71,pickup,2024,3,510,Brooklyn,East Flatbush/Farragut,false,0.0696,0.1043,0.0696
71,pickup,2024,4,491,Brooklyn,East Flatbush/Farragut,false,0.0696,0.1043,0.0696
71,pickup,2024,5,528,Brooklyn,East Flatbush/Farragut,false,0.0696,0.1043,0.0696
71,pickup,2024,6,512,Brooklyn,East Flatbush/Farragut,false,0.0696,0.1043,0.0696
72,dropoff,2023,2,531,Brooklyn,East Flatbush/Remsen Village,false,0.1264,0.1224,0.1264
72,dropoff,2023,3,703,Brooklyn,East Flatbush/Remsen Village,false,0.1264,0.1224,0.1264
72,dropoff,2023,4,677,Brooklyn,East Flatbush/Remsen Village,false,0.1264,0.1224,0.1264
72,dropoff,2023,5,793,Brooklyn,East Flatbush/Remsen Village,false,0.1264,0.1224,0.1264
72,dropoff,2023,6,659,Brooklyn,East Flatbush/Remsen Village,false,0.1264,0.1224,0.1264
72,dropoff,2024,2,777,Brooklyn,East Flatbush/Remsen Village,false,0.1264,0.1224,0.1264
72,dropoff,2024,3,889,Brooklyn,East Flatbush/Remsen Village,false,0.1264,0.1224,0.1264
72,dropoff,2024,4,985,Brooklyn,East Flatbush/Remsen Village,false,0.1264,0.1224,0.1264
72,dropoff,2024,5,990,Brooklyn,East Flatbush/Remsen Village,false,0.1264,0.1224,0.1264
72,dropoff,2024,6,1001,Brooklyn,East Flatbush/Remsen Village,false,0.1264,0.1224,0.1264
72,pickup,2023,2,174,Brooklyn,East Flatbush/Remsen Village,false,0.1515,0.1672,0.1515
72,pickup,2023,3,196,Brooklyn,East Flatbush/Remsen Village,false,0.1515,0.1672,0.1515
72,pickup,2023,4,164,Brooklyn,East Flatbush/Remsen Village,false,0.1515,0.1672,0.1515
72,pickup,2023,5,183,Brooklyn,East Flatbush/Remsen Village,false,0.1515,0.1672,0.1515
72,pickup,2023,6,161,Brooklyn,East Flatbush/Remsen Village,false,0.1515,0.1672,0.1515
72,pickup,2024,2,434,Brooklyn,East Flatbush/Remsen Village,false,0.1515,0.1672,0.1515
72,pickup,2024,3,572,Brooklyn,East Flatbush/Remsen Village,false,0.1515,0.1672,0.1515
72,pickup,2024,4,547,Brooklyn,East Flatbush/Remsen Village,false,0.1515,0.1672,0.1515
72,pickup,2024,5,614,Brooklyn,East Flatbush/Remsen Village,false,0.1515,0.1672,0.1515
72,pickup,2024,6,578,Brooklyn,East Flatbush/Remsen Village,false,0.1515,0.1672,0.1515
73,dropoff,2023,2,191,Queens,East Flushing,false,0.1418,0.1329,0.1418
73,dropoff,2023,3,208,Queens,East Flushing,false,0.1418,0.1329,0.1418
73,dropoff,2023,4,229,Queens,East Flushing,false,0.1418,0.1329,0.1418
73,dropoff,2023,5,272,Queens,East Flushing,false,0.1418,0.1329,0.1418
73,dropoff,2023,6,264,Queens,East Flushing,false,0.1418,0.1329,0.1418
73,dropoff,2024,2,152,Queens,East Flushing,false,0.1418,0.1329,0.1418
73,dropoff,2024,3,168,Queens,East Flushing,false,0.1418,0.1329,0.1418
73,dropoff,2024,4,196,Queens,East Flushing,false,0.1418,0.1329,0.1418
73,dropoff,2024,5,223,Queens,East Flushing,false,0.1418,0.1329,0.1418
73,dropoff,2024,6,179,Queens,East Flushing,false,0.1418,0.1329,0.1418
73,pickup,2023,2,23,Queens,East Flushing,false,0.1429,0.1203,0.1429
73,pickup,2023,3,32,Queens,East Flushing,false,0.1429,0.1203,0.1429
73,pickup,2023,4,19,Queens,East Flushing,false,0.1429,0.1203,0.1429
73,pickup,2023,5,25,Queens,East Flushing,false,0.1429,0.1203,0.1429
73,pickup,2023,6,20,Queens,East Flushing,false,0.1429,0.1203,0.1429
73,pickup,2024,2,33,Queens,East Flushing,false,0.1429,0.1203,0.1429
73,pickup,2024,3,27,Queens,East Flushing,false,0.1429,0.1203,0.1429
73,pickup,2024,4,29,Queens,East Flushing,false,0.1429,0.1203,0.1429
73,pickup,2024,5,40,Queens,East Flushing,false,0.1429,0.1203,0.1429
73,pickup,2024,6,29,Queens,East Flushing,false,0.1429,0.1203,0.1429
74,dropoff,2023,2,18390,Manhattan,East Harlem North,false,0.2154,0.1897,0.2154
74,dropoff,2023,3,21882,Manhattan,East Harlem North,false,0.2154,0.1897,0.2154
74,dropoff,2023,4,20781,Manhattan,East Harlem North,false,0.2154,0.1897,0.2154
74,dropoff,2023,5,22380,Manhattan,East Harlem North,false,0.2154,0.1897,0.2154
74,dropoff,2023,6,21219,Manhattan,East Harlem North,false,0.2154,0.1897,0.2154
74,dropoff,2024,2,17035,Manhattan,East Harlem North,false,0.2154,0.1897,0.2154
74,dropoff,2024,3,19274,Manhattan,East Harlem North,false,0.2154,0.1897,0.2154
74,dropoff,2024,4,18672,Manhattan,East Harlem North,false,0.2154,0.1897,0.2154
74,dropoff,2024,5,20865,Manhattan,East Harlem North,false,0.2154,0.1897,0.2154
74,dropoff,2024,6,19930,Manhattan,East Harlem North,false,0.2154,0.1897,0.2154
74,pickup,2023,2,5567,Manhattan,East Harlem North,false,0.0979,0.0944,0.0979
74,pickup,2023,3,6777,Manhattan,East Harlem North,false,0.0979,0.0944,0.0979
74,pickup,2023,4,6358,Manhattan,East Harlem North,false,0.0979,0.0944,0.0979
74,pickup,2023,5,6910,Manhattan,East Harlem North,false,0.0979,0.0944,0.0979
74,pickup,2023,6,6273,Manhattan,East Harlem North,false,0.0979,0.0944,0.0979
74,pickup,2024,2,5334,Manhattan,East Harlem North,false,0.0979,0.0944,0.0979
74,pickup,2024,3,6228,Manhattan,East Harlem North,false,0.0979,0.0944,0.0979
74,pickup,2024,4,5914,Manhattan,East Harlem North,false,0.0979,0.0944,0.0979
74,pickup,2024,5,6563,Manhattan,East Harlem North,false,0.0979,0.0944,0.0979
74,pickup,2024,6,6408,Manhattan,East Harlem North,false,0.0979,0.0944,0.0979
75,dropoff,2023,2,34056,Manhattan,East Harlem South,false,0.2713,0.2584,0.2713
75,dropoff,2023,3,39240,Manhattan,East Harlem South,false,0.2713,0.2584,0.2713
75,dropoff,2023,4,36561,Manhattan,East Harlem South,false,0.2713,0.2584,0.2713
75,dropoff,2023,5,39200,Manhattan,East Harlem South,false,0.2713,0.2584,0.2713
75,dropoff,2023,6,35766,Manhattan,East Harlem South,false,0.2713,0.2584,0.2713
75,dropoff,2024,2,32566,Manhattan,East Harlem South,false,0.2713,0.2584,0.2713
75,dropoff,2024,3,35100,Manhattan,East Harlem South,false,0.2713,0.2584,0.2713
75,dropoff,2024,4,34446,Manhattan,East Harlem South,false,0.2713,0.2584,0.2713
75,dropoff,2024,5,37092,Manhattan,East Harlem South,false,0.2713,0.2584,0.2713
75,dropoff,2024,6,33525,Manhattan,East Harlem South,false,0.2713,0.2584,0.2713
75,pickup,2023,2,16973,Manhattan,East Harlem South,false,0.1793,0.1729,0.1793
75,pickup,2023,3,19079,Manhattan,East Harlem South,false,0.1793,0.1729,0.1793
75,pickup,2023,4,17680,Manhattan,East Harlem South,false,0.1793,0.1729,0.1793
75,pickup,2023,5,19429,Manhattan,East Harlem South,false,0.1793,0.1729,0.1793
75,pickup,2023,6,18000,Manhattan,East Harlem South,false,0.1793,0.1729,0.1793
75,pickup,2024,2,16593,Manhattan,East Harlem South,false,0.1793,0.1729,0.1793
75,pickup,2024,3,17565,Manhattan,East Harlem South,false,0.1793,0.1729,0.1793
75,pickup,2024,4,16987,Manhattan,East Harlem South,false,0.1793,0.1729,0.1793
75,pickup,2024,5,18732,Manhattan,East Harlem South,false,0.1793,0.1729,0.1793
75,pickup,2024,6,16814,Manhattan,East Harlem South,false,0.1793,0.1729,0.1793
76,dropoff,2023,2,1087,Brooklyn,East New York,false,0.0903,0.0955,0.0903
76,dropoff,2023,3,1403,Brooklyn,East New York,false,0.0903,0.0955,0.0903
76,dropoff,2023,4,1307,Brooklyn,East New York,false,0.0903,0.0955,0.0903
76,dropoff,2023,5,1338,Brooklyn,East New York,false,0.0903,0.0955,0.0903
76,dropoff,2023,6,1313,Brooklyn,East New York,false,0.0903,0.0955,0.0903
76,dropoff,2024,2,1457,Brooklyn,East New York,false,0.0903,0.0955,0.0903
76,dropoff,2024,3,1792,Brooklyn,East New York,false,0.0903,0.0955,0.0903
76,dropoff,2024,4,1937,Brooklyn,East New York,false,0.0903,0.0955,0.0903
76,dropoff,2024,5,2072,Brooklyn,East New York,false,0.0903,0.0955,0.0903
76,dropoff,2024,6,1976,Brooklyn,East New York,false,0.0903,0.0955,0.0903
76,pickup,2023,2,325,Brooklyn,East New York,false,0.1322,0.1477,0.1322
76,pickup,2023,3,420,Brooklyn,East New York,false,0.1322,0.1477,0.1322
76,pickup,2023,4,385,Brooklyn,East New York,false,0.1322,0.1477,0.1322
76,pickup,2023,5,412,Brooklyn,East New York,false,0.1322,0.1477,0.1322
76,pickup,2023,6,356,Brooklyn,East New York,false,0.1322,0.1477,0.1322
76,pickup,2024,2,799,Brooklyn,East New York,false,0.1322,0.1477,0.1322
76,pickup,2024,3,1070,Brooklyn,East New York,false,0.1322,0.1477,0.1322
76,pickup,2024,4,1164,Brooklyn,East New York,false,0.1322,0.1477,0.1322
76,pickup,2024,5,1201,Brooklyn,East New York,false,0.1322,0.1477,0.1322
76,pickup,2024,6,1155,Brooklyn,East New York,false,0.1322,0.1477,0.1322
77,dropoff,2023,2,265,Brooklyn,East New York/Pennsylvania Avenue,false,0.1416,0.1391,0.1416
77,dropoff,2023,3,316,Brooklyn,East New York/Pennsylvania Avenue,false,0.1416,0.1391,0.1416
77,dropoff,2023,4,359,Brooklyn,East New York/Pennsylvania Avenue,false,0.1416,0.1391,0.1416
77,dropoff,2023,5,333,Brooklyn,East New York/Pennsylvania Avenue,false,0.1416,0.1391,0.1416
77,dropoff,2023,6,373,Brooklyn,East New York/Pennsylvania Avenue,false,0.1416,0.1391,0.1416
77,dropoff,2024,2,353,Brooklyn,East New York/Pennsylvania Avenue,false,0.1416,0.1391,0.1416
77,dropoff,2024,3,401,Brooklyn,East New York/Pennsylvania Avenue,false,0.1416,0.1391,0.1416
77,dropoff,2024,4,468,Brooklyn,East New York/Pennsylvania Avenue,false,0.1416,0.1391,0.1416
77,dropoff,2024,5,478,Brooklyn,East New York/Pennsylvania Avenue,false,0.1416,0.1391,0.1416
77,dropoff,2024,6,471,Brooklyn,East New York/Pennsylvania Avenue,false,0.1416,0.1391,0.1416
77,pickup,2023,2,65,Brooklyn,East New York/Pennsylvania Avenue,false,0.1703,0.148,0.1703
77,pickup,2023,3,74,Brooklyn,East New York/Pennsylvania Avenue,false,0.1703,0.148,0.1703
77,pickup,2023,4,92,Brooklyn,East New York/Pennsylvania Avenue,false,0.1703,0.148,0.1703
77,pickup,2023,5,101,Brooklyn,East New York/Pennsylvania Avenue,false,0.1703,0.148,0.1703
77,pickup,2023,6,85,Brooklyn,East New York/Pennsylvania Avenue,false,0.1703,0.148,0.1703
77,pickup,2024,2,178,Brooklyn,East New York/Pennsylvania Avenue,false,0.1703,0.148,0.1703
77,pickup,2024,3,219,Brooklyn,East New York/Pennsylvania Avenue,false,0.1703,0.148,0.1703
77,pickup,2024,4,250,Brooklyn,East New York/Pennsylvania Avenue,false,0.1703,0.148,0.1703
77,pickup,2024,5,289,Brooklyn,East New York/Pennsylvania Avenue,false,0.1703,0.148,0.1703
77,pickup,2024,6,260,Brooklyn,East New York/Pennsylvania Avenue,false,0.1703,0.148,0.1703
78,dropoff,2023,2,287,Bronx,East Tremont,false,0.2219,0.1911,0.2219
78,dropoff,2023,3,334,Bronx,East Tremont,false,0.2219,0.1911,0.2219
78,dropoff,2023,4,318,Bronx,East Tremont,false,0.2219,0.1911,0.2219
78,dropoff,2023,5,339,Bronx,East Tremont,false,0.2219,0.1911,0.2219
78,dropoff,2023,6,308,Bronx,East Tremont,false,0.2219,0.1911,0.2219
78,dropoff,2024,2,288,Bronx,East Tremont,false,0.2219,0.1911,0.2219
78,dropoff,2024,3,338,Bronx,East Tremont,false,0.2219,0.1911,0.2219
78,dropoff,2024,4,348,Bronx,East Tremont,false,0.2219,0.1911,0.2219
78,dropoff,2024,5,372,Bronx,East Tremont,false,0.2219,0.1911,0.2219
78,dropoff,2024,6,355,Bronx,East Tremont,false,0.2219,0.1911,0.2219
78,pickup,2023,2,116,Bronx,East Tremont,false,0.0916,0.1755,0.0916
78,pickup,2023,3,151,Bronx,East Tremont,false,0.0916,0.1755,0.0916
78,pickup,2023,4,107,Bronx,East Tremont,false,0.0916,0.1755,0.0916
78,pickup,2023,5,140,Bronx,East Tremont,false,0.0916,0.1755,0.0916
78,pickup,2023,6,130,Bronx,East Tremont,false,0.0916,0.1755,0.0916
78,pickup,2024,2,184,Bronx,East Tremont,false,0.0916,0.1755,0.0916
78,pickup,2024,3,215,Bronx,East Tremont,false,0.0916,0.1755,0.0916
78,pickup,2024,4,198,Bronx,East Tremont,false,0.0916,0.1755,0.0916
78,pickup,2024,5,197,Bronx,East Tremont,false,0.0916,0.1755,0.0916
78,pickup,2024,6,169,Bronx,East Tremont,false,0.0916,0.1755,0.0916
79,dropoff,2023,2,60452,Manhattan,East Village,true,1.0,1.0,1.0
79,dropoff,2023,3,68245,Manhattan,East Village,true,1.0,1.0,1.0
79,dropoff,2023,4,64343,Manhattan,East Village,true,1.0,1.0,1.0
79,dropoff,2023,5,64733,Manhattan,East Village,true,1.0,1.0,1.0
79,dropoff,2023,6,63322,Manhattan,East Village,true,1.0,1.0,1.0
79,dropoff,2024,2,58290,Manhattan,East Village,true,1.0,1.0,1.0
79,dropoff,2024,3,65489,Manhattan,East Village,true,1.0,1.0,1.0
79,dropoff,2024,4,59643,Manhattan,East Village,true,1.0,1.0,1.0
79,dropoff,2024,5,61290,Manhattan,East Village,true,1.0,1.0,1.0
79,dropoff,2024,6,61070,Manhattan,East Village,true,1.0,1.0,1.0
79,pickup,2023,2,71473,Manhattan,East Village,true,1.0,1.0,1.0
79,pickup,2023,3,79350,Manhattan,East Village,true,1.0,1.0,1.0
79,pickup,2023,4,76372,Manhattan,East Village,true,1.0,1.0,1.0
79,pickup,2023,5,76325,Manhattan,East Village,true,1.0,1.0,1.0
79,pickup,2023,6,74308,Manhattan,East Village,true,1.0,1.0,1.0
79,pickup,2024,2,66377,Manhattan,East Village,true,1.0,1.0,1.0
79,pickup,2024,3,73115,Manhattan,East Village,true,1.0,1.0,1.0
79,pickup,2024,4,66304,Manhattan,East Village,true,1.0,1.0,1.0
79,pickup,2024,5,66798,Manhattan,East Village,true,1.0,1.0,1.0
79,pickup,2024,6,68483,Manhattan,East Village,true,1.0,1.0,1.0
80,dropoff,2023,2,3552,Brooklyn,East Williamsburg,false,0.522,0.5268,0.522
80,dropoff,2023,3,4134,Brooklyn,East Williamsburg,false,0.522,0.5268,0.522
80,dropoff,2023,4,4027,Brooklyn,East Williamsburg,false,0.522,0.5268,0.522
80,dropoff,2023,5,4396,Brooklyn,East Williamsburg,false,0.522,0.5268,0.522
80,dropoff,2023,6,4201,Brooklyn,East Williamsburg,false,0.522,0.5268,0.522
80,dropoff,2024,2,3086,Brooklyn,East Williamsburg,false,0.522,0.5268,0.522
80,dropoff,2024,3,3889,Brooklyn,East Williamsburg,false,0.522,0.5268,0.522
80,dropoff,2024,4,3693,Brooklyn,East Williamsburg,false,0.522,0.5268,0.522
80,dropoff,2024,5,3892,Brooklyn,East Williamsburg,false,0.522,0.5268,0.522
80,dropoff,2024,6,4101,Brooklyn,East Williamsburg,false,0.522,0.5268,0.522
80,pickup,2023,2,302,Brooklyn,East Williamsburg,false,0.2956,0.268,0.2956
80,pickup,2023,3,339,Brooklyn,East Williamsburg,false,0.2956,0.268,0.2956
80,pickup,2023,4,402,Brooklyn,East Williamsburg,false,0.2956,0.268,0.2956
80,pickup,2023,5,499,Brooklyn,East Williamsburg,false,0.2956,0.268,0.2956
80,pickup,2023,6,586,Brooklyn,East Williamsburg,false,0.2956,0.268,0.2956
80,pickup,2024,2,366,Brooklyn,East Williamsburg,false,0.2956,0.268,0.2956
80,pickup,2024,3,437,Brooklyn,East Williamsburg,false,0.2956,0.268,0.2956
80,pickup,2024,4,473,Brooklyn,East Williamsburg,false,0.2956,0.268,0.2956
80,pickup,2024,5,540,Brooklyn,East Williamsburg,false,0.2956,0.268,0.2956
80,pickup,2024,6,770,Brooklyn,East Williamsburg,false,0.2956,0.268,0.2956
81,dropoff,2023,2,197,Bronx,Eastchester,false,0.146,0.1346,0.146
81,dropoff,2023,3,253,Bronx,Eastchester,false,0.146,0.1346,0.146
81,dropoff,2023,4,223,Bronx,Eastchester,false,0.146,0.1346,0.146
81,dropoff,2023,5,259,Bronx,Eastchester,false,0.146,0.1346,0.146
81,dropoff,2023,6,260,Bronx,Eastchester,false,0.146,0.1346,0.146
81,dropoff,2024,2,186,Bronx,Eastchester,false,0.146,0.1346,0.146
81,dropoff,2024,3,243,Bronx,Eastchester,false,0.146,0.1346,0.146
81,dropoff,2024,4,260,Bronx,Eastchester,false,0.146,0.1346,0.146
81,dropoff,2024,5,263,Bronx,Eastchester,false,0.146,0.1346,0.146
81,dropoff,2024,6,281,Bronx,Eastchester,false,0.146,0.1346,0.146
81,pickup,2023,2,81,Bronx,Eastchester,false,0.1387,0.1993,0.1387
81,pickup,2023,3,118,Bronx,Eastchester,false,0.1387,0.1993,0.1387
81,pickup,2023,4,102,Bronx,Eastchester,false,0.1387,0.1993,0.1387
81,pickup,2023,5,113,Bronx,Eastchester,false,0.1387,0.1993,0.1387
81,pickup,2023,6,69,Bronx,Eastchester,false,0.1387,0.1993,0.1387
81,pickup,2024,2,118,Bronx,Eastchester,false,0.1387,0.1993,0.1387
81,pickup,2024,3,112,Bronx,Eastchester,false,0.1387,0.1993,0.1387
81,pickup,2024,4,123,Bronx,Eastchester,false,0.1387,0.1993,0.1387
81,pickup,2024,5,141,Bronx,Eastchester,false,0.1387,0.1993,0.1387
81,pickup,2024,6,98,Bronx,Eastchester,false,0.1387,0.1993,0.1387
82,dropoff,2023,2,1635,Queens,Elmhurst,false,0.2706,0.2298,0.2706
82,dropoff,2023,3,2002,Queens,Elmhurst,false,0.2706,0.2298,0.2706
82,dropoff,2023,4,1812,Queens,Elmhurst,false,0.2706,0.2298,0.2706
82,dropoff,2023,5,1856,Queens,Elmhurst,false,0.2706,0.2298,0.2706
82,dropoff,2023,6,1816,Queens,Elmhurst,false,0.2706,0.2298,0.2706
82,dropoff,2024,2,1492,Queens,Elmhurst,false,0.2706,0.2298,0.2706
82,dropoff,2024,3,1736,Queens,Elmhurst,false,0.2706,0.2298,0.2706
82,dropoff,2024,4,1616,Queens,Elmhurst,false,0.2706,0.2298,0.2706
82,dropoff,2024,5,1816,Queens,Elmhurst,false,0.2706,0.2298,0.2706
82,dropoff,2024,6,1543,Queens,Elmhurst,false,0.2706,0.2298,0.2706
82,pickup,2023,2,361,Queens,Elmhurst,false,0.2197,0.2535,0.2197
82,pickup,2023,3,399,Queens,Elmhurst,false,0.2197,0.2535,0.2197
82,pickup,2023,4,331,Queens,Elmhurst,false,0.2197,0.2535,0.2197
82,pickup,2023,5,366,Queens,Elmhurst,false,0.2197,0.2535,0.2197
82,pickup,2023,6,364,Queens,Elmhurst,false,0.2197,0.2535,0.2197
82,pickup,2024,2,422,Queens,Elmhurst,false,0.2197,0.2535,0.2197
82,pickup,2024,3,443,Queens,Elmhurst,false,0.2197,0.2535,0.2197
82,pickup,2024,4,422,Queens,Elmhurst,false,0.2197,0.2535,0.2197
82,pickup,2024,5,455,Queens,Elmhurst,false,0.2197,0.2535,0.2197
82,pickup,2024,6,412,Queens,Elmhurst,false,0.2197,0.2535,0.2197
83,dropoff,2023,2,667,Queens,Elmhurst/Maspeth,false,0.3054,0.2912,0.3054
83,dropoff,2023,3,849,Queens,Elmhurst/Maspeth,false,0.3054,0.2912,0.3054
83,dropoff,2023,4,765,Queens,Elmhurst/Maspeth,false,0.3054,0.2912,0.3054
83,dropoff,2023,5,933,Queens,Elmhurst/Maspeth,false,0.3054,0.2912,0.3054
83,dropoff,2023,6,921,Queens,Elmhurst/Maspeth,false,0.3054,0.2912,0.3054
83,dropoff,2024,2,637,Queens,Elmhurst/Maspeth,false,0.3054,0.2912,0.3054
83,dropoff,2024,3,764,Queens,Elmhurst/Maspeth,false,0.3054,0.2912,0.3054
83,dropoff,2024,4,685,Queens,Elmhurst/Maspeth,false,0.3054,0.2912,0.3054
83,dropoff,2024,5,708,Queens,Elmhurst/Maspeth,false,0.3054,0.2912,0.3054
83,dropoff,2024,6,668,Queens,Elmhurst/Maspeth,false,0.3054,0.2912,0.3054
83,pickup,2023,2,87,Queens,Elmhurst/Maspeth,false,0.0863,0.1016,0.0863
83,pickup,2023,3,127,Queens,Elmhurst/Maspeth,false,0.0863,0.1016,0.0863
83,pickup,2023,4,143,Queens,Elmhurst/Maspeth,false,0.0863,0.1016,0.0863
83,pickup,2023,5,150,Queens,Elmhurst/Maspeth,false,0.0863,0.1016,0.0863
83,pickup,2023,6,130,Queens,Elmhurst/Maspeth,false,0.0863,0.1016,0.0863
83,pickup,2024,2,141,Queens,Elmhurst/Maspeth,false,0.0863,0.1016,0.0863
83,pickup,2024,3,146,Queens,Elmhurst/Maspeth,false,0.0863,0.1016,0.0863
83,pickup,2024,4,161,Queens,Elmhurst/Maspeth,false,0.0863,0.1016,0.0863
83,pickup,2024,5,190,Queens,Elmhurst/Maspeth,false,0.0863,0.1016,0.0863
83,pickup,2024,6,189,Queens,Elmhurst/Maspeth,false,0.0863,0.1016,0.0863
84,dropoff,2023,2,20,Staten Island,Eltingville/Annadale/Prince's Bay,false,0.4348,0.4923,0.4348
84,dropoff,2023,3,30,Staten Island,Eltingville/Annadale/Prince's Bay,false,0.4348,0.4923,0.4348
84,dropoff,2023,4,20,Staten Island,Eltingville/Annadale/Prince's Bay,false,0.4348,0.4923,0.4348
84,dropoff,2023,5,20,Staten Island,Eltingville/Annadale/Prince's Bay,false,0.4348,0.4923,0.4348
84,dropoff,2023,6,25,Staten Island,Eltingville/Annadale/Prince's Bay,false,0.4348,0.4923,0.4348
84,dropoff,2024,2,22,Staten Island,Eltingville/Annadale/Prince's Bay,false,0.4348,0.4923,0.4348
84,dropoff,2024,3,29,Staten Island,Eltingville/Annadale/Prince's Bay,false,0.4348,0.4923,0.4348
84,dropoff,2024,4,21,Staten Island,Eltingville/Annadale/Prince's Bay,false,0.4348,0.4923,0.4348
84,dropoff,2024,5,20,Staten Island,Eltingville/Annadale/Prince's Bay,false,0.4348,0.4923,0.4348
84,dropoff,2024,6,38,Staten Island,Eltingville/Annadale/Prince's Bay,false,0.4348,0.4923,0.4348
84,pickup,2023,3,3,Staten Island,Eltingville/Annadale/Prince's Bay,false,0.0,0.0,0.0
84,pickup,2023,4,5,Staten Island,Eltingville/Annadale/Prince's Bay,false,0.0,0.0,0.0
84,pickup,2023,5,3,Staten Island,Eltingville/Annadale/Prince's Bay,false,0.0,0.0,0.0
84,pickup,2023,6,1,Staten Island,Eltingville/Annadale/Prince's Bay,false,0.0,0.0,0.0
84,pickup,2024,4,1,Staten Island,Eltingville/Annadale/Prince's Bay,false,0.0,0.0,0.0
84,pickup,2024,6,2,Staten Island,Eltingville/Annadale/Prince's Bay,false,0.0,0.0,0.0
85,dropoff,2023,2,464,Brooklyn,Erasmus,false,0.2724,0.2532,0.2724
85,dropoff,2023,3,554,Brooklyn,Erasmus,false,0.2724,0.2532,0.2724
85,dropoff,2023,4,557,Brooklyn,Erasmus,false,0.2724,0.2532,0.2724
85,dropoff,2023,5,618,Brooklyn,Erasmus,false,0.2724,0.2532,0.2724
85,dropoff,2023,6,623,Brooklyn,Erasmus,false,0.2724,0.2532,0.2724
85,dropoff,2024,2,525,Brooklyn,Erasmus,false,0.2724,0.2532,0.2724
85,dropoff,2024,3,560,Brooklyn,Erasmus,false,0.2724,0.2532,0.2724
85,dropoff,2024,4,624,Brooklyn,Erasmus,false,0.2724,0.2532,0.2724
85,dropoff,2024,5,667,Brooklyn,Erasmus,false,0.2724,0.2532,0.2724
85,dropoff,2024,6,637,Brooklyn,Erasmus,false,0.2724,0.2532,0.2724
85,pickup,2023,2,75,Brooklyn,Erasmus,false,0.1183,0.1719,0.1183
85,pickup,2023,3,103,Brooklyn,Erasmus,false,0.1183,0.1719,0.1183
85,pickup,2023,4,86,Brooklyn,Erasmus,false,0.1183,0.1719,0.1183
85,pickup,2023,5,84,Brooklyn,Erasmus,false,0.1183,0.1719,0.1183
85,pickup,2023,6,83,Brooklyn,Erasmus,false,0.1183,0.1719,0.1183
85,pickup,2024,2,223,Brooklyn,Erasmus,false,0.1183,0.1719,0.1183
85,pickup,2024,3,256,Brooklyn,Erasmus,false,0.1183,0.1719,0.1183
85,pickup,2024,4,286,Brooklyn,Erasmus,false,0.1183,0.1719,0.1183
85,pickup,2024,5,282,Brooklyn,Erasmus,false,0.1183,0.1719,0.1183
85,pickup,2024,6,291,Brooklyn,Erasmus,false,0.1183,0.1719,0.1183
86,dropoff,2023,2,504,Queens,Far Rockaway,false,0.072,0.0719,0.072
86,dropoff,2023,3,516,Queens,Far Rockaway,false,0.072,0.0719,0.072
86,dropoff,2023,4,565,Queens,Far Rockaway,false,0.072,0.0719,0.072
86,dropoff,2023,5,589,Queens,Far Rockaway,false,0.072,0.0719,0.072
86,dropoff,2023,6,644,Queens,Far Rockaway,false,0.072,0.0719,0.072
86,dropoff,2024,2,467,Queens,Far Rockaway,false,0.072,0.0719,0.072
86,dropoff,2024,3,566,Queens,Far Rockaway,false,0.072,0.0719,0.072
86,dropoff,2024,4,590,Queens,Far Rockaway,false,0.072,0.0719,0.072
86,dropoff,2024,5,779,Queens,Far Rockaway,false,0.072,0.0719,0.072
86,dropoff,2024,6,698,Queens,Far Rockaway,false,0.072,0.0719,0.072
86,pickup,2023,2,135,Queens,Far Rockaway,false,0.1684,0.1571,0.1684
86,pickup,2023,3,137,Queens,Far Rockaway,false,0.1684,0.1571,0.1684
86,pickup,2023,4,169,Queens,Far Rockaway,false,0.1684,0.1571,0.1684
86,pickup,2023,5,179,Queens,Far Rockaway,false,0.1684,0.1571,0.1684
86,pickup,2023,6,158,Queens,Far Rockaway,false,0.1684,0.1571,0.1684
86,pickup,2024,2,247,Queens,Far Rockaway,false,0.1684,0.1571,0.1684
86,pickup,2024,3,286,Queens,Far Rockaway,false,0.1684,0.1571,0.1684
86,pickup,2024,4,292,Queens,Far Rockaway,false,0.1684,0.1571,0.1684
86,pickup,2024,5,318,Queens,Far Rockaway,false,0.1684,0.1571,0.1684
86,pickup,2024,6,270,Queens,Far Rockaway,false,0.1684,0.1571,0.1684
87,dropoff,2023,2,19820,Manhattan,Financial District North,true,1.0,1.0,1.0
87,dropoff,2023,3,23125,Manhattan,Financial District North,true,1.0,1.0,1.0
87,dropoff,2023,4,22917,Manhattan,Financial District North,true,1.0,1.0,1.0
87,dropoff,2023,5,25648,Manhattan,Financial District North,true,1.0,1.0,1.0
87,dropoff,2023,6,23817,Manhattan,Financial District North,true,1.0,1.0,1.0
87,dropoff,2024,2,19480,Manhattan,Financial District North,true,1.0,1.0,1.0
87,dropoff,2024,3,21967,Manhattan,Financial District North,true,1.0,1.0,1.0
87,dropoff,2024,4,21599,Manhattan,Financial District North,true,1.0,1.0,1.0
87,dropoff,2024,5,23864,Manhattan,Financial District North,true,1.0,1.0,1.0
87,dropoff,2024,6,24277,Manhattan,Financial District North,true,1.0,1.0,1.0
87,pickup,2023,2,13069,Manhattan,Financial District North,true,1.0,1.0,1.0
87,pickup,2023,3,15713,Manhattan,Financial District North,true,1.0,1.0,1.0
87,pickup,2023,4,15761,Manhattan,Financial District North,true,1.0,1.0,1.0
87,pickup,2023,5,18540,Manhattan,Financial District North,true,1.0,1.0,1.0
87,pickup,2023,6,16918,Manhattan,Financial District North,true,1.0,1.0,1.0
87,pickup,2024,2,11901,Manhattan,Financial District North,true,1.0,1.0,1.0
87,pickup,2024,3,14115,Manhattan,Financial District North,true,1.0,1.0,1.0
87,pickup,2024,4,14573,Manhattan,Financial District North,true,1.0,1.0,1.0
87,pickup,2024,5,16780,Manhattan,Financial District North,true,1.0,1.0,1.0
87,pickup,2024,6,17498,Manhattan,Financial District North,true,1.0,1.0,1.0
88,dropoff,2023,2,8636,Manhattan,Financial District South,true,1.0,1.0,1.0
88,dropoff,2023,3,11138,Manhattan,Financial District South,true,1.0,1.0,1.0
88,dropoff,2023,4,11414,Manhattan,Financial District South,true,1.0,1.0,1.0
88,dropoff,2023,5,12522,Manhattan,Financial District South,true,1.0,1.0,1.0
88,dropoff,2023,6,11681,Manhattan,Financial District South,true,1.0,1.0,1.0
88,dropoff,2024,2,8930,Manhattan,Financial District South,true,1.0,1.0,1.0
88,dropoff,2024,3,11325,Manhattan,Financial District South,true,1.0,1.0,1.0
88,dropoff,2024,4,11050,Manhattan,Financial District South,true,1.0,1.0,1.0
88,dropoff,2024,5,12467,Manhattan,Financial District South,true,1.0,1.0,1.0
88,dropoff,2024,6,12465,Manhattan,Financial District South,true,1.0,1.0,1.0
88,pickup,2023,2,6408,Manhattan,Financial District South,true,1.0,1.0,1.0
88,pickup,2023,3,8721,Manhattan,Financial District South,true,1.0,1.0,1.0
88,pickup,2023,4,8337,Manhattan,Financial District South,true,1.0,1.0,1.0
88,pickup,2023,5,9466,Manhattan,Financial District South,true,1.0,1.0,1.0
88,pickup,2023,6,8752,Manhattan,Financial District South,true,1.0,1.0,1.0
88,pickup,2024,2,6474,Manhattan,Financial District South,true,1.0,1.0,1.0
88,pickup,2024,3,8134,Manhattan,Financial District South,true,1.0,1.0,1.0
88,pickup,2024,4,8098,Manhattan,Financial District South,true,1.0,1.0,1.0
88,pickup,2024,5,8845,Manhattan,Financial District South,true,1.0,1.0,1.0
88,pickup,2024,6,9475,Manhattan,Financial District South,true,1.0,1.0,1.0
89,dropoff,2023,2,2102,Brooklyn,Flatbush/Ditmas Park,false,0.3394,0.293,0.3394
89,dropoff,2023,3,2683,Brooklyn,Flatbush/Ditmas Park,false,0.3394,0.293,0.3394
89,dropoff,2023,4,2663,Brooklyn,Flatbush/Ditmas Park,false,0.3394,0.293,0.3394
89,dropoff,2023,5,2662,Brooklyn,Flatbush/Ditmas Park,false,0.3394,0.293,0.3394
89,dropoff,2023,6,2663,Brooklyn,Flatbush/Ditmas Park,false,0.3394,0.293,0.3394
89,dropoff,2024,2,2166,Brooklyn,Flatbush/Ditmas Park,false,0.3394,0.293,0.3394
89,dropoff,2024,3,2557,Brooklyn,Flatbush/Ditmas Park,false,0.3394,0.293,0.3394
89,dropoff,2024,4,2584,Brooklyn,Flatbush/Ditmas Park,false,0.3394,0.293,0.3394
89,dropoff,2024,5,2716,Brooklyn,Flatbush/Ditmas Park,false,0.3394,0.293,0.3394
89,dropoff,2024,6,2569,Brooklyn,Flatbush/Ditmas Park,false,0.3394,0.293,0.3394
89,pickup,2023,2,224,Brooklyn,Flatbush/Ditmas Park,false,0.1372,0.1632,0.1372
89,pickup,2023,3,311,Brooklyn,Flatbush/Ditmas Park,false,0.1372,0.1632,0.1372
89,pickup,2023,4,295,Brooklyn,Flatbush/Ditmas Park,false,0.1372,0.1632,0.1372
89,pickup,2023,5,321,Brooklyn,Flatbush/Ditmas Park,false,0.1372,0.1632,0.1372
89,pickup,2023,6,278,Brooklyn,Flatbush/Ditmas Park,false,0.1372,0.1632,0.1372
89,pickup,2024,2,546,Brooklyn,Flatbush/Ditmas Park,false,0.1372,0.1632,0.1372
89,pickup,2024,3,686,Brooklyn,Flatbush/Ditmas Park,false,0.1372,0.1632,0.1372
89,pickup,2024,4,780,Brooklyn,Flatbush/Ditmas Park,false,0.1372,0.1632,0.1372
89,pickup,2024,5,806,Brooklyn,Flatbush/Ditmas Park,false,0.1372,0.1632,0.1372
89,pickup,2024,6,760,Brooklyn,Flatbush/Ditmas Park,false,0.1372,0.1632,0.1372
90,dropoff,2023,2,40690,Manhattan,Flatiron,true,1.0,1.0,1.0
90,dropoff,2023,3,46768,Manhattan,Flatiron,true,1.0,1.0,1.0
90,dropoff,2023,4,44584,Manhattan,Flatiron,true,1.0,1.0,1.0
90,dropoff,2023,5,45822,Manhattan,Flatiron,true,1.0,1.0,1.0
90,dropoff,2023,6,43960,Manhattan,Flatiron,true,1.0,1.0,1.0
90,dropoff,2024,2,43277,Manhattan,Flatiron,true,1.0,1.0,1.0
90,dropoff,2024,3,47396,Manhattan,Flatiron,true,1.0,1.0,1.0
90,dropoff,2024,4,45409,Manhattan,Flatiron,true,1.0,1.0,1.0
90,dropoff,2024,5,46604,Manhattan,Flatiron,true,1.0,1.0,1.0
90,dropoff,2024,6,44792,Manhattan,Flatiron,true,1.0,1.0,1.0
90,pickup,2023,2,46039,Manhattan,Flatiron,true,1.0,1.0,1.0
90,pickup,2023,3,54000,Manhattan,Flatiron,true,1.0,1.0,1.0
90,pickup,2023,4,51476,Manhattan,Flatiron,true,1.0,1.0,1.0
90,pickup,2023,5,53080,Manhattan,Flatiron,true,1.0,1.0,1.0
90,pickup,2023,6,52630,Manhattan,Flatiron,true,1.0,1.0,1.0
90,pickup,2024,2,46132,Manhattan,Flatiron,true,1.0,1.0,1.0
90,pickup,2024,3,51148,Manhattan,Flatiron,true,1.0,1.0,1.0
90,pickup,2024,4,48814,Manhattan,Flatiron,true,1.0,1.0,1.0
90,pickup,2024,5,51507,Manhattan,Flatiron,true,1.0,1.0,1.0
90,pickup,2024,6,50283,Manhattan,Flatiron,true,1.0,1.0,1.0
91,dropoff,2023,2,600,Brooklyn,Flatlands,false,0.1654,0.1476,0.1654
91,dropoff,2023,3,741,Brooklyn,Flatlands,false,0.1654,0.1476,0.1654
91,dropoff,2023,4,784,Brooklyn,Flatlands,false,0.1654,0.1476,0.1654
91,dropoff,2023,5,860,Brooklyn,Flatlands,false,0.1654,0.1476,0.1654
91,dropoff,2023,6,837,Brooklyn,Flatlands,false,0.1654,0.1476,0.1654
91,dropoff,2024,2,786,Brooklyn,Flatlands,false,0.1654,0.1476,0.1654
91,dropoff,2024,3,949,Brooklyn,Flatlands,false,0.1654,0.1476,0.1654
91,dropoff,2024,4,957,Brooklyn,Flatlands,false,0.1654,0.1476,0.1654
91,dropoff,2024,5,1048,Brooklyn,Flatlands,false,0.1654,0.1476,0.1654
91,dropoff,2024,6,974,Brooklyn,Flatlands,false,0.1654,0.1476,0.1654
91,pickup,2023,2,200,Brooklyn,Flatlands,false,0.1902,0.1294,0.1902
91,pickup,2023,3,215,Brooklyn,Flatlands,false,0.1902,0.1294,0.1902
91,pickup,2023,4,200,Brooklyn,Flatlands,false,0.1902,0.1294,0.1902
91,pickup,2023,5,218,Brooklyn,Flatlands,false,0.1902,0.1294,0.1902
91,pickup,2023,6,171,Brooklyn,Flatlands,false,0.1902,0.1294,0.1902
91,pickup,2024,2,456,Brooklyn,Flatlands,false,0.1902,0.1294,0.1902
91,pickup,2024,3,501,Brooklyn,Flatlands,false,0.1902,0.1294,0.1902
91,pickup,2024,4,596,Brooklyn,Flatlands,false,0.1902,0.1294,0.1902
91,pickup,2024,5,672,Brooklyn,Flatlands,false,0.1902,0.1294,0.1902
91,pickup,2024,6,550,Brooklyn,Flatlands,false,0.1902,0.1294,0.1902
92,dropoff,2023,2,1505,Queens,Flushing,false,0.1218,0.1247,0.1218
92,dropoff,2023,3,2124,Queens,Flushing,false,0.1218,0.1247,0.1218
92,dropoff,2023,4,2138,Queens,Flushing,false,0.1218,0.1247,0.1218
92,dropoff,2023,5,2481,Queens,Flushing,false,0.1218,0.1247,0.1218
92,dropoff,2023,6,2667,Queens,Flushing,false,0.1218,0.1247,0.1218
92,dropoff,2024,2,1462,Queens,Flushing,false,0.1218,0.1247,0.1218
92,dropoff,2024,3,1843,Queens,Flushing,false,0.1218,0.1247,0.1218
92,dropoff,2024,4,1891,Queens,Flushing,false,0.1218,0.1247,0.1218
92,dropoff,2024,5,2215,Queens,Flushing,false,0.1218,0.1247,0.1218
92,dropoff,2024,6,2117,Queens,Flushing,false,0.1218,0.1247,0.1218
92,pickup,2023,2,130,Queens,Flushing,false,0.109,0.2255,0.109
92,pickup,2023,3,183,Queens,Flushing,false,0.109,0.2255,0.109
92,pickup,2023,4,177,Queens,Flushing,false,0.109,0.2255,0.109
92,pickup,2023,5,208,Queens,Flushing,false,0.109,0.2255,0.109
92,pickup,2023,6,192,Queens,Flushing,false,0.109,0.2255,0.109
92,pickup,2024,2,158,Queens,Flushing,false,0.109,0.2255,0.109
92,pickup,2024,3,226,Queens,Flushing,false,0.109,0.2255,0.109
92,pickup,2024,4,221,Queens,Flushing,false,0.109,0.2255,0.109
92,pickup,2024,5,212,Queens,Flushing,false,0.109,0.2255,0.109
92,pickup,2024,6,185,Queens,Flushing,false,0.109,0.2255,0.109
93,dropoff,2023,2,856,Queens,Flushing Meadows-Corona Park,false,0.2003,0.1773,0.2003
93,dropoff,2023,3,887,Queens,Flushing Meadows-Corona Park,false,0.2003,0.1773,0.2003
93,dropoff,2023,4,817,Queens,Flushing Meadows-Corona Park,false,0.2003,0.1773,0.2003
93,dropoff,2023,5,728,Queens,Flushing Meadows-Corona Park,false,0.2003,0.1773,0.2003
93,dropoff,2023,6,875,Queens,Flushing Meadows-Corona Park,false,0.2003,0.1773,0.2003
93,dropoff,2024,2,776,Queens,Flushing Meadows-Corona Park,false,0.2003,0.1773,0.2003
93,dropoff,2024,3,922,Queens,Flushing Meadows-Corona Park,false,0.2003,0.1773,0.2003
93,dropoff,2024,4,866,Queens,Flushing Meadows-Corona Park,false,0.2003,0.1773,0.2003
93,dropoff,2024,5,1077,Queens,Flushing Meadows-Corona Park,false,0.2003,0.1773,0.2003
93,dropoff,2024,6,955,Queens,Flushing Meadows-Corona Park,false,0.2003,0.1773,0.2003
93,pickup,2023,2,425,Queens,Flushing Meadows-Corona Park,false,0.3874,0.3339,0.3874
93,pickup,2023,3,429,Queens,Flushing Meadows-Corona Park,false,0.3874,0.3339,0.3874
93,pickup,2023,4,326,Queens,Flushing Meadows-Corona Park,false,0.3874,0.3339,0.3874
93,pickup,2023,5,334,Queens,Flushing Meadows-Corona Park,false,0.3874,0.3339,0.3874
93,pickup,2023,6,324,Queens,Flushing Meadows-Corona Park,false,0.3874,0.3339,0.3874
93,pickup,2024,2,428,Queens,Flushing Meadows-Corona Park,false,0.3874,0.3339,0.3874
93,pickup,2024,3,503,Queens,Flushing Meadows-Corona Park,false,0.3874,0.3339,0.3874
93,pickup,2024,4,526,Queens,Flushing Meadows-Corona Park,false,0.3874,0.3339,0.3874
93,pickup,2024,5,526,Queens,Flushing Meadows-Corona Park,false,0.3874,0.3339,0.3874
93,pickup,2024,6,494,Queens,Flushing Meadows-Corona Park,false,0.3874,0.3339,0.3874
94,dropoff,2023,2,179,Bronx,Fordham South,false,0.2378,0.2226,0.2378
94,dropoff,2023,3,212,Bronx,Fordham South,false,0.2378,0.2226,0.2378
94,dropoff,2023,4,190,Bronx,Fordham South,false,0.2378,0.2226,0.2378
94,dropoff,2023,5,202,Bronx,Fordham South,false,0.2378,0.2226,0.2378
94,dropoff,2023,6,201,Bronx,Fordham South,false,0.2378,0.2226,0.2378
94,dropoff,2024,2,177,Bronx,Fordham South,false,0.2378,0.2226,0.2378
94,dropoff,2024,3,211,Bronx,Fordham South,false,0.2378,0.2226,0.2378
94,dropoff,2024,4,193,Bronx,Fordham South,false,0.2378,0.2226,0.2378
94,dropoff,2024,5,192,Bronx,Fordham South,false,0.2378,0.2226,0.2378
94,dropoff,2024,6,193,Bronx,Fordham South,false,0.2378,0.2226,0.2378
94,pickup,2023,2,48,Bronx,Fordham South,false,0.1014,0.1694,0.1014
94,pickup,2023,3,66,Bronx,Fordham South,false,0.1014,0.1694,0.1014
94,pickup,2023,4,60,Bronx,Fordham South,false,0.1014,0.1694,0.1014
94,pickup,2023,5,56,Bronx,Fordham South,false,0.1014,0.1694,0.1014
94,pickup,2023,6,56,Bronx,Fordham South,false,0.1014,0.1694,0.1014
94,pickup,2024,2,87,Bronx,Fordham South,false,0.1014,0.1694,0.1014
94,pickup,2024,3,84,Bronx,Fordham South,false,0.1014,0.1694,0.1014
94,pickup,2024,4,84,Bronx,Fordham South,false,0.1014,0.1694,0.1014
94,pickup,2024,5,79,Bronx,Fordham South,false,0.1014,0.1694,0.1014
94,pickup,2024,6,91,Bronx,Fordham South,false,0.1014,0.1694,0.1014
95,dropoff,2023,2,3370,Queens,Forest Hills,false,0.262,0.2532,0.262
95,dropoff,2023,3,4129,Queens,Forest Hills,false,0.262,0.2532,0.262
95,dropoff,2023,4,4083,Queens,Forest Hills,false,0.262,0.2532,0.262
95,dropoff,2023,5,4353,Queens,Forest Hills,false,0.262,0.2532,0.262
95,dropoff,2023,6,4127,Queens,Forest Hills,false,0.262,0.2532,0.262
95,dropoff,2024,2,3466,Queens,Forest Hills,false,0.262,0.2532,0.262
95,dropoff,2024,3,3803,Queens,Forest Hills,false,0.262,0.2532,0.262
95,dropoff,2024,4,3740,Queens,Forest Hills,false,0.262,0.2532,0.262
95,dropoff,2024,5,4014,Queens,Forest Hills,false,0.262,0.2532,0.262
95,dropoff,2024,6,3554,Queens,Forest Hills,false,0.262,0.2532,0.262
95,pickup,2023,2,314,Queens,Forest Hills,false,0.0812,0.1674,0.0812
95,pickup,2023,3,410,Queens,Forest Hills,false,0.0812,0.1674,0.0812
95,pickup,2023,4,348,Queens,Forest Hills,false,0.0812,0.1674,0.0812
95,pickup,2023,5,400,Queens,Forest Hills,false,0.0812,0.1674,0.0812
95,pickup,2023,6,485,Queens,Forest Hills,false,0.0812,0.1674,0.0812
95,pickup,2024,2,448,Queens,Forest Hills,false,0.0812,0.1674,0.0812
95,pickup,2024,3,468,Queens,Forest Hills,false,0.0812,0.1674,0.0812
95,pickup,2024,4,483,Queens,Forest Hills,false,0.0812,0.1674,0.0812
95,pickup,2024,5,503,Queens,Forest Hills,false,0.0812,0.1674,0.0812
95,pickup,2024,6,440,Queens,Forest Hills,false,0.0812,0.1674,0.0812
96,dropoff,2023,2,80,Queens,Forest Park/Highland Park,false,0.1588,0.1723,0.1588
96,dropoff,2023,3,87,Queens,Forest Park/Highland Park,false,0.1588,0.1723,0.1588
96,dropoff,2023,4,77,Queens,Forest Park/Highland Park,false,0.1588,0.1723,0.1588
96,dropoff,2023,5,80,Queens,Forest Park/Highland Park,false,0.1588,0.1723,0.1588
96,dropoff,2023,6,79,Queens,Forest Park/Highland Park,false,0.1588,0.1723,0.1588
96,dropoff,2024,2,68,Queens,Forest Park/Highland Park,false,0.1588,0.1723,0.1588
96,dropoff,2024,3,103,Queens,Forest Park/Highland Park,false,0.1588,0.1723,0.1588
96,dropoff,2024,4,92,Queens,Forest Park/Highland Park,false,0.1588,0.1723,0.1588
96,dropoff,2024,5,96,Queens,Forest Park/Highland Park,false,0.1588,0.1723,0.1588
96,dropoff,2024,6,88,Queens,Forest Park/Highland Park,false,0.1588,0.1723,0.1588
96,pickup,2023,2,9,Queens,Forest Park/Highland Park,false,0.0571,0.0213,0.0571
96,pickup,2023,3,7,Queens,Forest Park/Highland Park,false,0.0571,0.0213,0.0571
96,pickup,2023,4,4,Queens,Forest Park/Highland Park,false,0.0571,0.0213,0.0571
96,pickup,2023,5,9,Queens,Forest Park/Highland Park,false,0.0571,0.0213,0.0571
96,pickup,2023,6,6,Queens,Forest Park/Highland Park,false,0.0571,0.0213,0.0571
96,pickup,2024,2,4,Queens,Forest Park/Highland Park,false,0.0571,0.0213,0.0571
96,pickup,2024,3,6,Queens,Forest Park/Highland Park,false,0.0571,0.0213,0.0571
96,pickup,2024,4,11,Queens,Forest Park/Highland Park,false,0.0571,0.0213,0.0571
96,pickup,2024,5,14,Queens,Forest Park/Highland Park,false,0.0571,0.0213,0.0571
96,pickup,2024,6,12,Queens,Forest Park/Highland Park,false,0.0571,0.0213,0.0571
97,dropoff,2023,2,3632,Brooklyn,Fort Greene,false,0.5275,0.503,0.5275
97,dropoff,2023,3,4373,Brooklyn,Fort Greene,false,0.5275,0.503,0.5275
97,dropoff,2023,4,4316,Brooklyn,Fort Greene,false,0.5275,0.503,0.5275
97,dropoff,2023,5,4425,Brooklyn,Fort Greene,false,0.5275,0.503,0.5275
97,dropoff,2023,6,4195,Brooklyn,Fort Greene,false,0.5275,0.503,0.5275
97,dropoff,2024,2,3437,Brooklyn,Fort Greene,false,0.5275,0.503,0.5275
97,dropoff,2024,3,3861,Brooklyn,Fort Greene,false,0.5275,0.503,0.5275
97,dropoff,2024,4,3913,Brooklyn,Fort Greene,false,0.5275,0.503,0.5275
97,dropoff,2024,5,4047,Brooklyn,Fort Greene,false,0.5275,0.503,0.5275
97,dropoff,2024,6,3974,Brooklyn,Fort Greene,false,0.5275,0.503,0.5275
97,pickup,2023,2,913,Brooklyn,Fort Greene,false,0.2699,0.241,0.2699
97,pickup,2023,3,1175,Brooklyn,Fort Greene,false,0.2699,0.241,0.2699
97,pickup,2023,4,1079,Brooklyn,Fort Greene,false,0.2699,0.241,0.2699
97,pickup,2023,5,1182,Brooklyn,Fort Greene,false,0.2699,0.241,0.2699
97,pickup,2023,6,960,Brooklyn,Fort Greene,false,0.2699,0.241,0.2699
97,pickup,2024,2,965,Brooklyn,Fort Greene,false,0.2699,0.241,0.2699
97,pickup,2024,3,1212,Brooklyn,Fort Greene,false,0.2699,0.241,0.2699
97,pickup,2024,4,1209,Brooklyn,Fort Greene,false,0.2699,0.241,0.2699
97,pickup,2024,5,1236,Brooklyn,Fort Greene,false,0.2699,0.241,0.2699
97,pickup,2024,6,1236,Brooklyn,Fort Greene,false,0.2699,0.241,0.2699
98,dropoff,2023,2,310,Queens,Fresh Meadows,false,0.1152,0.0908,0.1152
98,dropoff,2023,3,423,Queens,Fresh Meadows,false,0.1152,0.0908,0.1152
98,dropoff,2023,4,433,Queens,Fresh Meadows,false,0.1152,0.0908,0.1152
98,dropoff,2023,5,482,Queens,Fresh Meadows,false,0.1152,0.0908,0.1152
98,dropoff,2023,6,626,Queens,Fresh Meadows,false,0.1152,0.0908,0.1152
98,dropoff,2024,2,386,Queens,Fresh Meadows,false,0.1152,0.0908,0.1152
98,dropoff,2024,3,405,Queens,Fresh Meadows,false,0.1152,0.0908,0.1152
98,dropoff,2024,4,413,Queens,Fresh Meadows,false,0.1152,0.0908,0.1152
98,dropoff,2024,5,497,Queens,Fresh Meadows,false,0.1152,0.0908,0.1152
98,dropoff,2024,6,545,Queens,Fresh Meadows,false,0.1152,0.0908,0.1152
98,pickup,2023,2,28,Queens,Fresh Meadows,false,0.1297,0.1989,0.1297
98,pickup,2023,3,60,Queens,Fresh Meadows,false,0.1297,0.1989,0.1297
98,pickup,2023,4,37,Queens,Fresh Meadows,false,0.1297,0.1989,0.1297
98,pickup,2023,5,55,Queens,Fresh Meadows,false,0.1297,0.1989,0.1297
98,pickup,2023,6,59,Queens,Fresh Meadows,false,0.1297,0.1989,0.1297
98,pickup,2024,2,62,Queens,Fresh Meadows,false,0.1297,0.1989,0.1297
98,pickup,2024,3,73,Queens,Fresh Meadows,false,0.1297,0.1989,0.1297
98,pickup,2024,4,69,Queens,Fresh Meadows,false,0.1297,0.1989,0.1297
98,pickup,2024,5,76,Queens,Fresh Meadows,false,0.1297,0.1989,0.1297
98,pickup,2024,6,72,Queens,Fresh Meadows,false,0.1297,0.1989,0.1297
99,dropoff,2023,2,5,Staten Island,Freshkills Park,false,0.2727,0.3333,0.2727
99,dropoff,2023,3,3,Staten Island,Freshkills Park,false,0.2727,0.3333,0.2727
99,dropoff,2023,4,4,Staten Island,Freshkills Park,false,0.2727,0.3333,0.2727
99,dropoff,2023,5,4,Staten Island,Freshkills Park,false,0.2727,0.3333,0.2727
99,dropoff,2023,6,6,Staten Island,Freshkills Park,false,0.2727,0.3333,0.2727
99,dropoff,2024,2,1,Staten Island,Freshkills Park,false,0.2727,0.3333,0.2727
99,dropoff,2024,3,1,Staten Island,Freshkills Park,false,0.2727,0.3333,0.2727
99,dropoff,2024,4,1,Staten Island,Freshkills Park,false,0.2727,0.3333,0.2727
99,pickup,2023,2,1,Staten Island,Freshkills Park,false,0.0,0.0,0.0
99,pickup,2023,3,1,Staten Island,Freshkills Park,false,0.0,0.0,0.0
99,pickup,2023,4,1,Staten Island,Freshkills Park,false,0.0,0.0,0.0
99,pickup,2023,6,4,Staten Island,Freshkills Park,false,0.0,0.0,0.0
99,pickup,2024,2,1,Staten Island,Freshkills Park,false,0.0,0.0,0.0
100,dropoff,2023,2,39699,Manhattan,Garment District,true,1.0,1.0,1.0
100,dropoff,2023,3,46827,Manhattan,Garment District,true,1.0,1.0,1.0
100,dropoff,2023,4,42980,Manhattan,Garment District,true,1.0,1.0,1.0
100,dropoff,2023,5,44729,Manhattan,Garment District,true,1.0,1.0,1.0
100,dropoff,2023,6,44222,Manhattan,Garment District,true,1.0,1.0,1.0
100,dropoff,2024,2,36622,Manhattan,Garment District,true,1.0,1.0,1.0
100,dropoff,2024,3,41535,Manhattan,Garment District,true,1.0,1.0,1.0
100,dropoff,2024,4,39092,Manhattan,Garment District,true,1.0,1.0,1.0
100,dropoff,2024,5,42894,Manhattan,Garment District,true,1.0,1.0,1.0
100,dropoff,2024,6,41788,Manhattan,Garment District,true,1.0,1.0,1.0
100,pickup,2023,2,47732,Manhattan,Garment District,true,1.0,1.0,1.0
100,pickup,2023,3,56456,Manhattan,Garment District,true,1.0,1.0,1.0
100,pickup,2023,4,51890,Manhattan,Garment District,true,1.0,1.0,1.0
100,pickup,2023,5,54215,Manhattan,Garment District,true,1.0,1.0,1.0
100,pickup,2023,6,52438,Manhattan,Garment District,true,1.0,1.0,1.0
100,pickup,2024,2,43993,Manhattan,Garment District,true,1.0,1.0,1.0
100,pickup,2024,3,50105,Manhattan,Garment District,true,1.0,1.0,1.0
100,pickup,2024,4,47623,Manhattan,Garment District,true,1.0,1.0,1.0
100,pickup,2024,5,50667,Manhattan,Garment District,true,1.0,1.0,1.0
100,pickup,2024,6,49505,Manhattan,Garment District,true,1.0,1.0,1.0
101,dropoff,2023,2,254,Queens,Glen Oaks,false,0.0727,0.0705,0.0727
101,dropoff,2023,3,329,Queens,Glen Oaks,false,0.0727,0.0705,0.0727
101,dropoff,2023,4,328,Queens,Glen Oaks,false,0.0727,0.0705,0.0727
101,dropoff,2023,5,337,Queens,Glen Oaks,false,0.0727,0.0705,0.0727
101,dropoff,2023,6,347,Queens,Glen Oaks,false,0.0727,0.0705,0.0727
101,dropoff,2024,2,231,Queens,Glen Oaks,false,0.0727,0.0705,0.0727
101,dropoff,2024,3,253,Queens,Glen Oaks,false,0.0727,0.0705,0.0727
101,dropoff,2024,4,303,Queens,Glen Oaks,false,0.0727,0.0705,0.0727
101,dropoff,2024,5,293,Queens,Glen Oaks,false,0.0727,0.0705,0.0727
101,dropoff,2024,6,282,Queens,Glen Oaks,false,0.0727,0.0705,0.0727
101,pickup,2023,2,41,Queens,Glen Oaks,false,0.0879,0.1475,0.0879
101,pickup,2023,3,47,Queens,Glen Oaks,false,0.0879,0.1475,0.0879
101,pickup,2023,4,59,Queens,Glen Oaks,false,0.0879,0.1475,0.0879
101,pickup,2023,5,58,Queens,Glen Oaks,false,0.0879,0.1475,0.0879
101,pickup,2023,6,68,Queens,Glen Oaks,false,0.0879,0.1475,0.0879
101,pickup,2024,2,47,Queens,Glen Oaks,false,0.0879,0.1475,0.0879
101,pickup,2024,3,35,Queens,Glen Oaks,false,0.0879,0.1475,0.0879
101,pickup,2024,4,47,Queens,Glen Oaks,false,0.0879,0.1475,0.0879
101,pickup,2024,5,61,Queens,Glen Oaks,false,0.0879,0.1475,0.0879
101,pickup,2024,6,54,Queens,Glen Oaks,false,0.0879,0.1475,0.0879
102,dropoff,2023,2,468,Queens,Glendale,false,0.2299,0.1616,0.2299
102,dropoff,2023,3,585,Queens,Glendale,false,0.2299,0.1616,0.2299
102,dropoff,2023,4,566,Queens,Glendale,false,0.2299,0.1616,0.2299
102,dropoff,2023,5,543,Queens,Glendale,false,0.2299,0.1616,0.2299
102,dropoff,2023,6,522,Queens,Glendale,false,0.2299,0.1616,0.2299
102,dropoff,2024,2,464,Queens,Glendale,false,0.2299,0.1616,0.2299
102,dropoff,2024,3,503,Queens,Glendale,false,0.2299,0.1616,0.2299
102,dropoff,2024,4,556,Queens,Glendale,false,0.2299,0.1616,0.2299
102,dropoff,2024,5,543,Queens,Glendale,false,0.2299,0.1616,0.2299
102,dropoff,2024,6,508,Queens,Glendale,false,0.2299,0.1616,0.2299
102,pickup,2023,2,35,Queens,Glendale,false,0.0491,0.1247,0.0491
102,pickup,2023,3,71,Queens,Glendale,false,0.0491,0.1247,0.0491
102,pickup,2023,4,58,Queens,Glendale,false,0.0491,0.1247,0.0491
102,pickup,2023,5,58,Queens,Glendale,false,0.0491,0.1247,0.0491
102,pickup,2023,6,43,Queens,Glendale,false,0.0491,0.1247,0.0491
102,pickup,2024,2,58,Queens,Glendale,false,0.0491,0.1247,0.0491
102,pickup,2024,3,81,Queens,Glendale,false,0.0491,0.1247,0.0491
102,pickup,2024,4,76,Queens,Glendale,false,0.0491,0.1247,0.0491
102,pickup,2024,5,79,Queens,Glendale,false,0.0491,0.1247,0.0491
102,pickup,2024,6,75,Queens,Glendale,false,0.0491,0.1247,0.0491
105,dropoff,2023,2,3,Manhattan,Governor's Island/Ellis Island/Liberty Island,false,0.5,,0.5
105,dropoff,2023,4,1,Manhattan,Governor's Island/Ellis Island/Liberty Island,false,0.5,,0.5
105,pickup,2023,2,1,Manhattan,Governor's Island/Ellis Island/Liberty Island,false,0.75,1.0,0.75
105,pickup,2023,5,3,Manhattan,Governor's Island/Ellis Island/Liberty Island,false,0.75,1.0,0.75
105,pickup,2024,4,1,Manhattan,Governor's Island/Ellis Island/Liberty Island,false,0.75,1.0,0.75
105,pickup,2024,6,1,Manhattan,Governor's Island/Ellis Island/Liberty Island,false,0.75,1.0,0.75
106,dropoff,2023,2,881,Brooklyn,Gowanus,false,0.4903,0.4451,0.4903
106,dropoff,2023,3,1026,Brooklyn,Gowanus,false,0.4903,0.4451,0.4903
106,dropoff,2023,4,986,Brooklyn,Gowanus,false,0.4903,0.4451,0.4903
106,dropoff,2023,5,1192,Brooklyn,Gowanus,false,0.4903,0.4451,0.4903
106,dropoff,2023,6,1112,Brooklyn,Gowanus,false,0.4903,0.4451,0.4903
106,dropoff,2024,2,831,Brooklyn,Gowanus,false,0.4903,0.4451,0.4903
106,dropoff,2024,3,1026,Brooklyn,Gowanus,false,0.4903,0.4451,0.4903
106,dropoff,2024,4,985,Brooklyn,Gowanus,false,0.4903,0.4451,0.4903
106,dropoff,2024,5,1022,Brooklyn,Gowanus,false,0.4903,0.4451,0.4903
106,dropoff,2024,6,1054,Brooklyn,Gowanus,false,0.4903,0.4451,0.4903
106,pickup,2023,2,85,Brooklyn,Gowanus,false,0.0902,0.1034,0.0902
106,pickup,2023,3,98,Brooklyn,Gowanus,false,0.0902,0.1034,0.0902
106,pickup,2023,4,100,Brooklyn,Gowanus,false,0.0902,0.1034,0.0902
106,pickup,2023,5,114,Brooklyn,Gowanus,false,0.0902,0.1034,0.0902
106,pickup,2023,6,135,Brooklyn,Gowanus,false,0.0902,0.1034,0.0902
106,pickup,2024,2,91,Brooklyn,Gowanus,false,0.0902,0.1034,0.0902
106,pickup,2024,3,137,Brooklyn,Gowanus,false,0.0902,0.1034,0.0902
106,pickup,2024,4,124,Brooklyn,Gowanus,false,0.0902,0.1034,0.0902
106,pickup,2024,5,135,Brooklyn,Gowanus,false,0.0902,0.1034,0.0902
106,pickup,2024,6,122,Brooklyn,Gowanus,false,0.0902,0.1034,0.0902
107,dropoff,2023,2,57158,Manhattan,Gramercy,true,1.0,1.0,1.0
107,dropoff,2023,3,65322,Manhattan,Gramercy,true,1.0,1.0,1.0
107,dropoff,2023,4,61587,Manhattan,Gramercy,true,1.0,1.0,1.0
107,dropoff,2023,5,64055,Manhattan,Gramercy,true,1.0,1.0,1.0
107,dropoff,2023,6,61501,Manhattan,Gramercy,true,1.0,1.0,1.0
107,dropoff,2024,2,57578,Manhattan,Gramercy,true,1.0,1.0,1.0
107,dropoff,2024,3,63003,Manhattan,Gramercy,true,1.0,1.0,1.0
107,dropoff,2024,4,58943,Manhattan,Gramercy,true,1.0,1.0,1.0
107,dropoff,2024,5,62379,Manhattan,Gramercy,true,1.0,1.0,1.0
107,dropoff,2024,6,59773,Manhattan,Gramercy,true,1.0,1.0,1.0
107,pickup,2023,2,61417,Manhattan,Gramercy,true,1.0,1.0,1.0
107,pickup,2023,3,71474,Manhattan,Gramercy,true,1.0,1.0,1.0
107,pickup,2023,4,68143,Manhattan,Gramercy,true,1.0,1.0,1.0
107,pickup,2023,5,71000,Manhattan,Gramercy,true,1.0,1.0,1.0
107,pickup,2023,6,66680,Manhattan,Gramercy,true,1.0,1.0,1.0
107,pickup,2024,2,56735,Manhattan,Gramercy,true,1.0,1.0,1.0
107,pickup,2024,3,64437,Manhattan,Gramercy,true,1.0,1.0,1.0
107,pickup,2024,4,59501,Manhattan,Gramercy,true,1.0,1.0,1.0
107,pickup,2024,5,64281,Manhattan,Gramercy,true,1.0,1.0,1.0
107,pickup,2024,6,61931,Manhattan,Gramercy,true,1.0,1.0,1.0
108,dropoff,2023,2,205,Brooklyn,Gravesend,false,0.166,0.2231,0.166
108,dropoff,2023,3,262,Brooklyn,Gravesend,false,0.166,0.2231,0.166
108,dropoff,2023,4,236,Brooklyn,Gravesend,false,0.166,0.2231,0.166
108,dropoff,2023,5,287,Brooklyn,Gravesend,false,0.166,0.2231,0.166
108,dropoff,2023,6,269,Brooklyn,Gravesend,false,0.166,0.2231,0.166
108,dropoff,2024,2,193,Brooklyn,Gravesend,false,0.166,0.2231,0.166
108,dropoff,2024,3,229,Brooklyn,Gravesend,false,0.166,0.2231,0.166
108,dropoff,2024,4,263,Brooklyn,Gravesend,false,0.166,0.2231,0.166
108,dropoff,2024,5,335,Brooklyn,Gravesend,false,0.166,0.2231,0.166
108,dropoff,2024,6,289,Brooklyn,Gravesend,false,0.166,0.2231,0.166
108,pickup,2023,2,72,Brooklyn,Gravesend,false,0.1732,0.201,0.1732
108,pickup,2023,3,123,Brooklyn,Gravesend,false,0.1732,0.201,0.1732
108,pickup,2023,4,121,Brooklyn,Gravesend,false,0.1732,0.201,0.1732
108,pickup,2023,5,137,Brooklyn,Gravesend,false,0.1732,0.201,0.1732
108,pickup,2023,6,107,Brooklyn,Gravesend,false,0.1732,0.201,0.1732
108,pickup,2024,2,96,Brooklyn,Gravesend,false,0.1732,0.201,0.1732
108,pickup,2024,3,153,Brooklyn,Gravesend,false,0.1732,0.201,0.1732
108,pickup,2024,4,176,Brooklyn,Gravesend,false,0.1732,0.201,0.1732
108,pickup,2024,5,179,Brooklyn,Gravesend,false,0.1732,0.201,0.1732
108,pickup,2024,6,172,Brooklyn,Gravesend,false,0.1732,0.201,0.1732
109,dropoff,2023,2,23,Staten Island,Great Kills,false,0.3559,0.4603,0.3559
109,dropoff,2023,3,26,Staten Island,Great Kills,false,0.3559,0.4603,0.3559
109,dropoff,2023,4,38,Staten Island,Great Kills,false,0.3559,0.4603,0.3559
109,dropoff,2023,5,41,Staten Island,Great Kills,false,0.3559,0.4603,0.3559
109,dropoff,2023,6,49,Staten Island,Great Kills,false,0.3559,0.4603,0.3559
109,dropoff,2024,2,20,Staten Island,Great Kills,false,0.3559,0.4603,0.3559
109,dropoff,2024,3,23,Staten Island,Great Kills,false,0.3559,0.4603,0.3559
109,dropoff,2024,4,24,Staten Island,Great Kills,false,0.3559,0.4603,0.3559
109,dropoff,2024,5,31,Staten Island,Great Kills,false,0.3559,0.4603,0.3559
109,dropoff,2024,6,28,Staten Island,Great Kills,false,0.3559,0.4603,0.3559
109,pickup,2023,2,4,Staten Island,Great Kills,false,0.0,0.0,0.0
109,pickup,2023,3,3,Staten Island,Great Kills,false,0.0,0.0,0.0
109,pickup,2023,4,5,Staten Island,Great Kills,false,0.0,0.0,0.0
109,pickup,2023,5,5,Staten Island,Great Kills,false,0.0,0.0,0.0
109,pickup,2023,6,4,Staten Island,Great Kills,false,0.0,0.0,0.0
109,pickup,2024,3,1,Staten Island,Great Kills,false,0.0,0.0,0.0
109,pickup,2024,6,1,Staten Island,Great Kills,false,0.0,0.0,0.0
111,dropoff,2023,2,32,Brooklyn,Green-Wood Cemetery,false,0.5,0.5077,0.5
111,dropoff,2023,3,25,Brooklyn,Green-Wood Cemetery,false,0.5,0.5077,0.5
111,dropoff,2023,4,20,Brooklyn,Green-Wood Cemetery,false,0.5,0.5077,0.5
111,dropoff,2023,5,26,Brooklyn,Green-Wood Cemetery,false,0.5,0.5077,0.5
111,dropoff,2023,6,27,Brooklyn,Green-Wood Cemetery,false,0.5,0.5077,0.5
111,dropoff,2024,2,19,Brooklyn,Green-Wood Cemetery,false,0.5,0.5077,0.5
111,dropoff,2024,3,27,Brooklyn,Green-Wood Cemetery,false,0.5,0.5077,0.5
111,dropoff,2024,4,36,Brooklyn,Green-Wood Cemetery,false,0.5,0.5077,0.5
111,dropoff,2024,5,25,Brooklyn,Green-Wood Cemetery,false,0.5,0.5077,0.5
111,dropoff,2024,6,23,Brooklyn,Green-Wood Cemetery,false,0.5,0.5077,0.5
111,pickup,2023,3,5,Brooklyn,Green-Wood Cemetery,false,0.1429,0.1364,0.1429
111,pickup,2023,5,1,Brooklyn,Green-Wood Cemetery,false,0.1429,0.1364,0.1429
111,pickup,2023,6,1,Brooklyn,Green-Wood Cemetery,false,0.1429,0.1364,0.1429
111,pickup,2024,2,3,Brooklyn,Green-Wood Cemetery,false,0.1429,0.1364,0.1429
111,pickup,2024,3,7,Brooklyn,Green-Wood Cemetery,false,0.1429,0.1364,0.1429
111,pickup,2024,4,2,Brooklyn,Green-Wood Cemetery,false,0.1429,0.1364,0.1429
111,pickup,2024,5,4,Brooklyn,Green-Wood Cemetery,false,0.1429,0.1364,0.1429
111,pickup,2024,6,6,Brooklyn,Green-Wood Cemetery,false,0.1429,0.1364,0.1429
112,dropoff,2023,2,6086,Brooklyn,Greenpoint,false,0.5338,0.5319,0.5338
112,dropoff,2023,3,7059,Brooklyn,Greenpoint,false,0.5338,0.5319,0.5338
112,dropoff,2023,4,6960,Brooklyn,Greenpoint,false,0.5338,0.5319,0.5338
112,dropoff,2023,5,7295,Brooklyn,Greenpoint,false,0.5338,0.5319,0.5338
112,dropoff,2023,6,6994,Brooklyn,Greenpoint,false,0.5338,0.5319,0.5338
112,dropoff,2024,2,5492,Brooklyn,Greenpoint,false,0.5338,0.5319,0.5338
112,dropoff,2024,3,6419,Brooklyn,Greenpoint,false,0.5338,0.5319,0.5338
112,dropoff,2024,4,6402,Brooklyn,Greenpoint,false,0.5338,0.5319,0.5338
112,dropoff,2024,5,6989,Brooklyn,Greenpoint,false,0.5338,0.5319,0.5338
112,dropoff,2024,6,6731,Brooklyn,Greenpoint,false,0.5338,0.5319,0.5338
112,pickup,2023,2,358,Brooklyn,Greenpoint,false,0.2095,0.2045,0.2095
112,pickup,2023,3,373,Brooklyn,Greenpoint,false,0.2095,0.2045,0.2095
112,pickup,2023,4,440,Brooklyn,Greenpoint,false,0.2095,0.2045,0.2095
112,pickup,2023,5,451,Brooklyn,Greenpoint,false,0.2095,0.2045,0.2095
112,pickup,2023,6,445,Brooklyn,Greenpoint,false,0.2095,0.2045,0.2095
112,pickup,2024,2,287,Brooklyn,Greenpoint,false,0.2095,0.2045,0.2095
112,pickup,2024,3,350,Brooklyn,Greenpoint,false,0.2095,0.2045,0.2095
112,pickup,2024,4,374,Brooklyn,Greenpoint,false,0.2095,0.2045,0.2095
112,pickup,2024,5,419,Brooklyn,Greenpoint,false,0.2095,0.2045,0.2095
112,pickup,2024,6,467,Brooklyn,Greenpoint,false,0.2095,0.2045,0.2095
113,dropoff,2023,2,37487,Manhattan,Greenwich Village North,true,1.0,1.0,1.0
113,dropoff,2023,3,42602,Manhattan,Greenwich Village North,true,1.0,1.0,1.0
113,dropoff,2023,4,40949,Manhattan,Greenwich Village North,true,1.0,1.0,1.0
113,dropoff,2023,5,42144,Manhattan,Greenwich Village North,true,1.0,1.0,1.0
113,dropoff,2023,6,38354,Manhattan,Greenwich Village North,true,1.0,1.0,1.0
113,dropoff,2024,2,38427,Manhattan,Greenwich Village North,true,1.0,1.0,1.0
113,dropoff,2024,3,41613,Manhattan,Greenwich Village North,true,1.0,1.0,1.0
113,dropoff,2024,4,41019,Manhattan,Greenwich Village North,true,1.0,1.0,1.0
113,dropoff,2024,5,42053,Manhattan,Greenwich Village North,true,1.0,1.0,1.0
113,dropoff,2024,6,38734,Manhattan,Greenwich Village North,true,1.0,1.0,1.0
113,pickup,2023,2,38607,Manhattan,Greenwich Village North,true,1.0,1.0,1.0
113,pickup,2023,3,44408,Manhattan,Greenwich Village North,true,1.0,1.0,1.0
113,pickup,2023,4,42858,Manhattan,Greenwich Village North,true,1.0,1.0,1.0
113,pickup,2023,5,44985,Manhattan,Greenwich Village North,true,1.0,1.0,1.0
113,pickup,2023,6,41779,Manhattan,Greenwich Village North,true,1.0,1.0,1.0
113,pickup,2024,2,41924,Manhattan,Greenwich Village North,true,1.0,1.0,1.0
113,pickup,2024,3,45349,Manhattan,Greenwich Village North,true,1.0,1.0,1.0
113,pickup,2024,4,43225,Manhattan,Greenwich Village North,true,1.0,1.0,1.0
113,pickup,2024,5,44345,Manhattan,Greenwich Village North,true,1.0,1.0,1.0
113,pickup,2024,6,42033,Manhattan,Greenwich Village North,true,1.0,1.0,1.0
114,dropoff,2023,2,27232,Manhattan,Greenwich Village South,true,1.0,1.0,1.0
114,dropoff,2023,3,31188,Manhattan,Greenwich Village South,true,1.0,1.0,1.0
114,dropoff,2023,4,30746,Manhattan,Greenwich Village South,true,1.0,1.0,1.0
114,dropoff,2023,5,31552,Manhattan,Greenwich Village South,true,1.0,1.0,1.0
114,dropoff,2023,6,29815,Manhattan,Greenwich Village South,true,1.0,1.0,1.0
114,dropoff,2024,2,27934,Manhattan,Greenwich Village South,true,1.0,1.0,1.0
114,dropoff,2024,3,31187,Manhattan,Greenwich Village South,true,1.0,1.0,1.0
114,dropoff,2024,4,29416,Manhattan,Greenwich Village South,true,1.0,1.0,1.0
114,dropoff,2024,5,31089,Manhattan,Greenwich Village South,true,1.0,1.0,1.0
114,dropoff,2024,6,30071,Manhattan,Greenwich Village South,true,1.0,1.0,1.0
114,pickup,2023,2,38003,Manhattan,Greenwich Village South,true,1.0,1.0,1.0
114,pickup,2023,3,42672,Manhattan,Greenwich Village South,true,1.0,1.0,1.0
114,pickup,2023,4,41484,Manhattan,Greenwich Village South,true,1.0,1.0,1.0
114,pickup,2023,5,42644,Manhattan,Greenwich Village South,true,1.0,1.0,1.0
114,pickup,2023,6,41677,Manhattan,Greenwich Village South,true,1.0,1.0,1.0
114,pickup,2024,2,41704,Manhattan,Greenwich Village South,true,1.0,1.0,1.0
114,pickup,2024,3,45081,Manhattan,Greenwich Village South,true,1.0,1.0,1.0
114,pickup,2024,4,40589,Manhattan,Greenwich Village South,true,1.0,1.0,1.0
114,pickup,2024,5,42921,Manhattan,Greenwich Village South,true,1.0,1.0,1.0
114,pickup,2024,6,42861,Manhattan,Greenwich Village South,true,1.0,1.0,1.0
115,dropoff,2023,2,37,Staten Island,Grymes Hill/Clifton,false,0.2547,0.3333,0.2547
115,dropoff,2023,3,50,Staten Island,Grymes Hill/Clifton,false,0.2547,0.3333,0.2547
115,dropoff,2023,4,30,Staten Island,Grymes Hill/Clifton,false,0.2547,0.3333,0.2547
115,dropoff,2023,5,50,Staten Island,Grymes Hill/Clifton,false,0.2547,0.3333,0.2547
115,dropoff,2023,6,45,Staten Island,Grymes Hill/Clifton,false,0.2547,0.3333,0.2547
115,dropoff,2024,2,39,Staten Island,Grymes Hill/Clifton,false,0.2547,0.3333,0.2547
115,dropoff,2024,3,32,Staten Island,Grymes Hill/Clifton,false,0.2547,0.3333,0.2547
115,dropoff,2024,4,47,Staten Island,Grymes Hill/Clifton,false,0.2547,0.3333,0.2547
115,dropoff,2024,5,34,Staten Island,Grymes Hill/Clifton,false,0.2547,0.3333,0.2547
115,dropoff,2024,6,49,Staten Island,Grymes Hill/Clifton,false,0.2547,0.3333,0.2547
115,pickup,2023,2,3,Staten Island,Grymes Hill/Clifton,false,0.0,0.0667,0.0
115,pickup,2023,3,3,Staten Island,Grymes Hill/Clifton,false,0.0,0.0667,0.0
115,pickup,2023,4,2,Staten Island,Grymes Hill/Clifton,false,0.0,0.0667,0.0
115,pickup,2023,5,3,Staten Island,Grymes Hill/Clifton,false,0.0,0.0667,0.0
115,pickup,2023,6,2,Staten Island,Grymes Hill/Clifton,false,0.0,0.0667,0.0
115,pickup,2024,2,2,Staten Island,Grymes Hill/Clifton,false,0.0,0.0667,0.0
115,pickup,2024,4,8,Staten Island,Grymes Hill/Clifton,false,0.0,0.0667,0.0
115,pickup,2024,5,2,Staten Island,Grymes Hill/Clifton,false,0.0,0.0667,0.0
115,pickup,2024,6,3,Staten Island,Grymes Hill/Clifton,false,0.0,0.0667,0.0
116,dropoff,2023,2,6374,Manhattan,Hamilton Heights,false,0.3597,0.3285,0.3597
116,dropoff,2023,3,7317,Manhattan,Hamilton Heights,false,0.3597,0.3285,0.3597
116,dropoff,2023,4,6956,Manhattan,Hamilton Heights,false,0.3597,0.3285,0.3597
116,dropoff,2023,5,7390,Manhattan,Hamilton Heights,false,0.3597,0.3285,0.3597
116,dropoff,2023,6,6994,Manhattan,Hamilton Heights,false,0.3597,0.3285,0.3597
116,dropoff,2024,2,5507,Manhattan,Hamilton Heights,false,0.3597,0.3285,0.3597
116,dropoff,2024,3,6251,Manhattan,Hamilton Heights,false,0.3597,0.3285,0.3597
116,dropoff,2024,4,5980,Manhattan,Hamilton Heights,false,0.3597,0.3285,0.3597
116,dropoff,2024,5,6595,Manhattan,Hamilton Heights,false,0.3597,0.3285,0.3597
116,dropoff,2024,6,6099,Manhattan,Hamilton Heights,false,0.3597,0.3285,0.3597
116,pickup,2023,2,1709,Manhattan,Hamilton Heights,false,0.1669,0.1596,0.1669
116,pickup,2023,3,2121,Manhattan,Hamilton Heights,false,0.1669,0.1596,0.1669
116,pickup,2023,4,1948,Manhattan,Hamilton Heights,false,0.1669,0.1596,0.1669
116,pickup,2023,5,2113,Manhattan,Hamilton Heights,false,0.1669,0.1596,0.1669
116,pickup,2023,6,1852,Manhattan,Hamilton Heights,false,0.1669,0.1596,0.1669
116,pickup,2024,2,1646,Manhattan,Hamilton Heights,false,0.1669,0.1596,0.1669
116,pickup,2024,3,1913,Manhattan,Hamilton Heights,false,0.1669,0.1596,0.1669
116,pickup,2024,4,1877,Manhattan,Hamilton Heights,false,0.1669,0.1596,0.1669
116,pickup,2024,5,1955,Manhattan,Hamilton Heights,false,0.1669,0.1596,0.1669
116,pickup,2024,6,1883,Manhattan,Hamilton Heights,false,0.1669,0.1596,0.1669
117,dropoff,2023,2,280,Queens,Hammels/Arverne,false,0.1203,0.1241,0.1203
117,dropoff,2023,3,308,Queens,Hammels/Arverne,false,0.1203,0.1241,0.1203
117,dropoff,2023,4,327,Queens,Hammels/Arverne,false,0.1203,0.1241,0.1203
117,dropoff,2023,5,392,Queens,Hammels/Arverne,false,0.1203,0.1241,0.1203
117,dropoff,2023,6,331,Queens,Hammels/Arverne,false,0.1203,0.1241,0.1203
117,dropoff,2024,2,337,Queens,Hammels/Arverne,false,0.1203,0.1241,0.1203
117,dropoff,2024,3,377,Queens,Hammels/Arverne,false,0.1203,0.1241,0.1203
117,dropoff,2024,4,428,Queens,Hammels/Arverne,false,0.1203,0.1241,0.1203
117,dropoff,2024,5,494,Queens,Hammels/Arverne,false,0.1203,0.1241,0.1203
117,dropoff,2024,6,386,Queens,Hammels/Arverne,false,0.1203,0.1241,0.1203
117,pickup,2023,2,124,Queens,Hammels/Arverne,false,0.2652,0.173,0.2652
117,pickup,2023,3,161,Queens,Hammels/Arverne,false,0.2652,0.173,0.2652
117,pickup,2023,4,155,Queens,Hammels/Arverne,false,0.2652,0.173,0.2652
117,pickup,2023,5,189,Queens,Hammels/Arverne,false,0.2652,0.173,0.2652
117,pickup,2023,6,129,Queens,Hammels/Arverne,false,0.2652,0.173,0.2652
117,pickup,2024,2,223,Queens,Hammels/Arverne,false,0.2652,0.173,0.2652
117,pickup,2024,3,251,Queens,Hammels/Arverne,false,0.2652,0.173,0.2652
117,pickup,2024,4,258,Queens,Hammels/Arverne,false,0.2652,0.173,0.2652
117,pickup,2024,5,333,Queens,Hammels/Arverne,false,0.2652,0.173,0.2652
117,pickup,2024,6,253,Queens,Hammels/Arverne,false,0.2652,0.173,0.2652
118,dropoff,2023,2,68,Staten Island,Heartland Village/Todt Hill,false,0.359,0.3513,0.359
118,dropoff,2023,3,80,Staten Island,Heartland Village/Todt Hill,false,0.359,0.3513,0.359
118,dropoff,2023,4,80,Staten Island,Heartland Village/Todt Hill,false,0.359,0.3513,0.359
118,dropoff,2023,5,76,Staten Island,Heartland Village/Todt Hill,false,0.359,0.3513,0.359
118,dropoff,2023,6,86,Staten Island,Heartland Village/Todt Hill,false,0.359,0.3513,0.359
118,dropoff,2024,2,43,Staten Island,Heartland Village/Todt Hill,false,0.359,0.3513,0.359
118,dropoff,2024,3,66,Staten Island,Heartland Village/Todt Hill,false,0.359,0.3513,0.359
118,dropoff,2024,4,56,Staten Island,Heartland Village/Todt Hill,false,0.359,0.3513,0.359
118,dropoff,2024,5,60,Staten Island,Heartland Village/Todt Hill,false,0.359,0.3513,0.359
118,dropoff,2024,6,54,Staten Island,Heartland Village/Todt Hill,false,0.359,0.3513,0.359
118,pickup,2023,2,5,Staten Island,Heartland Village/Todt Hill,false,0.1111,0.125,0.1111
118,pickup,2023,3,5,Staten Island,Heartland Village/Todt Hill,false,0.1111,0.125,0.1111
118,pickup,2023,4,7,Staten Island,Heartland Village/Todt Hill,false,0.1111,0.125,0.1111
118,pickup,2023,5,6,Staten Island,Heartland Village/Todt Hill,false,0.1111,0.125,0.1111
118,pickup,2023,6,4,Staten Island,Heartland Village/Todt Hill,false,0.1111,0.125,0.1111
118,pickup,2024,3,1,Staten Island,Heartland Village/Todt Hill,false,0.1111,0.125,0.1111
118,pickup,2024,4,2,Staten Island,Heartland Village/Todt Hill,false,0.1111,0.125,0.1111
118,pickup,2024,5,2,Staten Island,Heartland Village/Todt Hill,false,0.1111,0.125,0.1111
118,pickup,2024,6,3,Staten Island,Heartland Village/Todt Hill,false,0.1111,0.125,0.1111
119,dropoff,2023,2,482,Bronx,Highbridge,false,0.2856,0.2869,0.2856
119,dropoff,2023,3,543,Bronx,Highbridge,false,0.2856,0.2869,0.2856
119,dropoff,2023,4,657,Bronx,Highbridge,false,0.2856,0.2869,0.2856
119,dropoff,2023,5,675,Bronx,Highbridge,false,0.2856,0.2869,0.2856
119,dropoff,2023,6,623,Bronx,Highbridge,false,0.2856,0.2869,0.2856
119,dropoff,2024,2,413,Bronx,Highbridge,false,0.2856,0.2869,0.2856
119,dropoff,2024,3,456,Bronx,Highbridge,false,0.2856,0.2869,0.2856
119,dropoff,2024,4,571,Bronx,Highbridge,false,0.2856,0.2869,0.2856
119,dropoff,2024,5,618,Bronx,Highbridge,false,0.2856,0.2869,0.2856
119,dropoff,2024,6,608,Bronx,Highbridge,false,0.2856,0.2869,0.2856
119,pickup,2023,2,129,Bronx,Highbridge,false,0.1384,0.2562,0.1384
119,pickup,2023,3,142,Bronx,Highbridge,false,0.1384,0.2562,0.1384
119,pickup,2023,4,150,Bronx,Highbridge,false,0.1384,0.2562,0.1384
119,pickup,2023,5,153,Bronx,Highbridge,false,0.1384,0.2562,0.1384
119,pickup,2023,6,192,Bronx,Highbridge,false,0.1384,0.2562,0.1384
119,pickup,2024,2,151,Bronx,Highbridge,false,0.1384,0.2562,0.1384
119,pickup,2024,3,189,Bronx,Highbridge,false,0.1384,0.2562,0.1384
119,pickup,2024,4,197,Bronx,Highbridge,false,0.1384,0.2562,0.1384
119,pickup,2024,5,203,Bronx,Highbridge,false,0.1384,0.2562,0.1384
119,pickup,2024,6,181,Bronx,Highbridge,false,0.1384,0.2562,0.1384
120,dropoff,2023,2,99,Manhattan,Highbridge Park,false,0.3038,0.3502,0.3038
120,dropoff,2023,3,178,Manhattan,Highbridge Park,false,0.3038,0.3502,0.3038
120,dropoff,2023,4,145,Manhattan,Highbridge Park,false,0.3038,0.3502,0.3038
120,dropoff,2023,5,162,Manhattan,Highbridge Park,false,0.3038,0.3502,0.3038
120,dropoff,2023,6,150,Manhattan,Highbridge Park,false,0.3038,0.3502,0.3038
120,dropoff,2024,2,98,Manhattan,Highbridge Park,false,0.3038,0.3502,0.3038
120,dropoff,2024,3,120,Manhattan,Highbridge Park,false,0.3038,0.3502,0.3038
120,dropoff,2024,4,125,Manhattan,Highbridge Park,false,0.3038,0.3502,0.3038
120,dropoff,2024,5,146,Manhattan,Highbridge Park,false,0.3038,0.3502,0.3038
120,dropoff,2024,6,142,Manhattan,Highbridge Park,false,0.3038,0.3502,0.3038
120,pickup,2023,2,11,Manhattan,Highbridge Park,false,0.1772,0.0323,0.1772
120,pickup,2023,3,12,Manhattan,Highbridge Park,false,0.1772,0.0323,0.1772
120,pickup,2023,4,26,Manhattan,Highbridge Park,false,0.1772,0.0323,0.1772
120,pickup,2023,5,15,Manhattan,Highbridge Park,false,0.1772,0.0323,0.1772
120,pickup,2023,6,15,Manhattan,Highbridge Park,false,0.1772,0.0323,0.1772
120,pickup,2024,2,8,Manhattan,Highbridge Park,false,0.1772,0.0323,0.1772
120,pickup,2024,3,18,Manhattan,Highbridge Park,false,0.1772,0.0323,0.1772
120,pickup,2024,4,11,Manhattan,Highbridge Park,false,0.1772,0.0323,0.1772
120,pickup,2024,5,6,Manhattan,Highbridge Park,false,0.1772,0.0323,0.1772
120,pickup,2024,6,19,Manhattan,Highbridge Park,false,0.1772,0.0323,0.1772
121,dropoff,2023,2,547,Queens,Hillcrest/Pomonok,false,0.1228,0.1279,0.1228
121,dropoff,2023,3,650,Queens,Hillcrest/Pomonok,false,0.1228,0.1279,0.1228
121,dropoff,2023,4,633,Queens,Hillcrest/Pomonok,false,0.1228,0.1279,0.1228
121,dropoff,2023,5,692,Queens,Hillcrest/Pomonok,false,0.1228,0.1279,0.1228
121,dropoff,2023,6,670,Queens,Hillcrest/Pomonok,false,0.1228,0.1279,0.1228
121,dropoff,2024,2,561,Queens,Hillcrest/Pomonok,false,0.1228,0.1279,0.1228
121,dropoff,2024,3,649,Queens,Hillcrest/Pomonok,false,0.1228,0.1279,0.1228
121,dropoff,2024,4,643,Queens,Hillcrest/Pomonok,false,0.1228,0.1279,0.1228
121,dropoff,2024,5,679,Queens,Hillcrest/Pomonok,false,0.1228,0.1279,0.1228
121,dropoff,2024,6,595,Queens,Hillcrest/Pomonok,false,0.1228,0.1279,0.1228
121,pickup,2023,2,110,Queens,Hillcrest/Pomonok,false,0.0501,0.1011,0.0501
121,pickup,2023,3,172,Queens,Hillcrest/Pomonok,false,0.0501,0.1011,0.0501
121,pickup,2023,4,152,Queens,Hillcrest/Pomonok,false,0.0501,0.1011,0.0501
121,pickup,2023,5,162,Queens,Hillcrest/Pomonok,false,0.0501,0.1011,0.0501
121,pickup,2023,6,142,Queens,Hillcrest/Pomonok,false,0.0501,0.1011,0.0501
121,pickup,2024,2,181,Queens,Hillcrest/Pomonok,false,0.0501,0.1011,0.0501
121,pickup,2024,3,210,Queens,Hillcrest/Pomonok,false,0.0501,0.1011,0.0501
121,pickup,2024,4,190,Queens,Hillcrest/Pomonok,false,0.0501,0.1011,0.0501
121,pickup,2024,5,199,Queens,Hillcrest/Pomonok,false,0.0501,0.1011,0.0501
121,pickup,2024,6,160,Queens,Hillcrest/Pomonok,false,0.0501,0.1011,0.0501
122,dropoff,2023,2,211,Queens,Hollis,false,0.1129,0.109,0.1129
122,dropoff,2023,3,269,Queens,Hollis,false,0.1129,0.109,0.1129
122,dropoff,2023,4,259,Queens,Hollis,false,0.1129,0.109,0.1129
122,dropoff,2023,5,274,Queens,Hollis,false,0.1129,0.109,0.1129
122,dropoff,2023,6,289,Queens,Hollis,false,0.1129,0.109,0.1129
122,dropoff,2024,2,215,Queens,Hollis,false,0.1129,0.109,0.1129
122,dropoff,2024,3,251,Queens,Hollis,false,0.1129,0.109,0.1129
122,dropoff,2024,4,277,Queens,Hollis,false,0.1129,0.109,0.1129
122,dropoff,2024,5,305,Queens,Hollis,false,0.1129,0.109,0.1129
122,dropoff,2024,6,282,Queens,Hollis,false,0.1129,0.109,0.1129
122,pickup,2023,2,64,Queens,Hollis,false,0.1524,0.2394,0.1524
122,pickup,2023,3,80,Queens,Hollis,false,0.1524,0.2394,0.1524
122,pickup,2023,4,82,Queens,Hollis,false,0.1524,0.2394,0.1524
122,pickup,2023,5,77,Queens,Hollis,false,0.1524,0.2394,0.1524
122,pickup,2023,6,71,Queens,Hollis,false,0.1524,0.2394,0.1524
122,pickup,2024,2,82,Queens,Hollis,false,0.1524,0.2394,0.1524
122,pickup,2024,3,82,Queens,Hollis,false,0.1524,0.2394,0.1524
122,pickup,2024,4,100,Queens,Hollis,false,0.1524,0.2394,0.1524
122,pickup,2024,5,83,Queens,Hollis,false,0.1524,0.2394,0.1524
122,pickup,2024,6,79,Queens,Hollis,false,0.1524,0.2394,0.1524
123,dropoff,2023,2,483,Brooklyn,Homecrest,false,0.2222,0.1872,0.2222
123,dropoff,2023,3,537,Brooklyn,Homecrest,false,0.2222,0.1872,0.2222
123,dropoff,2023,4,495,Brooklyn,Homecrest,false,0.2222,0.1872,0.2222
123,dropoff,2023,5,567,Brooklyn,Homecrest,false,0.2222,0.1872,0.2222
123,dropoff,2023,6,479,Brooklyn,Homecrest,false,0.2222,0.1872,0.2222
123,dropoff,2024,2,508,Brooklyn,Homecrest,false,0.2222,0.1872,0.2222
123,dropoff,2024,3,577,Brooklyn,Homecrest,false,0.2222,0.1872,0.2222
123,dropoff,2024,4,531,Brooklyn,Homecrest,false,0.2222,0.1872,0.2222
123,dropoff,2024,5,645,Brooklyn,Homecrest,false,0.2222,0.1872,0.2222
123,dropoff,2024,6,485,Brooklyn,Homecrest,false,0.2222,0.1872,0.2222
123,pickup,2023,2,66,Brooklyn,Homecrest,false,0.1742,0.1416,0.1742
123,pickup,2023,3,73,Brooklyn,Homecrest,false,0.1742,0.1416,0.1742
123,pickup,2023,4,82,Brooklyn,Homecrest,false,0.1742,0.1416,0.1742
123,pickup,2023,5,70,Brooklyn,Homecrest,false,0.1742,0.1416,0.1742
123,pickup,2023,6,65,Brooklyn,Homecrest,false,0.1742,0.1416,0.1742
123,pickup,2024,2,129,Brooklyn,Homecrest,false,0.1742,0.1416,0.1742
123,pickup,2024,3,206,Brooklyn,Homecrest,false,0.1742,0.1416,0.1742
123,pickup,2024,4,201,Brooklyn,Homecrest,false,0.1742,0.1416,0.1742
123,pickup,2024,5,224,Brooklyn,Homecrest,false,0.1742,0.1416,0.1742
123,pickup,2024,6,186,Brooklyn,Homecrest,false,0.1742,0.1416,0.1742
124,dropoff,2023,2,584,Queens,Howard Beach,false,0.0915,0.078,0.0915
124,dropoff,2023,3,635,Queens,Howard Beach,false,0.0915,0.078,0.0915
124,dropoff,2023,4,638,Queens,Howard Beach,false,0.0915,0.078,0.0915
124,dropoff,2023,5,644,Queens,Howard Beach,false,0.0915,0.078,0.0915
124,dropoff,2023,6,645,Queens,Howard Beach,false,0.0915,0.078,0.0915
124,dropoff,2024,2,637,Queens,Howard Beach,false,0.0915,0.078,0.0915
124,dropoff,2024,3,644,Queens,Howard Beach,false,0.0915,0.078,0.0915
124,dropoff,2024,4,764,Queens,Howard Beach,false,0.0915,0.078,0.0915
124,dropoff,2024,5,700,Queens,Howard Beach,false,0.0915,0.078,0.0915
124,dropoff,2024,6,628,Queens,Howard Beach,false,0.0915,0.078,0.0915
124,pickup,2023,2,97,Queens,Howard Beach,false,0.1532,0.1388,0.1532
124,pickup,2023,3,109,Queens,Howard Beach,false,0.1532,0.1388,0.1532
124,pickup,2023,4,104,Queens,Howard Beach,false,0.1532,0.1388,0.1532
124,pickup,2023,5,86,Queens,Howard Beach,false,0.1532,0.1388,0.1532
124,pickup,2023,6,74,Queens,Howard Beach,false,0.1532,0.1388,0.1532
124,pickup,2024,2,102,Queens,Howard Beach,false,0.1532,0.1388,0.1532
124,pickup,2024,3,144,Queens,Howard Beach,false,0.1532,0.1388,0.1532
124,pickup,2024,4,157,Queens,Howard Beach,false,0.1532,0.1388,0.1532
124,pickup,2024,5,139,Queens,Howard Beach,false,0.1532,0.1388,0.1532
124,pickup,2024,6,135,Queens,Howard Beach,false,0.1532,0.1388,0.1532
125,dropoff,2023,2,13835,Manhattan,Hudson Sq,true,1.0,1.0,1.0
125,dropoff,2023,3,15658,Manhattan,Hudson Sq,true,1.0,1.0,1.0
125,dropoff,2023,4,15145,Manhattan,Hudson Sq,true,1.0,1.0,1.0
125,dropoff,2023,5,16069,Manhattan,Hudson Sq,true,1.0,1.0,1.0
125,dropoff,2023,6,15081,Manhattan,Hudson Sq,true,1.0,1.0,1.0
125,dropoff,2024,2,14387,Manhattan,Hudson Sq,true,1.0,1.0,1.0
125,dropoff,2024,3,16260,Manhattan,Hudson Sq,true,1.0,1.0,1.0
125,dropoff,2024,4,16401,Manhattan,Hudson Sq,true,1.0,1.0,1.0
125,dropoff,2024,5,16709,Manhattan,Hudson Sq,true,1.0,1.0,1.0
125,dropoff,2024,6,15686,Manhattan,Hudson Sq,true,1.0,1.0,1.0
125,pickup,2023,2,13802,Manhattan,Hudson Sq,true,1.0,1.0,1.0
125,pickup,2023,3,15769,Manhattan,Hudson Sq,true,1.0,1.0,1.0
125,pickup,2023,4,15886,Manhattan,Hudson Sq,true,1.0,1.0,1.0
125,pickup,2023,5,16536,Manhattan,Hudson Sq,true,1.0,1.0,1.0
125,pickup,2023,6,15926,Manhattan,Hudson Sq,true,1.0,1.0,1.0
125,pickup,2024,2,14069,Manhattan,Hudson Sq,true,1.0,1.0,1.0
125,pickup,2024,3,15218,Manhattan,Hudson Sq,true,1.0,1.0,1.0
125,pickup,2024,4,15590,Manhattan,Hudson Sq,true,1.0,1.0,1.0
125,pickup,2024,5,15896,Manhattan,Hudson Sq,true,1.0,1.0,1.0
125,pickup,2024,6,15301,Manhattan,Hudson Sq,true,1.0,1.0,1.0
126,dropoff,2023,2,217,Bronx,Hunts Point,false,0.2411,0.2701,0.2411
126,dropoff,2023,3,330,Bronx,Hunts Point,false,0.2411,0.2701,0.2411
126,dropoff,2023,4,290,Bronx,Hunts Point,false,0.2411,0.2701,0.2411
126,dropoff,2023,5,315,Bronx,Hunts Point,false,0.2411,0.2701,0.2411
126,dropoff,2023,6,279,Bronx,Hunts Point,false,0.2411,0.2701,0.2411
126,dropoff,2024,2,262,Bronx,Hunts Point,false,0.2411,0.2701,0.2411
126,dropoff,2024,3,312,Bronx,Hunts Point,false,0.2411,0.2701,0.2411
126,dropoff,2024,4,296,Bronx,Hunts Point,false,0.2411,0.2701,0.2411
126,dropoff,2024,5,315,Bronx,Hunts Point,false,0.2411,0.2701,0.2411
126,dropoff,2024,6,296,Bronx,Hunts Point,false,0.2411,0.2701,0.2411
126,pickup,2023,2,40,Bronx,Hunts Point,false,0.1618,0.2691,0.1618
126,pickup,2023,3,65,Bronx,Hunts Point,false,0.1618,0.2691,0.1618
126,pickup,2023,4,62,Bronx,Hunts Point,false,0.1618,0.2691,0.1618
126,pickup,2023,5,71,Bronx,Hunts Point,false,0.1618,0.2691,0.1618
126,pickup,2023,6,71,Bronx,Hunts Point,false,0.1618,0.2691,0.1618
126,pickup,2024,2,89,Bronx,Hunts Point,false,0.1618,0.2691,0.1618
126,pickup,2024,3,113,Bronx,Hunts Point,false,0.1618,0.2691,0.1618
126,pickup,2024,4,108,Bronx,Hunts Point,false,0.1618,0.2691,0.1618
126,pickup,2024,5,93,Bronx,Hunts Point,false,0.1618,0.2691,0.1618
126,pickup,2024,6,95,Bronx,Hunts Point,false,0.1618,0.2691,0.1618
127,dropoff,2023,2,1809,Manhattan,Inwood,false,0.4274,0.3998,0.4274
127,dropoff,2023,3,2154,Manhattan,Inwood,false,0.4274,0.3998,0.4274
127,dropoff,2023,4,2180,Manhattan,Inwood,false,0.4274,0.3998,0.4274
127,dropoff,2023,5,2106,Manhattan,Inwood,false,0.4274,0.3998,0.4274
127,dropoff,2023,6,1898,Manhattan,Inwood,false,0.4274,0.3998,0.4274
127,dropoff,2024,2,1628,Manhattan,Inwood,false,0.4274,0.3998,0.4274
127,dropoff,2024,3,1783,Manhattan,Inwood,false,0.4274,0.3998,0.4274
127,dropoff,2024,4,1772,Manhattan,Inwood,false,0.4274,0.3998,0.4274
127,dropoff,2024,5,2065,Manhattan,Inwood,false,0.4274,0.3998,0.4274
127,dropoff,2024,6,1657,Manhattan,Inwood,false,0.4274,0.3998,0.4274
127,pickup,2023,2,114,Manhattan,Inwood,false,0.1819,0.1683,0.1819
127,pickup,2023,3,164,Manhattan,Inwood,false,0.1819,0.1683,0.1819
127,pickup,2023,4,142,Manhattan,Inwood,false,0.1819,0.1683,0.1819
127,pickup,2023,5,157,Manhattan,Inwood,false,0.1819,0.1683,0.1819
127,pickup,2023,6,143,Manhattan,Inwood,false,0.1819,0.1683,0.1819
127,pickup,2024,2,193,Manhattan,Inwood,false,0.1819,0.1683,0.1819
127,pickup,2024,3,214,Manhattan,Inwood,false,0.1819,0.1683,0.1819
127,pickup,2024,4,228,Manhattan,Inwood,false,0.1819,0.1683,0.1819
127,pickup,2024,5,305,Manhattan,Inwood,false,0.1819,0.1683,0.1819
127,pickup,2024,6,213,Manhattan,Inwood,false,0.1819,0.1683,0.1819
128,dropoff,2023,2,135,Manhattan,Inwood Hill Park,false,0.3229,0.3398,0.3229
128,dropoff,2023,3,172,Manhattan,Inwood Hill Park,false,0.3229,0.3398,0.3229
128,dropoff,2023,4,163,Manhattan,Inwood Hill Park,false,0.3229,0.3398,0.3229
128,dropoff,2023,5,183,Manhattan,Inwood Hill Park,false,0.3229,0.3398,0.3229
128,dropoff,2023,6,149,Manhattan,Inwood Hill Park,false,0.3229,0.3398,0.3229
128,dropoff,2024,2,164,Manhattan,Inwood Hill Park,false,0.3229,0.3398,0.3229
128,dropoff,2024,3,166,Manhattan,Inwood Hill Park,false,0.3229,0.3398,0.3229
128,dropoff,2024,4,180,Manhattan,Inwood Hill Park,false,0.3229,0.3398,0.3229
128,dropoff,2024,5,291,Manhattan,Inwood Hill Park,false,0.3229,0.3398,0.3229
128,dropoff,2024,6,182,Manhattan,Inwood Hill Park,false,0.3229,0.3398,0.3229
128,pickup,2023,2,11,Manhattan,Inwood Hill Park,false,0.0435,0.0968,0.0435
128,pickup,2023,3,15,Manhattan,Inwood Hill Park,false,0.0435,0.0968,0.0435
128,pickup,2023,4,20,Manhattan,Inwood Hill Park,false,0.0435,0.0968,0.0435
128,pickup,2023,5,16,Manhattan,Inwood Hill Park,false,0.0435,0.0968,0.0435
128,pickup,2023,6,7,Manhattan,Inwood Hill Park,false,0.0435,0.0968,0.0435
128,pickup,2024,2,11,Manhattan,Inwood Hill Park,false,0.0435,0.0968,0.0435
128,pickup,2024,3,22,Manhattan,Inwood Hill Park,false,0.0435,0.0968,0.0435
128,pickup,2024,4,12,Manhattan,Inwood Hill Park,false,0.0435,0.0968,0.0435
128,pickup,2024,5,30,Manhattan,Inwood Hill Park,false,0.0435,0.0968,0.0435
128,pickup,2024,6,18,Manhattan,Inwood Hill Park,false,0.0435,0.0968,0.0435
129,dropoff,2023,2,3887,Queens,Jackson Heights,false,0.317,0.3054,0.317
129,dropoff,2023,3,4544,Queens,Jackson Heights,false,0.317,0.3054,0.317
129,dropoff,2023,4,4439,Queens,Jackson Heights,false,0.317,0.3054,0.317
129,dropoff,2023,5,4649,Queens,Jackson Heights,false,0.317,0.3054,0.317
129,dropoff,2023,6,4565,Queens,Jackson Heights,false,0.317,0.3054,0.317
129,dropoff,2024,2,3381,Queens,Jackson Heights,false,0.317,0.3054,0.317
129,dropoff,2024,3,3846,Queens,Jackson Heights,false,0.317,0.3054,0.317
129,dropoff,2024,4,3834,Queens,Jackson Heights,false,0.317,0.3054,0.317
129,dropoff,2024,5,3999,Queens,Jackson Heights,false,0.317,0.3054,0.317
129,dropoff,2024,6,3789,Queens,Jackson Heights,false,0.317,0.3054,0.317
129,pickup,2023,2,468,Queens,Jackson Heights,false,0.1391,0.1554,0.1391
129,pickup,2023,3,676,Queens,Jackson Heights,false,0.1391,0.1554,0.1391
129,pickup,2023,4,580,Queens,Jackson Heights,false,0.1391,0.1554,0.1391
129,pickup,2023,5,611,Queens,Jackson Heights,false,0.1391,0.1554,0.1391
129,pickup,2023,6,613,Queens,Jackson Heights,false,0.1391,0.1554,0.1391
129,pickup,2024,2,634,Queens,Jackson Heights,false,0.1391,0.1554,0.1391
129,pickup,2024,3,736,Queens,Jackson Heights,false,0.1391,0.1554,0.1391
129,pickup,2024,4,756,Queens,Jackson Heights,false,0.1391,0.1554,0.1391
129,pickup,2024,5,858,Queens,Jackson Heights,false,0.1391,0.1554,0.1391
129,pickup,2024,6,846,Queens,Jackson Heights,false,0.1391,0.1554,0.1391
130,dropoff,2023,2,1252,Queens,Jamaica,false,0.0734,0.0818,0.0734
130,dropoff,2023,3,1578,Queens,Jamaica,false,0.0734,0.0818,0.0734
130,dropoff,2023,4,1480,Queens,Jamaica,false,0.0734,0.0818,0.0734
130,dropoff,2023,5,1620,Queens,Jamaica,false,0.0734,0.0818,0.0734
130,dropoff,2023,6,1835,Queens,Jamaica,false,0.0734,0.0818,0.0734
130,dropoff,2024,2,1410,Queens,Jamaica,false,0.0734,0.0818,0.0734
130,dropoff,2024,3,1604,Queens,Jamaica,false,0.0734,0.0818,0.0734
130,dropoff,2024,4,1704,Queens,Jamaica,false,0.0734,0.0818,0.0734
130,dropoff,2024,5,1839,Queens,Jamaica,false,0.0734,0.0818,0.0734
130,dropoff,2024,6,1814,Queens,Jamaica,false,0.0734,0.0818,0.0734
130,pickup,2023,2,417,Queens,Jamaica,false,0.2451,0.2147,0.2451
130,pickup,2023,3,532,Queens,Jamaica,false,0.2451,0.2147,0.2451
130,pickup,2023,4,447,Queens,Jamaica,false,0.2451,0.2147,0.2451
130,pickup,2023,5,476,Queens,Jamaica,false,0.2451,0.2147,0.2451
130,pickup,2023,6,568,Queens,Jamaica,false,0.2451,0.2147,0.2451
130,pickup,2024,2,587,Queens,Jamaica,false,0.2451,0.2147,0.2451
130,pickup,2024,3,782,Queens,Jamaica,false,0.2451,0.2147,0.2451
130,pickup,2024,4,672,Queens,Jamaica,false,0.2451,0.2147,0.2451
130,pickup,2024,5,607,Queens,Jamaica,false,0.2451,0.2147,0.2451
130,pickup,2024,6,505,Queens,Jamaica,false,0.2451,0.2147,0.2451
131,dropoff,2023,2,555,Queens,Jamaica Estates,false,0.1215,0.1219,0.1215
131,dropoff,2023,3,692,Queens,Jamaica Estates,false,0.1215,0.1219,0.1215
131,dropoff,2023,4,709,Queens,Jamaica Estates,false,0.1215,0.1219,0.1215
131,dropoff,2023,5,733,Queens,Jamaica Estates,false,0.1215,0.1219,0.1215
131,dropoff,2023,6,719,Queens,Jamaica Estates,false,0.1215,0.1219,0.1215
131,dropoff,2024,2,549,Queens,Jamaica Estates,false,0.1215,0.1219,0.1215
131,dropoff,2024,3,605,Queens,Jamaica Estates,false,0.1215,0.1219,0.1215
131,dropoff,2024,4,616,Queens,Jamaica Estates,false,0.1215,0.1219,0.1215
131,dropoff,2024,5,702,Queens,Jamaica Estates,false,0.1215,0.1219,0.1215
131,dropoff,2024,6,605,Queens,Jamaica Estates,false,0.1215,0.1219,0.1215
131,pickup,2023,2,100,Queens,Jamaica Estates,false,0.1852,0.1644,0.1852
131,pickup,2023,3,172,Queens,Jamaica Estates,false,0.1852,0.1644,0.1852
131,pickup,2023,4,138,Queens,Jamaica Estates,false,0.1852,0.1644,0.1852
131,pickup,2023,5,181,Queens,Jamaica Estates,false,0.1852,0.1644,0.1852
131,pickup,2023,6,138,Queens,Jamaica Estates,false,0.1852,0.1644,0.1852
131,pickup,2024,2,144,Queens,Jamaica Estates,false,0.1852,0.1644,0.1852
131,pickup,2024,3,148,Queens,Jamaica Estates,false,0.1852,0.1644,0.1852
131,pickup,2024,4,158,Queens,Jamaica Estates,false,0.1852,0.1644,0.1852
131,pickup,2024,5,133,Queens,Jamaica Estates,false,0.1852,0.1644,0.1852
131,pickup,2024,6,141,Queens,Jamaica Estates,false,0.1852,0.1644,0.1852
132,dropoff,2023,2,28683,Queens,JFK Airport,false,0.5814,0.5687,0.5814
132,dropoff,2023,3,36130,Queens,JFK Airport,false,0.5814,0.5687,0.5814
132,dropoff,2023,4,38352,Queens,JFK Airport,false,0.5814,0.5687,0.5814
132,dropoff,2023,5,42945,Queens,JFK Airport,false,0.5814,0.5687,0.5814
132,dropoff,2023,6,40084,Queens,JFK Airport,false,0.5814,0.5687,0.5814
132,dropoff,2024,2,26605,Queens,JFK Airport,false,0.5814,0.5687,0.5814
132,dropoff,2024,3,33814,Queens,JFK Airport,false,0.5814,0.5687,0.5814
132,dropoff,2024,4,35576,Queens,JFK Airport,false,0.5814,0.5687,0.5814
132,dropoff,2024,5,41091,Queens,JFK Airport,false,0.5814,0.5687,0.5814
132,dropoff,2024,6,37706,Queens,JFK Airport,false,0.5814,0.5687,0.5814
132,pickup,2023,2,129715,Queens,JFK Airport,false,0.3939,0.3921,0.3939
132,pickup,2023,3,166648,Queens,JFK Airport,false,0.3939,0.3921,0.3939
132,pickup,2023,4,169949,Queens,JFK Airport,false,0.3939,0.3921,0.3939
132,pickup,2023,5,174507,Queens,JFK Airport,false,0.3939,0.3921,0.3939
132,pickup,2023,6,176558,Queens,JFK Airport,false,0.3939,0.3921,0.3939
132,pickup,2024,2,122500,Queens,JFK Airport,false,0.3939,0.3921,0.3939
132,pickup,2024,3,151831,Queens,JFK Airport,false,0.3939,0.3921,0.3939
132,pickup,2024,4,151735,Queens,JFK Airport,false,0.3939,0.3921,0.3939
132,pickup,2024,5,161113,Queens,JFK Airport,false,0.3939,0.3921,0.3939
132,pickup,2024,6,155041,Queens,JFK Airport,false,0.3939,0.3921,0.3939
133,dropoff,2023,2,780,Brooklyn,Kensington,false,0.3939,0.4079,0.3939
133,dropoff,2023,3,877,Brooklyn,Kensington,false,0.3939,0.4079,0.3939
133,dropoff,2023,4,871,Brooklyn,Kensington,false,0.3939,0.4079,0.3939
133,dropoff,2023,5,893,Brooklyn,Kensington,false,0.3939,0.4079,0.3939
133,dropoff,2023,6,875,Brooklyn,Kensington,false,0.3939,0.4079,0.3939
133,dropoff,2024,2,733,Brooklyn,Kensington,false,0.3939,0.4079,0.3939
133,dropoff,2024,3,806,Brooklyn,Kensington,false,0.3939,0.4079,0.3939
133,dropoff,2024,4,829,Brooklyn,Kensington,false,0.3939,0.4079,0.3939
133,dropoff,2024,5,851,Brooklyn,Kensington,false,0.3939,0.4079,0.3939
133,dropoff,2024,6,784,Brooklyn,Kensington,false,0.3939,0.4079,0.3939
133,pickup,2023,2,71,Brooklyn,Kensington,false,0.1624,0.1517,0.1624
133,pickup,2023,3,77,Brooklyn,Kensington,false,0.1624,0.1517,0.1624
133,pickup,2023,4,68,Brooklyn,Kensington,false,0.1624,0.1517,0.1624
133,pickup,2023,5,126,Brooklyn,Kensington,false,0.1624,0.1517,0.1624
133,pickup,2023,6,89,Brooklyn,Kensington,false,0.1624,0.1517,0.1624
133,pickup,2024,2,94,Brooklyn,Kensington,false,0.1624,0.1517,0.1624
133,pickup,2024,3,161,Brooklyn,Kensington,false,0.1624,0.1517,0.1624
133,pickup,2024,4,176,Brooklyn,Kensington,false,0.1624,0.1517,0.1624
133,pickup,2024,5,167,Brooklyn,Kensington,false,0.1624,0.1517,0.1624
133,pickup,2024,6,114,Brooklyn,Kensington,false,0.1624,0.1517,0.1624
134,dropoff,2023,2,964,Queens,Kew Gardens,false,0.1673,0.1786,0.1673
134,dropoff,2023,3,1128,Queens,Kew Gardens,false,0.1673,0.1786,0.1673
134,dropoff,2023,4,986,Queens,Kew Gardens,false,0.1673,0.1786,0.1673
134,dropoff,2023,5,1074,Queens,Kew Gardens,false,0.1673,0.1786,0.1673
134,dropoff,2023,6,1035,Queens,Kew Gardens,false,0.1673,0.1786,0.1673
134,dropoff,2024,2,873,Queens,Kew Gardens,false,0.1673,0.1786,0.1673
134,dropoff,2024,3,1056,Queens,Kew Gardens,false,0.1673,0.1786,0.1673
134,dropoff,2024,4,1029,Queens,Kew Gardens,false,0.1673,0.1786,0.1673
134,dropoff,2024,5,976,Queens,Kew Gardens,false,0.1673,0.1786,0.1673
134,dropoff,2024,6,948,Queens,Kew Gardens,false,0.1673,0.1786,0.1673
134,pickup,2023,2,242,Queens,Kew Gardens,false,0.0471,0.0786,0.0471
134,pickup,2023,3,303,Queens,Kew Gardens,false,0.0471,0.0786,0.0471
134,pickup,2023,4,274,Queens,Kew Gardens,false,0.0471,0.0786,0.0471
134,pickup,2023,5,337,Queens,Kew Gardens,false,0.0471,0.0786,0.0471
134,pickup,2023,6,287,Queens,Kew Gardens,false,0.0471,0.0786,0.0471
134,pickup,2024,2,257,Queens,Kew Gardens,false,0.0471,0.0786,0.0471
134,pickup,2024,3,354,Queens,Kew Gardens,false,0.0471,0.0786,0.0471
134,pickup,2024,4,344,Queens,Kew Gardens,false,0.0471,0.0786,0.0471
134,pickup,2024,5,379,Queens,Kew Gardens,false,0.0471,0.0786,0.0471
134,pickup,2024,6,358,Queens,Kew Gardens,false,0.0471,0.0786,0.0471
135,dropoff,2023,2,838,Queens,Kew Gardens Hills,false,0.1183,0.1091,0.1183
135,dropoff,2023,3,894,Queens,Kew Gardens Hills,false,0.1183,0.1091,0.1183
135,dropoff,2023,4,918,Queens,Kew Gardens Hills,false,0.1183,0.1091,0.1183
135,dropoff,2023,5,954,Queens,Kew Gardens Hills,false,0.1183,0.1091,0.1183
135,dropoff,2023,6,960,Queens,Kew Gardens Hills,false,0.1183,0.1091,0.1183
135,dropoff,2024,2,767,Queens,Kew Gardens Hills,false,0.1183,0.1091,0.1183
135,dropoff,2024,3,772,Queens,Kew Gardens Hills,false,0.1183,0.1091,0.1183
135,dropoff,2024,4,755,Queens,Kew Gardens Hills,false,0.1183,0.1091,0.1183
135,dropoff,2024,5,922,Queens,Kew Gardens Hills,false,0.1183,0.1091,0.1183
135,dropoff,2024,6,736,Queens,Kew Gardens Hills,false,0.1183,0.1091,0.1183
135,pickup,2023,2,160,Queens,Kew Gardens Hills,false,0.1558,0.1323,0.1558
135,pickup,2023,3,211,Queens,Kew Gardens Hills,false,0.1558,0.1323,0.1558
135,pickup,2023,4,188,Queens,Kew Gardens Hills,false,0.1558,0.1323,0.1558
135,pickup,2023,5,211,Queens,Kew Gardens Hills,false,0.1558,0.1323,0.1558
135,pickup,2023,6,180,Queens,Kew Gardens Hills,false,0.1558,0.1323,0.1558
135,pickup,2024,2,113,Queens,Kew Gardens Hills,false,0.1558,0.1323,0.1558
135,pickup,2024,3,139,Queens,Kew Gardens Hills,false,0.1558,0.1323,0.1558
135,pickup,2024,4,119,Queens,Kew Gardens Hills,false,0.1558,0.1323,0.1558
135,pickup,2024,5,141,Queens,Kew Gardens Hills,false,0.1558,0.1323,0.1558
135,pickup,2024,6,123,Queens,Kew Gardens Hills,false,0.1558,0.1323,0.1558
136,dropoff,2023,2,322,Bronx,Kingsbridge Heights,false,0.2523,0.2491,0.2523
136,dropoff,2023,3,404,Bronx,Kingsbridge Heights,false,0.2523,0.2491,0.2523
136,dropoff,2023,4,376,Bronx,Kingsbridge Heights,false,0.2523,0.2491,0.2523
136,dropoff,2023,5,405,Bronx,Kingsbridge Heights,false,0.2523,0.2491,0.2523
136,dropoff,2023,6,352,Bronx,Kingsbridge Heights,false,0.2523,0.2491,0.2523
136,dropoff,2024,2,299,Bronx,Kingsbridge Heights,false,0.2523,0.2491,0.2523
136,dropoff,2024,3,353,Bronx,Kingsbridge Heights,false,0.2523,0.2491,0.2523
136,dropoff,2024,4,360,Bronx,Kingsbridge Heights,false,0.2523,0.2491,0.2523
136,dropoff,2024,5,353,Bronx,Kingsbridge Heights,false,0.2523,0.2491,0.2523
136,dropoff,2024,6,317,Bronx,Kingsbridge Heights,false,0.2523,0.2491,0.2523
136,pickup,2023,2,114,Bronx,Kingsbridge Heights,false,0.2998,0.1997,0.2998
136,pickup,2023,3,145,Bronx,Kingsbridge Heights,false,0.2998,0.1997,0.2998
136,pickup,2023,4,121,Bronx,Kingsbridge Heights,false,0.2998,0.1997,0.2998
136,pickup,2023,5,137,Bronx,Kingsbridge Heights,false,0.2998,0.1997,0.2998
136,pickup,2023,6,110,Bronx,Kingsbridge Heights,false,0.2998,0.1997,0.2998
136,pickup,2024,2,97,Bronx,Kingsbridge Heights,false,0.2998,0.1997,0.2998
136,pickup,2024,3,107,Bronx,Kingsbridge Heights,false,0.2998,0.1997,0.2998
136,pickup,2024,4,126,Bronx,Kingsbridge Heights,false,0.2998,0.1997,0.2998
136,pickup,2024,5,125,Bronx,Kingsbridge Heights,false,0.2998,0.1997,0.2998
136,pickup,2024,6,126,Bronx,Kingsbridge Heights,false,0.2998,0.1997,0.2998
137,dropoff,2023,2,37316,Manhattan,Kips Bay,true,1.0,1.0,1.0
137,dropoff,2023,3,42542,Manhattan,Kips Bay,true,1.0,1.0,1.0
137,dropoff,2023,4,38913,Manhattan,Kips Bay,true,1.0,1.0,1.0
137,dropoff,2023,5,41154,Manhattan,Kips Bay,true,1.0,1.0,1.0
137,dropoff,2023,6,39203,Manhattan,Kips Bay,true,1.0,1.0,1.0
137,dropoff,2024,2,36239,Manhattan,Kips Bay,true,1.0,1.0,1.0
137,dropoff,2024,3,40440,Manhattan,Kips Bay,true,1.0,1.0,1.0
137,dropoff,2024,4,36763,Manhattan,Kips Bay,true,1.0,1.0,1.0
137,dropoff,2024,5,39037,Manhattan,Kips Bay,true,1.0,1.0,1.0
137,dropoff,2024,6,37569,Manhattan,Kips Bay,true,1.0,1.0,1.0
137,pickup,2023,2,32729,Manhattan,Kips Bay,true,1.0,1.0,1.0
137,pickup,2023,3,37722,Manhattan,Kips Bay,true,1.0,1.0,1.0
137,pickup,2023,4,33885,Manhattan,Kips Bay,true,1.0,1.0,1.0
137,pickup,2023,5,35175,Manhattan,Kips Bay,true,1.0,1.0,1.0
137,pickup,2023,6,33590,Manhattan,Kips Bay,true,1.0,1.0,1.0
137,pickup,2024,2,29974,Manhattan,Kips Bay,true,1.0,1.0,1.0
137,pickup,2024,3,33672,Manhattan,Kips Bay,true,1.0,1.0,1.0
137,pickup,2024,4,31205,Manhattan,Kips Bay,true,1.0,1.0,1.0
137,pickup,2024,5,32648,Manhattan,Kips Bay,true,1.0,1.0,1.0
137,pickup,2024,6,30814,Manhattan,Kips Bay,true,1.0,1.0,1.0
138,dropoff,2023,2,29956,Queens,LaGuardia Airport,false,0.6395,0.6504,0.6395
138,dropoff,2023,3,39933,Queens,LaGuardia Airport,false,0.6395,0.6504,0.6395
138,dropoff,2023,4,37391,Queens,LaGuardia Airport,false,0.6395,0.6504,0.6395
138,dropoff,2023,5,43230,Queens,LaGuardia Airport,false,0.6395,0.6504,0.6395
138,dropoff,2023,6,40424,Queens,LaGuardia Airport,false,0.6395,0.6504,0.6395
138,dropoff,2024,2,29247,Queens,LaGuardia Airport,false,0.6395,0.6504,0.6395
138,dropoff,2024,3,36495,Queens,LaGuardia Airport,false,0.6395,0.6504,0.6395
138,dropoff,2024,4,34765,Queens,LaGuardia Airport,false,0.6395,0.6504,0.6395
138,dropoff,2024,5,40578,Queens,LaGuardia Airport,false,0.6395,0.6504,0.6395
138,dropoff,2024,6,39453,Queens,LaGuardia Airport,false,0.6395,0.6504,0.6395
138,pickup,2023,2,83441,Queens,LaGuardia Airport,false,0.4679,0.4808,0.4679
138,pickup,2023,3,113735,Queens,LaGuardia Airport,false,0.4679,0.4808,0.4679
138,pickup,2023,4,110280,Queens,LaGuardia Airport,false,0.4679,0.4808,0.4679
138,pickup,2023,5,130292,Queens,LaGuardia Airport,false,0.4679,0.4808,0.4679
138,pickup,2023,6,117959,Queens,LaGuardia Airport,false,0.4679,0.4808,0.4679
138,pickup,2024,2,85898,Queens,LaGuardia Airport,false,0.4679,0.4808,0.4679
138,pickup,2024,3,105618,Queens,LaGuardia Airport,false,0.4679,0.4808,0.4679
138,pickup,2024,4,109303,Queens,LaGuardia Airport,false,0.4679,0.4808,0.4679
138,pickup,2024,5,124639,Queens,LaGuardia Airport,false,0.4679,0.4808,0.4679
138,pickup,2024,6,113608,Queens,LaGuardia Airport,false,0.4679,0.4808,0.4679
139,dropoff,2023,2,483,Queens,Laurelton,false,0.033,0.048,0.033
139,dropoff,2023,3,540,Queens,Laurelton,false,0.033,0.048,0.033
139,dropoff,2023,4,568,Queens,Laurelton,false,0.033,0.048,0.033
139,dropoff,2023,5,630,Queens,Laurelton,false,0.033,0.048,0.033
139,dropoff,2023,6,628,Queens,Laurelton,false,0.033,0.048,0.033
139,dropoff,2024,2,523,Queens,Laurelton,false,0.033,0.048,0.033
139,dropoff,2024,3,528,Queens,Laurelton,false,0.033,0.048,0.033
139,dropoff,2024,4,598,Queens,Laurelton,false,0.033,0.048,0.033
139,dropoff,2024,5,643,Queens,Laurelton,false,0.033,0.048,0.033
139,dropoff,2024,6,645,Queens,Laurelton,false,0.033,0.048,0.033
139,pickup,2023,2,114,Queens,Laurelton,false,0.0998,0.1084,0.0998
139,pickup,2023,3,130,Queens,Laurelton,false,0.0998,0.1084,0.0998
139,pickup,2023,4,110,Queens,Laurelton,false,0.0998,0.1084,0.0998
139,pickup,2023,5,124,Queens,Laurelton,false,0.0998,0.1084,0.0998
139,pickup,2023,6,123,Queens,Laurelton,false,0.0998,0.1084,0.0998
139,pickup,2024,2,137,Queens,Laurelton,false,0.0998,0.1084,0.0998
139,pickup,2024,3,180,Queens,Laurelton,false,0.0998,0.1084,0.0998
139,pickup,2024,4,180,Queens,Laurelton,false,0.0998,0.1084,0.0998
139,pickup,2024,5,167,Queens,Laurelton,false,0.0998,0.1084,0.0998
139,pickup,2024,6,129,Queens,Laurelton,false,0.0998,0.1084,0.0998
140,dropoff,2023,2,58792,Manhattan,Lenox Hill East,false,0.465,0.4547,0.465
140,dropoff,2023,3,67974,Manhattan,Lenox Hill East,false,0.465,0.4547,0.465
140,dropoff,2023,4,61208,Manhattan,Lenox Hill East,false,0.465,0.4547,0.465
140,dropoff,2023,5,67633,Manhattan,Lenox Hill East,false,0.465,0.4547,0.465
140,dropoff,2023,6,62619,Manhattan,Lenox Hill East,false,0.465,0.4547,0.465
140,dropoff,2024,2,58395,Manhattan,Lenox Hill East,false,0.465,0.4547,0.465
140,dropoff,2024,3,63695,Manhattan,Lenox Hill East,false,0.465,0.4547,0.465
140,dropoff,2024,4,61765,Manhattan,Lenox Hill East,false,0.465,0.4547,0.465
140,dropoff,2024,5,66092,Manhattan,Lenox Hill East,false,0.465,0.4547,0.465
140,dropoff,2024,6,59686,Manhattan,Lenox Hill East,false,0.465,0.4547,0.465
140,pickup,2023,2,59330,Manhattan,Lenox Hill East,false,0.3858,0.3773,0.3858
140,pickup,2023,3,68000,Manhattan,Lenox Hill East,false,0.3858,0.3773,0.3858
140,pickup,2023,4,59522,Manhattan,Lenox Hill East,false,0.3858,0.3773,0.3858
140,pickup,2023,5,65918,Manhattan,Lenox Hill East,false,0.3858,0.3773,0.3858
140,pickup,2023,6,60634,Manhattan,Lenox Hill East,false,0.3858,0.3773,0.3858
140,pickup,2024,2,58334,Manhattan,Lenox Hill East,false,0.3858,0.3773,0.3858
140,pickup,2024,3,62286,Manhattan,Lenox Hill East,false,0.3858,0.3773,0.3858
140,pickup,2024,4,61190,Manhattan,Lenox Hill East,false,0.3858,0.3773,0.3858
140,pickup,2024,5,64057,Manhattan,Lenox Hill East,false,0.3858,0.3773,0.3858
140,pickup,2024,6,57325,Manhattan,Lenox Hill East,false,0.3858,0.3773,0.3858
141,dropoff,2023,2,78238,Manhattan,Lenox Hill West,false,0.4807,0.4707,0.4807
141,dropoff,2023,3,88437,Manhattan,Lenox Hill West,false,0.4807,0.4707,0.4807
141,dropoff,2023,4,83442,Manhattan,Lenox Hill West,false,0.4807,0.4707,0.4807
141,dropoff,2023,5,87631,Manhattan,Lenox Hill West,false,0.4807,0.4707,0.4807
141,dropoff,2023,6,82281,Manhattan,Lenox Hill West,false,0.4807,0.4707,0.4807
141,dropoff,2024,2,77988,Manhattan,Lenox Hill West,false,0.4807,0.4707,0.4807
141,dropoff,2024,3,84216,Manhattan,Lenox Hill West,false,0.4807,0.4707,0.4807
141,dropoff,2024,4,81827,Manhattan,Lenox Hill West,false,0.4807,0.4707,0.4807
141,dropoff,2024,5,85948,Manhattan,Lenox Hill West,false,0.4807,0.4707,0.4807
141,dropoff,2024,6,79215,Manhattan,Lenox Hill West,false,0.4807,0.4707,0.4807
141,pickup,2023,2,71290,Manhattan,Lenox Hill West,false,0.4054,0.3931,0.4054
141,pickup,2023,3,80008,Manhattan,Lenox Hill West,false,0.4054,0.3931,0.4054
141,pickup,2023,4,75845,Manhattan,Lenox Hill West,false,0.4054,0.3931,0.4054
141,pickup,2023,5,77963,Manhattan,Lenox Hill West,false,0.4054,0.3931,0.4054
141,pickup,2023,6,73847,Manhattan,Lenox Hill West,false,0.4054,0.3931,0.4054
141,pickup,2024,2,67761,Manhattan,Lenox Hill West,false,0.4054,0.3931,0.4054
141,pickup,2024,3,74304,Manhattan,Lenox Hill West,false,0.4054,0.3931,0.4054
141,pickup,2024,4,70551,Manhattan,Lenox Hill West,false,0.4054,0.3931,0.4054
141,pickup,2024,5,74597,Manhattan,Lenox Hill West,false,0.4054,0.3931,0.4054
141,pickup,2024,6,69222,Manhattan,Lenox Hill West,false,0.4054,0.3931,0.4054
142,dropoff,2023,2,77730,Manhattan,Lincoln Square East,false,0.4529,0.4427,0.4529
142,dropoff,2023,3,91656,Manhattan,Lincoln Square East,false,0.4529,0.4427,0.4529
142,dropoff,2023,4,91400,Manhattan,Lincoln Square East,false,0.4529,0.4427,0.4529
142,dropoff,2023,5,98900,Manhattan,Lincoln Square East,false,0.4529,0.4427,0.4529
142,dropoff,2023,6,87428,Manhattan,Lincoln Square East,false,0.4529,0.4427,0.4529
142,dropoff,2024,2,80621,Manhattan,Lincoln Square East,false,0.4529,0.4427,0.4529
142,dropoff,2024,3,88826,Manhattan,Lincoln Square East,false,0.4529,0.4427,0.4529
142,dropoff,2024,4,90172,Manhattan,Lincoln Square East,false,0.4529,0.4427,0.4529
142,dropoff,2024,5,96061,Manhattan,Lincoln Square East,false,0.4529,0.4427,0.4529
142,dropoff,2024,6,85732,Manhattan,Lincoln Square East,false,0.4529,0.4427,0.4529
142,pickup,2023,2,90141,Manhattan,Lincoln Square East,false,0.436,0.4338,0.436
142,pickup,2023,3,107014,Manhattan,Lincoln Square East,false,0.436,0.4338,0.436
142,pickup,2023,4,110022,Manhattan,Lincoln Square East,false,0.436,0.4338,0.436
142,pickup,2023,5,118616,Manhattan,Lincoln Square East,false,0.436,0.4338,0.436
142,pickup,2023,6,102717,Manhattan,Lincoln Square East,false,0.436,0.4338,0.436
142,pickup,2024,2,92047,Manhattan,Lincoln Square East,false,0.436,0.4338,0.436
142,pickup,2024,3,104338,Manhattan,Lincoln Square East,false,0.436,0.4338,0.436
142,pickup,2024,4,105672,Manhattan,Lincoln Square East,false,0.436,0.4338,0.436
142,pickup,2024,5,113766,Manhattan,Lincoln Square East,false,0.436,0.4338,0.436
142,pickup,2024,6,96760,Manhattan,Lincoln Square East,false,0.436,0.4338,0.436
143,dropoff,2023,2,43181,Manhattan,Lincoln Square West,false,0.4826,0.4751,0.4826
143,dropoff,2023,3,49799,Manhattan,Lincoln Square West,false,0.4826,0.4751,0.4826
143,dropoff,2023,4,46652,Manhattan,Lincoln Square West,false,0.4826,0.4751,0.4826
143,dropoff,2023,5,50507,Manhattan,Lincoln Square West,false,0.4826,0.4751,0.4826
143,dropoff,2023,6,46820,Manhattan,Lincoln Square West,false,0.4826,0.4751,0.4826
143,dropoff,2024,2,43561,Manhattan,Lincoln Square West,false,0.4826,0.4751,0.4826
143,dropoff,2024,3,47128,Manhattan,Lincoln Square West,false,0.4826,0.4751,0.4826
143,dropoff,2024,4,46047,Manhattan,Lincoln Square West,false,0.4826,0.4751,0.4826
143,dropoff,2024,5,48079,Manhattan,Lincoln Square West,false,0.4826,0.4751,0.4826
143,dropoff,2024,6,45186,Manhattan,Lincoln Square West,false,0.4826,0.4751,0.4826
143,pickup,2023,2,29998,Manhattan,Lincoln Square West,false,0.4052,0.3958,0.4052
143,pickup,2023,3,35877,Manhattan,Lincoln Square West,false,0.4052,0.3958,0.4052
143,pickup,2023,4,33237,Manhattan,Lincoln Square West,false,0.4052,0.3958,0.4052
143,pickup,2023,5,36788,Manhattan,Lincoln Square West,false,0.4052,0.3958,0.4052
143,pickup,2023,6,33263,Manhattan,Lincoln Square West,false,0.4052,0.3958,0.4052
143,pickup,2024,2,30341,Manhattan,Lincoln Square West,false,0.4052,0.3958,0.4052
143,pickup,2024,3,32952,Manhattan,Lincoln Square West,false,0.4052,0.3958,0.4052
143,pickup,2024,4,32739,Manhattan,Lincoln Square West,false,0.4052,0.3958,0.4052
143,pickup,2024,5,34149,Manhattan,Lincoln Square West,false,0.4052,0.3958,0.4052
143,pickup,2024,6,31220,Manhattan,Lincoln Square West,false,0.4052,0.3958,0.4052
144,dropoff,2023,2,25492,Manhattan,Little Italy/NoLiTa,true,1.0,1.0,1.0
144,dropoff,2023,3,28720,Manhattan,Little Italy/NoLiTa,true,1.0,1.0,1.0
144,dropoff,2023,4,29483,Manhattan,Little Italy/NoLiTa,true,1.0,1.0,1.0
144,dropoff,2023,5,30392,Manhattan,Little Italy/NoLiTa,true,1.0,1.0,1.0
144,dropoff,2023,6,28870,Manhattan,Little Italy/NoLiTa,true,1.0,1.0,1.0
144,dropoff,2024,2,25781,Manhattan,Little Italy/NoLiTa,true,1.0,1.0,1.0
144,dropoff,2024,3,29045,Manhattan,Little Italy/NoLiTa,true,1.0,1.0,1.0
144,dropoff,2024,4,27076,Manhattan,Little Italy/NoLiTa,true,1.0,1.0,1.0
144,dropoff,2024,5,29703,Manhattan,Little Italy/NoLiTa,true,1.0,1.0,1.0
144,dropoff,2024,6,29223,Manhattan,Little Italy/NoLiTa,true,1.0,1.0,1.0
144,pickup,2023,2,24058,Manhattan,Little Italy/NoLiTa,true,1.0,1.0,1.0
144,pickup,2023,3,26507,Manhattan,Little Italy/NoLiTa,true,1.0,1.0,1.0
144,pickup,2023,4,27447,Manhattan,Little Italy/NoLiTa,true,1.0,1.0,1.0
144,pickup,2023,5,28609,Manhattan,Little Italy/NoLiTa,true,1.0,1.0,1.0
144,pickup,2023,6,27810,Manhattan,Little Italy/NoLiTa,true,1.0,1.0,1.0
144,pickup,2024,2,27252,Manhattan,Little Italy/NoLiTa,true,1.0,1.0,1.0
144,pickup,2024,3,29267,Manhattan,Little Italy/NoLiTa,true,1.0,1.0,1.0
144,pickup,2024,4,27147,Manhattan,Little Italy/NoLiTa,true,1.0,1.0,1.0
144,pickup,2024,5,29687,Manhattan,Little Italy/NoLiTa,true,1.0,1.0,1.0
144,pickup,2024,6,30344,Manhattan,Little Italy/NoLiTa,true,1.0,1.0,1.0
145,dropoff,2023,2,8698,Queens,Long Island City/Hunters Point,false,0.4417,0.4154,0.4417
145,dropoff,2023,3,9685,Queens,Long Island City/Hunters Point,false,0.4417,0.4154,0.4417
145,dropoff,2023,4,8934,Queens,Long Island City/Hunters Point,false,0.4417,0.4154,0.4417
145,dropoff,2023,5,10251,Queens,Long Island City/Hunters Point,false,0.4417,0.4154,0.4417
145,dropoff,2023,6,9451,Queens,Long Island City/Hunters Point,false,0.4417,0.4154,0.4417
145,dropoff,2024,2,6912,Queens,Long Island City/Hunters Point,false,0.4417,0.4154,0.4417
145,dropoff,2024,3,8618,Queens,Long Island City/Hunters Point,false,0.4417,0.4154,0.4417
145,dropoff,2024,4,8076,Queens,Long Island City/Hunters Point,false,0.4417,0.4154,0.4417
145,dropoff,2024,5,8458,Queens,Long Island City/Hunters Point,false,0.4417,0.4154,0.4417
145,dropoff,2024,6,8238,Queens,Long Island City/Hunters Point,false,0.4417,0.4154,0.4417
145,pickup,2023,2,2204,Queens,Long Island City/Hunters Point,false,0.1413,0.1393,0.1413
145,pickup,2023,3,2544,Queens,Long Island City/Hunters Point,false,0.1413,0.1393,0.1413
145,pickup,2023,4,2300,Queens,Long Island City/Hunters Point,false,0.1413,0.1393,0.1413
145,pickup,2023,5,2988,Queens,Long Island City/Hunters Point,false,0.1413,0.1393,0.1413
145,pickup,2023,6,2457,Queens,Long Island City/Hunters Point,false,0.1413,0.1393,0.1413
145,pickup,2024,2,2125,Queens,Long Island City/Hunters Point,false,0.1413,0.1393,0.1413
145,pickup,2024,3,2861,Queens,Long Island City/Hunters Point,false,0.1413,0.1393,0.1413
145,pickup,2024,4,2663,Queens,Long Island City/Hunters Point,false,0.1413,0.1393,0.1413
145,pickup,2024,5,2642,Queens,Long Island City/Hunters Point,false,0.1413,0.1393,0.1413
145,pickup,2024,6,2511,Queens,Long Island City/Hunters Point,false,0.1413,0.1393,0.1413
146,dropoff,2023,2,2523,Queens,Long Island City/Queens Plaza,false,0.4017,0.3912,0.4017
146,dropoff,2023,3,3086,Queens,Long Island City/Queens Plaza,false,0.4017,0.3912,0.4017
146,dropoff,2023,4,3015,Queens,Long Island City/Queens Plaza,false,0.4017,0.3912,0.4017
146,dropoff,2023,5,3277,Queens,Long Island City/Queens Plaza,false,0.4017,0.3912,0.4017
146,dropoff,2023,6,3256,Queens,Long Island City/Queens Plaza,false,0.4017,0.3912,0.4017
146,dropoff,2024,2,1938,Queens,Long Island City/Queens Plaza,false,0.4017,0.3912,0.4017
146,dropoff,2024,3,2360,Queens,Long Island City/Queens Plaza,false,0.4017,0.3912,0.4017
146,dropoff,2024,4,2302,Queens,Long Island City/Queens Plaza,false,0.4017,0.3912,0.4017
146,dropoff,2024,5,2510,Queens,Long Island City/Queens Plaza,false,0.4017,0.3912,0.4017
146,dropoff,2024,6,2443,Queens,Long Island City/Queens Plaza,false,0.4017,0.3912,0.4017
146,pickup,2023,2,1420,Queens,Long Island City/Queens Plaza,false,0.2488,0.258,0.2488
146,pickup,2023,3,1624,Queens,Long Island City/Queens Plaza,false,0.2488,0.258,0.2488
146,pickup,2023,4,1495,Queens,Long Island City/Queens Plaza,false,0.2488,0.258,0.2488
146,pickup,2023,5,1684,Queens,Long Island City/Queens Plaza,false,0.2488,0.258,0.2488
146,pickup,2023,6,1570,Queens,Long Island City/Queens Plaza,false,0.2488,0.258,0.2488
146,pickup,2024,2,1156,Queens,Long Island City/Queens Plaza,false,0.2488,0.258,0.2488
146,pickup,2024,3,1410,Queens,Long Island City/Queens Plaza,false,0.2488,0.258,0.2488
146,pickup,2024,4,1230,Queens,Long Island City/Queens Plaza,false,0.2488,0.258,0.2488
146,pickup,2024,5,1347,Queens,Long Island City/Queens Plaza,false,0.2488,0.258,0.2488
146,pickup,2024,6,1260,Queens,Long Island City/Queens Plaza,false,0.2488,0.258,0.2488
147,dropoff,2023,2,244,Bronx,Longwood,false,0.2379,0.254,0.2379
147,dropoff,2023,3,292,Bronx,Longwood,false,0.2379,0.254,0.2379
147,dropoff,2023,4,316,Bronx,Longwood,false,0.2379,0.254,0.2379
147,dropoff,2023,5,260,Bronx,Longwood,false,0.2379,0.254,0.2379
147,dropoff,2023,6,250,Bronx,Longwood,false,0.2379,0.254,0.2379
147,dropoff,2024,2,216,Bronx,Longwood,false,0.2379,0.254,0.2379
147,dropoff,2024,3,246,Bronx,Longwood,false,0.2379,0.254,0.2379
147,dropoff,2024,4,275,Bronx,Longwood,false,0.2379,0.254,0.2379
147,dropoff,2024,5,261,Bronx,Longwood,false,0.2379,0.254,0.2379
147,dropoff,2024,6,258,Bronx,Longwood,false,0.2379,0.254,0.2379
147,pickup,2023,2,48,Bronx,Longwood,false,0.0625,0.1764,0.0625
147,pickup,2023,3,66,Bronx,Longwood,false,0.0625,0.1764,0.0625
147,pickup,2023,4,54,Bronx,Longwood,false,0.0625,0.1764,0.0625
147,pickup,2023,5,60,Bronx,Longwood,false,0.0625,0.1764,0.0625
147,pickup,2023,6,60,Bronx,Longwood,false,0.0625,0.1764,0.0625
147,pickup,2024,2,77,Bronx,Longwood,false,0.0625,0.1764,0.0625
147,pickup,2024,3,100,Bronx,Longwood,false,0.0625,0.1764,0.0625
147,pickup,2024,4,113,Bronx,Longwood,false,0.0625,0.1764,0.0625
147,pickup,2024,5,119,Bronx,Longwood,false,0.0625,0.1764,0.0625
147,pickup,2024,6,107,Bronx,Longwood,false,0.0625,0.1764,0.0625
148,dropoff,2023,2,28355,Manhattan,Lower East Side,true,1.0,1.0,1.0
148,dropoff,2023,3,31582,Manhattan,Lower East Side,true,1.0,1.0,1.0
148,dropoff,2023,4,32080,Manhattan,Lower East Side,true,1.0,1.0,1.0
148,dropoff,2023,5,33290,Manhattan,Lower East Side,true,1.0,1.0,1.0
148,dropoff,2023,6,31806,Manhattan,Lower East Side,true,1.0,1.0,1.0
148,dropoff,2024,2,28237,Manhattan,Lower East Side,true,1.0,1.0,1.0
148,dropoff,2024,3,30889,Manhattan,Lower East Side,true,1.0,1.0,1.0
148,dropoff,2024,4,28794,Manhattan,Lower East Side,true,1.0,1.0,1.0
148,dropoff,2024,5,31713,Manhattan,Lower East Side,true,1.0,1.0,1.0
148,dropoff,2024,6,31964,Manhattan,Lower East Side,true,1.0,1.0,1.0
148,pickup,2023,2,30034,Manhattan,Lower East Side,true,1.0,1.0,1.0
148,pickup,2023,3,31585,Manhattan,Lower East Side,true,1.0,1.0,1.0
148,pickup,2023,4,33335,Manhattan,Lower East Side,true,1.0,1.0,1.0
148,pickup,2023,5,33725,Manhattan,Lower East Side,true,1.0,1.0,1.0
148,pickup,2023,6,33246,Manhattan,Lower East Side,true,1.0,1.0,1.0
148,pickup,2024,2,30324,Manhattan,Lower East Side,true,1.0,1.0,1.0
148,pickup,2024,3,31850,Manhattan,Lower East Side,true,1.0,1.0,1.0
148,pickup,2024,4,28827,Manhattan,Lower East Side,true,1.0,1.0,1.0
148,pickup,2024,5,30477,Manhattan,Lower East Side,true,1.0,1.0,1.0
148,pickup,2024,6,32890,Manhattan,Lower East Side,true,1.0,1.0,1.0
149,dropoff,2023,2,356,Brooklyn,Madison,false,0.1861,0.214,0.1861
149,dropoff,2023,3,408,Brooklyn,Madison,false,0.1861,0.214,0.1861
149,dropoff,2023,4,472,Brooklyn,Madison,false,0.1861,0.214,0.1861
149,dropoff,2023,5,484,Brooklyn,Madison,false,0.1861,0.214,0.1861
149,dropoff,2023,6,456,Brooklyn,Madison,false,0.1861,0.214,0.1861
149,dropoff,2024,2,339,Brooklyn,Madison,false,0.1861,0.214,0.1861
149,dropoff,2024,3,472,Brooklyn,Madison,false,0.1861,0.214,0.1861
149,dropoff,2024,4,406,Brooklyn,Madison,false,0.1861,0.214,0.1861
149,dropoff,2024,5,487,Brooklyn,Madison,false,0.1861,0.214,0.1861
149,dropoff,2024,6,436,Brooklyn,Madison,false,0.1861,0.214,0.1861
149,pickup,2023,2,63,Brooklyn,Madison,false,0.189,0.2112,0.189
149,pickup,2023,3,70,Brooklyn,Madison,false,0.189,0.2112,0.189
149,pickup,2023,4,81,Brooklyn,Madison,false,0.189,0.2112,0.189
149,pickup,2023,5,91,Brooklyn,Madison,false,0.189,0.2112,0.189
149,pickup,2023,6,76,Brooklyn,Madison,false,0.189,0.2112,0.189
149,pickup,2024,2,108,Brooklyn,Madison,false,0.189,0.2112,0.189
149,pickup,2024,3,135,Brooklyn,Madison,false,0.189,0.2112,0.189
149,pickup,2024,4,156,Brooklyn,Madison,false,0.189,0.2112,0.189
149,pickup,2024,5,155,Brooklyn,Madison,false,0.189,0.2112,0.189
149,pickup,2024,6,161,Brooklyn,Madison,false,0.189,0.2112,0.189
150,dropoff,2023,2,186,Brooklyn,Manhattan Beach,false,0.1788,0.1322,0.1788
150,dropoff,2023,3,246,Brooklyn,Manhattan Beach,false,0.1788,0.1322,0.1788
150,dropoff,2023,4,259,Brooklyn,Manhattan Beach,false,0.1788,0.1322,0.1788
150,dropoff,2023,5,254,Brooklyn,Manhattan Beach,false,0.1788,0.1322,0.1788
150,dropoff,2023,6,241,Brooklyn,Manhattan Beach,false,0.1788,0.1322,0.1788
150,dropoff,2024,2,212,Brooklyn,Manhattan Beach,false,0.1788,0.1322,0.1788
150,dropoff,2024,3,267,Brooklyn,Manhattan Beach,false,0.1788,0.1322,0.1788
150,dropoff,2024,4,259,Brooklyn,Manhattan Beach,false,0.1788,0.1322,0.1788
150,dropoff,2024,5,279,Brooklyn,Manhattan Beach,false,0.1788,0.1322,0.1788
150,dropoff,2024,6,269,Brooklyn,Manhattan Beach,false,0.1788,0.1322,0.1788
150,pickup,2023,2,36,Brooklyn,Manhattan Beach,false,0.2235,0.1253,0.2235
150,pickup,2023,3,40,Brooklyn,Manhattan Beach,false,0.2235,0.1253,0.2235
150,pickup,2023,4,32,Brooklyn,Manhattan Beach,false,0.2235,0.1253,0.2235
150,pickup,2023,5,46,Brooklyn,Manhattan Beach,false,0.2235,0.1253,0.2235
150,pickup,2023,6,25,Brooklyn,Manhattan Beach,false,0.2235,0.1253,0.2235
150,pickup,2024,2,51,Brooklyn,Manhattan Beach,false,0.2235,0.1253,0.2235
150,pickup,2024,3,77,Brooklyn,Manhattan Beach,false,0.2235,0.1253,0.2235
150,pickup,2024,4,103,Brooklyn,Manhattan Beach,false,0.2235,0.1253,0.2235
150,pickup,2024,5,109,Brooklyn,Manhattan Beach,false,0.2235,0.1253,0.2235
150,pickup,2024,6,99,Brooklyn,Manhattan Beach,false,0.2235,0.1253,0.2235
151,dropoff,2023,2,26181,Manhattan,Manhattan Valley,false,0.2738,0.2647,0.2738
151,dropoff,2023,3,29894,Manhattan,Manhattan Valley,false,0.2738,0.2647,0.2738
151,dropoff,2023,4,28791,Manhattan,Manhattan Valley,false,0.2738,0.2647,0.2738
151,dropoff,2023,5,30959,Manhattan,Manhattan Valley,false,0.2738,0.2647,0.2738
151,dropoff,2023,6,28392,Manhattan,Manhattan Valley,false,0.2738,0.2647,0.2738
151,dropoff,2024,2,25169,Manhattan,Manhattan Valley,false,0.2738,0.2647,0.2738
151,dropoff,2024,3,28351,Manhattan,Manhattan Valley,false,0.2738,0.2647,0.2738
151,dropoff,2024,4,27968,Manhattan,Manhattan Valley,false,0.2738,0.2647,0.2738
151,dropoff,2024,5,29225,Manhattan,Manhattan Valley,false,0.2738,0.2647,0.2738
151,dropoff,2024,6,26873,Manhattan,Manhattan Valley,false,0.2738,0.2647,0.2738
151,pickup,2023,2,22829,Manhattan,Manhattan Valley,false,0.1829,0.1774,0.1829
151,pickup,2023,3,25966,Manhattan,Manhattan Valley,false,0.1829,0.1774,0.1829
151,pickup,2023,4,25321,Manhattan,Manhattan Valley,false,0.1829,0.1774,0.1829
151,pickup,2023,5,27606,Manhattan,Manhattan Valley,false,0.1829,0.1774,0.1829
151,pickup,2023,6,24516,Manhattan,Manhattan Valley,false,0.1829,0.1774,0.1829
151,pickup,2024,2,21813,Manhattan,Manhattan Valley,false,0.1829,0.1774,0.1829
151,pickup,2024,3,23665,Manhattan,Manhattan Valley,false,0.1829,0.1774,0.1829
151,pickup,2024,4,24711,Manhattan,Manhattan Valley,false,0.1829,0.1774,0.1829
151,pickup,2024,5,25123,Manhattan,Manhattan Valley,false,0.1829,0.1774,0.1829
151,pickup,2024,6,23326,Manhattan,Manhattan Valley,false,0.1829,0.1774,0.1829
152,dropoff,2023,2,4272,Manhattan,Manhattanville,false,0.2948,0.2624,0.2948
152,dropoff,2023,3,5038,Manhattan,Manhattanville,false,0.2948,0.2624,0.2948
152,dropoff,2023,4,4504,Manhattan,Manhattanville,false,0.2948,0.2624,0.2948
152,dropoff,2023,5,4761,Manhattan,Manhattanville,false,0.2948,0.2624,0.2948
152,dropoff,2023,6,4130,Manhattan,Manhattanville,false,0.2948,0.2624,0.2948
152,dropoff,2024,2,3534,Manhattan,Manhattanville,false,0.2948,0.2624,0.2948
152,dropoff,2024,3,3924,Manhattan,Manhattanville,false,0.2948,0.2624,0.2948
152,dropoff,2024,4,3881,Manhattan,Manhattanville,false,0.2948,0.2624,0.2948
152,dropoff,2024,5,4023,Manhattan,Manhattanville,false,0.2948,0.2624,0.2948
152,dropoff,2024,6,3556,Manhattan,Manhattanville,false,0.2948,0.2624,0.2948
152,pickup,2023,2,1761,Manhattan,Manhattanville,false,0.1616,0.1456,0.1616
152,pickup,2023,3,2141,Manhattan,Manhattanville,false,0.1616,0.1456,0.1616
152,pickup,2023,4,1980,Manhattan,Manhattanville,false,0.1616,0.1456,0.1616
152,pickup,2023,5,2093,Manhattan,Manhattanville,false,0.1616,0.1456,0.1616
152,pickup,2023,6,1773,Manhattan,Manhattanville,false,0.1616,0.1456,0.1616
152,pickup,2024,2,1523,Manhattan,Manhattanville,false,0.1616,0.1456,0.1616
152,pickup,2024,3,1657,Manhattan,Manhattanville,false,0.1616,0.1456,0.1616
152,pickup,2024,4,1937,Manhattan,Manhattanville,false,0.1616,0.1456,0.1616
152,pickup,2024,5,1934,Manhattan,Manhattanville,false,0.1616,0.1456,0.1616
152,pickup,2024,6,1645,Manhattan,Manhattanville,false,0.1616,0.1456,0.1616
153,dropoff,2023,2,107,Manhattan,Marble Hill,false,0.2465,0.2469,0.2465
153,dropoff,2023,3,147,Manhattan,Marble Hill,false,0.2465,0.2469,0.2465
153,dropoff,2023,4,145,Manhattan,Marble Hill,false,0.2465,0.2469,0.2465
153,dropoff,2023,5,130,Manhattan,Marble Hill,false,0.2465,0.2469,0.2465
153,dropoff,2023,6,120,Manhattan,Marble Hill,false,0.2465,0.2469,0.2465
153,dropoff,2024,2,121,Manhattan,Marble Hill,false,0.2465,0.2469,0.2465
153,dropoff,2024,3,118,Manhattan,Marble Hill,false,0.2465,0.2469,0.2465
153,dropoff,2024,4,137,Manhattan,Marble Hill,false,0.2465,0.2469,0.2465
153,dropoff,2024,5,156,Manhattan,Marble Hill,false,0.2465,0.2469,0.2465
153,dropoff,2024,6,104,Manhattan,Marble Hill,false,0.2465,0.2469,0.2465
153,pickup,2023,2,29,Manhattan,Marble Hill,false,0.1556,0.1778,0.1556
153,pickup,2023,3,36,Manhattan,Marble Hill,false,0.1556,0.1778,0.1556
153,pickup,2023,4,24,Manhattan,Marble Hill,false,0.1556,0.1778,0.1556
153,pickup,2023,5,25,Manhattan,Marble Hill,false,0.1556,0.1778,0.1556
153,pickup,2023,6,21,Manhattan,Marble Hill,false,0.1556,0.1778,0.1556
153,pickup,2024,2,36,Manhattan,Marble Hill,false,0.1556,0.1778,0.1556
153,pickup,2024,3,36,Manhattan,Marble Hill,false,0.1556,0.1778,0.1556
153,pickup,2024,4,36,Manhattan,Marble Hill,false,0.1556,0.1778,0.1556
153,pickup,2024,5,36,Manhattan,Marble Hill,false,0.1556,0.1778,0.1556
153,pickup,2024,6,36,Manhattan,Marble Hill,false,0.1556,0.1778,0.1556
154,dropoff,2023,2,198,Brooklyn,Marine Park/Floyd Bennett Field,false,0.0412,0.02,0.0412
154,dropoff,2023,3,224,Brooklyn,Marine Park/Floyd Bennett Field,false,0.0412,0.02,0.0412
154,dropoff,2023,4,144,Brooklyn,Marine Park/Floyd Bennett Field,false,0.0412,0.02,0.0412
154,dropoff,2023,5,39,Brooklyn,Marine Park/Floyd Bennett Field,false,0.0412,0.02,0.0412
154,dropoff,2023,6,51,Brooklyn,Marine Park/Floyd Bennett Field,false,0.0412,0.02,0.0412
154,dropoff,2024,2,260,Brooklyn,Marine Park/Floyd Bennett Field,false,0.0412,0.02,0.0412
154,dropoff,2024,3,248,Brooklyn,Marine Park/Floyd Bennett Field,false,0.0412,0.02,0.0412
154,dropoff,2024,4,284,Brooklyn,Marine Park/Floyd Bennett Field,false,0.0412,0.02,0.0412
154,dropoff,2024,5,210,Brooklyn,Marine Park/Floyd Bennett Field,false,0.0412,0.02,0.0412
154,dropoff,2024,6,149,Brooklyn,Marine Park/Floyd Bennett Field,false,0.0412,0.02,0.0412
154,pickup,2023,2,59,Brooklyn,Marine Park/Floyd Bennett Field,false,0.0284,0.0381,0.0284
154,pickup,2023,3,61,Brooklyn,Marine Park/Floyd Bennett Field,false,0.0284,0.0381,0.0284
154,pickup,2023,4,23,Brooklyn,Marine Park/Floyd Bennett Field,false,0.0284,0.0381,0.0284
154,pickup,2023,5,17,Brooklyn,Marine Park/Floyd Bennett Field,false,0.0284,0.0381,0.0284
154,pickup,2023,6,16,Brooklyn,Marine Park/Floyd Bennett Field,false,0.0284,0.0381,0.0284
154,pickup,2024,2,44,Brooklyn,Marine Park/Floyd Bennett Field,false,0.0284,0.0381,0.0284
154,pickup,2024,3,48,Brooklyn,Marine Park/Floyd Bennett Field,false,0.0284,0.0381,0.0284
154,pickup,2024,4,46,Brooklyn,Marine Park/Floyd Bennett Field,false,0.0284,0.0381,0.0284
154,pickup,2024,5,37,Brooklyn,Marine Park/Floyd Bennett Field,false,0.0284,0.0381,0.0284
154,pickup,2024,6,35,Brooklyn,Marine Park/Floyd Bennett Field,false,0.0284,0.0381,0.0284
155,dropoff,2023,2,584,Brooklyn,Marine Park/Mill Basin,false,0.1277,0.1175,0.1277
155,dropoff,2023,3,644,Brooklyn,Marine Park/Mill Basin,false,0.1277,0.1175,0.1277
155,dropoff,2023,4,691,Brooklyn,Marine Park/Mill Basin,false,0.1277,0.1175,0.1277
155,dropoff,2023,5,662,Brooklyn,Marine Park/Mill Basin,false,0.1277,0.1175,0.1277
155,dropoff,2023,6,613,Brooklyn,Marine Park/Mill Basin,false,0.1277,0.1175,0.1277
155,dropoff,2024,2,668,Brooklyn,Marine Park/Mill Basin,false,0.1277,0.1175,0.1277
155,dropoff,2024,3,735,Brooklyn,Marine Park/Mill Basin,false,0.1277,0.1175,0.1277
155,dropoff,2024,4,784,Brooklyn,Marine Park/Mill Basin,false,0.1277,0.1175,0.1277
155,dropoff,2024,5,807,Brooklyn,Marine Park/Mill Basin,false,0.1277,0.1175,0.1277
155,dropoff,2024,6,725,Brooklyn,Marine Park/Mill Basin,false,0.1277,0.1175,0.1277
155,pickup,2023,2,139,Brooklyn,Marine Park/Mill Basin,false,0.1154,0.1594,0.1154
155,pickup,2023,3,173,Brooklyn,Marine Park/Mill Basin,false,0.1154,0.1594,0.1154
155,pickup,2023,4,140,Brooklyn,Marine Park/Mill Basin,false,0.1154,0.1594,0.1154
155,pickup,2023,5,129,Brooklyn,Marine Park/Mill Basin,false,0.1154,0.1594,0.1154
155,pickup,2023,6,121,Brooklyn,Marine Park/Mill Basin,false,0.1154,0.1594,0.1154
155,pickup,2024,2,198,Brooklyn,Marine Park/Mill Basin,false,0.1154,0.1594,0.1154
155,pickup,2024,3,253,Brooklyn,Marine Park/Mill Basin,false,0.1154,0.1594,0.1154
155,pickup,2024,4,246,Brooklyn,Marine Park/Mill Basin,false,0.1154,0.1594,0.1154
155,pickup,2024,5,266,Brooklyn,Marine Park/Mill Basin,false,0.1154,0.1594,0.1154
155,pickup,2024,6,254,Brooklyn,Marine Park/Mill Basin,false,0.1154,0.1594,0.1154
156,dropoff,2023,2,41,Staten Island,Mariners Harbor,false,0.4554,0.5153,0.4554
156,dropoff,2023,3,35,Staten Island,Mariners Harbor,false,0.4554,0.5153,0.4554
156,dropoff,2023,4,64,Staten Island,Mariners Harbor,false,0.4554,0.5153,0.4554
156,dropoff,2023,5,44,Staten Island,Mariners Harbor,false,0.4554,0.5153,0.4554
156,dropoff,2023,6,40,Staten Island,Mariners Harbor,false,0.4554,0.5153,0.4554
156,dropoff,2024,2,26,Staten Island,Mariners Harbor,false,0.4554,0.5153,0.4554
156,dropoff,2024,3,32,Staten Island,Mariners Harbor,false,0.4554,0.5153,0.4554
156,dropoff,2024,4,35,Staten Island,Mariners Harbor,false,0.4554,0.5153,0.4554
156,dropoff,2024,5,36,Staten Island,Mariners Harbor,false,0.4554,0.5153,0.4554
156,dropoff,2024,6,34,Staten Island,Mariners Harbor,false,0.4554,0.5153,0.4554
156,pickup,2023,2,4,Staten Island,Mariners Harbor,false,0.087,0.0,0.087
156,pickup,2023,3,6,Staten Island,Mariners Harbor,false,0.087,0.0,0.087
156,pickup,2023,4,5,Staten Island,Mariners Harbor,false,0.087,0.0,0.087
156,pickup,2023,5,3,Staten Island,Mariners Harbor,false,0.087,0.0,0.087
156,pickup,2023,6,5,Staten Island,Mariners Harbor,false,0.087,0.0,0.087
156,pickup,2024,4,5,Staten Island,Mariners Harbor,false,0.087,0.0,0.087
156,pickup,2024,5,2,Staten Island,Mariners Harbor,false,0.087,0.0,0.087
156,pickup,2024,6,1,Staten Island,Mariners Harbor,false,0.087,0.0,0.087
157,dropoff,2023,2,869,Queens,Maspeth,false,0.3022,0.2835,0.3022
157,dropoff,2023,3,1077,Queens,Maspeth,false,0.3022,0.2835,0.3022
157,dropoff,2023,4,992,Queens,Maspeth,false,0.3022,0.2835,0.3022
157,dropoff,2023,5,980,Queens,Maspeth,false,0.3022,0.2835,0.3022
157,dropoff,2023,6,982,Queens,Maspeth,false,0.3022,0.2835,0.3022
157,dropoff,2024,2,911,Queens,Maspeth,false,0.3022,0.2835,0.3022
157,dropoff,2024,3,1001,Queens,Maspeth,false,0.3022,0.2835,0.3022
157,dropoff,2024,4,904,Queens,Maspeth,false,0.3022,0.2835,0.3022
157,dropoff,2024,5,953,Queens,Maspeth,false,0.3022,0.2835,0.3022
157,dropoff,2024,6,993,Queens,Maspeth,false,0.3022,0.2835,0.3022
157,pickup,2023,2,221,Queens,Maspeth,false,0.3287,0.3713,0.3287
157,pickup,2023,3,234,Queens,Maspeth,false,0.3287,0.3713,0.3287
157,pickup,2023,4,224,Queens,Maspeth,false,0.3287,0.3713,0.3287
157,pickup,2023,5,193,Queens,Maspeth,false,0.3287,0.3713,0.3287
157,pickup,2023,6,196,Queens,Maspeth,false,0.3287,0.3713,0.3287
157,pickup,2024,2,327,Queens,Maspeth,false,0.3287,0.3713,0.3287
157,pickup,2024,3,298,Queens,Maspeth,false,0.3287,0.3713,0.3287
157,pickup,2024,4,270,Queens,Maspeth,false,0.3287,0.3713,0.3287
157,pickup,2024,5,269,Queens,Maspeth,false,0.3287,0.3713,0.3287
157,pickup,2024,6,304,Queens,Maspeth,false,0.3287,0.3713,0.3287
158,dropoff,2023,2,28957,Manhattan,Meatpacking/West Village West,true,1.0,1.0,1.0
158,dropoff,2023,3,30665,Manhattan,Meatpacking/West Village West,true,1.0,1.0,1.0
158,dropoff,2023,4,30925,Manhattan,Meatpacking/West Village West,true,1.0,1.0,1.0
158,dropoff,2023,5,32904,Manhattan,Meatpacking/West Village West,true,1.0,1.0,1.0
158,dropoff,2023,6,31099,Manhattan,Meatpacking/West Village West,true,1.0,1.0,1.0
158,dropoff,2024,2,26703,Manhattan,Meatpacking/West Village West,true,1.0,1.0,1.0
158,dropoff,2024,3,30443,Manhattan,Meatpacking/West Village West,true,1.0,1.0,1.0
158,dropoff,2024,4,31284,Manhattan,Meatpacking/West Village West,true,1.0,1.0,1.0
158,dropoff,2024,5,33766,Manhattan,Meatpacking/West Village West,true,1.0,1.0,1.0
158,dropoff,2024,6,33008,Manhattan,Meatpacking/West Village West,true,1.0,1.0,1.0
158,pickup,2023,2,24967,Manhattan,Meatpacking/West Village West,true,1.0,1.0,1.0
158,pickup,2023,3,25668,Manhattan,Meatpacking/West Village West,true,1.0,1.0,1.0
158,pickup,2023,4,26842,Manhattan,Meatpacking/West Village West,true,1.0,1.0,1.0
158,pickup,2023,5,29003,Manhattan,Meatpacking/West Village West,true,1.0,1.0,1.0
158,pickup,2023,6,27783,Manhattan,Meatpacking/West Village West,true,1.0,1.0,1.0
158,pickup,2024,2,24181,Manhattan,Meatpacking/West Village West,true,1.0,1.0,1.0
158,pickup,2024,3,27773,Manhattan,Meatpacking/West Village West,true,1.0,1.0,1.0
158,pickup,2024,4,27907,Manhattan,Meatpacking/West Village West,true,1.0,1.0,1.0
158,pickup,2024,5,30644,Manhattan,Meatpacking/West Village West,true,1.0,1.0,1.0
158,pickup,2024,6,31365,Manhattan,Meatpacking/West Village West,true,1.0,1.0,1.0
159,dropoff,2023,2,608,Bronx,Melrose South,false,0.2518,0.2583,0.2518
159,dropoff,2023,3,746,Bronx,Melrose South,false,0.2518,0.2583,0.2518
159,dropoff,2023,4,740,Bronx,Melrose South,false,0.2518,0.2583,0.2518
159,dropoff,2023,5,770,Bronx,Melrose South,false,0.2518,0.2583,0.2518
159,dropoff,2023,6,691,Bronx,Melrose South,false,0.2518,0.2583,0.2518
159,dropoff,2024,2,618,Bronx,Melrose South,false,0.2518,0.2583,0.2518
159,dropoff,2024,3,685,Bronx,Melrose South,false,0.2518,0.2583,0.2518
159,dropoff,2024,4,669,Bronx,Melrose South,false,0.2518,0.2583,0.2518
159,dropoff,2024,5,738,Bronx,Melrose South,false,0.2518,0.2583,0.2518
159,dropoff,2024,6,677,Bronx,Melrose South,false,0.2518,0.2583,0.2518
159,pickup,2023,2,176,Bronx,Melrose South,false,0.066,0.1354,0.066
159,pickup,2023,3,207,Bronx,Melrose South,false,0.066,0.1354,0.066
159,pickup,2023,4,223,Bronx,Melrose South,false,0.066,0.1354,0.066
159,pickup,2023,5,184,Bronx,Melrose South,false,0.066,0.1354,0.066
159,pickup,2023,6,164,Bronx,Melrose South,false,0.066,0.1354,0.066
159,pickup,2024,2,245,Bronx,Melrose South,false,0.066,0.1354,0.066
159,pickup,2024,3,285,Bronx,Melrose South,false,0.066,0.1354,0.066
159,pickup,2024,4,268,Bronx,Melrose South,false,0.066,0.1354,0.066
159,pickup,2024,5,275,Bronx,Melrose South,false,0.066,0.1354,0.066
159,pickup,2024,6,249,Bronx,Melrose South,false,0.066,0.1354,0.066
160,dropoff,2023,2,840,Queens,Middle Village,false,0.3579,0.3246,0.3579
160,dropoff,2023,3,1034,Queens,Middle Village,false,0.3579,0.3246,0.3579
160,dropoff,2023,4,986,Queens,Middle Village,false,0.3579,0.3246,0.3579
160,dropoff,2023,5,1013,Queens,Middle Village,false,0.3579,0.3246,0.3579
160,dropoff,2023,6,950,Queens,Middle Village,false,0.3579,0.3246,0.3579
160,dropoff,2024,2,843,Queens,Middle Village,false,0.3579,0.3246,0.3579
160,dropoff,2024,3,903,Queens,Middle Village,false,0.3579,0.3246,0.3579
160,dropoff,2024,4,930,Queens,Middle Village,false,0.3579,0.3246,0.3579
160,dropoff,2024,5,978,Queens,Middle Village,false,0.3579,0.3246,0.3579
160,dropoff,2024,6,874,Queens,Middle Village,false,0.3579,0.3246,0.3579
160,pickup,2023,2,46,Queens,Middle Village,false,0.0723,0.1431,0.0723
160,pickup,2023,3,61,Queens,Middle Village,false,0.0723,0.1431,0.0723
160,pickup,2023,4,65,Queens,Middle Village,false,0.0723,0.1431,0.0723
160,pickup,2023,5,75,Queens,Middle Village,false,0.0723,0.1431,0.0723
160,pickup,2023,6,71,Queens,Middle Village,false,0.0723,0.1431,0.0723
160,pickup,2024,2,80,Queens,Middle Village,false,0.0723,0.1431,0.0723
160,pickup,2024,3,110,Queens,Middle Village,false,0.0723,0.1431,0.0723
160,pickup,2024,4,117,Queens,Middle Village,false,0.0723,0.1431,0.0723
160,pickup,2024,5,126,Queens,Middle Village,false,0.0723,0.1431,0.0723
160,pickup,2024,6,105,Queens,Middle Village,false,0.0723,0.1431,0.0723
161,dropoff,2023,2,106786,Manhattan,Midtown Center,true,1.0,1.0,1.0
161,dropoff,2023,3,127831,Manhattan,Midtown Center,true,1.0,1.0,1.0
161,dropoff,2023,4,119187,Manhattan,Midtown Center,true,1.0,1.0,1.0
161,dropoff,2023,5,132146,Manhattan,Midtown Center,true,1.0,1.0,1.0
161,dropoff,2023,6,123951,Manhattan,Midtown Center,true,1.0,1.0,1.0
161,dropoff,2024,2,106605,Manhattan,Midtown Center,true,1.0,1.0,1.0
161,dropoff,2024,3,118256,Manhattan,Midtown Center,true,1.0,1.0,1.0
161,dropoff,2024,4,117536,Manhattan,Midtown Center,true,1.0,1.0,1.0
161,dropoff,2024,5,127534,Manhattan,Midtown Center,true,1.0,1.0,1.0
161,dropoff,2024,6,117847,Manhattan,Midtown Center,true,1.0,1.0,1.0
161,pickup,2023,2,132502,Manhattan,Midtown Center,true,1.0,1.0,1.0
161,pickup,2023,3,157502,Manhattan,Midtown Center,true,1.0,1.0,1.0
161,pickup,2023,4,145661,Manhattan,Midtown Center,true,1.0,1.0,1.0
161,pickup,2023,5,157818,Manhattan,Midtown Center,true,1.0,1.0,1.0
161,pickup,2023,6,147767,Manhattan,Midtown Center,true,1.0,1.0,1.0
161,pickup,2024,2,139691,Manhattan,Midtown Center,true,1.0,1.0,1.0
161,pickup,2024,3,149425,Manhattan,Midtown Center,true,1.0,1.0,1.0
161,pickup,2024,4,150045,Manhattan,Midtown Center,true,1.0,1.0,1.0
161,pickup,2024,5,161758,Manhattan,Midtown Center,true,1.0,1.0,1.0
161,pickup,2024,6,148810,Manhattan,Midtown Center,true,1.0,1.0,1.0
162,dropoff,2023,2,76130,Manhattan,Midtown East,true,1.0,1.0,1.0
162,dropoff,2023,3,94733,Manhattan,Midtown East,true,1.0,1.0,1.0
162,dropoff,2023,4,87409,Manhattan,Midtown East,true,1.0,1.0,1.0
162,dropoff,2023,5,95310,Manhattan,Midtown East,true,1.0,1.0,1.0
162,dropoff,2023,6,91963,Manhattan,Midtown East,true,1.0,1.0,1.0
162,dropoff,2024,2,78826,Manhattan,Midtown East,true,1.0,1.0,1.0
162,dropoff,2024,3,91221,Manhattan,Midtown East,true,1.0,1.0,1.0
162,dropoff,2024,4,87204,Manhattan,Midtown East,true,1.0,1.0,1.0
162,dropoff,2024,5,95878,Manhattan,Midtown East,true,1.0,1.0,1.0
162,dropoff,2024,6,93201,Manhattan,Midtown East,true,1.0,1.0,1.0
162,pickup,2023,2,99794,Manhattan,Midtown East,true,1.0,1.0,1.0
162,pickup,2023,3,122803,Manhattan,Midtown East,true,1.0,1.0,1.0
162,pickup,2023,4,109611,Manhattan,Midtown East,true,1.0,1.0,1.0
162,pickup,2023,5,118823,Manhattan,Midtown East,true,1.0,1.0,1.0
162,pickup,2023,6,114188,Manhattan,Midtown East,true,1.0,1.0,1.0
162,pickup,2024,2,101519,Manhattan,Midtown East,true,1.0,1.0,1.0
162,pickup,2024,3,115067,Manhattan,Midtown East,true,1.0,1.0,1.0
162,pickup,2024,4,111389,Manhattan,Midtown East,true,1.0,1.0,1.0
162,pickup,2024,5,118298,Manhattan,Midtown East,true,1.0,1.0,1.0
162,pickup,2024,6,112738,Manhattan,Midtown East,true,1.0,1.0,1.0
163,dropoff,2023,2,67881,Manhattan,Midtown North,true,1.0,1.0,1.0
163,dropoff,2023,3,80854,Manhattan,Midtown North,true,1.0,1.0,1.0
163,dropoff,2023,4,78548,Manhattan,Midtown North,true,1.0,1.0,1.0
163,dropoff,2023,5,84845,Manhattan,Midtown North,true,1.0,1.0,1.0
163,dropoff,2023,6,79866,Manhattan,Midtown North,true,1.0,1.0,1.0
163,dropoff,2024,2,70808,Manhattan,Midtown North,true,1.0,1.0,1.0
163,dropoff,2024,3,78832,Manhattan,Midtown North,true,1.0,1.0,1.0
163,dropoff,2024,4,77819,Manhattan,Midtown North,true,1.0,1.0,1.0
163,dropoff,2024,5,83307,Manhattan,Midtown North,true,1.0,1.0,1.0
163,dropoff,2024,6,78349,Manhattan,Midtown North,true,1.0,1.0,1.0
163,pickup,2023,2,81852,Manhattan,Midtown North,true,1.0,1.0,1.0
163,pickup,2023,3,96886,Manhattan,Midtown North,true,1.0,1.0,1.0
163,pickup,2023,4,93423,Manhattan,Midtown North,true,1.0,1.0,1.0
163,pickup,2023,5,101490,Manhattan,Midtown North,true,1.0,1.0,1.0
163,pickup,2023,6,93676,Manhattan,Midtown North,true,1.0,1.0,1.0
163,pickup,2024,2,84860,Manhattan,Midtown North,true,1.0,1.0,1.0
163,pickup,2024,3,92888,Manhattan,Midtown North,true,1.0,1.0,1.0
163,pickup,2024,4,92141,Manhattan,Midtown North,true,1.0,1.0,1.0
163,pickup,2024,5,98871,Manhattan,Midtown North,true,1.0,1.0,1.0
163,pickup,2024,6,90763,Manhattan,Midtown North,true,1.0,1.0,1.0
164,dropoff,2023,2,57492,Manhattan,Midtown South,true,1.0,1.0,1.0
164,dropoff,2023,3,69929,Manhattan,Midtown South,true,1.0,1.0,1.0
164,dropoff,2023,4,66669,Manhattan,Midtown South,true,1.0,1.0,1.0
164,dropoff,2023,5,71716,Manhattan,Midtown South,true,1.0,1.0,1.0
164,dropoff,2023,6,68111,Manhattan,Midtown South,true,1.0,1.0,1.0
164,dropoff,2024,2,58206,Manhattan,Midtown South,true,1.0,1.0,1.0
164,dropoff,2024,3,67567,Manhattan,Midtown South,true,1.0,1.0,1.0
164,dropoff,2024,4,65653,Manhattan,Midtown South,true,1.0,1.0,1.0
164,dropoff,2024,5,70736,Manhattan,Midtown South,true,1.0,1.0,1.0
164,dropoff,2024,6,67472,Manhattan,Midtown South,true,1.0,1.0,1.0
164,pickup,2023,2,65032,Manhattan,Midtown South,true,1.0,1.0,1.0
164,pickup,2023,3,77519,Manhattan,Midtown South,true,1.0,1.0,1.0
164,pickup,2023,4,72839,Manhattan,Midtown South,true,1.0,1.0,1.0
164,pickup,2023,5,77197,Manhattan,Midtown South,true,1.0,1.0,1.0
164,pickup,2023,6,72697,Manhattan,Midtown South,true,1.0,1.0,1.0
164,pickup,2024,2,62849,Manhattan,Midtown South,true,1.0,1.0,1.0
164,pickup,2024,3,71966,Manhattan,Midtown South,true,1.0,1.0,1.0
164,pickup,2024,4,69040,Manhattan,Midtown South,true,1.0,1.0,1.0
164,pickup,2024,5,74778,Manhattan,Midtown South,true,1.0,1.0,1.0
164,pickup,2024,6,70413,Manhattan,Midtown South,true,1.0,1.0,1.0
165,dropoff,2023,2,727,Brooklyn,Midwood,false,0.2372,0.2046,0.2372
165,dropoff,2023,3,825,Brooklyn,Midwood,false,0.2372,0.2046,0.2372
165,dropoff,2023,4,776,Brooklyn,Midwood,false,0.2372,0.2046,0.2372
165,dropoff,2023,5,795,Brooklyn,Midwood,false,0.2372,0.2046,0.2372
165,dropoff,2023,6,760,Brooklyn,Midwood,false,0.2372,0.2046,0.2372
165,dropoff,2024,2,792,Brooklyn,Midwood,false,0.2372,0.2046,0.2372
165,dropoff,2024,3,820,Brooklyn,Midwood,false,0.2372,0.2046,0.2372
165,dropoff,2024,4,707,Brooklyn,Midwood,false,0.2372,0.2046,0.2372
165,dropoff,2024,5,1008,Brooklyn,Midwood,false,0.2372,0.2046,0.2372
165,dropoff,2024,6,799,Brooklyn,Midwood,false,0.2372,0.2046,0.2372
165,pickup,2023,2,107,Brooklyn,Midwood,false,0.1177,0.1051,0.1177
165,pickup,2023,3,125,Brooklyn,Midwood,false,0.1177,0.1051,0.1177
165,pickup,2023,4,125,Brooklyn,Midwood,false,0.1177,0.1051,0.1177
165,pickup,2023,5,139,Brooklyn,Midwood,false,0.1177,0.1051,0.1177
165,pickup,2023,6,90,Brooklyn,Midwood,false,0.1177,0.1051,0.1177
165,pickup,2024,2,243,Brooklyn,Midwood,false,0.1177,0.1051,0.1177
165,pickup,2024,3,315,Brooklyn,Midwood,false,0.1177,0.1051,0.1177
165,pickup,2024,4,308,Brooklyn,Midwood,false,0.1177,0.1051,0.1177
165,pickup,2024,5,344,Brooklyn,Midwood,false,0.1177,0.1051,0.1177
165,pickup,2024,6,293,Brooklyn,Midwood,false,0.1177,0.1051,0.1177
166,dropoff,2023,2,20836,Manhattan,Morningside Heights,false,0.242,0.2255,0.242
166,dropoff,2023,3,23798,Manhattan,Morningside Heights,false,0.242,0.2255,0.242
166,dropoff,2023,4,23215,Manhattan,Morningside Heights,false,0.242,0.2255,0.242
166,dropoff,2023,5,24823,Manhattan,Morningside Heights,false,0.242,0.2255,0.242
166,dropoff,2023,6,19839,Manhattan,Morningside Heights,false,0.242,0.2255,0.242
166,dropoff,2024,2,19490,Manhattan,Morningside Heights,false,0.242,0.2255,0.242
166,dropoff,2024,3,22097,Manhattan,Morningside Heights,false,0.242,0.2255,0.242
166,dropoff,2024,4,22207,Manhattan,Morningside Heights,false,0.242,0.2255,0.242
166,dropoff,2024,5,21535,Manhattan,Morningside Heights,false,0.242,0.2255,0.242
166,dropoff,2024,6,18956,Manhattan,Morningside Heights,false,0.242,0.2255,0.242
166,pickup,2023,2,13716,Manhattan,Morningside Heights,false,0.1598,0.1515,0.1598
166,pickup,2023,3,14957,Manhattan,Morningside Heights,false,0.1598,0.1515,0.1598
166,pickup,2023,4,15168,Manhattan,Morningside Heights,false,0.1598,0.1515,0.1598
166,pickup,2023,5,16046,Manhattan,Morningside Heights,false,0.1598,0.1515,0.1598
166,pickup,2023,6,12986,Manhattan,Morningside Heights,false,0.1598,0.1515,0.1598
166,pickup,2024,2,12830,Manhattan,Morningside Heights,false,0.1598,0.1515,0.1598
166,pickup,2024,3,13320,Manhattan,Morningside Heights,false,0.1598,0.1515,0.1598
166,pickup,2024,4,15530,Manhattan,Morningside Heights,false,0.1598,0.1515,0.1598
166,pickup,2024,5,14076,Manhattan,Morningside Heights,false,0.1598,0.1515,0.1598
166,pickup,2024,6,11699,Manhattan,Morningside Heights,false,0.1598,0.1515,0.1598
167,dropoff,2023,2,369,Bronx,Morrisania/Melrose,false,0.2028,0.2128,0.2028
167,dropoff,2023,3,493,Bronx,Morrisania/Melrose,false,0.2028,0.2128,0.2028
167,dropoff,2023,4,437,Bronx,Morrisania/Melrose,false,0.2028,0.2128,0.2028
167,dropoff,2023,5,474,Bronx,Morrisania/Melrose,false,0.2028,0.2128,0.2028
167,dropoff,2023,6,421,Bronx,Morrisania/Melrose,false,0.2028,0.2128,0.2028
167,dropoff,2024,2,333,Bronx,Morrisania/Melrose,false,0.2028,0.2128,0.2028
167,dropoff,2024,3,454,Bronx,Morrisania/Melrose,false,0.2028,0.2128,0.2028
167,dropoff,2024,4,402,Bronx,Morrisania/Melrose,false,0.2028,0.2128,0.2028
167,dropoff,2024,5,431,Bronx,Morrisania/Melrose,false,0.2028,0.2128,0.2028
167,dropoff,2024,6,434,Bronx,Morrisania/Melrose,false,0.2028,0.2128,0.2028
167,pickup,2023,2,135,Bronx,Morrisania/Melrose,false,0.1808,0.2425,0.1808
167,pickup,2023,3,197,Bronx,Morrisania/Melrose,false,0.1808,0.2425,0.1808
167,pickup,2023,4,180,Bronx,Morrisania/Melrose,false,0.1808,0.2425,0.1808
167,pickup,2023,5,186,Bronx,Morrisania/Melrose,false,0.1808,0.2425,0.1808
167,pickup,2023,6,154,Bronx,Morrisania/Melrose,false,0.1808,0.2425,0.1808
167,pickup,2024,2,196,Bronx,Morrisania/Melrose,false,0.1808,0.2425,0.1808
167,pickup,2024,3,229,Bronx,Morrisania/Melrose,false,0.1808,0.2425,0.1808
167,pickup,2024,4,248,Bronx,Morrisania/Melrose,false,0.1808,0.2425,0.1808
167,pickup,2024,5,211,Bronx,Morrisania/Melrose,false,0.1808,0.2425,0.1808
167,pickup,2024,6,213,Bronx,Morrisania/Melrose,false,0.1808,0.2425,0.1808
168,dropoff,2023,2,1590,Bronx,Mott Haven/Port Morris,false,0.2644,0.2672,0.2644
168,dropoff,2023,3,2033,Bronx,Mott Haven/Port Morris,false,0.2644,0.2672,0.2644
168,dropoff,2023,4,1874,Bronx,Mott Haven/Port Morris,false,0.2644,0.2672,0.2644
168,dropoff,2023,5,1922,Bronx,Mott Haven/Port Morris,false,0.2644,0.2672,0.2644
168,dropoff,2023,6,1860,Bronx,Mott Haven/Port Morris,false,0.2644,0.2672,0.2644
168,dropoff,2024,2,1503,Bronx,Mott Haven/Port Morris,false,0.2644,0.2672,0.2644
168,dropoff,2024,3,1721,Bronx,Mott Haven/Port Morris,false,0.2644,0.2672,0.2644
168,dropoff,2024,4,1642,Bronx,Mott Haven/Port Morris,false,0.2644,0.2672,0.2644
168,dropoff,2024,5,1762,Bronx,Mott Haven/Port Morris,false,0.2644,0.2672,0.2644
168,dropoff,2024,6,1738,Bronx,Mott Haven/Port Morris,false,0.2644,0.2672,0.2644
168,pickup,2023,2,384,Bronx,Mott Haven/Port Morris,false,0.0794,0.1304,0.0794
168,pickup,2023,3,375,Bronx,Mott Haven/Port Morris,false,0.0794,0.1304,0.0794
168,pickup,2023,4,384,Bronx,Mott Haven/Port Morris,false,0.0794,0.1304,0.0794
168,pickup,2023,5,429,Bronx,Mott Haven/Port Morris,false,0.0794,0.1304,0.0794
168,pickup,2023,6,380,Bronx,Mott Haven/Port Morris,false,0.0794,0.1304,0.0794
168,pickup,2024,2,438,Bronx,Mott Haven/Port Morris,false,0.0794,0.1304,0.0794
168,pickup,2024,3,501,Bronx,Mott Haven/Port Morris,false,0.0794,0.1304,0.0794
168,pickup,2024,4,554,Bronx,Mott Haven/Port Morris,false,0.0794,0.1304,0.0794
168,pickup,2024,5,505,Bronx,Mott Haven/Port Morris,false,0.0794,0.1304,0.0794
168,pickup,2024,6,487,Bronx,Mott Haven/Port Morris,false,0.0794,0.1304,0.0794
169,dropoff,2023,2,368,Bronx,Mount Hope,false,0.2333,0.2286,0.2333
169,dropoff,2023,3,504,Bronx,Mount Hope,false,0.2333,0.2286,0.2333
169,dropoff,2023,4,491,Bronx,Mount Hope,false,0.2333,0.2286,0.2333
169,dropoff,2023,5,504,Bronx,Mount Hope,false,0.2333,0.2286,0.2333
169,dropoff,2023,6,460,Bronx,Mount Hope,false,0.2333,0.2286,0.2333
169,dropoff,2024,2,404,Bronx,Mount Hope,false,0.2333,0.2286,0.2333
169,dropoff,2024,3,511,Bronx,Mount Hope,false,0.2333,0.2286,0.2333
169,dropoff,2024,4,481,Bronx,Mount Hope,false,0.2333,0.2286,0.2333
169,dropoff,2024,5,422,Bronx,Mount Hope,false,0.2333,0.2286,0.2333
169,dropoff,2024,6,457,Bronx,Mount Hope,false,0.2333,0.2286,0.2333
169,pickup,2023,2,93,Bronx,Mount Hope,false,0.1522,0.2373,0.1522
169,pickup,2023,3,137,Bronx,Mount Hope,false,0.1522,0.2373,0.1522
169,pickup,2023,4,107,Bronx,Mount Hope,false,0.1522,0.2373,0.1522
169,pickup,2023,5,142,Bronx,Mount Hope,false,0.1522,0.2373,0.1522
169,pickup,2023,6,132,Bronx,Mount Hope,false,0.1522,0.2373,0.1522
169,pickup,2024,2,170,Bronx,Mount Hope,false,0.1522,0.2373,0.1522
169,pickup,2024,3,197,Bronx,Mount Hope,false,0.1522,0.2373,0.1522
169,pickup,2024,4,179,Bronx,Mount Hope,false,0.1522,0.2373,0.1522
169,pickup,2024,5,203,Bronx,Mount Hope,false,0.1522,0.2373,0.1522
169,pickup,2024,6,174,Bronx,Mount Hope,false,0.1522,0.2373,0.1522
170,dropoff,2023,2,83327,Manhattan,Murray Hill,true,1.0,1.0,1.0
170,dropoff,2023,3,100238,Manhattan,Murray Hill,true,1.0,1.0,1.0
170,dropoff,2023,4,91982,Manhattan,Murray Hill,true,1.0,1.0,1.0
170,dropoff,2023,5,98473,Manhattan,Murray Hill,true,1.0,1.0,1.0
170,dropoff,2023,6,95511,Manhattan,Murray Hill,true,1.0,1.0,1.0
170,dropoff,2024,2,83790,Manhattan,Murray Hill,true,1.0,1.0,1.0
170,dropoff,2024,3,94334,Manhattan,Murray Hill,true,1.0,1.0,1.0
170,dropoff,2024,4,90922,Manhattan,Murray Hill,true,1.0,1.0,1.0
170,dropoff,2024,5,96730,Manhattan,Murray Hill,true,1.0,1.0,1.0
170,dropoff,2024,6,94462,Manhattan,Murray Hill,true,1.0,1.0,1.0
170,pickup,2023,2,82744,Manhattan,Murray Hill,true,1.0,1.0,1.0
170,pickup,2023,3,99264,Manhattan,Murray Hill,true,1.0,1.0,1.0
170,pickup,2023,4,92940,Manhattan,Murray Hill,true,1.0,1.0,1.0
170,pickup,2023,5,100806,Manhattan,Murray Hill,true,1.0,1.0,1.0
170,pickup,2023,6,97049,Manhattan,Murray Hill,true,1.0,1.0,1.0
170,pickup,2024,2,80295,Manhattan,Murray Hill,true,1.0,1.0,1.0
170,pickup,2024,3,91970,Manhattan,Murray Hill,true,1.0,1.0,1.0
170,pickup,2024,4,89195,Manhattan,Murray Hill,true,1.0,1.0,1.0
170,pickup,2024,5,96022,Manhattan,Murray Hill,true,1.0,1.0,1.0
170,pickup,2024,6,93427,Manhattan,Murray Hill,true,1.0,1.0,1.0
171,dropoff,2023,2,467,Queens,Murray Hill-Queens,false,0.1357,0.147,0.1357
171,dropoff,2023,3,569,Queens,Murray Hill-Queens,false,0.1357,0.147,0.1357
171,dropoff,2023,4,534,Queens,Murray Hill-Queens,false,0.1357,0.147,0.1357
171,dropoff,2023,5,600,Queens,Murray Hill-Queens,false,0.1357,0.147,0.1357
171,dropoff,2023,6,556,Queens,Murray Hill-Queens,false,0.1357,0.147,0.1357
171,dropoff,2024,2,467,Queens,Murray Hill-Queens,false,0.1357,0.147,0.1357
171,dropoff,2024,3,516,Queens,Murray Hill-Queens,false,0.1357,0.147,0.1357
171,dropoff,2024,4,488,Queens,Murray Hill-Queens,false,0.1357,0.147,0.1357
171,dropoff,2024,5,552,Queens,Murray Hill-Queens,false,0.1357,0.147,0.1357
171,dropoff,2024,6,473,Queens,Murray Hill-Queens,false,0.1357,0.147,0.1357
171,pickup,2023,2,50,Queens,Murray Hill-Queens,false,0.1146,0.1894,0.1146
171,pickup,2023,3,49,Queens,Murray Hill-Queens,false,0.1146,0.1894,0.1146
171,pickup,2023,4,59,Queens,Murray Hill-Queens,false,0.1146,0.1894,0.1146
171,pickup,2023,5,60,Queens,Murray Hill-Queens,false,0.1146,0.1894,0.1146
171,pickup,2023,6,70,Queens,Murray Hill-Queens,false,0.1146,0.1894,0.1146
171,pickup,2024,2,57,Queens,Murray Hill-Queens,false,0.1146,0.1894,0.1146
171,pickup,2024,3,81,Queens,Murray Hill-Queens,false,0.1146,0.1894,0.1146
171,pickup,2024,4,53,Queens,Murray Hill-Queens,false,0.1146,0.1894,0.1146
171,pickup,2024,5,69,Queens,Murray Hill-Queens,false,0.1146,0.1894,0.1146
171,pickup,2024,6,62,Queens,Murray Hill-Queens,false,0.1146,0.1894,0.1146
172,dropoff,2023,2,41,Staten Island,New Dorp/Midland Beach,false,0.3194,0.3418,0.3194
172,dropoff,2023,3,49,Staten Island,New Dorp/Midland Beach,false,0.3194,0.3418,0.3194
172,dropoff,2023,4,32,Staten Island,New Dorp/Midland Beach,false,0.3194,0.3418,0.3194
172,dropoff,2023,5,29,Staten Island,New Dorp/Midland Beach,false,0.3194,0.3418,0.3194
172,dropoff,2023,6,40,Staten Island,New Dorp/Midland Beach,false,0.3194,0.3418,0.3194
172,dropoff,2024,2,29,Staten Island,New Dorp/Midland Beach,false,0.3194,0.3418,0.3194
172,dropoff,2024,3,29,Staten Island,New Dorp/Midland Beach,false,0.3194,0.3418,0.3194
172,dropoff,2024,4,33,Staten Island,New Dorp/Midland Beach,false,0.3194,0.3418,0.3194
172,dropoff,2024,5,33,Staten Island,New Dorp/Midland Beach,false,0.3194,0.3418,0.3194
172,dropoff,2024,6,34,Staten Island,New Dorp/Midland Beach,false,0.3194,0.3418,0.3194
172,pickup,2023,2,7,Staten Island,New Dorp/Midland Beach,false,0.0,0.0714,0.0
172,pickup,2023,3,2,Staten Island,New Dorp/Midland Beach,false,0.0,0.0714,0.0
172,pickup,2023,5,1,Staten Island,New Dorp/Midland Beach,false,0.0,0.0714,0.0
172,pickup,2023,6,4,Staten Island,New Dorp/Midland Beach,false,0.0,0.0714,0.0
172,pickup,2024,2,1,Staten Island,New Dorp/Midland Beach,false,0.0,0.0714,0.0
172,pickup,2024,3,5,Staten Island,New Dorp/Midland Beach,false,0.0,0.0714,0.0
172,pickup,2024,4,1,Staten Island,New Dorp/Midland Beach,false,0.0,0.0714,0.0
172,pickup,2024,5,2,Staten Island,New Dorp/Midland Beach,false,0.0,0.0714,0.0
172,pickup,2024,6,5,Staten Island,New Dorp/Midland Beach,false,0.0,0.0714,0.0
173,dropoff,2023,2,571,Queens,North Corona,false,0.2529,0.2454,0.2529
173,dropoff,2023,3,661,Queens,North Corona,false,0.2529,0.2454,0.2529
173,dropoff,2023,4,599,Queens,North Corona,false,0.2529,0.2454,0.2529
173,dropoff,2023,5,600,Queens,North Corona,false,0.2529,0.2454,0.2529
173,dropoff,2023,6,629,Queens,North Corona,false,0.2529,0.2454,0.2529
173,dropoff,2024,2,428,Queens,North Corona,false,0.2529,0.2454,0.2529
173,dropoff,2024,3,521,Queens,North Corona,false,0.2529,0.2454,0.2529
173,dropoff,2024,4,509,Queens,North Corona,false,0.2529,0.2454,0.2529
173,dropoff,2024,5,550,Queens,North Corona,false,0.2529,0.2454,0.2529
173,dropoff,2024,6,571,Queens,North Corona,false,0.2529,0.2454,0.2529
173,pickup,2023,2,38,Queens,North Corona,false,0.098,0.1538,0.098
173,pickup,2023,3,67,Queens,North Corona,false,0.098,0.1538,0.098
173,pickup,2023,4,61,Queens,North Corona,false,0.098,0.1538,0.098
173,pickup,2023,5,65,Queens,North Corona,false,0.098,0.1538,0.098
173,pickup,2023,6,65,Queens,North Corona,false,0.098,0.1538,0.098
173,pickup,2024,2,48,Queens,North Corona,false,0.098,0.1538,0.098
173,pickup,2024,3,68,Queens,North Corona,false,0.098,0.1538,0.098
173,pickup,2024,4,89,Queens,North Corona,false,0.098,0.1538,0.098
173,pickup,2024,5,77,Queens,North Corona,false,0.098,0.1538,0.098
173,pickup,2024,6,82,Queens,North Corona,false,0.098,0.1538,0.098
174,dropoff,2023,2,331,Bronx,Norwood,false,0.1975,0.1977,0.1975
174,dropoff,2023,3,421,Bronx,Norwood,false,0.1975,0.1977,0.1975
174,dropoff,2023,4,389,Bronx,Norwood,false,0.1975,0.1977,0.1975
174,dropoff,2023,5,392,Bronx,Norwood,false,0.1975,0.1977,0.1975
174,dropoff,2023,6,391,Bronx,Norwood,false,0.1975,0.1977,0.1975
174,dropoff,2024,2,349,Bronx,Norwood,false,0.1975,0.1977,0.1975
174,dropoff,2024,3,386,Bronx,Norwood,false,0.1975,0.1977,0.1975
174,dropoff,2024,4,363,Bronx,Norwood,false,0.1975,0.1977,0.1975
174,dropoff,2024,5,361,Bronx,Norwood,false,0.1975,0.1977,0.1975
174,dropoff,2024,6,347,Bronx,Norwood,false,0.1975,0.1977,0.1975
174,pickup,2023,2,120,Bronx,Norwood,false,0.162,0.1683,0.162
174,pickup,2023,3,138,Bronx,Norwood,false,0.162,0.1683,0.162
174,pickup,2023,4,115,Bronx,Norwood,false,0.162,0.1683,0.162
174,pickup,2023,5,111,Bronx,Norwood,false,0.162,0.1683,0.162
174,pickup,2023,6,127,Bronx,Norwood,false,0.162,0.1683,0.162
174,pickup,2024,2,129,Bronx,Norwood,false,0.162,0.1683,0.162
174,pickup,2024,3,138,Bronx,Norwood,false,0.162,0.1683,0.162
174,pickup,2024,4,136,Bronx,Norwood,false,0.162,0.1683,0.162
174,pickup,2024,5,171,Bronx,Norwood,false,0.162,0.1683,0.162
174,pickup,2024,6,127,Bronx,Norwood,false,0.162,0.1683,0.162
175,dropoff,2023,2,297,Queens,Oakland Gardens,false,0.1251,0.098,0.1251
175,dropoff,2023,3,324,Queens,Oakland Gardens,false,0.1251,0.098,0.1251
175,dropoff,2023,4,346,Queens,Oakland Gardens,false,0.1251,0.098,0.1251
175,dropoff,2023,5,367,Queens,Oakland Gardens,false,0.1251,0.098,0.1251
175,dropoff,2023,6,353,Queens,Oakland Gardens,false,0.1251,0.098,0.1251
175,dropoff,2024,2,330,Queens,Oakland Gardens,false,0.1251,0.098,0.1251
175,dropoff,2024,3,298,Queens,Oakland Gardens,false,0.1251,0.098,0.1251
175,dropoff,2024,4,358,Queens,Oakland Gardens,false,0.1251,0.098,0.1251
175,dropoff,2024,5,314,Queens,Oakland Gardens,false,0.1251,0.098,0.1251
175,dropoff,2024,6,281,Queens,Oakland Gardens,false,0.1251,0.098,0.1251
175,pickup,2023,2,30,Queens,Oakland Gardens,false,0.0146,0.0976,0.0146
175,pickup,2023,3,48,Queens,Oakland Gardens,false,0.0146,0.0976,0.0146
175,pickup,2023,4,57,Queens,Oakland Gardens,false,0.0146,0.0976,0.0146
175,pickup,2023,5,33,Queens,Oakland Gardens,false,0.0146,0.0976,0.0146
175,pickup,2023,6,37,Queens,Oakland Gardens,false,0.0146,0.0976,0.0146
175,pickup,2024,2,60,Queens,Oakland Gardens,false,0.0146,0.0976,0.0146
175,pickup,2024,3,71,Queens,Oakland Gardens,false,0.0146,0.0976,0.0146
175,pickup,2024,4,51,Queens,Oakland Gardens,false,0.0146,0.0976,0.0146
175,pickup,2024,5,68,Queens,Oakland Gardens,false,0.0146,0.0976,0.0146
175,pickup,2024,6,47,Queens,Oakland Gardens,false,0.0146,0.0976,0.0146
176,dropoff,2023,2,15,Staten Island,Oakwood,false,0.4876,0.33,0.4876
176,dropoff,2023,3,29,Staten Island,Oakwood,false,0.4876,0.33,0.4876
176,dropoff,2023,4,26,Staten Island,Oakwood,false,0.4876,0.33,0.4876
176,dropoff,2023,5,29,Staten Island,Oakwood,false,0.4876,0.33,0.4876
176,dropoff,2023,6,22,Staten Island,Oakwood,false,0.4876,0.33,0.4876
176,dropoff,2024,2,12,Staten Island,Oakwood,false,0.4876,0.33,0.4876
176,dropoff,2024,3,16,Staten Island,Oakwood,false,0.4876,0.33,0.4876
176,dropoff,2024,4,23,Staten Island,Oakwood,false,0.4876,0.33,0.4876
176,dropoff,2024,5,24,Staten Island,Oakwood,false,0.4876,0.33,0.4876
176,dropoff,2024,6,25,Staten Island,Oakwood,false,0.4876,0.33,0.4876
176,pickup,2023,2,1,Staten Island,Oakwood,false,0.0,0.0,0.0
176,pickup,2023,3,3,Staten Island,Oakwood,false,0.0,0.0,0.0
176,pickup,2023,5,1,Staten Island,Oakwood,false,0.0,0.0,0.0
176,pickup,2024,5,1,Staten Island,Oakwood,false,0.0,0.0,0.0
177,dropoff,2023,2,676,Brooklyn,Ocean Hill,false,0.2174,0.1793,0.2174
177,dropoff,2023,3,763,Brooklyn,Ocean Hill,false,0.2174,0.1793,0.2174
177,dropoff,2023,4,800,Brooklyn,Ocean Hill,false,0.2174,0.1793,0.2174
177,dropoff,2023,5,758,Brooklyn,Ocean Hill,false,0.2174,0.1793,0.2174
177,dropoff,2023,6,788,Brooklyn,Ocean Hill,false,0.2174,0.1793,0.2174
177,dropoff,2024,2,735,Brooklyn,Ocean Hill,false,0.2174,0.1793,0.2174
177,dropoff,2024,3,867,Brooklyn,Ocean Hill,false,0.2174,0.1793,0.2174
177,dropoff,2024,4,871,Brooklyn,Ocean Hill,false,0.2174,0.1793,0.2174
177,dropoff,2024,5,915,Brooklyn,Ocean Hill,false,0.2174,0.1793,0.2174
177,dropoff,2024,6,902,Brooklyn,Ocean Hill,false,0.2174,0.1793,0.2174
177,pickup,2023,2,168,Brooklyn,Ocean Hill,false,0.0728,0.1408,0.0728
177,pickup,2023,3,189,Brooklyn,Ocean Hill,false,0.0728,0.1408,0.0728
177,pickup,2023,4,210,Brooklyn,Ocean Hill,false,0.0728,0.1408,0.0728
177,pickup,2023,5,198,Brooklyn,Ocean Hill,false,0.0728,0.1408,0.0728
177,pickup,2023,6,169,Brooklyn,Ocean Hill,false,0.0728,0.1408,0.0728
177,pickup,2024,2,333,Brooklyn,Ocean Hill,false,0.0728,0.1408,0.0728
177,pickup,2024,3,428,Brooklyn,Ocean Hill,false,0.0728,0.1408,0.0728
177,pickup,2024,4,431,Brooklyn,Ocean Hill,false,0.0728,0.1408,0.0728
177,pickup,2024,5,444,Brooklyn,Ocean Hill,false,0.0728,0.1408,0.0728
177,pickup,2024,6,416,Brooklyn,Ocean Hill,false,0.0728,0.1408,0.0728
178,dropoff,2023,2,278,Brooklyn,Ocean Parkway South,false,0.3121,0.2638,0.3121
178,dropoff,2023,3,295,Brooklyn,Ocean Parkway South,false,0.3121,0.2638,0.3121
178,dropoff,2023,4,268,Brooklyn,Ocean Parkway South,false,0.3121,0.2638,0.3121
178,dropoff,2023,5,272,Brooklyn,Ocean Parkway South,false,0.3121,0.2638,0.3121
178,dropoff,2023,6,255,Brooklyn,Ocean Parkway South,false,0.3121,0.2638,0.3121
178,dropoff,2024,2,247,Brooklyn,Ocean Parkway South,false,0.3121,0.2638,0.3121
178,dropoff,2024,3,272,Brooklyn,Ocean Parkway South,false,0.3121,0.2638,0.3121
178,dropoff,2024,4,231,Brooklyn,Ocean Parkway South,false,0.3121,0.2638,0.3121
178,dropoff,2024,5,311,Brooklyn,Ocean Parkway South,false,0.3121,0.2638,0.3121
178,dropoff,2024,6,228,Brooklyn,Ocean Parkway South,false,0.3121,0.2638,0.3121
178,pickup,2023,2,24,Brooklyn,Ocean Parkway South,false,0.292,0.3192,0.292
178,pickup,2023,3,21,Brooklyn,Ocean Parkway South,false,0.292,0.3192,0.292
178,pickup,2023,4,21,Brooklyn,Ocean Parkway South,false,0.292,0.3192,0.292
178,pickup,2023,5,24,Brooklyn,Ocean Parkway South,false,0.292,0.3192,0.292
178,pickup,2023,6,23,Brooklyn,Ocean Parkway South,false,0.292,0.3192,0.292
178,pickup,2024,2,37,Brooklyn,Ocean Parkway South,false,0.292,0.3192,0.292
178,pickup,2024,3,49,Brooklyn,Ocean Parkway South,false,0.292,0.3192,0.292
178,pickup,2024,4,56,Brooklyn,Ocean Parkway South,false,0.292,0.3192,0.292
178,pickup,2024,5,97,Brooklyn,Ocean Parkway South,false,0.292,0.3192,0.292
178,pickup,2024,6,68,Brooklyn,Ocean Parkway South,false,0.292,0.3192,0.292
179,dropoff,2023,2,2883,Queens,Old Astoria,false,0.4345,0.4054,0.4345
179,dropoff,2023,3,3416,Queens,Old Astoria,false,0.4345,0.4054,0.4345
179,dropoff,2023,4,3213,Queens,Old Astoria,false,0.4345,0.4054,0.4345
179,dropoff,2023,5,3300,Queens,Old Astoria,false,0.4345,0.4054,0.4345
179,dropoff,2023,6,3180,Queens,Old Astoria,false,0.4345,0.4054,0.4345
179,dropoff,2024,2,2221,Queens,Old Astoria,false,0.4345,0.4054,0.4345
179,dropoff,2024,3,2722,Queens,Old Astoria,false,0.4345,0.4054,0.4345
179,dropoff,2024,4,2482,Queens,Old Astoria,false,0.4345,0.4054,0.4345
179,dropoff,2024,5,2563,Queens,Old Astoria,false,0.4345,0.4054,0.4345
179,dropoff,2024,6,2403,Queens,Old Astoria,false,0.4345,0.4054,0.4345
179,pickup,2023,2,436,Queens,Old Astoria,false,0.1058,0.1374,0.1058
179,pickup,2023,3,535,Queens,Old Astoria,false,0.1058,0.1374,0.1058
179,pickup,2023,4,478,Queens,Old Astoria,false,0.1058,0.1374,0.1058
179,pickup,2023,5,567,Queens,Old Astoria,false,0.1058,0.1374,0.1058
179,pickup,2023,6,516,Queens,Old Astoria,false,0.1058,0.1374,0.1058
179,pickup,2024,2,357,Queens,Old Astoria,false,0.1058,0.1374,0.1058
179,pickup,2024,3,460,Queens,Old Astoria,false,0.1058,0.1374,0.1058
179,pickup,2024,4,412,Queens,Old Astoria,false,0.1058,0.1374,0.1058
179,pickup,2024,5,442,Queens,Old Astoria,false,0.1058,0.1374,0.1058
179,pickup,2024,6,447,Queens,Old Astoria,false,0.1058,0.1374,0.1058
180,dropoff,2023,2,308,Queens,Ozone Park,false,0.1011,0.0895,0.1011
180,dropoff,2023,3,361,Queens,Ozone Park,false,0.1011,0.0895,0.1011
180,dropoff,2023,4,384,Queens,Ozone Park,false,0.1011,0.0895,0.1011
180,dropoff,2023,5,370,Queens,Ozone Park,false,0.1011,0.0895,0.1011
180,dropoff,2023,6,368,Queens,Ozone Park,false,0.1011,0.0895,0.1011
180,dropoff,2024,2,329,Queens,Ozone Park,false,0.1011,0.0895,0.1011
180,dropoff,2024,3,344,Queens,Ozone Park,false,0.1011,0.0895,0.1011
180,dropoff,2024,4,362,Queens,Ozone Park,false,0.1011,0.0895,0.1011
180,dropoff,2024,5,385,Queens,Ozone Park,false,0.1011,0.0895,0.1011
180,dropoff,2024,6,391,Queens,Ozone Park,false,0.1011,0.0895,0.1011
180,pickup,2023,2,33,Queens,Ozone Park,false,0.1016,0.1399,0.1016
180,pickup,2023,3,57,Queens,Ozone Park,false,0.1016,0.1399,0.1016
180,pickup,2023,4,65,Queens,Ozone Park,false,0.1016,0.1399,0.1016
180,pickup,2023,5,57,Queens,Ozone Park,false,0.1016,0.1399,0.1016
180,pickup,2023,6,44,Queens,Ozone Park,false,0.1016,0.1399,0.1016
180,pickup,2024,2,59,Queens,Ozone Park,false,0.1016,0.1399,0.1016
180,pickup,2024,3,85,Queens,Ozone Park,false,0.1016,0.1399,0.1016
180,pickup,2024,4,86,Queens,Ozone Park,false,0.1016,0.1399,0.1016
180,pickup,2024,5,113,Queens,Ozone Park,false,0.1016,0.1399,0.1016
180,pickup,2024,6,93,Queens,Ozone Park,false,0.1016,0.1399,0.1016
181,dropoff,2023,2,7284,Brooklyn,Park Slope,false,0.4985,0.4924,0.4985
181,dropoff,2023,3,8621,Brooklyn,Park Slope,false,0.4985,0.4924,0.4985
181,dropoff,2023,4,8464,Brooklyn,Park Slope,false,0.4985,0.4924,0.4985
181,dropoff,2023,5,9048,Brooklyn,Park Slope,false,0.4985,0.4924,0.4985
181,dropoff,2023,6,8581,Brooklyn,Park Slope,false,0.4985,0.4924,0.4985
181,dropoff,2024,2,7422,Brooklyn,Park Slope,false,0.4985,0.4924,0.4985
181,dropoff,2024,3,8286,Brooklyn,Park Slope,false,0.4985,0.4924,0.4985
181,dropoff,2024,4,7994,Brooklyn,Park Slope,false,0.4985,0.4924,0.4985
181,dropoff,2024,5,8038,Brooklyn,Park Slope,false,0.4985,0.4924,0.4985
181,dropoff,2024,6,7850,Brooklyn,Park Slope,false,0.4985,0.4924,0.4985
181,pickup,2023,2,705,Brooklyn,Park Slope,false,0.1851,0.1628,0.1851
181,pickup,2023,3,792,Brooklyn,Park Slope,false,0.1851,0.1628,0.1851
181,pickup,2023,4,790,Brooklyn,Park Slope,false,0.1851,0.1628,0.1851
181,pickup,2023,5,811,Brooklyn,Park Slope,false,0.1851,0.1628,0.1851
181,pickup,2023,6,829,Brooklyn,Park Slope,false,0.1851,0.1628,0.1851
181,pickup,2024,2,756,Brooklyn,Park Slope,false,0.1851,0.1628,0.1851
181,pickup,2024,3,978,Brooklyn,Park Slope,false,0.1851,0.1628,0.1851
181,pickup,2024,4,924,Brooklyn,Park Slope,false,0.1851,0.1628,0.1851
181,pickup,2024,5,937,Brooklyn,Park Slope,false,0.1851,0.1628,0.1851
181,pickup,2024,6,895,Brooklyn,Park Slope,false,0.1851,0.1628,0.1851
182,dropoff,2023,2,308,Bronx,Parkchester,false,0.2566,0.2861,0.2566
182,dropoff,2023,3,398,Bronx,Parkchester,false,0.2566,0.2861,0.2566
182,dropoff,2023,4,347,Bronx,Parkchester,false,0.2566,0.2861,0.2566
182,dropoff,2023,5,353,Bronx,Parkchester,false,0.2566,0.2861,0.2566
182,dropoff,2023,6,402,Bronx,Parkchester,false,0.2566,0.2861,0.2566
182,dropoff,2024,2,327,Bronx,Parkchester,false,0.2566,0.2861,0.2566
182,dropoff,2024,3,433,Bronx,Parkchester,false,0.2566,0.2861,0.2566
182,dropoff,2024,4,373,Bronx,Parkchester,false,0.2566,0.2861,0.2566
182,dropoff,2024,5,434,Bronx,Parkchester,false,0.2566,0.2861,0.2566
182,dropoff,2024,6,401,Bronx,Parkchester,false,0.2566,0.2861,0.2566
182,pickup,2023,2,95,Bronx,Parkchester,false,0.1861,0.3028,0.1861
182,pickup,2023,3,147,Bronx,Parkchester,false,0.1861,0.3028,0.1861
182,pickup,2023,4,120,Bronx,Parkchester,false,0.1861,0.3028,0.1861
182,pickup,2023,5,134,Bronx,Parkchester,false,0.1861,0.3028,0.1861
182,pickup,2023,6,138,Bronx,Parkchester,false,0.1861,0.3028,0.1861
182,pickup,2024,2,199,Bronx,Parkchester,false,0.1861,0.3028,0.1861
182,pickup,2024,3,269,Bronx,Parkchester,false,0.1861,0.3028,0.1861
182,pickup,2024,4,225,Bronx,Parkchester,false,0.1861,0.3028,0.1861
182,pickup,2024,5,266,Bronx,Parkchester,false,0.1861,0.3028,0.1861
182,pickup,2024,6,220,Bronx,Parkchester,false,0.1861,0.3028,0.1861
183,dropoff,2023,2,111,Bronx,Pelham Bay,false,0.2688,0.2672,0.2688
183,dropoff,2023,3,131,Bronx,Pelham Bay,false,0.2688,0.2672,0.2688
183,dropoff,2023,4,156,Bronx,Pelham Bay,false,0.2688,0.2672,0.2688
183,dropoff,2023,5,144,Bronx,Pelham Bay,false,0.2688,0.2672,0.2688
183,dropoff,2023,6,150,Bronx,Pelham Bay,false,0.2688,0.2672,0.2688
183,dropoff,2024,2,102,Bronx,Pelham Bay,false,0.2688,0.2672,0.2688
183,dropoff,2024,3,144,Bronx,Pelham Bay,false,0.2688,0.2672,0.2688
183,dropoff,2024,4,120,Bronx,Pelham Bay,false,0.2688,0.2672,0.2688
183,dropoff,2024,5,134,Bronx,Pelham Bay,false,0.2688,0.2672,0.2688
183,dropoff,2024,6,140,Bronx,Pelham Bay,false,0.2688,0.2672,0.2688
183,pickup,2023,2,24,Bronx,Pelham Bay,false,0.1732,0.2218,0.1732
183,pickup,2023,3,30,Bronx,Pelham Bay,false,0.1732,0.2218,0.1732
183,pickup,2023,4,25,Bronx,Pelham Bay,false,0.1732,0.2218,0.1732
183,pickup,2023,5,25,Bronx,Pelham Bay,false,0.1732,0.2218,0.1732
183,pickup,2023,6,23,Bronx,Pelham Bay,false,0.1732,0.2218,0.1732
183,pickup,2024,2,47,Bronx,Pelham Bay,false,0.1732,0.2218,0.1732
183,pickup,2024,3,55,Bronx,Pelham Bay,false,0.1732,0.2218,0.1732
183,pickup,2024,4,55,Bronx,Pelham Bay,false,0.1732,0.2218,0.1732
183,pickup,2024,5,53,Bronx,Pelham Bay,false,0.1732,0.2218,0.1732
183,pickup,2024,6,38,Bronx,Pelham Bay,false,0.1732,0.2218,0.1732
184,dropoff,2023,2,20,Bronx,Pelham Bay Park,false,0.2117,0.1681,0.2117
184,dropoff,2023,3,24,Bronx,Pelham Bay Park,false,0.2117,0.1681,0.2117
184,dropoff,2023,4,23,Bronx,Pelham Bay Park,false,0.2117,0.1681,0.2117
184,dropoff,2023,5,43,Bronx,Pelham Bay Park,false,0.2117,0.1681,0.2117
184,dropoff,2023,6,27,Bronx,Pelham Bay Park,false,0.2117,0.1681,0.2117
184,dropoff,2024,2,18,Bronx,Pelham Bay Park,false,0.2117,0.1681,0.2117
184,dropoff,2024,3,27,Bronx,Pelham Bay Park,false,0.2117,0.1681,0.2117
184,dropoff,2024,4,20,Bronx,Pelham Bay Park,false,0.2117,0.1681,0.2117
184,dropoff,2024,5,21,Bronx,Pelham Bay Park,false,0.2117,0.1681,0.2117
184,dropoff,2024,6,33,Bronx,Pelham Bay Park,false,0.2117,0.1681,0.2117
184,pickup,2023,2,2,Bronx,Pelham Bay Park,false,0.05,0.2778,0.05
184,pickup,2023,3,2,Bronx,Pelham Bay Park,false,0.05,0.2778,0.05
184,pickup,2023,4,3,Bronx,Pelham Bay Park,false,0.05,0.2778,0.05
184,pickup,2023,5,5,Bronx,Pelham Bay Park,false,0.05,0.2778,0.05
184,pickup,2023,6,8,Bronx,Pelham Bay Park,false,0.05,0.2778,0.05
184,pickup,2024,2,6,Bronx,Pelham Bay Park,false,0.05,0.2778,0.05
184,pickup,2024,3,7,Bronx,Pelham Bay Park,false,0.05,0.2778,0.05
184,pickup,2024,4,5,Bronx,Pelham Bay Park,false,0.05,0.2778,0.05
184,pickup,2024,5,7,Bronx,Pelham Bay Park,false,0.05,0.2778,0.05
184,pickup,2024,6,11,Bronx,Pelham Bay Park,false,0.05,0.2778,0.05
185,dropoff,2023,2,291,Bronx,Pelham Parkway,false,0.1877,0.2203,0.1877
185,dropoff,2023,3,369,Bronx,Pelham Parkway,false,0.1877,0.2203,0.1877
185,dropoff,2023,4,344,Bronx,Pelham Parkway,false,0.1877,0.2203,0.1877
185,dropoff,2023,5,399,Bronx,Pelham Parkway,false,0.1877,0.2203,0.1877
185,dropoff,2023,6,376,Bronx,Pelham Parkway,false,0.1877,0.2203,0.1877
185,dropoff,2024,2,291,Bronx,Pelham Parkway,false,0.1877,0.2203,0.1877
185,dropoff,2024,3,309,Bronx,Pelham Parkway,false,0.1877,0.2203,0.1877
185,dropoff,2024,4,346,Bronx,Pelham Parkway,false,0.1877,0.2203,0.1877
185,dropoff,2024,5,320,Bronx,Pelham Parkway,false,0.1877,0.2203,0.1877
185,dropoff,2024,6,341,Bronx,Pelham Parkway,false,0.1877,0.2203,0.1877
185,pickup,2023,2,46,Bronx,Pelham Parkway,false,0.058,0.1496,0.058
185,pickup,2023,3,95,Bronx,Pelham Parkway,false,0.058,0.1496,0.058
185,pickup,2023,4,70,Bronx,Pelham Parkway,false,0.058,0.1496,0.058
185,pickup,2023,5,74,Bronx,Pelham Parkway,false,0.058,0.1496,0.058
185,pickup,2023,6,77,Bronx,Pelham Parkway,false,0.058,0.1496,0.058
185,pickup,2024,2,98,Bronx,Pelham Parkway,false,0.058,0.1496,0.058
185,pickup,2024,3,98,Bronx,Pelham Parkway,false,0.058,0.1496,0.058
185,pickup,2024,4,107,Bronx,Pelham Parkway,false,0.058,0.1496,0.058
185,pickup,2024,5,104,Bronx,Pelham Parkway,false,0.058,0.1496,0.058
185,pickup,2024,6,81,Bronx,Pelham Parkway,false,0.058,0.1496,0.058
186,dropoff,2023,2,63669,Manhattan,Penn Station/Madison Sq West,true,1.0,1.0,1.0
186,dropoff,2023,3,72175,Manhattan,Penn Station/Madison Sq West,true,1.0,1.0,1.0
186,dropoff,2023,4,67964,Manhattan,Penn Station/Madison Sq West,true,1.0,1.0,1.0
186,dropoff,2023,5,70124,Manhattan,Penn Station/Madison Sq West,true,1.0,1.0,1.0
186,dropoff,2023,6,69876,Manhattan,Penn Station/Madison Sq West,true,1.0,1.0,1.0
186,dropoff,2024,2,60227,Manhattan,Penn Station/Madison Sq West,true,1.0,1.0,1.0
186,dropoff,2024,3,68271,Manhattan,Penn Station/Madison Sq West,true,1.0,1.0,1.0
186,dropoff,2024,4,66320,Manhattan,Penn Station/Madison Sq West,true,1.0,1.0,1.0
186,dropoff,2024,5,70112,Manhattan,Penn Station/Madison Sq West,true,1.0,1.0,1.0
186,dropoff,2024,6,67637,Manhattan,Penn Station/Madison Sq West,true,1.0,1.0,1.0
186,pickup,2023,2,102740,Manhattan,Penn Station/Madison Sq West,true,1.0,1.0,1.0
186,pickup,2023,3,113636,Manhattan,Penn Station/Madison Sq West,true,1.0,1.0,1.0
186,pickup,2023,4,103881,Manhattan,Penn Station/Madison Sq West,true,1.0,1.0,1.0
186,pickup,2023,5,110292,Manhattan,Penn Station/Madison Sq West,true,1.0,1.0,1.0
186,pickup,2023,6,107798,Manhattan,Penn Station/Madison Sq West,true,1.0,1.0,1.0
186,pickup,2024,2,97049,Manhattan,Penn Station/Madison Sq West,true,1.0,1.0,1.0
186,pickup,2024,3,108424,Manhattan,Penn Station/Madison Sq West,true,1.0,1.0,1.0
186,pickup,2024,4,105779,Manhattan,Penn Station/Madison Sq West,true,1.0,1.0,1.0
186,pickup,2024,5,108775,Manhattan,Penn Station/Madison Sq West,true,1.0,1.0,1.0
186,pickup,2024,6,105749,Manhattan,Penn Station/Madison Sq West,true,1.0,1.0,1.0
187,dropoff,2023,2,13,Staten Island,Port Richmond,false,0.3226,0.4453,0.3226
187,dropoff,2023,3,22,Staten Island,Port Richmond,false,0.3226,0.4453,0.3226
187,dropoff,2023,4,14,Staten Island,Port Richmond,false,0.3226,0.4453,0.3226
187,dropoff,2023,5,21,Staten Island,Port Richmond,false,0.3226,0.4453,0.3226
187,dropoff,2023,6,23,Staten Island,Port Richmond,false,0.3226,0.4453,0.3226
187,dropoff,2024,2,24,Staten Island,Port Richmond,false,0.3226,0.4453,0.3226
187,dropoff,2024,3,23,Staten Island,Port Richmond,false,0.3226,0.4453,0.3226
187,dropoff,2024,4,20,Staten Island,Port Richmond,false,0.3226,0.4453,0.3226
187,dropoff,2024,5,34,Staten Island,Port Richmond,false,0.3226,0.4453,0.3226
187,dropoff,2024,6,27,Staten Island,Port Richmond,false,0.3226,0.4453,0.3226
187,pickup,2023,2,1,Staten Island,Port Richmond,false,0.0,0.0,0.0
187,pickup,2023,3,3,Staten Island,Port Richmond,false,0.0,0.0,0.0
187,pickup,2023,4,1,Staten Island,Port Richmond,false,0.0,0.0,0.0
187,pickup,2023,5,4,Staten Island,Port Richmond,false,0.0,0.0,0.0
187,pickup,2023,6,3,Staten Island,Port Richmond,false,0.0,0.0,0.0
187,pickup,2024,2,4,Staten Island,Port Richmond,false,0.0,0.0,0.0
187,pickup,2024,3,1,Staten Island,Port Richmond,false,0.0,0.0,0.0
188,dropoff,2023,2,2071,Brooklyn,Prospect-Lefferts Gardens,false,0.3459,0.2877,0.3459
188,dropoff,2023,3,2358,Brooklyn,Prospect-Lefferts Gardens,false,0.3459,0.2877,0.3459
188,dropoff,2023,4,2484,Brooklyn,Prospect-Lefferts Gardens,false,0.3459,0.2877,0.3459
188,dropoff,2023,5,2631,Brooklyn,Prospect-Lefferts Gardens,false,0.3459,0.2877,0.3459
188,dropoff,2023,6,2511,Brooklyn,Prospect-Lefferts Gardens,false,0.3459,0.2877,0.3459
188,dropoff,2024,2,2050,Brooklyn,Prospect-Lefferts Gardens,false,0.3459,0.2877,0.3459
188,dropoff,2024,3,2365,Brooklyn,Prospect-Lefferts Gardens,false,0.3459,0.2877,0.3459
188,dropoff,2024,4,2350,Brooklyn,Prospect-Lefferts Gardens,false,0.3459,0.2877,0.3459
188,dropoff,2024,5,2635,Brooklyn,Prospect-Lefferts Gardens,false,0.3459,0.2877,0.3459
188,dropoff,2024,6,2411,Brooklyn,Prospect-Lefferts Gardens,false,0.3459,0.2877,0.3459
188,pickup,2023,2,304,Brooklyn,Prospect-Lefferts Gardens,false,0.1354,0.1596,0.1354
188,pickup,2023,3,327,Brooklyn,Prospect-Lefferts Gardens,false,0.1354,0.1596,0.1354
188,pickup,2023,4,358,Brooklyn,Prospect-Lefferts Gardens,false,0.1354,0.1596,0.1354
188,pickup,2023,5,352,Brooklyn,Prospect-Lefferts Gardens,false,0.1354,0.1596,0.1354
188,pickup,2023,6,299,Brooklyn,Prospect-Lefferts Gardens,false,0.1354,0.1596,0.1354
188,pickup,2024,2,571,Brooklyn,Prospect-Lefferts Gardens,false,0.1354,0.1596,0.1354
188,pickup,2024,3,762,Brooklyn,Prospect-Lefferts Gardens,false,0.1354,0.1596,0.1354
188,pickup,2024,4,834,Brooklyn,Prospect-Lefferts Gardens,false,0.1354,0.1596,0.1354
188,pickup,2024,5,925,Brooklyn,Prospect-Lefferts Gardens,false,0.1354,0.1596,0.1354
188,pickup,2024,6,805,Brooklyn,Prospect-Lefferts Gardens,false,0.1354,0.1596,0.1354
189,dropoff,2023,2,2547,Brooklyn,Prospect Heights,false,0.454,0.4352,0.454
189,dropoff,2023,3,2958,Brooklyn,Prospect Heights,false,0.454,0.4352,0.454
189,dropoff,2023,4,2795,Brooklyn,Prospect Heights,false,0.454,0.4352,0.454
189,dropoff,2023,5,3106,Brooklyn,Prospect Heights,false,0.454,0.4352,0.454
189,dropoff,2023,6,2990,Brooklyn,Prospect Heights,false,0.454,0.4352,0.454
189,dropoff,2024,2,2364,Brooklyn,Prospect Heights,false,0.454,0.4352,0.454
189,dropoff,2024,3,2793,Brooklyn,Prospect Heights,false,0.454,0.4352,0.454
189,dropoff,2024,4,2623,Brooklyn,Prospect Heights,false,0.454,0.4352,0.454
189,dropoff,2024,5,2794,Brooklyn,Prospect Heights,false,0.454,0.4352,0.454
189,dropoff,2024,6,2571,Brooklyn,Prospect Heights,false,0.454,0.4352,0.454
189,pickup,2023,2,167,Brooklyn,Prospect Heights,false,0.1737,0.1838,0.1737
189,pickup,2023,3,233,Brooklyn,Prospect Heights,false,0.1737,0.1838,0.1737
189,pickup,2023,4,226,Brooklyn,Prospect Heights,false,0.1737,0.1838,0.1737
189,pickup,2023,5,234,Brooklyn,Prospect Heights,false,0.1737,0.1838,0.1737
189,pickup,2023,6,228,Brooklyn,Prospect Heights,false,0.1737,0.1838,0.1737
189,pickup,2024,2,245,Brooklyn,Prospect Heights,false,0.1737,0.1838,0.1737
189,pickup,2024,3,256,Brooklyn,Prospect Heights,false,0.1737,0.1838,0.1737
189,pickup,2024,4,274,Brooklyn,Prospect Heights,false,0.1737,0.1838,0.1737
189,pickup,2024,5,315,Brooklyn,Prospect Heights,false,0.1737,0.1838,0.1737
189,pickup,2024,6,259,Brooklyn,Prospect Heights,false,0.1737,0.1838,0.1737
190,dropoff,2023,2,294,Brooklyn,Prospect Park,false,0.5945,0.5589,0.5945
190,dropoff,2023,3,378,Brooklyn,Prospect Park,false,0.5945,0.5589,0.5945
190,dropoff,2023,4,531,Brooklyn,Prospect Park,false,0.5945,0.5589,0.5945
190,dropoff,2023,5,486,Brooklyn,Prospect Park,false,0.5945,0.5589,0.5945
190,dropoff,2023,6,380,Brooklyn,Prospect Park,false,0.5945,0.5589,0.5945
190,dropoff,2024,2,334,Brooklyn,Prospect Park,false,0.5945,0.5589,0.5945
190,dropoff,2024,3,388,Brooklyn,Prospect Park,false,0.5945,0.5589,0.5945
190,dropoff,2024,4,460,Brooklyn,Prospect Park,false,0.5945,0.5589,0.5945
190,dropoff,2024,5,439,Brooklyn,Prospect Park,false,0.5945,0.5589,0.5945
190,dropoff,2024,6,451,Brooklyn,Prospect Park,false,0.5945,0.5589,0.5945
190,pickup,2023,2,31,Brooklyn,Prospect Park,false,0.126,0.1792,0.126
190,pickup,2023,3,32,Brooklyn,Prospect Park,false,0.126,0.1792,0.126
190,pickup,2023,4,81,Brooklyn,Prospect Park,false,0.126,0.1792,0.126
190,pickup,2023,5,48,Brooklyn,Prospect Park,false,0.126,0.1792,0.126
190,pickup,2023,6,54,Brooklyn,Prospect Park,false,0.126,0.1792,0.126
190,pickup,2024,2,36,Brooklyn,Prospect Park,false,0.126,0.1792,0.126
190,pickup,2024,3,40,Brooklyn,Prospect Park,false,0.126,0.1792,0.126
190,pickup,2024,4,64,Brooklyn,Prospect Park,false,0.126,0.1792,0.126
190,pickup,2024,5,60,Brooklyn,Prospect Park,false,0.126,0.1792,0.126
190,pickup,2024,6,79,Brooklyn,Prospect Park,false,0.126,0.1792,0.126
191,dropoff,2023,2,599,Queens,Queens Village,false,0.0843,0.0626,0.0843
191,dropoff,2023,3,785,Queens,Queens Village,false,0.0843,0.0626,0.0843
191,dropoff,2023,4,691,Queens,Queens Village,false,0.0843,0.0626,0.0843
191,dropoff,2023,5,737,Queens,Queens Village,false,0.0843,0.0626,0.0843
191,dropoff,2023,6,760,Queens,Queens Village,false,0.0843,0.0626,0.0843
191,dropoff,2024,2,639,Queens,Queens Village,false,0.0843,0.0626,0.0843
191,dropoff,2024,3,775,Queens,Queens Village,false,0.0843,0.0626,0.0843
191,dropoff,2024,4,791,Queens,Queens Village,false,0.0843,0.0626,0.0843
191,dropoff,2024,5,885,Queens,Queens Village,false,0.0843,0.0626,0.0843
191,dropoff,2024,6,793,Queens,Queens Village,false,0.0843,0.0626,0.0843
191,pickup,2023,2,160,Queens,Queens Village,false,0.1051,0.1093,0.1051
191,pickup,2023,3,230,Queens,Queens Village,false,0.1051,0.1093,0.1051
191,pickup,2023,4,208,Queens,Queens Village,false,0.1051,0.1093,0.1051
191,pickup,2023,5,223,Queens,Queens Village,false,0.1051,0.1093,0.1051
191,pickup,2023,6,178,Queens,Queens Village,false,0.1051,0.1093,0.1051
191,pickup,2024,2,224,Queens,Queens Village,false,0.1051,0.1093,0.1051
191,pickup,2024,3,339,Queens,Queens Village,false,0.1051,0.1093,0.1051
191,pickup,2024,4,318,Queens,Queens Village,false,0.1051,0.1093,0.1051
191,pickup,2024,5,329,Queens,Queens Village,false,0.1051,0.1093,0.1051
191,pickup,2024,6,254,Queens,Queens Village,false,0.1051,0.1093,0.1051
192,dropoff,2023,2,272,Queens,Queensboro Hill,false,0.1663,0.1706,0.1663
192,dropoff,2023,3,342,Queens,Queensboro Hill,false,0.1663,0.1706,0.1663
192,dropoff,2023,4,325,Queens,Queensboro Hill,false,0.1663,0.1706,0.1663
192,dropoff,2023,5,361,Queens,Queensboro Hill,false,0.1663,0.1706,0.1663
192,dropoff,2023,6,348,Queens,Queensboro Hill,false,0.1663,0.1706,0.1663
192,dropoff,2024,2,233,Queens,Queensboro Hill,false,0.1663,0.1706,0.1663
192,dropoff,2024,3,271,Queens,Queensboro Hill,false,0.1663,0.1706,0.1663
192,dropoff,2024,4,275,Queens,Queensboro Hill,false,0.1663,0.1706,0.1663
192,dropoff,2024,5,276,Queens,Queensboro Hill,false,0.1663,0.1706,0.1663
192,dropoff,2024,6,264,Queens,Queensboro Hill,false,0.1663,0.1706,0.1663
192,pickup,2023,2,33,Queens,Queensboro Hill,false,0.0335,0.0909,0.0335
192,pickup,2023,3,70,Queens,Queensboro Hill,false,0.0335,0.0909,0.0335
192,pickup,2023,4,41,Queens,Queensboro Hill,false,0.0335,0.0909,0.0335
192,pickup,2023,5,48,Queens,Queensboro Hill,false,0.0335,0.0909,0.0335
192,pickup,2023,6,47,Queens,Queensboro Hill,false,0.0335,0.0909,0.0335
192,pickup,2024,2,51,Queens,Queensboro Hill,false,0.0335,0.0909,0.0335
192,pickup,2024,3,46,Queens,Queensboro Hill,false,0.0335,0.0909,0.0335
192,pickup,2024,4,42,Queens,Queensboro Hill,false,0.0335,0.0909,0.0335
192,pickup,2024,5,49,Queens,Queensboro Hill,false,0.0335,0.0909,0.0335
192,pickup,2024,6,54,Queens,Queensboro Hill,false,0.0335,0.0909,0.0335
193,dropoff,2023,2,2671,Queens,Queensbridge/Ravenswood,false,0.1326,0.1622,0.1326
193,dropoff,2023,3,3140,Queens,Queensbridge/Ravenswood,false,0.1326,0.1622,0.1326
193,dropoff,2023,4,2432,Queens,Queensbridge/Ravenswood,false,0.1326,0.1622,0.1326
193,dropoff,2023,5,2545,Queens,Queensbridge/Ravenswood,false,0.1326,0.1622,0.1326
193,dropoff,2023,6,2380,Queens,Queensbridge/Ravenswood,false,0.1326,0.1622,0.1326
193,dropoff,2024,2,1632,Queens,Queensbridge/Ravenswood,false,0.1326,0.1622,0.1326
193,dropoff,2024,3,2125,Queens,Queensbridge/Ravenswood,false,0.1326,0.1622,0.1326
193,dropoff,2024,4,2064,Queens,Queensbridge/Ravenswood,false,0.1326,0.1622,0.1326
193,dropoff,2024,5,2057,Queens,Queensbridge/Ravenswood,false,0.1326,0.1622,0.1326
193,dropoff,2024,6,1838,Queens,Queensbridge/Ravenswood,false,0.1326,0.1622,0.1326
193,pickup,2023,2,2186,Queens,Queensbridge/Ravenswood,false,0.0533,0.0622,0.0533
193,pickup,2023,3,2492,Queens,Queensbridge/Ravenswood,false,0.0533,0.0622,0.0533
193,pickup,2023,4,1823,Queens,Queensbridge/Ravenswood,false,0.0533,0.0622,0.0533
193,pickup,2023,5,1925,Queens,Queensbridge/Ravenswood,false,0.0533,0.0622,0.0533
193,pickup,2023,6,1886,Queens,Queensbridge/Ravenswood,false,0.0533,0.0622,0.0533
193,pickup,2024,2,1252,Queens,Queensbridge/Ravenswood,false,0.0533,0.0622,0.0533
193,pickup,2024,3,1542,Queens,Queensbridge/Ravenswood,false,0.0533,0.0622,0.0533
193,pickup,2024,4,1542,Queens,Queensbridge/Ravenswood,false,0.0533,0.0622,0.0533
193,pickup,2024,5,1400,Queens,Queensbridge/Ravenswood,false,0.0533,0.0622,0.0533
193,pickup,2024,6,1077,Queens,Queensbridge/Ravenswood,false,0.0533,0.0622,0.0533
194,dropoff,2023,2,161,Manhattan,Randalls Island,false,0.1652,0.1738,0.1652
194,dropoff,2023,3,283,Manhattan,Randalls Island,false,0.1652,0.1738,0.1652
194,dropoff,2023,4,499,Manhattan,Randalls Island,false,0.1652,0.1738,0.1652
194,dropoff,2023,5,595,Manhattan,Randalls Island,false,0.1652,0.1738,0.1652
194,dropoff,2023,6,387,Manhattan,Randalls Island,false,0.1652,0.1738,0.1652
194,dropoff,2024,2,194,Manhattan,Randalls Island,false,0.1652,0.1738,0.1652
194,dropoff,2024,3,270,Manhattan,Randalls Island,false,0.1652,0.1738,0.1652
194,dropoff,2024,4,584,Manhattan,Randalls Island,false,0.1652,0.1738,0.1652
194,dropoff,2024,5,484,Manhattan,Randalls Island,false,0.1652,0.1738,0.1652
194,dropoff,2024,6,419,Manhattan,Randalls Island,false,0.1652,0.1738,0.1652
194,pickup,2023,2,69,Manhattan,Randalls Island,false,0.1328,0.1305,0.1328
194,pickup,2023,3,99,Manhattan,Randalls Island,false,0.1328,0.1305,0.1328
194,pickup,2023,4,91,Manhattan,Randalls Island,false,0.1328,0.1305,0.1328
194,pickup,2023,5,120,Manhattan,Randalls Island,false,0.1328,0.1305,0.1328
194,pickup,2023,6,103,Manhattan,Randalls Island,false,0.1328,0.1305,0.1328
194,pickup,2024,2,88,Manhattan,Randalls Island,false,0.1328,0.1305,0.1328
194,pickup,2024,3,127,Manhattan,Randalls Island,false,0.1328,0.1305,0.1328
194,pickup,2024,4,134,Manhattan,Randalls Island,false,0.1328,0.1305,0.1328
194,pickup,2024,5,119,Manhattan,Randalls Island,false,0.1328,0.1305,0.1328
194,pickup,2024,6,99,Manhattan,Randalls Island,false,0.1328,0.1305,0.1328
195,dropoff,2023,2,651,Brooklyn,Red Hook,false,0.5514,0.5467,0.5514
195,dropoff,2023,3,704,Brooklyn,Red Hook,false,0.5514,0.5467,0.5514
195,dropoff,2023,4,874,Brooklyn,Red Hook,false,0.5514,0.5467,0.5514
195,dropoff,2023,5,1329,Brooklyn,Red Hook,false,0.5514,0.5467,0.5514
195,dropoff,2023,6,1134,Brooklyn,Red Hook,false,0.5514,0.5467,0.5514
195,dropoff,2024,2,777,Brooklyn,Red Hook,false,0.5514,0.5467,0.5514
195,dropoff,2024,3,995,Brooklyn,Red Hook,false,0.5514,0.5467,0.5514
195,dropoff,2024,4,1042,Brooklyn,Red Hook,false,0.5514,0.5467,0.5514
195,dropoff,2024,5,1454,Brooklyn,Red Hook,false,0.5514,0.5467,0.5514
195,dropoff,2024,6,1477,Brooklyn,Red Hook,false,0.5514,0.5467,0.5514
195,pickup,2023,2,47,Brooklyn,Red Hook,false,0.3036,0.2977,0.3036
195,pickup,2023,3,75,Brooklyn,Red Hook,false,0.3036,0.2977,0.3036
195,pickup,2023,4,126,Brooklyn,Red Hook,false,0.3036,0.2977,0.3036
195,pickup,2023,5,358,Brooklyn,Red Hook,false,0.3036,0.2977,0.3036
195,pickup,2023,6,326,Brooklyn,Red Hook,false,0.3036,0.2977,0.3036
195,pickup,2024,2,275,Brooklyn,Red Hook,false,0.3036,0.2977,0.3036
195,pickup,2024,3,376,Brooklyn,Red Hook,false,0.3036,0.2977,0.3036
195,pickup,2024,4,253,Brooklyn,Red Hook,false,0.3036,0.2977,0.3036
195,pickup,2024,5,564,Brooklyn,Red Hook,false,0.3036,0.2977,0.3036
195,pickup,2024,6,588,Brooklyn,Red Hook,false,0.3036,0.2977,0.3036
196,dropoff,2023,2,974,Queens,Rego Park,false,0.2922,0.2789,0.2922
196,dropoff,2023,3,1158,Queens,Rego Park,false,0.2922,0.2789,0.2922
196,dropoff,2023,4,1083,Queens,Rego Park,false,0.2922,0.2789,0.2922
196,dropoff,2023,5,1176,Queens,Rego Park,false,0.2922,0.2789,0.2922
196,dropoff,2023,6,1147,Queens,Rego Park,false,0.2922,0.2789,0.2922
196,dropoff,2024,2,904,Queens,Rego Park,false,0.2922,0.2789,0.2922
196,dropoff,2024,3,1007,Queens,Rego Park,false,0.2922,0.2789,0.2922
196,dropoff,2024,4,977,Queens,Rego Park,false,0.2922,0.2789,0.2922
196,dropoff,2024,5,1095,Queens,Rego Park,false,0.2922,0.2789,0.2922
196,dropoff,2024,6,955,Queens,Rego Park,false,0.2922,0.2789,0.2922
196,pickup,2023,2,148,Queens,Rego Park,false,0.1779,0.201,0.1779
196,pickup,2023,3,186,Queens,Rego Park,false,0.1779,0.201,0.1779
196,pickup,2023,4,200,Queens,Rego Park,false,0.1779,0.201,0.1779
196,pickup,2023,5,179,Queens,Rego Park,false,0.1779,0.201,0.1779
196,pickup,2023,6,181,Queens,Rego Park,false,0.1779,0.201,0.1779
196,pickup,2024,2,200,Queens,Rego Park,false,0.1779,0.201,0.1779
196,pickup,2024,3,203,Queens,Rego Park,false,0.1779,0.201,0.1779
196,pickup,2024,4,215,Queens,Rego Park,false,0.1779,0.201,0.1779
196,pickup,2024,5,220,Queens,Rego Park,false,0.1779,0.201,0.1779
196,pickup,2024,6,192,Queens,Rego Park,false,0.1779,0.201,0.1779
197,dropoff,2023,2,1059,Queens,Richmond Hill,false,0.1264,0.1244,0.1264
197,dropoff,2023,3,1305,Queens,Richmond Hill,false,0.1264,0.1244,0.1264
197,dropoff,2023,4,1302,Queens,Richmond Hill,false,0.1264,0.1244,0.1264
197,dropoff,2023,5,1315,Queens,Richmond Hill,false,0.1264,0.1244,0.1264
197,dropoff,2023,6,1284,Queens,Richmond Hill,false,0.1264,0.1244,0.1264
197,dropoff,2024,2,1083,Queens,Richmond Hill,false,0.1264,0.1244,0.1264
197,dropoff,2024,3,1276,Queens,Richmond Hill,false,0.1264,0.1244,0.1264
197,dropoff,2024,4,1344,Queens,Richmond Hill,false,0.1264,0.1244,0.1264
197,dropoff,2024,5,1440,Queens,Richmond Hill,false,0.1264,0.1244,0.1264
197,dropoff,2024,6,1326,Queens,Richmond Hill,false,0.1264,0.1244,0.1264
197,pickup,2023,2,307,Queens,Richmond Hill,false,0.0742,0.0971,0.0742
197,pickup,2023,3,355,Queens,Richmond Hill,false,0.0742,0.0971,0.0742
197,pickup,2023,4,394,Queens,Richmond Hill,false,0.0742,0.0971,0.0742
197,pickup,2023,5,436,Queens,Richmond Hill,false,0.0742,0.0971,0.0742
197,pickup,2023,6,369,Queens,Richmond Hill,false,0.0742,0.0971,0.0742
197,pickup,2024,2,358,Queens,Richmond Hill,false,0.0742,0.0971,0.0742
197,pickup,2024,3,484,Queens,Richmond Hill,false,0.0742,0.0971,0.0742
197,pickup,2024,4,512,Queens,Richmond Hill,false,0.0742,0.0971,0.0742
197,pickup,2024,5,568,Queens,Richmond Hill,false,0.0742,0.0971,0.0742
197,pickup,2024,6,550,Queens,Richmond Hill,false,0.0742,0.0971,0.0742
198,dropoff,2023,2,1413,Queens,Ridgewood,false,0.3421,0.3265,0.3421
198,dropoff,2023,3,1610,Queens,Ridgewood,false,0.3421,0.3265,0.3421
198,dropoff,2023,4,1688,Queens,Ridgewood,false,0.3421,0.3265,0.3421
198,dropoff,2023,5,1817,Queens,Ridgewood,false,0.3421,0.3265,0.3421
198,dropoff,2023,6,1791,Queens,Ridgewood,false,0.3421,0.3265,0.3421
198,dropoff,2024,2,1341,Queens,Ridgewood,false,0.3421,0.3265,0.3421
198,dropoff,2024,3,1557,Queens,Ridgewood,false,0.3421,0.3265,0.3421
198,dropoff,2024,4,1618,Queens,Ridgewood,false,0.3421,0.3265,0.3421
198,dropoff,2024,5,1580,Queens,Ridgewood,false,0.3421,0.3265,0.3421
198,dropoff,2024,6,1531,Queens,Ridgewood,false,0.3421,0.3265,0.3421
198,pickup,2023,2,66,Queens,Ridgewood,false,0.0938,0.1894,0.0938
198,pickup,2023,3,72,Queens,Ridgewood,false,0.0938,0.1894,0.0938
198,pickup,2023,4,88,Queens,Ridgewood,false,0.0938,0.1894,0.0938
198,pickup,2023,5,71,Queens,Ridgewood,false,0.0938,0.1894,0.0938
198,pickup,2023,6,87,Queens,Ridgewood,false,0.0938,0.1894,0.0938
198,pickup,2024,2,126,Queens,Ridgewood,false,0.0938,0.1894,0.0938
198,pickup,2024,3,157,Queens,Ridgewood,false,0.0938,0.1894,0.0938
198,pickup,2024,4,147,Queens,Ridgewood,false,0.0938,0.1894,0.0938
198,pickup,2024,5,143,Queens,Ridgewood,false,0.0938,0.1894,0.0938
198,pickup,2024,6,145,Queens,Ridgewood,false,0.0938,0.1894,0.0938
199,pickup,2023,3,2,Bronx,Rikers Island,false,0.7143,0.6,0.7143
199,pickup,2023,4,2,Bronx,Rikers Island,false,0.7143,0.6,0.7143
199,pickup,2023,5,2,Bronx,Rikers Island,false,0.7143,0.6,0.7143
199,pickup,2023,6,1,Bronx,Rikers Island,false,0.7143,0.6,0.7143
199,pickup,2024,2,1,Bronx,Rikers Island,false,0.7143,0.6,0.7143
199,pickup,2024,3,2,Bronx,Rikers Island,false,0.7143,0.6,0.7143
199,pickup,2024,4,1,Bronx,Rikers Island,false,0.7143,0.6,0.7143
199,pickup,2024,6,1,Bronx,Rikers Island,false,0.7143,0.6,0.7143
200,dropoff,2023,2,933,Bronx,Riverdale/North Riverdale/Fieldston,false,0.3377,0.3228,0.3377
200,dropoff,2023,3,1106,Bronx,Riverdale/North Riverdale/Fieldston,false,0.3377,0.3228,0.3377
200,dropoff,2023,4,1097,Bronx,Riverdale/North Riverdale/Fieldston,false,0.3377,0.3228,0.3377
200,dropoff,2023,5,1165,Bronx,Riverdale/North Riverdale/Fieldston,false,0.3377,0.3228,0.3377
200,dropoff,2023,6,1006,Bronx,Riverdale/North Riverdale/Fieldston,false,0.3377,0.3228,0.3377
200,dropoff,2024,2,940,Bronx,Riverdale/North Riverdale/Fieldston,false,0.3377,0.3228,0.3377
200,dropoff,2024,3,1014,Bronx,Riverdale/North Riverdale/Fieldston,false,0.3377,0.3228,0.3377
200,dropoff,2024,4,996,Bronx,Riverdale/North Riverdale/Fieldston,false,0.3377,0.3228,0.3377
200,dropoff,2024,5,1050,Bronx,Riverdale/North Riverdale/Fieldston,false,0.3377,0.3228,0.3377
200,dropoff,2024,6,981,Bronx,Riverdale/North Riverdale/Fieldston,false,0.3377,0.3228,0.3377
200,pickup,2023,2,63,Bronx,Riverdale/North Riverdale/Fieldston,false,0.2175,0.2629,0.2175
200,pickup,2023,3,87,Bronx,Riverdale/North Riverdale/Fieldston,false,0.2175,0.2629,0.2175
200,pickup,2023,4,70,Bronx,Riverdale/North Riverdale/Fieldston,false,0.2175,0.2629,0.2175
200,pickup,2023,5,76,Bronx,Riverdale/North Riverdale/Fieldston,false,0.2175,0.2629,0.2175
200,pickup,2023,6,58,Bronx,Riverdale/North Riverdale/Fieldston,false,0.2175,0.2629,0.2175
200,pickup,2024,2,68,Bronx,Riverdale/North Riverdale/Fieldston,false,0.2175,0.2629,0.2175
200,pickup,2024,3,86,Bronx,Riverdale/North Riverdale/Fieldston,false,0.2175,0.2629,0.2175
200,pickup,2024,4,95,Bronx,Riverdale/North Riverdale/Fieldston,false,0.2175,0.2629,0.2175
200,pickup,2024,5,94,Bronx,Riverdale/North Riverdale/Fieldston,false,0.2175,0.2629,0.2175
200,pickup,2024,6,102,Bronx,Riverdale/North Riverdale/Fieldston,false,0.2175,0.2629,0.2175
201,dropoff,2023,2,265,Queens,Rockaway Park,false,0.1169,0.1457,0.1169
201,dropoff,2023,3,329,Queens,Rockaway Park,false,0.1169,0.1457,0.1169
201,dropoff,2023,4,339,Queens,Rockaway Park,false,0.1169,0.1457,0.1169
201,dropoff,2023,5,300,Queens,Rockaway Park,false,0.1169,0.1457,0.1169
201,dropoff,2023,6,375,Queens,Rockaway Park,false,0.1169,0.1457,0.1169
201,dropoff,2024,2,282,Queens,Rockaway Park,false,0.1169,0.1457,0.1169
201,dropoff,2024,3,345,Queens,Rockaway Park,false,0.1169,0.1457,0.1169
201,dropoff,2024,4,359,Queens,Rockaway Park,false,0.1169,0.1457,0.1169
201,dropoff,2024,5,303,Queens,Rockaway Park,false,0.1169,0.1457,0.1169
201,dropoff,2024,6,345,Queens,Rockaway Park,false,0.1169,0.1457,0.1169
201,pickup,2023,2,43,Queens,Rockaway Park,false,0.1336,0.1797,0.1336
201,pickup,2023,3,64,Queens,Rockaway Park,false,0.1336,0.1797,0.1336
201,pickup,2023,4,54,Queens,Rockaway Park,false,0.1336,0.1797,0.1336
201,pickup,2023,5,50,Queens,Rockaway Park,false,0.1336,0.1797,0.1336
201,pickup,2023,6,51,Queens,Rockaway Park,false,0.1336,0.1797,0.1336
201,pickup,2024,2,57,Queens,Rockaway Park,false,0.1336,0.1797,0.1336
201,pickup,2024,3,70,Queens,Rockaway Park,false,0.1336,0.1797,0.1336
201,pickup,2024,4,68,Queens,Rockaway Park,false,0.1336,0.1797,0.1336
201,pickup,2024,5,78,Queens,Rockaway Park,false,0.1336,0.1797,0.1336
201,pickup,2024,6,72,Queens,Rockaway Park,false,0.1336,0.1797,0.1336
202,dropoff,2023,2,1566,Manhattan,Roosevelt Island,false,0.4413,0.4368,0.4413
202,dropoff,2023,3,1818,Manhattan,Roosevelt Island,false,0.4413,0.4368,0.4413
202,dropoff,2023,4,1807,Manhattan,Roosevelt Island,false,0.4413,0.4368,0.4413
202,dropoff,2023,5,2080,Manhattan,Roosevelt Island,false,0.4413,0.4368,0.4413
202,dropoff,2023,6,2024,Manhattan,Roosevelt Island,false,0.4413,0.4368,0.4413
202,dropoff,2024,2,1567,Manhattan,Roosevelt Island,false,0.4413,0.4368,0.4413
202,dropoff,2024,3,1959,Manhattan,Roosevelt Island,false,0.4413,0.4368,0.4413
202,dropoff,2024,4,1523,Manhattan,Roosevelt Island,false,0.4413,0.4368,0.4413
202,dropoff,2024,5,1662,Manhattan,Roosevelt Island,false,0.4413,0.4368,0.4413
202,dropoff,2024,6,1524,Manhattan,Roosevelt Island,false,0.4413,0.4368,0.4413
202,pickup,2023,2,81,Manhattan,Roosevelt Island,false,0.1387,0.1553,0.1387
202,pickup,2023,3,115,Manhattan,Roosevelt Island,false,0.1387,0.1553,0.1387
202,pickup,2023,4,135,Manhattan,Roosevelt Island,false,0.1387,0.1553,0.1387
202,pickup,2023,5,132,Manhattan,Roosevelt Island,false,0.1387,0.1553,0.1387
202,pickup,2023,6,121,Manhattan,Roosevelt Island,false,0.1387,0.1553,0.1387
202,pickup,2024,2,111,Manhattan,Roosevelt Island,false,0.1387,0.1553,0.1387
202,pickup,2024,3,154,Manhattan,Roosevelt Island,false,0.1387,0.1553,0.1387
202,pickup,2024,4,134,Manhattan,Roosevelt Island,false,0.1387,0.1553,0.1387
202,pickup,2024,5,135,Manhattan,Roosevelt Island,false,0.1387,0.1553,0.1387
202,pickup,2024,6,155,Manhattan,Roosevelt Island,false,0.1387,0.1553,0.1387
203,dropoff,2023,2,526,Queens,Rosedale,false,0.0762,0.0583,0.0762
203,dropoff,2023,3,626,Queens,Rosedale,false,0.0762,0.0583,0.0762
203,dropoff,2023,4,598,Queens,Rosedale,false,0.0762,0.0583,0.0762
203,dropoff,2023,5,649,Queens,Rosedale,false,0.0762,0.0583,0.0762
203,dropoff,2023,6,633,Queens,Rosedale,false,0.0762,0.0583,0.0762
203,dropoff,2024,2,498,Queens,Rosedale,false,0.0762,0.0583,0.0762
203,dropoff,2024,3,600,Queens,Rosedale,false,0.0762,0.0583,0.0762
203,dropoff,2024,4,664,Queens,Rosedale,false,0.0762,0.0583,0.0762
203,dropoff,2024,5,691,Queens,Rosedale,false,0.0762,0.0583,0.0762
203,dropoff,2024,6,632,Queens,Rosedale,false,0.0762,0.0583,0.0762
203,pickup,2023,2,126,Queens,Rosedale,false,0.1471,0.2083,0.1471
203,pickup,2023,3,132,Queens,Rosedale,false,0.1471,0.2083,0.1471
203,pickup,2023,4,151,Queens,Rosedale,false,0.1471,0.2083,0.1471
203,pickup,2023,5,166,Queens,Rosedale,false,0.1471,0.2083,0.1471
203,pickup,2023,6,159,Queens,Rosedale,false,0.1471,0.2083,0.1471
203,pickup,2024,2,134,Queens,Rosedale,false,0.1471,0.2083,0.1471
203,pickup,2024,3,183,Queens,Rosedale,false,0.1471,0.2083,0.1471
203,pickup,2024,4,178,Queens,Rosedale,false,0.1471,0.2083,0.1471
203,pickup,2024,5,161,Queens,Rosedale,false,0.1471,0.2083,0.1471
203,pickup,2024,6,184,Queens,Rosedale,false,0.1471,0.2083,0.1471
204,dropoff,2023,2,14,Staten Island,Rossville/Woodrow,false,0.3188,0.4737,0.3188
204,dropoff,2023,3,13,Staten Island,Rossville/Woodrow,false,0.3188,0.4737,0.3188
204,dropoff,2023,4,10,Staten Island,Rossville/Woodrow,false,0.3188,0.4737,0.3188
204,dropoff,2023,5,17,Staten Island,Rossville/Woodrow,false,0.3188,0.4737,0.3188
204,dropoff,2023,6,15,Staten Island,Rossville/Woodrow,false,0.3188,0.4737,0.3188
204,dropoff,2024,2,4,Staten Island,Rossville/Woodrow,false,0.3188,0.4737,0.3188
204,dropoff,2024,3,14,Staten Island,Rossville/Woodrow,false,0.3188,0.4737,0.3188
204,dropoff,2024,4,5,Staten Island,Rossville/Woodrow,false,0.3188,0.4737,0.3188
204,dropoff,2024,5,15,Staten Island,Rossville/Woodrow,false,0.3188,0.4737,0.3188
204,dropoff,2024,6,19,Staten Island,Rossville/Woodrow,false,0.3188,0.4737,0.3188
204,pickup,2023,2,2,Staten Island,Rossville/Woodrow,false,0.0,0.0,0.0
204,pickup,2023,3,3,Staten Island,Rossville/Woodrow,false,0.0,0.0,0.0
204,pickup,2023,4,1,Staten Island,Rossville/Woodrow,false,0.0,0.0,0.0
204,pickup,2023,5,2,Staten Island,Rossville/Woodrow,false,0.0,0.0,0.0
204,pickup,2023,6,1,Staten Island,Rossville/Woodrow,false,0.0,0.0,0.0
204,pickup,2024,4,1,Staten Island,Rossville/Woodrow,false,0.0,0.0,0.0
204,pickup,2024,6,2,Staten Island,Rossville/Woodrow,false,0.0,0.0,0.0
205,dropoff,2023,2,795,Queens,Saint Albans,false,0.0414,0.0568,0.0414
205,dropoff,2023,3,946,Queens,Saint Albans,false,0.0414,0.0568,0.0414
205,dropoff,2023,4,1004,Queens,Saint Albans,false,0.0414,0.0568,0.0414
205,dropoff,2023,5,1119,Queens,Saint Albans,false,0.0414,0.0568,0.0414
205,dropoff,2023,6,1063,Queens,Saint Albans,false,0.0414,0.0568,0.0414
205,dropoff,2024,2,899,Queens,Saint Albans,false,0.0414,0.0568,0.0414
205,dropoff,2024,3,1047,Queens,Saint Albans,false,0.0414,0.0568,0.0414
205,dropoff,2024,4,1075,Queens,Saint Albans,false,0.0414,0.0568,0.0414
205,dropoff,2024,5,1186,Queens,Saint Albans,false,0.0414,0.0568,0.0414
205,dropoff,2024,6,1075,Queens,Saint Albans,false,0.0414,0.0568,0.0414
205,pickup,2023,2,187,Queens,Saint Albans,false,0.0904,0.1395,0.0904
205,pickup,2023,3,294,Queens,Saint Albans,false,0.0904,0.1395,0.0904
205,pickup,2023,4,305,Queens,Saint Albans,false,0.0904,0.1395,0.0904
205,pickup,2023,5,319,Queens,Saint Albans,false,0.0904,0.1395,0.0904
205,pickup,2023,6,267,Queens,Saint Albans,false,0.0904,0.1395,0.0904
205,pickup,2024,2,291,Queens,Saint Albans,false,0.0904,0.1395,0.0904
205,pickup,2024,3,387,Queens,Saint Albans,false,0.0904,0.1395,0.0904
205,pickup,2024,4,370,Queens,Saint Albans,false,0.0904,0.1395,0.0904
205,pickup,2024,5,387,Queens,Saint Albans,false,0.0904,0.1395,0.0904
205,pickup,2024,6,328,Queens,Saint Albans,false,0.0904,0.1395,0.0904
206,dropoff,2023,2,62,Staten Island,Saint George/New Brighton,false,0.3077,0.3395,0.3077
206,dropoff,2023,3,63,Staten Island,Saint George/New Brighton,false,0.3077,0.3395,0.3077
206,dropoff,2023,4,62,Staten Island,Saint George/New Brighton,false,0.3077,0.3395,0.3077
206,dropoff,2023,5,74,Staten Island,Saint George/New Brighton,false,0.3077,0.3395,0.3077
206,dropoff,2023,6,64,Staten Island,Saint George/New Brighton,false,0.3077,0.3395,0.3077
206,dropoff,2024,2,55,Staten Island,Saint George/New Brighton,false,0.3077,0.3395,0.3077
206,dropoff,2024,3,51,Staten Island,Saint George/New Brighton,false,0.3077,0.3395,0.3077
206,dropoff,2024,4,74,Staten Island,Saint George/New Brighton,false,0.3077,0.3395,0.3077
206,dropoff,2024,5,70,Staten Island,Saint George/New Brighton,false,0.3077,0.3395,0.3077
206,dropoff,2024,6,74,Staten Island,Saint George/New Brighton,false,0.3077,0.3395,0.3077
206,pickup,2023,2,3,Staten Island,Saint George/New Brighton,false,0.1667,0.2308,0.1667
206,pickup,2023,3,2,Staten Island,Saint George/New Brighton,false,0.1667,0.2308,0.1667
206,pickup,2023,4,1,Staten Island,Saint George/New Brighton,false,0.1667,0.2308,0.1667
206,pickup,2023,5,4,Staten Island,Saint George/New Brighton,false,0.1667,0.2308,0.1667
206,pickup,2023,6,2,Staten Island,Saint George/New Brighton,false,0.1667,0.2308,0.1667
206,pickup,2024,2,1,Staten Island,Saint George/New Brighton,false,0.1667,0.2308,0.1667
206,pickup,2024,3,4,Staten Island,Saint George/New Brighton,false,0.1667,0.2308,0.1667
206,pickup,2024,4,4,Staten Island,Saint George/New Brighton,false,0.1667,0.2308,0.1667
206,pickup,2024,5,2,Staten Island,Saint George/New Brighton,false,0.1667,0.2308,0.1667
206,pickup,2024,6,2,Staten Island,Saint George/New Brighton,false,0.1667,0.2308,0.1667
207,dropoff,2023,2,228,Queens,Saint Michaels Cemetery/Woodside,false,0.0262,0.025,0.0262
207,dropoff,2023,3,312,Queens,Saint Michaels Cemetery/Woodside,false,0.0262,0.025,0.0262
207,dropoff,2023,4,245,Queens,Saint Michaels Cemetery/Woodside,false,0.0262,0.025,0.0262
207,dropoff,2023,5,403,Queens,Saint Michaels Cemetery/Woodside,false,0.0262,0.025,0.0262
207,dropoff,2023,6,336,Queens,Saint Michaels Cemetery/Woodside,false,0.0262,0.025,0.0262
207,dropoff,2024,2,185,Queens,Saint Michaels Cemetery/Woodside,false,0.0262,0.025,0.0262
207,dropoff,2024,3,242,Queens,Saint Michaels Cemetery/Woodside,false,0.0262,0.025,0.0262
207,dropoff,2024,4,265,Queens,Saint Michaels Cemetery/Woodside,false,0.0262,0.025,0.0262
207,dropoff,2024,5,259,Queens,Saint Michaels Cemetery/Woodside,false,0.0262,0.025,0.0262
207,dropoff,2024,6,170,Queens,Saint Michaels Cemetery/Woodside,false,0.0262,0.025,0.0262
207,pickup,2023,2,224,Queens,Saint Michaels Cemetery/Woodside,false,0.0513,0.0877,0.0513
207,pickup,2023,3,290,Queens,Saint Michaels Cemetery/Woodside,false,0.0513,0.0877,0.0513
207,pickup,2023,4,227,Queens,Saint Michaels Cemetery/Woodside,false,0.0513,0.0877,0.0513
207,pickup,2023,5,386,Queens,Saint Michaels Cemetery/Woodside,false,0.0513,0.0877,0.0513
207,pickup,2023,6,334,Queens,Saint Michaels Cemetery/Woodside,false,0.0513,0.0877,0.0513
207,pickup,2024,2,182,Queens,Saint Michaels Cemetery/Woodside,false,0.0513,0.0877,0.0513
207,pickup,2024,3,253,Queens,Saint Michaels Cemetery/Woodside,false,0.0513,0.0877,0.0513
207,pickup,2024,4,287,Queens,Saint Michaels Cemetery/Woodside,false,0.0513,0.0877,0.0513
207,pickup,2024,5,283,Queens,Saint Michaels Cemetery/Woodside,false,0.0513,0.0877,0.0513
207,pickup,2024,6,204,Queens,Saint Michaels Cemetery/Woodside,false,0.0513,0.0877,0.0513
208,dropoff,2023,2,342,Bronx,Schuylerville/Edgewater Park,false,0.169,0.1635,0.169
208,dropoff,2023,3,455,Bronx,Schuylerville/Edgewater Park,false,0.169,0.1635,0.169
208,dropoff,2023,4,462,Bronx,Schuylerville/Edgewater Park,false,0.169,0.1635,0.169
208,dropoff,2023,5,489,Bronx,Schuylerville/Edgewater Park,false,0.169,0.1635,0.169
208,dropoff,2023,6,513,Bronx,Schuylerville/Edgewater Park,false,0.169,0.1635,0.169
208,dropoff,2024,2,396,Bronx,Schuylerville/Edgewater Park,false,0.169,0.1635,0.169
208,dropoff,2024,3,438,Bronx,Schuylerville/Edgewater Park,false,0.169,0.1635,0.169
208,dropoff,2024,4,442,Bronx,Schuylerville/Edgewater Park,false,0.169,0.1635,0.169
208,dropoff,2024,5,471,Bronx,Schuylerville/Edgewater Park,false,0.169,0.1635,0.169
208,dropoff,2024,6,491,Bronx,Schuylerville/Edgewater Park,false,0.169,0.1635,0.169
208,pickup,2023,2,53,Bronx,Schuylerville/Edgewater Park,false,0.1549,0.1871,0.1549
208,pickup,2023,3,117,Bronx,Schuylerville/Edgewater Park,false,0.1549,0.1871,0.1549
208,pickup,2023,4,84,Bronx,Schuylerville/Edgewater Park,false,0.1549,0.1871,0.1549
208,pickup,2023,5,85,Bronx,Schuylerville/Edgewater Park,false,0.1549,0.1871,0.1549
208,pickup,2023,6,113,Bronx,Schuylerville/Edgewater Park,false,0.1549,0.1871,0.1549
208,pickup,2024,2,115,Bronx,Schuylerville/Edgewater Park,false,0.1549,0.1871,0.1549
208,pickup,2024,3,121,Bronx,Schuylerville/Edgewater Park,false,0.1549,0.1871,0.1549
208,pickup,2024,4,100,Bronx,Schuylerville/Edgewater Park,false,0.1549,0.1871,0.1549
208,pickup,2024,5,127,Bronx,Schuylerville/Edgewater Park,false,0.1549,0.1871,0.1549
208,pickup,2024,6,93,Bronx,Schuylerville/Edgewater Park,false,0.1549,0.1871,0.1549
209,dropoff,2023,2,7320,Manhattan,Seaport,true,1.0,1.0,1.0
209,dropoff,2023,3,8635,Manhattan,Seaport,true,1.0,1.0,1.0
209,dropoff,2023,4,8241,Manhattan,Seaport,true,1.0,1.0,1.0
209,dropoff,2023,5,8517,Manhattan,Seaport,true,1.0,1.0,1.0
209,dropoff,2023,6,8731,Manhattan,Seaport,true,1.0,1.0,1.0
209,dropoff,2024,2,7174,Manhattan,Seaport,true,1.0,1.0,1.0
209,dropoff,2024,3,8366,Manhattan,Seaport,true,1.0,1.0,1.0
209,dropoff,2024,4,8319,Manhattan,Seaport,true,1.0,1.0,1.0
209,dropoff,2024,5,9064,Manhattan,Seaport,true,1.0,1.0,1.0
209,dropoff,2024,6,8708,Manhattan,Seaport,true,1.0,1.0,1.0
209,pickup,2023,2,4285,Manhattan,Seaport,true,1.0,1.0,1.0
209,pickup,2023,3,5179,Manhattan,Seaport,true,1.0,1.0,1.0
209,pickup,2023,4,5193,Manhattan,Seaport,true,1.0,1.0,1.0
209,pickup,2023,5,6038,Manhattan,Seaport,true,1.0,1.0,1.0
209,pickup,2023,6,5895,Manhattan,Seaport,true,1.0,1.0,1.0
209,pickup,2024,2,4270,Manhattan,Seaport,true,1.0,1.0,1.0
209,pickup,2024,3,5215,Manhattan,Seaport,true,1.0,1.0,1.0
209,pickup,2024,4,5074,Manhattan,Seaport,true,1.0,1.0,1.0
209,pickup,2024,5,6061,Manhattan,Seaport,true,1.0,1.0,1.0
209,pickup,2024,6,6483,Manhattan,Seaport,true,1.0,1.0,1.0
210,dropoff,2023,2,419,Brooklyn,Sheepshead Bay,false,0.1713,0.1911,0.1713
210,dropoff,2023,3,496,Brooklyn,Sheepshead Bay,false,0.1713,0.1911,0.1713
210,dropoff,2023,4,547,Brooklyn,Sheepshead Bay,false,0.1713,0.1911,0.1713
210,dropoff,2023,5,531,Brooklyn,Sheepshead Bay,false,0.1713,0.1911,0.1713
210,dropoff,2023,6,512,Brooklyn,Sheepshead Bay,false,0.1713,0.1911,0.1713
210,dropoff,2024,2,462,Brooklyn,Sheepshead Bay,false,0.1713,0.1911,0.1713
210,dropoff,2024,3,546,Brooklyn,Sheepshead Bay,false,0.1713,0.1911,0.1713
210,dropoff,2024,4,613,Brooklyn,Sheepshead Bay,false,0.1713,0.1911,0.1713
210,dropoff,2024,5,647,Brooklyn,Sheepshead Bay,false,0.1713,0.1911,0.1713
210,dropoff,2024,6,574,Brooklyn,Sheepshead Bay,false,0.1713,0.1911,0.1713
210,pickup,2023,2,103,Brooklyn,Sheepshead Bay,false,0.1683,0.2389,0.1683
210,pickup,2023,3,117,Brooklyn,Sheepshead Bay,false,0.1683,0.2389,0.1683
210,pickup,2023,4,145,Brooklyn,Sheepshead Bay,false,0.1683,0.2389,0.1683
210,pickup,2023,5,135,Brooklyn,Sheepshead Bay,false,0.1683,0.2389,0.1683
210,pickup,2023,6,112,Brooklyn,Sheepshead Bay,false,0.1683,0.2389,0.1683
210,pickup,2024,2,194,Brooklyn,Sheepshead Bay,false,0.1683,0.2389,0.1683
210,pickup,2024,3,275,Brooklyn,Sheepshead Bay,false,0.1683,0.2389,0.1683
210,pickup,2024,4,293,Brooklyn,Sheepshead Bay,false,0.1683,0.2389,0.1683
210,pickup,2024,5,270,Brooklyn,Sheepshead Bay,false,0.1683,0.2389,0.1683
210,pickup,2024,6,278,Brooklyn,Sheepshead Bay,false,0.1683,0.2389,0.1683
211,dropoff,2023,2,23450,Manhattan,SoHo,true,1.0,1.0,1.0
211,dropoff,2023,3,26259,Manhattan,SoHo,true,1.0,1.0,1.0
211,dropoff,2023,4,27260,Manhattan,SoHo,true,1.0,1.0,1.0
211,dropoff,2023,5,28145,Manhattan,SoHo,true,1.0,1.0,1.0
211,dropoff,2023,6,25915,Manhattan,SoHo,true,1.0,1.0,1.0
211,dropoff,2024,2,23502,Manhattan,SoHo,true,1.0,1.0,1.0
211,dropoff,2024,3,25099,Manhattan,SoHo,true,1.0,1.0,1.0
211,dropoff,2024,4,24973,Manhattan,SoHo,true,1.0,1.0,1.0
211,dropoff,2024,5,27118,Manhattan,SoHo,true,1.0,1.0,1.0
211,dropoff,2024,6,26126,Manhattan,SoHo,true,1.0,1.0,1.0
211,pickup,2023,2,20450,Manhattan,SoHo,true,1.0,1.0,1.0
211,pickup,2023,3,23096,Manhattan,SoHo,true,1.0,1.0,1.0
211,pickup,2023,4,24545,Manhattan,SoHo,true,1.0,1.0,1.0
211,pickup,2023,5,25282,Manhattan,SoHo,true,1.0,1.0,1.0
211,pickup,2023,6,23165,Manhattan,SoHo,true,1.0,1.0,1.0
211,pickup,2024,2,22212,Manhattan,SoHo,true,1.0,1.0,1.0
211,pickup,2024,3,23194,Manhattan,SoHo,true,1.0,1.0,1.0
211,pickup,2024,4,22450,Manhattan,SoHo,true,1.0,1.0,1.0
211,pickup,2024,5,25294,Manhattan,SoHo,true,1.0,1.0,1.0
211,pickup,2024,6,24661,Manhattan,SoHo,true,1.0,1.0,1.0
212,dropoff,2023,2,218,Bronx,Soundview/Bruckner,false,0.219,0.2481,0.219
212,dropoff,2023,3,327,Bronx,Soundview/Bruckner,false,0.219,0.2481,0.219
212,dropoff,2023,4,272,Bronx,Soundview/Bruckner,false,0.219,0.2481,0.219
212,dropoff,2023,5,313,Bronx,Soundview/Bruckner,false,0.219,0.2481,0.219
212,dropoff,2023,6,258,Bronx,Soundview/Bruckner,false,0.219,0.2481,0.219
212,dropoff,2024,2,227,Bronx,Soundview/Bruckner,false,0.219,0.2481,0.219
212,dropoff,2024,3,270,Bronx,Soundview/Bruckner,false,0.219,0.2481,0.219
212,dropoff,2024,4,260,Bronx,Soundview/Bruckner,false,0.219,0.2481,0.219
212,dropoff,2024,5,285,Bronx,Soundview/Bruckner,false,0.219,0.2481,0.219
212,dropoff,2024,6,284,Bronx,Soundview/Bruckner,false,0.219,0.2481,0.219
212,pickup,2023,2,40,Bronx,Soundview/Bruckner,false,0.14,0.2409,0.14
212,pickup,2023,3,85,Bronx,Soundview/Bruckner,false,0.14,0.2409,0.14
212,pickup,2023,4,70,Bronx,Soundview/Bruckner,false,0.14,0.2409,0.14
212,pickup,2023,5,86,Bronx,Soundview/Bruckner,false,0.14,0.2409,0.14
212,pickup,2023,6,69,Bronx,Soundview/Bruckner,false,0.14,0.2409,0.14
212,pickup,2024,2,78,Bronx,Soundview/Bruckner,false,0.14,0.2409,0.14
212,pickup,2024,3,116,Bronx,Soundview/Bruckner,false,0.14,0.2409,0.14
212,pickup,2024,4,95,Bronx,Soundview/Bruckner,false,0.14,0.2409,0.14
212,pickup,2024,5,105,Bronx,Soundview/Bruckner,false,0.14,0.2409,0.14
212,pickup,2024,6,71,Bronx,Soundview/Bruckner,false,0.14,0.2409,0.14
213,dropoff,2023,2,495,Bronx,Soundview/Castle Hill,false,0.1843,0.2055,0.1843
213,dropoff,2023,3,627,Bronx,Soundview/Castle Hill,false,0.1843,0.2055,0.1843
213,dropoff,2023,4,576,Bronx,Soundview/Castle Hill,false,0.1843,0.2055,0.1843
213,dropoff,2023,5,617,Bronx,Soundview/Castle Hill,false,0.1843,0.2055,0.1843
213,dropoff,2023,6,550,Bronx,Soundview/Castle Hill,false,0.1843,0.2055,0.1843
213,dropoff,2024,2,517,Bronx,Soundview/Castle Hill,false,0.1843,0.2055,0.1843
213,dropoff,2024,3,569,Bronx,Soundview/Castle Hill,false,0.1843,0.2055,0.1843
213,dropoff,2024,4,582,Bronx,Soundview/Castle Hill,false,0.1843,0.2055,0.1843
213,dropoff,2024,5,648,Bronx,Soundview/Castle Hill,false,0.1843,0.2055,0.1843
213,dropoff,2024,6,536,Bronx,Soundview/Castle Hill,false,0.1843,0.2055,0.1843
213,pickup,2023,2,168,Bronx,Soundview/Castle Hill,false,0.0997,0.2812,0.0997
213,pickup,2023,3,237,Bronx,Soundview/Castle Hill,false,0.0997,0.2812,0.0997
213,pickup,2023,4,235,Bronx,Soundview/Castle Hill,false,0.0997,0.2812,0.0997
213,pickup,2023,5,256,Bronx,Soundview/Castle Hill,false,0.0997,0.2812,0.0997
213,pickup,2023,6,207,Bronx,Soundview/Castle Hill,false,0.0997,0.2812,0.0997
213,pickup,2024,2,281,Bronx,Soundview/Castle Hill,false,0.0997,0.2812,0.0997
213,pickup,2024,3,315,Bronx,Soundview/Castle Hill,false,0.0997,0.2812,0.0997
213,pickup,2024,4,319,Bronx,Soundview/Castle Hill,false,0.0997,0.2812,0.0997
213,pickup,2024,5,326,Bronx,Soundview/Castle Hill,false,0.0997,0.2812,0.0997
213,pickup,2024,6,299,Bronx,Soundview/Castle Hill,false,0.0997,0.2812,0.0997
214,dropoff,2023,2,42,Staten Island,South Beach/Dongan Hills,false,0.327,0.374,0.327
214,dropoff,2023,3,61,Staten Island,South Beach/Dongan Hills,false,0.327,0.374,0.327
214,dropoff,2023,4,50,Staten Island,South Beach/Dongan Hills,false,0.327,0.374,0.327
214,dropoff,2023,5,52,Staten Island,South Beach/Dongan Hills,false,0.327,0.374,0.327
214,dropoff,2023,6,58,Staten Island,South Beach/Dongan Hills,false,0.327,0.374,0.327
214,dropoff,2024,2,42,Staten Island,South Beach/Dongan Hills,false,0.327,0.374,0.327
214,dropoff,2024,3,48,Staten Island,South Beach/Dongan Hills,false,0.327,0.374,0.327
214,dropoff,2024,4,56,Staten Island,South Beach/Dongan Hills,false,0.327,0.374,0.327
214,dropoff,2024,5,49,Staten Island,South Beach/Dongan Hills,false,0.327,0.374,0.327
214,dropoff,2024,6,51,Staten Island,South Beach/Dongan Hills,false,0.327,0.374,0.327
214,pickup,2023,2,15,Staten Island,South Beach/Dongan Hills,false,0.0,0.1111,0.0
214,pickup,2023,3,22,Staten Island,South Beach/Dongan Hills,false,0.0,0.1111,0.0
214,pickup,2023,4,18,Staten Island,South Beach/Dongan Hills,false,0.0,0.1111,0.0
214,pickup,2023,5,24,Staten Island,South Beach/Dongan Hills,false,0.0,0.1111,0.0
214,pickup,2023,6,19,Staten Island,South Beach/Dongan Hills,false,0.0,0.1111,0.0
214,pickup,2024,2,4,Staten Island,South Beach/Dongan Hills,false,0.0,0.1111,0.0
214,pickup,2024,3,2,Staten Island,South Beach/Dongan Hills,false,0.0,0.1111,0.0
214,pickup,2024,4,5,Staten Island,South Beach/Dongan Hills,false,0.0,0.1111,0.0
214,pickup,2024,5,4,Staten Island,South Beach/Dongan Hills,false,0.0,0.1111,0.0
214,pickup,2024,6,3,Staten Island,South Beach/Dongan Hills,false,0.0,0.1111,0.0
215,dropoff,2023,2,702,Queens,South Jamaica,false,0.0603,0.057,0.0603
215,dropoff,2023,3,910,Queens,South Jamaica,false,0.0603,0.057,0.0603
215,dropoff,2023,4,790,Queens,South Jamaica,false,0.0603,0.057,0.0603
215,dropoff,2023,5,815,Queens,South Jamaica,false,0.0603,0.057,0.0603
215,dropoff,2023,6,749,Queens,South Jamaica,false,0.0603,0.057,0.0603
215,dropoff,2024,2,756,Queens,South Jamaica,false,0.0603,0.057,0.0603
215,dropoff,2024,3,955,Queens,South Jamaica,false,0.0603,0.057,0.0603
215,dropoff,2024,4,963,Queens,South Jamaica,false,0.0603,0.057,0.0603
215,dropoff,2024,5,948,Queens,South Jamaica,false,0.0603,0.057,0.0603
215,dropoff,2024,6,852,Queens,South Jamaica,false,0.0603,0.057,0.0603
215,pickup,2023,2,372,Queens,South Jamaica,false,0.3655,0.3075,0.3655
215,pickup,2023,3,462,Queens,South Jamaica,false,0.3655,0.3075,0.3655
215,pickup,2023,4,451,Queens,South Jamaica,false,0.3655,0.3075,0.3655
215,pickup,2023,5,484,Queens,South Jamaica,false,0.3655,0.3075,0.3655
215,pickup,2023,6,420,Queens,South Jamaica,false,0.3655,0.3075,0.3655
215,pickup,2024,2,519,Queens,South Jamaica,false,0.3655,0.3075,0.3655
215,pickup,2024,3,689,Queens,South Jamaica,false,0.3655,0.3075,0.3655
215,pickup,2024,4,651,Queens,South Jamaica,false,0.3655,0.3075,0.3655
215,pickup,2024,5,580,Queens,South Jamaica,false,0.3655,0.3075,0.3655
215,pickup,2024,6,475,Queens,South Jamaica,false,0.3655,0.3075,0.3655
216,dropoff,2023,2,2124,Queens,South Ozone Park,false,0.0771,0.0687,0.0771
216,dropoff,2023,3,2701,Queens,South Ozone Park,false,0.0771,0.0687,0.0771
216,dropoff,2023,4,2706,Queens,South Ozone Park,false,0.0771,0.0687,0.0771
216,dropoff,2023,5,2938,Queens,South Ozone Park,false,0.0771,0.0687,0.0771
216,dropoff,2023,6,3246,Queens,South Ozone Park,false,0.0771,0.0687,0.0771
216,dropoff,2024,2,2451,Queens,South Ozone Park,false,0.0771,0.0687,0.0771
216,dropoff,2024,3,2830,Queens,South Ozone Park,false,0.0771,0.0687,0.0771
216,dropoff,2024,4,3013,Queens,South Ozone Park,false,0.0771,0.0687,0.0771
216,dropoff,2024,5,3367,Queens,South Ozone Park,false,0.0771,0.0687,0.0771
216,dropoff,2024,6,3571,Queens,South Ozone Park,false,0.0771,0.0687,0.0771
216,pickup,2023,2,384,Queens,South Ozone Park,false,0.1136,0.1005,0.1136
216,pickup,2023,3,483,Queens,South Ozone Park,false,0.1136,0.1005,0.1136
216,pickup,2023,4,516,Queens,South Ozone Park,false,0.1136,0.1005,0.1136
216,pickup,2023,5,565,Queens,South Ozone Park,false,0.1136,0.1005,0.1136
216,pickup,2023,6,579,Queens,South Ozone Park,false,0.1136,0.1005,0.1136
216,pickup,2024,2,549,Queens,South Ozone Park,false,0.1136,0.1005,0.1136
216,pickup,2024,3,786,Queens,South Ozone Park,false,0.1136,0.1005,0.1136
216,pickup,2024,4,872,Queens,South Ozone Park,false,0.1136,0.1005,0.1136
216,pickup,2024,5,952,Queens,South Ozone Park,false,0.1136,0.1005,0.1136
216,pickup,2024,6,1000,Queens,South Ozone Park,false,0.1136,0.1005,0.1136
217,dropoff,2023,2,1389,Brooklyn,South Williamsburg,false,0.52,0.5102,0.52
217,dropoff,2023,3,1407,Brooklyn,South Williamsburg,false,0.52,0.5102,0.52
217,dropoff,2023,4,1148,Brooklyn,South Williamsburg,false,0.52,0.5102,0.52
217,dropoff,2023,5,1477,Brooklyn,South Williamsburg,false,0.52,0.5102,0.52
217,dropoff,2023,6,1327,Brooklyn,South Williamsburg,false,0.52,0.5102,0.52
217,dropoff,2024,2,1197,Brooklyn,South Williamsburg,false,0.52,0.5102,0.52
217,dropoff,2024,3,1166,Brooklyn,South Williamsburg,false,0.52,0.5102,0.52
217,dropoff,2024,4,916,Brooklyn,South Williamsburg,false,0.52,0.5102,0.52
217,dropoff,2024,5,1327,Brooklyn,South Williamsburg,false,0.52,0.5102,0.52
217,dropoff,2024,6,1041,Brooklyn,South Williamsburg,false,0.52,0.5102,0.52
217,pickup,2023,2,73,Brooklyn,South Williamsburg,false,0.1476,0.2355,0.1476
217,pickup,2023,3,92,Brooklyn,South Williamsburg,false,0.1476,0.2355,0.1476
217,pickup,2023,4,66,Brooklyn,South Williamsburg,false,0.1476,0.2355,0.1476
217,pickup,2023,5,78,Brooklyn,South Williamsburg,false,0.1476,0.2355,0.1476
217,pickup,2023,6,84,Brooklyn,South Williamsburg,false,0.1476,0.2355,0.1476
217,pickup,2024,2,102,Brooklyn,South Williamsburg,false,0.1476,0.2355,0.1476
217,pickup,2024,3,119,Brooklyn,South Williamsburg,false,0.1476,0.2355,0.1476
217,pickup,2024,4,112,Brooklyn,South Williamsburg,false,0.1476,0.2355,0.1476
217,pickup,2024,5,131,Brooklyn,South Williamsburg,false,0.1476,0.2355,0.1476
217,pickup,2024,6,122,Brooklyn,South Williamsburg,false,0.1476,0.2355,0.1476
218,dropoff,2023,2,799,Queens,Springfield Gardens North,false,0.0395,0.0539,0.0395
218,dropoff,2023,3,940,Queens,Springfield Gardens North,false,0.0395,0.0539,0.0395
218,dropoff,2023,4,889,Queens,Springfield Gardens North,false,0.0395,0.0539,0.0395
218,dropoff,2023,5,1048,Queens,Springfield Gardens North,false,0.0395,0.0539,0.0395
218,dropoff,2023,6,908,Queens,Springfield Gardens North,false,0.0395,0.0539,0.0395
218,dropoff,2024,2,667,Queens,Springfield Gardens North,false,0.0395,0.0539,0.0395
218,dropoff,2024,3,789,Queens,Springfield Gardens North,false,0.0395,0.0539,0.0395
218,dropoff,2024,4,805,Queens,Springfield Gardens North,false,0.0395,0.0539,0.0395
218,dropoff,2024,5,879,Queens,Springfield Gardens North,false,0.0395,0.0539,0.0395
218,dropoff,2024,6,809,Queens,Springfield Gardens North,false,0.0395,0.0539,0.0395
218,pickup,2023,2,164,Queens,Springfield Gardens North,false,0.0809,0.1276,0.0809
218,pickup,2023,3,243,Queens,Springfield Gardens North,false,0.0809,0.1276,0.0809
218,pickup,2023,4,212,Queens,Springfield Gardens North,false,0.0809,0.1276,0.0809
218,pickup,2023,5,298,Queens,Springfield Gardens North,false,0.0809,0.1276,0.0809
218,pickup,2023,6,258,Queens,Springfield Gardens North,false,0.0809,0.1276,0.0809
218,pickup,2024,2,295,Queens,Springfield Gardens North,false,0.0809,0.1276,0.0809
218,pickup,2024,3,404,Queens,Springfield Gardens North,false,0.0809,0.1276,0.0809
218,pickup,2024,4,355,Queens,Springfield Gardens North,false,0.0809,0.1276,0.0809
218,pickup,2024,5,346,Queens,Springfield Gardens North,false,0.0809,0.1276,0.0809
218,pickup,2024,6,285,Queens,Springfield Gardens North,false,0.0809,0.1276,0.0809
219,dropoff,2023,2,1062,Queens,Springfield Gardens South,false,0.0498,0.0484,0.0498
219,dropoff,2023,3,1373,Queens,Springfield Gardens South,false,0.0498,0.0484,0.0498
219,dropoff,2023,4,1317,Queens,Springfield Gardens South,false,0.0498,0.0484,0.0498
219,dropoff,2023,5,1250,Queens,Springfield Gardens South,false,0.0498,0.0484,0.0498
219,dropoff,2023,6,1219,Queens,Springfield Gardens South,false,0.0498,0.0484,0.0498
219,dropoff,2024,2,1097,Queens,Springfield Gardens South,false,0.0498,0.0484,0.0498
219,dropoff,2024,3,1304,Queens,Springfield Gardens South,false,0.0498,0.0484,0.0498
219,dropoff,2024,4,1402,Queens,Springfield Gardens South,false,0.0498,0.0484,0.0498
219,dropoff,2024,5,1373,Queens,Springfield Gardens South,false,0.0498,0.0484,0.0498
219,dropoff,2024,6,1415,Queens,Springfield Gardens South,false,0.0498,0.0484,0.0498
219,pickup,2023,2,193,Queens,Springfield Gardens South,false,0.2118,0.2609,0.2118
219,pickup,2023,3,325,Queens,Springfield Gardens South,false,0.2118,0.2609,0.2118
219,pickup,2023,4,280,Queens,Springfield Gardens South,false,0.2118,0.2609,0.2118
219,pickup,2023,5,292,Queens,Springfield Gardens South,false,0.2118,0.2609,0.2118
219,pickup,2023,6,322,Queens,Springfield Gardens South,false,0.2118,0.2609,0.2118
219,pickup,2024,2,400,Queens,Springfield Gardens South,false,0.2118,0.2609,0.2118
219,pickup,2024,3,466,Queens,Springfield Gardens South,false,0.2118,0.2609,0.2118
219,pickup,2024,4,438,Queens,Springfield Gardens South,false,0.2118,0.2609,0.2118
219,pickup,2024,5,454,Queens,Springfield Gardens South,false,0.2118,0.2609,0.2118
219,pickup,2024,6,434,Queens,Springfield Gardens South,false,0.2118,0.2609,0.2118
220,dropoff,2023,2,1118,Bronx,Spuyten Duyvil/Kingsbridge,false,0.331,0.323,0.331
220,dropoff,2023,3,1310,Bronx,Spuyten Duyvil/Kingsbridge,false,0.331,0.323,0.331
220,dropoff,2023,4,1259,Bronx,Spuyten Duyvil/Kingsbridge,false,0.331,0.323,0.331
220,dropoff,2023,5,1309,Bronx,Spuyten Duyvil/Kingsbridge,false,0.331,0.323,0.331
220,dropoff,2023,6,1261,Bronx,Spuyten Duyvil/Kingsbridge,false,0.331,0.323,0.331
220,dropoff,2024,2,1071,Bronx,Spuyten Duyvil/Kingsbridge,false,0.331,0.323,0.331
220,dropoff,2024,3,1188,Bronx,Spuyten Duyvil/Kingsbridge,false,0.331,0.323,0.331
220,dropoff,2024,4,1179,Bronx,Spuyten Duyvil/Kingsbridge,false,0.331,0.323,0.331
220,dropoff,2024,5,1223,Bronx,Spuyten Duyvil/Kingsbridge,false,0.331,0.323,0.331
220,dropoff,2024,6,1048,Bronx,Spuyten Duyvil/Kingsbridge,false,0.331,0.323,0.331
220,pickup,2023,2,98,Bronx,Spuyten Duyvil/Kingsbridge,false,0.1201,0.2417,0.1201
220,pickup,2023,3,159,Bronx,Spuyten Duyvil/Kingsbridge,false,0.1201,0.2417,0.1201
220,pickup,2023,4,128,Bronx,Spuyten Duyvil/Kingsbridge,false,0.1201,0.2417,0.1201
220,pickup,2023,5,143,Bronx,Spuyten Duyvil/Kingsbridge,false,0.1201,0.2417,0.1201
220,pickup,2023,6,130,Bronx,Spuyten Duyvil/Kingsbridge,false,0.1201,0.2417,0.1201
220,pickup,2024,2,100,Bronx,Spuyten Duyvil/Kingsbridge,false,0.1201,0.2417,0.1201
220,pickup,2024,3,144,Bronx,Spuyten Duyvil/Kingsbridge,false,0.1201,0.2417,0.1201
220,pickup,2024,4,172,Bronx,Spuyten Duyvil/Kingsbridge,false,0.1201,0.2417,0.1201
220,pickup,2024,5,152,Bronx,Spuyten Duyvil/Kingsbridge,false,0.1201,0.2417,0.1201
220,pickup,2024,6,127,Bronx,Spuyten Duyvil/Kingsbridge,false,0.1201,0.2417,0.1201
221,dropoff,2023,2,28,Staten Island,Stapleton,false,0.3495,0.2579,0.3495
221,dropoff,2023,3,66,Staten Island,Stapleton,false,0.3495,0.2579,0.3495
221,dropoff,2023,4,59,Staten Island,Stapleton,false,0.3495,0.2579,0.3495
221,dropoff,2023,5,65,Staten Island,Stapleton,false,0.3495,0.2579,0.3495
221,dropoff,2023,6,71,Staten Island,Stapleton,false,0.3495,0.2579,0.3495
221,dropoff,2024,2,37,Staten Island,Stapleton,false,0.3495,0.2579,0.3495
221,dropoff,2024,3,63,Staten Island,Stapleton,false,0.3495,0.2579,0.3495
221,dropoff,2024,4,55,Staten Island,Stapleton,false,0.3495,0.2579,0.3495
221,dropoff,2024,5,89,Staten Island,Stapleton,false,0.3495,0.2579,0.3495
221,dropoff,2024,6,74,Staten Island,Stapleton,false,0.3495,0.2579,0.3495
221,pickup,2023,2,1,Staten Island,Stapleton,false,0.0,0.2381,0.0
221,pickup,2023,3,2,Staten Island,Stapleton,false,0.0,0.2381,0.0
221,pickup,2023,4,7,Staten Island,Stapleton,false,0.0,0.2381,0.0
221,pickup,2023,5,2,Staten Island,Stapleton,false,0.0,0.2381,0.0
221,pickup,2023,6,4,Staten Island,Stapleton,false,0.0,0.2381,0.0
221,pickup,2024,2,1,Staten Island,Stapleton,false,0.0,0.2381,0.0
221,pickup,2024,3,4,Staten Island,Stapleton,false,0.0,0.2381,0.0
221,pickup,2024,5,10,Staten Island,Stapleton,false,0.0,0.2381,0.0
221,pickup,2024,6,6,Staten Island,Stapleton,false,0.0,0.2381,0.0
222,dropoff,2023,2,269,Brooklyn,Starrett City,false,0.1449,0.1252,0.1449
222,dropoff,2023,3,255,Brooklyn,Starrett City,false,0.1449,0.1252,0.1449
222,dropoff,2023,4,277,Brooklyn,Starrett City,false,0.1449,0.1252,0.1449
222,dropoff,2023,5,309,Brooklyn,Starrett City,false,0.1449,0.1252,0.1449
222,dropoff,2023,6,284,Brooklyn,Starrett City,false,0.1449,0.1252,0.1449
222,dropoff,2024,2,367,Brooklyn,Starrett City,false,0.1449,0.1252,0.1449
222,dropoff,2024,3,427,Brooklyn,Starrett City,false,0.1449,0.1252,0.1449
222,dropoff,2024,4,460,Brooklyn,Starrett City,false,0.1449,0.1252,0.1449
222,dropoff,2024,5,526,Brooklyn,Starrett City,false,0.1449,0.1252,0.1449
222,dropoff,2024,6,456,Brooklyn,Starrett City,false,0.1449,0.1252,0.1449
222,pickup,2023,2,103,Brooklyn,Starrett City,false,0.2339,0.1762,0.2339
222,pickup,2023,3,156,Brooklyn,Starrett City,false,0.2339,0.1762,0.2339
222,pickup,2023,4,162,Brooklyn,Starrett City,false,0.2339,0.1762,0.2339
222,pickup,2023,5,122,Brooklyn,Starrett City,false,0.2339,0.1762,0.2339
222,pickup,2023,6,111,Brooklyn,Starrett City,false,0.2339,0.1762,0.2339
222,pickup,2024,2,298,Brooklyn,Starrett City,false,0.2339,0.1762,0.2339
222,pickup,2024,3,350,Brooklyn,Starrett City,false,0.2339,0.1762,0.2339
222,pickup,2024,4,363,Brooklyn,Starrett City,false,0.2339,0.1762,0.2339
222,pickup,2024,5,457,Brooklyn,Starrett City,false,0.2339,0.1762,0.2339
222,pickup,2024,6,354,Brooklyn,Starrett City,false,0.2339,0.1762,0.2339
223,dropoff,2023,2,4055,Queens,Steinway,false,0.3929,0.3705,0.3929
223,dropoff,2023,3,4482,Queens,Steinway,false,0.3929,0.3705,0.3929
223,dropoff,2023,4,4479,Queens,Steinway,false,0.3929,0.3705,0.3929
223,dropoff,2023,5,4608,Queens,Steinway,false,0.3929,0.3705,0.3929
223,dropoff,2023,6,4208,Queens,Steinway,false,0.3929,0.3705,0.3929
223,dropoff,2024,2,3284,Queens,Steinway,false,0.3929,0.3705,0.3929
223,dropoff,2024,3,3921,Queens,Steinway,false,0.3929,0.3705,0.3929
223,dropoff,2024,4,3673,Queens,Steinway,false,0.3929,0.3705,0.3929
223,dropoff,2024,5,3665,Queens,Steinway,false,0.3929,0.3705,0.3929
223,dropoff,2024,6,3431,Queens,Steinway,false,0.3929,0.3705,0.3929
223,pickup,2023,2,468,Queens,Steinway,false,0.1284,0.1716,0.1284
223,pickup,2023,3,480,Queens,Steinway,false,0.1284,0.1716,0.1284
223,pickup,2023,4,487,Queens,Steinway,false,0.1284,0.1716,0.1284
223,pickup,2023,5,571,Queens,Steinway,false,0.1284,0.1716,0.1284
223,pickup,2023,6,580,Queens,Steinway,false,0.1284,0.1716,0.1284
223,pickup,2024,2,476,Queens,Steinway,false,0.1284,0.1716,0.1284
223,pickup,2024,3,602,Queens,Steinway,false,0.1284,0.1716,0.1284
223,pickup,2024,4,581,Queens,Steinway,false,0.1284,0.1716,0.1284
223,pickup,2024,5,679,Queens,Steinway,false,0.1284,0.1716,0.1284
223,pickup,2024,6,599,Queens,Steinway,false,0.1284,0.1716,0.1284
224,dropoff,2023,2,11641,Manhattan,Stuy Town/Peter Cooper Village,true,1.0,1.0,1.0
224,dropoff,2023,3,13277,Manhattan,Stuy Town/Peter Cooper Village,true,1.0,1.0,1.0
224,dropoff,2023,4,12313,Manhattan,Stuy Town/Peter Cooper Village,true,1.0,1.0,1.0
224,dropoff,2023,5,12588,Manhattan,Stuy Town/Peter Cooper Village,true,1.0,1.0,1.0
224,dropoff,2023,6,12217,Manhattan,Stuy Town/Peter Cooper Village,true,1.0,1.0,1.0
224,dropoff,2024,2,11250,Manhattan,Stuy Town/Peter Cooper Village,true,1.0,1.0,1.0
224,dropoff,2024,3,12479,Manhattan,Stuy Town/Peter Cooper Village,true,1.0,1.0,1.0
224,dropoff,2024,4,11589,Manhattan,Stuy Town/Peter Cooper Village,true,1.0,1.0,1.0
224,dropoff,2024,5,12458,Manhattan,Stuy Town/Peter Cooper Village,true,1.0,1.0,1.0
224,dropoff,2024,6,11745,Manhattan,Stuy Town/Peter Cooper Village,true,1.0,1.0,1.0
224,pickup,2023,2,3506,Manhattan,Stuy Town/Peter Cooper Village,true,1.0,1.0,1.0
224,pickup,2023,3,4159,Manhattan,Stuy Town/Peter Cooper Village,true,1.0,1.0,1.0
224,pickup,2023,4,3884,Manhattan,Stuy Town/Peter Cooper Village,true,1.0,1.0,1.0
224,pickup,2023,5,3915,Manhattan,Stuy Town/Peter Cooper Village,true,1.0,1.0,1.0
224,pickup,2023,6,3838,Manhattan,Stuy Town/Peter Cooper Village,true,1.0,1.0,1.0
224,pickup,2024,2,2945,Manhattan,Stuy Town/Peter Cooper Village,true,1.0,1.0,1.0
224,pickup,2024,3,3354,Manhattan,Stuy Town/Peter Cooper Village,true,1.0,1.0,1.0
224,pickup,2024,4,3022,Manhattan,Stuy Town/Peter Cooper Village,true,1.0,1.0,1.0
224,pickup,2024,5,3353,Manhattan,Stuy Town/Peter Cooper Village,true,1.0,1.0,1.0
224,pickup,2024,6,3406,Manhattan,Stuy Town/Peter Cooper Village,true,1.0,1.0,1.0
225,dropoff,2023,2,2316,Brooklyn,Stuyvesant Heights,false,0.4101,0.3615,0.4101
225,dropoff,2023,3,2563,Brooklyn,Stuyvesant Heights,false,0.4101,0.3615,0.4101
225,dropoff,2023,4,2825,Brooklyn,Stuyvesant Heights,false,0.4101,0.3615,0.4101
225,dropoff,2023,5,2969,Brooklyn,Stuyvesant Heights,false,0.4101,0.3615,0.4101
225,dropoff,2023,6,2853,Brooklyn,Stuyvesant Heights,false,0.4101,0.3615,0.4101
225,dropoff,2024,2,2233,Brooklyn,Stuyvesant Heights,false,0.4101,0.3615,0.4101
225,dropoff,2024,3,2553,Brooklyn,Stuyvesant Heights,false,0.4101,0.3615,0.4101
225,dropoff,2024,4,2471,Brooklyn,Stuyvesant Heights,false,0.4101,0.3615,0.4101
225,dropoff,2024,5,2683,Brooklyn,Stuyvesant Heights,false,0.4101,0.3615,0.4101
225,dropoff,2024,6,2612,Brooklyn,Stuyvesant Heights,false,0.4101,0.3615,0.4101
225,pickup,2023,2,196,Brooklyn,Stuyvesant Heights,false,0.117,0.1538,0.117
225,pickup,2023,3,263,Brooklyn,Stuyvesant Heights,false,0.117,0.1538,0.117
225,pickup,2023,4,264,Brooklyn,Stuyvesant Heights,false,0.117,0.1538,0.117
225,pickup,2023,5,256,Brooklyn,Stuyvesant Heights,false,0.117,0.1538,0.117
225,pickup,2023,6,192,Brooklyn,Stuyvesant Heights,false,0.117,0.1538,0.117
225,pickup,2024,2,439,Brooklyn,Stuyvesant Heights,false,0.117,0.1538,0.117
225,pickup,2024,3,562,Brooklyn,Stuyvesant Heights,false,0.117,0.1538,0.117
225,pickup,2024,4,573,Brooklyn,Stuyvesant Heights,false,0.117,0.1538,0.117
225,pickup,2024,5,621,Brooklyn,Stuyvesant Heights,false,0.117,0.1538,0.117
225,pickup,2024,6,633,Brooklyn,Stuyvesant Heights,false,0.117,0.1538,0.117
226,dropoff,2023,2,5346,Queens,Sunnyside,false,0.4431,0.4001,0.4431
226,dropoff,2023,3,6180,Queens,Sunnyside,false,0.4431,0.4001,0.4431
226,dropoff,2023,4,5764,Queens,Sunnyside,false,0.4431,0.4001,0.4431
226,dropoff,2023,5,5759,Queens,Sunnyside,false,0.4431,0.4001,0.4431
226,dropoff,2023,6,5274,Queens,Sunnyside,false,0.4431,0.4001,0.4431
226,dropoff,2024,2,4234,Queens,Sunnyside,false,0.4431,0.4001,0.4431
226,dropoff,2024,3,5296,Queens,Sunnyside,false,0.4431,0.4001,0.4431
226,dropoff,2024,4,4831,Queens,Sunnyside,false,0.4431,0.4001,0.4431
226,dropoff,2024,5,4910,Queens,Sunnyside,false,0.4431,0.4001,0.4431
226,dropoff,2024,6,4591,Queens,Sunnyside,false,0.4431,0.4001,0.4431
226,pickup,2023,2,2090,Queens,Sunnyside,false,0.2185,0.1822,0.2185
226,pickup,2023,3,2316,Queens,Sunnyside,false,0.2185,0.1822,0.2185
226,pickup,2023,4,2147,Queens,Sunnyside,false,0.2185,0.1822,0.2185
226,pickup,2023,5,2263,Queens,Sunnyside,false,0.2185,0.1822,0.2185
226,pickup,2023,6,2056,Queens,Sunnyside,false,0.2185,0.1822,0.2185
226,pickup,2024,2,1796,Queens,Sunnyside,false,0.2185,0.1822,0.2185
226,pickup,2024,3,2267,Queens,Sunnyside,false,0.2185,0.1822,0.2185
226,pickup,2024,4,2115,Queens,Sunnyside,false,0.2185,0.1822,0.2185
226,pickup,2024,5,2230,Queens,Sunnyside,false,0.2185,0.1822,0.2185
226,pickup,2024,6,1964,Queens,Sunnyside,false,0.2185,0.1822,0.2185
227,dropoff,2023,2,442,Brooklyn,Sunset Park East,false,0.3873,0.3297,0.3873
227,dropoff,2023,3,593,Brooklyn,Sunset Park East,false,0.3873,0.3297,0.3873
227,dropoff,2023,4,553,Brooklyn,Sunset Park East,false,0.3873,0.3297,0.3873
227,dropoff,2023,5,616,Brooklyn,Sunset Park East,false,0.3873,0.3297,0.3873
227,dropoff,2023,6,621,Brooklyn,Sunset Park East,false,0.3873,0.3297,0.3873
227,dropoff,2024,2,426,Brooklyn,Sunset Park East,false,0.3873,0.3297,0.3873
227,dropoff,2024,3,529,Brooklyn,Sunset Park East,false,0.3873,0.3297,0.3873
227,dropoff,2024,4,513,Brooklyn,Sunset Park East,false,0.3873,0.3297,0.3873
227,dropoff,2024,5,619,Brooklyn,Sunset Park East,false,0.3873,0.3297,0.3873
227,dropoff,2024,6,497,Brooklyn,Sunset Park East,false,0.3873,0.3297,0.3873
227,pickup,2023,2,46,Brooklyn,Sunset Park East,false,0.0969,0.1473,0.0969
227,pickup,2023,3,67,Brooklyn,Sunset Park East,false,0.0969,0.1473,0.0969
227,pickup,2023,4,35,Brooklyn,Sunset Park East,false,0.0969,0.1473,0.0969
227,pickup,2023,5,45,Brooklyn,Sunset Park East,false,0.0969,0.1473,0.0969
227,pickup,2023,6,34,Brooklyn,Sunset Park East,false,0.0969,0.1473,0.0969
227,pickup,2024,2,76,Brooklyn,Sunset Park East,false,0.0969,0.1473,0.0969
227,pickup,2024,3,127,Brooklyn,Sunset Park East,false,0.0969,0.1473,0.0969
227,pickup,2024,4,107,Brooklyn,Sunset Park East,false,0.0969,0.1473,0.0969
227,pickup,2024,5,104,Brooklyn,Sunset Park East,false,0.0969,0.1473,0.0969
227,pickup,2024,6,95,Brooklyn,Sunset Park East,false,0.0969,0.1473,0.0969
228,dropoff,2023,2,1273,Brooklyn,Sunset Park West,false,0.483,0.4171,0.483
228,dropoff,2023,3,1672,Brooklyn,Sunset Park West,false,0.483,0.4171,0.483
228,dropoff,2023,4,1591,Brooklyn,Sunset Park West,false,0.483,0.4171,0.483
228,dropoff,2023,5,1675,Brooklyn,Sunset Park West,false,0.483,0.4171,0.483
228,dropoff,2023,6,1665,Brooklyn,Sunset Park West,false,0.483,0.4171,0.483
228,dropoff,2024,2,1206,Brooklyn,Sunset Park West,false,0.483,0.4171,0.483
228,dropoff,2024,3,1323,Brooklyn,Sunset Park West,false,0.483,0.4171,0.483
228,dropoff,2024,4,1381,Brooklyn,Sunset Park West,false,0.483,0.4171,0.483
228,dropoff,2024,5,1422,Brooklyn,Sunset Park West,false,0.483,0.4171,0.483
228,dropoff,2024,6,1503,Brooklyn,Sunset Park West,false,0.483,0.4171,0.483
228,pickup,2023,2,126,Brooklyn,Sunset Park West,false,0.162,0.1208,0.162
228,pickup,2023,3,163,Brooklyn,Sunset Park West,false,0.162,0.1208,0.162
228,pickup,2023,4,132,Brooklyn,Sunset Park West,false,0.162,0.1208,0.162
228,pickup,2023,5,153,Brooklyn,Sunset Park West,false,0.162,0.1208,0.162
228,pickup,2023,6,105,Brooklyn,Sunset Park West,false,0.162,0.1208,0.162
228,pickup,2024,2,165,Brooklyn,Sunset Park West,false,0.162,0.1208,0.162
228,pickup,2024,3,241,Brooklyn,Sunset Park West,false,0.162,0.1208,0.162
228,pickup,2024,4,235,Brooklyn,Sunset Park West,false,0.162,0.1208,0.162
228,pickup,2024,5,225,Brooklyn,Sunset Park West,false,0.162,0.1208,0.162
228,pickup,2024,6,218,Brooklyn,Sunset Park West,false,0.162,0.1208,0.162
229,dropoff,2023,2,61681,Manhattan,Sutton Place/Turtle Bay North,true,1.0,1.0,1.0
229,dropoff,2023,3,72465,Manhattan,Sutton Place/Turtle Bay North,true,1.0,1.0,1.0
229,dropoff,2023,4,67512,Manhattan,Sutton Place/Turtle Bay North,true,1.0,1.0,1.0
229,dropoff,2023,5,71907,Manhattan,Sutton Place/Turtle Bay North,true,1.0,1.0,1.0
229,dropoff,2023,6,66931,Manhattan,Sutton Place/Turtle Bay North,true,1.0,1.0,1.0
229,dropoff,2024,2,60648,Manhattan,Sutton Place/Turtle Bay North,true,1.0,1.0,1.0
229,dropoff,2024,3,67170,Manhattan,Sutton Place/Turtle Bay North,true,1.0,1.0,1.0
229,dropoff,2024,4,65889,Manhattan,Sutton Place/Turtle Bay North,true,1.0,1.0,1.0
229,dropoff,2024,5,69163,Manhattan,Sutton Place/Turtle Bay North,true,1.0,1.0,1.0
229,dropoff,2024,6,64829,Manhattan,Sutton Place/Turtle Bay North,true,1.0,1.0,1.0
229,pickup,2023,2,55846,Manhattan,Sutton Place/Turtle Bay North,true,1.0,1.0,1.0
229,pickup,2023,3,65545,Manhattan,Sutton Place/Turtle Bay North,true,1.0,1.0,1.0
229,pickup,2023,4,60575,Manhattan,Sutton Place/Turtle Bay North,true,1.0,1.0,1.0
229,pickup,2023,5,63495,Manhattan,Sutton Place/Turtle Bay North,true,1.0,1.0,1.0
229,pickup,2023,6,60371,Manhattan,Sutton Place/Turtle Bay North,true,1.0,1.0,1.0
229,pickup,2024,2,52012,Manhattan,Sutton Place/Turtle Bay North,true,1.0,1.0,1.0
229,pickup,2024,3,58317,Manhattan,Sutton Place/Turtle Bay North,true,1.0,1.0,1.0
229,pickup,2024,4,56333,Manhattan,Sutton Place/Turtle Bay North,true,1.0,1.0,1.0
229,pickup,2024,5,59426,Manhattan,Sutton Place/Turtle Bay North,true,1.0,1.0,1.0
229,pickup,2024,6,56487,Manhattan,Sutton Place/Turtle Bay North,true,1.0,1.0,1.0
230,dropoff,2023,2,81954,Manhattan,Times Sq/Theatre District,true,1.0,1.0,1.0
230,dropoff,2023,3,102194,Manhattan,Times Sq/Theatre District,true,1.0,1.0,1.0
230,dropoff,2023,4,98570,Manhattan,Times Sq/Theatre District,true,1.0,1.0,1.0
230,dropoff,2023,5,101295,Manhattan,Times Sq/Theatre District,true,1.0,1.0,1.0
230,dropoff,2023,6,97721,Manhattan,Times Sq/Theatre District,true,1.0,1.0,1.0
230,dropoff,2024,2,82881,Manhattan,Times Sq/Theatre District,true,1.0,1.0,1.0
230,dropoff,2024,3,98753,Manhattan,Times Sq/Theatre District,true,1.0,1.0,1.0
230,dropoff,2024,4,98308,Manhattan,Times Sq/Theatre District,true,1.0,1.0,1.0
230,dropoff,2024,5,106009,Manhattan,Times Sq/Theatre District,true,1.0,1.0,1.0
230,dropoff,2024,6,102440,Manhattan,Times Sq/Theatre District,true,1.0,1.0,1.0
230,pickup,2023,2,95116,Manhattan,Times Sq/Theatre District,true,1.0,1.0,1.0
230,pickup,2023,3,114564,Manhattan,Times Sq/Theatre District,true,1.0,1.0,1.0
230,pickup,2023,4,106329,Manhattan,Times Sq/Theatre District,true,1.0,1.0,1.0
230,pickup,2023,5,108719,Manhattan,Times Sq/Theatre District,true,1.0,1.0,1.0
230,pickup,2023,6,104788,Manhattan,Times Sq/Theatre District,true,1.0,1.0,1.0
230,pickup,2024,2,96152,Manhattan,Times Sq/Theatre District,true,1.0,1.0,1.0
230,pickup,2024,3,111435,Manhattan,Times Sq/Theatre District,true,1.0,1.0,1.0
230,pickup,2024,4,106614,Manhattan,Times Sq/Theatre District,true,1.0,1.0,1.0
230,pickup,2024,5,112504,Manhattan,Times Sq/Theatre District,true,1.0,1.0,1.0
230,pickup,2024,6,107151,Manhattan,Times Sq/Theatre District,true,1.0,1.0,1.0
231,dropoff,2023,2,42714,Manhattan,TriBeCa/Civic Center,true,1.0,1.0,1.0
231,dropoff,2023,3,49253,Manhattan,TriBeCa/Civic Center,true,1.0,1.0,1.0
231,dropoff,2023,4,47750,Manhattan,TriBeCa/Civic Center,true,1.0,1.0,1.0
231,dropoff,2023,5,52121,Manhattan,TriBeCa/Civic Center,true,1.0,1.0,1.0
231,dropoff,2023,6,48091,Manhattan,TriBeCa/Civic Center,true,1.0,1.0,1.0
231,dropoff,2024,2,44150,Manhattan,TriBeCa/Civic Center,true,1.0,1.0,1.0
231,dropoff,2024,3,47873,Manhattan,TriBeCa/Civic Center,true,1.0,1.0,1.0
231,dropoff,2024,4,48146,Manhattan,TriBeCa/Civic Center,true,1.0,1.0,1.0
231,dropoff,2024,5,51566,Manhattan,TriBeCa/Civic Center,true,1.0,1.0,1.0
231,dropoff,2024,6,48629,Manhattan,TriBeCa/Civic Center,true,1.0,1.0,1.0
231,pickup,2023,2,37281,Manhattan,TriBeCa/Civic Center,true,1.0,1.0,1.0
231,pickup,2023,3,43818,Manhattan,TriBeCa/Civic Center,true,1.0,1.0,1.0
231,pickup,2023,4,42469,Manhattan,TriBeCa/Civic Center,true,1.0,1.0,1.0
231,pickup,2023,5,46528,Manhattan,TriBeCa/Civic Center,true,1.0,1.0,1.0
231,pickup,2023,6,43488,Manhattan,TriBeCa/Civic Center,true,1.0,1.0,1.0
231,pickup,2024,2,36394,Manhattan,TriBeCa/Civic Center,true,1.0,1.0,1.0
231,pickup,2024,3,40093,Manhattan,TriBeCa/Civic Center,true,1.0,1.0,1.0
231,pickup,2024,4,41274,Manhattan,TriBeCa/Civic Center,true,1.0,1.0,1.0
231,pickup,2024,5,44238,Manhattan,TriBeCa/Civic Center,true,1.0,1.0,1.0
231,pickup,2024,6,41990,Manhattan,TriBeCa/Civic Center,true,1.0,1.0,1.0
232,dropoff,2023,2,13260,Manhattan,Two Bridges/Seward Park,true,1.0,1.0,1.0
232,dropoff,2023,3,14695,Manhattan,Two Bridges/Seward Park,true,1.0,1.0,1.0
232,dropoff,2023,4,14425,Manhattan,Two Bridges/Seward Park,true,1.0,1.0,1.0
232,dropoff,2023,5,15089,Manhattan,Two Bridges/Seward Park,true,1.0,1.0,1.0
232,dropoff,2023,6,14607,Manhattan,Two Bridges/Seward Park,true,1.0,1.0,1.0
232,dropoff,2024,2,13056,Manhattan,Two Bridges/Seward Park,true,1.0,1.0,1.0
232,dropoff,2024,3,13598,Manhattan,Two Bridges/Seward Park,true,1.0,1.0,1.0
232,dropoff,2024,4,13423,Manhattan,Two Bridges/Seward Park,true,1.0,1.0,1.0
232,dropoff,2024,5,13448,Manhattan,Two Bridges/Seward Park,true,1.0,1.0,1.0
232,dropoff,2024,6,13114,Manhattan,Two Bridges/Seward Park,true,1.0,1.0,1.0
232,pickup,2023,2,2952,Manhattan,Two Bridges/Seward Park,true,1.0,1.0,1.0
232,pickup,2023,3,3086,Manhattan,Two Bridges/Seward Park,true,1.0,1.0,1.0
232,pickup,2023,4,3140,Manhattan,Two Bridges/Seward Park,true,1.0,1.0,1.0
232,pickup,2023,5,3172,Manhattan,Two Bridges/Seward Park,true,1.0,1.0,1.0
232,pickup,2023,6,3145,Manhattan,Two Bridges/Seward Park,true,1.0,1.0,1.0
232,pickup,2024,2,2981,Manhattan,Two Bridges/Seward Park,true,1.0,1.0,1.0
232,pickup,2024,3,3143,Manhattan,Two Bridges/Seward Park,true,1.0,1.0,1.0
232,pickup,2024,4,3350,Manhattan,Two Bridges/Seward Park,true,1.0,1.0,1.0
232,pickup,2024,5,3189,Manhattan,Two Bridges/Seward Park,true,1.0,1.0,1.0
232,pickup,2024,6,3164,Manhattan,Two Bridges/Seward Park,true,1.0,1.0,1.0
233,dropoff,2023,2,43935,Manhattan,UN/Turtle Bay South,true,1.0,1.0,1.0
233,dropoff,2023,3,55276,Manhattan,UN/Turtle Bay South,true,1.0,1.0,1.0
233,dropoff,2023,4,47710,Manhattan,UN/Turtle Bay South,true,1.0,1.0,1.0
233,dropoff,2023,5,51490,Manhattan,UN/Turtle Bay South,true,1.0,1.0,1.0
233,dropoff,2023,6,51220,Manhattan,UN/Turtle Bay South,true,1.0,1.0,1.0
233,dropoff,2024,2,42401,Manhattan,UN/Turtle Bay South,true,1.0,1.0,1.0
233,dropoff,2024,3,50333,Manhattan,UN/Turtle Bay South,true,1.0,1.0,1.0
233,dropoff,2024,4,46509,Manhattan,UN/Turtle Bay South,true,1.0,1.0,1.0
233,dropoff,2024,5,49419,Manhattan,UN/Turtle Bay South,true,1.0,1.0,1.0
233,dropoff,2024,6,47818,Manhattan,UN/Turtle Bay South,true,1.0,1.0,1.0
233,pickup,2023,2,34769,Manhattan,UN/Turtle Bay South,true,1.0,1.0,1.0
233,pickup,2023,3,44987,Manhattan,UN/Turtle Bay South,true,1.0,1.0,1.0
233,pickup,2023,4,38701,Manhattan,UN/Turtle Bay South,true,1.0,1.0,1.0
233,pickup,2023,5,42254,Manhattan,UN/Turtle Bay South,true,1.0,1.0,1.0
233,pickup,2023,6,41487,Manhattan,UN/Turtle Bay South,true,1.0,1.0,1.0
233,pickup,2024,2,31934,Manhattan,UN/Turtle Bay South,true,1.0,1.0,1.0
233,pickup,2024,3,39269,Manhattan,UN/Turtle Bay South,true,1.0,1.0,1.0
233,pickup,2024,4,36535,Manhattan,UN/Turtle Bay South,true,1.0,1.0,1.0
233,pickup,2024,5,38796,Manhattan,UN/Turtle Bay South,true,1.0,1.0,1.0
233,pickup,2024,6,37992,Manhattan,UN/Turtle Bay South,true,1.0,1.0,1.0
234,dropoff,2023,2,68515,Manhattan,Union Sq,true,1.0,1.0,1.0
234,dropoff,2023,3,78778,Manhattan,Union Sq,true,1.0,1.0,1.0
234,dropoff,2023,4,74882,Manhattan,Union Sq,true,1.0,1.0,1.0
234,dropoff,2023,5,79162,Manhattan,Union Sq,true,1.0,1.0,1.0
234,dropoff,2023,6,73106,Manhattan,Union Sq,true,1.0,1.0,1.0
234,dropoff,2024,2,68898,Manhattan,Union Sq,true,1.0,1.0,1.0
234,dropoff,2024,3,74555,Manhattan,Union Sq,true,1.0,1.0,1.0
234,dropoff,2024,4,72565,Manhattan,Union Sq,true,1.0,1.0,1.0
234,dropoff,2024,5,76530,Manhattan,Union Sq,true,1.0,1.0,1.0
234,dropoff,2024,6,73888,Manhattan,Union Sq,true,1.0,1.0,1.0
234,pickup,2023,2,79059,Manhattan,Union Sq,true,1.0,1.0,1.0
234,pickup,2023,3,91451,Manhattan,Union Sq,true,1.0,1.0,1.0
234,pickup,2023,4,86015,Manhattan,Union Sq,true,1.0,1.0,1.0
234,pickup,2023,5,91455,Manhattan,Union Sq,true,1.0,1.0,1.0
234,pickup,2023,6,84681,Manhattan,Union Sq,true,1.0,1.0,1.0
234,pickup,2024,2,78657,Manhattan,Union Sq,true,1.0,1.0,1.0
234,pickup,2024,3,84479,Manhattan,Union Sq,true,1.0,1.0,1.0
234,pickup,2024,4,81743,Manhattan,Union Sq,true,1.0,1.0,1.0
234,pickup,2024,5,86318,Manhattan,Union Sq,true,1.0,1.0,1.0
234,pickup,2024,6,83308,Manhattan,Union Sq,true,1.0,1.0,1.0
235,dropoff,2023,2,461,Bronx,University Heights/Morris Heights,false,0.2191,0.2216,0.2191
235,dropoff,2023,3,560,Bronx,University Heights/Morris Heights,false,0.2191,0.2216,0.2191
235,dropoff,2023,4,504,Bronx,University Heights/Morris Heights,false,0.2191,0.2216,0.2191
235,dropoff,2023,5,548,Bronx,University Heights/Morris Heights,false,0.2191,0.2216,0.2191
235,dropoff,2023,6,487,Bronx,University Heights/Morris Heights,false,0.2191,0.2216,0.2191
235,dropoff,2024,2,381,Bronx,University Heights/Morris Heights,false,0.2191,0.2216,0.2191
235,dropoff,2024,3,453,Bronx,University Heights/Morris Heights,false,0.2191,0.2216,0.2191
235,dropoff,2024,4,457,Bronx,University Heights/Morris Heights,false,0.2191,0.2216,0.2191
235,dropoff,2024,5,464,Bronx,University Heights/Morris Heights,false,0.2191,0.2216,0.2191
235,dropoff,2024,6,456,Bronx,University Heights/Morris Heights,false,0.2191,0.2216,0.2191
235,pickup,2023,2,151,Bronx,University Heights/Morris Heights,false,0.0698,0.2496,0.0698
235,pickup,2023,3,181,Bronx,University Heights/Morris Heights,false,0.0698,0.2496,0.0698
235,pickup,2023,4,179,Bronx,University Heights/Morris Heights,false,0.0698,0.2496,0.0698
235,pickup,2023,5,188,Bronx,University Heights/Morris Heights,false,0.0698,0.2496,0.0698
235,pickup,2023,6,175,Bronx,University Heights/Morris Heights,false,0.0698,0.2496,0.0698
235,pickup,2024,2,194,Bronx,University Heights/Morris Heights,false,0.0698,0.2496,0.0698
235,pickup,2024,3,276,Bronx,University Heights/Morris Heights,false,0.0698,0.2496,0.0698
235,pickup,2024,4,277,Bronx,University Heights/Morris Heights,false,0.0698,0.2496,0.0698
235,pickup,2024,5,277,Bronx,University Heights/Morris Heights,false,0.0698,0.2496,0.0698
235,pickup,2024,6,214,Bronx,University Heights/Morris Heights,false,0.0698,0.2496,0.0698
236,dropoff,2023,2,128870,Manhattan,Upper East Side North,false,0.3511,0.3416,0.3511
236,dropoff,2023,3,143644,Manhattan,Upper East Side North,false,0.3511,0.3416,0.3511
236,dropoff,2023,4,141718,Manhattan,Upper East Side North,false,0.3511,0.3416,0.3511
236,dropoff,2023,5,155962,Manhattan,Upper East Side North,false,0.3511,0.3416,0.3511
236,dropoff,2023,6,138954,Manhattan,Upper East Side North,false,0.3511,0.3416,0.3511
236,dropoff,2024,2,133668,Manhattan,Upper East Side North,false,0.3511,0.3416,0.3511
236,dropoff,2024,3,138217,Manhattan,Upper East Side North,false,0.3511,0.3416,0.3511
236,dropoff,2024,4,144903,Manhattan,Upper East Side North,false,0.3511,0.3416,0.3511
236,dropoff,2024,5,158395,Manhattan,Upper East Side North,false,0.3511,0.3416,0.3511
236,dropoff,2024,6,136566,Manhattan,Upper East Side North,false,0.3511,0.3416,0.3511
236,pickup,2023,2,122342,Manhattan,Upper East Side North,false,0.3041,0.2931,0.3041
236,pickup,2023,3,135205,Manhattan,Upper East Side North,false,0.3041,0.2931,0.3041
236,pickup,2023,4,134036,Manhattan,Upper East Side North,false,0.3041,0.2931,0.3041
236,pickup,2023,5,147755,Manhattan,Upper East Side North,false,0.3041,0.2931,0.3041
236,pickup,2023,6,131880,Manhattan,Upper East Side North,false,0.3041,0.2931,0.3041
236,pickup,2024,2,126426,Manhattan,Upper East Side North,false,0.3041,0.2931,0.3041
236,pickup,2024,3,132489,Manhattan,Upper East Side North,false,0.3041,0.2931,0.3041
236,pickup,2024,4,136663,Manhattan,Upper East Side North,false,0.3041,0.2931,0.3041
236,pickup,2024,5,151925,Manhattan,Upper East Side North,false,0.3041,0.2931,0.3041
236,pickup,2024,6,129243,Manhattan,Upper East Side North,false,0.3041,0.2931,0.3041
237,dropoff,2023,2,117575,Manhattan,Upper East Side South,false,0.4362,0.4321,0.4362
237,dropoff,2023,3,134593,Manhattan,Upper East Side South,false,0.4362,0.4321,0.4362
237,dropoff,2023,4,133608,Manhattan,Upper East Side South,false,0.4362,0.4321,0.4362
237,dropoff,2023,5,151554,Manhattan,Upper East Side South,false,0.4362,0.4321,0.4362
237,dropoff,2023,6,133942,Manhattan,Upper East Side South,false,0.4362,0.4321,0.4362
237,dropoff,2024,2,122758,Manhattan,Upper East Side South,false,0.4362,0.4321,0.4362
237,dropoff,2024,3,129410,Manhattan,Upper East Side South,false,0.4362,0.4321,0.4362
237,dropoff,2024,4,137955,Manhattan,Upper East Side South,false,0.4362,0.4321,0.4362
237,dropoff,2024,5,152158,Manhattan,Upper East Side South,false,0.4362,0.4321,0.4362
237,dropoff,2024,6,131671,Manhattan,Upper East Side South,false,0.4362,0.4321,0.4362
237,pickup,2023,2,131823,Manhattan,Upper East Side South,false,0.4028,0.3948,0.4028
237,pickup,2023,3,150329,Manhattan,Upper East Side South,false,0.4028,0.3948,0.4028
237,pickup,2023,4,150060,Manhattan,Upper East Side South,false,0.4028,0.3948,0.4028
237,pickup,2023,5,169627,Manhattan,Upper East Side South,false,0.4028,0.3948,0.4028
237,pickup,2023,6,151705,Manhattan,Upper East Side South,false,0.4028,0.3948,0.4028
237,pickup,2024,2,135021,Manhattan,Upper East Side South,false,0.4028,0.3948,0.4028
237,pickup,2024,3,145078,Manhattan,Upper East Side South,false,0.4028,0.3948,0.4028
237,pickup,2024,4,153035,Manhattan,Upper East Side South,false,0.4028,0.3948,0.4028
237,pickup,2024,5,170982,Manhattan,Upper East Side South,false,0.4028,0.3948,0.4028
237,pickup,2024,6,148094,Manhattan,Upper East Side South,false,0.4028,0.3948,0.4028
238,dropoff,2023,2,65863,Manhattan,Upper West Side North,false,0.3042,0.2926,0.3042
238,dropoff,2023,3,75469,Manhattan,Upper West Side North,false,0.3042,0.2926,0.3042
238,dropoff,2023,4,70930,Manhattan,Upper West Side North,false,0.3042,0.2926,0.3042
238,dropoff,2023,5,75834,Manhattan,Upper West Side North,false,0.3042,0.2926,0.3042
238,dropoff,2023,6,69508,Manhattan,Upper West Side North,false,0.3042,0.2926,0.3042
238,dropoff,2024,2,66032,Manhattan,Upper West Side North,false,0.3042,0.2926,0.3042
238,dropoff,2024,3,70522,Manhattan,Upper West Side North,false,0.3042,0.2926,0.3042
238,dropoff,2024,4,71606,Manhattan,Upper West Side North,false,0.3042,0.2926,0.3042
238,dropoff,2024,5,74778,Manhattan,Upper West Side North,false,0.3042,0.2926,0.3042
238,dropoff,2024,6,66466,Manhattan,Upper West Side North,false,0.3042,0.2926,0.3042
238,pickup,2023,2,56094,Manhattan,Upper West Side North,false,0.2252,0.2207,0.2252
238,pickup,2023,3,63427,Manhattan,Upper West Side North,false,0.2252,0.2207,0.2252
238,pickup,2023,4,61198,Manhattan,Upper West Side North,false,0.2252,0.2207,0.2252
238,pickup,2023,5,65445,Manhattan,Upper West Side North,false,0.2252,0.2207,0.2252
238,pickup,2023,6,58065,Manhattan,Upper West Side North,false,0.2252,0.2207,0.2252
238,pickup,2024,2,56325,Manhattan,Upper West Side North,false,0.2252,0.2207,0.2252
238,pickup,2024,3,58439,Manhattan,Upper West Side North,false,0.2252,0.2207,0.2252
238,pickup,2024,4,61860,Manhattan,Upper West Side North,false,0.2252,0.2207,0.2252
238,pickup,2024,5,64532,Manhattan,Upper West Side North,false,0.2252,0.2207,0.2252
238,pickup,2024,6,57870,Manhattan,Upper West Side North,false,0.2252,0.2207,0.2252
239,dropoff,2023,2,79193,Manhattan,Upper West Side South,false,0.3699,0.3631,0.3699
239,dropoff,2023,3,91534,Manhattan,Upper West Side South,false,0.3699,0.3631,0.3699
239,dropoff,2023,4,89589,Manhattan,Upper West Side South,false,0.3699,0.3631,0.3699
239,dropoff,2023,5,94884,Manhattan,Upper West Side South,false,0.3699,0.3631,0.3699
239,dropoff,2023,6,88612,Manhattan,Upper West Side South,false,0.3699,0.3631,0.3699
239,dropoff,2024,2,82553,Manhattan,Upper West Side South,false,0.3699,0.3631,0.3699
239,dropoff,2024,3,91101,Manhattan,Upper West Side South,false,0.3699,0.3631,0.3699
239,dropoff,2024,4,89116,Manhattan,Upper West Side South,false,0.3699,0.3631,0.3699
239,dropoff,2024,5,92816,Manhattan,Upper West Side South,false,0.3699,0.3631,0.3699
239,dropoff,2024,6,84746,Manhattan,Upper West Side South,false,0.3699,0.3631,0.3699
239,pickup,2023,2,77873,Manhattan,Upper West Side South,false,0.3162,0.316,0.3162
239,pickup,2023,3,90279,Manhattan,Upper West Side South,false,0.3162,0.316,0.3162
239,pickup,2023,4,89065,Manhattan,Upper West Side South,false,0.3162,0.316,0.3162
239,pickup,2023,5,94656,Manhattan,Upper West Side South,false,0.3162,0.316,0.3162
239,pickup,2023,6,87060,Manhattan,Upper West Side South,false,0.3162,0.316,0.3162
239,pickup,2024,2,84150,Manhattan,Upper West Side South,false,0.3162,0.316,0.3162
239,pickup,2024,3,89549,Manhattan,Upper West Side South,false,0.3162,0.316,0.3162
239,pickup,2024,4,87559,Manhattan,Upper West Side South,false,0.3162,0.316,0.3162
239,pickup,2024,5,90135,Manhattan,Upper West Side South,false,0.3162,0.316,0.3162
239,pickup,2024,6,84734,Manhattan,Upper West Side South,false,0.3162,0.316,0.3162
240,dropoff,2023,2,96,Bronx,Van Cortlandt Park,false,0.243,0.2615,0.243
240,dropoff,2023,3,117,Bronx,Van Cortlandt Park,false,0.243,0.2615,0.243
240,dropoff,2023,4,106,Bronx,Van Cortlandt Park,false,0.243,0.2615,0.243
240,dropoff,2023,5,123,Bronx,Van Cortlandt Park,false,0.243,0.2615,0.243
240,dropoff,2023,6,93,Bronx,Van Cortlandt Park,false,0.243,0.2615,0.243
240,dropoff,2024,2,86,Bronx,Van Cortlandt Park,false,0.243,0.2615,0.243
240,dropoff,2024,3,95,Bronx,Van Cortlandt Park,false,0.243,0.2615,0.243
240,dropoff,2024,4,85,Bronx,Van Cortlandt Park,false,0.243,0.2615,0.243
240,dropoff,2024,5,98,Bronx,Van Cortlandt Park,false,0.243,0.2615,0.243
240,dropoff,2024,6,91,Bronx,Van Cortlandt Park,false,0.243,0.2615,0.243
240,pickup,2023,2,8,Bronx,Van Cortlandt Park,false,0.1364,0.0308,0.1364
240,pickup,2023,3,10,Bronx,Van Cortlandt Park,false,0.1364,0.0308,0.1364
240,pickup,2023,4,8,Bronx,Van Cortlandt Park,false,0.1364,0.0308,0.1364
240,pickup,2023,5,8,Bronx,Van Cortlandt Park,false,0.1364,0.0308,0.1364
240,pickup,2023,6,10,Bronx,Van Cortlandt Park,false,0.1364,0.0308,0.1364
240,pickup,2024,2,15,Bronx,Van Cortlandt Park,false,0.1364,0.0308,0.1364
240,pickup,2024,3,12,Bronx,Van Cortlandt Park,false,0.1364,0.0308,0.1364
240,pickup,2024,4,13,Bronx,Van Cortlandt Park,false,0.1364,0.0308,0.1364
240,pickup,2024,5,14,Bronx,Van Cortlandt Park,false,0.1364,0.0308,0.1364
240,pickup,2024,6,11,Bronx,Van Cortlandt Park,false,0.1364,0.0308,0.1364
241,dropoff,2023,2,414,Bronx,Van Cortlandt Village,false,0.2486,0.2278,0.2486
241,dropoff,2023,3,467,Bronx,Van Cortlandt Village,false,0.2486,0.2278,0.2486
241,dropoff,2023,4,489,Bronx,Van Cortlandt Village,false,0.2486,0.2278,0.2486
241,dropoff,2023,5,518,Bronx,Van Cortlandt Village,false,0.2486,0.2278,0.2486
241,dropoff,2023,6,461,Bronx,Van Cortlandt Village,false,0.2486,0.2278,0.2486
241,dropoff,2024,2,411,Bronx,Van Cortlandt Village,false,0.2486,0.2278,0.2486
241,dropoff,2024,3,453,Bronx,Van Cortlandt Village,false,0.2486,0.2278,0.2486
241,dropoff,2024,4,498,Bronx,Van Cortlandt Village,false,0.2486,0.2278,0.2486
241,dropoff,2024,5,501,Bronx,Van Cortlandt Village,false,0.2486,0.2278,0.2486
241,dropoff,2024,6,459,Bronx,Van Cortlandt Village,false,0.2486,0.2278,0.2486
241,pickup,2023,2,81,Bronx,Van Cortlandt Village,false,0.1556,0.2527,0.1556
241,pickup,2023,3,129,Bronx,Van Cortlandt Village,false,0.1556,0.2527,0.1556
241,pickup,2023,4,106,Bronx,Van Cortlandt Village,false,0.1556,0.2527,0.1556
241,pickup,2023,5,126,Bronx,Van Cortlandt Village,false,0.1556,0.2527,0.1556
241,pickup,2023,6,117,Bronx,Van Cortlandt Village,false,0.1556,0.2527,0.1556
241,pickup,2024,2,156,Bronx,Van Cortlandt Village,false,0.1556,0.2527,0.1556
241,pickup,2024,3,168,Bronx,Van Cortlandt Village,false,0.1556,0.2527,0.1556
241,pickup,2024,4,185,Bronx,Van Cortlandt Village,false,0.1556,0.2527,0.1556
241,pickup,2024,5,176,Bronx,Van Cortlandt Village,false,0.1556,0.2527,0.1556
241,pickup,2024,6,150,Bronx,Van Cortlandt Village,false,0.1556,0.2527,0.1556
242,dropoff,2023,2,437,Bronx,Van Nest/Morris Park,false,0.14,0.1641,0.14
242,dropoff,2023,3,577,Bronx,Van Nest/Morris Park,false,0.14,0.1641,0.14
242,dropoff,2023,4,474,Bronx,Van Nest/Morris Park,false,0.14,0.1641,0.14
242,dropoff,2023,5,521,Bronx,Van Nest/Morris Park,false,0.14,0.1641,0.14
242,dropoff,2023,6,470,Bronx,Van Nest/Morris Park,false,0.14,0.1641,0.14
242,dropoff,2024,2,455,Bronx,Van Nest/Morris Park,false,0.14,0.1641,0.14
242,dropoff,2024,3,494,Bronx,Van Nest/Morris Park,false,0.14,0.1641,0.14
242,dropoff,2024,4,486,Bronx,Van Nest/Morris Park,false,0.14,0.1641,0.14
242,dropoff,2024,5,517,Bronx,Van Nest/Morris Park,false,0.14,0.1641,0.14
242,dropoff,2024,6,388,Bronx,Van Nest/Morris Park,false,0.14,0.1641,0.14
242,pickup,2023,2,142,Bronx,Van Nest/Morris Park,false,0.0411,0.1023,0.0411
242,pickup,2023,3,250,Bronx,Van Nest/Morris Park,false,0.0411,0.1023,0.0411
242,pickup,2023,4,170,Bronx,Van Nest/Morris Park,false,0.0411,0.1023,0.0411
242,pickup,2023,5,217,Bronx,Van Nest/Morris Park,false,0.0411,0.1023,0.0411
242,pickup,2023,6,171,Bronx,Van Nest/Morris Park,false,0.0411,0.1023,0.0411
242,pickup,2024,2,175,Bronx,Van Nest/Morris Park,false,0.0411,0.1023,0.0411
242,pickup,2024,3,187,Bronx,Van Nest/Morris Park,false,0.0411,0.1023,0.0411
242,pickup,2024,4,149,Bronx,Van Nest/Morris Park,false,0.0411,0.1023,0.0411
242,pickup,2024,5,169,Bronx,Van Nest/Morris Park,false,0.0411,0.1023,0.0411
242,pickup,2024,6,131,Bronx,Van Nest/Morris Park,false,0.0411,0.1023,0.0411
243,dropoff,2023,2,4941,Manhattan,Washington Heights North,false,0.4255,0.402,0.4255
243,dropoff,2023,3,5793,Manhattan,Washington Heights North,false,0.4255,0.402,0.4255
243,dropoff,2023,4,5633,Manhattan,Washington Heights North,false,0.4255,0.402,0.4255
243,dropoff,2023,5,6006,Manhattan,Washington Heights North,false,0.4255,0.402,0.4255
243,dropoff,2023,6,5333,Manhattan,Washington Heights North,false,0.4255,0.402,0.4255
243,dropoff,2024,2,4264,Manhattan,Washington Heights North,false,0.4255,0.402,0.4255
243,dropoff,2024,3,4958,Manhattan,Washington Heights North,false,0.4255,0.402,0.4255
243,dropoff,2024,4,4731,Manhattan,Washington Heights North,false,0.4255,0.402,0.4255
243,dropoff,2024,5,4920,Manhattan,Washington Heights North,false,0.4255,0.402,0.4255
243,dropoff,2024,6,4700,Manhattan,Washington Heights North,false,0.4255,0.402,0.4255
243,pickup,2023,2,308,Manhattan,Washington Heights North,false,0.1475,0.1428,0.1475
243,pickup,2023,3,407,Manhattan,Washington Heights North,false,0.1475,0.1428,0.1475
243,pickup,2023,4,385,Manhattan,Washington Heights North,false,0.1475,0.1428,0.1475
243,pickup,2023,5,388,Manhattan,Washington Heights North,false,0.1475,0.1428,0.1475
243,pickup,2023,6,309,Manhattan,Washington Heights North,false,0.1475,0.1428,0.1475
243,pickup,2024,2,359,Manhattan,Washington Heights North,false,0.1475,0.1428,0.1475
243,pickup,2024,3,454,Manhattan,Washington Heights North,false,0.1475,0.1428,0.1475
243,pickup,2024,4,450,Manhattan,Washington Heights North,false,0.1475,0.1428,0.1475
243,pickup,2024,5,457,Manhattan,Washington Heights North,false,0.1475,0.1428,0.1475
243,pickup,2024,6,416,Manhattan,Washington Heights North,false,0.1475,0.1428,0.1475
244,dropoff,2023,2,8080,Manhattan,Washington Heights South,false,0.3726,0.3445,0.3726
244,dropoff,2023,3,9310,Manhattan,Washington Heights South,false,0.3726,0.3445,0.3726
244,dropoff,2023,4,8669,Manhattan,Washington Heights South,false,0.3726,0.3445,0.3726
244,dropoff,2023,5,9485,Manhattan,Washington Heights South,false,0.3726,0.3445,0.3726
244,dropoff,2023,6,8790,Manhattan,Washington Heights South,false,0.3726,0.3445,0.3726
244,dropoff,2024,2,6883,Manhattan,Washington Heights South,false,0.3726,0.3445,0.3726
244,dropoff,2024,3,7975,Manhattan,Washington Heights South,false,0.3726,0.3445,0.3726
244,dropoff,2024,4,7582,Manhattan,Washington Heights South,false,0.3726,0.3445,0.3726
244,dropoff,2024,5,8282,Manhattan,Washington Heights South,false,0.3726,0.3445,0.3726
244,dropoff,2024,6,7659,Manhattan,Washington Heights South,false,0.3726,0.3445,0.3726
244,pickup,2023,2,1632,Manhattan,Washington Heights South,false,0.1557,0.1364,0.1557
244,pickup,2023,3,1974,Manhattan,Washington Heights South,false,0.1557,0.1364,0.1557
244,pickup,2023,4,1729,Manhattan,Washington Heights South,false,0.1557,0.1364,0.1557
244,pickup,2023,5,1893,Manhattan,Washington Heights South,false,0.1557,0.1364,0.1557
244,pickup,2023,6,1729,Manhattan,Washington Heights South,false,0.1557,0.1364,0.1557
244,pickup,2024,2,1481,Manhattan,Washington Heights South,false,0.1557,0.1364,0.1557
244,pickup,2024,3,1745,Manhattan,Washington Heights South,false,0.1557,0.1364,0.1557
244,pickup,2024,4,1697,Manhattan,Washington Heights South,false,0.1557,0.1364,0.1557
244,pickup,2024,5,1906,Manhattan,Washington Heights South,false,0.1557,0.1364,0.1557
244,pickup,2024,6,1665,Manhattan,Washington Heights South,false,0.1557,0.1364,0.1557
245,dropoff,2023,2,33,Staten Island,West Brighton,false,0.3263,0.3807,0.3263
245,dropoff,2023,3,42,Staten Island,West Brighton,false,0.3263,0.3807,0.3263
245,dropoff,2023,4,37,Staten Island,West Brighton,false,0.3263,0.3807,0.3263
245,dropoff,2023,5,34,Staten Island,West Brighton,false,0.3263,0.3807,0.3263
245,dropoff,2023,6,44,Staten Island,West Brighton,false,0.3263,0.3807,0.3263
245,dropoff,2024,2,27,Staten Island,West Brighton,false,0.3263,0.3807,0.3263
245,dropoff,2024,3,30,Staten Island,West Brighton,false,0.3263,0.3807,0.3263
245,dropoff,2024,4,38,Staten Island,West Brighton,false,0.3263,0.3807,0.3263
245,dropoff,2024,5,46,Staten Island,West Brighton,false,0.3263,0.3807,0.3263
245,dropoff,2024,6,35,Staten Island,West Brighton,false,0.3263,0.3807,0.3263
245,pickup,2023,2,1,Staten Island,West Brighton,false,0.1429,0.0,0.1429
245,pickup,2023,3,4,Staten Island,West Brighton,false,0.1429,0.0,0.1429
245,pickup,2023,4,2,Staten Island,West Brighton,false,0.1429,0.0,0.1429
245,pickup,2024,2,4,Staten Island,West Brighton,false,0.1429,0.0,0.1429
245,pickup,2024,3,3,Staten Island,West Brighton,false,0.1429,0.0,0.1429
245,pickup,2024,4,1,Staten Island,West Brighton,false,0.1429,0.0,0.1429
246,dropoff,2023,2,52316,Manhattan,West Chelsea/Hudson Yards,true,1.0,1.0,1.0
246,dropoff,2023,3,59995,Manhattan,West Chelsea/Hudson Yards,true,1.0,1.0,1.0
246,dropoff,2023,4,59696,Manhattan,West Chelsea/Hudson Yards,true,1.0,1.0,1.0
246,dropoff,2023,5,66822,Manhattan,West Chelsea/Hudson Yards,true,1.0,1.0,1.0
246,dropoff,2023,6,61806,Manhattan,West Chelsea/Hudson Yards,true,1.0,1.0,1.0
246,dropoff,2024,2,52610,Manhattan,West Chelsea/Hudson Yards,true,1.0,1.0,1.0
246,dropoff,2024,3,59530,Manhattan,West Chelsea/Hudson Yards,true,1.0,1.0,1.0
246,dropoff,2024,4,57834,Manhattan,West Chelsea/Hudson Yards,true,1.0,1.0,1.0
246,dropoff,2024,5,65356,Manhattan,West Chelsea/Hudson Yards,true,1.0,1.0,1.0
246,dropoff,2024,6,62765,Manhattan,West Chelsea/Hudson Yards,true,1.0,1.0,1.0
246,pickup,2023,2,44290,Manhattan,West Chelsea/Hudson Yards,true,1.0,1.0,1.0
246,pickup,2023,3,50870,Manhattan,West Chelsea/Hudson Yards,true,1.0,1.0,1.0
246,pickup,2023,4,52211,Manhattan,West Chelsea/Hudson Yards,true,1.0,1.0,1.0
246,pickup,2023,5,55524,Manhattan,West Chelsea/Hudson Yards,true,1.0,1.0,1.0
246,pickup,2023,6,52621,Manhattan,West Chelsea/Hudson Yards,true,1.0,1.0,1.0
246,pickup,2024,2,45317,Manhattan,West Chelsea/Hudson Yards,true,1.0,1.0,1.0
246,pickup,2024,3,52670,Manhattan,West Chelsea/Hudson Yards,true,1.0,1.0,1.0
246,pickup,2024,4,50489,Manhattan,West Chelsea/Hudson Yards,true,1.0,1.0,1.0
246,pickup,2024,5,57848,Manhattan,West Chelsea/Hudson Yards,true,1.0,1.0,1.0
246,pickup,2024,6,54851,Manhattan,West Chelsea/Hudson Yards,true,1.0,1.0,1.0
247,dropoff,2023,2,833,Bronx,West Concourse,false,0.3385,0.348,0.3385
247,dropoff,2023,3,1074,Bronx,West Concourse,false,0.3385,0.348,0.3385
247,dropoff,2023,4,1452,Bronx,West Concourse,false,0.3385,0.348,0.3385
247,dropoff,2023,5,1602,Bronx,West Concourse,false,0.3385,0.348,0.3385
247,dropoff,2023,6,1349,Bronx,West Concourse,false,0.3385,0.348,0.3385
247,dropoff,2024,2,694,Bronx,West Concourse,false,0.3385,0.348,0.3385
247,dropoff,2024,3,792,Bronx,West Concourse,false,0.3385,0.348,0.3385
247,dropoff,2024,4,1049,Bronx,West Concourse,false,0.3385,0.348,0.3385
247,dropoff,2024,5,1270,Bronx,West Concourse,false,0.3385,0.348,0.3385
247,dropoff,2024,6,1341,Bronx,West Concourse,false,0.3385,0.348,0.3385
247,pickup,2023,2,295,Bronx,West Concourse,false,0.203,0.1831,0.203
247,pickup,2023,3,387,Bronx,West Concourse,false,0.203,0.1831,0.203
247,pickup,2023,4,380,Bronx,West Concourse,false,0.203,0.1831,0.203
247,pickup,2023,5,409,Bronx,West Concourse,false,0.203,0.1831,0.203
247,pickup,2023,6,435,Bronx,West Concourse,false,0.203,0.1831,0.203
247,pickup,2024,2,236,Bronx,West Concourse,false,0.203,0.1831,0.203
247,pickup,2024,3,295,Bronx,West Concourse,false,0.203,0.1831,0.203
247,pickup,2024,4,322,Bronx,West Concourse,false,0.203,0.1831,0.203
247,pickup,2024,5,360,Bronx,West Concourse,false,0.203,0.1831,0.203
247,pickup,2024,6,376,Bronx,West Concourse,false,0.203,0.1831,0.203
248,dropoff,2023,2,259,Bronx,West Farms/Bronx River,false,0.2462,0.222,0.2462
248,dropoff,2023,3,289,Bronx,West Farms/Bronx River,false,0.2462,0.222,0.2462
248,dropoff,2023,4,316,Bronx,West Farms/Bronx River,false,0.2462,0.222,0.2462
248,dropoff,2023,5,316,Bronx,West Farms/Bronx River,false,0.2462,0.222,0.2462
248,dropoff,2023,6,270,Bronx,West Farms/Bronx River,false,0.2462,0.222,0.2462
248,dropoff,2024,2,212,Bronx,West Farms/Bronx River,false,0.2462,0.222,0.2462
248,dropoff,2024,3,255,Bronx,West Farms/Bronx River,false,0.2462,0.222,0.2462
248,dropoff,2024,4,276,Bronx,West Farms/Bronx River,false,0.2462,0.222,0.2462
248,dropoff,2024,5,265,Bronx,West Farms/Bronx River,false,0.2462,0.222,0.2462
248,dropoff,2024,6,303,Bronx,West Farms/Bronx River,false,0.2462,0.222,0.2462
248,pickup,2023,2,73,Bronx,West Farms/Bronx River,false,0.2146,0.2107,0.2146
248,pickup,2023,3,90,Bronx,West Farms/Bronx River,false,0.2146,0.2107,0.2146
248,pickup,2023,4,68,Bronx,West Farms/Bronx River,false,0.2146,0.2107,0.2146
248,pickup,2023,5,93,Bronx,West Farms/Bronx River,false,0.2146,0.2107,0.2146
248,pickup,2023,6,86,Bronx,West Farms/Bronx River,false,0.2146,0.2107,0.2146
248,pickup,2024,2,93,Bronx,West Farms/Bronx River,false,0.2146,0.2107,0.2146
248,pickup,2024,3,128,Bronx,West Farms/Bronx River,false,0.2146,0.2107,0.2146
248,pickup,2024,4,111,Bronx,West Farms/Bronx River,false,0.2146,0.2107,0.2146
248,pickup,2024,5,121,Bronx,West Farms/Bronx River,false,0.2146,0.2107,0.2146
248,pickup,2024,6,126,Bronx,West Farms/Bronx River,false,0.2146,0.2107,0.2146
249,dropoff,2023,2,47797,Manhattan,West Village,true,1.0,1.0,1.0
249,dropoff,2023,3,54140,Manhattan,West Village,true,1.0,1.0,1.0
249,dropoff,2023,4,53536,Manhattan,West Village,true,1.0,1.0,1.0
249,dropoff,2023,5,53894,Manhattan,West Village,true,1.0,1.0,1.0
249,dropoff,2023,6,51848,Manhattan,West Village,true,1.0,1.0,1.0
249,dropoff,2024,2,50517,Manhattan,West Village,true,1.0,1.0,1.0
249,dropoff,2024,3,55273,Manhattan,West Village,true,1.0,1.0,1.0
249,dropoff,2024,4,53343,Manhattan,West Village,true,1.0,1.0,1.0
249,dropoff,2024,5,54575,Manhattan,West Village,true,1.0,1.0,1.0
249,dropoff,2024,6,53312,Manhattan,West Village,true,1.0,1.0,1.0
249,pickup,2023,2,64027,Manhattan,West Village,true,1.0,1.0,1.0
249,pickup,2023,3,71760,Manhattan,West Village,true,1.0,1.0,1.0
249,pickup,2023,4,69595,Manhattan,West Village,true,1.0,1.0,1.0
249,pickup,2023,5,71777,Manhattan,West Village,true,1.0,1.0,1.0
249,pickup,2023,6,70511,Manhattan,West Village,true,1.0,1.0,1.0
249,pickup,2024,2,67627,Manhattan,West Village,true,1.0,1.0,1.0
249,pickup,2024,3,73621,Manhattan,West Village,true,1.0,1.0,1.0
249,pickup,2024,4,69439,Manhattan,West Village,true,1.0,1.0,1.0
249,pickup,2024,5,70567,Manhattan,West Village,true,1.0,1.0,1.0
249,pickup,2024,6,69697,Manhattan,West Village,true,1.0,1.0,1.0
250,dropoff,2023,2,247,Bronx,Westchester Village/Unionport,false,0.1789,0.2158,0.1789
250,dropoff,2023,3,307,Bronx,Westchester Village/Unionport,false,0.1789,0.2158,0.1789
250,dropoff,2023,4,283,Bronx,Westchester Village/Unionport,false,0.1789,0.2158,0.1789
250,dropoff,2023,5,322,Bronx,Westchester Village/Unionport,false,0.1789,0.2158,0.1789
250,dropoff,2023,6,294,Bronx,Westchester Village/Unionport,false,0.1789,0.2158,0.1789
250,dropoff,2024,2,236,Bronx,Westchester Village/Unionport,false,0.1789,0.2158,0.1789
250,dropoff,2024,3,293,Bronx,Westchester Village/Unionport,false,0.1789,0.2158,0.1789
250,dropoff,2024,4,274,Bronx,Westchester Village/Unionport,false,0.1789,0.2158,0.1789
250,dropoff,2024,5,305,Bronx,Westchester Village/Unionport,false,0.1789,0.2158,0.1789
250,dropoff,2024,6,296,Bronx,Westchester Village/Unionport,false,0.1789,0.2158,0.1789
250,pickup,2023,2,65,Bronx,Westchester Village/Unionport,false,0.165,0.2263,0.165
250,pickup,2023,3,111,Bronx,Westchester Village/Unionport,false,0.165,0.2263,0.165
250,pickup,2023,4,92,Bronx,Westchester Village/Unionport,false,0.165,0.2263,0.165
250,pickup,2023,5,76,Bronx,Westchester Village/Unionport,false,0.165,0.2263,0.165
250,pickup,2023,6,62,Bronx,Westchester Village/Unionport,false,0.165,0.2263,0.165
250,pickup,2024,2,99,Bronx,Westchester Village/Unionport,false,0.165,0.2263,0.165
250,pickup,2024,3,107,Bronx,Westchester Village/Unionport,false,0.165,0.2263,0.165
250,pickup,2024,4,119,Bronx,Westchester Village/Unionport,false,0.165,0.2263,0.165
250,pickup,2024,5,116,Bronx,Westchester Village/Unionport,false,0.165,0.2263,0.165
250,pickup,2024,6,107,Bronx,Westchester Village/Unionport,false,0.165,0.2263,0.165
251,dropoff,2023,2,36,Staten Island,Westerleigh,false,0.4125,0.4203,0.4125
251,dropoff,2023,3,56,Staten Island,Westerleigh,false,0.4125,0.4203,0.4125
251,dropoff,2023,4,53,Staten Island,Westerleigh,false,0.4125,0.4203,0.4125
251,dropoff,2023,5,46,Staten Island,Westerleigh,false,0.4125,0.4203,0.4125
251,dropoff,2023,6,66,Staten Island,Westerleigh,false,0.4125,0.4203,0.4125
251,dropoff,2024,2,47,Staten Island,Westerleigh,false,0.4125,0.4203,0.4125
251,dropoff,2024,3,36,Staten Island,Westerleigh,false,0.4125,0.4203,0.4125
251,dropoff,2024,4,32,Staten Island,Westerleigh,false,0.4125,0.4203,0.4125
251,dropoff,2024,5,55,Staten Island,Westerleigh,false,0.4125,0.4203,0.4125
251,dropoff,2024,6,37,Staten Island,Westerleigh,false,0.4125,0.4203,0.4125
251,pickup,2023,2,1,Staten Island,Westerleigh,false,0.0857,0.0,0.0857
251,pickup,2023,3,6,Staten Island,Westerleigh,false,0.0857,0.0,0.0857
251,pickup,2023,4,6,Staten Island,Westerleigh,false,0.0857,0.0,0.0857
251,pickup,2023,5,6,Staten Island,Westerleigh,false,0.0857,0.0,0.0857
251,pickup,2023,6,16,Staten Island,Westerleigh,false,0.0857,0.0,0.0857
251,pickup,2024,2,1,Staten Island,Westerleigh,false,0.0857,0.0,0.0857
251,pickup,2024,3,2,Staten Island,Westerleigh,false,0.0857,0.0,0.0857
251,pickup,2024,4,2,Staten Island,Westerleigh,false,0.0857,0.0,0.0857
251,pickup,2024,5,3,Staten Island,Westerleigh,false,0.0857,0.0,0.0857
251,pickup,2024,6,1,Staten Island,Westerleigh,false,0.0857,0.0,0.0857
252,dropoff,2023,2,552,Queens,Whitestone,false,0.0902,0.0905,0.0902
252,dropoff,2023,3,593,Queens,Whitestone,false,0.0902,0.0905,0.0902
252,dropoff,2023,4,628,Queens,Whitestone,false,0.0902,0.0905,0.0902
252,dropoff,2023,5,626,Queens,Whitestone,false,0.0902,0.0905,0.0902
252,dropoff,2023,6,596,Queens,Whitestone,false,0.0902,0.0905,0.0902
252,dropoff,2024,2,526,Queens,Whitestone,false,0.0902,0.0905,0.0902
252,dropoff,2024,3,547,Queens,Whitestone,false,0.0902,0.0905,0.0902
252,dropoff,2024,4,618,Queens,Whitestone,false,0.0902,0.0905,0.0902
252,dropoff,2024,5,601,Queens,Whitestone,false,0.0902,0.0905,0.0902
252,dropoff,2024,6,525,Queens,Whitestone,false,0.0902,0.0905,0.0902
252,pickup,2023,2,38,Queens,Whitestone,false,0.0471,0.1514,0.0471
252,pickup,2023,3,30,Queens,Whitestone,false,0.0471,0.1514,0.0471
252,pickup,2023,4,38,Queens,Whitestone,false,0.0471,0.1514,0.0471
252,pickup,2023,5,45,Queens,Whitestone,false,0.0471,0.1514,0.0471
252,pickup,2023,6,40,Queens,Whitestone,false,0.0471,0.1514,0.0471
252,pickup,2024,2,44,Queens,Whitestone,false,0.0471,0.1514,0.0471
252,pickup,2024,3,71,Queens,Whitestone,false,0.0471,0.1514,0.0471
252,pickup,2024,4,47,Queens,Whitestone,false,0.0471,0.1514,0.0471
252,pickup,2024,5,56,Queens,Whitestone,false,0.0471,0.1514,0.0471
252,pickup,2024,6,33,Queens,Whitestone,false,0.0471,0.1514,0.0471
253,dropoff,2023,2,31,Queens,Willets Point,false,0.125,0.1458,0.125
253,dropoff,2023,3,44,Queens,Willets Point,false,0.125,0.1458,0.125
253,dropoff,2023,4,37,Queens,Willets Point,false,0.125,0.1458,0.125
253,dropoff,2023,5,34,Queens,Willets Point,false,0.125,0.1458,0.125
253,dropoff,2023,6,46,Queens,Willets Point,false,0.125,0.1458,0.125
253,dropoff,2024,2,31,Queens,Willets Point,false,0.125,0.1458,0.125
253,dropoff,2024,3,37,Queens,Willets Point,false,0.125,0.1458,0.125
253,dropoff,2024,4,34,Queens,Willets Point,false,0.125,0.1458,0.125
253,dropoff,2024,5,44,Queens,Willets Point,false,0.125,0.1458,0.125
253,dropoff,2024,6,46,Queens,Willets Point,false,0.125,0.1458,0.125
253,pickup,2023,2,8,Queens,Willets Point,false,0.0408,0.0943,0.0408
253,pickup,2023,3,11,Queens,Willets Point,false,0.0408,0.0943,0.0408
253,pickup,2023,4,5,Queens,Willets Point,false,0.0408,0.0943,0.0408
253,pickup,2023,5,10,Queens,Willets Point,false,0.0408,0.0943,0.0408
253,pickup,2023,6,15,Queens,Willets Point,false,0.0408,0.0943,0.0408
253,pickup,2024,2,5,Queens,Willets Point,false,0.0408,0.0943,0.0408
253,pickup,2024,3,12,Queens,Willets Point,false,0.0408,0.0943,0.0408
253,pickup,2024,4,8,Queens,Willets Point,false,0.0408,0.0943,0.0408
253,pickup,2024,5,10,Queens,Willets Point,false,0.0408,0.0943,0.0408
253,pickup,2024,6,18,Queens,Willets Point,false,0.0408,0.0943,0.0408
254,dropoff,2023,2,399,Bronx,Williamsbridge/Olinville,false,0.1429,0.194,0.1429
254,dropoff,2023,3,495,Bronx,Williamsbridge/Olinville,false,0.1429,0.194,0.1429
254,dropoff,2023,4,513,Bronx,Williamsbridge/Olinville,false,0.1429,0.194,0.1429
254,dropoff,2023,5,600,Bronx,Williamsbridge/Olinville,false,0.1429,0.194,0.1429
254,dropoff,2023,6,512,Bronx,Williamsbridge/Olinville,false,0.1429,0.194,0.1429
254,dropoff,2024,2,395,Bronx,Williamsbridge/Olinville,false,0.1429,0.194,0.1429
254,dropoff,2024,3,458,Bronx,Williamsbridge/Olinville,false,0.1429,0.194,0.1429
254,dropoff,2024,4,461,Bronx,Williamsbridge/Olinville,false,0.1429,0.194,0.1429
254,dropoff,2024,5,497,Bronx,Williamsbridge/Olinville,false,0.1429,0.194,0.1429
254,dropoff,2024,6,426,Bronx,Williamsbridge/Olinville,false,0.1429,0.194,0.1429
254,pickup,2023,2,110,Bronx,Williamsbridge/Olinville,false,0.1841,0.2492,0.1841
254,pickup,2023,3,195,Bronx,Williamsbridge/Olinville,false,0.1841,0.2492,0.1841
254,pickup,2023,4,199,Bronx,Williamsbridge/Olinville,false,0.1841,0.2492,0.1841
254,pickup,2023,5,198,Bronx,Williamsbridge/Olinville,false,0.1841,0.2492,0.1841
254,pickup,2023,6,156,Bronx,Williamsbridge/Olinville,false,0.1841,0.2492,0.1841
254,pickup,2024,2,176,Bronx,Williamsbridge/Olinville,false,0.1841,0.2492,0.1841
254,pickup,2024,3,265,Bronx,Williamsbridge/Olinville,false,0.1841,0.2492,0.1841
254,pickup,2024,4,281,Bronx,Williamsbridge/Olinville,false,0.1841,0.2492,0.1841
254,pickup,2024,5,244,Bronx,Williamsbridge/Olinville,false,0.1841,0.2492,0.1841
254,pickup,2024,6,214,Bronx,Williamsbridge/Olinville,false,0.1841,0.2492,0.1841
255,dropoff,2023,2,7013,Brooklyn,Williamsburg (North Side),false,0.5551,0.5651,0.5551
255,dropoff,2023,3,8496,Brooklyn,Williamsburg (North Side),false,0.5551,0.5651,0.5551
255,dropoff,2023,4,8343,Brooklyn,Williamsburg (North Side),false,0.5551,0.5651,0.5551
255,dropoff,2023,5,8480,Brooklyn,Williamsburg (North Side),false,0.5551,0.5651,0.5551
255,dropoff,2023,6,8101,Brooklyn,Williamsburg (North Side),false,0.5551,0.5651,0.5551
255,dropoff,2024,2,6134,Brooklyn,Williamsburg (North Side),false,0.5551,0.5651,0.5551
255,dropoff,2024,3,7689,Brooklyn,Williamsburg (North Side),false,0.5551,0.5651,0.5551
255,dropoff,2024,4,7597,Brooklyn,Williamsburg (North Side),false,0.5551,0.5651,0.5551
255,dropoff,2024,5,7498,Brooklyn,Williamsburg (North Side),false,0.5551,0.5651,0.5551
255,dropoff,2024,6,8217,Brooklyn,Williamsburg (North Side),false,0.5551,0.5651,0.5551
255,pickup,2023,2,756,Brooklyn,Williamsburg (North Side),false,0.3162,0.3076,0.3162
255,pickup,2023,3,881,Brooklyn,Williamsburg (North Side),false,0.3162,0.3076,0.3162
255,pickup,2023,4,997,Brooklyn,Williamsburg (North Side),false,0.3162,0.3076,0.3162
255,pickup,2023,5,998,Brooklyn,Williamsburg (North Side),false,0.3162,0.3076,0.3162
255,pickup,2023,6,893,Brooklyn,Williamsburg (North Side),false,0.3162,0.3076,0.3162
255,pickup,2024,2,529,Brooklyn,Williamsburg (North Side),false,0.3162,0.3076,0.3162
255,pickup,2024,3,665,Brooklyn,Williamsburg (North Side),false,0.3162,0.3076,0.3162
255,pickup,2024,4,670,Brooklyn,Williamsburg (North Side),false,0.3162,0.3076,0.3162
255,pickup,2024,5,720,Brooklyn,Williamsburg (North Side),false,0.3162,0.3076,0.3162
255,pickup,2024,6,920,Brooklyn,Williamsburg (North Side),false,0.3162,0.3076,0.3162
256,dropoff,2023,2,6119,Brooklyn,Williamsburg (South Side),false,0.6382,0.6371,0.6382
256,dropoff,2023,3,7186,Brooklyn,Williamsburg (South Side),false,0.6382,0.6371,0.6382
256,dropoff,2023,4,7157,Brooklyn,Williamsburg (South Side),false,0.6382,0.6371,0.6382
256,dropoff,2023,5,7825,Brooklyn,Williamsburg (South Side),false,0.6382,0.6371,0.6382
256,dropoff,2023,6,7269,Brooklyn,Williamsburg (South Side),false,0.6382,0.6371,0.6382
256,dropoff,2024,2,5706,Brooklyn,Williamsburg (South Side),false,0.6382,0.6371,0.6382
256,dropoff,2024,3,6473,Brooklyn,Williamsburg (South Side),false,0.6382,0.6371,0.6382
256,dropoff,2024,4,6266,Brooklyn,Williamsburg (South Side),false,0.6382,0.6371,0.6382
256,dropoff,2024,5,6674,Brooklyn,Williamsburg (South Side),false,0.6382,0.6371,0.6382
256,dropoff,2024,6,6621,Brooklyn,Williamsburg (South Side),false,0.6382,0.6371,0.6382
256,pickup,2023,2,610,Brooklyn,Williamsburg (South Side),false,0.3792,0.3502,0.3792
256,pickup,2023,3,744,Brooklyn,Williamsburg (South Side),false,0.3792,0.3502,0.3792
256,pickup,2023,4,831,Brooklyn,Williamsburg (South Side),false,0.3792,0.3502,0.3792
256,pickup,2023,5,842,Brooklyn,Williamsburg (South Side),false,0.3792,0.3502,0.3792
256,pickup,2023,6,786,Brooklyn,Williamsburg (South Side),false,0.3792,0.3502,0.3792
256,pickup,2024,2,496,Brooklyn,Williamsburg (South Side),false,0.3792,0.3502,0.3792
256,pickup,2024,3,601,Brooklyn,Williamsburg (South Side),false,0.3792,0.3502,0.3792
256,pickup,2024,4,560,Brooklyn,Williamsburg (South Side),false,0.3792,0.3502,0.3792
256,pickup,2024,5,659,Brooklyn,Williamsburg (South Side),false,0.3792,0.3502,0.3792
256,pickup,2024,6,799,Brooklyn,Williamsburg (South Side),false,0.3792,0.3502,0.3792
257,dropoff,2023,2,1178,Brooklyn,Windsor Terrace,false,0.4632,0.4637,0.4632
257,dropoff,2023,3,1356,Brooklyn,Windsor Terrace,false,0.4632,0.4637,0.4632
257,dropoff,2023,4,1441,Brooklyn,Windsor Terrace,false,0.4632,0.4637,0.4632
257,dropoff,2023,5,1415,Brooklyn,Windsor Terrace,false,0.4632,0.4637,0.4632
257,dropoff,2023,6,1495,Brooklyn,Windsor Terrace,false,0.4632,0.4637,0.4632
257,dropoff,2024,2,1186,Brooklyn,Windsor Terrace,false,0.4632,0.4637,0.4632
257,dropoff,2024,3,1293,Brooklyn,Windsor Terrace,false,0.4632,0.4637,0.4632
257,dropoff,2024,4,1339,Brooklyn,Windsor Terrace,false,0.4632,0.4637,0.4632
257,dropoff,2024,5,1322,Brooklyn,Windsor Terrace,false,0.4632,0.4637,0.4632
257,dropoff,2024,6,1259,Brooklyn,Windsor Terrace,false,0.4632,0.4637,0.4632
257,pickup,2023,2,47,Brooklyn,Windsor Terrace,false,0.1925,0.1925,0.1925
257,pickup,2023,3,69,Brooklyn,Windsor Terrace,false,0.1925,0.1925,0.1925
257,pickup,2023,4,69,Brooklyn,Windsor Terrace,false,0.1925,0.1925,0.1925
257,pickup,2023,5,70,Brooklyn,Windsor Terrace,false,0.1925,0.1925,0.1925
257,pickup,2023,6,67,Brooklyn,Windsor Terrace,false,0.1925,0.1925,0.1925
257,pickup,2024,2,59,Brooklyn,Windsor Terrace,false,0.1925,0.1925,0.1925
257,pickup,2024,3,84,Brooklyn,Windsor Terrace,false,0.1925,0.1925,0.1925
257,pickup,2024,4,90,Brooklyn,Windsor Terrace,false,0.1925,0.1925,0.1925
257,pickup,2024,5,84,Brooklyn,Windsor Terrace,false,0.1925,0.1925,0.1925
257,pickup,2024,6,83,Brooklyn,Windsor Terrace,false,0.1925,0.1925,0.1925
258,dropoff,2023,2,553,Queens,Woodhaven,false,0.1313,0.1396,0.1313
258,dropoff,2023,3,677,Queens,Woodhaven,false,0.1313,0.1396,0.1313
258,dropoff,2023,4,705,Queens,Woodhaven,false,0.1313,0.1396,0.1313
258,dropoff,2023,5,794,Queens,Woodhaven,false,0.1313,0.1396,0.1313
258,dropoff,2023,6,775,Queens,Woodhaven,false,0.1313,0.1396,0.1313
258,dropoff,2024,2,613,Queens,Woodhaven,false,0.1313,0.1396,0.1313
258,dropoff,2024,3,660,Queens,Woodhaven,false,0.1313,0.1396,0.1313
258,dropoff,2024,4,707,Queens,Woodhaven,false,0.1313,0.1396,0.1313
258,dropoff,2024,5,706,Queens,Woodhaven,false,0.1313,0.1396,0.1313
258,dropoff,2024,6,687,Queens,Woodhaven,false,0.1313,0.1396,0.1313
258,pickup,2023,2,66,Queens,Woodhaven,false,0.1398,0.2828,0.1398
258,pickup,2023,3,106,Queens,Woodhaven,false,0.1398,0.2828,0.1398
258,pickup,2023,4,92,Queens,Woodhaven,false,0.1398,0.2828,0.1398
258,pickup,2023,5,114,Queens,Woodhaven,false,0.1398,0.2828,0.1398
258,pickup,2023,6,87,Queens,Woodhaven,false,0.1398,0.2828,0.1398
258,pickup,2024,2,137,Queens,Woodhaven,false,0.1398,0.2828,0.1398
258,pickup,2024,3,167,Queens,Woodhaven,false,0.1398,0.2828,0.1398
258,pickup,2024,4,157,Queens,Woodhaven,false,0.1398,0.2828,0.1398
258,pickup,2024,5,144,Queens,Woodhaven,false,0.1398,0.2828,0.1398
258,pickup,2024,6,127,Queens,Woodhaven,false,0.1398,0.2828,0.1398
259,dropoff,2023,2,303,Bronx,Woodlawn/Wakefield,false,0.2814,0.2419,0.2814
259,dropoff,2023,3,405,Bronx,Woodlawn/Wakefield,false,0.2814,0.2419,0.2814
259,dropoff,2023,4,388,Bronx,Woodlawn/Wakefield,false,0.2814,0.2419,0.2814
259,dropoff,2023,5,373,Bronx,Woodlawn/Wakefield,false,0.2814,0.2419,0.2814
259,dropoff,2023,6,365,Bronx,Woodlawn/Wakefield,false,0.2814,0.2419,0.2814
259,dropoff,2024,2,258,Bronx,Woodlawn/Wakefield,false,0.2814,0.2419,0.2814
259,dropoff,2024,3,356,Bronx,Woodlawn/Wakefield,false,0.2814,0.2419,0.2814
259,dropoff,2024,4,341,Bronx,Woodlawn/Wakefield,false,0.2814,0.2419,0.2814
259,dropoff,2024,5,355,Bronx,Woodlawn/Wakefield,false,0.2814,0.2419,0.2814
259,dropoff,2024,6,364,Bronx,Woodlawn/Wakefield,false,0.2814,0.2419,0.2814
259,pickup,2023,2,73,Bronx,Woodlawn/Wakefield,false,0.1754,0.2662,0.1754
259,pickup,2023,3,90,Bronx,Woodlawn/Wakefield,false,0.1754,0.2662,0.1754
259,pickup,2023,4,87,Bronx,Woodlawn/Wakefield,false,0.1754,0.2662,0.1754
259,pickup,2023,5,115,Bronx,Woodlawn/Wakefield,false,0.1754,0.2662,0.1754
259,pickup,2023,6,114,Bronx,Woodlawn/Wakefield,false,0.1754,0.2662,0.1754
259,pickup,2024,2,98,Bronx,Woodlawn/Wakefield,false,0.1754,0.2662,0.1754
259,pickup,2024,3,119,Bronx,Woodlawn/Wakefield,false,0.1754,0.2662,0.1754
259,pickup,2024,4,130,Bronx,Woodlawn/Wakefield,false,0.1754,0.2662,0.1754
259,pickup,2024,5,127,Bronx,Woodlawn/Wakefield,false,0.1754,0.2662,0.1754
259,pickup,2024,6,112,Bronx,Woodlawn/Wakefield,false,0.1754,0.2662,0.1754
260,dropoff,2023,2,2104,Queens,Woodside,false,0.3551,0.3077,0.3551
260,dropoff,2023,3,2467,Queens,Woodside,false,0.3551,0.3077,0.3551
260,dropoff,2023,4,2357,Queens,Woodside,false,0.3551,0.3077,0.3551
260,dropoff,2023,5,2487,Queens,Woodside,false,0.3551,0.3077,0.3551
260,dropoff,2023,6,2457,Queens,Woodside,false,0.3551,0.3077,0.3551
260,dropoff,2024,2,1850,Queens,Woodside,false,0.3551,0.3077,0.3551
260,dropoff,2024,3,2159,Queens,Woodside,false,0.3551,0.3077,0.3551
260,dropoff,2024,4,2081,Queens,Woodside,false,0.3551,0.3077,0.3551
260,dropoff,2024,5,2172,Queens,Woodside,false,0.3551,0.3077,0.3551
260,dropoff,2024,6,2050,Queens,Woodside,false,0.3551,0.3077,0.3551
260,pickup,2023,2,539,Queens,Woodside,false,0.1897,0.204,0.1897
260,pickup,2023,3,647,Queens,Woodside,false,0.1897,0.204,0.1897
260,pickup,2023,4,564,Queens,Woodside,false,0.1897,0.204,0.1897
260,pickup,2023,5,633,Queens,Woodside,false,0.1897,0.204,0.1897
260,pickup,2023,6,617,Queens,Woodside,false,0.1897,0.204,0.1897
260,pickup,2024,2,615,Queens,Woodside,false,0.1897,0.204,0.1897
260,pickup,2024,3,675,Queens,Woodside,false,0.1897,0.204,0.1897
260,pickup,2024,4,645,Queens,Woodside,false,0.1897,0.204,0.1897
260,pickup,2024,5,739,Queens,Woodside,false,0.1897,0.204,0.1897
260,pickup,2024,6,693,Queens,Woodside,false,0.1897,0.204,0.1897
261,dropoff,2023,2,11558,Manhattan,World Trade Center,true,1.0,1.0,1.0
261,dropoff,2023,3,14339,Manhattan,World Trade Center,true,1.0,1.0,1.0
261,dropoff,2023,4,14997,Manhattan,World Trade Center,true,1.0,1.0,1.0
261,dropoff,2023,5,15663,Manhattan,World Trade Center,true,1.0,1.0,1.0
261,dropoff,2023,6,15060,Manhattan,World Trade Center,true,1.0,1.0,1.0
261,dropoff,2024,2,12018,Manhattan,World Trade Center,true,1.0,1.0,1.0
261,dropoff,2024,3,14661,Manhattan,World Trade Center,true,1.0,1.0,1.0
261,dropoff,2024,4,14606,Manhattan,World Trade Center,true,1.0,1.0,1.0
261,dropoff,2024,5,15509,Manhattan,World Trade Center,true,1.0,1.0,1.0
261,dropoff,2024,6,15208,Manhattan,World Trade Center,true,1.0,1.0,1.0
261,pickup,2023,2,11806,Manhattan,World Trade Center,true,1.0,1.0,1.0
261,pickup,2023,3,15652,Manhattan,World Trade Center,true,1.0,1.0,1.0
261,pickup,2023,4,16256,Manhattan,World Trade Center,true,1.0,1.0,1.0
261,pickup,2023,5,16815,Manhattan,World Trade Center,true,1.0,1.0,1.0
261,pickup,2023,6,16218,Manhattan,World Trade Center,true,1.0,1.0,1.0
261,pickup,2024,2,12440,Manhattan,World Trade Center,true,1.0,1.0,1.0
261,pickup,2024,3,15781,Manhattan,World Trade Center,true,1.0,1.0,1.0
261,pickup,2024,4,15125,Manhattan,World Trade Center,true,1.0,1.0,1.0
261,pickup,2024,5,16787,Manhattan,World Trade Center,true,1.0,1.0,1.0
261,pickup,2024,6,16923,Manhattan,World Trade Center,true,1.0,1.0,1.0
262,dropoff,2023,2,45549,Manhattan,Yorkville East,false,0.3904,0.3776,0.3904
262,dropoff,2023,3,50364,Manhattan,Yorkville East,false,0.3904,0.3776,0.3904
262,dropoff,2023,4,48671,Manhattan,Yorkville East,false,0.3904,0.3776,0.3904
262,dropoff,2023,5,51471,Manhattan,Yorkville East,false,0.3904,0.3776,0.3904
262,dropoff,2023,6,47190,Manhattan,Yorkville East,false,0.3904,0.3776,0.3904
262,dropoff,2024,2,44149,Manhattan,Yorkville East,false,0.3904,0.3776,0.3904
262,dropoff,2024,3,47187,Manhattan,Yorkville East,false,0.3904,0.3776,0.3904
262,dropoff,2024,4,47494,Manhattan,Yorkville East,false,0.3904,0.3776,0.3904
262,dropoff,2024,5,50178,Manhattan,Yorkville East,false,0.3904,0.3776,0.3904
262,dropoff,2024,6,46106,Manhattan,Yorkville East,false,0.3904,0.3776,0.3904
262,pickup,2023,2,38101,Manhattan,Yorkville East,false,0.318,0.306,0.318
262,pickup,2023,3,42750,Manhattan,Yorkville East,false,0.318,0.306,0.318
262,pickup,2023,4,41094,Manhattan,Yorkville East,false,0.318,0.306,0.318
262,pickup,2023,5,44500,Manhattan,Yorkville East,false,0.318,0.306,0.318
262,pickup,2023,6,40310,Manhattan,Yorkville East,false,0.318,0.306,0.318
262,pickup,2024,2,37314,Manhattan,Yorkville East,false,0.318,0.306,0.318
262,pickup,2024,3,39593,Manhattan,Yorkville East,false,0.318,0.306,0.318
262,pickup,2024,4,39541,Manhattan,Yorkville East,false,0.318,0.306,0.318
262,pickup,2024,5,42503,Manhattan,Yorkville East,false,0.318,0.306,0.318
262,pickup,2024,6,39102,Manhattan,Yorkville East,false,0.318,0.306,0.318
263,dropoff,2023,2,61247,Manhattan,Yorkville West,false,0.4103,0.3904,0.4103
263,dropoff,2023,3,68895,Manhattan,Yorkville West,false,0.4103,0.3904,0.4103
263,dropoff,2023,4,64757,Manhattan,Yorkville West,false,0.4103,0.3904,0.4103
263,dropoff,2023,5,68100,Manhattan,Yorkville West,false,0.4103,0.3904,0.4103
263,dropoff,2023,6,64396,Manhattan,Yorkville West,false,0.4103,0.3904,0.4103
263,dropoff,2024,2,60353,Manhattan,Yorkville West,false,0.4103,0.3904,0.4103
263,dropoff,2024,3,65589,Manhattan,Yorkville West,false,0.4103,0.3904,0.4103
263,dropoff,2024,4,62778,Manhattan,Yorkville West,false,0.4103,0.3904,0.4103
263,dropoff,2024,5,66037,Manhattan,Yorkville West,false,0.4103,0.3904,0.4103
263,dropoff,2024,6,62695,Manhattan,Yorkville West,false,0.4103,0.3904,0.4103
263,pickup,2023,2,57263,Manhattan,Yorkville West,false,0.2938,0.2768,0.2938
263,pickup,2023,3,64777,Manhattan,Yorkville West,false,0.2938,0.2768,0.2938
263,pickup,2023,4,61013,Manhattan,Yorkville West,false,0.2938,0.2768,0.2938
263,pickup,2023,5,62445,Manhattan,Yorkville West,false,0.2938,0.2768,0.2938
263,pickup,2023,6,58676,Manhattan,Yorkville West,false,0.2938,0.2768,0.2938
263,pickup,2024,2,54749,Manhattan,Yorkville West,false,0.2938,0.2768,0.2938
263,pickup,2024,3,58803,Manhattan,Yorkville West,false,0.2938,0.2768,0.2938
263,pickup,2024,4,55723,Manhattan,Yorkville West,false,0.2938,0.2768,0.2938
263,pickup,2024,5,58916,Manhattan,Yorkville West,false,0.2938,0.2768,0.2938
263,pickup,2024,6,56075,Manhattan,Yorkville West,false,0.2938,0.2768,0.2938
264,dropoff,2023,2,24777,Unknown,N/A,false,0.1125,0.3463,0.1125
264,dropoff,2023,3,34170,Unknown,N/A,false,0.1125,0.3463,0.1125
264,dropoff,2023,4,36838,Unknown,N/A,false,0.1125,0.3463,0.1125
264,dropoff,2023,5,39602,Unknown,N/A,false,0.1125,0.3463,0.1125
264,dropoff,2023,6,35861,Unknown,N/A,false,0.1125,0.3463,0.1125
264,dropoff,2024,2,13706,Unknown,N/A,false,0.1125,0.3463,0.1125
264,dropoff,2024,3,16271,Unknown,N/A,false,0.1125,0.3463,0.1125
264,dropoff,2024,4,15526,Unknown,N/A,false,0.1125,0.3463,0.1125
264,dropoff,2024,5,16252,Unknown,N/A,false,0.1125,0.3463,0.1125
264,dropoff,2024,6,15846,Unknown,N/A,false,0.1125,0.3463,0.1125
264,pickup,2023,2,33960,Unknown,N/A,false,0.0861,0.2127,0.0861
264,pickup,2023,3,30227,Unknown,N/A,false,0.0861,0.2127,0.0861
264,pickup,2023,4,33279,Unknown,N/A,false,0.0861,0.2127,0.0861
264,pickup,2023,5,35409,Unknown,N/A,false,0.0861,0.2127,0.0861
264,pickup,2023,6,31585,Unknown,N/A,false,0.0861,0.2127,0.0861
264,pickup,2024,2,9319,Unknown,N/A,false,0.0861,0.2127,0.0861
264,pickup,2024,3,11113,Unknown,N/A,false,0.0861,0.2127,0.0861
264,pickup,2024,4,10451,Unknown,N/A,false,0.0861,0.2127,0.0861
264,pickup,2024,5,11217,Unknown,N/A,false,0.0861,0.2127,0.0861
264,pickup,2024,6,11116,Unknown,N/A,false,0.0861,0.2127,0.0861
265,dropoff,2023,2,9530,N/A,Outside of NYC,false,0.2034,0.2301,0.2034
265,dropoff,2023,3,11873,N/A,Outside of NYC,false,0.2034,0.2301,0.2034
265,dropoff,2023,4,12670,N/A,Outside of NYC,false,0.2034,0.2301,0.2034
265,dropoff,2023,5,13258,N/A,Outside of NYC,false,0.2034,0.2301,0.2034
265,dropoff,2023,6,14711,N/A,Outside of NYC,false,0.2034,0.2301,0.2034
265,dropoff,2024,2,10586,N/A,Outside of NYC,false,0.2034,0.2301,0.2034
265,dropoff,2024,3,12595,N/A,Outside of NYC,false,0.2034,0.2301,0.2034
265,dropoff,2024,4,13102,N/A,Outside of NYC,false,0.2034,0.2301,0.2034
265,dropoff,2024,5,14644,N/A,Outside of NYC,false,0.2034,0.2301,0.2034
265,dropoff,2024,6,15017,N/A,Outside of NYC,false,0.2034,0.2301,0.2034
265,pickup,2023,2,1331,N/A,Outside of NYC,false,0.026,0.029,0.026
265,pickup,2023,3,1543,N/A,Outside of NYC,false,0.026,0.029,0.026
265,pickup,2023,4,1640,N/A,Outside of NYC,false,0.026,0.029,0.026
265,pickup,2023,5,1834,N/A,Outside of NYC,false,0.026,0.029,0.026
265,pickup,2023,6,1884,N/A,Outside of NYC,false,0.026,0.029,0.026
265,pickup,2024,2,1341,N/A,Outside of NYC,false,0.026,0.029,0.026
265,pickup,2024,3,1485,N/A,Outside of NYC,false,0.026,0.029,0.026
265,pickup,2024,4,1542,N/A,Outside of NYC,false,0.026,0.029,0.026
265,pickup,2024,5,1817,N/A,Outside of NYC,false,0.026,0.029,0.026
265,pickup,2024,6,1852,N/A,Outside of NYC,false,0.026,0.029,0.026
