zone,direction,year,month,n_trips,Borough,zone_name,crz_zone,charged_share
1,dropoff,2024,2,6573,EWR,Newark Airport,false,0.7876
1,dropoff,2024,3,7975,EWR,Newark Airport,false,0.7876
1,dropoff,2024,4,8819,EWR,Newark Airport,false,0.7876
1,dropoff,2024,5,10074,EWR,Newark Airport,false,0.7876
1,dropoff,2024,6,8779,EWR,Newark Airport,false,0.7876
1,dropoff,2025,2,5528,EWR,Newark Airport,false,0.7876
1,dropoff,2025,3,7639,EWR,Newark Airport,false,0.7876
1,dropoff,2025,4,7388,EWR,Newark Airport,false,0.7876
1,dropoff,2025,5,7712,EWR,Newark Airport,false,0.7876
1,dropoff,2025,6,6895,EWR,Newark Airport,false,0.7876
1,pickup,2024,2,278,EWR,Newark Airport,false,0.0106
1,pickup,2024,3,352,EWR,Newark Airport,false,0.0106
1,pickup,2024,4,496,EWR,Newark Airport,false,0.0106
1,pickup,2024,5,580,EWR,Newark Airport,false,0.0106
1,pickup,2024,6,467,EWR,Newark Airport,false,0.0106
1,pickup,2025,2,308,EWR,Newark Airport,false,0.0106
1,pickup,2025,3,349,EWR,Newark Airport,false,0.0106
1,pickup,2025,4,456,EWR,Newark Airport,false,0.0106
1,pickup,2025,5,519,EWR,Newark Airport,false,0.0106
1,pickup,2025,6,469,EWR,Newark Airport,false,0.0106
2,dropoff,2024,2,5,Queens,Jamaica Bay,false,0.0625
2,dropoff,2024,3,7,Queens,Jamaica Bay,false,0.0625
2,dropoff,2024,4,6,Queens,Jamaica Bay,false,0.0625
2,dropoff,2024,5,8,Queens,Jamaica Bay,false,0.0625
2,dropoff,2024,6,6,Queens,Jamaica Bay,false,0.0625
2,dropoff,2025,2,5,Queens,Jamaica Bay,false,0.0625
2,dropoff,2025,3,5,Queens,Jamaica Bay,false,0.0625
2,dropoff,2025,4,6,Queens,Jamaica Bay,false,0.0625
2,dropoff,2025,5,9,Queens,Jamaica Bay,false,0.0625
2,dropoff,2025,6,9,Queens,Jamaica Bay,false,0.0625
2,pickup,2024,2,2,Queens,Jamaica Bay,false,0.3158
2,pickup,2024,3,8,Queens,Jamaica Bay,false,0.3158
2,pickup,2024,4,4,Queens,Jamaica Bay,false,0.3158
2,pickup,2024,5,2,Queens,Jamaica Bay,false,0.3158
2,pickup,2024,6,3,Queens,Jamaica Bay,false,0.3158
2,pickup,2025,2,3,Queens,Jamaica Bay,false,0.3158
2,pickup,2025,3,3,Queens,Jamaica Bay,false,0.3158
2,pickup,2025,4,8,Queens,Jamaica Bay,false,0.3158
2,pickup,2025,5,3,Queens,Jamaica Bay,false,0.3158
2,pickup,2025,6,5,Queens,Jamaica Bay,false,0.3158
3,dropoff,2024,2,199,Bronx,Allerton/Pelham Gardens,false,0.1715
3,dropoff,2024,3,252,Bronx,Allerton/Pelham Gardens,false,0.1715
3,dropoff,2024,4,248,Bronx,Allerton/Pelham Gardens,false,0.1715
3,dropoff,2024,5,286,Bronx,Allerton/Pelham Gardens,false,0.1715
3,dropoff,2024,6,257,Bronx,Allerton/Pelham Gardens,false,0.1715
3,dropoff,2025,2,171,Bronx,Allerton/Pelham Gardens,false,0.1715
3,dropoff,2025,3,224,Bronx,Allerton/Pelham Gardens,false,0.1715
3,dropoff,2025,4,239,Bronx,Allerton/Pelham Gardens,false,0.1715
3,dropoff,2025,5,255,Bronx,Allerton/Pelham Gardens,false,0.1715
3,dropoff,2025,6,262,Bronx,Allerton/Pelham Gardens,false,0.1715
3,pickup,2024,2,86,Bronx,Allerton/Pelham Gardens,false,0.3347
3,pickup,2024,3,105,Bronx,Allerton/Pelham Gardens,false,0.3347
3,pickup,2024,4,113,Bronx,Allerton/Pelham Gardens,false,0.3347
3,pickup,2024,5,111,Bronx,Allerton/Pelham Gardens,false,0.3347
3,pickup,2024,6,90,Bronx,Allerton/Pelham Gardens,false,0.3347
3,pickup,2025,2,89,Bronx,Allerton/Pelham Gardens,false,0.3347
3,pickup,2025,3,118,Bronx,Allerton/Pelham Gardens,false,0.3347
3,pickup,2025,4,118,Bronx,Allerton/Pelham Gardens,false,0.3347
3,pickup,2025,5,118,Bronx,Allerton/Pelham Gardens,false,0.3347
3,pickup,2025,6,121,Bronx,Allerton/Pelham Gardens,false,0.3347
4,dropoff,2024,2,10746,Manhattan,Alphabet City,true,1.0
4,dropoff,2024,3,12126,Manhattan,Alphabet City,true,1.0
4,dropoff,2024,4,10914,Manhattan,Alphabet City,true,1.0
4,dropoff,2024,5,11568,Manhattan,Alphabet City,true,1.0
4,dropoff,2024,6,10773,Manhattan,Alphabet City,true,1.0
4,dropoff,2025,2,10599,Manhattan,Alphabet City,true,1.0
4,dropoff,2025,3,11887,Manhattan,Alphabet City,true,1.0
4,dropoff,2025,4,10877,Manhattan,Alphabet City,true,1.0
4,dropoff,2025,5,11606,Manhattan,Alphabet City,true,1.0
4,dropoff,2025,6,10375,Manhattan,Alphabet City,true,1.0
4,pickup,2024,2,3165,Manhattan,Alphabet City,true,1.0
4,pickup,2024,3,3666,Manhattan,Alphabet City,true,1.0
4,pickup,2024,4,3301,Manhattan,Alphabet City,true,1.0
4,pickup,2024,5,3276,Manhattan,Alphabet City,true,1.0
4,pickup,2024,6,3251,Manhattan,Alphabet City,true,1.0
4,pickup,2025,2,3556,Manhattan,Alphabet City,true,1.0
4,pickup,2025,3,4606,Manhattan,Alphabet City,true,1.0
4,pickup,2025,4,3802,Manhattan,Alphabet City,true,1.0
4,pickup,2025,5,4223,Manhattan,Alphabet City,true,1.0
4,pickup,2025,6,3623,Manhattan,Alphabet City,true,1.0
5,dropoff,2024,2,9,Staten Island,Arden Heights,false,0.3521
5,dropoff,2024,3,14,Staten Island,Arden Heights,false,0.3521
5,dropoff,2024,4,16,Staten Island,Arden Heights,false,0.3521
5,dropoff,2024,5,17,Staten Island,Arden Heights,false,0.3521
5,dropoff,2024,6,15,Staten Island,Arden Heights,false,0.3521
5,dropoff,2025,2,5,Staten Island,Arden Heights,false,0.3521
5,dropoff,2025,3,7,Staten Island,Arden Heights,false,0.3521
5,dropoff,2025,4,11,Staten Island,Arden Heights,false,0.3521
5,dropoff,2025,5,13,Staten Island,Arden Heights,false,0.3521
5,dropoff,2025,6,13,Staten Island,Arden Heights,false,0.3521
5,pickup,2024,3,1,Staten Island,Arden Heights,false,0.0
5,pickup,2024,5,1,Staten Island,Arden Heights,false,0.0
5,pickup,2025,4,1,Staten Island,Arden Heights,false,0.0
5,pickup,2025,5,1,Staten Island,Arden Heights,false,0.0
6,dropoff,2024,2,56,Staten Island,Arrochar/Fort Wadsworth,false,0.236
6,dropoff,2024,3,74,Staten Island,Arrochar/Fort Wadsworth,false,0.236
6,dropoff,2024,4,97,Staten Island,Arrochar/Fort Wadsworth,false,0.236
6,dropoff,2024,5,93,Staten Island,Arrochar/Fort Wadsworth,false,0.236
6,dropoff,2024,6,91,Staten Island,Arrochar/Fort Wadsworth,false,0.236
6,dropoff,2025,2,58,Staten Island,Arrochar/Fort Wadsworth,false,0.236
6,dropoff,2025,3,75,Staten Island,Arrochar/Fort Wadsworth,false,0.236
6,dropoff,2025,4,66,Staten Island,Arrochar/Fort Wadsworth,false,0.236
6,dropoff,2025,5,83,Staten Island,Arrochar/Fort Wadsworth,false,0.236
6,dropoff,2025,6,84,Staten Island,Arrochar/Fort Wadsworth,false,0.236
6,pickup,2024,2,16,Staten Island,Arrochar/Fort Wadsworth,false,0.0855
6,pickup,2024,3,23,Staten Island,Arrochar/Fort Wadsworth,false,0.0855
6,pickup,2024,4,25,Staten Island,Arrochar/Fort Wadsworth,false,0.0855
6,pickup,2024,5,49,Staten Island,Arrochar/Fort Wadsworth,false,0.0855
6,pickup,2024,6,39,Staten Island,Arrochar/Fort Wadsworth,false,0.0855
6,pickup,2025,2,44,Staten Island,Arrochar/Fort Wadsworth,false,0.0855
6,pickup,2025,3,49,Staten Island,Arrochar/Fort Wadsworth,false,0.0855
6,pickup,2025,4,44,Staten Island,Arrochar/Fort Wadsworth,false,0.0855
6,pickup,2025,5,46,Staten Island,Arrochar/Fort Wadsworth,false,0.0855
6,pickup,2025,6,40,Staten Island,Arrochar/Fort Wadsworth,false,0.0855
7,dropoff,2024,2,6772,Queens,Astoria,false,0.4365
7,dropoff,2024,3,7506,Queens,Astoria,false,0.4365
7,dropoff,2024,4,7405,Queens,Astoria,false,0.4365
7,dropoff,2024,5,7592,Queens,Astoria,false,0.4365
7,dropoff,2024,6,7043,Queens,Astoria,false,0.4365
7,dropoff,2025,2,5327,Queens,Astoria,false,0.4365
7,dropoff,2025,3,7102,Queens,Astoria,false,0.4365
7,dropoff,2025,4,6319,Queens,Astoria,false,0.4365
7,dropoff,2025,5,7307,Queens,Astoria,false,0.4365
7,dropoff,2025,6,6711,Queens,Astoria,false,0.4365
7,pickup,2024,2,1112,Queens,Astoria,false,0.1622
7,pickup,2024,3,1409,Queens,Astoria,false,0.1622
7,pickup,2024,4,1335,Queens,Astoria,false,0.1622
7,pickup,2024,5,1442,Queens,Astoria,false,0.1622
7,pickup,2024,6,1331,Queens,Astoria,false,0.1622
7,pickup,2025,2,1146,Queens,Astoria,false,0.1622
7,pickup,2025,3,1444,Queens,Astoria,false,0.1622
7,pickup,2025,4,1357,Queens,Astoria,false,0.1622
7,pickup,2025,5,1456,Queens,Astoria,false,0.1622
7,pickup,2025,6,1445,Queens,Astoria,false,0.1622
8,dropoff,2024,2,28,Queens,Astoria Park,false,0.2775
8,dropoff,2024,3,40,Queens,Astoria Park,false,0.2775
8,dropoff,2024,4,46,Queens,Astoria Park,false,0.2775
8,dropoff,2024,5,40,Queens,Astoria Park,false,0.2775
8,dropoff,2024,6,55,Queens,Astoria Park,false,0.2775
8,dropoff,2025,2,24,Queens,Astoria Park,false,0.2775
8,dropoff,2025,3,42,Queens,Astoria Park,false,0.2775
8,dropoff,2025,4,41,Queens,Astoria Park,false,0.2775
8,dropoff,2025,5,38,Queens,Astoria Park,false,0.2775
8,dropoff,2025,6,51,Queens,Astoria Park,false,0.2775
8,pickup,2024,2,2,Queens,Astoria Park,false,0.1167
8,pickup,2024,3,7,Queens,Astoria Park,false,0.1167
8,pickup,2024,4,13,Queens,Astoria Park,false,0.1167
8,pickup,2024,5,19,Queens,Astoria Park,false,0.1167
8,pickup,2024,6,19,Queens,Astoria Park,false,0.1167
8,pickup,2025,2,11,Queens,Astoria Park,false,0.1167
8,pickup,2025,3,14,Queens,Astoria Park,false,0.1167
8,pickup,2025,4,16,Queens,Astoria Park,false,0.1167
8,pickup,2025,5,19,Queens,Astoria Park,false,0.1167
8,pickup,2025,6,32,Queens,Astoria Park,false,0.1167
9,dropoff,2024,2,236,Queens,Auburndale,false,0.1139
9,dropoff,2024,3,282,Queens,Auburndale,false,0.1139
9,dropoff,2024,4,291,Queens,Auburndale,false,0.1139
9,dropoff,2024,5,350,Queens,Auburndale,false,0.1139
9,dropoff,2024,6,333,Queens,Auburndale,false,0.1139
9,dropoff,2025,2,221,Queens,Auburndale,false,0.1139
9,dropoff,2025,3,271,Queens,Auburndale,false,0.1139
9,dropoff,2025,4,266,Queens,Auburndale,false,0.1139
9,dropoff,2025,5,323,Queens,Auburndale,false,0.1139
9,dropoff,2025,6,343,Queens,Auburndale,false,0.1139
9,pickup,2024,2,53,Queens,Auburndale,false,0.1357
9,pickup,2024,3,41,Queens,Auburndale,false,0.1357
9,pickup,2024,4,61,Queens,Auburndale,false,0.1357
9,pickup,2024,5,60,Queens,Auburndale,false,0.1357
9,pickup,2024,6,43,Queens,Auburndale,false,0.1357
9,pickup,2025,2,35,Queens,Auburndale,false,0.1357
9,pickup,2025,3,32,Queens,Auburndale,false,0.1357
9,pickup,2025,4,42,Queens,Auburndale,false,0.1357
9,pickup,2025,5,50,Queens,Auburndale,false,0.1357
9,pickup,2025,6,44,Queens,Auburndale,false,0.1357
10,dropoff,2024,2,2200,Queens,Baisley Park,false,0.056
10,dropoff,2024,3,2842,Queens,Baisley Park,false,0.056
10,dropoff,2024,4,2748,Queens,Baisley Park,false,0.056
10,dropoff,2024,5,3104,Queens,Baisley Park,false,0.056
10,dropoff,2024,6,3043,Queens,Baisley Park,false,0.056
10,dropoff,2025,2,2237,Queens,Baisley Park,false,0.056
10,dropoff,2025,3,2995,Queens,Baisley Park,false,0.056
10,dropoff,2025,4,2855,Queens,Baisley Park,false,0.056
10,dropoff,2025,5,3511,Queens,Baisley Park,false,0.056
10,dropoff,2025,6,3588,Queens,Baisley Park,false,0.056
10,pickup,2024,2,913,Queens,Baisley Park,false,0.4101
10,pickup,2024,3,1144,Queens,Baisley Park,false,0.4101
10,pickup,2024,4,1184,Queens,Baisley Park,false,0.4101
10,pickup,2024,5,1145,Queens,Baisley Park,false,0.4101
10,pickup,2024,6,1115,Queens,Baisley Park,false,0.4101
10,pickup,2025,2,698,Queens,Baisley Park,false,0.4101
10,pickup,2025,3,948,Queens,Baisley Park,false,0.4101
10,pickup,2025,4,1005,Queens,Baisley Park,false,0.4101
10,pickup,2025,5,1146,Queens,Baisley Park,false,0.4101
10,pickup,2025,6,1102,Queens,Baisley Park,false,0.4101
11,dropoff,2024,2,173,Brooklyn,Bath Beach,false,0.2444
11,dropoff,2024,3,213,Brooklyn,Bath Beach,false,0.2444
11,dropoff,2024,4,211,Brooklyn,Bath Beach,false,0.2444
11,dropoff,2024,5,230,Brooklyn,Bath Beach,false,0.2444
11,dropoff,2024,6,204,Brooklyn,Bath Beach,false,0.2444
11,dropoff,2025,2,145,Brooklyn,Bath Beach,false,0.2444
11,dropoff,2025,3,208,Brooklyn,Bath Beach,false,0.2444
11,dropoff,2025,4,204,Brooklyn,Bath Beach,false,0.2444
11,dropoff,2025,5,231,Brooklyn,Bath Beach,false,0.2444
11,dropoff,2025,6,217,Brooklyn,Bath Beach,false,0.2444
11,pickup,2024,2,59,Brooklyn,Bath Beach,false,0.1787
11,pickup,2024,3,79,Brooklyn,Bath Beach,false,0.1787
11,pickup,2024,4,73,Brooklyn,Bath Beach,false,0.1787
11,pickup,2024,5,93,Brooklyn,Bath Beach,false,0.1787
11,pickup,2024,6,71,Brooklyn,Bath Beach,false,0.1787
11,pickup,2025,2,93,Brooklyn,Bath Beach,false,0.1787
11,pickup,2025,3,81,Brooklyn,Bath Beach,false,0.1787
11,pickup,2025,4,87,Brooklyn,Bath Beach,false,0.1787
11,pickup,2025,5,99,Brooklyn,Bath Beach,false,0.1787
11,pickup,2025,6,102,Brooklyn,Bath Beach,false,0.1787
12,dropoff,2024,2,1239,Manhattan,Battery Park,true,1.0
12,dropoff,2024,3,1936,Manhattan,Battery Park,true,1.0
12,dropoff,2024,4,1773,Manhattan,Battery Park,true,1.0
12,dropoff,2024,5,1850,Manhattan,Battery Park,true,1.0
12,dropoff,2024,6,2180,Manhattan,Battery Park,true,1.0
12,dropoff,2025,2,887,Manhattan,Battery Park,true,1.0
12,dropoff,2025,3,1573,Manhattan,Battery Park,true,1.0
12,dropoff,2025,4,1963,Manhattan,Battery Park,true,1.0
12,dropoff,2025,5,1649,Manhattan,Battery Park,true,1.0
12,dropoff,2025,6,1799,Manhattan,Battery Park,true,1.0
12,pickup,2024,2,789,Manhattan,Battery Park,true,1.0
12,pickup,2024,3,1099,Manhattan,Battery Park,true,1.0
12,pickup,2024,4,1215,Manhattan,Battery Park,true,1.0
12,pickup,2024,5,1305,Manhattan,Battery Park,true,1.0
12,pickup,2024,6,1465,Manhattan,Battery Park,true,1.0
12,pickup,2025,2,632,Manhattan,Battery Park,true,1.0
12,pickup,2025,3,1034,Manhattan,Battery Park,true,1.0
12,pickup,2025,4,1252,Manhattan,Battery Park,true,1.0
12,pickup,2025,5,1218,Manhattan,Battery Park,true,1.0
12,pickup,2025,6,1296,Manhattan,Battery Park,true,1.0
13,dropoff,2024,2,18746,Manhattan,Battery Park City,true,1.0
13,dropoff,2024,3,22129,Manhattan,Battery Park City,true,1.0
13,dropoff,2024,4,22424,Manhattan,Battery Park City,true,1.0
13,dropoff,2024,5,23351,Manhattan,Battery Park City,true,1.0
13,dropoff,2024,6,23102,Manhattan,Battery Park City,true,1.0
13,dropoff,2025,2,17763,Manhattan,Battery Park City,true,1.0
13,dropoff,2025,3,22105,Manhattan,Battery Park City,true,1.0
13,dropoff,2025,4,22359,Manhattan,Battery Park City,true,1.0
13,dropoff,2025,5,22779,Manhattan,Battery Park City,true,1.0
13,dropoff,2025,6,21529,Manhattan,Battery Park City,true,1.0
13,pickup,2024,2,15278,Manhattan,Battery Park City,true,1.0
13,pickup,2024,3,17183,Manhattan,Battery Park City,true,1.0
13,pickup,2024,4,17545,Manhattan,Battery Park City,true,1.0
13,pickup,2024,5,18932,Manhattan,Battery Park City,true,1.0
13,pickup,2024,6,19030,Manhattan,Battery Park City,true,1.0
13,pickup,2025,2,14956,Manhattan,Battery Park City,true,1.0
13,pickup,2025,3,18044,Manhattan,Battery Park City,true,1.0
13,pickup,2025,4,18720,Manhattan,Battery Park City,true,1.0
13,pickup,2025,5,18966,Manhattan,Battery Park City,true,1.0
13,pickup,2025,6,18228,Manhattan,Battery Park City,true,1.0
14,dropoff,2024,2,1641,Brooklyn,Bay Ridge,false,0.4218
14,dropoff,2024,3,1917,Brooklyn,Bay Ridge,false,0.4218
14,dropoff,2024,4,2133,Brooklyn,Bay Ridge,false,0.4218
14,dropoff,2024,5,2062,Brooklyn,Bay Ridge,false,0.4218
14,dropoff,2024,6,1915,Brooklyn,Bay Ridge,false,0.4218
14,dropoff,2025,2,1802,Brooklyn,Bay Ridge,false,0.4218
14,dropoff,2025,3,2043,Brooklyn,Bay Ridge,false,0.4218
14,dropoff,2025,4,1947,Brooklyn,Bay Ridge,false,0.4218
14,dropoff,2025,5,2257,Brooklyn,Bay Ridge,false,0.4218
14,dropoff,2025,6,2091,Brooklyn,Bay Ridge,false,0.4218
14,pickup,2024,2,335,Brooklyn,Bay Ridge,false,0.1862
14,pickup,2024,3,412,Brooklyn,Bay Ridge,false,0.1862
14,pickup,2024,4,405,Brooklyn,Bay Ridge,false,0.1862
14,pickup,2024,5,407,Brooklyn,Bay Ridge,false,0.1862
14,pickup,2024,6,364,Brooklyn,Bay Ridge,false,0.1862
14,pickup,2025,2,467,Brooklyn,Bay Ridge,false,0.1862
14,pickup,2025,3,445,Brooklyn,Bay Ridge,false,0.1862
14,pickup,2025,4,424,Brooklyn,Bay Ridge,false,0.1862
14,pickup,2025,5,552,Brooklyn,Bay Ridge,false,0.1862
14,pickup,2025,6,599,Brooklyn,Bay Ridge,false,0.1862
15,dropoff,2024,2,360,Queens,Bay Terrace/Fort Totten,false,0.1011
15,dropoff,2024,3,371,Queens,Bay Terrace/Fort Totten,false,0.1011
15,dropoff,2024,4,396,Queens,Bay Terrace/Fort Totten,false,0.1011
15,dropoff,2024,5,383,Queens,Bay Terrace/Fort Totten,false,0.1011
15,dropoff,2024,6,330,Queens,Bay Terrace/Fort Totten,false,0.1011
15,dropoff,2025,2,301,Queens,Bay Terrace/Fort Totten,false,0.1011
15,dropoff,2025,3,304,Queens,Bay Terrace/Fort Totten,false,0.1011
15,dropoff,2025,4,351,Queens,Bay Terrace/Fort Totten,false,0.1011
15,dropoff,2025,5,410,Queens,Bay Terrace/Fort Totten,false,0.1011
15,dropoff,2025,6,343,Queens,Bay Terrace/Fort Totten,false,0.1011
15,pickup,2024,2,47,Queens,Bay Terrace/Fort Totten,false,0.2967
15,pickup,2024,3,42,Queens,Bay Terrace/Fort Totten,false,0.2967
15,pickup,2024,4,42,Queens,Bay Terrace/Fort Totten,false,0.2967
15,pickup,2024,5,35,Queens,Bay Terrace/Fort Totten,false,0.2967
15,pickup,2024,6,16,Queens,Bay Terrace/Fort Totten,false,0.2967
15,pickup,2025,2,27,Queens,Bay Terrace/Fort Totten,false,0.2967
15,pickup,2025,3,18,Queens,Bay Terrace/Fort Totten,false,0.2967
15,pickup,2025,4,34,Queens,Bay Terrace/Fort Totten,false,0.2967
15,pickup,2025,5,39,Queens,Bay Terrace/Fort Totten,false,0.2967
15,pickup,2025,6,25,Queens,Bay Terrace/Fort Totten,false,0.2967
16,dropoff,2024,2,428,Queens,Bayside,false,0.1063
16,dropoff,2024,3,478,Queens,Bayside,false,0.1063
16,dropoff,2024,4,558,Queens,Bayside,false,0.1063
16,dropoff,2024,5,581,Queens,Bayside,false,0.1063
16,dropoff,2024,6,495,Queens,Bayside,false,0.1063
16,dropoff,2025,2,404,Queens,Bayside,false,0.1063
16,dropoff,2025,3,433,Queens,Bayside,false,0.1063
16,dropoff,2025,4,531,Queens,Bayside,false,0.1063
16,dropoff,2025,5,529,Queens,Bayside,false,0.1063
16,dropoff,2025,6,585,Queens,Bayside,false,0.1063
16,pickup,2024,2,29,Queens,Bayside,false,0.0839
16,pickup,2024,3,64,Queens,Bayside,false,0.0839
16,pickup,2024,4,71,Queens,Bayside,false,0.0839
16,pickup,2024,5,68,Queens,Bayside,false,0.0839
16,pickup,2024,6,42,Queens,Bayside,false,0.0839
16,pickup,2025,2,40,Queens,Bayside,false,0.0839
16,pickup,2025,3,66,Queens,Bayside,false,0.0839
16,pickup,2025,4,68,Queens,Bayside,false,0.0839
16,pickup,2025,5,59,Queens,Bayside,false,0.0839
16,pickup,2025,6,62,Queens,Bayside,false,0.0839
17,dropoff,2024,2,2848,Brooklyn,Bedford,false,0.4163
17,dropoff,2024,3,3076,Brooklyn,Bedford,false,0.4163
17,dropoff,2024,4,3009,Brooklyn,Bedford,false,0.4163
17,dropoff,2024,5,3439,Brooklyn,Bedford,false,0.4163
17,dropoff,2024,6,3250,Brooklyn,Bedford,false,0.4163
17,dropoff,2025,2,2666,Brooklyn,Bedford,false,0.4163
17,dropoff,2025,3,3208,Brooklyn,Bedford,false,0.4163
17,dropoff,2025,4,2878,Brooklyn,Bedford,false,0.4163
17,dropoff,2025,5,3527,Brooklyn,Bedford,false,0.4163
17,dropoff,2025,6,3170,Brooklyn,Bedford,false,0.4163
17,pickup,2024,2,440,Brooklyn,Bedford,false,0.1439
17,pickup,2024,3,505,Brooklyn,Bedford,false,0.1439
17,pickup,2024,4,558,Brooklyn,Bedford,false,0.1439
17,pickup,2024,5,551,Brooklyn,Bedford,false,0.1439
17,pickup,2024,6,532,Brooklyn,Bedford,false,0.1439
17,pickup,2025,2,476,Brooklyn,Bedford,false,0.1439
17,pickup,2025,3,602,Brooklyn,Bedford,false,0.1439
17,pickup,2025,4,571,Brooklyn,Bedford,false,0.1439
17,pickup,2025,5,615,Brooklyn,Bedford,false,0.1439
17,pickup,2025,6,638,Brooklyn,Bedford,false,0.1439
18,dropoff,2024,2,330,Bronx,Bedford Park,false,0.2887
18,dropoff,2024,3,370,Bronx,Bedford Park,false,0.2887
18,dropoff,2024,4,388,Bronx,Bedford Park,false,0.2887
18,dropoff,2024,5,415,Bronx,Bedford Park,false,0.2887
18,dropoff,2024,6,409,Bronx,Bedford Park,false,0.2887
18,dropoff,2025,2,337,Bronx,Bedford Park,false,0.2887
18,dropoff,2025,3,417,Bronx,Bedford Park,false,0.2887
18,dropoff,2025,4,387,Bronx,Bedford Park,false,0.2887
18,dropoff,2025,5,432,Bronx,Bedford Park,false,0.2887
18,dropoff,2025,6,466,Bronx,Bedford Park,false,0.2887
18,pickup,2024,2,118,Bronx,Bedford Park,false,0.2857
18,pickup,2024,3,140,Bronx,Bedford Park,false,0.2857
18,pickup,2024,4,130,Bronx,Bedford Park,false,0.2857
18,pickup,2024,5,152,Bronx,Bedford Park,false,0.2857
18,pickup,2024,6,139,Bronx,Bedford Park,false,0.2857
18,pickup,2025,2,170,Bronx,Bedford Park,false,0.2857
18,pickup,2025,3,179,Bronx,Bedford Park,false,0.2857
18,pickup,2025,4,212,Bronx,Bedford Park,false,0.2857
18,pickup,2025,5,196,Bronx,Bedford Park,false,0.2857
18,pickup,2025,6,209,Bronx,Bedford Park,false,0.2857
19,dropoff,2024,2,412,Queens,Bellerose,false,0.0602
19,dropoff,2024,3,371,Queens,Bellerose,false,0.0602
19,dropoff,2024,4,438,Queens,Bellerose,false,0.0602
19,dropoff,2024,5,464,Queens,Bellerose,false,0.0602
19,dropoff,2024,6,425,Queens,Bellerose,false,0.0602
19,dropoff,2025,2,346,Queens,Bellerose,false,0.0602
19,dropoff,2025,3,393,Queens,Bellerose,false,0.0602
19,dropoff,2025,4,443,Queens,Bellerose,false,0.0602
19,dropoff,2025,5,470,Queens,Bellerose,false,0.0602
19,dropoff,2025,6,465,Queens,Bellerose,false,0.0602
19,pickup,2024,2,102,Queens,Bellerose,false,0.0911
19,pickup,2024,3,105,Queens,Bellerose,false,0.0911
19,pickup,2024,4,100,Queens,Bellerose,false,0.0911
19,pickup,2024,5,98,Queens,Bellerose,false,0.0911
19,pickup,2024,6,89,Queens,Bellerose,false,0.0911
19,pickup,2025,2,72,Queens,Bellerose,false,0.0911
19,pickup,2025,3,93,Queens,Bellerose,false,0.0911
19,pickup,2025,4,87,Queens,Bellerose,false,0.0911
19,pickup,2025,5,108,Queens,Bellerose,false,0.0911
19,pickup,2025,6,123,Queens,Bellerose,false,0.0911
20,dropoff,2024,2,292,Bronx,Belmont,false,0.2898
20,dropoff,2024,3,333,Bronx,Belmont,false,0.2898
20,dropoff,2024,4,412,Bronx,Belmont,false,0.2898
20,dropoff,2024,5,340,Bronx,Belmont,false,0.2898
20,dropoff,2024,6,307,Bronx,Belmont,false,0.2898
20,dropoff,2025,2,253,Bronx,Belmont,false,0.2898
20,dropoff,2025,3,364,Bronx,Belmont,false,0.2898
20,dropoff,2025,4,369,Bronx,Belmont,false,0.2898
20,dropoff,2025,5,377,Bronx,Belmont,false,0.2898
20,dropoff,2025,6,325,Bronx,Belmont,false,0.2898
20,pickup,2024,2,95,Bronx,Belmont,false,0.2086
20,pickup,2024,3,123,Bronx,Belmont,false,0.2086
20,pickup,2024,4,118,Bronx,Belmont,false,0.2086
20,pickup,2024,5,130,Bronx,Belmont,false,0.2086
20,pickup,2024,6,114,Bronx,Belmont,false,0.2086
20,pickup,2025,2,138,Bronx,Belmont,false,0.2086
20,pickup,2025,3,151,Bronx,Belmont,false,0.2086
20,pickup,2025,4,141,Bronx,Belmont,false,0.2086
20,pickup,2025,5,120,Bronx,Belmont,false,0.2086
20,pickup,2025,6,150,Bronx,Belmont,false,0.2086
21,dropoff,2024,2,304,Brooklyn,Bensonhurst East,false,0.2243
21,dropoff,2024,3,351,Brooklyn,Bensonhurst East,false,0.2243
21,dropoff,2024,4,378,Brooklyn,Bensonhurst East,false,0.2243
21,dropoff,2024,5,378,Brooklyn,Bensonhurst East,false,0.2243
21,dropoff,2024,6,332,Brooklyn,Bensonhurst East,false,0.2243
21,dropoff,2025,2,320,Brooklyn,Bensonhurst East,false,0.2243
21,dropoff,2025,3,353,Brooklyn,Bensonhurst East,false,0.2243
21,dropoff,2025,4,340,Brooklyn,Bensonhurst East,false,0.2243
21,dropoff,2025,5,385,Brooklyn,Bensonhurst East,false,0.2243
21,dropoff,2025,6,388,Brooklyn,Bensonhurst East,false,0.2243
21,pickup,2024,2,116,Brooklyn,Bensonhurst East,false,0.1936
21,pickup,2024,3,129,Brooklyn,Bensonhurst East,false,0.1936
21,pickup,2024,4,152,Brooklyn,Bensonhurst East,false,0.1936
21,pickup,2024,5,131,Brooklyn,Bensonhurst East,false,0.1936
21,pickup,2024,6,128,Brooklyn,Bensonhurst East,false,0.1936
21,pickup,2025,2,137,Brooklyn,Bensonhurst East,false,0.1936
21,pickup,2025,3,151,Brooklyn,Bensonhurst East,false,0.1936
21,pickup,2025,4,174,Brooklyn,Bensonhurst East,false,0.1936
21,pickup,2025,5,191,Brooklyn,Bensonhurst East,false,0.1936
21,pickup,2025,6,157,Brooklyn,Bensonhurst East,false,0.1936
22,dropoff,2024,2,371,Brooklyn,Bensonhurst West,false,0.3175
22,dropoff,2024,3,455,Brooklyn,Bensonhurst West,false,0.3175
22,dropoff,2024,4,505,Brooklyn,Bensonhurst West,false,0.3175
22,dropoff,2024,5,539,Brooklyn,Bensonhurst West,false,0.3175
22,dropoff,2024,6,483,Brooklyn,Bensonhurst West,false,0.3175
22,dropoff,2025,2,383,Brooklyn,Bensonhurst West,false,0.3175
22,dropoff,2025,3,541,Brooklyn,Bensonhurst West,false,0.3175
22,dropoff,2025,4,493,Brooklyn,Bensonhurst West,false,0.3175
22,dropoff,2025,5,552,Brooklyn,Bensonhurst West,false,0.3175
22,dropoff,2025,6,518,Brooklyn,Bensonhurst West,false,0.3175
22,pickup,2024,2,158,Brooklyn,Bensonhurst West,false,0.2871
22,pickup,2024,3,190,Brooklyn,Bensonhurst West,false,0.2871
22,pickup,2024,4,214,Brooklyn,Bensonhurst West,false,0.2871
22,pickup,2024,5,195,Brooklyn,Bensonhurst West,false,0.2871
22,pickup,2024,6,201,Brooklyn,Bensonhurst West,false,0.2871
22,pickup,2025,2,184,Brooklyn,Bensonhurst West,false,0.2871
22,pickup,2025,3,203,Brooklyn,Bensonhurst West,false,0.2871
22,pickup,2025,4,200,Brooklyn,Bensonhurst West,false,0.2871
22,pickup,2025,5,231,Brooklyn,Bensonhurst West,false,0.2871
22,pickup,2025,6,255,Brooklyn,Bensonhurst West,false,0.2871
23,dropoff,2024,2,43,Staten Island,Bloomfield/Emerson Hill,false,0.3364
23,dropoff,2024,3,65,Staten Island,Bloomfield/Emerson Hill,false,0.3364
23,dropoff,2024,4,69,Staten Island,Bloomfield/Emerson Hill,false,0.3364
23,dropoff,2024,5,83,Staten Island,Bloomfield/Emerson Hill,false,0.3364
23,dropoff,2024,6,64,Staten Island,Bloomfield/Emerson Hill,false,0.3364
23,dropoff,2025,2,49,Staten Island,Bloomfield/Emerson Hill,false,0.3364
23,dropoff,2025,3,48,Staten Island,Bloomfield/Emerson Hill,false,0.3364
23,dropoff,2025,4,67,Staten Island,Bloomfield/Emerson Hill,false,0.3364
23,dropoff,2025,5,80,Staten Island,Bloomfield/Emerson Hill,false,0.3364
23,dropoff,2025,6,62,Staten Island,Bloomfield/Emerson Hill,false,0.3364
23,pickup,2024,2,4,Staten Island,Bloomfield/Emerson Hill,false,0.36
23,pickup,2024,3,4,Staten Island,Bloomfield/Emerson Hill,false,0.36
23,pickup,2024,4,5,Staten Island,Bloomfield/Emerson Hill,false,0.36
23,pickup,2024,5,5,Staten Island,Bloomfield/Emerson Hill,false,0.36
23,pickup,2024,6,7,Staten Island,Bloomfield/Emerson Hill,false,0.36
23,pickup,2025,2,3,Staten Island,Bloomfield/Emerson Hill,false,0.36
23,pickup,2025,3,6,Staten Island,Bloomfield/Emerson Hill,false,0.36
23,pickup,2025,4,8,Staten Island,Bloomfield/Emerson Hill,false,0.36
23,pickup,2025,5,7,Staten Island,Bloomfield/Emerson Hill,false,0.36
23,pickup,2025,6,4,Staten Island,Bloomfield/Emerson Hill,false,0.36
24,dropoff,2024,2,8709,Manhattan,Bloomingdale,false,0.268
24,dropoff,2024,3,10237,Manhattan,Bloomingdale,false,0.268
24,dropoff,2024,4,9891,Manhattan,Bloomingdale,false,0.268
24,dropoff,2024,5,10615,Manhattan,Bloomingdale,false,0.268
24,dropoff,2024,6,9629,Manhattan,Bloomingdale,false,0.268
24,dropoff,2025,2,8695,Manhattan,Bloomingdale,false,0.268
24,dropoff,2025,3,9508,Manhattan,Bloomingdale,false,0.268
24,dropoff,2025,4,9486,Manhattan,Bloomingdale,false,0.268
24,dropoff,2025,5,10036,Manhattan,Bloomingdale,false,0.268
24,dropoff,2025,6,8838,Manhattan,Bloomingdale,false,0.268
24,pickup,2024,2,6824,Manhattan,Bloomingdale,false,0.1771
24,pickup,2024,3,7322,Manhattan,Bloomingdale,false,0.1771
24,pickup,2024,4,8178,Manhattan,Bloomingdale,false,0.1771
24,pickup,2024,5,8005,Manhattan,Bloomingdale,false,0.1771
24,pickup,2024,6,7135,Manhattan,Bloomingdale,false,0.1771
24,pickup,2025,2,6207,Manhattan,Bloomingdale,false,0.1771
24,pickup,2025,3,7212,Manhattan,Bloomingdale,false,0.1771
24,pickup,2025,4,7023,Manhattan,Bloomingdale,false,0.1771
24,pickup,2025,5,7228,Manhattan,Bloomingdale,false,0.1771
24,pickup,2025,6,6321,Manhattan,Bloomingdale,false,0.1771
25,dropoff,2024,2,4464,Brooklyn,Boerum Hill,false,0.4804
25,dropoff,2024,3,5191,Brooklyn,Boerum Hill,false,0.4804
25,dropoff,2024,4,5155,Brooklyn,Boerum Hill,false,0.4804
25,dropoff,2024,5,5540,Brooklyn,Boerum Hill,false,0.4804
25,dropoff,2024,6,5223,Brooklyn,Boerum Hill,false,0.4804
25,dropoff,2025,2,4501,Brooklyn,Boerum Hill,false,0.4804
25,dropoff,2025,3,5752,Brooklyn,Boerum Hill,false,0.4804
25,dropoff,2025,4,5243,Brooklyn,Boerum Hill,false,0.4804
25,dropoff,2025,5,5958,Brooklyn,Boerum Hill,false,0.4804
25,dropoff,2025,6,5640,Brooklyn,Boerum Hill,false,0.4804
25,pickup,2024,2,930,Brooklyn,Boerum Hill,false,0.1856
25,pickup,2024,3,1115,Brooklyn,Boerum Hill,false,0.1856
25,pickup,2024,4,1029,Brooklyn,Boerum Hill,false,0.1856
25,pickup,2024,5,1142,Brooklyn,Boerum Hill,false,0.1856
25,pickup,2024,6,1193,Brooklyn,Boerum Hill,false,0.1856
25,pickup,2025,2,930,Brooklyn,Boerum Hill,false,0.1856
25,pickup,2025,3,1189,Brooklyn,Boerum Hill,false,0.1856
25,pickup,2025,4,1236,Brooklyn,Boerum Hill,false,0.1856
25,pickup,2025,5,1303,Brooklyn,Boerum Hill,false,0.1856
25,pickup,2025,6,1264,Brooklyn,Boerum Hill,false,0.1856
26,dropoff,2024,2,889,Brooklyn,Borough Park,false,0.2089
26,dropoff,2024,3,940,Brooklyn,Borough Park,false,0.2089
26,dropoff,2024,4,767,Brooklyn,Borough Park,false,0.2089
26,dropoff,2024,5,998,Brooklyn,Borough Park,false,0.2089
26,dropoff,2024,6,857,Brooklyn,Borough Park,false,0.2089
26,dropoff,2025,2,983,Brooklyn,Borough Park,false,0.2089
26,dropoff,2025,3,953,Brooklyn,Borough Park,false,0.2089
26,dropoff,2025,4,768,Brooklyn,Borough Park,false,0.2089
26,dropoff,2025,5,971,Brooklyn,Borough Park,false,0.2089
26,dropoff,2025,6,946,Brooklyn,Borough Park,false,0.2089
26,pickup,2024,2,181,Brooklyn,Borough Park,false,0.1865
26,pickup,2024,3,238,Brooklyn,Borough Park,false,0.1865
26,pickup,2024,4,225,Brooklyn,Borough Park,false,0.1865
26,pickup,2024,5,268,Brooklyn,Borough Park,false,0.1865
26,pickup,2024,6,257,Brooklyn,Borough Park,false,0.1865
26,pickup,2025,2,265,Brooklyn,Borough Park,false,0.1865
26,pickup,2025,3,273,Brooklyn,Borough Park,false,0.1865
26,pickup,2025,4,244,Brooklyn,Borough Park,false,0.1865
26,pickup,2025,5,330,Brooklyn,Borough Park,false,0.1865
26,pickup,2025,6,301,Brooklyn,Borough Park,false,0.1865
27,dropoff,2024,2,44,Queens,Breezy Point/Fort Tilden/Riis Beach,false,0.127
27,dropoff,2024,3,62,Queens,Breezy Point/Fort Tilden/Riis Beach,false,0.127
27,dropoff,2024,4,73,Queens,Breezy Point/Fort Tilden/Riis Beach,false,0.127
27,dropoff,2024,5,68,Queens,Breezy Point/Fort Tilden/Riis Beach,false,0.127
27,dropoff,2024,6,68,Queens,Breezy Point/Fort Tilden/Riis Beach,false,0.127
27,dropoff,2025,2,46,Queens,Breezy Point/Fort Tilden/Riis Beach,false,0.127
27,dropoff,2025,3,54,Queens,Breezy Point/Fort Tilden/Riis Beach,false,0.127
27,dropoff,2025,4,60,Queens,Breezy Point/Fort Tilden/Riis Beach,false,0.127
27,dropoff,2025,5,68,Queens,Breezy Point/Fort Tilden/Riis Beach,false,0.127
27,dropoff,2025,6,77,Queens,Breezy Point/Fort Tilden/Riis Beach,false,0.127
27,pickup,2024,2,3,Queens,Breezy Point/Fort Tilden/Riis Beach,false,0.0455
27,pickup,2024,3,2,Queens,Breezy Point/Fort Tilden/Riis Beach,false,0.0455
27,pickup,2024,4,4,Queens,Breezy Point/Fort Tilden/Riis Beach,false,0.0455
27,pickup,2024,5,3,Queens,Breezy Point/Fort Tilden/Riis Beach,false,0.0455
27,pickup,2024,6,10,Queens,Breezy Point/Fort Tilden/Riis Beach,false,0.0455
27,pickup,2025,2,3,Queens,Breezy Point/Fort Tilden/Riis Beach,false,0.0455
27,pickup,2025,3,4,Queens,Breezy Point/Fort Tilden/Riis Beach,false,0.0455
27,pickup,2025,4,3,Queens,Breezy Point/Fort Tilden/Riis Beach,false,0.0455
27,pickup,2025,5,3,Queens,Breezy Point/Fort Tilden/Riis Beach,false,0.0455
27,pickup,2025,6,11,Queens,Breezy Point/Fort Tilden/Riis Beach,false,0.0455
28,dropoff,2024,2,921,Queens,Briarwood/Jamaica Hills,false,0.124
28,dropoff,2024,3,1022,Queens,Briarwood/Jamaica Hills,false,0.124
28,dropoff,2024,4,1062,Queens,Briarwood/Jamaica Hills,false,0.124
28,dropoff,2024,5,1048,Queens,Briarwood/Jamaica Hills,false,0.124
28,dropoff,2024,6,965,Queens,Briarwood/Jamaica Hills,false,0.124
28,dropoff,2025,2,865,Queens,Briarwood/Jamaica Hills,false,0.124
28,dropoff,2025,3,1023,Queens,Briarwood/Jamaica Hills,false,0.124
28,dropoff,2025,4,1077,Queens,Briarwood/Jamaica Hills,false,0.124
28,dropoff,2025,5,1093,Queens,Briarwood/Jamaica Hills,false,0.124
28,dropoff,2025,6,1118,Queens,Briarwood/Jamaica Hills,false,0.124
28,pickup,2024,2,299,Queens,Briarwood/Jamaica Hills,false,0.2676
28,pickup,2024,3,347,Queens,Briarwood/Jamaica Hills,false,0.2676
28,pickup,2024,4,310,Queens,Briarwood/Jamaica Hills,false,0.2676
28,pickup,2024,5,342,Queens,Briarwood/Jamaica Hills,false,0.2676
28,pickup,2024,6,275,Queens,Briarwood/Jamaica Hills,false,0.2676
28,pickup,2025,2,226,Queens,Briarwood/Jamaica Hills,false,0.2676
28,pickup,2025,3,241,Queens,Briarwood/Jamaica Hills,false,0.2676
28,pickup,2025,4,284,Queens,Briarwood/Jamaica Hills,false,0.2676
28,pickup,2025,5,302,Queens,Briarwood/Jamaica Hills,false,0.2676
28,pickup,2025,6,261,Queens,Briarwood/Jamaica Hills,false,0.2676
29,dropoff,2024,2,378,Brooklyn,Brighton Beach,false,0.2114
29,dropoff,2024,3,439,Brooklyn,Brighton Beach,false,0.2114
29,dropoff,2024,4,489,Brooklyn,Brighton Beach,false,0.2114
29,dropoff,2024,5,497,Brooklyn,Brighton Beach,false,0.2114
29,dropoff,2024,6,463,Brooklyn,Brighton Beach,false,0.2114
29,dropoff,2025,2,362,Brooklyn,Brighton Beach,false,0.2114
29,dropoff,2025,3,396,Brooklyn,Brighton Beach,false,0.2114
29,dropoff,2025,4,445,Brooklyn,Brighton Beach,false,0.2114
29,dropoff,2025,5,521,Brooklyn,Brighton Beach,false,0.2114
29,dropoff,2025,6,519,Brooklyn,Brighton Beach,false,0.2114
29,pickup,2024,2,180,Brooklyn,Brighton Beach,false,0.3138
29,pickup,2024,3,233,Brooklyn,Brighton Beach,false,0.3138
29,pickup,2024,4,227,Brooklyn,Brighton Beach,false,0.3138
29,pickup,2024,5,227,Brooklyn,Brighton Beach,false,0.3138
29,pickup,2024,6,191,Brooklyn,Brighton Beach,false,0.3138
29,pickup,2025,2,158,Brooklyn,Brighton Beach,false,0.3138
29,pickup,2025,3,172,Brooklyn,Brighton Beach,false,0.3138
29,pickup,2025,4,191,Brooklyn,Brighton Beach,false,0.3138
29,pickup,2025,5,204,Brooklyn,Brighton Beach,false,0.3138
29,pickup,2025,6,224,Brooklyn,Brighton Beach,false,0.3138
30,dropoff,2024,2,24,Queens,Broad Channel,false,0.0526
30,dropoff,2024,3,40,Queens,Broad Channel,false,0.0526
30,dropoff,2024,4,38,Queens,Broad Channel,false,0.0526
30,dropoff,2024,5,25,Queens,Broad Channel,false,0.0526
30,dropoff,2024,6,25,Queens,Broad Channel,false,0.0526
30,dropoff,2025,2,25,Queens,Broad Channel,false,0.0526
30,dropoff,2025,3,26,Queens,Broad Channel,false,0.0526
30,dropoff,2025,4,32,Queens,Broad Channel,false,0.0526
30,dropoff,2025,5,37,Queens,Broad Channel,false,0.0526
30,dropoff,2025,6,29,Queens,Broad Channel,false,0.0526
30,pickup,2024,2,1,Queens,Broad Channel,false,0.0
30,pickup,2024,3,3,Queens,Broad Channel,false,0.0
30,pickup,2024,4,4,Queens,Broad Channel,false,0.0
30,pickup,2024,5,4,Queens,Broad Channel,false,0.0
30,pickup,2024,6,3,Queens,Broad Channel,false,0.0
30,pickup,2025,2,1,Queens,Broad Channel,false,0.0
30,pickup,2025,3,4,Queens,Broad Channel,false,0.0
30,pickup,2025,4,4,Queens,Broad Channel,false,0.0
30,pickup,2025,5,2,Queens,Broad Channel,false,0.0
30,pickup,2025,6,2,Queens,Broad Channel,false,0.0
31,dropoff,2024,2,75,Bronx,Bronx Park,false,0.4638
31,dropoff,2024,3,178,Bronx,Bronx Park,false,0.4638
31,dropoff,2024,4,192,Bronx,Bronx Park,false,0.4638
31,dropoff,2024,5,162,Bronx,Bronx Park,false,0.4638
31,dropoff,2024,6,195,Bronx,Bronx Park,false,0.4638
31,dropoff,2025,2,64,Bronx,Bronx Park,false,0.4638
31,dropoff,2025,3,154,Bronx,Bronx Park,false,0.4638
31,dropoff,2025,4,202,Bronx,Bronx Park,false,0.4638
31,dropoff,2025,5,216,Bronx,Bronx Park,false,0.4638
31,dropoff,2025,6,175,Bronx,Bronx Park,false,0.4638
31,pickup,2024,2,11,Bronx,Bronx Park,false,0.2267
31,pickup,2024,3,17,Bronx,Bronx Park,false,0.2267
31,pickup,2024,4,23,Bronx,Bronx Park,false,0.2267
31,pickup,2024,5,12,Bronx,Bronx Park,false,0.2267
31,pickup,2024,6,12,Bronx,Bronx Park,false,0.2267
31,pickup,2025,2,6,Bronx,Bronx Park,false,0.2267
31,pickup,2025,3,15,Bronx,Bronx Park,false,0.2267
31,pickup,2025,4,28,Bronx,Bronx Park,false,0.2267
31,pickup,2025,5,23,Bronx,Bronx Park,false,0.2267
31,pickup,2025,6,29,Bronx,Bronx Park,false,0.2267
32,dropoff,2024,2,232,Bronx,Bronxdale,false,0.1924
32,dropoff,2024,3,266,Bronx,Bronxdale,false,0.1924
32,dropoff,2024,4,264,Bronx,Bronxdale,false,0.1924
32,dropoff,2024,5,260,Bronx,Bronxdale,false,0.1924
32,dropoff,2024,6,220,Bronx,Bronxdale,false,0.1924
32,dropoff,2025,2,196,Bronx,Bronxdale,false,0.1924
32,dropoff,2025,3,235,Bronx,Bronxdale,false,0.1924
32,dropoff,2025,4,240,Bronx,Bronxdale,false,0.1924
32,dropoff,2025,5,249,Bronx,Bronxdale,false,0.1924
32,dropoff,2025,6,251,Bronx,Bronxdale,false,0.1924
32,pickup,2024,2,114,Bronx,Bronxdale,false,0.2286
32,pickup,2024,3,121,Bronx,Bronxdale,false,0.2286
32,pickup,2024,4,159,Bronx,Bronxdale,false,0.2286
32,pickup,2024,5,115,Bronx,Bronxdale,false,0.2286
32,pickup,2024,6,99,Bronx,Bronxdale,false,0.2286
32,pickup,2025,2,121,Bronx,Bronxdale,false,0.2286
32,pickup,2025,3,143,Bronx,Bronxdale,false,0.2286
32,pickup,2025,4,160,Bronx,Bronxdale,false,0.2286
32,pickup,2025,5,149,Bronx,Bronxdale,false,0.2286
32,pickup,2025,6,161,Bronx,Bronxdale,false,0.2286
33,dropoff,2024,2,7288,Brooklyn,Brooklyn Heights,false,0.6069
33,dropoff,2024,3,8214,Brooklyn,Brooklyn Heights,false,0.6069
33,dropoff,2024,4,8058,Brooklyn,Brooklyn Heights,false,0.6069
33,dropoff,2024,5,8613,Brooklyn,Brooklyn Heights,false,0.6069
33,dropoff,2024,6,7912,Brooklyn,Brooklyn Heights,false,0.6069
33,dropoff,2025,2,7206,Brooklyn,Brooklyn Heights,false,0.6069
33,dropoff,2025,3,8548,Brooklyn,Brooklyn Heights,false,0.6069
33,dropoff,2025,4,8621,Brooklyn,Brooklyn Heights,false,0.6069
33,dropoff,2025,5,9003,Brooklyn,Brooklyn Heights,false,0.6069
33,dropoff,2025,6,8411,Brooklyn,Brooklyn Heights,false,0.6069
33,pickup,2024,2,919,Brooklyn,Brooklyn Heights,false,0.3573
33,pickup,2024,3,1149,Brooklyn,Brooklyn Heights,false,0.3573
33,pickup,2024,4,1195,Brooklyn,Brooklyn Heights,false,0.3573
33,pickup,2024,5,1354,Brooklyn,Brooklyn Heights,false,0.3573
33,pickup,2024,6,1319,Brooklyn,Brooklyn Heights,false,0.3573
33,pickup,2025,2,835,Brooklyn,Brooklyn Heights,false,0.3573
33,pickup,2025,3,1168,Brooklyn,Brooklyn Heights,false,0.3573
33,pickup,2025,4,1243,Brooklyn,Brooklyn Heights,false,0.3573
33,pickup,2025,5,1476,Brooklyn,Brooklyn Heights,false,0.3573
33,pickup,2025,6,1368,Brooklyn,Brooklyn Heights,false,0.3573
34,dropoff,2024,2,321,Brooklyn,Brooklyn Navy Yard,false,0.5963
34,dropoff,2024,3,366,Brooklyn,Brooklyn Navy Yard,false,0.5963
34,dropoff,2024,4,325,Brooklyn,Brooklyn Navy Yard,false,0.5963
34,dropoff,2024,5,402,Brooklyn,Brooklyn Navy Yard,false,0.5963
34,dropoff,2024,6,414,Brooklyn,Brooklyn Navy Yard,false,0.5963
34,dropoff,2025,2,276,Brooklyn,Brooklyn Navy Yard,false,0.5963
34,dropoff,2025,3,400,Brooklyn,Brooklyn Navy Yard,false,0.5963
34,dropoff,2025,4,335,Brooklyn,Brooklyn Navy Yard,false,0.5963
34,dropoff,2025,5,356,Brooklyn,Brooklyn Navy Yard,false,0.5963
34,dropoff,2025,6,338,Brooklyn,Brooklyn Navy Yard,false,0.5963
34,pickup,2024,2,34,Brooklyn,Brooklyn Navy Yard,false,0.3469
34,pickup,2024,3,41,Brooklyn,Brooklyn Navy Yard,false,0.3469
34,pickup,2024,4,42,Brooklyn,Brooklyn Navy Yard,false,0.3469
34,pickup,2024,5,61,Brooklyn,Brooklyn Navy Yard,false,0.3469
34,pickup,2024,6,93,Brooklyn,Brooklyn Navy Yard,false,0.3469
34,pickup,2025,2,49,Brooklyn,Brooklyn Navy Yard,false,0.3469
34,pickup,2025,3,180,Brooklyn,Brooklyn Navy Yard,false,0.3469
34,pickup,2025,4,69,Brooklyn,Brooklyn Navy Yard,false,0.3469
34,pickup,2025,5,89,Brooklyn,Brooklyn Navy Yard,false,0.3469
34,pickup,2025,6,111,Brooklyn,Brooklyn Navy Yard,false,0.3469
35,dropoff,2024,2,753,Brooklyn,Brownsville,false,0.116
35,dropoff,2024,3,877,Brooklyn,Brownsville,false,0.116
35,dropoff,2024,4,913,Brooklyn,Brownsville,false,0.116
35,dropoff,2024,5,986,Brooklyn,Brownsville,false,0.116
35,dropoff,2024,6,953,Brooklyn,Brownsville,false,0.116
35,dropoff,2025,2,787,Brooklyn,Brownsville,false,0.116
35,dropoff,2025,3,919,Brooklyn,Brownsville,false,0.116
35,dropoff,2025,4,1002,Brooklyn,Brownsville,false,0.116
35,dropoff,2025,5,1080,Brooklyn,Brownsville,false,0.116
35,dropoff,2025,6,1165,Brooklyn,Brownsville,false,0.116
35,pickup,2024,2,519,Brooklyn,Brownsville,false,0.105
35,pickup,2024,3,670,Brooklyn,Brownsville,false,0.105
35,pickup,2024,4,715,Brooklyn,Brownsville,false,0.105
35,pickup,2024,5,724,Brooklyn,Brownsville,false,0.105
35,pickup,2024,6,705,Brooklyn,Brownsville,false,0.105
35,pickup,2025,2,668,Brooklyn,Brownsville,false,0.105
35,pickup,2025,3,733,Brooklyn,Brownsville,false,0.105
35,pickup,2025,4,844,Brooklyn,Brownsville,false,0.105
35,pickup,2025,5,809,Brooklyn,Brownsville,false,0.105
35,pickup,2025,6,856,Brooklyn,Brownsville,false,0.105
36,dropoff,2024,2,1392,Brooklyn,Bushwick North,false,0.4207
36,dropoff,2024,3,1749,Brooklyn,Bushwick North,false,0.4207
36,dropoff,2024,4,1722,Brooklyn,Bushwick North,false,0.4207
36,dropoff,2024,5,1822,Brooklyn,Bushwick North,false,0.4207
36,dropoff,2024,6,2011,Brooklyn,Bushwick North,false,0.4207
36,dropoff,2025,2,1335,Brooklyn,Bushwick North,false,0.4207
36,dropoff,2025,3,1718,Brooklyn,Bushwick North,false,0.4207
36,dropoff,2025,4,1701,Brooklyn,Bushwick North,false,0.4207
36,dropoff,2025,5,2021,Brooklyn,Bushwick North,false,0.4207
36,dropoff,2025,6,2090,Brooklyn,Bushwick North,false,0.4207
36,pickup,2024,2,123,Brooklyn,Bushwick North,false,0.1541
36,pickup,2024,3,156,Brooklyn,Bushwick North,false,0.1541
36,pickup,2024,4,181,Brooklyn,Bushwick North,false,0.1541
36,pickup,2024,5,207,Brooklyn,Bushwick North,false,0.1541
36,pickup,2024,6,235,Brooklyn,Bushwick North,false,0.1541
36,pickup,2025,2,199,Brooklyn,Bushwick North,false,0.1541
36,pickup,2025,3,279,Brooklyn,Bushwick North,false,0.1541
36,pickup,2025,4,312,Brooklyn,Bushwick North,false,0.1541
36,pickup,2025,5,293,Brooklyn,Bushwick North,false,0.1541
36,pickup,2025,6,345,Brooklyn,Bushwick North,false,0.1541
37,dropoff,2024,2,2509,Brooklyn,Bushwick South,false,0.4172
37,dropoff,2024,3,2865,Brooklyn,Bushwick South,false,0.4172
37,dropoff,2024,4,2826,Brooklyn,Bushwick South,false,0.4172
37,dropoff,2024,5,3053,Brooklyn,Bushwick South,false,0.4172
37,dropoff,2024,6,3054,Brooklyn,Bushwick South,false,0.4172
37,dropoff,2025,2,2487,Brooklyn,Bushwick South,false,0.4172
37,dropoff,2025,3,2928,Brooklyn,Bushwick South,false,0.4172
37,dropoff,2025,4,2843,Brooklyn,Bushwick South,false,0.4172
37,dropoff,2025,5,3530,Brooklyn,Bushwick South,false,0.4172
37,dropoff,2025,6,3374,Brooklyn,Bushwick South,false,0.4172
37,pickup,2024,2,333,Brooklyn,Bushwick South,false,0.1592
37,pickup,2024,3,398,Brooklyn,Bushwick South,false,0.1592
37,pickup,2024,4,413,Brooklyn,Bushwick South,false,0.1592
37,pickup,2024,5,423,Brooklyn,Bushwick South,false,0.1592
37,pickup,2024,6,437,Brooklyn,Bushwick South,false,0.1592
37,pickup,2025,2,417,Brooklyn,Bushwick South,false,0.1592
37,pickup,2025,3,540,Brooklyn,Bushwick South,false,0.1592
37,pickup,2025,4,579,Brooklyn,Bushwick South,false,0.1592
37,pickup,2025,5,546,Brooklyn,Bushwick South,false,0.1592
37,pickup,2025,6,645,Brooklyn,Bushwick South,false,0.1592
38,dropoff,2024,2,569,Queens,Cambria Heights,false,0.0628
38,dropoff,2024,3,544,Queens,Cambria Heights,false,0.0628
38,dropoff,2024,4,605,Queens,Cambria Heights,false,0.0628
38,dropoff,2024,5,641,Queens,Cambria Heights,false,0.0628
38,dropoff,2024,6,602,Queens,Cambria Heights,false,0.0628
38,dropoff,2025,2,631,Queens,Cambria Heights,false,0.0628
38,dropoff,2025,3,556,Queens,Cambria Heights,false,0.0628
38,dropoff,2025,4,559,Queens,Cambria Heights,false,0.0628
38,dropoff,2025,5,675,Queens,Cambria Heights,false,0.0628
38,dropoff,2025,6,786,Queens,Cambria Heights,false,0.0628
38,pickup,2024,2,139,Queens,Cambria Heights,false,0.187
38,pickup,2024,3,164,Queens,Cambria Heights,false,0.187
38,pickup,2024,4,139,Queens,Cambria Heights,false,0.187
38,pickup,2024,5,154,Queens,Cambria Heights,false,0.187
38,pickup,2024,6,142,Queens,Cambria Heights,false,0.187
38,pickup,2025,2,119,Queens,Cambria Heights,false,0.187
38,pickup,2025,3,150,Queens,Cambria Heights,false,0.187
38,pickup,2025,4,169,Queens,Cambria Heights,false,0.187
38,pickup,2025,5,146,Queens,Cambria Heights,false,0.187
38,pickup,2025,6,158,Queens,Cambria Heights,false,0.187
39,dropoff,2024,2,1144,Brooklyn,Canarsie,false,0.0978
39,dropoff,2024,3,1345,Brooklyn,Canarsie,false,0.0978
39,dropoff,2024,4,1493,Brooklyn,Canarsie,false,0.0978
39,dropoff,2024,5,1607,Brooklyn,Canarsie,false,0.0978
39,dropoff,2024,6,1525,Brooklyn,Canarsie,false,0.0978
39,dropoff,2025,2,1235,Brooklyn,Canarsie,false,0.0978
39,dropoff,2025,3,1497,Brooklyn,Canarsie,false,0.0978
39,dropoff,2025,4,1566,Brooklyn,Canarsie,false,0.0978
39,dropoff,2025,5,1739,Brooklyn,Canarsie,false,0.0978
39,dropoff,2025,6,1698,Brooklyn,Canarsie,false,0.0978
39,pickup,2024,2,516,Brooklyn,Canarsie,false,0.185
39,pickup,2024,3,707,Brooklyn,Canarsie,false,0.185
39,pickup,2024,4,851,Brooklyn,Canarsie,false,0.185
39,pickup,2024,5,863,Brooklyn,Canarsie,false,0.185
39,pickup,2024,6,793,Brooklyn,Canarsie,false,0.185
39,pickup,2025,2,763,Brooklyn,Canarsie,false,0.185
39,pickup,2025,3,948,Brooklyn,Canarsie,false,0.185
39,pickup,2025,4,888,Brooklyn,Canarsie,false,0.185
39,pickup,2025,5,913,Brooklyn,Canarsie,false,0.185
39,pickup,2025,6,978,Brooklyn,Canarsie,false,0.185
40,dropoff,2024,2,2617,Brooklyn,Carroll Gardens,false,0.5822
40,dropoff,2024,3,2834,Brooklyn,Carroll Gardens,false,0.5822
40,dropoff,2024,4,2684,Brooklyn,Carroll Gardens,false,0.5822
40,dropoff,2024,5,2714,Brooklyn,Carroll Gardens,false,0.5822
40,dropoff,2024,6,2729,Brooklyn,Carroll Gardens,false,0.5822
40,dropoff,2025,2,2484,Brooklyn,Carroll Gardens,false,0.5822
40,dropoff,2025,3,2743,Brooklyn,Carroll Gardens,false,0.5822
40,dropoff,2025,4,2825,Brooklyn,Carroll Gardens,false,0.5822
40,dropoff,2025,5,2997,Brooklyn,Carroll Gardens,false,0.5822
40,dropoff,2025,6,2775,Brooklyn,Carroll Gardens,false,0.5822
40,pickup,2024,2,267,Brooklyn,Carroll Gardens,false,0.3692
40,pickup,2024,3,303,Brooklyn,Carroll Gardens,false,0.3692
40,pickup,2024,4,318,Brooklyn,Carroll Gardens,false,0.3692
40,pickup,2024,5,341,Brooklyn,Carroll Gardens,false,0.3692
40,pickup,2024,6,315,Brooklyn,Carroll Gardens,false,0.3692
40,pickup,2025,2,204,Brooklyn,Carroll Gardens,false,0.3692
40,pickup,2025,3,272,Brooklyn,Carroll Gardens,false,0.3692
40,pickup,2025,4,291,Brooklyn,Carroll Gardens,false,0.3692
40,pickup,2025,5,322,Brooklyn,Carroll Gardens,false,0.3692
40,pickup,2025,6,309,Brooklyn,Carroll Gardens,false,0.3692
41,dropoff,2024,2,15714,Manhattan,Central Harlem,false,0.2847
41,dropoff,2024,3,17478,Manhattan,Central Harlem,false,0.2847
41,dropoff,2024,4,16903,Manhattan,Central Harlem,false,0.2847
41,dropoff,2024,5,18294,Manhattan,Central Harlem,false,0.2847
41,dropoff,2024,6,17380,Manhattan,Central Harlem,false,0.2847
41,dropoff,2025,2,14334,Manhattan,Central Harlem,false,0.2847
41,dropoff,2025,3,16746,Manhattan,Central Harlem,false,0.2847
41,dropoff,2025,4,16561,Manhattan,Central Harlem,false,0.2847
41,dropoff,2025,5,17954,Manhattan,Central Harlem,false,0.2847
41,dropoff,2025,6,16008,Manhattan,Central Harlem,false,0.2847
41,pickup,2024,2,5909,Manhattan,Central Harlem,false,0.1298
41,pickup,2024,3,6737,Manhattan,Central Harlem,false,0.1298
41,pickup,2024,4,6671,Manhattan,Central Harlem,false,0.1298
41,pickup,2024,5,7416,Manhattan,Central Harlem,false,0.1298
41,pickup,2024,6,6647,Manhattan,Central Harlem,false,0.1298
41,pickup,2025,2,5598,Manhattan,Central Harlem,false,0.1298
41,pickup,2025,3,6995,Manhattan,Central Harlem,false,0.1298
41,pickup,2025,4,6533,Manhattan,Central Harlem,false,0.1298
41,pickup,2025,5,7387,Manhattan,Central Harlem,false,0.1298
41,pickup,2025,6,6803,Manhattan,Central Harlem,false,0.1298
42,dropoff,2024,2,9675,Manhattan,Central Harlem North,false,0.3189
42,dropoff,2024,3,11309,Manhattan,Central Harlem North,false,0.3189
42,dropoff,2024,4,10929,Manhattan,Central Harlem North,false,0.3189
42,dropoff,2024,5,11021,Manhattan,Central Harlem North,false,0.3189
42,dropoff,2024,6,10537,Manhattan,Central Harlem North,false,0.3189
42,dropoff,2025,2,8656,Manhattan,Central Harlem North,false,0.3189
42,dropoff,2025,3,10688,Manhattan,Central Harlem North,false,0.3189
42,dropoff,2025,4,9924,Manhattan,Central Harlem North,false,0.3189
42,dropoff,2025,5,10486,Manhattan,Central Harlem North,false,0.3189
42,dropoff,2025,6,9733,Manhattan,Central Harlem North,false,0.3189
42,pickup,2024,2,2358,Manhattan,Central Harlem North,false,0.12
42,pickup,2024,3,2928,Manhattan,Central Harlem North,false,0.12
42,pickup,2024,4,2862,Manhattan,Central Harlem North,false,0.12
42,pickup,2024,5,2967,Manhattan,Central Harlem North,false,0.12
42,pickup,2024,6,2882,Manhattan,Central Harlem North,false,0.12
42,pickup,2025,2,2464,Manhattan,Central Harlem North,false,0.12
42,pickup,2025,3,2937,Manhattan,Central Harlem North,false,0.12
42,pickup,2025,4,2872,Manhattan,Central Harlem North,false,0.12
42,pickup,2025,5,3112,Manhattan,Central Harlem North,false,0.12
42,pickup,2025,6,2813,Manhattan,Central Harlem North,false,0.12
43,dropoff,2024,2,31816,Manhattan,Central Park,false,0.4434
43,dropoff,2024,3,35495,Manhattan,Central Park,false,0.4434
43,dropoff,2024,4,37876,Manhattan,Central Park,false,0.4434
43,dropoff,2024,5,40116,Manhattan,Central Park,false,0.4434
43,dropoff,2024,6,36181,Manhattan,Central Park,false,0.4434
43,dropoff,2025,2,28415,Manhattan,Central Park,false,0.4434
43,dropoff,2025,3,32032,Manhattan,Central Park,false,0.4434
43,dropoff,2025,4,36572,Manhattan,Central Park,false,0.4434
43,dropoff,2025,5,36615,Manhattan,Central Park,false,0.4434
43,dropoff,2025,6,32889,Manhattan,Central Park,false,0.4434
43,pickup,2024,2,44422,Manhattan,Central Park,false,0.4604
43,pickup,2024,3,50124,Manhattan,Central Park,false,0.4604
43,pickup,2024,4,52612,Manhattan,Central Park,false,0.4604
43,pickup,2024,5,55330,Manhattan,Central Park,false,0.4604
43,pickup,2024,6,52524,Manhattan,Central Park,false,0.4604
43,pickup,2025,2,39585,Manhattan,Central Park,false,0.4604
43,pickup,2025,3,45919,Manhattan,Central Park,false,0.4604
43,pickup,2025,4,51917,Manhattan,Central Park,false,0.4604
43,pickup,2025,5,52636,Manhattan,Central Park,false,0.4604
43,pickup,2025,6,47095,Manhattan,Central Park,false,0.4604
44,dropoff,2024,2,8,Staten Island,Charleston/Tottenville,false,0.4
44,dropoff,2024,3,13,Staten Island,Charleston/Tottenville,false,0.4
44,dropoff,2024,4,14,Staten Island,Charleston/Tottenville,false,0.4
44,dropoff,2024,5,18,Staten Island,Charleston/Tottenville,false,0.4
44,dropoff,2024,6,17,Staten Island,Charleston/Tottenville,false,0.4
44,dropoff,2025,2,8,Staten Island,Charleston/Tottenville,false,0.4
44,dropoff,2025,3,17,Staten Island,Charleston/Tottenville,false,0.4
44,dropoff,2025,4,15,Staten Island,Charleston/Tottenville,false,0.4
44,dropoff,2025,5,26,Staten Island,Charleston/Tottenville,false,0.4
44,dropoff,2025,6,23,Staten Island,Charleston/Tottenville,false,0.4
44,pickup,2024,3,2,Staten Island,Charleston/Tottenville,false,0.0
44,pickup,2024,5,2,Staten Island,Charleston/Tottenville,false,0.0
44,pickup,2024,6,1,Staten Island,Charleston/Tottenville,false,0.0
44,pickup,2025,3,4,Staten Island,Charleston/Tottenville,false,0.0
44,pickup,2025,4,1,Staten Island,Charleston/Tottenville,false,0.0
44,pickup,2025,5,1,Staten Island,Charleston/Tottenville,false,0.0
44,pickup,2025,6,1,Staten Island,Charleston/Tottenville,false,0.0
45,dropoff,2024,2,7210,Manhattan,Chinatown,true,1.0
45,dropoff,2024,3,8221,Manhattan,Chinatown,true,1.0
45,dropoff,2024,4,7845,Manhattan,Chinatown,true,1.0
45,dropoff,2024,5,8419,Manhattan,Chinatown,true,1.0
45,dropoff,2024,6,8203,Manhattan,Chinatown,true,1.0
45,dropoff,2025,2,7090,Manhattan,Chinatown,true,1.0
45,dropoff,2025,3,8333,Manhattan,Chinatown,true,1.0
45,dropoff,2025,4,8485,Manhattan,Chinatown,true,1.0
45,dropoff,2025,5,8943,Manhattan,Chinatown,true,1.0
45,dropoff,2025,6,8095,Manhattan,Chinatown,true,1.0
45,pickup,2024,2,3695,Manhattan,Chinatown,true,1.0
45,pickup,2024,3,3950,Manhattan,Chinatown,true,1.0
45,pickup,2024,4,3926,Manhattan,Chinatown,true,1.0
45,pickup,2024,5,4279,Manhattan,Chinatown,true,1.0
45,pickup,2024,6,4301,Manhattan,Chinatown,true,1.0
45,pickup,2025,2,3872,Manhattan,Chinatown,true,1.0
45,pickup,2025,3,4548,Manhattan,Chinatown,true,1.0
45,pickup,2025,4,4812,Manhattan,Chinatown,true,1.0
45,pickup,2025,5,4912,Manhattan,Chinatown,true,1.0
45,pickup,2025,6,4446,Manhattan,Chinatown,true,1.0
46,dropoff,2024,2,68,Bronx,City Island,false,0.1722
46,dropoff,2024,3,69,Bronx,City Island,false,0.1722
46,dropoff,2024,4,99,Bronx,City Island,false,0.1722
46,dropoff,2024,5,86,Bronx,City Island,false,0.1722
46,dropoff,2024,6,96,Bronx,City Island,false,0.1722
46,dropoff,2025,2,48,Bronx,City Island,false,0.1722
46,dropoff,2025,3,86,Bronx,City Island,false,0.1722
46,dropoff,2025,4,79,Bronx,City Island,false,0.1722
46,dropoff,2025,5,106,Bronx,City Island,false,0.1722
46,dropoff,2025,6,107,Bronx,City Island,false,0.1722
46,pickup,2024,2,12,Bronx,City Island,false,0.0875
46,pickup,2024,3,11,Bronx,City Island,false,0.0875
46,pickup,2024,4,13,Bronx,City Island,false,0.0875
46,pickup,2024,5,20,Bronx,City Island,false,0.0875
46,pickup,2024,6,24,Bronx,City Island,false,0.0875
46,pickup,2025,2,14,Bronx,City Island,false,0.0875
46,pickup,2025,3,23,Bronx,City Island,false,0.0875
46,pickup,2025,4,17,Bronx,City Island,false,0.0875
46,pickup,2025,5,18,Bronx,City Island,false,0.0875
46,pickup,2025,6,29,Bronx,City Island,false,0.0875
47,dropoff,2024,2,289,Bronx,Claremont/Bathgate,false,0.2445
47,dropoff,2024,3,304,Bronx,Claremont/Bathgate,false,0.2445
47,dropoff,2024,4,365,Bronx,Claremont/Bathgate,false,0.2445
47,dropoff,2024,5,362,Bronx,Claremont/Bathgate,false,0.2445
47,dropoff,2024,6,279,Bronx,Claremont/Bathgate,false,0.2445
47,dropoff,2025,2,234,Bronx,Claremont/Bathgate,false,0.2445
47,dropoff,2025,3,296,Bronx,Claremont/Bathgate,false,0.2445
47,dropoff,2025,4,313,Bronx,Claremont/Bathgate,false,0.2445
47,dropoff,2025,5,308,Bronx,Claremont/Bathgate,false,0.2445
47,dropoff,2025,6,318,Bronx,Claremont/Bathgate,false,0.2445
47,pickup,2024,2,143,Bronx,Claremont/Bathgate,false,0.1661
47,pickup,2024,3,180,Bronx,Claremont/Bathgate,false,0.1661
47,pickup,2024,4,172,Bronx,Claremont/Bathgate,false,0.1661
47,pickup,2024,5,173,Bronx,Claremont/Bathgate,false,0.1661
47,pickup,2024,6,151,Bronx,Claremont/Bathgate,false,0.1661
47,pickup,2025,2,167,Bronx,Claremont/Bathgate,false,0.1661
47,pickup,2025,3,225,Bronx,Claremont/Bathgate,false,0.1661
47,pickup,2025,4,195,Bronx,Claremont/Bathgate,false,0.1661
47,pickup,2025,5,218,Bronx,Claremont/Bathgate,false,0.1661
47,pickup,2025,6,204,Bronx,Claremont/Bathgate,false,0.1661
48,dropoff,2024,2,66725,Manhattan,Clinton East,true,1.0
48,dropoff,2024,3,77348,Manhattan,Clinton East,true,1.0
48,dropoff,2024,4,73053,Manhattan,Clinton East,true,1.0
48,dropoff,2024,5,76002,Manhattan,Clinton East,true,1.0
48,dropoff,2024,6,76070,Manhattan,Clinton East,true,1.0
48,dropoff,2025,2,64097,Manhattan,Clinton East,true,1.0
48,dropoff,2025,3,77108,Manhattan,Clinton East,true,1.0
48,dropoff,2025,4,73442,Manhattan,Clinton East,true,1.0
48,dropoff,2025,5,74638,Manhattan,Clinton East,true,1.0
48,dropoff,2025,6,71722,Manhattan,Clinton East,true,1.0
48,pickup,2024,2,71808,Manhattan,Clinton East,true,1.0
48,pickup,2024,3,82956,Manhattan,Clinton East,true,1.0
48,pickup,2024,4,78851,Manhattan,Clinton East,true,1.0
48,pickup,2024,5,81957,Manhattan,Clinton East,true,1.0
48,pickup,2024,6,80695,Manhattan,Clinton East,true,1.0
48,pickup,2025,2,67750,Manhattan,Clinton East,true,1.0
48,pickup,2025,3,82255,Manhattan,Clinton East,true,1.0
48,pickup,2025,4,79107,Manhattan,Clinton East,true,1.0
48,pickup,2025,5,78973,Manhattan,Clinton East,true,1.0
48,pickup,2025,6,75074,Manhattan,Clinton East,true,1.0
49,dropoff,2024,2,3549,Brooklyn,Clinton Hill,false,0.4634
49,dropoff,2024,3,4256,Brooklyn,Clinton Hill,false,0.4634
49,dropoff,2024,4,4089,Brooklyn,Clinton Hill,false,0.4634
49,dropoff,2024,5,4316,Brooklyn,Clinton Hill,false,0.4634
49,dropoff,2024,6,4031,Brooklyn,Clinton Hill,false,0.4634
49,dropoff,2025,2,3828,Brooklyn,Clinton Hill,false,0.4634
49,dropoff,2025,3,4324,Brooklyn,Clinton Hill,false,0.4634
49,dropoff,2025,4,4195,Brooklyn,Clinton Hill,false,0.4634
49,dropoff,2025,5,4719,Brooklyn,Clinton Hill,false,0.4634
49,dropoff,2025,6,4457,Brooklyn,Clinton Hill,false,0.4634
49,pickup,2024,2,398,Brooklyn,Clinton Hill,false,0.1613
49,pickup,2024,3,422,Brooklyn,Clinton Hill,false,0.1613
49,pickup,2024,4,511,Brooklyn,Clinton Hill,false,0.1613
49,pickup,2024,5,512,Brooklyn,Clinton Hill,false,0.1613
49,pickup,2024,6,469,Brooklyn,Clinton Hill,false,0.1613
49,pickup,2025,2,515,Brooklyn,Clinton Hill,false,0.1613
49,pickup,2025,3,565,Brooklyn,Clinton Hill,false,0.1613
49,pickup,2025,4,627,Brooklyn,Clinton Hill,false,0.1613
49,pickup,2025,5,630,Brooklyn,Clinton Hill,false,0.1613
49,pickup,2025,6,651,Brooklyn,Clinton Hill,false,0.1613
50,dropoff,2024,2,28775,Manhattan,Clinton West,true,1.0
50,dropoff,2024,3,31759,Manhattan,Clinton West,true,1.0
50,dropoff,2024,4,32623,Manhattan,Clinton West,true,1.0
50,dropoff,2024,5,33829,Manhattan,Clinton West,true,1.0
50,dropoff,2024,6,32814,Manhattan,Clinton West,true,1.0
50,dropoff,2025,2,26591,Manhattan,Clinton West,true,1.0
50,dropoff,2025,3,31084,Manhattan,Clinton West,true,1.0
50,dropoff,2025,4,30979,Manhattan,Clinton West,true,1.0
50,dropoff,2025,5,32726,Manhattan,Clinton West,true,1.0
50,dropoff,2025,6,30658,Manhattan,Clinton West,true,1.0
50,pickup,2024,2,14938,Manhattan,Clinton West,true,1.0
50,pickup,2024,3,17220,Manhattan,Clinton West,true,1.0
50,pickup,2024,4,17254,Manhattan,Clinton West,true,1.0
50,pickup,2024,5,18603,Manhattan,Clinton West,true,1.0
50,pickup,2024,6,18585,Manhattan,Clinton West,true,1.0
50,pickup,2025,2,13028,Manhattan,Clinton West,true,1.0
50,pickup,2025,3,16289,Manhattan,Clinton West,true,1.0
50,pickup,2025,4,16107,Manhattan,Clinton West,true,1.0
50,pickup,2025,5,17736,Manhattan,Clinton West,true,1.0
50,pickup,2025,6,16906,Manhattan,Clinton West,true,1.0
51,dropoff,2024,2,541,Bronx,Co-Op City,false,0.1728
51,dropoff,2024,3,559,Bronx,Co-Op City,false,0.1728
51,dropoff,2024,4,582,Bronx,Co-Op City,false,0.1728
51,dropoff,2024,5,604,Bronx,Co-Op City,false,0.1728
51,dropoff,2024,6,585,Bronx,Co-Op City,false,0.1728
51,dropoff,2025,2,580,Bronx,Co-Op City,false,0.1728
51,dropoff,2025,3,684,Bronx,Co-Op City,false,0.1728
51,dropoff,2025,4,642,Bronx,Co-Op City,false,0.1728
51,dropoff,2025,5,735,Bronx,Co-Op City,false,0.1728
51,dropoff,2025,6,707,Bronx,Co-Op City,false,0.1728
51,pickup,2024,2,358,Bronx,Co-Op City,false,0.2174
51,pickup,2024,3,407,Bronx,Co-Op City,false,0.2174
51,pickup,2024,4,429,Bronx,Co-Op City,false,0.2174
51,pickup,2024,5,438,Bronx,Co-Op City,false,0.2174
51,pickup,2024,6,323,Bronx,Co-Op City,false,0.2174
51,pickup,2025,2,343,Bronx,Co-Op City,false,0.2174
51,pickup,2025,3,367,Bronx,Co-Op City,false,0.2174
51,pickup,2025,4,390,Bronx,Co-Op City,false,0.2174
51,pickup,2025,5,443,Bronx,Co-Op City,false,0.2174
51,pickup,2025,6,471,Bronx,Co-Op City,false,0.2174
52,dropoff,2024,2,1930,Brooklyn,Cobble Hill,false,0.5919
52,dropoff,2024,3,2105,Brooklyn,Cobble Hill,false,0.5919
52,dropoff,2024,4,1980,Brooklyn,Cobble Hill,false,0.5919
52,dropoff,2024,5,2053,Brooklyn,Cobble Hill,false,0.5919
52,dropoff,2024,6,2063,Brooklyn,Cobble Hill,false,0.5919
52,dropoff,2025,2,1878,Brooklyn,Cobble Hill,false,0.5919
52,dropoff,2025,3,2265,Brooklyn,Cobble Hill,false,0.5919
52,dropoff,2025,4,2267,Brooklyn,Cobble Hill,false,0.5919
52,dropoff,2025,5,2284,Brooklyn,Cobble Hill,false,0.5919
52,dropoff,2025,6,2100,Brooklyn,Cobble Hill,false,0.5919
52,pickup,2024,2,449,Brooklyn,Cobble Hill,false,0.335
52,pickup,2024,3,495,Brooklyn,Cobble Hill,false,0.335
52,pickup,2024,4,504,Brooklyn,Cobble Hill,false,0.335
52,pickup,2024,5,526,Brooklyn,Cobble Hill,false,0.335
52,pickup,2024,6,459,Brooklyn,Cobble Hill,false,0.335
52,pickup,2025,2,367,Brooklyn,Cobble Hill,false,0.335
52,pickup,2025,3,477,Brooklyn,Cobble Hill,false,0.335
52,pickup,2025,4,423,Brooklyn,Cobble Hill,false,0.335
52,pickup,2025,5,512,Brooklyn,Cobble Hill,false,0.335
52,pickup,2025,6,445,Brooklyn,Cobble Hill,false,0.335
53,dropoff,2024,2,304,Queens,College Point,false,0.1022
53,dropoff,2024,3,359,Queens,College Point,false,0.1022
53,dropoff,2024,4,359,Queens,College Point,false,0.1022
53,dropoff,2024,5,455,Queens,College Point,false,0.1022
53,dropoff,2024,6,510,Queens,College Point,false,0.1022
53,dropoff,2025,2,282,Queens,College Point,false,0.1022
53,dropoff,2025,3,366,Queens,College Point,false,0.1022
53,dropoff,2025,4,326,Queens,College Point,false,0.1022
53,dropoff,2025,5,388,Queens,College Point,false,0.1022
53,dropoff,2025,6,434,Queens,College Point,false,0.1022
53,pickup,2024,2,49,Queens,College Point,false,0.2846
53,pickup,2024,3,42,Queens,College Point,false,0.2846
53,pickup,2024,4,46,Queens,College Point,false,0.2846
53,pickup,2024,5,53,Queens,College Point,false,0.2846
53,pickup,2024,6,56,Queens,College Point,false,0.2846
53,pickup,2025,2,81,Queens,College Point,false,0.2846
53,pickup,2025,3,81,Queens,College Point,false,0.2846
53,pickup,2025,4,89,Queens,College Point,false,0.2846
53,pickup,2025,5,91,Queens,College Point,false,0.2846
53,pickup,2025,6,92,Queens,College Point,false,0.2846
54,dropoff,2024,2,692,Brooklyn,Columbia Street,false,0.5738
54,dropoff,2024,3,687,Brooklyn,Columbia Street,false,0.5738
54,dropoff,2024,4,710,Brooklyn,Columbia Street,false,0.5738
54,dropoff,2024,5,676,Brooklyn,Columbia Street,false,0.5738
54,dropoff,2024,6,672,Brooklyn,Columbia Street,false,0.5738
54,dropoff,2025,2,683,Brooklyn,Columbia Street,false,0.5738
54,dropoff,2025,3,765,Brooklyn,Columbia Street,false,0.5738
54,dropoff,2025,4,770,Brooklyn,Columbia Street,false,0.5738
54,dropoff,2025,5,774,Brooklyn,Columbia Street,false,0.5738
54,dropoff,2025,6,771,Brooklyn,Columbia Street,false,0.5738
54,pickup,2024,2,33,Brooklyn,Columbia Street,false,0.194
54,pickup,2024,3,44,Brooklyn,Columbia Street,false,0.194
54,pickup,2024,4,47,Brooklyn,Columbia Street,false,0.194
54,pickup,2024,5,54,Brooklyn,Columbia Street,false,0.194
54,pickup,2024,6,54,Brooklyn,Columbia Street,false,0.194
54,pickup,2025,2,46,Brooklyn,Columbia Street,false,0.194
54,pickup,2025,3,52,Brooklyn,Columbia Street,false,0.194
54,pickup,2025,4,57,Brooklyn,Columbia Street,false,0.194
54,pickup,2025,5,88,Brooklyn,Columbia Street,false,0.194
54,pickup,2025,6,80,Brooklyn,Columbia Street,false,0.194
55,dropoff,2024,2,404,Brooklyn,Coney Island,false,0.2322
55,dropoff,2024,3,561,Brooklyn,Coney Island,false,0.2322
55,dropoff,2024,4,601,Brooklyn,Coney Island,false,0.2322
55,dropoff,2024,5,729,Brooklyn,Coney Island,false,0.2322
55,dropoff,2024,6,775,Brooklyn,Coney Island,false,0.2322
55,dropoff,2025,2,618,Brooklyn,Coney Island,false,0.2322
55,dropoff,2025,3,805,Brooklyn,Coney Island,false,0.2322
55,dropoff,2025,4,846,Brooklyn,Coney Island,false,0.2322
55,dropoff,2025,5,940,Brooklyn,Coney Island,false,0.2322
55,dropoff,2025,6,1049,Brooklyn,Coney Island,false,0.2322
55,pickup,2024,2,260,Brooklyn,Coney Island,false,0.2057
55,pickup,2024,3,371,Brooklyn,Coney Island,false,0.2057
55,pickup,2024,4,385,Brooklyn,Coney Island,false,0.2057
55,pickup,2024,5,448,Brooklyn,Coney Island,false,0.2057
55,pickup,2024,6,451,Brooklyn,Coney Island,false,0.2057
55,pickup,2025,2,418,Brooklyn,Coney Island,false,0.2057
55,pickup,2025,3,500,Brooklyn,Coney Island,false,0.2057
55,pickup,2025,4,551,Brooklyn,Coney Island,false,0.2057
55,pickup,2025,5,565,Brooklyn,Coney Island,false,0.2057
55,pickup,2025,6,626,Brooklyn,Coney Island,false,0.2057
56,dropoff,2024,2,696,Queens,Corona,false,0.2304
56,dropoff,2024,3,783,Queens,Corona,false,0.2304
56,dropoff,2024,4,798,Queens,Corona,false,0.2304
56,dropoff,2024,5,825,Queens,Corona,false,0.2304
56,dropoff,2024,6,770,Queens,Corona,false,0.2304
56,dropoff,2025,2,866,Queens,Corona,false,0.2304
56,dropoff,2025,3,984,Queens,Corona,false,0.2304
56,dropoff,2025,4,983,Queens,Corona,false,0.2304
56,dropoff,2025,5,1083,Queens,Corona,false,0.2304
56,dropoff,2025,6,1099,Queens,Corona,false,0.2304
56,pickup,2024,2,244,Queens,Corona,false,0.3473
56,pickup,2024,3,227,Queens,Corona,false,0.3473
56,pickup,2024,4,243,Queens,Corona,false,0.3473
56,pickup,2024,5,227,Queens,Corona,false,0.3473
56,pickup,2024,6,254,Queens,Corona,false,0.3473
56,pickup,2025,2,213,Queens,Corona,false,0.3473
56,pickup,2025,3,225,Queens,Corona,false,0.3473
56,pickup,2025,4,225,Queens,Corona,false,0.3473
56,pickup,2025,5,222,Queens,Corona,false,0.3473
56,pickup,2025,6,282,Queens,Corona,false,0.3473
57,dropoff,2024,2,39,Queens,Corona,false,0.1698
57,dropoff,2024,3,49,Queens,Corona,false,0.1698
57,dropoff,2024,4,72,Queens,Corona,false,0.1698
57,dropoff,2024,5,40,Queens,Corona,false,0.1698
57,dropoff,2024,6,65,Queens,Corona,false,0.1698
57,dropoff,2025,2,29,Queens,Corona,false,0.1698
57,dropoff,2025,3,42,Queens,Corona,false,0.1698
57,dropoff,2025,4,53,Queens,Corona,false,0.1698
57,dropoff,2025,5,35,Queens,Corona,false,0.1698
57,dropoff,2025,6,57,Queens,Corona,false,0.1698
57,pickup,2024,2,3,Queens,Corona,false,0.0476
57,pickup,2024,3,9,Queens,Corona,false,0.0476
57,pickup,2024,4,13,Queens,Corona,false,0.0476
57,pickup,2024,5,9,Queens,Corona,false,0.0476
57,pickup,2024,6,8,Queens,Corona,false,0.0476
57,pickup,2025,2,6,Queens,Corona,false,0.0476
57,pickup,2025,3,5,Queens,Corona,false,0.0476
57,pickup,2025,4,21,Queens,Corona,false,0.0476
57,pickup,2025,5,11,Queens,Corona,false,0.0476
57,pickup,2025,6,17,Queens,Corona,false,0.0476
58,dropoff,2024,2,69,Bronx,Country Club,false,0.1739
58,dropoff,2024,3,84,Bronx,Country Club,false,0.1739
58,dropoff,2024,4,91,Bronx,Country Club,false,0.1739
58,dropoff,2024,5,73,Bronx,Country Club,false,0.1739
58,dropoff,2024,6,74,Bronx,Country Club,false,0.1739
58,dropoff,2025,2,60,Bronx,Country Club,false,0.1739
58,dropoff,2025,3,76,Bronx,Country Club,false,0.1739
58,dropoff,2025,4,84,Bronx,Country Club,false,0.1739
58,dropoff,2025,5,87,Bronx,Country Club,false,0.1739
58,dropoff,2025,6,83,Bronx,Country Club,false,0.1739
58,pickup,2024,2,3,Bronx,Country Club,false,0.0625
58,pickup,2024,3,4,Bronx,Country Club,false,0.0625
58,pickup,2024,4,4,Bronx,Country Club,false,0.0625
58,pickup,2024,5,2,Bronx,Country Club,false,0.0625
58,pickup,2024,6,3,Bronx,Country Club,false,0.0625
58,pickup,2025,2,12,Bronx,Country Club,false,0.0625
58,pickup,2025,3,11,Bronx,Country Club,false,0.0625
58,pickup,2025,4,19,Bronx,Country Club,false,0.0625
58,pickup,2025,5,21,Bronx,Country Club,false,0.0625
58,pickup,2025,6,13,Bronx,Country Club,false,0.0625
59,dropoff,2024,2,8,Bronx,Crotona Park,false,0.2637
59,dropoff,2024,3,21,Bronx,Crotona Park,false,0.2637
59,dropoff,2024,4,20,Bronx,Crotona Park,false,0.2637
59,dropoff,2024,5,13,Bronx,Crotona Park,false,0.2637
59,dropoff,2024,6,29,Bronx,Crotona Park,false,0.2637
59,dropoff,2025,2,11,Bronx,Crotona Park,false,0.2637
59,dropoff,2025,3,16,Bronx,Crotona Park,false,0.2637
59,dropoff,2025,4,11,Bronx,Crotona Park,false,0.2637
59,dropoff,2025,5,14,Bronx,Crotona Park,false,0.2637
59,dropoff,2025,6,23,Bronx,Crotona Park,false,0.2637
59,pickup,2024,2,1,Bronx,Crotona Park,false,0.0417
59,pickup,2024,3,7,Bronx,Crotona Park,false,0.0417
59,pickup,2024,4,6,Bronx,Crotona Park,false,0.0417
59,pickup,2024,5,5,Bronx,Crotona Park,false,0.0417
59,pickup,2024,6,5,Bronx,Crotona Park,false,0.0417
59,pickup,2025,2,3,Bronx,Crotona Park,false,0.0417
59,pickup,2025,3,2,Bronx,Crotona Park,false,0.0417
59,pickup,2025,4,5,Bronx,Crotona Park,false,0.0417
59,pickup,2025,6,3,Bronx,Crotona Park,false,0.0417
60,dropoff,2024,2,181,Bronx,Crotona Park East,false,0.2063
60,dropoff,2024,3,209,Bronx,Crotona Park East,false,0.2063
60,dropoff,2024,4,265,Bronx,Crotona Park East,false,0.2063
60,dropoff,2024,5,219,Bronx,Crotona Park East,false,0.2063
60,dropoff,2024,6,231,Bronx,Crotona Park East,false,0.2063
60,dropoff,2025,2,135,Bronx,Crotona Park East,false,0.2063
60,dropoff,2025,3,196,Bronx,Crotona Park East,false,0.2063
60,dropoff,2025,4,212,Bronx,Crotona Park East,false,0.2063
60,dropoff,2025,5,207,Bronx,Crotona Park East,false,0.2063
60,dropoff,2025,6,210,Bronx,Crotona Park East,false,0.2063
60,pickup,2024,2,88,Bronx,Crotona Park East,false,0.268
60,pickup,2024,3,116,Bronx,Crotona Park East,false,0.268
60,pickup,2024,4,120,Bronx,Crotona Park East,false,0.268
60,pickup,2024,5,138,Bronx,Crotona Park East,false,0.268
60,pickup,2024,6,109,Bronx,Crotona Park East,false,0.268
60,pickup,2025,2,105,Bronx,Crotona Park East,false,0.268
60,pickup,2025,3,157,Bronx,Crotona Park East,false,0.268
60,pickup,2025,4,150,Bronx,Crotona Park East,false,0.268
60,pickup,2025,5,116,Bronx,Crotona Park East,false,0.268
60,pickup,2025,6,152,Bronx,Crotona Park East,false,0.268
61,dropoff,2024,2,3705,Brooklyn,Crown Heights North,false,0.302
61,dropoff,2024,3,4279,Brooklyn,Crown Heights North,false,0.302
61,dropoff,2024,4,4277,Brooklyn,Crown Heights North,false,0.302
61,dropoff,2024,5,4461,Brooklyn,Crown Heights North,false,0.302
61,dropoff,2024,6,4533,Brooklyn,Crown Heights North,false,0.302
61,dropoff,2025,2,3858,Brooklyn,Crown Heights North,false,0.302
61,dropoff,2025,3,4531,Brooklyn,Crown Heights North,false,0.302
61,dropoff,2025,4,4541,Brooklyn,Crown Heights North,false,0.302
61,dropoff,2025,5,4922,Brooklyn,Crown Heights North,false,0.302
61,dropoff,2025,6,4775,Brooklyn,Crown Heights North,false,0.302
61,pickup,2024,2,860,Brooklyn,Crown Heights North,false,0.1432
61,pickup,2024,3,1082,Brooklyn,Crown Heights North,false,0.1432
61,pickup,2024,4,1179,Brooklyn,Crown Heights North,false,0.1432
61,pickup,2024,5,1269,Brooklyn,Crown Heights North,false,0.1432
61,pickup,2024,6,1225,Brooklyn,Crown Heights North,false,0.1432
61,pickup,2025,2,1184,Brooklyn,Crown Heights North,false,0.1432
61,pickup,2025,3,1395,Brooklyn,Crown Heights North,false,0.1432
61,pickup,2025,4,1366,Brooklyn,Crown Heights North,false,0.1432
61,pickup,2025,5,1392,Brooklyn,Crown Heights North,false,0.1432
61,pickup,2025,6,1525,Brooklyn,Crown Heights North,false,0.1432
62,dropoff,2024,2,1116,Brooklyn,Crown Heights South,false,0.2815
62,dropoff,2024,3,1323,Brooklyn,Crown Heights South,false,0.2815
62,dropoff,2024,4,1350,Brooklyn,Crown Heights South,false,0.2815
62,dropoff,2024,5,1534,Brooklyn,Crown Heights South,false,0.2815
62,dropoff,2024,6,1415,Brooklyn,Crown Heights South,false,0.2815
62,dropoff,2025,2,1219,Brooklyn,Crown Heights South,false,0.2815
62,dropoff,2025,3,1294,Brooklyn,Crown Heights South,false,0.2815
62,dropoff,2025,4,1359,Brooklyn,Crown Heights South,false,0.2815
62,dropoff,2025,5,1513,Brooklyn,Crown Heights South,false,0.2815
62,dropoff,2025,6,1551,Brooklyn,Crown Heights South,false,0.2815
62,pickup,2024,2,302,Brooklyn,Crown Heights South,false,0.134
62,pickup,2024,3,398,Brooklyn,Crown Heights South,false,0.134
62,pickup,2024,4,436,Brooklyn,Crown Heights South,false,0.134
62,pickup,2024,5,525,Brooklyn,Crown Heights South,false,0.134
62,pickup,2024,6,429,Brooklyn,Crown Heights South,false,0.134
62,pickup,2025,2,381,Brooklyn,Crown Heights South,false,0.134
62,pickup,2025,3,438,Brooklyn,Crown Heights South,false,0.134
62,pickup,2025,4,480,Brooklyn,Crown Heights South,false,0.134
62,pickup,2025,5,508,Brooklyn,Crown Heights South,false,0.134
62,pickup,2025,6,446,Brooklyn,Crown Heights South,false,0.134
63,dropoff,2024,2,474,Brooklyn,Cypress Hills,false,0.1154
63,dropoff,2024,3,549,Brooklyn,Cypress Hills,false,0.1154
63,dropoff,2024,4,578,Brooklyn,Cypress Hills,false,0.1154
63,dropoff,2024,5,629,Brooklyn,Cypress Hills,false,0.1154
63,dropoff,2024,6,603,Brooklyn,Cypress Hills,false,0.1154
63,dropoff,2025,2,468,Brooklyn,Cypress Hills,false,0.1154
63,dropoff,2025,3,576,Brooklyn,Cypress Hills,false,0.1154
63,dropoff,2025,4,575,Brooklyn,Cypress Hills,false,0.1154
63,dropoff,2025,5,699,Brooklyn,Cypress Hills,false,0.1154
63,dropoff,2025,6,643,Brooklyn,Cypress Hills,false,0.1154
63,pickup,2024,2,119,Brooklyn,Cypress Hills,false,0.1749
63,pickup,2024,3,163,Brooklyn,Cypress Hills,false,0.1749
63,pickup,2024,4,169,Brooklyn,Cypress Hills,false,0.1749
63,pickup,2024,5,184,Brooklyn,Cypress Hills,false,0.1749
63,pickup,2024,6,240,Brooklyn,Cypress Hills,false,0.1749
63,pickup,2025,2,193,Brooklyn,Cypress Hills,false,0.1749
63,pickup,2025,3,215,Brooklyn,Cypress Hills,false,0.1749
63,pickup,2025,4,224,Brooklyn,Cypress Hills,false,0.1749
63,pickup,2025,5,225,Brooklyn,Cypress Hills,false,0.1749
63,pickup,2025,6,232,Brooklyn,Cypress Hills,false,0.1749
64,dropoff,2024,2,367,Queens,Douglaston,false,0.0848
64,dropoff,2024,3,393,Queens,Douglaston,false,0.0848
64,dropoff,2024,4,424,Queens,Douglaston,false,0.0848
64,dropoff,2024,5,387,Queens,Douglaston,false,0.0848
64,dropoff,2024,6,352,Queens,Douglaston,false,0.0848
64,dropoff,2025,2,354,Queens,Douglaston,false,0.0848
64,dropoff,2025,3,344,Queens,Douglaston,false,0.0848
64,dropoff,2025,4,402,Queens,Douglaston,false,0.0848
64,dropoff,2025,5,438,Queens,Douglaston,false,0.0848
64,dropoff,2025,6,390,Queens,Douglaston,false,0.0848
64,pickup,2024,2,34,Queens,Douglaston,false,0.0931
64,pickup,2024,3,48,Queens,Douglaston,false,0.0931
64,pickup,2024,4,44,Queens,Douglaston,false,0.0931
64,pickup,2024,5,43,Queens,Douglaston,false,0.0931
64,pickup,2024,6,35,Queens,Douglaston,false,0.0931
64,pickup,2025,2,30,Queens,Douglaston,false,0.0931
64,pickup,2025,3,34,Queens,Douglaston,false,0.0931
64,pickup,2025,4,23,Queens,Douglaston,false,0.0931
64,pickup,2025,5,34,Queens,Douglaston,false,0.0931
64,pickup,2025,6,43,Queens,Douglaston,false,0.0931
65,dropoff,2024,2,3688,Brooklyn,Downtown Brooklyn/MetroTech,false,0.5064
65,dropoff,2024,3,4519,Brooklyn,Downtown Brooklyn/MetroTech,false,0.5064
65,dropoff,2024,4,4562,Brooklyn,Downtown Brooklyn/MetroTech,false,0.5064
65,dropoff,2024,5,5260,Brooklyn,Downtown Brooklyn/MetroTech,false,0.5064
65,dropoff,2024,6,4726,Brooklyn,Downtown Brooklyn/MetroTech,false,0.5064
65,dropoff,2025,2,3489,Brooklyn,Downtown Brooklyn/MetroTech,false,0.5064
65,dropoff,2025,3,4627,Brooklyn,Downtown Brooklyn/MetroTech,false,0.5064
65,dropoff,2025,4,4547,Brooklyn,Downtown Brooklyn/MetroTech,false,0.5064
65,dropoff,2025,5,5133,Brooklyn,Downtown Brooklyn/MetroTech,false,0.5064
65,dropoff,2025,6,4665,Brooklyn,Downtown Brooklyn/MetroTech,false,0.5064
65,pickup,2024,2,1321,Brooklyn,Downtown Brooklyn/MetroTech,false,0.3889
65,pickup,2024,3,1621,Brooklyn,Downtown Brooklyn/MetroTech,false,0.3889
65,pickup,2024,4,1668,Brooklyn,Downtown Brooklyn/MetroTech,false,0.3889
65,pickup,2024,5,2048,Brooklyn,Downtown Brooklyn/MetroTech,false,0.3889
65,pickup,2024,6,1789,Brooklyn,Downtown Brooklyn/MetroTech,false,0.3889
65,pickup,2025,2,1140,Brooklyn,Downtown Brooklyn/MetroTech,false,0.3889
65,pickup,2025,3,1586,Brooklyn,Downtown Brooklyn/MetroTech,false,0.3889
65,pickup,2025,4,1770,Brooklyn,Downtown Brooklyn/MetroTech,false,0.3889
65,pickup,2025,5,1888,Brooklyn,Downtown Brooklyn/MetroTech,false,0.3889
65,pickup,2025,6,1759,Brooklyn,Downtown Brooklyn/MetroTech,false,0.3889
66,dropoff,2024,2,3492,Brooklyn,DUMBO/Vinegar Hill,false,0.7114
66,dropoff,2024,3,4074,Brooklyn,DUMBO/Vinegar Hill,false,0.7114
66,dropoff,2024,4,4037,Brooklyn,DUMBO/Vinegar Hill,false,0.7114
66,dropoff,2024,5,4225,Brooklyn,DUMBO/Vinegar Hill,false,0.7114
66,dropoff,2024,6,4293,Brooklyn,DUMBO/Vinegar Hill,false,0.7114
66,dropoff,2025,2,3517,Brooklyn,DUMBO/Vinegar Hill,false,0.7114
66,dropoff,2025,3,4560,Brooklyn,DUMBO/Vinegar Hill,false,0.7114
66,dropoff,2025,4,4831,Brooklyn,DUMBO/Vinegar Hill,false,0.7114
66,dropoff,2025,5,4965,Brooklyn,DUMBO/Vinegar Hill,false,0.7114
66,dropoff,2025,6,4768,Brooklyn,DUMBO/Vinegar Hill,false,0.7114
66,pickup,2024,2,525,Brooklyn,DUMBO/Vinegar Hill,false,0.4644
66,pickup,2024,3,620,Brooklyn,DUMBO/Vinegar Hill,false,0.4644
66,pickup,2024,4,765,Brooklyn,DUMBO/Vinegar Hill,false,0.4644
66,pickup,2024,5,947,Brooklyn,DUMBO/Vinegar Hill,false,0.4644
66,pickup,2024,6,1017,Brooklyn,DUMBO/Vinegar Hill,false,0.4644
66,pickup,2025,2,616,Brooklyn,DUMBO/Vinegar Hill,false,0.4644
66,pickup,2025,3,898,Brooklyn,DUMBO/Vinegar Hill,false,0.4644
66,pickup,2025,4,1407,Brooklyn,DUMBO/Vinegar Hill,false,0.4644
66,pickup,2025,5,1382,Brooklyn,DUMBO/Vinegar Hill,false,0.4644
66,pickup,2025,6,1349,Brooklyn,DUMBO/Vinegar Hill,false,0.4644
67,dropoff,2024,2,313,Brooklyn,Dyker Heights,false,0.3815
67,dropoff,2024,3,388,Brooklyn,Dyker Heights,false,0.3815
67,dropoff,2024,4,409,Brooklyn,Dyker Heights,false,0.3815
67,dropoff,2024,5,395,Brooklyn,Dyker Heights,false,0.3815
67,dropoff,2024,6,372,Brooklyn,Dyker Heights,false,0.3815
67,dropoff,2025,2,308,Brooklyn,Dyker Heights,false,0.3815
67,dropoff,2025,3,378,Brooklyn,Dyker Heights,false,0.3815
67,dropoff,2025,4,364,Brooklyn,Dyker Heights,false,0.3815
67,dropoff,2025,5,450,Brooklyn,Dyker Heights,false,0.3815
67,dropoff,2025,6,389,Brooklyn,Dyker Heights,false,0.3815
67,pickup,2024,2,69,Brooklyn,Dyker Heights,false,0.3231
67,pickup,2024,3,80,Brooklyn,Dyker Heights,false,0.3231
67,pickup,2024,4,89,Brooklyn,Dyker Heights,false,0.3231
67,pickup,2024,5,74,Brooklyn,Dyker Heights,false,0.3231
67,pickup,2024,6,78,Brooklyn,Dyker Heights,false,0.3231
67,pickup,2025,2,88,Brooklyn,Dyker Heights,false,0.3231
67,pickup,2025,3,97,Brooklyn,Dyker Heights,false,0.3231
67,pickup,2025,4,68,Brooklyn,Dyker Heights,false,0.3231
67,pickup,2025,5,75,Brooklyn,Dyker Heights,false,0.3231
67,pickup,2025,6,97,Brooklyn,Dyker Heights,false,0.3231
68,dropoff,2024,2,71426,Manhattan,East Chelsea,true,1.0
68,dropoff,2024,3,80380,Manhattan,East Chelsea,true,1.0
68,dropoff,2024,4,78795,Manhattan,East Chelsea,true,1.0
68,dropoff,2024,5,82481,Manhattan,East Chelsea,true,1.0
68,dropoff,2024,6,80853,Manhattan,East Chelsea,true,1.0
68,dropoff,2025,2,70867,Manhattan,East Chelsea,true,1.0
68,dropoff,2025,3,82297,Manhattan,East Chelsea,true,1.0
68,dropoff,2025,4,81434,Manhattan,East Chelsea,true,1.0
68,dropoff,2025,5,81747,Manhattan,East Chelsea,true,1.0
68,dropoff,2025,6,77432,Manhattan,East Chelsea,true,1.0
68,pickup,2024,2,75192,Manhattan,East Chelsea,true,1.0
68,pickup,2024,3,83334,Manhattan,East Chelsea,true,1.0
68,pickup,2024,4,81991,Manhattan,East Chelsea,true,1.0
68,pickup,2024,5,88239,Manhattan,East Chelsea,true,1.0
68,pickup,2024,6,86038,Manhattan,East Chelsea,true,1.0
68,pickup,2025,2,75636,Manhattan,East Chelsea,true,1.0
68,pickup,2025,3,85839,Manhattan,East Chelsea,true,1.0
68,pickup,2025,4,84235,Manhattan,East Chelsea,true,1.0
68,pickup,2025,5,86006,Manhattan,East Chelsea,true,1.0
68,pickup,2025,6,81406,Manhattan,East Chelsea,true,1.0
69,dropoff,2024,2,903,Bronx,East Concourse/Concourse Village,false,0.2335
69,dropoff,2024,3,943,Bronx,East Concourse/Concourse Village,false,0.2335
69,dropoff,2024,4,942,Bronx,East Concourse/Concourse Village,false,0.2335
69,dropoff,2024,5,1076,Bronx,East Concourse/Concourse Village,false,0.2335
69,dropoff,2024,6,1010,Bronx,East Concourse/Concourse Village,false,0.2335
69,dropoff,2025,2,814,Bronx,East Concourse/Concourse Village,false,0.2335
69,dropoff,2025,3,998,Bronx,East Concourse/Concourse Village,false,0.2335
69,dropoff,2025,4,917,Bronx,East Concourse/Concourse Village,false,0.2335
69,dropoff,2025,5,983,Bronx,East Concourse/Concourse Village,false,0.2335
69,dropoff,2025,6,1031,Bronx,East Concourse/Concourse Village,false,0.2335
69,pickup,2024,2,331,Bronx,East Concourse/Concourse Village,false,0.2349
69,pickup,2024,3,333,Bronx,East Concourse/Concourse Village,false,0.2349
69,pickup,2024,4,330,Bronx,East Concourse/Concourse Village,false,0.2349
69,pickup,2024,5,362,Bronx,East Concourse/Concourse Village,false,0.2349
69,pickup,2024,6,338,Bronx,East Concourse/Concourse Village,false,0.2349
69,pickup,2025,2,345,Bronx,East Concourse/Concourse Village,false,0.2349
69,pickup,2025,3,413,Bronx,East Concourse/Concourse Village,false,0.2349
69,pickup,2025,4,400,Bronx,East Concourse/Concourse Village,false,0.2349
69,pickup,2025,5,432,Bronx,East Concourse/Concourse Village,false,0.2349
69,pickup,2025,6,424,Bronx,East Concourse/Concourse Village,false,0.2349
70,dropoff,2024,2,1267,Queens,East Elmhurst,false,0.1975
70,dropoff,2024,3,1703,Queens,East Elmhurst,false,0.1975
70,dropoff,2024,4,1611,Queens,East Elmhurst,false,0.1975
70,dropoff,2024,5,1829,Queens,East Elmhurst,false,0.1975
70,dropoff,2024,6,1778,Queens,East Elmhurst,false,0.1975
70,dropoff,2025,2,1121,Queens,East Elmhurst,false,0.1975
70,dropoff,2025,3,1606,Queens,East Elmhurst,false,0.1975
70,dropoff,2025,4,1528,Queens,East Elmhurst,false,0.1975
70,dropoff,2025,5,1717,Queens,East Elmhurst,false,0.1975
70,dropoff,2025,6,1719,Queens,East Elmhurst,false,0.1975
70,pickup,2024,2,11484,Queens,East Elmhurst,false,0.4857
70,pickup,2024,3,13737,Queens,East Elmhurst,false,0.4857
70,pickup,2024,4,14109,Queens,East Elmhurst,false,0.4857
70,pickup,2024,5,14371,Queens,East Elmhurst,false,0.4857
70,pickup,2024,6,13279,Queens,East Elmhurst,false,0.4857
70,pickup,2025,2,8525,Queens,East Elmhurst,false,0.4857
70,pickup,2025,3,10959,Queens,East Elmhurst,false,0.4857
70,pickup,2025,4,11665,Queens,East Elmhurst,false,0.4857
70,pickup,2025,5,12042,Queens,East Elmhurst,false,0.4857
70,pickup,2025,6,11766,Queens,East Elmhurst,false,0.4857
71,dropoff,2024,2,659,Brooklyn,East Flatbush/Farragut,false,0.145
71,dropoff,2024,3,794,Brooklyn,East Flatbush/Farragut,false,0.145
71,dropoff,2024,4,815,Brooklyn,East Flatbush/Farragut,false,0.145
71,dropoff,2024,5,952,Brooklyn,East Flatbush/Farragut,false,0.145
71,dropoff,2024,6,903,Brooklyn,East Flatbush/Farragut,false,0.145
71,dropoff,2025,2,747,Brooklyn,East Flatbush/Farragut,false,0.145
71,dropoff,2025,3,850,Brooklyn,East Flatbush/Farragut,false,0.145
71,dropoff,2025,4,905,Brooklyn,East Flatbush/Farragut,false,0.145
71,dropoff,2025,5,1076,Brooklyn,East Flatbush/Farragut,false,0.145
71,dropoff,2025,6,1037,Brooklyn,East Flatbush/Farragut,false,0.145
71,pickup,2024,2,309,Brooklyn,East Flatbush/Farragut,false,0.1043
71,pickup,2024,3,510,Brooklyn,East Flatbush/Farragut,false,0.1043
71,pickup,2024,4,491,Brooklyn,East Flatbush/Farragut,false,0.1043
71,pickup,2024,5,528,Brooklyn,East Flatbush/Farragut,false,0.1043
71,pickup,2024,6,512,Brooklyn,East Flatbush/Farragut,false,0.1043
71,pickup,2025,2,489,Brooklyn,East Flatbush/Farragut,false,0.1043
71,pickup,2025,3,607,Brooklyn,East Flatbush/Farragut,false,0.1043
71,pickup,2025,4,656,Brooklyn,East Flatbush/Farragut,false,0.1043
71,pickup,2025,5,662,Brooklyn,East Flatbush/Farragut,false,0.1043
71,pickup,2025,6,672,Brooklyn,East Flatbush/Farragut,false,0.1043
72,dropoff,2024,2,777,Brooklyn,East Flatbush/Remsen Village,false,0.1224
72,dropoff,2024,3,889,Brooklyn,East Flatbush/Remsen Village,false,0.1224
72,dropoff,2024,4,985,Brooklyn,East Flatbush/Remsen Village,false,0.1224
72,dropoff,2024,5,990,Brooklyn,East Flatbush/Remsen Village,false,0.1224
72,dropoff,2024,6,1001,Brooklyn,East Flatbush/Remsen Village,false,0.1224
72,dropoff,2025,2,802,Brooklyn,East Flatbush/Remsen Village,false,0.1224
72,dropoff,2025,3,942,Brooklyn,East Flatbush/Remsen Village,false,0.1224
72,dropoff,2025,4,993,Brooklyn,East Flatbush/Remsen Village,false,0.1224
72,dropoff,2025,5,1080,Brooklyn,East Flatbush/Remsen Village,false,0.1224
72,dropoff,2025,6,1029,Brooklyn,East Flatbush/Remsen Village,false,0.1224
72,pickup,2024,2,434,Brooklyn,East Flatbush/Remsen Village,false,0.1672
72,pickup,2024,3,572,Brooklyn,East Flatbush/Remsen Village,false,0.1672
72,pickup,2024,4,547,Brooklyn,East Flatbush/Remsen Village,false,0.1672
72,pickup,2024,5,614,Brooklyn,East Flatbush/Remsen Village,false,0.1672
72,pickup,2024,6,578,Brooklyn,East Flatbush/Remsen Village,false,0.1672
72,pickup,2025,2,574,Brooklyn,East Flatbush/Remsen Village,false,0.1672
72,pickup,2025,3,667,Brooklyn,East Flatbush/Remsen Village,false,0.1672
72,pickup,2025,4,643,Brooklyn,East Flatbush/Remsen Village,false,0.1672
72,pickup,2025,5,636,Brooklyn,East Flatbush/Remsen Village,false,0.1672
72,pickup,2025,6,716,Brooklyn,East Flatbush/Remsen Village,false,0.1672
73,dropoff,2024,2,152,Queens,East Flushing,false,0.1329
73,dropoff,2024,3,168,Queens,East Flushing,false,0.1329
73,dropoff,2024,4,196,Queens,East Flushing,false,0.1329
73,dropoff,2024,5,223,Queens,East Flushing,false,0.1329
73,dropoff,2024,6,179,Queens,East Flushing,false,0.1329
73,dropoff,2025,2,143,Queens,East Flushing,false,0.1329
73,dropoff,2025,3,159,Queens,East Flushing,false,0.1329
73,dropoff,2025,4,166,Queens,East Flushing,false,0.1329
73,dropoff,2025,5,205,Queens,East Flushing,false,0.1329
73,dropoff,2025,6,186,Queens,East Flushing,false,0.1329
73,pickup,2024,2,33,Queens,East Flushing,false,0.1203
73,pickup,2024,3,27,Queens,East Flushing,false,0.1203
73,pickup,2024,4,29,Queens,East Flushing,false,0.1203
73,pickup,2024,5,40,Queens,East Flushing,false,0.1203
73,pickup,2024,6,29,Queens,East Flushing,false,0.1203
73,pickup,2025,2,22,Queens,East Flushing,false,0.1203
73,pickup,2025,3,35,Queens,East Flushing,false,0.1203
73,pickup,2025,4,36,Queens,East Flushing,false,0.1203
73,pickup,2025,5,45,Queens,East Flushing,false,0.1203
73,pickup,2025,6,32,Queens,East Flushing,false,0.1203
74,dropoff,2024,2,17035,Manhattan,East Harlem North,false,0.1897
74,dropoff,2024,3,19274,Manhattan,East Harlem North,false,0.1897
74,dropoff,2024,4,18672,Manhattan,East Harlem North,false,0.1897
74,dropoff,2024,5,20865,Manhattan,East Harlem North,false,0.1897
74,dropoff,2024,6,19930,Manhattan,East Harlem North,false,0.1897
74,dropoff,2025,2,15620,Manhattan,East Harlem North,false,0.1897
74,dropoff,2025,3,18229,Manhattan,East Harlem North,false,0.1897
74,dropoff,2025,4,18146,Manhattan,East Harlem North,false,0.1897
74,dropoff,2025,5,19423,Manhattan,East Harlem North,false,0.1897
74,dropoff,2025,6,18094,Manhattan,East Harlem North,false,0.1897
74,pickup,2024,2,5334,Manhattan,East Harlem North,false,0.0944
74,pickup,2024,3,6228,Manhattan,East Harlem North,false,0.0944
74,pickup,2024,4,5914,Manhattan,East Harlem North,false,0.0944
74,pickup,2024,5,6563,Manhattan,East Harlem North,false,0.0944
74,pickup,2024,6,6408,Manhattan,East Harlem North,false,0.0944
74,pickup,2025,2,4905,Manhattan,East Harlem North,false,0.0944
74,pickup,2025,3,6094,Manhattan,East Harlem North,false,0.0944
74,pickup,2025,4,5870,Manhattan,East Harlem North,false,0.0944
74,pickup,2025,5,6391,Manhattan,East Harlem North,false,0.0944
74,pickup,2025,6,6326,Manhattan,East Harlem North,false,0.0944
75,dropoff,2024,2,32566,Manhattan,East Harlem South,false,0.2584
75,dropoff,2024,3,35100,Manhattan,East Harlem South,false,0.2584
75,dropoff,2024,4,34446,Manhattan,East Harlem South,false,0.2584
75,dropoff,2024,5,37092,Manhattan,East Harlem South,false,0.2584
75,dropoff,2024,6,33525,Manhattan,East Harlem South,false,0.2584
75,dropoff,2025,2,30344,Manhattan,East Harlem South,false,0.2584
75,dropoff,2025,3,33378,Manhattan,East Harlem South,false,0.2584
75,dropoff,2025,4,33261,Manhattan,East Harlem South,false,0.2584
75,dropoff,2025,5,34179,Manhattan,East Harlem South,false,0.2584
75,dropoff,2025,6,31160,Manhattan,East Harlem South,false,0.2584
75,pickup,2024,2,16593,Manhattan,East Harlem South,false,0.1729
75,pickup,2024,3,17565,Manhattan,East Harlem South,false,0.1729
75,pickup,2024,4,16987,Manhattan,East Harlem South,false,0.1729
75,pickup,2024,5,18732,Manhattan,East Harlem South,false,0.1729
75,pickup,2024,6,16814,Manhattan,East Harlem South,false,0.1729
75,pickup,2025,2,16076,Manhattan,East Harlem South,false,0.1729
75,pickup,2025,3,17099,Manhattan,East Harlem South,false,0.1729
75,pickup,2025,4,17495,Manhattan,East Harlem South,false,0.1729
75,pickup,2025,5,17684,Manhattan,East Harlem South,false,0.1729
75,pickup,2025,6,16572,Manhattan,East Harlem South,false,0.1729
76,dropoff,2024,2,1457,Brooklyn,East New York,false,0.0955
76,dropoff,2024,3,1792,Brooklyn,East New York,false,0.0955
76,dropoff,2024,4,1937,Brooklyn,East New York,false,0.0955
76,dropoff,2024,5,2072,Brooklyn,East New York,false,0.0955
76,dropoff,2024,6,1976,Brooklyn,East New York,false,0.0955
76,dropoff,2025,2,1691,Brooklyn,East New York,false,0.0955
76,dropoff,2025,3,2136,Brooklyn,East New York,false,0.0955
76,dropoff,2025,4,2020,Brooklyn,East New York,false,0.0955
76,dropoff,2025,5,2253,Brooklyn,East New York,false,0.0955
76,dropoff,2025,6,2423,Brooklyn,East New York,false,0.0955
76,pickup,2024,2,799,Brooklyn,East New York,false,0.1477
76,pickup,2024,3,1070,Brooklyn,East New York,false,0.1477
76,pickup,2024,4,1164,Brooklyn,East New York,false,0.1477
76,pickup,2024,5,1201,Brooklyn,East New York,false,0.1477
76,pickup,2024,6,1155,Brooklyn,East New York,false,0.1477
76,pickup,2025,2,1112,Brooklyn,East New York,false,0.1477
76,pickup,2025,3,1410,Brooklyn,East New York,false,0.1477
76,pickup,2025,4,1318,Brooklyn,East New York,false,0.1477
76,pickup,2025,5,1325,Brooklyn,East New York,false,0.1477
76,pickup,2025,6,1417,Brooklyn,East New York,false,0.1477
77,dropoff,2024,2,353,Brooklyn,East New York/Pennsylvania Avenue,false,0.1391
77,dropoff,2024,3,401,Brooklyn,East New York/Pennsylvania Avenue,false,0.1391
77,dropoff,2024,4,468,Brooklyn,East New York/Pennsylvania Avenue,false,0.1391
77,dropoff,2024,5,478,Brooklyn,East New York/Pennsylvania Avenue,false,0.1391
77,dropoff,2024,6,471,Brooklyn,East New York/Pennsylvania Avenue,false,0.1391
77,dropoff,2025,2,395,Brooklyn,East New York/Pennsylvania Avenue,false,0.1391
77,dropoff,2025,3,526,Brooklyn,East New York/Pennsylvania Avenue,false,0.1391
77,dropoff,2025,4,461,Brooklyn,East New York/Pennsylvania Avenue,false,0.1391
77,dropoff,2025,5,551,Brooklyn,East New York/Pennsylvania Avenue,false,0.1391
77,dropoff,2025,6,539,Brooklyn,East New York/Pennsylvania Avenue,false,0.1391
77,pickup,2024,2,178,Brooklyn,East New York/Pennsylvania Avenue,false,0.148
77,pickup,2024,3,219,Brooklyn,East New York/Pennsylvania Avenue,false,0.148
77,pickup,2024,4,250,Brooklyn,East New York/Pennsylvania Avenue,false,0.148
77,pickup,2024,5,289,Brooklyn,East New York/Pennsylvania Avenue,false,0.148
77,pickup,2024,6,260,Brooklyn,East New York/Pennsylvania Avenue,false,0.148
77,pickup,2025,2,315,Brooklyn,East New York/Pennsylvania Avenue,false,0.148
77,pickup,2025,3,315,Brooklyn,East New York/Pennsylvania Avenue,false,0.148
77,pickup,2025,4,312,Brooklyn,East New York/Pennsylvania Avenue,false,0.148
77,pickup,2025,5,318,Brooklyn,East New York/Pennsylvania Avenue,false,0.148
77,pickup,2025,6,328,Brooklyn,East New York/Pennsylvania Avenue,false,0.148
78,dropoff,2024,2,288,Bronx,East Tremont,false,0.1911
78,dropoff,2024,3,338,Bronx,East Tremont,false,0.1911
78,dropoff,2024,4,348,Bronx,East Tremont,false,0.1911
78,dropoff,2024,5,372,Bronx,East Tremont,false,0.1911
78,dropoff,2024,6,355,Bronx,East Tremont,false,0.1911
78,dropoff,2025,2,268,Bronx,East Tremont,false,0.1911
78,dropoff,2025,3,357,Bronx,East Tremont,false,0.1911
78,dropoff,2025,4,378,Bronx,East Tremont,false,0.1911
78,dropoff,2025,5,410,Bronx,East Tremont,false,0.1911
78,dropoff,2025,6,392,Bronx,East Tremont,false,0.1911
78,pickup,2024,2,184,Bronx,East Tremont,false,0.1755
78,pickup,2024,3,215,Bronx,East Tremont,false,0.1755
78,pickup,2024,4,198,Bronx,East Tremont,false,0.1755
78,pickup,2024,5,197,Bronx,East Tremont,false,0.1755
78,pickup,2024,6,169,Bronx,East Tremont,false,0.1755
78,pickup,2025,2,187,Bronx,East Tremont,false,0.1755
78,pickup,2025,3,243,Bronx,East Tremont,false,0.1755
78,pickup,2025,4,246,Bronx,East Tremont,false,0.1755
78,pickup,2025,5,278,Bronx,East Tremont,false,0.1755
78,pickup,2025,6,245,Bronx,East Tremont,false,0.1755
79,dropoff,2024,2,58290,Manhattan,East Village,true,1.0
79,dropoff,2024,3,65489,Manhattan,East Village,true,1.0
79,dropoff,2024,4,59643,Manhattan,East Village,true,1.0
79,dropoff,2024,5,61290,Manhattan,East Village,true,1.0
79,dropoff,2024,6,61070,Manhattan,East Village,true,1.0
79,dropoff,2025,2,56701,Manhattan,East Village,true,1.0
79,dropoff,2025,3,64874,Manhattan,East Village,true,1.0
79,dropoff,2025,4,59046,Manhattan,East Village,true,1.0
79,dropoff,2025,5,63226,Manhattan,East Village,true,1.0
79,dropoff,2025,6,58047,Manhattan,East Village,true,1.0
79,pickup,2024,2,66377,Manhattan,East Village,true,1.0
79,pickup,2024,3,73115,Manhattan,East Village,true,1.0
79,pickup,2024,4,66304,Manhattan,East Village,true,1.0
79,pickup,2024,5,66798,Manhattan,East Village,true,1.0
79,pickup,2024,6,68483,Manhattan,East Village,true,1.0
79,pickup,2025,2,63446,Manhattan,East Village,true,1.0
79,pickup,2025,3,74231,Manhattan,East Village,true,1.0
79,pickup,2025,4,64136,Manhattan,East Village,true,1.0
79,pickup,2025,5,70716,Manhattan,East Village,true,1.0
79,pickup,2025,6,65944,Manhattan,East Village,true,1.0
80,dropoff,2024,2,3086,Brooklyn,East Williamsburg,false,0.5268
80,dropoff,2024,3,3889,Brooklyn,East Williamsburg,false,0.5268
80,dropoff,2024,4,3693,Brooklyn,East Williamsburg,false,0.5268
80,dropoff,2024,5,3892,Brooklyn,East Williamsburg,false,0.5268
80,dropoff,2024,6,4101,Brooklyn,East Williamsburg,false,0.5268
80,dropoff,2025,2,3034,Brooklyn,East Williamsburg,false,0.5268
80,dropoff,2025,3,3706,Brooklyn,East Williamsburg,false,0.5268
80,dropoff,2025,4,3565,Brooklyn,East Williamsburg,false,0.5268
80,dropoff,2025,5,4139,Brooklyn,East Williamsburg,false,0.5268
80,dropoff,2025,6,3842,Brooklyn,East Williamsburg,false,0.5268
80,pickup,2024,2,366,Brooklyn,East Williamsburg,false,0.268
80,pickup,2024,3,437,Brooklyn,East Williamsburg,false,0.268
80,pickup,2024,4,473,Brooklyn,East Williamsburg,false,0.268
80,pickup,2024,5,540,Brooklyn,East Williamsburg,false,0.268
80,pickup,2024,6,770,Brooklyn,East Williamsburg,false,0.268
80,pickup,2025,2,449,Brooklyn,East Williamsburg,false,0.268
80,pickup,2025,3,539,Brooklyn,East Williamsburg,false,0.268
80,pickup,2025,4,627,Brooklyn,East Williamsburg,false,0.268
80,pickup,2025,5,743,Brooklyn,East Williamsburg,false,0.268
80,pickup,2025,6,796,Brooklyn,East Williamsburg,false,0.268
81,dropoff,2024,2,186,Bronx,Eastchester,false,0.1346
81,dropoff,2024,3,243,Bronx,Eastchester,false,0.1346
81,dropoff,2024,4,260,Bronx,Eastchester,false,0.1346
81,dropoff,2024,5,263,Bronx,Eastchester,false,0.1346
81,dropoff,2024,6,281,Bronx,Eastchester,false,0.1346
81,dropoff,2025,2,193,Bronx,Eastchester,false,0.1346
81,dropoff,2025,3,239,Bronx,Eastchester,false,0.1346
81,dropoff,2025,4,255,Bronx,Eastchester,false,0.1346
81,dropoff,2025,5,314,Bronx,Eastchester,false,0.1346
81,dropoff,2025,6,300,Bronx,Eastchester,false,0.1346
81,pickup,2024,2,118,Bronx,Eastchester,false,0.1993
81,pickup,2024,3,112,Bronx,Eastchester,false,0.1993
81,pickup,2024,4,123,Bronx,Eastchester,false,0.1993
81,pickup,2024,5,141,Bronx,Eastchester,false,0.1993
81,pickup,2024,6,98,Bronx,Eastchester,false,0.1993
81,pickup,2025,2,139,Bronx,Eastchester,false,0.1993
81,pickup,2025,3,197,Bronx,Eastchester,false,0.1993
81,pickup,2025,4,178,Bronx,Eastchester,false,0.1993
81,pickup,2025,5,169,Bronx,Eastchester,false,0.1993
81,pickup,2025,6,181,Bronx,Eastchester,false,0.1993
82,dropoff,2024,2,1492,Queens,Elmhurst,false,0.2298
82,dropoff,2024,3,1736,Queens,Elmhurst,false,0.2298
82,dropoff,2024,4,1616,Queens,Elmhurst,false,0.2298
82,dropoff,2024,5,1816,Queens,Elmhurst,false,0.2298
82,dropoff,2024,6,1543,Queens,Elmhurst,false,0.2298
82,dropoff,2025,2,1650,Queens,Elmhurst,false,0.2298
82,dropoff,2025,3,1940,Queens,Elmhurst,false,0.2298
82,dropoff,2025,4,1801,Queens,Elmhurst,false,0.2298
82,dropoff,2025,5,1906,Queens,Elmhurst,false,0.2298
82,dropoff,2025,6,1881,Queens,Elmhurst,false,0.2298
82,pickup,2024,2,422,Queens,Elmhurst,false,0.2535
82,pickup,2024,3,443,Queens,Elmhurst,false,0.2535
82,pickup,2024,4,422,Queens,Elmhurst,false,0.2535
82,pickup,2024,5,455,Queens,Elmhurst,false,0.2535
82,pickup,2024,6,412,Queens,Elmhurst,false,0.2535
82,pickup,2025,2,411,Queens,Elmhurst,false,0.2535
82,pickup,2025,3,439,Queens,Elmhurst,false,0.2535
82,pickup,2025,4,457,Queens,Elmhurst,false,0.2535
82,pickup,2025,5,438,Queens,Elmhurst,false,0.2535
82,pickup,2025,6,461,Queens,Elmhurst,false,0.2535
83,dropoff,2024,2,637,Queens,Elmhurst/Maspeth,false,0.2912
83,dropoff,2024,3,764,Queens,Elmhurst/Maspeth,false,0.2912
83,dropoff,2024,4,685,Queens,Elmhurst/Maspeth,false,0.2912
83,dropoff,2024,5,708,Queens,Elmhurst/Maspeth,false,0.2912
83,dropoff,2024,6,668,Queens,Elmhurst/Maspeth,false,0.2912
83,dropoff,2025,2,506,Queens,Elmhurst/Maspeth,false,0.2912
83,dropoff,2025,3,612,Queens,Elmhurst/Maspeth,false,0.2912
83,dropoff,2025,4,602,Queens,Elmhurst/Maspeth,false,0.2912
83,dropoff,2025,5,619,Queens,Elmhurst/Maspeth,false,0.2912
83,dropoff,2025,6,638,Queens,Elmhurst/Maspeth,false,0.2912
83,pickup,2024,2,141,Queens,Elmhurst/Maspeth,false,0.1016
83,pickup,2024,3,146,Queens,Elmhurst/Maspeth,false,0.1016
83,pickup,2024,4,161,Queens,Elmhurst/Maspeth,false,0.1016
83,pickup,2024,5,190,Queens,Elmhurst/Maspeth,false,0.1016
83,pickup,2024,6,189,Queens,Elmhurst/Maspeth,false,0.1016
83,pickup,2025,2,167,Queens,Elmhurst/Maspeth,false,0.1016
83,pickup,2025,3,203,Queens,Elmhurst/Maspeth,false,0.1016
83,pickup,2025,4,210,Queens,Elmhurst/Maspeth,false,0.1016
83,pickup,2025,5,255,Queens,Elmhurst/Maspeth,false,0.1016
83,pickup,2025,6,263,Queens,Elmhurst/Maspeth,false,0.1016
84,dropoff,2024,2,22,Staten Island,Eltingville/Annadale/Prince's Bay,false,0.4923
84,dropoff,2024,3,29,Staten Island,Eltingville/Annadale/Prince's Bay,false,0.4923
84,dropoff,2024,4,21,Staten Island,Eltingville/Annadale/Prince's Bay,false,0.4923
84,dropoff,2024,5,20,Staten Island,Eltingville/Annadale/Prince's Bay,false,0.4923
84,dropoff,2024,6,38,Staten Island,Eltingville/Annadale/Prince's Bay,false,0.4923
84,dropoff,2025,2,13,Staten Island,Eltingville/Annadale/Prince's Bay,false,0.4923
84,dropoff,2025,3,29,Staten Island,Eltingville/Annadale/Prince's Bay,false,0.4923
84,dropoff,2025,4,31,Staten Island,Eltingville/Annadale/Prince's Bay,false,0.4923
84,dropoff,2025,5,35,Staten Island,Eltingville/Annadale/Prince's Bay,false,0.4923
84,dropoff,2025,6,29,Staten Island,Eltingville/Annadale/Prince's Bay,false,0.4923
84,pickup,2024,4,1,Staten Island,Eltingville/Annadale/Prince's Bay,false,0.0
84,pickup,2024,6,2,Staten Island,Eltingville/Annadale/Prince's Bay,false,0.0
84,pickup,2025,3,2,Staten Island,Eltingville/Annadale/Prince's Bay,false,0.0
84,pickup,2025,4,2,Staten Island,Eltingville/Annadale/Prince's Bay,false,0.0
84,pickup,2025,6,2,Staten Island,Eltingville/Annadale/Prince's Bay,false,0.0
85,dropoff,2024,2,525,Brooklyn,Erasmus,false,0.2532
85,dropoff,2024,3,560,Brooklyn,Erasmus,false,0.2532
85,dropoff,2024,4,624,Brooklyn,Erasmus,false,0.2532
85,dropoff,2024,5,667,Brooklyn,Erasmus,false,0.2532
85,dropoff,2024,6,637,Brooklyn,Erasmus,false,0.2532
85,dropoff,2025,2,555,Brooklyn,Erasmus,false,0.2532
85,dropoff,2025,3,678,Brooklyn,Erasmus,false,0.2532
85,dropoff,2025,4,626,Brooklyn,Erasmus,false,0.2532
85,dropoff,2025,5,693,Brooklyn,Erasmus,false,0.2532
85,dropoff,2025,6,731,Brooklyn,Erasmus,false,0.2532
85,pickup,2024,2,223,Brooklyn,Erasmus,false,0.1719
85,pickup,2024,3,256,Brooklyn,Erasmus,false,0.1719
85,pickup,2024,4,286,Brooklyn,Erasmus,false,0.1719
85,pickup,2024,5,282,Brooklyn,Erasmus,false,0.1719
85,pickup,2024,6,291,Brooklyn,Erasmus,false,0.1719
85,pickup,2025,2,311,Brooklyn,Erasmus,false,0.1719
85,pickup,2025,3,295,Brooklyn,Erasmus,false,0.1719
85,pickup,2025,4,307,Brooklyn,Erasmus,false,0.1719
85,pickup,2025,5,288,Brooklyn,Erasmus,false,0.1719
85,pickup,2025,6,382,Brooklyn,Erasmus,false,0.1719
86,dropoff,2024,2,467,Queens,Far Rockaway,false,0.0719
86,dropoff,2024,3,566,Queens,Far Rockaway,false,0.0719
86,dropoff,2024,4,590,Queens,Far Rockaway,false,0.0719
86,dropoff,2024,5,779,Queens,Far Rockaway,false,0.0719
86,dropoff,2024,6,698,Queens,Far Rockaway,false,0.0719
86,dropoff,2025,2,596,Queens,Far Rockaway,false,0.0719
86,dropoff,2025,3,669,Queens,Far Rockaway,false,0.0719
86,dropoff,2025,4,755,Queens,Far Rockaway,false,0.0719
86,dropoff,2025,5,743,Queens,Far Rockaway,false,0.0719
86,dropoff,2025,6,747,Queens,Far Rockaway,false,0.0719
86,pickup,2024,2,247,Queens,Far Rockaway,false,0.1571
86,pickup,2024,3,286,Queens,Far Rockaway,false,0.1571
86,pickup,2024,4,292,Queens,Far Rockaway,false,0.1571
86,pickup,2024,5,318,Queens,Far Rockaway,false,0.1571
86,pickup,2024,6,270,Queens,Far Rockaway,false,0.1571
86,pickup,2025,2,241,Queens,Far Rockaway,false,0.1571
86,pickup,2025,3,316,Queens,Far Rockaway,false,0.1571
86,pickup,2025,4,332,Queens,Far Rockaway,false,0.1571
86,pickup,2025,5,305,Queens,Far Rockaway,false,0.1571
86,pickup,2025,6,316,Queens,Far Rockaway,false,0.1571
87,dropoff,2024,2,19480,Manhattan,Financial District North,true,1.0
87,dropoff,2024,3,21967,Manhattan,Financial District North,true,1.0
87,dropoff,2024,4,21599,Manhattan,Financial District North,true,1.0
87,dropoff,2024,5,23864,Manhattan,Financial District North,true,1.0
87,dropoff,2024,6,24277,Manhattan,Financial District North,true,1.0
87,dropoff,2025,2,19278,Manhattan,Financial District North,true,1.0
87,dropoff,2025,3,24276,Manhattan,Financial District North,true,1.0
87,dropoff,2025,4,24532,Manhattan,Financial District North,true,1.0
87,dropoff,2025,5,26410,Manhattan,Financial District North,true,1.0
87,dropoff,2025,6,24815,Manhattan,Financial District North,true,1.0
87,pickup,2024,2,11901,Manhattan,Financial District North,true,1.0
87,pickup,2024,3,14115,Manhattan,Financial District North,true,1.0
87,pickup,2024,4,14573,Manhattan,Financial District North,true,1.0
87,pickup,2024,5,16780,Manhattan,Financial District North,true,1.0
87,pickup,2024,6,17498,Manhattan,Financial District North,true,1.0
87,pickup,2025,2,12062,Manhattan,Financial District North,true,1.0
87,pickup,2025,3,15642,Manhattan,Financial District North,true,1.0
87,pickup,2025,4,16213,Manhattan,Financial District North,true,1.0
87,pickup,2025,5,18494,Manhattan,Financial District North,true,1.0
87,pickup,2025,6,17642,Manhattan,Financial District North,true,1.0
88,dropoff,2024,2,8930,Manhattan,Financial District South,true,1.0
88,dropoff,2024,3,11325,Manhattan,Financial District South,true,1.0
88,dropoff,2024,4,11050,Manhattan,Financial District South,true,1.0
88,dropoff,2024,5,12467,Manhattan,Financial District South,true,1.0
88,dropoff,2024,6,12465,Manhattan,Financial District South,true,1.0
88,dropoff,2025,2,8474,Manhattan,Financial District South,true,1.0
88,dropoff,2025,3,11227,Manhattan,Financial District South,true,1.0
88,dropoff,2025,4,12153,Manhattan,Financial District South,true,1.0
88,dropoff,2025,5,12518,Manhattan,Financial District South,true,1.0
88,dropoff,2025,6,11885,Manhattan,Financial District South,true,1.0
88,pickup,2024,2,6474,Manhattan,Financial District South,true,1.0
88,pickup,2024,3,8134,Manhattan,Financial District South,true,1.0
88,pickup,2024,4,8098,Manhattan,Financial District South,true,1.0
88,pickup,2024,5,8845,Manhattan,Financial District South,true,1.0
88,pickup,2024,6,9475,Manhattan,Financial District South,true,1.0
88,pickup,2025,2,6433,Manhattan,Financial District South,true,1.0
88,pickup,2025,3,8402,Manhattan,Financial District South,true,1.0
88,pickup,2025,4,8882,Manhattan,Financial District South,true,1.0
88,pickup,2025,5,9544,Manhattan,Financial District South,true,1.0
88,pickup,2025,6,8761,Manhattan,Financial District South,true,1.0
89,dropoff,2024,2,2166,Brooklyn,Flatbush/Ditmas Park,false,0.293
89,dropoff,2024,3,2557,Brooklyn,Flatbush/Ditmas Park,false,0.293
89,dropoff,2024,4,2584,Brooklyn,Flatbush/Ditmas Park,false,0.293
89,dropoff,2024,5,2716,Brooklyn,Flatbush/Ditmas Park,false,0.293
89,dropoff,2024,6,2569,Brooklyn,Flatbush/Ditmas Park,false,0.293
89,dropoff,2025,2,2123,Brooklyn,Flatbush/Ditmas Park,false,0.293
89,dropoff,2025,3,2711,Brooklyn,Flatbush/Ditmas Park,false,0.293
89,dropoff,2025,4,2644,Brooklyn,Flatbush/Ditmas Park,false,0.293
89,dropoff,2025,5,2801,Brooklyn,Flatbush/Ditmas Park,false,0.293
89,dropoff,2025,6,2803,Brooklyn,Flatbush/Ditmas Park,false,0.293
89,pickup,2024,2,546,Brooklyn,Flatbush/Ditmas Park,false,0.1632
89,pickup,2024,3,686,Brooklyn,Flatbush/Ditmas Park,false,0.1632
89,pickup,2024,4,780,Brooklyn,Flatbush/Ditmas Park,false,0.1632
89,pickup,2024,5,806,Brooklyn,Flatbush/Ditmas Park,false,0.1632
89,pickup,2024,6,760,Brooklyn,Flatbush/Ditmas Park,false,0.1632
89,pickup,2025,2,729,Brooklyn,Flatbush/Ditmas Park,false,0.1632
89,pickup,2025,3,832,Brooklyn,Flatbush/Ditmas Park,false,0.1632
89,pickup,2025,4,859,Brooklyn,Flatbush/Ditmas Park,false,0.1632
89,pickup,2025,5,953,Brooklyn,Flatbush/Ditmas Park,false,0.1632
89,pickup,2025,6,977,Brooklyn,Flatbush/Ditmas Park,false,0.1632
90,dropoff,2024,2,43277,Manhattan,Flatiron,true,1.0
90,dropoff,2024,3,47396,Manhattan,Flatiron,true,1.0
90,dropoff,2024,4,45409,Manhattan,Flatiron,true,1.0
90,dropoff,2024,5,46604,Manhattan,Flatiron,true,1.0
90,dropoff,2024,6,44792,Manhattan,Flatiron,true,1.0
90,dropoff,2025,2,42352,Manhattan,Flatiron,true,1.0
90,dropoff,2025,3,48359,Manhattan,Flatiron,true,1.0
90,dropoff,2025,4,45617,Manhattan,Flatiron,true,1.0
90,dropoff,2025,5,47416,Manhattan,Flatiron,true,1.0
90,dropoff,2025,6,42444,Manhattan,Flatiron,true,1.0
90,pickup,2024,2,46132,Manhattan,Flatiron,true,1.0
90,pickup,2024,3,51148,Manhattan,Flatiron,true,1.0
90,pickup,2024,4,48814,Manhattan,Flatiron,true,1.0
90,pickup,2024,5,51507,Manhattan,Flatiron,true,1.0
90,pickup,2024,6,50283,Manhattan,Flatiron,true,1.0
90,pickup,2025,2,44255,Manhattan,Flatiron,true,1.0
90,pickup,2025,3,51456,Manhattan,Flatiron,true,1.0
90,pickup,2025,4,48884,Manhattan,Flatiron,true,1.0
90,pickup,2025,5,50955,Manhattan,Flatiron,true,1.0
90,pickup,2025,6,46575,Manhattan,Flatiron,true,1.0
91,dropoff,2024,2,786,Brooklyn,Flatlands,false,0.1476
91,dropoff,2024,3,949,Brooklyn,Flatlands,false,0.1476
91,dropoff,2024,4,957,Brooklyn,Flatlands,false,0.1476
91,dropoff,2024,5,1048,Brooklyn,Flatlands,false,0.1476
91,dropoff,2024,6,974,Brooklyn,Flatlands,false,0.1476
91,dropoff,2025,2,832,Brooklyn,Flatlands,false,0.1476
91,dropoff,2025,3,1036,Brooklyn,Flatlands,false,0.1476
91,dropoff,2025,4,912,Brooklyn,Flatlands,false,0.1476
91,dropoff,2025,5,1044,Brooklyn,Flatlands,false,0.1476
91,dropoff,2025,6,1097,Brooklyn,Flatlands,false,0.1476
91,pickup,2024,2,456,Brooklyn,Flatlands,false,0.1294
91,pickup,2024,3,501,Brooklyn,Flatlands,false,0.1294
91,pickup,2024,4,596,Brooklyn,Flatlands,false,0.1294
91,pickup,2024,5,672,Brooklyn,Flatlands,false,0.1294
91,pickup,2024,6,550,Brooklyn,Flatlands,false,0.1294
91,pickup,2025,2,583,Brooklyn,Flatlands,false,0.1294
91,pickup,2025,3,664,Brooklyn,Flatlands,false,0.1294
91,pickup,2025,4,613,Brooklyn,Flatlands,false,0.1294
91,pickup,2025,5,637,Brooklyn,Flatlands,false,0.1294
91,pickup,2025,6,707,Brooklyn,Flatlands,false,0.1294
92,dropoff,2024,2,1462,Queens,Flushing,false,0.1247
92,dropoff,2024,3,1843,Queens,Flushing,false,0.1247
92,dropoff,2024,4,1891,Queens,Flushing,false,0.1247
92,dropoff,2024,5,2215,Queens,Flushing,false,0.1247
92,dropoff,2024,6,2117,Queens,Flushing,false,0.1247
92,dropoff,2025,2,1303,Queens,Flushing,false,0.1247
92,dropoff,2025,3,1708,Queens,Flushing,false,0.1247
92,dropoff,2025,4,1585,Queens,Flushing,false,0.1247
92,dropoff,2025,5,1935,Queens,Flushing,false,0.1247
92,dropoff,2025,6,2173,Queens,Flushing,false,0.1247
92,pickup,2024,2,158,Queens,Flushing,false,0.2255
92,pickup,2024,3,226,Queens,Flushing,false,0.2255
92,pickup,2024,4,221,Queens,Flushing,false,0.2255
92,pickup,2024,5,212,Queens,Flushing,false,0.2255
92,pickup,2024,6,185,Queens,Flushing,false,0.2255
92,pickup,2025,2,157,Queens,Flushing,false,0.2255
92,pickup,2025,3,209,Queens,Flushing,false,0.2255
92,pickup,2025,4,203,Queens,Flushing,false,0.2255
92,pickup,2025,5,223,Queens,Flushing,false,0.2255
92,pickup,2025,6,247,Queens,Flushing,false,0.2255
93,dropoff,2024,2,776,Queens,Flushing Meadows-Corona Park,false,0.1773
93,dropoff,2024,3,922,Queens,Flushing Meadows-Corona Park,false,0.1773
93,dropoff,2024,4,866,Queens,Flushing Meadows-Corona Park,false,0.1773
93,dropoff,2024,5,1077,Queens,Flushing Meadows-Corona Park,false,0.1773
93,dropoff,2024,6,955,Queens,Flushing Meadows-Corona Park,false,0.1773
93,dropoff,2025,2,1324,Queens,Flushing Meadows-Corona Park,false,0.1773
93,dropoff,2025,3,1801,Queens,Flushing Meadows-Corona Park,false,0.1773
93,dropoff,2025,4,1904,Queens,Flushing Meadows-Corona Park,false,0.1773
93,dropoff,2025,5,2197,Queens,Flushing Meadows-Corona Park,false,0.1773
93,dropoff,2025,6,2101,Queens,Flushing Meadows-Corona Park,false,0.1773
93,pickup,2024,2,428,Queens,Flushing Meadows-Corona Park,false,0.3339
93,pickup,2024,3,503,Queens,Flushing Meadows-Corona Park,false,0.3339
93,pickup,2024,4,526,Queens,Flushing Meadows-Corona Park,false,0.3339
93,pickup,2024,5,526,Queens,Flushing Meadows-Corona Park,false,0.3339
93,pickup,2024,6,494,Queens,Flushing Meadows-Corona Park,false,0.3339
93,pickup,2025,2,323,Queens,Flushing Meadows-Corona Park,false,0.3339
93,pickup,2025,3,411,Queens,Flushing Meadows-Corona Park,false,0.3339
93,pickup,2025,4,522,Queens,Flushing Meadows-Corona Park,false,0.3339
93,pickup,2025,5,687,Queens,Flushing Meadows-Corona Park,false,0.3339
93,pickup,2025,6,767,Queens,Flushing Meadows-Corona Park,false,0.3339
94,dropoff,2024,2,177,Bronx,Fordham South,false,0.2226
94,dropoff,2024,3,211,Bronx,Fordham South,false,0.2226
94,dropoff,2024,4,193,Bronx,Fordham South,false,0.2226
94,dropoff,2024,5,192,Bronx,Fordham South,false,0.2226
94,dropoff,2024,6,193,Bronx,Fordham South,false,0.2226
94,dropoff,2025,2,160,Bronx,Fordham South,false,0.2226
94,dropoff,2025,3,183,Bronx,Fordham South,false,0.2226
94,dropoff,2025,4,176,Bronx,Fordham South,false,0.2226
94,dropoff,2025,5,203,Bronx,Fordham South,false,0.2226
94,dropoff,2025,6,177,Bronx,Fordham South,false,0.2226
94,pickup,2024,2,87,Bronx,Fordham South,false,0.1694
94,pickup,2024,3,84,Bronx,Fordham South,false,0.1694
94,pickup,2024,4,84,Bronx,Fordham South,false,0.1694
94,pickup,2024,5,79,Bronx,Fordham South,false,0.1694
94,pickup,2024,6,91,Bronx,Fordham South,false,0.1694
94,pickup,2025,2,91,Bronx,Fordham South,false,0.1694
94,pickup,2025,3,85,Bronx,Fordham South,false,0.1694
94,pickup,2025,4,90,Bronx,Fordham South,false,0.1694
94,pickup,2025,5,111,Bronx,Fordham South,false,0.1694
94,pickup,2025,6,116,Bronx,Fordham South,false,0.1694
95,dropoff,2024,2,3466,Queens,Forest Hills,false,0.2532
95,dropoff,2024,3,3803,Queens,Forest Hills,false,0.2532
95,dropoff,2024,4,3740,Queens,Forest Hills,false,0.2532
95,dropoff,2024,5,4014,Queens,Forest Hills,false,0.2532
95,dropoff,2024,6,3554,Queens,Forest Hills,false,0.2532
95,dropoff,2025,2,3124,Queens,Forest Hills,false,0.2532
95,dropoff,2025,3,3600,Queens,Forest Hills,false,0.2532
95,dropoff,2025,4,3742,Queens,Forest Hills,false,0.2532
95,dropoff,2025,5,3864,Queens,Forest Hills,false,0.2532
95,dropoff,2025,6,3582,Queens,Forest Hills,false,0.2532
95,pickup,2024,2,448,Queens,Forest Hills,false,0.1674
95,pickup,2024,3,468,Queens,Forest Hills,false,0.1674
95,pickup,2024,4,483,Queens,Forest Hills,false,0.1674
95,pickup,2024,5,503,Queens,Forest Hills,false,0.1674
95,pickup,2024,6,440,Queens,Forest Hills,false,0.1674
95,pickup,2025,2,401,Queens,Forest Hills,false,0.1674
95,pickup,2025,3,517,Queens,Forest Hills,false,0.1674
95,pickup,2025,4,463,Queens,Forest Hills,false,0.1674
95,pickup,2025,5,480,Queens,Forest Hills,false,0.1674
95,pickup,2025,6,529,Queens,Forest Hills,false,0.1674
96,dropoff,2024,2,68,Queens,Forest Park/Highland Park,false,0.1723
96,dropoff,2024,3,103,Queens,Forest Park/Highland Park,false,0.1723
96,dropoff,2024,4,92,Queens,Forest Park/Highland Park,false,0.1723
96,dropoff,2024,5,96,Queens,Forest Park/Highland Park,false,0.1723
96,dropoff,2024,6,88,Queens,Forest Park/Highland Park,false,0.1723
96,dropoff,2025,2,68,Queens,Forest Park/Highland Park,false,0.1723
96,dropoff,2025,3,68,Queens,Forest Park/Highland Park,false,0.1723
96,dropoff,2025,4,102,Queens,Forest Park/Highland Park,false,0.1723
96,dropoff,2025,5,96,Queens,Forest Park/Highland Park,false,0.1723
96,dropoff,2025,6,100,Queens,Forest Park/Highland Park,false,0.1723
96,pickup,2024,2,4,Queens,Forest Park/Highland Park,false,0.0213
96,pickup,2024,3,6,Queens,Forest Park/Highland Park,false,0.0213
96,pickup,2024,4,11,Queens,Forest Park/Highland Park,false,0.0213
96,pickup,2024,5,14,Queens,Forest Park/Highland Park,false,0.0213
96,pickup,2024,6,12,Queens,Forest Park/Highland Park,false,0.0213
96,pickup,2025,2,13,Queens,Forest Park/Highland Park,false,0.0213
96,pickup,2025,3,16,Queens,Forest Park/Highland Park,false,0.0213
96,pickup,2025,4,18,Queens,Forest Park/Highland Park,false,0.0213
96,pickup,2025,5,21,Queens,Forest Park/Highland Park,false,0.0213
96,pickup,2025,6,16,Queens,Forest Park/Highland Park,false,0.0213
97,dropoff,2024,2,3437,Brooklyn,Fort Greene,false,0.503
97,dropoff,2024,3,3861,Brooklyn,Fort Greene,false,0.503
97,dropoff,2024,4,3913,Brooklyn,Fort Greene,false,0.503
97,dropoff,2024,5,4047,Brooklyn,Fort Greene,false,0.503
97,dropoff,2024,6,3974,Brooklyn,Fort Greene,false,0.503
97,dropoff,2025,2,3700,Brooklyn,Fort Greene,false,0.503
97,dropoff,2025,3,4288,Brooklyn,Fort Greene,false,0.503
97,dropoff,2025,4,4056,Brooklyn,Fort Greene,false,0.503
97,dropoff,2025,5,4576,Brooklyn,Fort Greene,false,0.503
97,dropoff,2025,6,4253,Brooklyn,Fort Greene,false,0.503
97,pickup,2024,2,965,Brooklyn,Fort Greene,false,0.241
97,pickup,2024,3,1212,Brooklyn,Fort Greene,false,0.241
97,pickup,2024,4,1209,Brooklyn,Fort Greene,false,0.241
97,pickup,2024,5,1236,Brooklyn,Fort Greene,false,0.241
97,pickup,2024,6,1236,Brooklyn,Fort Greene,false,0.241
97,pickup,2025,2,1096,Brooklyn,Fort Greene,false,0.241
97,pickup,2025,3,1380,Brooklyn,Fort Greene,false,0.241
97,pickup,2025,4,1320,Brooklyn,Fort Greene,false,0.241
97,pickup,2025,5,1568,Brooklyn,Fort Greene,false,0.241
97,pickup,2025,6,1447,Brooklyn,Fort Greene,false,0.241
98,dropoff,2024,2,386,Queens,Fresh Meadows,false,0.0908
98,dropoff,2024,3,405,Queens,Fresh Meadows,false,0.0908
98,dropoff,2024,4,413,Queens,Fresh Meadows,false,0.0908
98,dropoff,2024,5,497,Queens,Fresh Meadows,false,0.0908
98,dropoff,2024,6,545,Queens,Fresh Meadows,false,0.0908
98,dropoff,2025,2,315,Queens,Fresh Meadows,false,0.0908
98,dropoff,2025,3,382,Queens,Fresh Meadows,false,0.0908
98,dropoff,2025,4,403,Queens,Fresh Meadows,false,0.0908
98,dropoff,2025,5,440,Queens,Fresh Meadows,false,0.0908
98,dropoff,2025,6,511,Queens,Fresh Meadows,false,0.0908
98,pickup,2024,2,62,Queens,Fresh Meadows,false,0.1989
98,pickup,2024,3,73,Queens,Fresh Meadows,false,0.1989
98,pickup,2024,4,69,Queens,Fresh Meadows,false,0.1989
98,pickup,2024,5,76,Queens,Fresh Meadows,false,0.1989
98,pickup,2024,6,72,Queens,Fresh Meadows,false,0.1989
98,pickup,2025,2,71,Queens,Fresh Meadows,false,0.1989
98,pickup,2025,3,66,Queens,Fresh Meadows,false,0.1989
98,pickup,2025,4,59,Queens,Fresh Meadows,false,0.1989
98,pickup,2025,5,65,Queens,Fresh Meadows,false,0.1989
98,pickup,2025,6,58,Queens,Fresh Meadows,false,0.1989
99,dropoff,2024,2,1,Staten Island,Freshkills Park,false,0.3333
99,dropoff,2024,3,1,Staten Island,Freshkills Park,false,0.3333
99,dropoff,2024,4,1,Staten Island,Freshkills Park,false,0.3333
99,dropoff,2025,4,1,Staten Island,Freshkills Park,false,0.3333
99,dropoff,2025,6,1,Staten Island,Freshkills Park,false,0.3333
99,pickup,2024,2,1,Staten Island,Freshkills Park,false,0.0
100,dropoff,2024,2,36622,Manhattan,Garment District,true,1.0
100,dropoff,2024,3,41535,Manhattan,Garment District,true,1.0
100,dropoff,2024,4,39092,Manhattan,Garment District,true,1.0
100,dropoff,2024,5,42894,Manhattan,Garment District,true,1.0
100,dropoff,2024,6,41788,Manhattan,Garment District,true,1.0
100,dropoff,2025,2,34703,Manhattan,Garment District,true,1.0
100,dropoff,2025,3,40978,Manhattan,Garment District,true,1.0
100,dropoff,2025,4,40270,Manhattan,Garment District,true,1.0
100,dropoff,2025,5,40253,Manhattan,Garment District,true,1.0
100,dropoff,2025,6,38675,Manhattan,Garment District,true,1.0
100,pickup,2024,2,43993,Manhattan,Garment District,true,1.0
100,pickup,2024,3,50105,Manhattan,Garment District,true,1.0
100,pickup,2024,4,47623,Manhattan,Garment District,true,1.0
100,pickup,2024,5,50667,Manhattan,Garment District,true,1.0
100,pickup,2024,6,49505,Manhattan,Garment District,true,1.0
100,pickup,2025,2,42604,Manhattan,Garment District,true,1.0
100,pickup,2025,3,50151,Manhattan,Garment District,true,1.0
100,pickup,2025,4,48147,Manhattan,Garment District,true,1.0
100,pickup,2025,5,48451,Manhattan,Garment District,true,1.0
100,pickup,2025,6,46405,Manhattan,Garment District,true,1.0
101,dropoff,2024,2,231,Queens,Glen Oaks,false,0.0705
101,dropoff,2024,3,253,Queens,Glen Oaks,false,0.0705
101,dropoff,2024,4,303,Queens,Glen Oaks,false,0.0705
101,dropoff,2024,5,293,Queens,Glen Oaks,false,0.0705
101,dropoff,2024,6,282,Queens,Glen Oaks,false,0.0705
101,dropoff,2025,2,250,Queens,Glen Oaks,false,0.0705
101,dropoff,2025,3,337,Queens,Glen Oaks,false,0.0705
101,dropoff,2025,4,284,Queens,Glen Oaks,false,0.0705
101,dropoff,2025,5,326,Queens,Glen Oaks,false,0.0705
101,dropoff,2025,6,304,Queens,Glen Oaks,false,0.0705
101,pickup,2024,2,47,Queens,Glen Oaks,false,0.1475
101,pickup,2024,3,35,Queens,Glen Oaks,false,0.1475
101,pickup,2024,4,47,Queens,Glen Oaks,false,0.1475
101,pickup,2024,5,61,Queens,Glen Oaks,false,0.1475
101,pickup,2024,6,54,Queens,Glen Oaks,false,0.1475
101,pickup,2025,2,55,Queens,Glen Oaks,false,0.1475
101,pickup,2025,3,122,Queens,Glen Oaks,false,0.1475
101,pickup,2025,4,55,Queens,Glen Oaks,false,0.1475
101,pickup,2025,5,70,Queens,Glen Oaks,false,0.1475
101,pickup,2025,6,80,Queens,Glen Oaks,false,0.1475
102,dropoff,2024,2,464,Queens,Glendale,false,0.1616
102,dropoff,2024,3,503,Queens,Glendale,false,0.1616
102,dropoff,2024,4,556,Queens,Glendale,false,0.1616
102,dropoff,2024,5,543,Queens,Glendale,false,0.1616
102,dropoff,2024,6,508,Queens,Glendale,false,0.1616
102,dropoff,2025,2,434,Queens,Glendale,false,0.1616
102,dropoff,2025,3,499,Queens,Glendale,false,0.1616
102,dropoff,2025,4,542,Queens,Glendale,false,0.1616
102,dropoff,2025,5,545,Queens,Glendale,false,0.1616
102,dropoff,2025,6,512,Queens,Glendale,false,0.1616
102,pickup,2024,2,58,Queens,Glendale,false,0.1247
102,pickup,2024,3,81,Queens,Glendale,false,0.1247
102,pickup,2024,4,76,Queens,Glendale,false,0.1247
102,pickup,2024,5,79,Queens,Glendale,false,0.1247
102,pickup,2024,6,75,Queens,Glendale,false,0.1247
102,pickup,2025,2,67,Queens,Glendale,false,0.1247
102,pickup,2025,3,76,Queens,Glendale,false,0.1247
102,pickup,2025,4,107,Queens,Glendale,false,0.1247
102,pickup,2025,5,99,Queens,Glendale,false,0.1247
102,pickup,2025,6,96,Queens,Glendale,false,0.1247
105,dropoff,2025,5,1,Manhattan,Governor's Island/Ellis Island/Liberty Island,false,
105,dropoff,2025,6,1,Manhattan,Governor's Island/Ellis Island/Liberty Island,false,
105,pickup,2024,4,1,Manhattan,Governor's Island/Ellis Island/Liberty Island,false,1.0
105,pickup,2024,6,1,Manhattan,Governor's Island/Ellis Island/Liberty Island,false,1.0
105,pickup,2025,4,1,Manhattan,Governor's Island/Ellis Island/Liberty Island,false,1.0
106,dropoff,2024,2,831,Brooklyn,Gowanus,false,0.4451
106,dropoff,2024,3,1026,Brooklyn,Gowanus,false,0.4451
106,dropoff,2024,4,985,Brooklyn,Gowanus,false,0.4451
106,dropoff,2024,5,1022,Brooklyn,Gowanus,false,0.4451
106,dropoff,2024,6,1054,Brooklyn,Gowanus,false,0.4451
106,dropoff,2025,2,799,Brooklyn,Gowanus,false,0.4451
106,dropoff,2025,3,1014,Brooklyn,Gowanus,false,0.4451
106,dropoff,2025,4,1016,Brooklyn,Gowanus,false,0.4451
106,dropoff,2025,5,1256,Brooklyn,Gowanus,false,0.4451
106,dropoff,2025,6,1183,Brooklyn,Gowanus,false,0.4451
106,pickup,2024,2,91,Brooklyn,Gowanus,false,0.1034
106,pickup,2024,3,137,Brooklyn,Gowanus,false,0.1034
106,pickup,2024,4,124,Brooklyn,Gowanus,false,0.1034
106,pickup,2024,5,135,Brooklyn,Gowanus,false,0.1034
106,pickup,2024,6,122,Brooklyn,Gowanus,false,0.1034
106,pickup,2025,2,107,Brooklyn,Gowanus,false,0.1034
106,pickup,2025,3,118,Brooklyn,Gowanus,false,0.1034
106,pickup,2025,4,148,Brooklyn,Gowanus,false,0.1034
106,pickup,2025,5,172,Brooklyn,Gowanus,false,0.1034
106,pickup,2025,6,157,Brooklyn,Gowanus,false,0.1034
107,dropoff,2024,2,57578,Manhattan,Gramercy,true,1.0
107,dropoff,2024,3,63003,Manhattan,Gramercy,true,1.0
107,dropoff,2024,4,58943,Manhattan,Gramercy,true,1.0
107,dropoff,2024,5,62379,Manhattan,Gramercy,true,1.0
107,dropoff,2024,6,59773,Manhattan,Gramercy,true,1.0
107,dropoff,2025,2,55703,Manhattan,Gramercy,true,1.0
107,dropoff,2025,3,62864,Manhattan,Gramercy,true,1.0
107,dropoff,2025,4,59406,Manhattan,Gramercy,true,1.0
107,dropoff,2025,5,61345,Manhattan,Gramercy,true,1.0
107,dropoff,2025,6,54700,Manhattan,Gramercy,true,1.0
107,pickup,2024,2,56735,Manhattan,Gramercy,true,1.0
107,pickup,2024,3,64437,Manhattan,Gramercy,true,1.0
107,pickup,2024,4,59501,Manhattan,Gramercy,true,1.0
107,pickup,2024,5,64281,Manhattan,Gramercy,true,1.0
107,pickup,2024,6,61931,Manhattan,Gramercy,true,1.0
107,pickup,2025,2,55059,Manhattan,Gramercy,true,1.0
107,pickup,2025,3,62047,Manhattan,Gramercy,true,1.0
107,pickup,2025,4,58579,Manhattan,Gramercy,true,1.0
107,pickup,2025,5,61966,Manhattan,Gramercy,true,1.0
107,pickup,2025,6,56392,Manhattan,Gramercy,true,1.0
108,dropoff,2024,2,193,Brooklyn,Gravesend,false,0.2231
108,dropoff,2024,3,229,Brooklyn,Gravesend,false,0.2231
108,dropoff,2024,4,263,Brooklyn,Gravesend,false,0.2231
108,dropoff,2024,5,335,Brooklyn,Gravesend,false,0.2231
108,dropoff,2024,6,289,Brooklyn,Gravesend,false,0.2231
108,dropoff,2025,2,223,Brooklyn,Gravesend,false,0.2231
108,dropoff,2025,3,264,Brooklyn,Gravesend,false,0.2231
108,dropoff,2025,4,224,Brooklyn,Gravesend,false,0.2231
108,dropoff,2025,5,322,Brooklyn,Gravesend,false,0.2231
108,dropoff,2025,6,306,Brooklyn,Gravesend,false,0.2231
108,pickup,2024,2,96,Brooklyn,Gravesend,false,0.201
108,pickup,2024,3,153,Brooklyn,Gravesend,false,0.201
108,pickup,2024,4,176,Brooklyn,Gravesend,false,0.201
108,pickup,2024,5,179,Brooklyn,Gravesend,false,0.201
108,pickup,2024,6,172,Brooklyn,Gravesend,false,0.201
108,pickup,2025,2,177,Brooklyn,Gravesend,false,0.201
108,pickup,2025,3,193,Brooklyn,Gravesend,false,0.201
108,pickup,2025,4,196,Brooklyn,Gravesend,false,0.201
108,pickup,2025,5,207,Brooklyn,Gravesend,false,0.201
108,pickup,2025,6,212,Brooklyn,Gravesend,false,0.201
109,dropoff,2024,2,20,Staten Island,Great Kills,false,0.4603
109,dropoff,2024,3,23,Staten Island,Great Kills,false,0.4603
109,dropoff,2024,4,24,Staten Island,Great Kills,false,0.4603
109,dropoff,2024,5,31,Staten Island,Great Kills,false,0.4603
109,dropoff,2024,6,28,Staten Island,Great Kills,false,0.4603
109,dropoff,2025,2,17,Staten Island,Great Kills,false,0.4603
109,dropoff,2025,3,21,Staten Island,Great Kills,false,0.4603
109,dropoff,2025,4,37,Staten Island,Great Kills,false,0.4603
109,dropoff,2025,5,27,Staten Island,Great Kills,false,0.4603
109,dropoff,2025,6,32,Staten Island,Great Kills,false,0.4603
109,pickup,2024,3,1,Staten Island,Great Kills,false,0.0
109,pickup,2024,6,1,Staten Island,Great Kills,false,0.0
109,pickup,2025,3,1,Staten Island,Great Kills,false,0.0
109,pickup,2025,4,3,Staten Island,Great Kills,false,0.0
109,pickup,2025,6,1,Staten Island,Great Kills,false,0.0
110,dropoff,2025,5,1,Staten Island,Great Kills Park,false,
111,dropoff,2024,2,19,Brooklyn,Green-Wood Cemetery,false,0.5077
111,dropoff,2024,3,27,Brooklyn,Green-Wood Cemetery,false,0.5077
111,dropoff,2024,4,36,Brooklyn,Green-Wood Cemetery,false,0.5077
111,dropoff,2024,5,25,Brooklyn,Green-Wood Cemetery,false,0.5077
111,dropoff,2024,6,23,Brooklyn,Green-Wood Cemetery,false,0.5077
111,dropoff,2025,2,22,Brooklyn,Green-Wood Cemetery,false,0.5077
111,dropoff,2025,3,18,Brooklyn,Green-Wood Cemetery,false,0.5077
111,dropoff,2025,4,19,Brooklyn,Green-Wood Cemetery,false,0.5077
111,dropoff,2025,5,38,Brooklyn,Green-Wood Cemetery,false,0.5077
111,dropoff,2025,6,26,Brooklyn,Green-Wood Cemetery,false,0.5077
111,pickup,2024,2,3,Brooklyn,Green-Wood Cemetery,false,0.1364
111,pickup,2024,3,7,Brooklyn,Green-Wood Cemetery,false,0.1364
111,pickup,2024,4,2,Brooklyn,Green-Wood Cemetery,false,0.1364
111,pickup,2024,5,4,Brooklyn,Green-Wood Cemetery,false,0.1364
111,pickup,2024,6,6,Brooklyn,Green-Wood Cemetery,false,0.1364
111,pickup,2025,2,1,Brooklyn,Green-Wood Cemetery,false,0.1364
111,pickup,2025,3,5,Brooklyn,Green-Wood Cemetery,false,0.1364
111,pickup,2025,4,4,Brooklyn,Green-Wood Cemetery,false,0.1364
111,pickup,2025,5,7,Brooklyn,Green-Wood Cemetery,false,0.1364
111,pickup,2025,6,3,Brooklyn,Green-Wood Cemetery,false,0.1364
112,dropoff,2024,2,5492,Brooklyn,Greenpoint,false,0.5319
112,dropoff,2024,3,6419,Brooklyn,Greenpoint,false,0.5319
112,dropoff,2024,4,6402,Brooklyn,Greenpoint,false,0.5319
112,dropoff,2024,5,6989,Brooklyn,Greenpoint,false,0.5319
112,dropoff,2024,6,6731,Brooklyn,Greenpoint,false,0.5319
112,dropoff,2025,2,5998,Brooklyn,Greenpoint,false,0.5319
112,dropoff,2025,3,7335,Brooklyn,Greenpoint,false,0.5319
112,dropoff,2025,4,7063,Brooklyn,Greenpoint,false,0.5319
112,dropoff,2025,5,8170,Brooklyn,Greenpoint,false,0.5319
112,dropoff,2025,6,7568,Brooklyn,Greenpoint,false,0.5319
112,pickup,2024,2,287,Brooklyn,Greenpoint,false,0.2045
112,pickup,2024,3,350,Brooklyn,Greenpoint,false,0.2045
112,pickup,2024,4,374,Brooklyn,Greenpoint,false,0.2045
112,pickup,2024,5,419,Brooklyn,Greenpoint,false,0.2045
112,pickup,2024,6,467,Brooklyn,Greenpoint,false,0.2045
112,pickup,2025,2,321,Brooklyn,Greenpoint,false,0.2045
112,pickup,2025,3,470,Brooklyn,Greenpoint,false,0.2045
112,pickup,2025,4,544,Brooklyn,Greenpoint,false,0.2045
112,pickup,2025,5,628,Brooklyn,Greenpoint,false,0.2045
112,pickup,2025,6,687,Brooklyn,Greenpoint,false,0.2045
113,dropoff,2024,2,38427,Manhattan,Greenwich Village North,true,1.0
113,dropoff,2024,3,41613,Manhattan,Greenwich Village North,true,1.0
113,dropoff,2024,4,41019,Manhattan,Greenwich Village North,true,1.0
113,dropoff,2024,5,42053,Manhattan,Greenwich Village North,true,1.0
113,dropoff,2024,6,38734,Manhattan,Greenwich Village North,true,1.0
113,dropoff,2025,2,37820,Manhattan,Greenwich Village North,true,1.0
113,dropoff,2025,3,42046,Manhattan,Greenwich Village North,true,1.0
113,dropoff,2025,4,41995,Manhattan,Greenwich Village North,true,1.0
113,dropoff,2025,5,42104,Manhattan,Greenwich Village North,true,1.0
113,dropoff,2025,6,37002,Manhattan,Greenwich Village North,true,1.0
113,pickup,2024,2,41924,Manhattan,Greenwich Village North,true,1.0
113,pickup,2024,3,45349,Manhattan,Greenwich Village North,true,1.0
113,pickup,2024,4,43225,Manhattan,Greenwich Village North,true,1.0
113,pickup,2024,5,44345,Manhattan,Greenwich Village North,true,1.0
113,pickup,2024,6,42033,Manhattan,Greenwich Village North,true,1.0
113,pickup,2025,2,40594,Manhattan,Greenwich Village North,true,1.0
113,pickup,2025,3,46043,Manhattan,Greenwich Village North,true,1.0
113,pickup,2025,4,45187,Manhattan,Greenwich Village North,true,1.0
113,pickup,2025,5,46113,Manhattan,Greenwich Village North,true,1.0
113,pickup,2025,6,40962,Manhattan,Greenwich Village North,true,1.0
114,dropoff,2024,2,27934,Manhattan,Greenwich Village South,true,1.0
114,dropoff,2024,3,31187,Manhattan,Greenwich Village South,true,1.0
114,dropoff,2024,4,29416,Manhattan,Greenwich Village South,true,1.0
114,dropoff,2024,5,31089,Manhattan,Greenwich Village South,true,1.0
114,dropoff,2024,6,30071,Manhattan,Greenwich Village South,true,1.0
114,dropoff,2025,2,28395,Manhattan,Greenwich Village South,true,1.0
114,dropoff,2025,3,32745,Manhattan,Greenwich Village South,true,1.0
114,dropoff,2025,4,30956,Manhattan,Greenwich Village South,true,1.0
114,dropoff,2025,5,32754,Manhattan,Greenwich Village South,true,1.0
114,dropoff,2025,6,28793,Manhattan,Greenwich Village South,true,1.0
114,pickup,2024,2,41704,Manhattan,Greenwich Village South,true,1.0
114,pickup,2024,3,45081,Manhattan,Greenwich Village South,true,1.0
114,pickup,2024,4,40589,Manhattan,Greenwich Village South,true,1.0
114,pickup,2024,5,42921,Manhattan,Greenwich Village South,true,1.0
114,pickup,2024,6,42861,Manhattan,Greenwich Village South,true,1.0
114,pickup,2025,2,42127,Manhattan,Greenwich Village South,true,1.0
114,pickup,2025,3,48600,Manhattan,Greenwich Village South,true,1.0
114,pickup,2025,4,43592,Manhattan,Greenwich Village South,true,1.0
114,pickup,2025,5,46088,Manhattan,Greenwich Village South,true,1.0
114,pickup,2025,6,40717,Manhattan,Greenwich Village South,true,1.0
115,dropoff,2024,2,39,Staten Island,Grymes Hill/Clifton,false,0.3333
115,dropoff,2024,3,32,Staten Island,Grymes Hill/Clifton,false,0.3333
115,dropoff,2024,4,47,Staten Island,Grymes Hill/Clifton,false,0.3333
115,dropoff,2024,5,34,Staten Island,Grymes Hill/Clifton,false,0.3333
115,dropoff,2024,6,49,Staten Island,Grymes Hill/Clifton,false,0.3333
115,dropoff,2025,2,25,Staten Island,Grymes Hill/Clifton,false,0.3333
115,dropoff,2025,3,39,Staten Island,Grymes Hill/Clifton,false,0.3333
115,dropoff,2025,4,41,Staten Island,Grymes Hill/Clifton,false,0.3333
115,dropoff,2025,5,52,Staten Island,Grymes Hill/Clifton,false,0.3333
115,dropoff,2025,6,41,Staten Island,Grymes Hill/Clifton,false,0.3333
115,pickup,2024,2,2,Staten Island,Grymes Hill/Clifton,false,0.0667
115,pickup,2024,4,8,Staten Island,Grymes Hill/Clifton,false,0.0667
115,pickup,2024,5,2,Staten Island,Grymes Hill/Clifton,false,0.0667
115,pickup,2024,6,3,Staten Island,Grymes Hill/Clifton,false,0.0667
115,pickup,2025,2,2,Staten Island,Grymes Hill/Clifton,false,0.0667
115,pickup,2025,3,4,Staten Island,Grymes Hill/Clifton,false,0.0667
115,pickup,2025,4,3,Staten Island,Grymes Hill/Clifton,false,0.0667
115,pickup,2025,5,2,Staten Island,Grymes Hill/Clifton,false,0.0667
115,pickup,2025,6,4,Staten Island,Grymes Hill/Clifton,false,0.0667
116,dropoff,2024,2,5507,Manhattan,Hamilton Heights,false,0.3285
116,dropoff,2024,3,6251,Manhattan,Hamilton Heights,false,0.3285
116,dropoff,2024,4,5980,Manhattan,Hamilton Heights,false,0.3285
116,dropoff,2024,5,6595,Manhattan,Hamilton Heights,false,0.3285
116,dropoff,2024,6,6099,Manhattan,Hamilton Heights,false,0.3285
116,dropoff,2025,2,4992,Manhattan,Hamilton Heights,false,0.3285
116,dropoff,2025,3,5985,Manhattan,Hamilton Heights,false,0.3285
116,dropoff,2025,4,5615,Manhattan,Hamilton Heights,false,0.3285
116,dropoff,2025,5,6329,Manhattan,Hamilton Heights,false,0.3285
116,dropoff,2025,6,5588,Manhattan,Hamilton Heights,false,0.3285
116,pickup,2024,2,1646,Manhattan,Hamilton Heights,false,0.1596
116,pickup,2024,3,1913,Manhattan,Hamilton Heights,false,0.1596
116,pickup,2024,4,1877,Manhattan,Hamilton Heights,false,0.1596
116,pickup,2024,5,1955,Manhattan,Hamilton Heights,false,0.1596
116,pickup,2024,6,1883,Manhattan,Hamilton Heights,false,0.1596
116,pickup,2025,2,1570,Manhattan,Hamilton Heights,false,0.1596
116,pickup,2025,3,1896,Manhattan,Hamilton Heights,false,0.1596
116,pickup,2025,4,1627,Manhattan,Hamilton Heights,false,0.1596
116,pickup,2025,5,1976,Manhattan,Hamilton Heights,false,0.1596
116,pickup,2025,6,1767,Manhattan,Hamilton Heights,false,0.1596
117,dropoff,2024,2,337,Queens,Hammels/Arverne,false,0.1241
117,dropoff,2024,3,377,Queens,Hammels/Arverne,false,0.1241
117,dropoff,2024,4,428,Queens,Hammels/Arverne,false,0.1241
117,dropoff,2024,5,494,Queens,Hammels/Arverne,false,0.1241
117,dropoff,2024,6,386,Queens,Hammels/Arverne,false,0.1241
117,dropoff,2025,2,332,Queens,Hammels/Arverne,false,0.1241
117,dropoff,2025,3,421,Queens,Hammels/Arverne,false,0.1241
117,dropoff,2025,4,439,Queens,Hammels/Arverne,false,0.1241
117,dropoff,2025,5,448,Queens,Hammels/Arverne,false,0.1241
117,dropoff,2025,6,461,Queens,Hammels/Arverne,false,0.1241
117,pickup,2024,2,223,Queens,Hammels/Arverne,false,0.173
117,pickup,2024,3,251,Queens,Hammels/Arverne,false,0.173
117,pickup,2024,4,258,Queens,Hammels/Arverne,false,0.173
117,pickup,2024,5,333,Queens,Hammels/Arverne,false,0.173
117,pickup,2024,6,253,Queens,Hammels/Arverne,false,0.173
117,pickup,2025,2,236,Queens,Hammels/Arverne,false,0.173
117,pickup,2025,3,273,Queens,Hammels/Arverne,false,0.173
117,pickup,2025,4,331,Queens,Hammels/Arverne,false,0.173
117,pickup,2025,5,289,Queens,Hammels/Arverne,false,0.173
117,pickup,2025,6,301,Queens,Hammels/Arverne,false,0.173
118,dropoff,2024,2,43,Staten Island,Heartland Village/Todt Hill,false,0.3513
118,dropoff,2024,3,66,Staten Island,Heartland Village/Todt Hill,false,0.3513
118,dropoff,2024,4,56,Staten Island,Heartland Village/Todt Hill,false,0.3513
118,dropoff,2024,5,60,Staten Island,Heartland Village/Todt Hill,false,0.3513
118,dropoff,2024,6,54,Staten Island,Heartland Village/Todt Hill,false,0.3513
118,dropoff,2025,2,67,Staten Island,Heartland Village/Todt Hill,false,0.3513
118,dropoff,2025,3,71,Staten Island,Heartland Village/Todt Hill,false,0.3513
118,dropoff,2025,4,66,Staten Island,Heartland Village/Todt Hill,false,0.3513
118,dropoff,2025,5,90,Staten Island,Heartland Village/Todt Hill,false,0.3513
118,dropoff,2025,6,83,Staten Island,Heartland Village/Todt Hill,false,0.3513
118,pickup,2024,3,1,Staten Island,Heartland Village/Todt Hill,false,0.125
118,pickup,2024,4,2,Staten Island,Heartland Village/Todt Hill,false,0.125
118,pickup,2024,5,2,Staten Island,Heartland Village/Todt Hill,false,0.125
118,pickup,2024,6,3,Staten Island,Heartland Village/Todt Hill,false,0.125
118,pickup,2025,2,7,Staten Island,Heartland Village/Todt Hill,false,0.125
118,pickup,2025,3,4,Staten Island,Heartland Village/Todt Hill,false,0.125
118,pickup,2025,4,9,Staten Island,Heartland Village/Todt Hill,false,0.125
118,pickup,2025,5,3,Staten Island,Heartland Village/Todt Hill,false,0.125
118,pickup,2025,6,3,Staten Island,Heartland Village/Todt Hill,false,0.125
119,dropoff,2024,2,413,Bronx,Highbridge,false,0.2869
119,dropoff,2024,3,456,Bronx,Highbridge,false,0.2869
119,dropoff,2024,4,571,Bronx,Highbridge,false,0.2869
119,dropoff,2024,5,618,Bronx,Highbridge,false,0.2869
119,dropoff,2024,6,608,Bronx,Highbridge,false,0.2869
119,dropoff,2025,2,343,Bronx,Highbridge,false,0.2869
119,dropoff,2025,3,529,Bronx,Highbridge,false,0.2869
119,dropoff,2025,4,602,Bronx,Highbridge,false,0.2869
119,dropoff,2025,5,602,Bronx,Highbridge,false,0.2869
119,dropoff,2025,6,665,Bronx,Highbridge,false,0.2869
119,pickup,2024,2,151,Bronx,Highbridge,false,0.2562
119,pickup,2024,3,189,Bronx,Highbridge,false,0.2562
119,pickup,2024,4,197,Bronx,Highbridge,false,0.2562
119,pickup,2024,5,203,Bronx,Highbridge,false,0.2562
119,pickup,2024,6,181,Bronx,Highbridge,false,0.2562
119,pickup,2025,2,193,Bronx,Highbridge,false,0.2562
119,pickup,2025,3,257,Bronx,Highbridge,false,0.2562
119,pickup,2025,4,252,Bronx,Highbridge,false,0.2562
119,pickup,2025,5,242,Bronx,Highbridge,false,0.2562
119,pickup,2025,6,297,Bronx,Highbridge,false,0.2562
120,dropoff,2024,2,98,Manhattan,Highbridge Park,false,0.3502
120,dropoff,2024,3,120,Manhattan,Highbridge Park,false,0.3502
120,dropoff,2024,4,125,Manhattan,Highbridge Park,false,0.3502
120,dropoff,2024,5,146,Manhattan,Highbridge Park,false,0.3502
120,dropoff,2024,6,142,Manhattan,Highbridge Park,false,0.3502
120,dropoff,2025,2,71,Manhattan,Highbridge Park,false,0.3502
120,dropoff,2025,3,107,Manhattan,Highbridge Park,false,0.3502
120,dropoff,2025,4,114,Manhattan,Highbridge Park,false,0.3502
120,dropoff,2025,5,121,Manhattan,Highbridge Park,false,0.3502
120,dropoff,2025,6,113,Manhattan,Highbridge Park,false,0.3502
120,pickup,2024,2,8,Manhattan,Highbridge Park,false,0.0323
120,pickup,2024,3,18,Manhattan,Highbridge Park,false,0.0323
120,pickup,2024,4,11,Manhattan,Highbridge Park,false,0.0323
120,pickup,2024,5,6,Manhattan,Highbridge Park,false,0.0323
120,pickup,2024,6,19,Manhattan,Highbridge Park,false,0.0323
120,pickup,2025,2,8,Manhattan,Highbridge Park,false,0.0323
120,pickup,2025,3,18,Manhattan,Highbridge Park,false,0.0323
120,pickup,2025,4,16,Manhattan,Highbridge Park,false,0.0323
120,pickup,2025,5,11,Manhattan,Highbridge Park,false,0.0323
120,pickup,2025,6,16,Manhattan,Highbridge Park,false,0.0323
121,dropoff,2024,2,561,Queens,Hillcrest/Pomonok,false,0.1279
121,dropoff,2024,3,649,Queens,Hillcrest/Pomonok,false,0.1279
121,dropoff,2024,4,643,Queens,Hillcrest/Pomonok,false,0.1279
121,dropoff,2024,5,679,Queens,Hillcrest/Pomonok,false,0.1279
121,dropoff,2024,6,595,Queens,Hillcrest/Pomonok,false,0.1279
121,dropoff,2025,2,485,Queens,Hillcrest/Pomonok,false,0.1279
121,dropoff,2025,3,602,Queens,Hillcrest/Pomonok,false,0.1279
121,dropoff,2025,4,602,Queens,Hillcrest/Pomonok,false,0.1279
121,dropoff,2025,5,639,Queens,Hillcrest/Pomonok,false,0.1279
121,dropoff,2025,6,571,Queens,Hillcrest/Pomonok,false,0.1279
121,pickup,2024,2,181,Queens,Hillcrest/Pomonok,false,0.1011
121,pickup,2024,3,210,Queens,Hillcrest/Pomonok,false,0.1011
121,pickup,2024,4,190,Queens,Hillcrest/Pomonok,false,0.1011
121,pickup,2024,5,199,Queens,Hillcrest/Pomonok,false,0.1011
121,pickup,2024,6,160,Queens,Hillcrest/Pomonok,false,0.1011
121,pickup,2025,2,120,Queens,Hillcrest/Pomonok,false,0.1011
121,pickup,2025,3,152,Queens,Hillcrest/Pomonok,false,0.1011
121,pickup,2025,4,179,Queens,Hillcrest/Pomonok,false,0.1011
121,pickup,2025,5,167,Queens,Hillcrest/Pomonok,false,0.1011
121,pickup,2025,6,167,Queens,Hillcrest/Pomonok,false,0.1011
122,dropoff,2024,2,215,Queens,Hollis,false,0.109
122,dropoff,2024,3,251,Queens,Hollis,false,0.109
122,dropoff,2024,4,277,Queens,Hollis,false,0.109
122,dropoff,2024,5,305,Queens,Hollis,false,0.109
122,dropoff,2024,6,282,Queens,Hollis,false,0.109
122,dropoff,2025,2,201,Queens,Hollis,false,0.109
122,dropoff,2025,3,243,Queens,Hollis,false,0.109
122,dropoff,2025,4,202,Queens,Hollis,false,0.109
122,dropoff,2025,5,282,Queens,Hollis,false,0.109
122,dropoff,2025,6,243,Queens,Hollis,false,0.109
122,pickup,2024,2,82,Queens,Hollis,false,0.2394
122,pickup,2024,3,82,Queens,Hollis,false,0.2394
122,pickup,2024,4,100,Queens,Hollis,false,0.2394
122,pickup,2024,5,83,Queens,Hollis,false,0.2394
122,pickup,2024,6,79,Queens,Hollis,false,0.2394
122,pickup,2025,2,68,Queens,Hollis,false,0.2394
122,pickup,2025,3,80,Queens,Hollis,false,0.2394
122,pickup,2025,4,104,Queens,Hollis,false,0.2394
122,pickup,2025,5,93,Queens,Hollis,false,0.2394
122,pickup,2025,6,120,Queens,Hollis,false,0.2394
123,dropoff,2024,2,508,Brooklyn,Homecrest,false,0.1872
123,dropoff,2024,3,577,Brooklyn,Homecrest,false,0.1872
123,dropoff,2024,4,531,Brooklyn,Homecrest,false,0.1872
123,dropoff,2024,5,645,Brooklyn,Homecrest,false,0.1872
123,dropoff,2024,6,485,Brooklyn,Homecrest,false,0.1872
123,dropoff,2025,2,570,Brooklyn,Homecrest,false,0.1872
123,dropoff,2025,3,569,Brooklyn,Homecrest,false,0.1872
123,dropoff,2025,4,560,Brooklyn,Homecrest,false,0.1872
123,dropoff,2025,5,631,Brooklyn,Homecrest,false,0.1872
123,dropoff,2025,6,580,Brooklyn,Homecrest,false,0.1872
123,pickup,2024,2,129,Brooklyn,Homecrest,false,0.1416
123,pickup,2024,3,206,Brooklyn,Homecrest,false,0.1416
123,pickup,2024,4,201,Brooklyn,Homecrest,false,0.1416
123,pickup,2024,5,224,Brooklyn,Homecrest,false,0.1416
123,pickup,2024,6,186,Brooklyn,Homecrest,false,0.1416
123,pickup,2025,2,216,Brooklyn,Homecrest,false,0.1416
123,pickup,2025,3,233,Brooklyn,Homecrest,false,0.1416
123,pickup,2025,4,198,Brooklyn,Homecrest,false,0.1416
123,pickup,2025,5,258,Brooklyn,Homecrest,false,0.1416
123,pickup,2025,6,261,Brooklyn,Homecrest,false,0.1416
124,dropoff,2024,2,637,Queens,Howard Beach,false,0.078
124,dropoff,2024,3,644,Queens,Howard Beach,false,0.078
124,dropoff,2024,4,764,Queens,Howard Beach,false,0.078
124,dropoff,2024,5,700,Queens,Howard Beach,false,0.078
124,dropoff,2024,6,628,Queens,Howard Beach,false,0.078
124,dropoff,2025,2,594,Queens,Howard Beach,false,0.078
124,dropoff,2025,3,739,Queens,Howard Beach,false,0.078
124,dropoff,2025,4,748,Queens,Howard Beach,false,0.078
124,dropoff,2025,5,829,Queens,Howard Beach,false,0.078
124,dropoff,2025,6,770,Queens,Howard Beach,false,0.078
124,pickup,2024,2,102,Queens,Howard Beach,false,0.1388
124,pickup,2024,3,144,Queens,Howard Beach,false,0.1388
124,pickup,2024,4,157,Queens,Howard Beach,false,0.1388
124,pickup,2024,5,139,Queens,Howard Beach,false,0.1388
124,pickup,2024,6,135,Queens,Howard Beach,false,0.1388
124,pickup,2025,2,90,Queens,Howard Beach,false,0.1388
124,pickup,2025,3,124,Queens,Howard Beach,false,0.1388
124,pickup,2025,4,137,Queens,Howard Beach,false,0.1388
124,pickup,2025,5,159,Queens,Howard Beach,false,0.1388
124,pickup,2025,6,144,Queens,Howard Beach,false,0.1388
125,dropoff,2024,2,14387,Manhattan,Hudson Sq,true,1.0
125,dropoff,2024,3,16260,Manhattan,Hudson Sq,true,1.0
125,dropoff,2024,4,16401,Manhattan,Hudson Sq,true,1.0
125,dropoff,2024,5,16709,Manhattan,Hudson Sq,true,1.0
125,dropoff,2024,6,15686,Manhattan,Hudson Sq,true,1.0
125,dropoff,2025,2,15005,Manhattan,Hudson Sq,true,1.0
125,dropoff,2025,3,16982,Manhattan,Hudson Sq,true,1.0
125,dropoff,2025,4,17015,Manhattan,Hudson Sq,true,1.0
125,dropoff,2025,5,17770,Manhattan,Hudson Sq,true,1.0
125,dropoff,2025,6,15526,Manhattan,Hudson Sq,true,1.0
125,pickup,2024,2,14069,Manhattan,Hudson Sq,true,1.0
125,pickup,2024,3,15218,Manhattan,Hudson Sq,true,1.0
125,pickup,2024,4,15590,Manhattan,Hudson Sq,true,1.0
125,pickup,2024,5,15896,Manhattan,Hudson Sq,true,1.0
125,pickup,2024,6,15301,Manhattan,Hudson Sq,true,1.0
125,pickup,2025,2,13726,Manhattan,Hudson Sq,true,1.0
125,pickup,2025,3,15869,Manhattan,Hudson Sq,true,1.0
125,pickup,2025,4,16074,Manhattan,Hudson Sq,true,1.0
125,pickup,2025,5,16339,Manhattan,Hudson Sq,true,1.0
125,pickup,2025,6,14780,Manhattan,Hudson Sq,true,1.0
126,dropoff,2024,2,262,Bronx,Hunts Point,false,0.2701
126,dropoff,2024,3,312,Bronx,Hunts Point,false,0.2701
126,dropoff,2024,4,296,Bronx,Hunts Point,false,0.2701
126,dropoff,2024,5,315,Bronx,Hunts Point,false,0.2701
126,dropoff,2024,6,296,Bronx,Hunts Point,false,0.2701
126,dropoff,2025,2,264,Bronx,Hunts Point,false,0.2701
126,dropoff,2025,3,275,Bronx,Hunts Point,false,0.2701
126,dropoff,2025,4,233,Bronx,Hunts Point,false,0.2701
126,dropoff,2025,5,304,Bronx,Hunts Point,false,0.2701
126,dropoff,2025,6,283,Bronx,Hunts Point,false,0.2701
126,pickup,2024,2,89,Bronx,Hunts Point,false,0.2691
126,pickup,2024,3,113,Bronx,Hunts Point,false,0.2691
126,pickup,2024,4,108,Bronx,Hunts Point,false,0.2691
126,pickup,2024,5,93,Bronx,Hunts Point,false,0.2691
126,pickup,2024,6,95,Bronx,Hunts Point,false,0.2691
126,pickup,2025,2,95,Bronx,Hunts Point,false,0.2691
126,pickup,2025,3,139,Bronx,Hunts Point,false,0.2691
126,pickup,2025,4,131,Bronx,Hunts Point,false,0.2691
126,pickup,2025,5,138,Bronx,Hunts Point,false,0.2691
126,pickup,2025,6,158,Bronx,Hunts Point,false,0.2691
127,dropoff,2024,2,1628,Manhattan,Inwood,false,0.3998
127,dropoff,2024,3,1783,Manhattan,Inwood,false,0.3998
127,dropoff,2024,4,1772,Manhattan,Inwood,false,0.3998
127,dropoff,2024,5,2065,Manhattan,Inwood,false,0.3998
127,dropoff,2024,6,1657,Manhattan,Inwood,false,0.3998
127,dropoff,2025,2,1434,Manhattan,Inwood,false,0.3998
127,dropoff,2025,3,1711,Manhattan,Inwood,false,0.3998
127,dropoff,2025,4,1623,Manhattan,Inwood,false,0.3998
127,dropoff,2025,5,1816,Manhattan,Inwood,false,0.3998
127,dropoff,2025,6,1682,Manhattan,Inwood,false,0.3998
127,pickup,2024,2,193,Manhattan,Inwood,false,0.1683
127,pickup,2024,3,214,Manhattan,Inwood,false,0.1683
127,pickup,2024,4,228,Manhattan,Inwood,false,0.1683
127,pickup,2024,5,305,Manhattan,Inwood,false,0.1683
127,pickup,2024,6,213,Manhattan,Inwood,false,0.1683
127,pickup,2025,2,200,Manhattan,Inwood,false,0.1683
127,pickup,2025,3,249,Manhattan,Inwood,false,0.1683
127,pickup,2025,4,225,Manhattan,Inwood,false,0.1683
127,pickup,2025,5,267,Manhattan,Inwood,false,0.1683
127,pickup,2025,6,253,Manhattan,Inwood,false,0.1683
128,dropoff,2024,2,164,Manhattan,Inwood Hill Park,false,0.3398
128,dropoff,2024,3,166,Manhattan,Inwood Hill Park,false,0.3398
128,dropoff,2024,4,180,Manhattan,Inwood Hill Park,false,0.3398
128,dropoff,2024,5,291,Manhattan,Inwood Hill Park,false,0.3398
128,dropoff,2024,6,182,Manhattan,Inwood Hill Park,false,0.3398
128,dropoff,2025,2,126,Manhattan,Inwood Hill Park,false,0.3398
128,dropoff,2025,3,183,Manhattan,Inwood Hill Park,false,0.3398
128,dropoff,2025,4,196,Manhattan,Inwood Hill Park,false,0.3398
128,dropoff,2025,5,211,Manhattan,Inwood Hill Park,false,0.3398
128,dropoff,2025,6,177,Manhattan,Inwood Hill Park,false,0.3398
128,pickup,2024,2,11,Manhattan,Inwood Hill Park,false,0.0968
128,pickup,2024,3,22,Manhattan,Inwood Hill Park,false,0.0968
128,pickup,2024,4,12,Manhattan,Inwood Hill Park,false,0.0968
128,pickup,2024,5,30,Manhattan,Inwood Hill Park,false,0.0968
128,pickup,2024,6,18,Manhattan,Inwood Hill Park,false,0.0968
128,pickup,2025,2,10,Manhattan,Inwood Hill Park,false,0.0968
128,pickup,2025,3,13,Manhattan,Inwood Hill Park,false,0.0968
128,pickup,2025,4,16,Manhattan,Inwood Hill Park,false,0.0968
128,pickup,2025,5,23,Manhattan,Inwood Hill Park,false,0.0968
128,pickup,2025,6,14,Manhattan,Inwood Hill Park,false,0.0968
129,dropoff,2024,2,3381,Queens,Jackson Heights,false,0.3054
129,dropoff,2024,3,3846,Queens,Jackson Heights,false,0.3054
129,dropoff,2024,4,3834,Queens,Jackson Heights,false,0.3054
129,dropoff,2024,5,3999,Queens,Jackson Heights,false,0.3054
129,dropoff,2024,6,3789,Queens,Jackson Heights,false,0.3054
129,dropoff,2025,2,2905,Queens,Jackson Heights,false,0.3054
129,dropoff,2025,3,3337,Queens,Jackson Heights,false,0.3054
129,dropoff,2025,4,3251,Queens,Jackson Heights,false,0.3054
129,dropoff,2025,5,3600,Queens,Jackson Heights,false,0.3054
129,dropoff,2025,6,3390,Queens,Jackson Heights,false,0.3054
129,pickup,2024,2,634,Queens,Jackson Heights,false,0.1554
129,pickup,2024,3,736,Queens,Jackson Heights,false,0.1554
129,pickup,2024,4,756,Queens,Jackson Heights,false,0.1554
129,pickup,2024,5,858,Queens,Jackson Heights,false,0.1554
129,pickup,2024,6,846,Queens,Jackson Heights,false,0.1554
129,pickup,2025,2,790,Queens,Jackson Heights,false,0.1554
129,pickup,2025,3,1030,Queens,Jackson Heights,false,0.1554
129,pickup,2025,4,1025,Queens,Jackson Heights,false,0.1554
129,pickup,2025,5,1189,Queens,Jackson Heights,false,0.1554
129,pickup,2025,6,1150,Queens,Jackson Heights,false,0.1554
130,dropoff,2024,2,1410,Queens,Jamaica,false,0.0818
130,dropoff,2024,3,1604,Queens,Jamaica,false,0.0818
130,dropoff,2024,4,1704,Queens,Jamaica,false,0.0818
130,dropoff,2024,5,1839,Queens,Jamaica,false,0.0818
130,dropoff,2024,6,1814,Queens,Jamaica,false,0.0818
130,dropoff,2025,2,1357,Queens,Jamaica,false,0.0818
130,dropoff,2025,3,1654,Queens,Jamaica,false,0.0818
130,dropoff,2025,4,1619,Queens,Jamaica,false,0.0818
130,dropoff,2025,5,1955,Queens,Jamaica,false,0.0818
130,dropoff,2025,6,2215,Queens,Jamaica,false,0.0818
130,pickup,2024,2,587,Queens,Jamaica,false,0.2147
130,pickup,2024,3,782,Queens,Jamaica,false,0.2147
130,pickup,2024,4,672,Queens,Jamaica,false,0.2147
130,pickup,2024,5,607,Queens,Jamaica,false,0.2147
130,pickup,2024,6,505,Queens,Jamaica,false,0.2147
130,pickup,2025,2,523,Queens,Jamaica,false,0.2147
130,pickup,2025,3,833,Queens,Jamaica,false,0.2147
130,pickup,2025,4,714,Queens,Jamaica,false,0.2147
130,pickup,2025,5,776,Queens,Jamaica,false,0.2147
130,pickup,2025,6,830,Queens,Jamaica,false,0.2147
131,dropoff,2024,2,549,Queens,Jamaica Estates,false,0.1219
131,dropoff,2024,3,605,Queens,Jamaica Estates,false,0.1219
131,dropoff,2024,4,616,Queens,Jamaica Estates,false,0.1219
131,dropoff,2024,5,702,Queens,Jamaica Estates,false,0.1219
131,dropoff,2024,6,605,Queens,Jamaica Estates,false,0.1219
131,dropoff,2025,2,523,Queens,Jamaica Estates,false,0.1219
131,dropoff,2025,3,608,Queens,Jamaica Estates,false,0.1219
131,dropoff,2025,4,636,Queens,Jamaica Estates,false,0.1219
131,dropoff,2025,5,658,Queens,Jamaica Estates,false,0.1219
131,dropoff,2025,6,620,Queens,Jamaica Estates,false,0.1219
131,pickup,2024,2,144,Queens,Jamaica Estates,false,0.1644
131,pickup,2024,3,148,Queens,Jamaica Estates,false,0.1644
131,pickup,2024,4,158,Queens,Jamaica Estates,false,0.1644
131,pickup,2024,5,133,Queens,Jamaica Estates,false,0.1644
131,pickup,2024,6,141,Queens,Jamaica Estates,false,0.1644
131,pickup,2025,2,123,Queens,Jamaica Estates,false,0.1644
131,pickup,2025,3,152,Queens,Jamaica Estates,false,0.1644
131,pickup,2025,4,173,Queens,Jamaica Estates,false,0.1644
131,pickup,2025,5,156,Queens,Jamaica Estates,false,0.1644
131,pickup,2025,6,151,Queens,Jamaica Estates,false,0.1644
132,dropoff,2024,2,26605,Queens,JFK Airport,false,0.5687
132,dropoff,2024,3,33814,Queens,JFK Airport,false,0.5687
132,dropoff,2024,4,35576,Queens,JFK Airport,false,0.5687
132,dropoff,2024,5,41091,Queens,JFK Airport,false,0.5687
132,dropoff,2024,6,37706,Queens,JFK Airport,false,0.5687
132,dropoff,2025,2,23244,Queens,JFK Airport,false,0.5687
132,dropoff,2025,3,32650,Queens,JFK Airport,false,0.5687
132,dropoff,2025,4,33689,Queens,JFK Airport,false,0.5687
132,dropoff,2025,5,40172,Queens,JFK Airport,false,0.5687
132,dropoff,2025,6,36152,Queens,JFK Airport,false,0.5687
132,pickup,2024,2,122500,Queens,JFK Airport,false,0.3921
132,pickup,2024,3,151831,Queens,JFK Airport,false,0.3921
132,pickup,2024,4,151735,Queens,JFK Airport,false,0.3921
132,pickup,2024,5,161113,Queens,JFK Airport,false,0.3921
132,pickup,2024,6,155041,Queens,JFK Airport,false,0.3921
132,pickup,2025,2,116774,Queens,JFK Airport,false,0.3921
132,pickup,2025,3,150249,Queens,JFK Airport,false,0.3921
132,pickup,2025,4,147781,Queens,JFK Airport,false,0.3921
132,pickup,2025,5,179941,Queens,JFK Airport,false,0.3921
132,pickup,2025,6,173540,Queens,JFK Airport,false,0.3921
133,dropoff,2024,2,733,Brooklyn,Kensington,false,0.4079
133,dropoff,2024,3,806,Brooklyn,Kensington,false,0.4079
133,dropoff,2024,4,829,Brooklyn,Kensington,false,0.4079
133,dropoff,2024,5,851,Brooklyn,Kensington,false,0.4079
133,dropoff,2024,6,784,Brooklyn,Kensington,false,0.4079
133,dropoff,2025,2,699,Brooklyn,Kensington,false,0.4079
133,dropoff,2025,3,788,Brooklyn,Kensington,false,0.4079
133,dropoff,2025,4,743,Brooklyn,Kensington,false,0.4079
133,dropoff,2025,5,771,Brooklyn,Kensington,false,0.4079
133,dropoff,2025,6,805,Brooklyn,Kensington,false,0.4079
133,pickup,2024,2,94,Brooklyn,Kensington,false,0.1517
133,pickup,2024,3,161,Brooklyn,Kensington,false,0.1517
133,pickup,2024,4,176,Brooklyn,Kensington,false,0.1517
133,pickup,2024,5,167,Brooklyn,Kensington,false,0.1517
133,pickup,2024,6,114,Brooklyn,Kensington,false,0.1517
133,pickup,2025,2,162,Brooklyn,Kensington,false,0.1517
133,pickup,2025,3,150,Brooklyn,Kensington,false,0.1517
133,pickup,2025,4,151,Brooklyn,Kensington,false,0.1517
133,pickup,2025,5,189,Brooklyn,Kensington,false,0.1517
133,pickup,2025,6,157,Brooklyn,Kensington,false,0.1517
134,dropoff,2024,2,873,Queens,Kew Gardens,false,0.1786
134,dropoff,2024,3,1056,Queens,Kew Gardens,false,0.1786
134,dropoff,2024,4,1029,Queens,Kew Gardens,false,0.1786
134,dropoff,2024,5,976,Queens,Kew Gardens,false,0.1786
134,dropoff,2024,6,948,Queens,Kew Gardens,false,0.1786
134,dropoff,2025,2,870,Queens,Kew Gardens,false,0.1786
134,dropoff,2025,3,1000,Queens,Kew Gardens,false,0.1786
134,dropoff,2025,4,948,Queens,Kew Gardens,false,0.1786
134,dropoff,2025,5,1031,Queens,Kew Gardens,false,0.1786
134,dropoff,2025,6,1050,Queens,Kew Gardens,false,0.1786
134,pickup,2024,2,257,Queens,Kew Gardens,false,0.0786
134,pickup,2024,3,354,Queens,Kew Gardens,false,0.0786
134,pickup,2024,4,344,Queens,Kew Gardens,false,0.0786
134,pickup,2024,5,379,Queens,Kew Gardens,false,0.0786
134,pickup,2024,6,358,Queens,Kew Gardens,false,0.0786
134,pickup,2025,2,311,Queens,Kew Gardens,false,0.0786
134,pickup,2025,3,417,Queens,Kew Gardens,false,0.0786
134,pickup,2025,4,410,Queens,Kew Gardens,false,0.0786
134,pickup,2025,5,511,Queens,Kew Gardens,false,0.0786
134,pickup,2025,6,509,Queens,Kew Gardens,false,0.0786
135,dropoff,2024,2,767,Queens,Kew Gardens Hills,false,0.1091
135,dropoff,2024,3,772,Queens,Kew Gardens Hills,false,0.1091
135,dropoff,2024,4,755,Queens,Kew Gardens Hills,false,0.1091
135,dropoff,2024,5,922,Queens,Kew Gardens Hills,false,0.1091
135,dropoff,2024,6,736,Queens,Kew Gardens Hills,false,0.1091
135,dropoff,2025,2,766,Queens,Kew Gardens Hills,false,0.1091
135,dropoff,2025,3,766,Queens,Kew Gardens Hills,false,0.1091
135,dropoff,2025,4,845,Queens,Kew Gardens Hills,false,0.1091
135,dropoff,2025,5,775,Queens,Kew Gardens Hills,false,0.1091
135,dropoff,2025,6,814,Queens,Kew Gardens Hills,false,0.1091
135,pickup,2024,2,113,Queens,Kew Gardens Hills,false,0.1323
135,pickup,2024,3,139,Queens,Kew Gardens Hills,false,0.1323
135,pickup,2024,4,119,Queens,Kew Gardens Hills,false,0.1323
135,pickup,2024,5,141,Queens,Kew Gardens Hills,false,0.1323
135,pickup,2024,6,123,Queens,Kew Gardens Hills,false,0.1323
135,pickup,2025,2,139,Queens,Kew Gardens Hills,false,0.1323
135,pickup,2025,3,161,Queens,Kew Gardens Hills,false,0.1323
135,pickup,2025,4,134,Queens,Kew Gardens Hills,false,0.1323
135,pickup,2025,5,163,Queens,Kew Gardens Hills,false,0.1323
135,pickup,2025,6,157,Queens,Kew Gardens Hills,false,0.1323
136,dropoff,2024,2,299,Bronx,Kingsbridge Heights,false,0.2491
136,dropoff,2024,3,353,Bronx,Kingsbridge Heights,false,0.2491
136,dropoff,2024,4,360,Bronx,Kingsbridge Heights,false,0.2491
136,dropoff,2024,5,353,Bronx,Kingsbridge Heights,false,0.2491
136,dropoff,2024,6,317,Bronx,Kingsbridge Heights,false,0.2491
136,dropoff,2025,2,283,Bronx,Kingsbridge Heights,false,0.2491
136,dropoff,2025,3,325,Bronx,Kingsbridge Heights,false,0.2491
136,dropoff,2025,4,319,Bronx,Kingsbridge Heights,false,0.2491
136,dropoff,2025,5,335,Bronx,Kingsbridge Heights,false,0.2491
136,dropoff,2025,6,380,Bronx,Kingsbridge Heights,false,0.2491
136,pickup,2024,2,97,Bronx,Kingsbridge Heights,false,0.1997
136,pickup,2024,3,107,Bronx,Kingsbridge Heights,false,0.1997
136,pickup,2024,4,126,Bronx,Kingsbridge Heights,false,0.1997
136,pickup,2024,5,125,Bronx,Kingsbridge Heights,false,0.1997
136,pickup,2024,6,126,Bronx,Kingsbridge Heights,false,0.1997
136,pickup,2025,2,147,Bronx,Kingsbridge Heights,false,0.1997
136,pickup,2025,3,168,Bronx,Kingsbridge Heights,false,0.1997
136,pickup,2025,4,190,Bronx,Kingsbridge Heights,false,0.1997
136,pickup,2025,5,186,Bronx,Kingsbridge Heights,false,0.1997
136,pickup,2025,6,199,Bronx,Kingsbridge Heights,false,0.1997
137,dropoff,2024,2,36239,Manhattan,Kips Bay,true,1.0
137,dropoff,2024,3,40440,Manhattan,Kips Bay,true,1.0
137,dropoff,2024,4,36763,Manhattan,Kips Bay,true,1.0
137,dropoff,2024,5,39037,Manhattan,Kips Bay,true,1.0
137,dropoff,2024,6,37569,Manhattan,Kips Bay,true,1.0
137,dropoff,2025,2,35354,Manhattan,Kips Bay,true,1.0
137,dropoff,2025,3,39399,Manhattan,Kips Bay,true,1.0
137,dropoff,2025,4,36358,Manhattan,Kips Bay,true,1.0
137,dropoff,2025,5,38096,Manhattan,Kips Bay,true,1.0
137,dropoff,2025,6,35147,Manhattan,Kips Bay,true,1.0
137,pickup,2024,2,29974,Manhattan,Kips Bay,true,1.0
137,pickup,2024,3,33672,Manhattan,Kips Bay,true,1.0
137,pickup,2024,4,31205,Manhattan,Kips Bay,true,1.0
137,pickup,2024,5,32648,Manhattan,Kips Bay,true,1.0
137,pickup,2024,6,30814,Manhattan,Kips Bay,true,1.0
137,pickup,2025,2,28766,Manhattan,Kips Bay,true,1.0
137,pickup,2025,3,32191,Manhattan,Kips Bay,true,1.0
137,pickup,2025,4,29663,Manhattan,Kips Bay,true,1.0
137,pickup,2025,5,31125,Manhattan,Kips Bay,true,1.0
137,pickup,2025,6,28545,Manhattan,Kips Bay,true,1.0
138,dropoff,2024,2,29247,Queens,LaGuardia Airport,false,0.6504
138,dropoff,2024,3,36495,Queens,LaGuardia Airport,false,0.6504
138,dropoff,2024,4,34765,Queens,LaGuardia Airport,false,0.6504
138,dropoff,2024,5,40578,Queens,LaGuardia Airport,false,0.6504
138,dropoff,2024,6,39453,Queens,LaGuardia Airport,false,0.6504
138,dropoff,2025,2,25963,Queens,LaGuardia Airport,false,0.6504
138,dropoff,2025,3,36598,Queens,LaGuardia Airport,false,0.6504
138,dropoff,2025,4,34574,Queens,LaGuardia Airport,false,0.6504
138,dropoff,2025,5,39452,Queens,LaGuardia Airport,false,0.6504
138,dropoff,2025,6,37124,Queens,LaGuardia Airport,false,0.6504
138,pickup,2024,2,85898,Queens,LaGuardia Airport,false,0.4808
138,pickup,2024,3,105618,Queens,LaGuardia Airport,false,0.4808
138,pickup,2024,4,109303,Queens,LaGuardia Airport,false,0.4808
138,pickup,2024,5,124639,Queens,LaGuardia Airport,false,0.4808
138,pickup,2024,6,113608,Queens,LaGuardia Airport,false,0.4808
138,pickup,2025,2,82103,Queens,LaGuardia Airport,false,0.4808
138,pickup,2025,3,104361,Queens,LaGuardia Airport,false,0.4808
138,pickup,2025,4,104279,Queens,LaGuardia Airport,false,0.4808
138,pickup,2025,5,120451,Queens,LaGuardia Airport,false,0.4808
138,pickup,2025,6,109553,Queens,LaGuardia Airport,false,0.4808
139,dropoff,2024,2,523,Queens,Laurelton,false,0.048
139,dropoff,2024,3,528,Queens,Laurelton,false,0.048
139,dropoff,2024,4,598,Queens,Laurelton,false,0.048
139,dropoff,2024,5,643,Queens,Laurelton,false,0.048
139,dropoff,2024,6,645,Queens,Laurelton,false,0.048
139,dropoff,2025,2,488,Queens,Laurelton,false,0.048
139,dropoff,2025,3,572,Queens,Laurelton,false,0.048
139,dropoff,2025,4,591,Queens,Laurelton,false,0.048
139,dropoff,2025,5,730,Queens,Laurelton,false,0.048
139,dropoff,2025,6,718,Queens,Laurelton,false,0.048
139,pickup,2024,2,137,Queens,Laurelton,false,0.1084
139,pickup,2024,3,180,Queens,Laurelton,false,0.1084
139,pickup,2024,4,180,Queens,Laurelton,false,0.1084
139,pickup,2024,5,167,Queens,Laurelton,false,0.1084
139,pickup,2024,6,129,Queens,Laurelton,false,0.1084
139,pickup,2025,2,144,Queens,Laurelton,false,0.1084
139,pickup,2025,3,164,Queens,Laurelton,false,0.1084
139,pickup,2025,4,170,Queens,Laurelton,false,0.1084
139,pickup,2025,5,169,Queens,Laurelton,false,0.1084
139,pickup,2025,6,189,Queens,Laurelton,false,0.1084
140,dropoff,2024,2,58395,Manhattan,Lenox Hill East,false,0.4547
140,dropoff,2024,3,63695,Manhattan,Lenox Hill East,false,0.4547
140,dropoff,2024,4,61765,Manhattan,Lenox Hill East,false,0.4547
140,dropoff,2024,5,66092,Manhattan,Lenox Hill East,false,0.4547
140,dropoff,2024,6,59686,Manhattan,Lenox Hill East,false,0.4547
140,dropoff,2025,2,58212,Manhattan,Lenox Hill East,false,0.4547
140,dropoff,2025,3,64564,Manhattan,Lenox Hill East,false,0.4547
140,dropoff,2025,4,62649,Manhattan,Lenox Hill East,false,0.4547
140,dropoff,2025,5,64547,Manhattan,Lenox Hill East,false,0.4547
140,dropoff,2025,6,59416,Manhattan,Lenox Hill East,false,0.4547
140,pickup,2024,2,58334,Manhattan,Lenox Hill East,false,0.3773
140,pickup,2024,3,62286,Manhattan,Lenox Hill East,false,0.3773
140,pickup,2024,4,61190,Manhattan,Lenox Hill East,false,0.3773
140,pickup,2024,5,64057,Manhattan,Lenox Hill East,false,0.3773
140,pickup,2024,6,57325,Manhattan,Lenox Hill East,false,0.3773
140,pickup,2025,2,58152,Manhattan,Lenox Hill East,false,0.3773
140,pickup,2025,3,62664,Manhattan,Lenox Hill East,false,0.3773
140,pickup,2025,4,61601,Manhattan,Lenox Hill East,false,0.3773
140,pickup,2025,5,63194,Manhattan,Lenox Hill East,false,0.3773
140,pickup,2025,6,56896,Manhattan,Lenox Hill East,false,0.3773
141,dropoff,2024,2,77988,Manhattan,Lenox Hill West,false,0.4707
141,dropoff,2024,3,84216,Manhattan,Lenox Hill West,false,0.4707
141,dropoff,2024,4,81827,Manhattan,Lenox Hill West,false,0.4707
141,dropoff,2024,5,85948,Manhattan,Lenox Hill West,false,0.4707
141,dropoff,2024,6,79215,Manhattan,Lenox Hill West,false,0.4707
141,dropoff,2025,2,75819,Manhattan,Lenox Hill West,false,0.4707
141,dropoff,2025,3,84654,Manhattan,Lenox Hill West,false,0.4707
141,dropoff,2025,4,82895,Manhattan,Lenox Hill West,false,0.4707
141,dropoff,2025,5,85230,Manhattan,Lenox Hill West,false,0.4707
141,dropoff,2025,6,77086,Manhattan,Lenox Hill West,false,0.4707
141,pickup,2024,2,67761,Manhattan,Lenox Hill West,false,0.3931
141,pickup,2024,3,74304,Manhattan,Lenox Hill West,false,0.3931
141,pickup,2024,4,70551,Manhattan,Lenox Hill West,false,0.3931
141,pickup,2024,5,74597,Manhattan,Lenox Hill West,false,0.3931
141,pickup,2024,6,69222,Manhattan,Lenox Hill West,false,0.3931
141,pickup,2025,2,65237,Manhattan,Lenox Hill West,false,0.3931
141,pickup,2025,3,73680,Manhattan,Lenox Hill West,false,0.3931
141,pickup,2025,4,71275,Manhattan,Lenox Hill West,false,0.3931
141,pickup,2025,5,73669,Manhattan,Lenox Hill West,false,0.3931
141,pickup,2025,6,66858,Manhattan,Lenox Hill West,false,0.3931
142,dropoff,2024,2,80621,Manhattan,Lincoln Square East,false,0.4427
142,dropoff,2024,3,88826,Manhattan,Lincoln Square East,false,0.4427
142,dropoff,2024,4,90172,Manhattan,Lincoln Square East,false,0.4427
142,dropoff,2024,5,96061,Manhattan,Lincoln Square East,false,0.4427
142,dropoff,2024,6,85732,Manhattan,Lincoln Square East,false,0.4427
142,dropoff,2025,2,77803,Manhattan,Lincoln Square East,false,0.4427
142,dropoff,2025,3,88573,Manhattan,Lincoln Square East,false,0.4427
142,dropoff,2025,4,88571,Manhattan,Lincoln Square East,false,0.4427
142,dropoff,2025,5,94031,Manhattan,Lincoln Square East,false,0.4427
142,dropoff,2025,6,80665,Manhattan,Lincoln Square East,false,0.4427
142,pickup,2024,2,92047,Manhattan,Lincoln Square East,false,0.4338
142,pickup,2024,3,104338,Manhattan,Lincoln Square East,false,0.4338
142,pickup,2024,4,105672,Manhattan,Lincoln Square East,false,0.4338
142,pickup,2024,5,113766,Manhattan,Lincoln Square East,false,0.4338
142,pickup,2024,6,96760,Manhattan,Lincoln Square East,false,0.4338
142,pickup,2025,2,88710,Manhattan,Lincoln Square East,false,0.4338
142,pickup,2025,3,100104,Manhattan,Lincoln Square East,false,0.4338
142,pickup,2025,4,101052,Manhattan,Lincoln Square East,false,0.4338
142,pickup,2025,5,110280,Manhattan,Lincoln Square East,false,0.4338
142,pickup,2025,6,90567,Manhattan,Lincoln Square East,false,0.4338
143,dropoff,2024,2,43561,Manhattan,Lincoln Square West,false,0.4751
143,dropoff,2024,3,47128,Manhattan,Lincoln Square West,false,0.4751
143,dropoff,2024,4,46047,Manhattan,Lincoln Square West,false,0.4751
143,dropoff,2024,5,48079,Manhattan,Lincoln Square West,false,0.4751
143,dropoff,2024,6,45186,Manhattan,Lincoln Square West,false,0.4751
143,dropoff,2025,2,42931,Manhattan,Lincoln Square West,false,0.4751
143,dropoff,2025,3,47499,Manhattan,Lincoln Square West,false,0.4751
143,dropoff,2025,4,46959,Manhattan,Lincoln Square West,false,0.4751
143,dropoff,2025,5,49268,Manhattan,Lincoln Square West,false,0.4751
143,dropoff,2025,6,42807,Manhattan,Lincoln Square West,false,0.4751
143,pickup,2024,2,30341,Manhattan,Lincoln Square West,false,0.3958
143,pickup,2024,3,32952,Manhattan,Lincoln Square West,false,0.3958
143,pickup,2024,4,32739,Manhattan,Lincoln Square West,false,0.3958
143,pickup,2024,5,34149,Manhattan,Lincoln Square West,false,0.3958
143,pickup,2024,6,31220,Manhattan,Lincoln Square West,false,0.3958
143,pickup,2025,2,28211,Manhattan,Lincoln Square West,false,0.3958
143,pickup,2025,3,32261,Manhattan,Lincoln Square West,false,0.3958
143,pickup,2025,4,31719,Manhattan,Lincoln Square West,false,0.3958
143,pickup,2025,5,33998,Manhattan,Lincoln Square West,false,0.3958
143,pickup,2025,6,29270,Manhattan,Lincoln Square West,false,0.3958
144,dropoff,2024,2,25781,Manhattan,Little Italy/NoLiTa,true,1.0
144,dropoff,2024,3,29045,Manhattan,Little Italy/NoLiTa,true,1.0
144,dropoff,2024,4,27076,Manhattan,Little Italy/NoLiTa,true,1.0
144,dropoff,2024,5,29703,Manhattan,Little Italy/NoLiTa,true,1.0
144,dropoff,2024,6,29223,Manhattan,Little Italy/NoLiTa,true,1.0
144,dropoff,2025,2,25976,Manhattan,Little Italy/NoLiTa,true,1.0
144,dropoff,2025,3,30512,Manhattan,Little Italy/NoLiTa,true,1.0
144,dropoff,2025,4,29647,Manhattan,Little Italy/NoLiTa,true,1.0
144,dropoff,2025,5,30648,Manhattan,Little Italy/NoLiTa,true,1.0
144,dropoff,2025,6,28513,Manhattan,Little Italy/NoLiTa,true,1.0
144,pickup,2024,2,27252,Manhattan,Little Italy/NoLiTa,true,1.0
144,pickup,2024,3,29267,Manhattan,Little Italy/NoLiTa,true,1.0
144,pickup,2024,4,27147,Manhattan,Little Italy/NoLiTa,true,1.0
144,pickup,2024,5,29687,Manhattan,Little Italy/NoLiTa,true,1.0
144,pickup,2024,6,30344,Manhattan,Little Italy/NoLiTa,true,1.0
144,pickup,2025,2,27624,Manhattan,Little Italy/NoLiTa,true,1.0
144,pickup,2025,3,32631,Manhattan,Little Italy/NoLiTa,true,1.0
144,pickup,2025,4,31114,Manhattan,Little Italy/NoLiTa,true,1.0
144,pickup,2025,5,32713,Manhattan,Little Italy/NoLiTa,true,1.0
144,pickup,2025,6,29823,Manhattan,Little Italy/NoLiTa,true,1.0
145,dropoff,2024,2,6912,Queens,Long Island City/Hunters Point,false,0.4154
145,dropoff,2024,3,8618,Queens,Long Island City/Hunters Point,false,0.4154
145,dropoff,2024,4,8076,Queens,Long Island City/Hunters Point,false,0.4154
145,dropoff,2024,5,8458,Queens,Long Island City/Hunters Point,false,0.4154
145,dropoff,2024,6,8238,Queens,Long Island City/Hunters Point,false,0.4154
145,dropoff,2025,2,7102,Queens,Long Island City/Hunters Point,false,0.4154
145,dropoff,2025,3,8641,Queens,Long Island City/Hunters Point,false,0.4154
145,dropoff,2025,4,7928,Queens,Long Island City/Hunters Point,false,0.4154
145,dropoff,2025,5,8290,Queens,Long Island City/Hunters Point,false,0.4154
145,dropoff,2025,6,7978,Queens,Long Island City/Hunters Point,false,0.4154
145,pickup,2024,2,2125,Queens,Long Island City/Hunters Point,false,0.1393
145,pickup,2024,3,2861,Queens,Long Island City/Hunters Point,false,0.1393
145,pickup,2024,4,2663,Queens,Long Island City/Hunters Point,false,0.1393
145,pickup,2024,5,2642,Queens,Long Island City/Hunters Point,false,0.1393
145,pickup,2024,6,2511,Queens,Long Island City/Hunters Point,false,0.1393
145,pickup,2025,2,2355,Queens,Long Island City/Hunters Point,false,0.1393
145,pickup,2025,3,2833,Queens,Long Island City/Hunters Point,false,0.1393
145,pickup,2025,4,2798,Queens,Long Island City/Hunters Point,false,0.1393
145,pickup,2025,5,2673,Queens,Long Island City/Hunters Point,false,0.1393
145,pickup,2025,6,2589,Queens,Long Island City/Hunters Point,false,0.1393
146,dropoff,2024,2,1938,Queens,Long Island City/Queens Plaza,false,0.3912
146,dropoff,2024,3,2360,Queens,Long Island City/Queens Plaza,false,0.3912
146,dropoff,2024,4,2302,Queens,Long Island City/Queens Plaza,false,0.3912
146,dropoff,2024,5,2510,Queens,Long Island City/Queens Plaza,false,0.3912
146,dropoff,2024,6,2443,Queens,Long Island City/Queens Plaza,false,0.3912
146,dropoff,2025,2,1841,Queens,Long Island City/Queens Plaza,false,0.3912
146,dropoff,2025,3,2348,Queens,Long Island City/Queens Plaza,false,0.3912
146,dropoff,2025,4,2280,Queens,Long Island City/Queens Plaza,false,0.3912
146,dropoff,2025,5,2556,Queens,Long Island City/Queens Plaza,false,0.3912
146,dropoff,2025,6,2444,Queens,Long Island City/Queens Plaza,false,0.3912
146,pickup,2024,2,1156,Queens,Long Island City/Queens Plaza,false,0.258
146,pickup,2024,3,1410,Queens,Long Island City/Queens Plaza,false,0.258
146,pickup,2024,4,1230,Queens,Long Island City/Queens Plaza,false,0.258
146,pickup,2024,5,1347,Queens,Long Island City/Queens Plaza,false,0.258
146,pickup,2024,6,1260,Queens,Long Island City/Queens Plaza,false,0.258
146,pickup,2025,2,1020,Queens,Long Island City/Queens Plaza,false,0.258
146,pickup,2025,3,1331,Queens,Long Island City/Queens Plaza,false,0.258
146,pickup,2025,4,1221,Queens,Long Island City/Queens Plaza,false,0.258
146,pickup,2025,5,1435,Queens,Long Island City/Queens Plaza,false,0.258
146,pickup,2025,6,1300,Queens,Long Island City/Queens Plaza,false,0.258
147,dropoff,2024,2,216,Bronx,Longwood,false,0.254
147,dropoff,2024,3,246,Bronx,Longwood,false,0.254
147,dropoff,2024,4,275,Bronx,Longwood,false,0.254
147,dropoff,2024,5,261,Bronx,Longwood,false,0.254
147,dropoff,2024,6,258,Bronx,Longwood,false,0.254
147,dropoff,2025,2,203,Bronx,Longwood,false,0.254
147,dropoff,2025,3,254,Bronx,Longwood,false,0.254
147,dropoff,2025,4,259,Bronx,Longwood,false,0.254
147,dropoff,2025,5,279,Bronx,Longwood,false,0.254
147,dropoff,2025,6,264,Bronx,Longwood,false,0.254
147,pickup,2024,2,77,Bronx,Longwood,false,0.1764
147,pickup,2024,3,100,Bronx,Longwood,false,0.1764
147,pickup,2024,4,113,Bronx,Longwood,false,0.1764
147,pickup,2024,5,119,Bronx,Longwood,false,0.1764
147,pickup,2024,6,107,Bronx,Longwood,false,0.1764
147,pickup,2025,2,84,Bronx,Longwood,false,0.1764
147,pickup,2025,3,113,Bronx,Longwood,false,0.1764
147,pickup,2025,4,106,Bronx,Longwood,false,0.1764
147,pickup,2025,5,125,Bronx,Longwood,false,0.1764
147,pickup,2025,6,102,Bronx,Longwood,false,0.1764
148,dropoff,2024,2,28237,Manhattan,Lower East Side,true,1.0
148,dropoff,2024,3,30889,Manhattan,Lower East Side,true,1.0
148,dropoff,2024,4,28794,Manhattan,Lower East Side,true,1.0
148,dropoff,2024,5,31713,Manhattan,Lower East Side,true,1.0
148,dropoff,2024,6,31964,Manhattan,Lower East Side,true,1.0
148,dropoff,2025,2,27796,Manhattan,Lower East Side,true,1.0
148,dropoff,2025,3,32507,Manhattan,Lower East Side,true,1.0
148,dropoff,2025,4,30592,Manhattan,Lower East Side,true,1.0
148,dropoff,2025,5,34080,Manhattan,Lower East Side,true,1.0
148,dropoff,2025,6,30007,Manhattan,Lower East Side,true,1.0
148,pickup,2024,2,30324,Manhattan,Lower East Side,true,1.0
148,pickup,2024,3,31850,Manhattan,Lower East Side,true,1.0
148,pickup,2024,4,28827,Manhattan,Lower East Side,true,1.0
148,pickup,2024,5,30477,Manhattan,Lower East Side,true,1.0
148,pickup,2024,6,32890,Manhattan,Lower East Side,true,1.0
148,pickup,2025,2,28324,Manhattan,Lower East Side,true,1.0
148,pickup,2025,3,33583,Manhattan,Lower East Side,true,1.0
148,pickup,2025,4,30121,Manhattan,Lower East Side,true,1.0
148,pickup,2025,5,34276,Manhattan,Lower East Side,true,1.0
148,pickup,2025,6,29991,Manhattan,Lower East Side,true,1.0
149,dropoff,2024,2,339,Brooklyn,Madison,false,0.214
149,dropoff,2024,3,472,Brooklyn,Madison,false,0.214
149,dropoff,2024,4,406,Brooklyn,Madison,false,0.214
149,dropoff,2024,5,487,Brooklyn,Madison,false,0.214
149,dropoff,2024,6,436,Brooklyn,Madison,false,0.214
149,dropoff,2025,2,383,Brooklyn,Madison,false,0.214
149,dropoff,2025,3,434,Brooklyn,Madison,false,0.214
149,dropoff,2025,4,486,Brooklyn,Madison,false,0.214
149,dropoff,2025,5,486,Brooklyn,Madison,false,0.214
149,dropoff,2025,6,446,Brooklyn,Madison,false,0.214
149,pickup,2024,2,108,Brooklyn,Madison,false,0.2112
149,pickup,2024,3,135,Brooklyn,Madison,false,0.2112
149,pickup,2024,4,156,Brooklyn,Madison,false,0.2112
149,pickup,2024,5,155,Brooklyn,Madison,false,0.2112
149,pickup,2024,6,161,Brooklyn,Madison,false,0.2112
149,pickup,2025,2,159,Brooklyn,Madison,false,0.2112
149,pickup,2025,3,172,Brooklyn,Madison,false,0.2112
149,pickup,2025,4,183,Brooklyn,Madison,false,0.2112
149,pickup,2025,5,179,Brooklyn,Madison,false,0.2112
149,pickup,2025,6,191,Brooklyn,Madison,false,0.2112
150,dropoff,2024,2,212,Brooklyn,Manhattan Beach,false,0.1322
150,dropoff,2024,3,267,Brooklyn,Manhattan Beach,false,0.1322
150,dropoff,2024,4,259,Brooklyn,Manhattan Beach,false,0.1322
150,dropoff,2024,5,279,Brooklyn,Manhattan Beach,false,0.1322
150,dropoff,2024,6,269,Brooklyn,Manhattan Beach,false,0.1322
150,dropoff,2025,2,209,Brooklyn,Manhattan Beach,false,0.1322
150,dropoff,2025,3,291,Brooklyn,Manhattan Beach,false,0.1322
150,dropoff,2025,4,268,Brooklyn,Manhattan Beach,false,0.1322
150,dropoff,2025,5,262,Brooklyn,Manhattan Beach,false,0.1322
150,dropoff,2025,6,287,Brooklyn,Manhattan Beach,false,0.1322
150,pickup,2024,2,51,Brooklyn,Manhattan Beach,false,0.1253
150,pickup,2024,3,77,Brooklyn,Manhattan Beach,false,0.1253
150,pickup,2024,4,103,Brooklyn,Manhattan Beach,false,0.1253
150,pickup,2024,5,109,Brooklyn,Manhattan Beach,false,0.1253
150,pickup,2024,6,99,Brooklyn,Manhattan Beach,false,0.1253
150,pickup,2025,2,74,Brooklyn,Manhattan Beach,false,0.1253
150,pickup,2025,3,99,Brooklyn,Manhattan Beach,false,0.1253
150,pickup,2025,4,101,Brooklyn,Manhattan Beach,false,0.1253
150,pickup,2025,5,97,Brooklyn,Manhattan Beach,false,0.1253
150,pickup,2025,6,103,Brooklyn,Manhattan Beach,false,0.1253
151,dropoff,2024,2,25169,Manhattan,Manhattan Valley,false,0.2647
151,dropoff,2024,3,28351,Manhattan,Manhattan Valley,false,0.2647
151,dropoff,2024,4,27968,Manhattan,Manhattan Valley,false,0.2647
151,dropoff,2024,5,29225,Manhattan,Manhattan Valley,false,0.2647
151,dropoff,2024,6,26873,Manhattan,Manhattan Valley,false,0.2647
151,dropoff,2025,2,24604,Manhattan,Manhattan Valley,false,0.2647
151,dropoff,2025,3,27547,Manhattan,Manhattan Valley,false,0.2647
151,dropoff,2025,4,27080,Manhattan,Manhattan Valley,false,0.2647
151,dropoff,2025,5,27773,Manhattan,Manhattan Valley,false,0.2647
151,dropoff,2025,6,24890,Manhattan,Manhattan Valley,false,0.2647
151,pickup,2024,2,21813,Manhattan,Manhattan Valley,false,0.1774
151,pickup,2024,3,23665,Manhattan,Manhattan Valley,false,0.1774
151,pickup,2024,4,24711,Manhattan,Manhattan Valley,false,0.1774
151,pickup,2024,5,25123,Manhattan,Manhattan Valley,false,0.1774
151,pickup,2024,6,23326,Manhattan,Manhattan Valley,false,0.1774
151,pickup,2025,2,20483,Manhattan,Manhattan Valley,false,0.1774
151,pickup,2025,3,23407,Manhattan,Manhattan Valley,false,0.1774
151,pickup,2025,4,22855,Manhattan,Manhattan Valley,false,0.1774
151,pickup,2025,5,23064,Manhattan,Manhattan Valley,false,0.1774
151,pickup,2025,6,20651,Manhattan,Manhattan Valley,false,0.1774
152,dropoff,2024,2,3534,Manhattan,Manhattanville,false,0.2624
152,dropoff,2024,3,3924,Manhattan,Manhattanville,false,0.2624
152,dropoff,2024,4,3881,Manhattan,Manhattanville,false,0.2624
152,dropoff,2024,5,4023,Manhattan,Manhattanville,false,0.2624
152,dropoff,2024,6,3556,Manhattan,Manhattanville,false,0.2624
152,dropoff,2025,2,2963,Manhattan,Manhattanville,false,0.2624
152,dropoff,2025,3,3564,Manhattan,Manhattanville,false,0.2624
152,dropoff,2025,4,3480,Manhattan,Manhattanville,false,0.2624
152,dropoff,2025,5,3679,Manhattan,Manhattanville,false,0.2624
152,dropoff,2025,6,3098,Manhattan,Manhattanville,false,0.2624
152,pickup,2024,2,1523,Manhattan,Manhattanville,false,0.1456
152,pickup,2024,3,1657,Manhattan,Manhattanville,false,0.1456
152,pickup,2024,4,1937,Manhattan,Manhattanville,false,0.1456
152,pickup,2024,5,1934,Manhattan,Manhattanville,false,0.1456
152,pickup,2024,6,1645,Manhattan,Manhattanville,false,0.1456
152,pickup,2025,2,1383,Manhattan,Manhattanville,false,0.1456
152,pickup,2025,3,1640,Manhattan,Manhattanville,false,0.1456
152,pickup,2025,4,1525,Manhattan,Manhattanville,false,0.1456
152,pickup,2025,5,1723,Manhattan,Manhattanville,false,0.1456
152,pickup,2025,6,1379,Manhattan,Manhattanville,false,0.1456
153,dropoff,2024,2,121,Manhattan,Marble Hill,false,0.2469
153,dropoff,2024,3,118,Manhattan,Marble Hill,false,0.2469
153,dropoff,2024,4,137,Manhattan,Marble Hill,false,0.2469
153,dropoff,2024,5,156,Manhattan,Marble Hill,false,0.2469
153,dropoff,2024,6,104,Manhattan,Marble Hill,false,0.2469
153,dropoff,2025,2,127,Manhattan,Marble Hill,false,0.2469
153,dropoff,2025,3,133,Manhattan,Marble Hill,false,0.2469
153,dropoff,2025,4,166,Manhattan,Marble Hill,false,0.2469
153,dropoff,2025,5,126,Manhattan,Marble Hill,false,0.2469
153,dropoff,2025,6,143,Manhattan,Marble Hill,false,0.2469
153,pickup,2024,2,36,Manhattan,Marble Hill,false,0.1778
153,pickup,2024,3,36,Manhattan,Marble Hill,false,0.1778
153,pickup,2024,4,36,Manhattan,Marble Hill,false,0.1778
153,pickup,2024,5,36,Manhattan,Marble Hill,false,0.1778
153,pickup,2024,6,36,Manhattan,Marble Hill,false,0.1778
153,pickup,2025,2,33,Manhattan,Marble Hill,false,0.1778
153,pickup,2025,3,30,Manhattan,Marble Hill,false,0.1778
153,pickup,2025,4,42,Manhattan,Marble Hill,false,0.1778
153,pickup,2025,5,40,Manhattan,Marble Hill,false,0.1778
153,pickup,2025,6,52,Manhattan,Marble Hill,false,0.1778
154,dropoff,2024,2,260,Brooklyn,Marine Park/Floyd Bennett Field,false,0.02
154,dropoff,2024,3,248,Brooklyn,Marine Park/Floyd Bennett Field,false,0.02
154,dropoff,2024,4,284,Brooklyn,Marine Park/Floyd Bennett Field,false,0.02
154,dropoff,2024,5,210,Brooklyn,Marine Park/Floyd Bennett Field,false,0.02
154,dropoff,2024,6,149,Brooklyn,Marine Park/Floyd Bennett Field,false,0.02
154,dropoff,2025,2,274,Brooklyn,Marine Park/Floyd Bennett Field,false,0.02
154,dropoff,2025,3,314,Brooklyn,Marine Park/Floyd Bennett Field,false,0.02
154,dropoff,2025,4,297,Brooklyn,Marine Park/Floyd Bennett Field,false,0.02
154,dropoff,2025,5,333,Brooklyn,Marine Park/Floyd Bennett Field,false,0.02
154,dropoff,2025,6,313,Brooklyn,Marine Park/Floyd Bennett Field,false,0.02
154,pickup,2024,2,44,Brooklyn,Marine Park/Floyd Bennett Field,false,0.0381
154,pickup,2024,3,48,Brooklyn,Marine Park/Floyd Bennett Field,false,0.0381
154,pickup,2024,4,46,Brooklyn,Marine Park/Floyd Bennett Field,false,0.0381
154,pickup,2024,5,37,Brooklyn,Marine Park/Floyd Bennett Field,false,0.0381
154,pickup,2024,6,35,Brooklyn,Marine Park/Floyd Bennett Field,false,0.0381
154,pickup,2025,2,29,Brooklyn,Marine Park/Floyd Bennett Field,false,0.0381
154,pickup,2025,3,35,Brooklyn,Marine Park/Floyd Bennett Field,false,0.0381
154,pickup,2025,4,34,Brooklyn,Marine Park/Floyd Bennett Field,false,0.0381
154,pickup,2025,5,42,Brooklyn,Marine Park/Floyd Bennett Field,false,0.0381
154,pickup,2025,6,43,Brooklyn,Marine Park/Floyd Bennett Field,false,0.0381
155,dropoff,2024,2,668,Brooklyn,Marine Park/Mill Basin,false,0.1175
155,dropoff,2024,3,735,Brooklyn,Marine Park/Mill Basin,false,0.1175
155,dropoff,2024,4,784,Brooklyn,Marine Park/Mill Basin,false,0.1175
155,dropoff,2024,5,807,Brooklyn,Marine Park/Mill Basin,false,0.1175
155,dropoff,2024,6,725,Brooklyn,Marine Park/Mill Basin,false,0.1175
155,dropoff,2025,2,782,Brooklyn,Marine Park/Mill Basin,false,0.1175
155,dropoff,2025,3,873,Brooklyn,Marine Park/Mill Basin,false,0.1175
155,dropoff,2025,4,868,Brooklyn,Marine Park/Mill Basin,false,0.1175
155,dropoff,2025,5,974,Brooklyn,Marine Park/Mill Basin,false,0.1175
155,dropoff,2025,6,913,Brooklyn,Marine Park/Mill Basin,false,0.1175
155,pickup,2024,2,198,Brooklyn,Marine Park/Mill Basin,false,0.1594
155,pickup,2024,3,253,Brooklyn,Marine Park/Mill Basin,false,0.1594
155,pickup,2024,4,246,Brooklyn,Marine Park/Mill Basin,false,0.1594
155,pickup,2024,5,266,Brooklyn,Marine Park/Mill Basin,false,0.1594
155,pickup,2024,6,254,Brooklyn,Marine Park/Mill Basin,false,0.1594
155,pickup,2025,2,300,Brooklyn,Marine Park/Mill Basin,false,0.1594
155,pickup,2025,3,355,Brooklyn,Marine Park/Mill Basin,false,0.1594
155,pickup,2025,4,314,Brooklyn,Marine Park/Mill Basin,false,0.1594
155,pickup,2025,5,336,Brooklyn,Marine Park/Mill Basin,false,0.1594
155,pickup,2025,6,321,Brooklyn,Marine Park/Mill Basin,false,0.1594
156,dropoff,2024,2,26,Staten Island,Mariners Harbor,false,0.5153
156,dropoff,2024,3,32,Staten Island,Mariners Harbor,false,0.5153
156,dropoff,2024,4,35,Staten Island,Mariners Harbor,false,0.5153
156,dropoff,2024,5,36,Staten Island,Mariners Harbor,false,0.5153
156,dropoff,2024,6,34,Staten Island,Mariners Harbor,false,0.5153
156,dropoff,2025,2,35,Staten Island,Mariners Harbor,false,0.5153
156,dropoff,2025,3,34,Staten Island,Mariners Harbor,false,0.5153
156,dropoff,2025,4,24,Staten Island,Mariners Harbor,false,0.5153
156,dropoff,2025,5,55,Staten Island,Mariners Harbor,false,0.5153
156,dropoff,2025,6,29,Staten Island,Mariners Harbor,false,0.5153
156,pickup,2024,4,5,Staten Island,Mariners Harbor,false,0.0
156,pickup,2024,5,2,Staten Island,Mariners Harbor,false,0.0
156,pickup,2024,6,1,Staten Island,Mariners Harbor,false,0.0
156,pickup,2025,3,2,Staten Island,Mariners Harbor,false,0.0
156,pickup,2025,4,2,Staten Island,Mariners Harbor,false,0.0
156,pickup,2025,5,3,Staten Island,Mariners Harbor,false,0.0
156,pickup,2025,6,1,Staten Island,Mariners Harbor,false,0.0
157,dropoff,2024,2,911,Queens,Maspeth,false,0.2835
157,dropoff,2024,3,1001,Queens,Maspeth,false,0.2835
157,dropoff,2024,4,904,Queens,Maspeth,false,0.2835
157,dropoff,2024,5,953,Queens,Maspeth,false,0.2835
157,dropoff,2024,6,993,Queens,Maspeth,false,0.2835
157,dropoff,2025,2,1075,Queens,Maspeth,false,0.2835
157,dropoff,2025,3,1214,Queens,Maspeth,false,0.2835
157,dropoff,2025,4,1081,Queens,Maspeth,false,0.2835
157,dropoff,2025,5,1250,Queens,Maspeth,false,0.2835
157,dropoff,2025,6,1156,Queens,Maspeth,false,0.2835
157,pickup,2024,2,327,Queens,Maspeth,false,0.3713
157,pickup,2024,3,298,Queens,Maspeth,false,0.3713
157,pickup,2024,4,270,Queens,Maspeth,false,0.3713
157,pickup,2024,5,269,Queens,Maspeth,false,0.3713
157,pickup,2024,6,304,Queens,Maspeth,false,0.3713
157,pickup,2025,2,361,Queens,Maspeth,false,0.3713
157,pickup,2025,3,563,Queens,Maspeth,false,0.3713
157,pickup,2025,4,420,Queens,Maspeth,false,0.3713
157,pickup,2025,5,587,Queens,Maspeth,false,0.3713
157,pickup,2025,6,561,Queens,Maspeth,false,0.3713
158,dropoff,2024,2,26703,Manhattan,Meatpacking/West Village West,true,1.0
158,dropoff,2024,3,30443,Manhattan,Meatpacking/West Village West,true,1.0
158,dropoff,2024,4,31284,Manhattan,Meatpacking/West Village West,true,1.0
158,dropoff,2024,5,33766,Manhattan,Meatpacking/West Village West,true,1.0
158,dropoff,2024,6,33008,Manhattan,Meatpacking/West Village West,true,1.0
158,dropoff,2025,2,27387,Manhattan,Meatpacking/West Village West,true,1.0
158,dropoff,2025,3,32324,Manhattan,Meatpacking/West Village West,true,1.0
158,dropoff,2025,4,33926,Manhattan,Meatpacking/West Village West,true,1.0
158,dropoff,2025,5,36333,Manhattan,Meatpacking/West Village West,true,1.0
158,dropoff,2025,6,32688,Manhattan,Meatpacking/West Village West,true,1.0
158,pickup,2024,2,24181,Manhattan,Meatpacking/West Village West,true,1.0
158,pickup,2024,3,27773,Manhattan,Meatpacking/West Village West,true,1.0
158,pickup,2024,4,27907,Manhattan,Meatpacking/West Village West,true,1.0
158,pickup,2024,5,30644,Manhattan,Meatpacking/West Village West,true,1.0
158,pickup,2024,6,31365,Manhattan,Meatpacking/West Village West,true,1.0
158,pickup,2025,2,23312,Manhattan,Meatpacking/West Village West,true,1.0
158,pickup,2025,3,28453,Manhattan,Meatpacking/West Village West,true,1.0
158,pickup,2025,4,29999,Manhattan,Meatpacking/West Village West,true,1.0
158,pickup,2025,5,31758,Manhattan,Meatpacking/West Village West,true,1.0
158,pickup,2025,6,28234,Manhattan,Meatpacking/West Village West,true,1.0
159,dropoff,2024,2,618,Bronx,Melrose South,false,0.2583
159,dropoff,2024,3,685,Bronx,Melrose South,false,0.2583
159,dropoff,2024,4,669,Bronx,Melrose South,false,0.2583
159,dropoff,2024,5,738,Bronx,Melrose South,false,0.2583
159,dropoff,2024,6,677,Bronx,Melrose South,false,0.2583
159,dropoff,2025,2,583,Bronx,Melrose South,false,0.2583
159,dropoff,2025,3,695,Bronx,Melrose South,false,0.2583
159,dropoff,2025,4,705,Bronx,Melrose South,false,0.2583
159,dropoff,2025,5,707,Bronx,Melrose South,false,0.2583
159,dropoff,2025,6,680,Bronx,Melrose South,false,0.2583
159,pickup,2024,2,245,Bronx,Melrose South,false,0.1354
159,pickup,2024,3,285,Bronx,Melrose South,false,0.1354
159,pickup,2024,4,268,Bronx,Melrose South,false,0.1354
159,pickup,2024,5,275,Bronx,Melrose South,false,0.1354
159,pickup,2024,6,249,Bronx,Melrose South,false,0.1354
159,pickup,2025,2,288,Bronx,Melrose South,false,0.1354
159,pickup,2025,3,319,Bronx,Melrose South,false,0.1354
159,pickup,2025,4,315,Bronx,Melrose South,false,0.1354
159,pickup,2025,5,330,Bronx,Melrose South,false,0.1354
159,pickup,2025,6,324,Bronx,Melrose South,false,0.1354
160,dropoff,2024,2,843,Queens,Middle Village,false,0.3246
160,dropoff,2024,3,903,Queens,Middle Village,false,0.3246
160,dropoff,2024,4,930,Queens,Middle Village,false,0.3246
160,dropoff,2024,5,978,Queens,Middle Village,false,0.3246
160,dropoff,2024,6,874,Queens,Middle Village,false,0.3246
160,dropoff,2025,2,704,Queens,Middle Village,false,0.3246
160,dropoff,2025,3,871,Queens,Middle Village,false,0.3246
160,dropoff,2025,4,884,Queens,Middle Village,false,0.3246
160,dropoff,2025,5,968,Queens,Middle Village,false,0.3246
160,dropoff,2025,6,845,Queens,Middle Village,false,0.3246
160,pickup,2024,2,80,Queens,Middle Village,false,0.1431
160,pickup,2024,3,110,Queens,Middle Village,false,0.1431
160,pickup,2024,4,117,Queens,Middle Village,false,0.1431
160,pickup,2024,5,126,Queens,Middle Village,false,0.1431
160,pickup,2024,6,105,Queens,Middle Village,false,0.1431
160,pickup,2025,2,99,Queens,Middle Village,false,0.1431
160,pickup,2025,3,132,Queens,Middle Village,false,0.1431
160,pickup,2025,4,148,Queens,Middle Village,false,0.1431
160,pickup,2025,5,143,Queens,Middle Village,false,0.1431
160,pickup,2025,6,132,Queens,Middle Village,false,0.1431
161,dropoff,2024,2,106605,Manhattan,Midtown Center,true,1.0
161,dropoff,2024,3,118256,Manhattan,Midtown Center,true,1.0
161,dropoff,2024,4,117536,Manhattan,Midtown Center,true,1.0
161,dropoff,2024,5,127534,Manhattan,Midtown Center,true,1.0
161,dropoff,2024,6,117847,Manhattan,Midtown Center,true,1.0
161,dropoff,2025,2,103005,Manhattan,Midtown Center,true,1.0
161,dropoff,2025,3,120449,Manhattan,Midtown Center,true,1.0
161,dropoff,2025,4,126840,Manhattan,Midtown Center,true,1.0
161,dropoff,2025,5,125437,Manhattan,Midtown Center,true,1.0
161,dropoff,2025,6,116573,Manhattan,Midtown Center,true,1.0
161,pickup,2024,2,139691,Manhattan,Midtown Center,true,1.0
161,pickup,2024,3,149425,Manhattan,Midtown Center,true,1.0
161,pickup,2024,4,150045,Manhattan,Midtown Center,true,1.0
161,pickup,2024,5,161758,Manhattan,Midtown Center,true,1.0
161,pickup,2024,6,148810,Manhattan,Midtown Center,true,1.0
161,pickup,2025,2,137930,Manhattan,Midtown Center,true,1.0
161,pickup,2025,3,157305,Manhattan,Midtown Center,true,1.0
161,pickup,2025,4,163405,Manhattan,Midtown Center,true,1.0
161,pickup,2025,5,156464,Manhattan,Midtown Center,true,1.0
161,pickup,2025,6,145564,Manhattan,Midtown Center,true,1.0
162,dropoff,2024,2,78826,Manhattan,Midtown East,true,1.0
162,dropoff,2024,3,91221,Manhattan,Midtown East,true,1.0
162,dropoff,2024,4,87204,Manhattan,Midtown East,true,1.0
162,dropoff,2024,5,95878,Manhattan,Midtown East,true,1.0
162,dropoff,2024,6,93201,Manhattan,Midtown East,true,1.0
162,dropoff,2025,2,75075,Manhattan,Midtown East,true,1.0
162,dropoff,2025,3,89874,Manhattan,Midtown East,true,1.0
162,dropoff,2025,4,90011,Manhattan,Midtown East,true,1.0
162,dropoff,2025,5,91821,Manhattan,Midtown East,true,1.0
162,dropoff,2025,6,87476,Manhattan,Midtown East,true,1.0
162,pickup,2024,2,101519,Manhattan,Midtown East,true,1.0
162,pickup,2024,3,115067,Manhattan,Midtown East,true,1.0
162,pickup,2024,4,111389,Manhattan,Midtown East,true,1.0
162,pickup,2024,5,118298,Manhattan,Midtown East,true,1.0
162,pickup,2024,6,112738,Manhattan,Midtown East,true,1.0
162,pickup,2025,2,100565,Manhattan,Midtown East,true,1.0
162,pickup,2025,3,114421,Manhattan,Midtown East,true,1.0
162,pickup,2025,4,113463,Manhattan,Midtown East,true,1.0
162,pickup,2025,5,114484,Manhattan,Midtown East,true,1.0
162,pickup,2025,6,108782,Manhattan,Midtown East,true,1.0
163,dropoff,2024,2,70808,Manhattan,Midtown North,true,1.0
163,dropoff,2024,3,78832,Manhattan,Midtown North,true,1.0
163,dropoff,2024,4,77819,Manhattan,Midtown North,true,1.0
163,dropoff,2024,5,83307,Manhattan,Midtown North,true,1.0
163,dropoff,2024,6,78349,Manhattan,Midtown North,true,1.0
163,dropoff,2025,2,69357,Manhattan,Midtown North,true,1.0
163,dropoff,2025,3,81415,Manhattan,Midtown North,true,1.0
163,dropoff,2025,4,83358,Manhattan,Midtown North,true,1.0
163,dropoff,2025,5,84599,Manhattan,Midtown North,true,1.0
163,dropoff,2025,6,76408,Manhattan,Midtown North,true,1.0
163,pickup,2024,2,84860,Manhattan,Midtown North,true,1.0
163,pickup,2024,3,92888,Manhattan,Midtown North,true,1.0
163,pickup,2024,4,92141,Manhattan,Midtown North,true,1.0
163,pickup,2024,5,98871,Manhattan,Midtown North,true,1.0
163,pickup,2024,6,90763,Manhattan,Midtown North,true,1.0
163,pickup,2025,2,81897,Manhattan,Midtown North,true,1.0
163,pickup,2025,3,93628,Manhattan,Midtown North,true,1.0
163,pickup,2025,4,94639,Manhattan,Midtown North,true,1.0
163,pickup,2025,5,97135,Manhattan,Midtown North,true,1.0
163,pickup,2025,6,86135,Manhattan,Midtown North,true,1.0
164,dropoff,2024,2,58206,Manhattan,Midtown South,true,1.0
164,dropoff,2024,3,67567,Manhattan,Midtown South,true,1.0
164,dropoff,2024,4,65653,Manhattan,Midtown South,true,1.0
164,dropoff,2024,5,70736,Manhattan,Midtown South,true,1.0
164,dropoff,2024,6,67472,Manhattan,Midtown South,true,1.0
164,dropoff,2025,2,56447,Manhattan,Midtown South,true,1.0
164,dropoff,2025,3,66761,Manhattan,Midtown South,true,1.0
164,dropoff,2025,4,65374,Manhattan,Midtown South,true,1.0
164,dropoff,2025,5,68904,Manhattan,Midtown South,true,1.0
164,dropoff,2025,6,63506,Manhattan,Midtown South,true,1.0
164,pickup,2024,2,62849,Manhattan,Midtown South,true,1.0
164,pickup,2024,3,71966,Manhattan,Midtown South,true,1.0
164,pickup,2024,4,69040,Manhattan,Midtown South,true,1.0
164,pickup,2024,5,74778,Manhattan,Midtown South,true,1.0
164,pickup,2024,6,70413,Manhattan,Midtown South,true,1.0
164,pickup,2025,2,59802,Manhattan,Midtown South,true,1.0
164,pickup,2025,3,71176,Manhattan,Midtown South,true,1.0
164,pickup,2025,4,68349,Manhattan,Midtown South,true,1.0
164,pickup,2025,5,70665,Manhattan,Midtown South,true,1.0
164,pickup,2025,6,65180,Manhattan,Midtown South,true,1.0
165,dropoff,2024,2,792,Brooklyn,Midwood,false,0.2046
165,dropoff,2024,3,820,Brooklyn,Midwood,false,0.2046
165,dropoff,2024,4,707,Brooklyn,Midwood,false,0.2046
165,dropoff,2024,5,1008,Brooklyn,Midwood,false,0.2046
165,dropoff,2024,6,799,Brooklyn,Midwood,false,0.2046
165,dropoff,2025,2,796,Brooklyn,Midwood,false,0.2046
165,dropoff,2025,3,905,Brooklyn,Midwood,false,0.2046
165,dropoff,2025,4,887,Brooklyn,Midwood,false,0.2046
165,dropoff,2025,5,889,Brooklyn,Midwood,false,0.2046
165,dropoff,2025,6,851,Brooklyn,Midwood,false,0.2046
165,pickup,2024,2,243,Brooklyn,Midwood,false,0.1051
165,pickup,2024,3,315,Brooklyn,Midwood,false,0.1051
165,pickup,2024,4,308,Brooklyn,Midwood,false,0.1051
165,pickup,2024,5,344,Brooklyn,Midwood,false,0.1051
165,pickup,2024,6,293,Brooklyn,Midwood,false,0.1051
165,pickup,2025,2,278,Brooklyn,Midwood,false,0.1051
165,pickup,2025,3,318,Brooklyn,Midwood,false,0.1051
165,pickup,2025,4,294,Brooklyn,Midwood,false,0.1051
165,pickup,2025,5,338,Brooklyn,Midwood,false,0.1051
165,pickup,2025,6,399,Brooklyn,Midwood,false,0.1051
166,dropoff,2024,2,19490,Manhattan,Morningside Heights,false,0.2255
166,dropoff,2024,3,22097,Manhattan,Morningside Heights,false,0.2255
166,dropoff,2024,4,22207,Manhattan,Morningside Heights,false,0.2255
166,dropoff,2024,5,21535,Manhattan,Morningside Heights,false,0.2255
166,dropoff,2024,6,18956,Manhattan,Morningside Heights,false,0.2255
166,dropoff,2025,2,19289,Manhattan,Morningside Heights,false,0.2255
166,dropoff,2025,3,21416,Manhattan,Morningside Heights,false,0.2255
166,dropoff,2025,4,21557,Manhattan,Morningside Heights,false,0.2255
166,dropoff,2025,5,22181,Manhattan,Morningside Heights,false,0.2255
166,dropoff,2025,6,17228,Manhattan,Morningside Heights,false,0.2255
166,pickup,2024,2,12830,Manhattan,Morningside Heights,false,0.1515
166,pickup,2024,3,13320,Manhattan,Morningside Heights,false,0.1515
166,pickup,2024,4,15530,Manhattan,Morningside Heights,false,0.1515
166,pickup,2024,5,14076,Manhattan,Morningside Heights,false,0.1515
166,pickup,2024,6,11699,Manhattan,Morningside Heights,false,0.1515
166,pickup,2025,2,12445,Manhattan,Morningside Heights,false,0.1515
166,pickup,2025,3,13965,Manhattan,Morningside Heights,false,0.1515
166,pickup,2025,4,13891,Manhattan,Morningside Heights,false,0.1515
166,pickup,2025,5,14229,Manhattan,Morningside Heights,false,0.1515
166,pickup,2025,6,10428,Manhattan,Morningside Heights,false,0.1515
167,dropoff,2024,2,333,Bronx,Morrisania/Melrose,false,0.2128
167,dropoff,2024,3,454,Bronx,Morrisania/Melrose,false,0.2128
167,dropoff,2024,4,402,Bronx,Morrisania/Melrose,false,0.2128
167,dropoff,2024,5,431,Bronx,Morrisania/Melrose,false,0.2128
167,dropoff,2024,6,434,Bronx,Morrisania/Melrose,false,0.2128
167,dropoff,2025,2,338,Bronx,Morrisania/Melrose,false,0.2128
167,dropoff,2025,3,471,Bronx,Morrisania/Melrose,false,0.2128
167,dropoff,2025,4,450,Bronx,Morrisania/Melrose,false,0.2128
167,dropoff,2025,5,474,Bronx,Morrisania/Melrose,false,0.2128
167,dropoff,2025,6,415,Bronx,Morrisania/Melrose,false,0.2128
167,pickup,2024,2,196,Bronx,Morrisania/Melrose,false,0.2425
167,pickup,2024,3,229,Bronx,Morrisania/Melrose,false,0.2425
167,pickup,2024,4,248,Bronx,Morrisania/Melrose,false,0.2425
167,pickup,2024,5,211,Bronx,Morrisania/Melrose,false,0.2425
167,pickup,2024,6,213,Bronx,Morrisania/Melrose,false,0.2425
167,pickup,2025,2,206,Bronx,Morrisania/Melrose,false,0.2425
167,pickup,2025,3,268,Bronx,Morrisania/Melrose,false,0.2425
167,pickup,2025,4,320,Bronx,Morrisania/Melrose,false,0.2425
167,pickup,2025,5,293,Bronx,Morrisania/Melrose,false,0.2425
167,pickup,2025,6,251,Bronx,Morrisania/Melrose,false,0.2425
168,dropoff,2024,2,1503,Bronx,Mott Haven/Port Morris,false,0.2672
168,dropoff,2024,3,1721,Bronx,Mott Haven/Port Morris,false,0.2672
168,dropoff,2024,4,1642,Bronx,Mott Haven/Port Morris,false,0.2672
168,dropoff,2024,5,1762,Bronx,Mott Haven/Port Morris,false,0.2672
168,dropoff,2024,6,1738,Bronx,Mott Haven/Port Morris,false,0.2672
168,dropoff,2025,2,1339,Bronx,Mott Haven/Port Morris,false,0.2672
168,dropoff,2025,3,1698,Bronx,Mott Haven/Port Morris,false,0.2672
168,dropoff,2025,4,1611,Bronx,Mott Haven/Port Morris,false,0.2672
168,dropoff,2025,5,1763,Bronx,Mott Haven/Port Morris,false,0.2672
168,dropoff,2025,6,1737,Bronx,Mott Haven/Port Morris,false,0.2672
168,pickup,2024,2,438,Bronx,Mott Haven/Port Morris,false,0.1304
168,pickup,2024,3,501,Bronx,Mott Haven/Port Morris,false,0.1304
168,pickup,2024,4,554,Bronx,Mott Haven/Port Morris,false,0.1304
168,pickup,2024,5,505,Bronx,Mott Haven/Port Morris,false,0.1304
168,pickup,2024,6,487,Bronx,Mott Haven/Port Morris,false,0.1304
168,pickup,2025,2,377,Bronx,Mott Haven/Port Morris,false,0.1304
168,pickup,2025,3,441,Bronx,Mott Haven/Port Morris,false,0.1304
168,pickup,2025,4,501,Bronx,Mott Haven/Port Morris,false,0.1304
168,pickup,2025,5,493,Bronx,Mott Haven/Port Morris,false,0.1304
168,pickup,2025,6,577,Bronx,Mott Haven/Port Morris,false,0.1304
169,dropoff,2024,2,404,Bronx,Mount Hope,false,0.2286
169,dropoff,2024,3,511,Bronx,Mount Hope,false,0.2286
169,dropoff,2024,4,481,Bronx,Mount Hope,false,0.2286
169,dropoff,2024,5,422,Bronx,Mount Hope,false,0.2286
169,dropoff,2024,6,457,Bronx,Mount Hope,false,0.2286
169,dropoff,2025,2,396,Bronx,Mount Hope,false,0.2286
169,dropoff,2025,3,423,Bronx,Mount Hope,false,0.2286
169,dropoff,2025,4,444,Bronx,Mount Hope,false,0.2286
169,dropoff,2025,5,462,Bronx,Mount Hope,false,0.2286
169,dropoff,2025,6,453,Bronx,Mount Hope,false,0.2286
169,pickup,2024,2,170,Bronx,Mount Hope,false,0.2373
169,pickup,2024,3,197,Bronx,Mount Hope,false,0.2373
169,pickup,2024,4,179,Bronx,Mount Hope,false,0.2373
169,pickup,2024,5,203,Bronx,Mount Hope,false,0.2373
169,pickup,2024,6,174,Bronx,Mount Hope,false,0.2373
169,pickup,2025,2,204,Bronx,Mount Hope,false,0.2373
169,pickup,2025,3,228,Bronx,Mount Hope,false,0.2373
169,pickup,2025,4,226,Bronx,Mount Hope,false,0.2373
169,pickup,2025,5,248,Bronx,Mount Hope,false,0.2373
169,pickup,2025,6,228,Bronx,Mount Hope,false,0.2373
170,dropoff,2024,2,83790,Manhattan,Murray Hill,true,1.0
170,dropoff,2024,3,94334,Manhattan,Murray Hill,true,1.0
170,dropoff,2024,4,90922,Manhattan,Murray Hill,true,1.0
170,dropoff,2024,5,96730,Manhattan,Murray Hill,true,1.0
170,dropoff,2024,6,94462,Manhattan,Murray Hill,true,1.0
170,dropoff,2025,2,80477,Manhattan,Murray Hill,true,1.0
170,dropoff,2025,3,93846,Manhattan,Murray Hill,true,1.0
170,dropoff,2025,4,91577,Manhattan,Murray Hill,true,1.0
170,dropoff,2025,5,93338,Manhattan,Murray Hill,true,1.0
170,dropoff,2025,6,87193,Manhattan,Murray Hill,true,1.0
170,pickup,2024,2,80295,Manhattan,Murray Hill,true,1.0
170,pickup,2024,3,91970,Manhattan,Murray Hill,true,1.0
170,pickup,2024,4,89195,Manhattan,Murray Hill,true,1.0
170,pickup,2024,5,96022,Manhattan,Murray Hill,true,1.0
170,pickup,2024,6,93427,Manhattan,Murray Hill,true,1.0
170,pickup,2025,2,77276,Manhattan,Murray Hill,true,1.0
170,pickup,2025,3,90339,Manhattan,Murray Hill,true,1.0
170,pickup,2025,4,89264,Manhattan,Murray Hill,true,1.0
170,pickup,2025,5,91950,Manhattan,Murray Hill,true,1.0
170,pickup,2025,6,88212,Manhattan,Murray Hill,true,1.0
171,dropoff,2024,2,467,Queens,Murray Hill-Queens,false,0.147
171,dropoff,2024,3,516,Queens,Murray Hill-Queens,false,0.147
171,dropoff,2024,4,488,Queens,Murray Hill-Queens,false,0.147
171,dropoff,2024,5,552,Queens,Murray Hill-Queens,false,0.147
171,dropoff,2024,6,473,Queens,Murray Hill-Queens,false,0.147
171,dropoff,2025,2,339,Queens,Murray Hill-Queens,false,0.147
171,dropoff,2025,3,443,Queens,Murray Hill-Queens,false,0.147
171,dropoff,2025,4,462,Queens,Murray Hill-Queens,false,0.147
171,dropoff,2025,5,498,Queens,Murray Hill-Queens,false,0.147
171,dropoff,2025,6,442,Queens,Murray Hill-Queens,false,0.147
171,pickup,2024,2,57,Queens,Murray Hill-Queens,false,0.1894
171,pickup,2024,3,81,Queens,Murray Hill-Queens,false,0.1894
171,pickup,2024,4,53,Queens,Murray Hill-Queens,false,0.1894
171,pickup,2024,5,69,Queens,Murray Hill-Queens,false,0.1894
171,pickup,2024,6,62,Queens,Murray Hill-Queens,false,0.1894
171,pickup,2025,2,60,Queens,Murray Hill-Queens,false,0.1894
171,pickup,2025,3,78,Queens,Murray Hill-Queens,false,0.1894
171,pickup,2025,4,75,Queens,Murray Hill-Queens,false,0.1894
171,pickup,2025,5,74,Queens,Murray Hill-Queens,false,0.1894
171,pickup,2025,6,67,Queens,Murray Hill-Queens,false,0.1894
172,dropoff,2024,2,29,Staten Island,New Dorp/Midland Beach,false,0.3418
172,dropoff,2024,3,29,Staten Island,New Dorp/Midland Beach,false,0.3418
172,dropoff,2024,4,33,Staten Island,New Dorp/Midland Beach,false,0.3418
172,dropoff,2024,5,33,Staten Island,New Dorp/Midland Beach,false,0.3418
172,dropoff,2024,6,34,Staten Island,New Dorp/Midland Beach,false,0.3418
172,dropoff,2025,2,28,Staten Island,New Dorp/Midland Beach,false,0.3418
172,dropoff,2025,3,47,Staten Island,New Dorp/Midland Beach,false,0.3418
172,dropoff,2025,4,52,Staten Island,New Dorp/Midland Beach,false,0.3418
172,dropoff,2025,5,69,Staten Island,New Dorp/Midland Beach,false,0.3418
172,dropoff,2025,6,48,Staten Island,New Dorp/Midland Beach,false,0.3418
172,pickup,2024,2,1,Staten Island,New Dorp/Midland Beach,false,0.0714
172,pickup,2024,3,5,Staten Island,New Dorp/Midland Beach,false,0.0714
172,pickup,2024,4,1,Staten Island,New Dorp/Midland Beach,false,0.0714
172,pickup,2024,5,2,Staten Island,New Dorp/Midland Beach,false,0.0714
172,pickup,2024,6,5,Staten Island,New Dorp/Midland Beach,false,0.0714
172,pickup,2025,2,2,Staten Island,New Dorp/Midland Beach,false,0.0714
172,pickup,2025,3,3,Staten Island,New Dorp/Midland Beach,false,0.0714
172,pickup,2025,5,1,Staten Island,New Dorp/Midland Beach,false,0.0714
172,pickup,2025,6,1,Staten Island,New Dorp/Midland Beach,false,0.0714
173,dropoff,2024,2,428,Queens,North Corona,false,0.2454
173,dropoff,2024,3,521,Queens,North Corona,false,0.2454
173,dropoff,2024,4,509,Queens,North Corona,false,0.2454
173,dropoff,2024,5,550,Queens,North Corona,false,0.2454
173,dropoff,2024,6,571,Queens,North Corona,false,0.2454
173,dropoff,2025,2,356,Queens,North Corona,false,0.2454
173,dropoff,2025,3,409,Queens,North Corona,false,0.2454
173,dropoff,2025,4,369,Queens,North Corona,false,0.2454
173,dropoff,2025,5,466,Queens,North Corona,false,0.2454
173,dropoff,2025,6,428,Queens,North Corona,false,0.2454
173,pickup,2024,2,48,Queens,North Corona,false,0.1538
173,pickup,2024,3,68,Queens,North Corona,false,0.1538
173,pickup,2024,4,89,Queens,North Corona,false,0.1538
173,pickup,2024,5,77,Queens,North Corona,false,0.1538
173,pickup,2024,6,82,Queens,North Corona,false,0.1538
173,pickup,2025,2,75,Queens,North Corona,false,0.1538
173,pickup,2025,3,73,Queens,North Corona,false,0.1538
173,pickup,2025,4,77,Queens,North Corona,false,0.1538
173,pickup,2025,5,76,Queens,North Corona,false,0.1538
173,pickup,2025,6,98,Queens,North Corona,false,0.1538
174,dropoff,2024,2,349,Bronx,Norwood,false,0.1977
174,dropoff,2024,3,386,Bronx,Norwood,false,0.1977
174,dropoff,2024,4,363,Bronx,Norwood,false,0.1977
174,dropoff,2024,5,361,Bronx,Norwood,false,0.1977
174,dropoff,2024,6,347,Bronx,Norwood,false,0.1977
174,dropoff,2025,2,278,Bronx,Norwood,false,0.1977
174,dropoff,2025,3,370,Bronx,Norwood,false,0.1977
174,dropoff,2025,4,411,Bronx,Norwood,false,0.1977
174,dropoff,2025,5,516,Bronx,Norwood,false,0.1977
174,dropoff,2025,6,459,Bronx,Norwood,false,0.1977
174,pickup,2024,2,129,Bronx,Norwood,false,0.1683
174,pickup,2024,3,138,Bronx,Norwood,false,0.1683
174,pickup,2024,4,136,Bronx,Norwood,false,0.1683
174,pickup,2024,5,171,Bronx,Norwood,false,0.1683
174,pickup,2024,6,127,Bronx,Norwood,false,0.1683
174,pickup,2025,2,168,Bronx,Norwood,false,0.1683
174,pickup,2025,3,207,Bronx,Norwood,false,0.1683
174,pickup,2025,4,210,Bronx,Norwood,false,0.1683
174,pickup,2025,5,203,Bronx,Norwood,false,0.1683
174,pickup,2025,6,207,Bronx,Norwood,false,0.1683
175,dropoff,2024,2,330,Queens,Oakland Gardens,false,0.098
175,dropoff,2024,3,298,Queens,Oakland Gardens,false,0.098
175,dropoff,2024,4,358,Queens,Oakland Gardens,false,0.098
175,dropoff,2024,5,314,Queens,Oakland Gardens,false,0.098
175,dropoff,2024,6,281,Queens,Oakland Gardens,false,0.098
175,dropoff,2025,2,288,Queens,Oakland Gardens,false,0.098
175,dropoff,2025,3,291,Queens,Oakland Gardens,false,0.098
175,dropoff,2025,4,306,Queens,Oakland Gardens,false,0.098
175,dropoff,2025,5,330,Queens,Oakland Gardens,false,0.098
175,dropoff,2025,6,326,Queens,Oakland Gardens,false,0.098
175,pickup,2024,2,60,Queens,Oakland Gardens,false,0.0976
175,pickup,2024,3,71,Queens,Oakland Gardens,false,0.0976
175,pickup,2024,4,51,Queens,Oakland Gardens,false,0.0976
175,pickup,2024,5,68,Queens,Oakland Gardens,false,0.0976
175,pickup,2024,6,47,Queens,Oakland Gardens,false,0.0976
175,pickup,2025,2,42,Queens,Oakland Gardens,false,0.0976
175,pickup,2025,3,52,Queens,Oakland Gardens,false,0.0976
175,pickup,2025,4,51,Queens,Oakland Gardens,false,0.0976
175,pickup,2025,5,37,Queens,Oakland Gardens,false,0.0976
175,pickup,2025,6,32,Queens,Oakland Gardens,false,0.0976
176,dropoff,2024,2,12,Staten Island,Oakwood,false,0.33
176,dropoff,2024,3,16,Staten Island,Oakwood,false,0.33
176,dropoff,2024,4,23,Staten Island,Oakwood,false,0.33
176,dropoff,2024,5,24,Staten Island,Oakwood,false,0.33
176,dropoff,2024,6,25,Staten Island,Oakwood,false,0.33
176,dropoff,2025,2,13,Staten Island,Oakwood,false,0.33
176,dropoff,2025,3,23,Staten Island,Oakwood,false,0.33
176,dropoff,2025,4,13,Staten Island,Oakwood,false,0.33
176,dropoff,2025,5,31,Staten Island,Oakwood,false,0.33
176,dropoff,2025,6,27,Staten Island,Oakwood,false,0.33
176,pickup,2024,5,1,Staten Island,Oakwood,false,0.0
176,pickup,2025,5,1,Staten Island,Oakwood,false,0.0
177,dropoff,2024,2,735,Brooklyn,Ocean Hill,false,0.1793
177,dropoff,2024,3,867,Brooklyn,Ocean Hill,false,0.1793
177,dropoff,2024,4,871,Brooklyn,Ocean Hill,false,0.1793
177,dropoff,2024,5,915,Brooklyn,Ocean Hill,false,0.1793
177,dropoff,2024,6,902,Brooklyn,Ocean Hill,false,0.1793
177,dropoff,2025,2,759,Brooklyn,Ocean Hill,false,0.1793
177,dropoff,2025,3,897,Brooklyn,Ocean Hill,false,0.1793
177,dropoff,2025,4,876,Brooklyn,Ocean Hill,false,0.1793
177,dropoff,2025,5,1012,Brooklyn,Ocean Hill,false,0.1793
177,dropoff,2025,6,1044,Brooklyn,Ocean Hill,false,0.1793
177,pickup,2024,2,333,Brooklyn,Ocean Hill,false,0.1408
177,pickup,2024,3,428,Brooklyn,Ocean Hill,false,0.1408
177,pickup,2024,4,431,Brooklyn,Ocean Hill,false,0.1408
177,pickup,2024,5,444,Brooklyn,Ocean Hill,false,0.1408
177,pickup,2024,6,416,Brooklyn,Ocean Hill,false,0.1408
177,pickup,2025,2,426,Brooklyn,Ocean Hill,false,0.1408
177,pickup,2025,3,440,Brooklyn,Ocean Hill,false,0.1408
177,pickup,2025,4,444,Brooklyn,Ocean Hill,false,0.1408
177,pickup,2025,5,491,Brooklyn,Ocean Hill,false,0.1408
177,pickup,2025,6,552,Brooklyn,Ocean Hill,false,0.1408
178,dropoff,2024,2,247,Brooklyn,Ocean Parkway South,false,0.2638
178,dropoff,2024,3,272,Brooklyn,Ocean Parkway South,false,0.2638
178,dropoff,2024,4,231,Brooklyn,Ocean Parkway South,false,0.2638
178,dropoff,2024,5,311,Brooklyn,Ocean Parkway South,false,0.2638
178,dropoff,2024,6,228,Brooklyn,Ocean Parkway South,false,0.2638
178,dropoff,2025,2,252,Brooklyn,Ocean Parkway South,false,0.2638
178,dropoff,2025,3,312,Brooklyn,Ocean Parkway South,false,0.2638
178,dropoff,2025,4,282,Brooklyn,Ocean Parkway South,false,0.2638
178,dropoff,2025,5,244,Brooklyn,Ocean Parkway South,false,0.2638
178,dropoff,2025,6,273,Brooklyn,Ocean Parkway South,false,0.2638
178,pickup,2024,2,37,Brooklyn,Ocean Parkway South,false,0.3192
178,pickup,2024,3,49,Brooklyn,Ocean Parkway South,false,0.3192
178,pickup,2024,4,56,Brooklyn,Ocean Parkway South,false,0.3192
178,pickup,2024,5,97,Brooklyn,Ocean Parkway South,false,0.3192
178,pickup,2024,6,68,Brooklyn,Ocean Parkway South,false,0.3192
178,pickup,2025,2,56,Brooklyn,Ocean Parkway South,false,0.3192
178,pickup,2025,3,72,Brooklyn,Ocean Parkway South,false,0.3192
178,pickup,2025,4,79,Brooklyn,Ocean Parkway South,false,0.3192
178,pickup,2025,5,81,Brooklyn,Ocean Parkway South,false,0.3192
178,pickup,2025,6,91,Brooklyn,Ocean Parkway South,false,0.3192
179,dropoff,2024,2,2221,Queens,Old Astoria,false,0.4054
179,dropoff,2024,3,2722,Queens,Old Astoria,false,0.4054
179,dropoff,2024,4,2482,Queens,Old Astoria,false,0.4054
179,dropoff,2024,5,2563,Queens,Old Astoria,false,0.4054
179,dropoff,2024,6,2403,Queens,Old Astoria,false,0.4054
179,dropoff,2025,2,2088,Queens,Old Astoria,false,0.4054
179,dropoff,2025,3,2769,Queens,Old Astoria,false,0.4054
179,dropoff,2025,4,2305,Queens,Old Astoria,false,0.4054
179,dropoff,2025,5,2763,Queens,Old Astoria,false,0.4054
179,dropoff,2025,6,2506,Queens,Old Astoria,false,0.4054
179,pickup,2024,2,357,Queens,Old Astoria,false,0.1374
179,pickup,2024,3,460,Queens,Old Astoria,false,0.1374
179,pickup,2024,4,412,Queens,Old Astoria,false,0.1374
179,pickup,2024,5,442,Queens,Old Astoria,false,0.1374
179,pickup,2024,6,447,Queens,Old Astoria,false,0.1374
179,pickup,2025,2,392,Queens,Old Astoria,false,0.1374
179,pickup,2025,3,499,Queens,Old Astoria,false,0.1374
179,pickup,2025,4,469,Queens,Old Astoria,false,0.1374
179,pickup,2025,5,526,Queens,Old Astoria,false,0.1374
179,pickup,2025,6,508,Queens,Old Astoria,false,0.1374
180,dropoff,2024,2,329,Queens,Ozone Park,false,0.0895
180,dropoff,2024,3,344,Queens,Ozone Park,false,0.0895
180,dropoff,2024,4,362,Queens,Ozone Park,false,0.0895
180,dropoff,2024,5,385,Queens,Ozone Park,false,0.0895
180,dropoff,2024,6,391,Queens,Ozone Park,false,0.0895
180,dropoff,2025,2,330,Queens,Ozone Park,false,0.0895
180,dropoff,2025,3,364,Queens,Ozone Park,false,0.0895
180,dropoff,2025,4,404,Queens,Ozone Park,false,0.0895
180,dropoff,2025,5,436,Queens,Ozone Park,false,0.0895
180,dropoff,2025,6,429,Queens,Ozone Park,false,0.0895
180,pickup,2024,2,59,Queens,Ozone Park,false,0.1399
180,pickup,2024,3,85,Queens,Ozone Park,false,0.1399
180,pickup,2024,4,86,Queens,Ozone Park,false,0.1399
180,pickup,2024,5,113,Queens,Ozone Park,false,0.1399
180,pickup,2024,6,93,Queens,Ozone Park,false,0.1399
180,pickup,2025,2,84,Queens,Ozone Park,false,0.1399
180,pickup,2025,3,91,Queens,Ozone Park,false,0.1399
180,pickup,2025,4,102,Queens,Ozone Park,false,0.1399
180,pickup,2025,5,131,Queens,Ozone Park,false,0.1399
180,pickup,2025,6,117,Queens,Ozone Park,false,0.1399
181,dropoff,2024,2,7422,Brooklyn,Park Slope,false,0.4924
181,dropoff,2024,3,8286,Brooklyn,Park Slope,false,0.4924
181,dropoff,2024,4,7994,Brooklyn,Park Slope,false,0.4924
181,dropoff,2024,5,8038,Brooklyn,Park Slope,false,0.4924
181,dropoff,2024,6,7850,Brooklyn,Park Slope,false,0.4924
181,dropoff,2025,2,7086,Brooklyn,Park Slope,false,0.4924
181,dropoff,2025,3,8255,Brooklyn,Park Slope,false,0.4924
181,dropoff,2025,4,8178,Brooklyn,Park Slope,false,0.4924
181,dropoff,2025,5,9017,Brooklyn,Park Slope,false,0.4924
181,dropoff,2025,6,8092,Brooklyn,Park Slope,false,0.4924
181,pickup,2024,2,756,Brooklyn,Park Slope,false,0.1628
181,pickup,2024,3,978,Brooklyn,Park Slope,false,0.1628
181,pickup,2024,4,924,Brooklyn,Park Slope,false,0.1628
181,pickup,2024,5,937,Brooklyn,Park Slope,false,0.1628
181,pickup,2024,6,895,Brooklyn,Park Slope,false,0.1628
181,pickup,2025,2,828,Brooklyn,Park Slope,false,0.1628
181,pickup,2025,3,1019,Brooklyn,Park Slope,false,0.1628
181,pickup,2025,4,1082,Brooklyn,Park Slope,false,0.1628
181,pickup,2025,5,1188,Brooklyn,Park Slope,false,0.1628
181,pickup,2025,6,1115,Brooklyn,Park Slope,false,0.1628
182,dropoff,2024,2,327,Bronx,Parkchester,false,0.2861
182,dropoff,2024,3,433,Bronx,Parkchester,false,0.2861
182,dropoff,2024,4,373,Bronx,Parkchester,false,0.2861
182,dropoff,2024,5,434,Bronx,Parkchester,false,0.2861
182,dropoff,2024,6,401,Bronx,Parkchester,false,0.2861
182,dropoff,2025,2,409,Bronx,Parkchester,false,0.2861
182,dropoff,2025,3,440,Bronx,Parkchester,false,0.2861
182,dropoff,2025,4,460,Bronx,Parkchester,false,0.2861
182,dropoff,2025,5,535,Bronx,Parkchester,false,0.2861
182,dropoff,2025,6,548,Bronx,Parkchester,false,0.2861
182,pickup,2024,2,199,Bronx,Parkchester,false,0.3028
182,pickup,2024,3,269,Bronx,Parkchester,false,0.3028
182,pickup,2024,4,225,Bronx,Parkchester,false,0.3028
182,pickup,2024,5,266,Bronx,Parkchester,false,0.3028
182,pickup,2024,6,220,Bronx,Parkchester,false,0.3028
182,pickup,2025,2,206,Bronx,Parkchester,false,0.3028
182,pickup,2025,3,277,Bronx,Parkchester,false,0.3028
182,pickup,2025,4,280,Bronx,Parkchester,false,0.3028
182,pickup,2025,5,260,Bronx,Parkchester,false,0.3028
182,pickup,2025,6,320,Bronx,Parkchester,false,0.3028
183,dropoff,2024,2,102,Bronx,Pelham Bay,false,0.2672
183,dropoff,2024,3,144,Bronx,Pelham Bay,false,0.2672
183,dropoff,2024,4,120,Bronx,Pelham Bay,false,0.2672
183,dropoff,2024,5,134,Bronx,Pelham Bay,false,0.2672
183,dropoff,2024,6,140,Bronx,Pelham Bay,false,0.2672
183,dropoff,2025,2,119,Bronx,Pelham Bay,false,0.2672
183,dropoff,2025,3,153,Bronx,Pelham Bay,false,0.2672
183,dropoff,2025,4,129,Bronx,Pelham Bay,false,0.2672
183,dropoff,2025,5,160,Bronx,Pelham Bay,false,0.2672
183,dropoff,2025,6,168,Bronx,Pelham Bay,false,0.2672
183,pickup,2024,2,47,Bronx,Pelham Bay,false,0.2218
183,pickup,2024,3,55,Bronx,Pelham Bay,false,0.2218
183,pickup,2024,4,55,Bronx,Pelham Bay,false,0.2218
183,pickup,2024,5,53,Bronx,Pelham Bay,false,0.2218
183,pickup,2024,6,38,Bronx,Pelham Bay,false,0.2218
183,pickup,2025,2,50,Bronx,Pelham Bay,false,0.2218
183,pickup,2025,3,66,Bronx,Pelham Bay,false,0.2218
183,pickup,2025,4,63,Bronx,Pelham Bay,false,0.2218
183,pickup,2025,5,47,Bronx,Pelham Bay,false,0.2218
183,pickup,2025,6,61,Bronx,Pelham Bay,false,0.2218
184,dropoff,2024,2,18,Bronx,Pelham Bay Park,false,0.1681
184,dropoff,2024,3,27,Bronx,Pelham Bay Park,false,0.1681
184,dropoff,2024,4,20,Bronx,Pelham Bay Park,false,0.1681
184,dropoff,2024,5,21,Bronx,Pelham Bay Park,false,0.1681
184,dropoff,2024,6,33,Bronx,Pelham Bay Park,false,0.1681
184,dropoff,2025,2,18,Bronx,Pelham Bay Park,false,0.1681
184,dropoff,2025,3,17,Bronx,Pelham Bay Park,false,0.1681
184,dropoff,2025,4,22,Bronx,Pelham Bay Park,false,0.1681
184,dropoff,2025,5,20,Bronx,Pelham Bay Park,false,0.1681
184,dropoff,2025,6,34,Bronx,Pelham Bay Park,false,0.1681
184,pickup,2024,2,6,Bronx,Pelham Bay Park,false,0.2778
184,pickup,2024,3,7,Bronx,Pelham Bay Park,false,0.2778
184,pickup,2024,4,5,Bronx,Pelham Bay Park,false,0.2778
184,pickup,2024,5,7,Bronx,Pelham Bay Park,false,0.2778
184,pickup,2024,6,11,Bronx,Pelham Bay Park,false,0.2778
184,pickup,2025,2,5,Bronx,Pelham Bay Park,false,0.2778
184,pickup,2025,3,7,Bronx,Pelham Bay Park,false,0.2778
184,pickup,2025,4,6,Bronx,Pelham Bay Park,false,0.2778
184,pickup,2025,5,11,Bronx,Pelham Bay Park,false,0.2778
184,pickup,2025,6,13,Bronx,Pelham Bay Park,false,0.2778
185,dropoff,2024,2,291,Bronx,Pelham Parkway,false,0.2203
185,dropoff,2024,3,309,Bronx,Pelham Parkway,false,0.2203
185,dropoff,2024,4,346,Bronx,Pelham Parkway,false,0.2203
185,dropoff,2024,5,320,Bronx,Pelham Parkway,false,0.2203
185,dropoff,2024,6,341,Bronx,Pelham Parkway,false,0.2203
185,dropoff,2025,2,225,Bronx,Pelham Parkway,false,0.2203
185,dropoff,2025,3,287,Bronx,Pelham Parkway,false,0.2203
185,dropoff,2025,4,337,Bronx,Pelham Parkway,false,0.2203
185,dropoff,2025,5,350,Bronx,Pelham Parkway,false,0.2203
185,dropoff,2025,6,393,Bronx,Pelham Parkway,false,0.2203
185,pickup,2024,2,98,Bronx,Pelham Parkway,false,0.1496
185,pickup,2024,3,98,Bronx,Pelham Parkway,false,0.1496
185,pickup,2024,4,107,Bronx,Pelham Parkway,false,0.1496
185,pickup,2024,5,104,Bronx,Pelham Parkway,false,0.1496
185,pickup,2024,6,81,Bronx,Pelham Parkway,false,0.1496
185,pickup,2025,2,85,Bronx,Pelham Parkway,false,0.1496
185,pickup,2025,3,108,Bronx,Pelham Parkway,false,0.1496
185,pickup,2025,4,121,Bronx,Pelham Parkway,false,0.1496
185,pickup,2025,5,149,Bronx,Pelham Parkway,false,0.1496
185,pickup,2025,6,134,Bronx,Pelham Parkway,false,0.1496
186,dropoff,2024,2,60227,Manhattan,Penn Station/Madison Sq West,true,1.0
186,dropoff,2024,3,68271,Manhattan,Penn Station/Madison Sq West,true,1.0
186,dropoff,2024,4,66320,Manhattan,Penn Station/Madison Sq West,true,1.0
186,dropoff,2024,5,70112,Manhattan,Penn Station/Madison Sq West,true,1.0
186,dropoff,2024,6,67637,Manhattan,Penn Station/Madison Sq West,true,1.0
186,dropoff,2025,2,58986,Manhattan,Penn Station/Madison Sq West,true,1.0
186,dropoff,2025,3,71886,Manhattan,Penn Station/Madison Sq West,true,1.0
186,dropoff,2025,4,69033,Manhattan,Penn Station/Madison Sq West,true,1.0
186,dropoff,2025,5,67024,Manhattan,Penn Station/Madison Sq West,true,1.0
186,dropoff,2025,6,65302,Manhattan,Penn Station/Madison Sq West,true,1.0
186,pickup,2024,2,97049,Manhattan,Penn Station/Madison Sq West,true,1.0
186,pickup,2024,3,108424,Manhattan,Penn Station/Madison Sq West,true,1.0
186,pickup,2024,4,105779,Manhattan,Penn Station/Madison Sq West,true,1.0
186,pickup,2024,5,108775,Manhattan,Penn Station/Madison Sq West,true,1.0
186,pickup,2024,6,105749,Manhattan,Penn Station/Madison Sq West,true,1.0
186,pickup,2025,2,101774,Manhattan,Penn Station/Madison Sq West,true,1.0
186,pickup,2025,3,119974,Manhattan,Penn Station/Madison Sq West,true,1.0
186,pickup,2025,4,115624,Manhattan,Penn Station/Madison Sq West,true,1.0
186,pickup,2025,5,111870,Manhattan,Penn Station/Madison Sq West,true,1.0
186,pickup,2025,6,110407,Manhattan,Penn Station/Madison Sq West,true,1.0
187,dropoff,2024,2,24,Staten Island,Port Richmond,false,0.4453
187,dropoff,2024,3,23,Staten Island,Port Richmond,false,0.4453
187,dropoff,2024,4,20,Staten Island,Port Richmond,false,0.4453
187,dropoff,2024,5,34,Staten Island,Port Richmond,false,0.4453
187,dropoff,2024,6,27,Staten Island,Port Richmond,false,0.4453
187,dropoff,2025,2,16,Staten Island,Port Richmond,false,0.4453
187,dropoff,2025,3,17,Staten Island,Port Richmond,false,0.4453
187,dropoff,2025,4,29,Staten Island,Port Richmond,false,0.4453
187,dropoff,2025,5,25,Staten Island,Port Richmond,false,0.4453
187,dropoff,2025,6,23,Staten Island,Port Richmond,false,0.4453
187,pickup,2024,2,4,Staten Island,Port Richmond,false,0.0
187,pickup,2024,3,1,Staten Island,Port Richmond,false,0.0
187,pickup,2025,2,1,Staten Island,Port Richmond,false,0.0
187,pickup,2025,3,1,Staten Island,Port Richmond,false,0.0
187,pickup,2025,4,1,Staten Island,Port Richmond,false,0.0
188,dropoff,2024,2,2050,Brooklyn,Prospect-Lefferts Gardens,false,0.2877
188,dropoff,2024,3,2365,Brooklyn,Prospect-Lefferts Gardens,false,0.2877
188,dropoff,2024,4,2350,Brooklyn,Prospect-Lefferts Gardens,false,0.2877
188,dropoff,2024,5,2635,Brooklyn,Prospect-Lefferts Gardens,false,0.2877
188,dropoff,2024,6,2411,Brooklyn,Prospect-Lefferts Gardens,false,0.2877
188,dropoff,2025,2,2070,Brooklyn,Prospect-Lefferts Gardens,false,0.2877
188,dropoff,2025,3,2487,Brooklyn,Prospect-Lefferts Gardens,false,0.2877
188,dropoff,2025,4,2379,Brooklyn,Prospect-Lefferts Gardens,false,0.2877
188,dropoff,2025,5,2685,Brooklyn,Prospect-Lefferts Gardens,false,0.2877
188,dropoff,2025,6,2688,Brooklyn,Prospect-Lefferts Gardens,false,0.2877
188,pickup,2024,2,571,Brooklyn,Prospect-Lefferts Gardens,false,0.1596
188,pickup,2024,3,762,Brooklyn,Prospect-Lefferts Gardens,false,0.1596
188,pickup,2024,4,834,Brooklyn,Prospect-Lefferts Gardens,false,0.1596
188,pickup,2024,5,925,Brooklyn,Prospect-Lefferts Gardens,false,0.1596
188,pickup,2024,6,805,Brooklyn,Prospect-Lefferts Gardens,false,0.1596
188,pickup,2025,2,801,Brooklyn,Prospect-Lefferts Gardens,false,0.1596
188,pickup,2025,3,900,Brooklyn,Prospect-Lefferts Gardens,false,0.1596
188,pickup,2025,4,910,Brooklyn,Prospect-Lefferts Gardens,false,0.1596
188,pickup,2025,5,989,Brooklyn,Prospect-Lefferts Gardens,false,0.1596
188,pickup,2025,6,975,Brooklyn,Prospect-Lefferts Gardens,false,0.1596
189,dropoff,2024,2,2364,Brooklyn,Prospect Heights,false,0.4352
189,dropoff,2024,3,2793,Brooklyn,Prospect Heights,false,0.4352
189,dropoff,2024,4,2623,Brooklyn,Prospect Heights,false,0.4352
189,dropoff,2024,5,2794,Brooklyn,Prospect Heights,false,0.4352
189,dropoff,2024,6,2571,Brooklyn,Prospect Heights,false,0.4352
189,dropoff,2025,2,2294,Brooklyn,Prospect Heights,false,0.4352
189,dropoff,2025,3,2896,Brooklyn,Prospect Heights,false,0.4352
189,dropoff,2025,4,2652,Brooklyn,Prospect Heights,false,0.4352
189,dropoff,2025,5,2971,Brooklyn,Prospect Heights,false,0.4352
189,dropoff,2025,6,2769,Brooklyn,Prospect Heights,false,0.4352
189,pickup,2024,2,245,Brooklyn,Prospect Heights,false,0.1838
189,pickup,2024,3,256,Brooklyn,Prospect Heights,false,0.1838
189,pickup,2024,4,274,Brooklyn,Prospect Heights,false,0.1838
189,pickup,2024,5,315,Brooklyn,Prospect Heights,false,0.1838
189,pickup,2024,6,259,Brooklyn,Prospect Heights,false,0.1838
189,pickup,2025,2,242,Brooklyn,Prospect Heights,false,0.1838
189,pickup,2025,3,297,Brooklyn,Prospect Heights,false,0.1838
189,pickup,2025,4,308,Brooklyn,Prospect Heights,false,0.1838
189,pickup,2025,5,319,Brooklyn,Prospect Heights,false,0.1838
189,pickup,2025,6,303,Brooklyn,Prospect Heights,false,0.1838
190,dropoff,2024,2,334,Brooklyn,Prospect Park,false,0.5589
190,dropoff,2024,3,388,Brooklyn,Prospect Park,false,0.5589
190,dropoff,2024,4,460,Brooklyn,Prospect Park,false,0.5589
190,dropoff,2024,5,439,Brooklyn,Prospect Park,false,0.5589
190,dropoff,2024,6,451,Brooklyn,Prospect Park,false,0.5589
190,dropoff,2025,2,270,Brooklyn,Prospect Park,false,0.5589
190,dropoff,2025,3,309,Brooklyn,Prospect Park,false,0.5589
190,dropoff,2025,4,385,Brooklyn,Prospect Park,false,0.5589
190,dropoff,2025,5,383,Brooklyn,Prospect Park,false,0.5589
190,dropoff,2025,6,355,Brooklyn,Prospect Park,false,0.5589
190,pickup,2024,2,36,Brooklyn,Prospect Park,false,0.1792
190,pickup,2024,3,40,Brooklyn,Prospect Park,false,0.1792
190,pickup,2024,4,64,Brooklyn,Prospect Park,false,0.1792
190,pickup,2024,5,60,Brooklyn,Prospect Park,false,0.1792
190,pickup,2024,6,79,Brooklyn,Prospect Park,false,0.1792
190,pickup,2025,2,41,Brooklyn,Prospect Park,false,0.1792
190,pickup,2025,3,66,Brooklyn,Prospect Park,false,0.1792
190,pickup,2025,4,109,Brooklyn,Prospect Park,false,0.1792
190,pickup,2025,5,86,Brooklyn,Prospect Park,false,0.1792
190,pickup,2025,6,52,Brooklyn,Prospect Park,false,0.1792
191,dropoff,2024,2,639,Queens,Queens Village,false,0.0626
191,dropoff,2024,3,775,Queens,Queens Village,false,0.0626
191,dropoff,2024,4,791,Queens,Queens Village,false,0.0626
191,dropoff,2024,5,885,Queens,Queens Village,false,0.0626
191,dropoff,2024,6,793,Queens,Queens Village,false,0.0626
191,dropoff,2025,2,607,Queens,Queens Village,false,0.0626
191,dropoff,2025,3,684,Queens,Queens Village,false,0.0626
191,dropoff,2025,4,710,Queens,Queens Village,false,0.0626
191,dropoff,2025,5,813,Queens,Queens Village,false,0.0626
191,dropoff,2025,6,824,Queens,Queens Village,false,0.0626
191,pickup,2024,2,224,Queens,Queens Village,false,0.1093
191,pickup,2024,3,339,Queens,Queens Village,false,0.1093
191,pickup,2024,4,318,Queens,Queens Village,false,0.1093
191,pickup,2024,5,329,Queens,Queens Village,false,0.1093
191,pickup,2024,6,254,Queens,Queens Village,false,0.1093
191,pickup,2025,2,165,Queens,Queens Village,false,0.1093
191,pickup,2025,3,252,Queens,Queens Village,false,0.1093
191,pickup,2025,4,276,Queens,Queens Village,false,0.1093
191,pickup,2025,5,261,Queens,Queens Village,false,0.1093
191,pickup,2025,6,252,Queens,Queens Village,false,0.1093
192,dropoff,2024,2,233,Queens,Queensboro Hill,false,0.1706
192,dropoff,2024,3,271,Queens,Queensboro Hill,false,0.1706
192,dropoff,2024,4,275,Queens,Queensboro Hill,false,0.1706
192,dropoff,2024,5,276,Queens,Queensboro Hill,false,0.1706
192,dropoff,2024,6,264,Queens,Queensboro Hill,false,0.1706
192,dropoff,2025,2,169,Queens,Queensboro Hill,false,0.1706
192,dropoff,2025,3,229,Queens,Queensboro Hill,false,0.1706
192,dropoff,2025,4,234,Queens,Queensboro Hill,false,0.1706
192,dropoff,2025,5,246,Queens,Queensboro Hill,false,0.1706
192,dropoff,2025,6,246,Queens,Queensboro Hill,false,0.1706
192,pickup,2024,2,51,Queens,Queensboro Hill,false,0.0909
192,pickup,2024,3,46,Queens,Queensboro Hill,false,0.0909
192,pickup,2024,4,42,Queens,Queensboro Hill,false,0.0909
192,pickup,2024,5,49,Queens,Queensboro Hill,false,0.0909
192,pickup,2024,6,54,Queens,Queensboro Hill,false,0.0909
192,pickup,2025,2,32,Queens,Queensboro Hill,false,0.0909
192,pickup,2025,3,49,Queens,Queensboro Hill,false,0.0909
192,pickup,2025,4,50,Queens,Queensboro Hill,false,0.0909
192,pickup,2025,5,44,Queens,Queensboro Hill,false,0.0909
192,pickup,2025,6,64,Queens,Queensboro Hill,false,0.0909
193,dropoff,2024,2,1632,Queens,Queensbridge/Ravenswood,false,0.1622
193,dropoff,2024,3,2125,Queens,Queensbridge/Ravenswood,false,0.1622
193,dropoff,2024,4,2064,Queens,Queensbridge/Ravenswood,false,0.1622
193,dropoff,2024,5,2057,Queens,Queensbridge/Ravenswood,false,0.1622
193,dropoff,2024,6,1838,Queens,Queensbridge/Ravenswood,false,0.1622
193,dropoff,2025,2,1518,Queens,Queensbridge/Ravenswood,false,0.1622
193,dropoff,2025,3,1777,Queens,Queensbridge/Ravenswood,false,0.1622
193,dropoff,2025,4,1792,Queens,Queensbridge/Ravenswood,false,0.1622
193,dropoff,2025,5,2009,Queens,Queensbridge/Ravenswood,false,0.1622
193,dropoff,2025,6,2296,Queens,Queensbridge/Ravenswood,false,0.1622
193,pickup,2024,2,1252,Queens,Queensbridge/Ravenswood,false,0.0622
193,pickup,2024,3,1542,Queens,Queensbridge/Ravenswood,false,0.0622
193,pickup,2024,4,1542,Queens,Queensbridge/Ravenswood,false,0.0622
193,pickup,2024,5,1400,Queens,Queensbridge/Ravenswood,false,0.0622
193,pickup,2024,6,1077,Queens,Queensbridge/Ravenswood,false,0.0622
193,pickup,2025,2,1019,Queens,Queensbridge/Ravenswood,false,0.0622
193,pickup,2025,3,1000,Queens,Queensbridge/Ravenswood,false,0.0622
193,pickup,2025,4,1057,Queens,Queensbridge/Ravenswood,false,0.0622
193,pickup,2025,5,1009,Queens,Queensbridge/Ravenswood,false,0.0622
193,pickup,2025,6,1127,Queens,Queensbridge/Ravenswood,false,0.0622
194,dropoff,2024,2,194,Manhattan,Randalls Island,false,0.1738
194,dropoff,2024,3,270,Manhattan,Randalls Island,false,0.1738
194,dropoff,2024,4,584,Manhattan,Randalls Island,false,0.1738
194,dropoff,2024,5,484,Manhattan,Randalls Island,false,0.1738
194,dropoff,2024,6,419,Manhattan,Randalls Island,false,0.1738
194,dropoff,2025,2,146,Manhattan,Randalls Island,false,0.1738
194,dropoff,2025,3,493,Manhattan,Randalls Island,false,0.1738
194,dropoff,2025,4,746,Manhattan,Randalls Island,false,0.1738
194,dropoff,2025,5,540,Manhattan,Randalls Island,false,0.1738
194,dropoff,2025,6,385,Manhattan,Randalls Island,false,0.1738
194,pickup,2024,2,88,Manhattan,Randalls Island,false,0.1305
194,pickup,2024,3,127,Manhattan,Randalls Island,false,0.1305
194,pickup,2024,4,134,Manhattan,Randalls Island,false,0.1305
194,pickup,2024,5,119,Manhattan,Randalls Island,false,0.1305
194,pickup,2024,6,99,Manhattan,Randalls Island,false,0.1305
194,pickup,2025,2,68,Manhattan,Randalls Island,false,0.1305
194,pickup,2025,3,118,Manhattan,Randalls Island,false,0.1305
194,pickup,2025,4,110,Manhattan,Randalls Island,false,0.1305
194,pickup,2025,5,115,Manhattan,Randalls Island,false,0.1305
194,pickup,2025,6,128,Manhattan,Randalls Island,false,0.1305
195,dropoff,2024,2,777,Brooklyn,Red Hook,false,0.5467
195,dropoff,2024,3,995,Brooklyn,Red Hook,false,0.5467
195,dropoff,2024,4,1042,Brooklyn,Red Hook,false,0.5467
195,dropoff,2024,5,1454,Brooklyn,Red Hook,false,0.5467
195,dropoff,2024,6,1477,Brooklyn,Red Hook,false,0.5467
195,dropoff,2025,2,883,Brooklyn,Red Hook,false,0.5467
195,dropoff,2025,3,1264,Brooklyn,Red Hook,false,0.5467
195,dropoff,2025,4,1112,Brooklyn,Red Hook,false,0.5467
195,dropoff,2025,5,1521,Brooklyn,Red Hook,false,0.5467
195,dropoff,2025,6,1406,Brooklyn,Red Hook,false,0.5467
195,pickup,2024,2,275,Brooklyn,Red Hook,false,0.2977
195,pickup,2024,3,376,Brooklyn,Red Hook,false,0.2977
195,pickup,2024,4,253,Brooklyn,Red Hook,false,0.2977
195,pickup,2024,5,564,Brooklyn,Red Hook,false,0.2977
195,pickup,2024,6,588,Brooklyn,Red Hook,false,0.2977
195,pickup,2025,2,445,Brooklyn,Red Hook,false,0.2977
195,pickup,2025,3,675,Brooklyn,Red Hook,false,0.2977
195,pickup,2025,4,490,Brooklyn,Red Hook,false,0.2977
195,pickup,2025,5,655,Brooklyn,Red Hook,false,0.2977
195,pickup,2025,6,658,Brooklyn,Red Hook,false,0.2977
196,dropoff,2024,2,904,Queens,Rego Park,false,0.2789
196,dropoff,2024,3,1007,Queens,Rego Park,false,0.2789
196,dropoff,2024,4,977,Queens,Rego Park,false,0.2789
196,dropoff,2024,5,1095,Queens,Rego Park,false,0.2789
196,dropoff,2024,6,955,Queens,Rego Park,false,0.2789
196,dropoff,2025,2,904,Queens,Rego Park,false,0.2789
196,dropoff,2025,3,1043,Queens,Rego Park,false,0.2789
196,dropoff,2025,4,1062,Queens,Rego Park,false,0.2789
196,dropoff,2025,5,1188,Queens,Rego Park,false,0.2789
196,dropoff,2025,6,1016,Queens,Rego Park,false,0.2789
196,pickup,2024,2,200,Queens,Rego Park,false,0.201
196,pickup,2024,3,203,Queens,Rego Park,false,0.201
196,pickup,2024,4,215,Queens,Rego Park,false,0.201
196,pickup,2024,5,220,Queens,Rego Park,false,0.201
196,pickup,2024,6,192,Queens,Rego Park,false,0.201
196,pickup,2025,2,181,Queens,Rego Park,false,0.201
196,pickup,2025,3,229,Queens,Rego Park,false,0.201
196,pickup,2025,4,268,Queens,Rego Park,false,0.201
196,pickup,2025,5,272,Queens,Rego Park,false,0.201
196,pickup,2025,6,283,Queens,Rego Park,false,0.201
197,dropoff,2024,2,1083,Queens,Richmond Hill,false,0.1244
197,dropoff,2024,3,1276,Queens,Richmond Hill,false,0.1244
197,dropoff,2024,4,1344,Queens,Richmond Hill,false,0.1244
197,dropoff,2024,5,1440,Queens,Richmond Hill,false,0.1244
197,dropoff,2024,6,1326,Queens,Richmond Hill,false,0.1244
197,dropoff,2025,2,1198,Queens,Richmond Hill,false,0.1244
197,dropoff,2025,3,1365,Queens,Richmond Hill,false,0.1244
197,dropoff,2025,4,1359,Queens,Richmond Hill,false,0.1244
197,dropoff,2025,5,1462,Queens,Richmond Hill,false,0.1244
197,dropoff,2025,6,1512,Queens,Richmond Hill,false,0.1244
197,pickup,2024,2,358,Queens,Richmond Hill,false,0.0971
197,pickup,2024,3,484,Queens,Richmond Hill,false,0.0971
197,pickup,2024,4,512,Queens,Richmond Hill,false,0.0971
197,pickup,2024,5,568,Queens,Richmond Hill,false,0.0971
197,pickup,2024,6,550,Queens,Richmond Hill,false,0.0971
197,pickup,2025,2,645,Queens,Richmond Hill,false,0.0971
197,pickup,2025,3,753,Queens,Richmond Hill,false,0.0971
197,pickup,2025,4,752,Queens,Richmond Hill,false,0.0971
197,pickup,2025,5,840,Queens,Richmond Hill,false,0.0971
197,pickup,2025,6,873,Queens,Richmond Hill,false,0.0971
198,dropoff,2024,2,1341,Queens,Ridgewood,false,0.3265
198,dropoff,2024,3,1557,Queens,Ridgewood,false,0.3265
198,dropoff,2024,4,1618,Queens,Ridgewood,false,0.3265
198,dropoff,2024,5,1580,Queens,Ridgewood,false,0.3265
198,dropoff,2024,6,1531,Queens,Ridgewood,false,0.3265
198,dropoff,2025,2,1202,Queens,Ridgewood,false,0.3265
198,dropoff,2025,3,1435,Queens,Ridgewood,false,0.3265
198,dropoff,2025,4,1443,Queens,Ridgewood,false,0.3265
198,dropoff,2025,5,1646,Queens,Ridgewood,false,0.3265
198,dropoff,2025,6,1749,Queens,Ridgewood,false,0.3265
198,pickup,2024,2,126,Queens,Ridgewood,false,0.1894
198,pickup,2024,3,157,Queens,Ridgewood,false,0.1894
198,pickup,2024,4,147,Queens,Ridgewood,false,0.1894
198,pickup,2024,5,143,Queens,Ridgewood,false,0.1894
198,pickup,2024,6,145,Queens,Ridgewood,false,0.1894
198,pickup,2025,2,154,Queens,Ridgewood,false,0.1894
198,pickup,2025,3,163,Queens,Ridgewood,false,0.1894
198,pickup,2025,4,165,Queens,Ridgewood,false,0.1894
198,pickup,2025,5,194,Queens,Ridgewood,false,0.1894
198,pickup,2025,6,209,Queens,Ridgewood,false,0.1894
199,dropoff,2025,4,1,Bronx,Rikers Island,false,
199,pickup,2024,2,1,Bronx,Rikers Island,false,0.6
199,pickup,2024,3,2,Bronx,Rikers Island,false,0.6
199,pickup,2024,4,1,Bronx,Rikers Island,false,0.6
199,pickup,2024,6,1,Bronx,Rikers Island,false,0.6
199,pickup,2025,2,2,Bronx,Rikers Island,false,0.6
199,pickup,2025,3,2,Bronx,Rikers Island,false,0.6
199,pickup,2025,4,3,Bronx,Rikers Island,false,0.6
199,pickup,2025,6,1,Bronx,Rikers Island,false,0.6
200,dropoff,2024,2,940,Bronx,Riverdale/North Riverdale/Fieldston,false,0.3228
200,dropoff,2024,3,1014,Bronx,Riverdale/North Riverdale/Fieldston,false,0.3228
200,dropoff,2024,4,996,Bronx,Riverdale/North Riverdale/Fieldston,false,0.3228
200,dropoff,2024,5,1050,Bronx,Riverdale/North Riverdale/Fieldston,false,0.3228
200,dropoff,2024,6,981,Bronx,Riverdale/North Riverdale/Fieldston,false,0.3228
200,dropoff,2025,2,815,Bronx,Riverdale/North Riverdale/Fieldston,false,0.3228
200,dropoff,2025,3,1054,Bronx,Riverdale/North Riverdale/Fieldston,false,0.3228
200,dropoff,2025,4,1065,Bronx,Riverdale/North Riverdale/Fieldston,false,0.3228
200,dropoff,2025,5,1113,Bronx,Riverdale/North Riverdale/Fieldston,false,0.3228
200,dropoff,2025,6,1010,Bronx,Riverdale/North Riverdale/Fieldston,false,0.3228
200,pickup,2024,2,68,Bronx,Riverdale/North Riverdale/Fieldston,false,0.2629
200,pickup,2024,3,86,Bronx,Riverdale/North Riverdale/Fieldston,false,0.2629
200,pickup,2024,4,95,Bronx,Riverdale/North Riverdale/Fieldston,false,0.2629
200,pickup,2024,5,94,Bronx,Riverdale/North Riverdale/Fieldston,false,0.2629
200,pickup,2024,6,102,Bronx,Riverdale/North Riverdale/Fieldston,false,0.2629
200,pickup,2025,2,89,Bronx,Riverdale/North Riverdale/Fieldston,false,0.2629
200,pickup,2025,3,110,Bronx,Riverdale/North Riverdale/Fieldston,false,0.2629
200,pickup,2025,4,108,Bronx,Riverdale/North Riverdale/Fieldston,false,0.2629
200,pickup,2025,5,132,Bronx,Riverdale/North Riverdale/Fieldston,false,0.2629
200,pickup,2025,6,119,Bronx,Riverdale/North Riverdale/Fieldston,false,0.2629
201,dropoff,2024,2,282,Queens,Rockaway Park,false,0.1457
201,dropoff,2024,3,345,Queens,Rockaway Park,false,0.1457
201,dropoff,2024,4,359,Queens,Rockaway Park,false,0.1457
201,dropoff,2024,5,303,Queens,Rockaway Park,false,0.1457
201,dropoff,2024,6,345,Queens,Rockaway Park,false,0.1457
201,dropoff,2025,2,266,Queens,Rockaway Park,false,0.1457
201,dropoff,2025,3,339,Queens,Rockaway Park,false,0.1457
201,dropoff,2025,4,349,Queens,Rockaway Park,false,0.1457
201,dropoff,2025,5,384,Queens,Rockaway Park,false,0.1457
201,dropoff,2025,6,346,Queens,Rockaway Park,false,0.1457
201,pickup,2024,2,57,Queens,Rockaway Park,false,0.1797
201,pickup,2024,3,70,Queens,Rockaway Park,false,0.1797
201,pickup,2024,4,68,Queens,Rockaway Park,false,0.1797
201,pickup,2024,5,78,Queens,Rockaway Park,false,0.1797
201,pickup,2024,6,72,Queens,Rockaway Park,false,0.1797
201,pickup,2025,2,77,Queens,Rockaway Park,false,0.1797
201,pickup,2025,3,77,Queens,Rockaway Park,false,0.1797
201,pickup,2025,4,96,Queens,Rockaway Park,false,0.1797
201,pickup,2025,5,86,Queens,Rockaway Park,false,0.1797
201,pickup,2025,6,87,Queens,Rockaway Park,false,0.1797
202,dropoff,2024,2,1567,Manhattan,Roosevelt Island,false,0.4368
202,dropoff,2024,3,1959,Manhattan,Roosevelt Island,false,0.4368
202,dropoff,2024,4,1523,Manhattan,Roosevelt Island,false,0.4368
202,dropoff,2024,5,1662,Manhattan,Roosevelt Island,false,0.4368
202,dropoff,2024,6,1524,Manhattan,Roosevelt Island,false,0.4368
202,dropoff,2025,2,1296,Manhattan,Roosevelt Island,false,0.4368
202,dropoff,2025,3,1543,Manhattan,Roosevelt Island,false,0.4368
202,dropoff,2025,4,1648,Manhattan,Roosevelt Island,false,0.4368
202,dropoff,2025,5,1679,Manhattan,Roosevelt Island,false,0.4368
202,dropoff,2025,6,1663,Manhattan,Roosevelt Island,false,0.4368
202,pickup,2024,2,111,Manhattan,Roosevelt Island,false,0.1553
202,pickup,2024,3,154,Manhattan,Roosevelt Island,false,0.1553
202,pickup,2024,4,134,Manhattan,Roosevelt Island,false,0.1553
202,pickup,2024,5,135,Manhattan,Roosevelt Island,false,0.1553
202,pickup,2024,6,155,Manhattan,Roosevelt Island,false,0.1553
202,pickup,2025,2,120,Manhattan,Roosevelt Island,false,0.1553
202,pickup,2025,3,125,Manhattan,Roosevelt Island,false,0.1553
202,pickup,2025,4,160,Manhattan,Roosevelt Island,false,0.1553
202,pickup,2025,5,204,Manhattan,Roosevelt Island,false,0.1553
202,pickup,2025,6,197,Manhattan,Roosevelt Island,false,0.1553
203,dropoff,2024,2,498,Queens,Rosedale,false,0.0583
203,dropoff,2024,3,600,Queens,Rosedale,false,0.0583
203,dropoff,2024,4,664,Queens,Rosedale,false,0.0583
203,dropoff,2024,5,691,Queens,Rosedale,false,0.0583
203,dropoff,2024,6,632,Queens,Rosedale,false,0.0583
203,dropoff,2025,2,510,Queens,Rosedale,false,0.0583
203,dropoff,2025,3,580,Queens,Rosedale,false,0.0583
203,dropoff,2025,4,629,Queens,Rosedale,false,0.0583
203,dropoff,2025,5,682,Queens,Rosedale,false,0.0583
203,dropoff,2025,6,671,Queens,Rosedale,false,0.0583
203,pickup,2024,2,134,Queens,Rosedale,false,0.2083
203,pickup,2024,3,183,Queens,Rosedale,false,0.2083
203,pickup,2024,4,178,Queens,Rosedale,false,0.2083
203,pickup,2024,5,161,Queens,Rosedale,false,0.2083
203,pickup,2024,6,184,Queens,Rosedale,false,0.2083
203,pickup,2025,2,138,Queens,Rosedale,false,0.2083
203,pickup,2025,3,170,Queens,Rosedale,false,0.2083
203,pickup,2025,4,178,Queens,Rosedale,false,0.2083
203,pickup,2025,5,149,Queens,Rosedale,false,0.2083
203,pickup,2025,6,140,Queens,Rosedale,false,0.2083
204,dropoff,2024,2,4,Staten Island,Rossville/Woodrow,false,0.4737
204,dropoff,2024,3,14,Staten Island,Rossville/Woodrow,false,0.4737
204,dropoff,2024,4,5,Staten Island,Rossville/Woodrow,false,0.4737
204,dropoff,2024,5,15,Staten Island,Rossville/Woodrow,false,0.4737
204,dropoff,2024,6,19,Staten Island,Rossville/Woodrow,false,0.4737
204,dropoff,2025,2,7,Staten Island,Rossville/Woodrow,false,0.4737
204,dropoff,2025,3,5,Staten Island,Rossville/Woodrow,false,0.4737
204,dropoff,2025,4,23,Staten Island,Rossville/Woodrow,false,0.4737
204,dropoff,2025,5,17,Staten Island,Rossville/Woodrow,false,0.4737
204,dropoff,2025,6,16,Staten Island,Rossville/Woodrow,false,0.4737
204,pickup,2024,4,1,Staten Island,Rossville/Woodrow,false,0.0
204,pickup,2024,6,2,Staten Island,Rossville/Woodrow,false,0.0
204,pickup,2025,3,2,Staten Island,Rossville/Woodrow,false,0.0
204,pickup,2025,4,2,Staten Island,Rossville/Woodrow,false,0.0
204,pickup,2025,5,1,Staten Island,Rossville/Woodrow,false,0.0
204,pickup,2025,6,3,Staten Island,Rossville/Woodrow,false,0.0
205,dropoff,2024,2,899,Queens,Saint Albans,false,0.0568
205,dropoff,2024,3,1047,Queens,Saint Albans,false,0.0568
205,dropoff,2024,4,1075,Queens,Saint Albans,false,0.0568
205,dropoff,2024,5,1186,Queens,Saint Albans,false,0.0568
205,dropoff,2024,6,1075,Queens,Saint Albans,false,0.0568
205,dropoff,2025,2,826,Queens,Saint Albans,false,0.0568
205,dropoff,2025,3,977,Queens,Saint Albans,false,0.0568
205,dropoff,2025,4,998,Queens,Saint Albans,false,0.0568
205,dropoff,2025,5,1107,Queens,Saint Albans,false,0.0568
205,dropoff,2025,6,1169,Queens,Saint Albans,false,0.0568
205,pickup,2024,2,291,Queens,Saint Albans,false,0.1395
205,pickup,2024,3,387,Queens,Saint Albans,false,0.1395
205,pickup,2024,4,370,Queens,Saint Albans,false,0.1395
205,pickup,2024,5,387,Queens,Saint Albans,false,0.1395
205,pickup,2024,6,328,Queens,Saint Albans,false,0.1395
205,pickup,2025,2,294,Queens,Saint Albans,false,0.1395
205,pickup,2025,3,365,Queens,Saint Albans,false,0.1395
205,pickup,2025,4,377,Queens,Saint Albans,false,0.1395
205,pickup,2025,5,336,Queens,Saint Albans,false,0.1395
205,pickup,2025,6,339,Queens,Saint Albans,false,0.1395
206,dropoff,2024,2,55,Staten Island,Saint George/New Brighton,false,0.3395
206,dropoff,2024,3,51,Staten Island,Saint George/New Brighton,false,0.3395
206,dropoff,2024,4,74,Staten Island,Saint George/New Brighton,false,0.3395
206,dropoff,2024,5,70,Staten Island,Saint George/New Brighton,false,0.3395
206,dropoff,2024,6,74,Staten Island,Saint George/New Brighton,false,0.3395
206,dropoff,2025,2,54,Staten Island,Saint George/New Brighton,false,0.3395
206,dropoff,2025,3,58,Staten Island,Saint George/New Brighton,false,0.3395
206,dropoff,2025,4,56,Staten Island,Saint George/New Brighton,false,0.3395
206,dropoff,2025,5,81,Staten Island,Saint George/New Brighton,false,0.3395
206,dropoff,2025,6,60,Staten Island,Saint George/New Brighton,false,0.3395
206,pickup,2024,2,1,Staten Island,Saint George/New Brighton,false,0.2308
206,pickup,2024,3,4,Staten Island,Saint George/New Brighton,false,0.2308
206,pickup,2024,4,4,Staten Island,Saint George/New Brighton,false,0.2308
206,pickup,2024,5,2,Staten Island,Saint George/New Brighton,false,0.2308
206,pickup,2024,6,2,Staten Island,Saint George/New Brighton,false,0.2308
206,pickup,2025,2,1,Staten Island,Saint George/New Brighton,false,0.2308
206,pickup,2025,3,1,Staten Island,Saint George/New Brighton,false,0.2308
206,pickup,2025,4,2,Staten Island,Saint George/New Brighton,false,0.2308
206,pickup,2025,5,6,Staten Island,Saint George/New Brighton,false,0.2308
206,pickup,2025,6,4,Staten Island,Saint George/New Brighton,false,0.2308
207,dropoff,2024,2,185,Queens,Saint Michaels Cemetery/Woodside,false,0.025
207,dropoff,2024,3,242,Queens,Saint Michaels Cemetery/Woodside,false,0.025
207,dropoff,2024,4,265,Queens,Saint Michaels Cemetery/Woodside,false,0.025
207,dropoff,2024,5,259,Queens,Saint Michaels Cemetery/Woodside,false,0.025
207,dropoff,2024,6,170,Queens,Saint Michaels Cemetery/Woodside,false,0.025
207,dropoff,2025,2,131,Queens,Saint Michaels Cemetery/Woodside,false,0.025
207,dropoff,2025,3,176,Queens,Saint Michaels Cemetery/Woodside,false,0.025
207,dropoff,2025,4,155,Queens,Saint Michaels Cemetery/Woodside,false,0.025
207,dropoff,2025,5,205,Queens,Saint Michaels Cemetery/Woodside,false,0.025
207,dropoff,2025,6,239,Queens,Saint Michaels Cemetery/Woodside,false,0.025
207,pickup,2024,2,182,Queens,Saint Michaels Cemetery/Woodside,false,0.0877
207,pickup,2024,3,253,Queens,Saint Michaels Cemetery/Woodside,false,0.0877
207,pickup,2024,4,287,Queens,Saint Michaels Cemetery/Woodside,false,0.0877
207,pickup,2024,5,283,Queens,Saint Michaels Cemetery/Woodside,false,0.0877
207,pickup,2024,6,204,Queens,Saint Michaels Cemetery/Woodside,false,0.0877
207,pickup,2025,2,168,Queens,Saint Michaels Cemetery/Woodside,false,0.0877
207,pickup,2025,3,213,Queens,Saint Michaels Cemetery/Woodside,false,0.0877
207,pickup,2025,4,187,Queens,Saint Michaels Cemetery/Woodside,false,0.0877
207,pickup,2025,5,291,Queens,Saint Michaels Cemetery/Woodside,false,0.0877
207,pickup,2025,6,327,Queens,Saint Michaels Cemetery/Woodside,false,0.0877
208,dropoff,2024,2,396,Bronx,Schuylerville/Edgewater Park,false,0.1635
208,dropoff,2024,3,438,Bronx,Schuylerville/Edgewater Park,false,0.1635
208,dropoff,2024,4,442,Bronx,Schuylerville/Edgewater Park,false,0.1635
208,dropoff,2024,5,471,Bronx,Schuylerville/Edgewater Park,false,0.1635
208,dropoff,2024,6,491,Bronx,Schuylerville/Edgewater Park,false,0.1635
208,dropoff,2025,2,319,Bronx,Schuylerville/Edgewater Park,false,0.1635
208,dropoff,2025,3,428,Bronx,Schuylerville/Edgewater Park,false,0.1635
208,dropoff,2025,4,418,Bronx,Schuylerville/Edgewater Park,false,0.1635
208,dropoff,2025,5,462,Bronx,Schuylerville/Edgewater Park,false,0.1635
208,dropoff,2025,6,464,Bronx,Schuylerville/Edgewater Park,false,0.1635
208,pickup,2024,2,115,Bronx,Schuylerville/Edgewater Park,false,0.1871
208,pickup,2024,3,121,Bronx,Schuylerville/Edgewater Park,false,0.1871
208,pickup,2024,4,100,Bronx,Schuylerville/Edgewater Park,false,0.1871
208,pickup,2024,5,127,Bronx,Schuylerville/Edgewater Park,false,0.1871
208,pickup,2024,6,93,Bronx,Schuylerville/Edgewater Park,false,0.1871
208,pickup,2025,2,108,Bronx,Schuylerville/Edgewater Park,false,0.1871
208,pickup,2025,3,93,Bronx,Schuylerville/Edgewater Park,false,0.1871
208,pickup,2025,4,116,Bronx,Schuylerville/Edgewater Park,false,0.1871
208,pickup,2025,5,119,Bronx,Schuylerville/Edgewater Park,false,0.1871
208,pickup,2025,6,173,Bronx,Schuylerville/Edgewater Park,false,0.1871
209,dropoff,2024,2,7174,Manhattan,Seaport,true,1.0
209,dropoff,2024,3,8366,Manhattan,Seaport,true,1.0
209,dropoff,2024,4,8319,Manhattan,Seaport,true,1.0
209,dropoff,2024,5,9064,Manhattan,Seaport,true,1.0
209,dropoff,2024,6,8708,Manhattan,Seaport,true,1.0
209,dropoff,2025,2,6461,Manhattan,Seaport,true,1.0
209,dropoff,2025,3,7954,Manhattan,Seaport,true,1.0
209,dropoff,2025,4,7996,Manhattan,Seaport,true,1.0
209,dropoff,2025,5,8745,Manhattan,Seaport,true,1.0
209,dropoff,2025,6,8154,Manhattan,Seaport,true,1.0
209,pickup,2024,2,4270,Manhattan,Seaport,true,1.0
209,pickup,2024,3,5215,Manhattan,Seaport,true,1.0
209,pickup,2024,4,5074,Manhattan,Seaport,true,1.0
209,pickup,2024,5,6061,Manhattan,Seaport,true,1.0
209,pickup,2024,6,6483,Manhattan,Seaport,true,1.0
209,pickup,2025,2,3876,Manhattan,Seaport,true,1.0
209,pickup,2025,3,4940,Manhattan,Seaport,true,1.0
209,pickup,2025,4,5289,Manhattan,Seaport,true,1.0
209,pickup,2025,5,6339,Manhattan,Seaport,true,1.0
209,pickup,2025,6,5864,Manhattan,Seaport,true,1.0
210,dropoff,2024,2,462,Brooklyn,Sheepshead Bay,false,0.1911
210,dropoff,2024,3,546,Brooklyn,Sheepshead Bay,false,0.1911
210,dropoff,2024,4,613,Brooklyn,Sheepshead Bay,false,0.1911
210,dropoff,2024,5,647,Brooklyn,Sheepshead Bay,false,0.1911
210,dropoff,2024,6,574,Brooklyn,Sheepshead Bay,false,0.1911
210,dropoff,2025,2,472,Brooklyn,Sheepshead Bay,false,0.1911
210,dropoff,2025,3,570,Brooklyn,Sheepshead Bay,false,0.1911
210,dropoff,2025,4,592,Brooklyn,Sheepshead Bay,false,0.1911
210,dropoff,2025,5,704,Brooklyn,Sheepshead Bay,false,0.1911
210,dropoff,2025,6,637,Brooklyn,Sheepshead Bay,false,0.1911
210,pickup,2024,2,194,Brooklyn,Sheepshead Bay,false,0.2389
210,pickup,2024,3,275,Brooklyn,Sheepshead Bay,false,0.2389
210,pickup,2024,4,293,Brooklyn,Sheepshead Bay,false,0.2389
210,pickup,2024,5,270,Brooklyn,Sheepshead Bay,false,0.2389
210,pickup,2024,6,278,Brooklyn,Sheepshead Bay,false,0.2389
210,pickup,2025,2,290,Brooklyn,Sheepshead Bay,false,0.2389
210,pickup,2025,3,342,Brooklyn,Sheepshead Bay,false,0.2389
210,pickup,2025,4,324,Brooklyn,Sheepshead Bay,false,0.2389
210,pickup,2025,5,336,Brooklyn,Sheepshead Bay,false,0.2389
210,pickup,2025,6,354,Brooklyn,Sheepshead Bay,false,0.2389
211,dropoff,2024,2,23502,Manhattan,SoHo,true,1.0
211,dropoff,2024,3,25099,Manhattan,SoHo,true,1.0
211,dropoff,2024,4,24973,Manhattan,SoHo,true,1.0
211,dropoff,2024,5,27118,Manhattan,SoHo,true,1.0
211,dropoff,2024,6,26126,Manhattan,SoHo,true,1.0
211,dropoff,2025,2,23567,Manhattan,SoHo,true,1.0
211,dropoff,2025,3,26927,Manhattan,SoHo,true,1.0
211,dropoff,2025,4,27400,Manhattan,SoHo,true,1.0
211,dropoff,2025,5,29014,Manhattan,SoHo,true,1.0
211,dropoff,2025,6,25539,Manhattan,SoHo,true,1.0
211,pickup,2024,2,22212,Manhattan,SoHo,true,1.0
211,pickup,2024,3,23194,Manhattan,SoHo,true,1.0
211,pickup,2024,4,22450,Manhattan,SoHo,true,1.0
211,pickup,2024,5,25294,Manhattan,SoHo,true,1.0
211,pickup,2024,6,24661,Manhattan,SoHo,true,1.0
211,pickup,2025,2,21975,Manhattan,SoHo,true,1.0
211,pickup,2025,3,25528,Manhattan,SoHo,true,1.0
211,pickup,2025,4,25697,Manhattan,SoHo,true,1.0
211,pickup,2025,5,26763,Manhattan,SoHo,true,1.0
211,pickup,2025,6,23254,Manhattan,SoHo,true,1.0
212,dropoff,2024,2,227,Bronx,Soundview/Bruckner,false,0.2481
212,dropoff,2024,3,270,Bronx,Soundview/Bruckner,false,0.2481
212,dropoff,2024,4,260,Bronx,Soundview/Bruckner,false,0.2481
212,dropoff,2024,5,285,Bronx,Soundview/Bruckner,false,0.2481
212,dropoff,2024,6,284,Bronx,Soundview/Bruckner,false,0.2481
212,dropoff,2025,2,223,Bronx,Soundview/Bruckner,false,0.2481
212,dropoff,2025,3,223,Bronx,Soundview/Bruckner,false,0.2481
212,dropoff,2025,4,285,Bronx,Soundview/Bruckner,false,0.2481
212,dropoff,2025,5,275,Bronx,Soundview/Bruckner,false,0.2481
212,dropoff,2025,6,282,Bronx,Soundview/Bruckner,false,0.2481
212,pickup,2024,2,78,Bronx,Soundview/Bruckner,false,0.2409
212,pickup,2024,3,116,Bronx,Soundview/Bruckner,false,0.2409
212,pickup,2024,4,95,Bronx,Soundview/Bruckner,false,0.2409
212,pickup,2024,5,105,Bronx,Soundview/Bruckner,false,0.2409
212,pickup,2024,6,71,Bronx,Soundview/Bruckner,false,0.2409
212,pickup,2025,2,121,Bronx,Soundview/Bruckner,false,0.2409
212,pickup,2025,3,126,Bronx,Soundview/Bruckner,false,0.2409
212,pickup,2025,4,143,Bronx,Soundview/Bruckner,false,0.2409
212,pickup,2025,5,160,Bronx,Soundview/Bruckner,false,0.2409
212,pickup,2025,6,132,Bronx,Soundview/Bruckner,false,0.2409
213,dropoff,2024,2,517,Bronx,Soundview/Castle Hill,false,0.2055
213,dropoff,2024,3,569,Bronx,Soundview/Castle Hill,false,0.2055
213,dropoff,2024,4,582,Bronx,Soundview/Castle Hill,false,0.2055
213,dropoff,2024,5,648,Bronx,Soundview/Castle Hill,false,0.2055
213,dropoff,2024,6,536,Bronx,Soundview/Castle Hill,false,0.2055
213,dropoff,2025,2,468,Bronx,Soundview/Castle Hill,false,0.2055
213,dropoff,2025,3,539,Bronx,Soundview/Castle Hill,false,0.2055
213,dropoff,2025,4,552,Bronx,Soundview/Castle Hill,false,0.2055
213,dropoff,2025,5,577,Bronx,Soundview/Castle Hill,false,0.2055
213,dropoff,2025,6,653,Bronx,Soundview/Castle Hill,false,0.2055
213,pickup,2024,2,281,Bronx,Soundview/Castle Hill,false,0.2812
213,pickup,2024,3,315,Bronx,Soundview/Castle Hill,false,0.2812
213,pickup,2024,4,319,Bronx,Soundview/Castle Hill,false,0.2812
213,pickup,2024,5,326,Bronx,Soundview/Castle Hill,false,0.2812
213,pickup,2024,6,299,Bronx,Soundview/Castle Hill,false,0.2812
213,pickup,2025,2,287,Bronx,Soundview/Castle Hill,false,0.2812
213,pickup,2025,3,321,Bronx,Soundview/Castle Hill,false,0.2812
213,pickup,2025,4,299,Bronx,Soundview/Castle Hill,false,0.2812
213,pickup,2025,5,355,Bronx,Soundview/Castle Hill,false,0.2812
213,pickup,2025,6,350,Bronx,Soundview/Castle Hill,false,0.2812
214,dropoff,2024,2,42,Staten Island,South Beach/Dongan Hills,false,0.374
214,dropoff,2024,3,48,Staten Island,South Beach/Dongan Hills,false,0.374
214,dropoff,2024,4,56,Staten Island,South Beach/Dongan Hills,false,0.374
214,dropoff,2024,5,49,Staten Island,South Beach/Dongan Hills,false,0.374
214,dropoff,2024,6,51,Staten Island,South Beach/Dongan Hills,false,0.374
214,dropoff,2025,2,50,Staten Island,South Beach/Dongan Hills,false,0.374
214,dropoff,2025,3,46,Staten Island,South Beach/Dongan Hills,false,0.374
214,dropoff,2025,4,51,Staten Island,South Beach/Dongan Hills,false,0.374
214,dropoff,2025,5,70,Staten Island,South Beach/Dongan Hills,false,0.374
214,dropoff,2025,6,61,Staten Island,South Beach/Dongan Hills,false,0.374
214,pickup,2024,2,4,Staten Island,South Beach/Dongan Hills,false,0.1111
214,pickup,2024,3,2,Staten Island,South Beach/Dongan Hills,false,0.1111
214,pickup,2024,4,5,Staten Island,South Beach/Dongan Hills,false,0.1111
214,pickup,2024,5,4,Staten Island,South Beach/Dongan Hills,false,0.1111
214,pickup,2024,6,3,Staten Island,South Beach/Dongan Hills,false,0.1111
214,pickup,2025,2,4,Staten Island,South Beach/Dongan Hills,false,0.1111
214,pickup,2025,3,3,Staten Island,South Beach/Dongan Hills,false,0.1111
214,pickup,2025,4,9,Staten Island,South Beach/Dongan Hills,false,0.1111
214,pickup,2025,5,9,Staten Island,South Beach/Dongan Hills,false,0.1111
214,pickup,2025,6,4,Staten Island,South Beach/Dongan Hills,false,0.1111
215,dropoff,2024,2,756,Queens,South Jamaica,false,0.057
215,dropoff,2024,3,955,Queens,South Jamaica,false,0.057
215,dropoff,2024,4,963,Queens,South Jamaica,false,0.057
215,dropoff,2024,5,948,Queens,South Jamaica,false,0.057
215,dropoff,2024,6,852,Queens,South Jamaica,false,0.057
215,dropoff,2025,2,741,Queens,South Jamaica,false,0.057
215,dropoff,2025,3,1038,Queens,South Jamaica,false,0.057
215,dropoff,2025,4,992,Queens,South Jamaica,false,0.057
215,dropoff,2025,5,994,Queens,South Jamaica,false,0.057
215,dropoff,2025,6,1016,Queens,South Jamaica,false,0.057
215,pickup,2024,2,519,Queens,South Jamaica,false,0.3075
215,pickup,2024,3,689,Queens,South Jamaica,false,0.3075
215,pickup,2024,4,651,Queens,South Jamaica,false,0.3075
215,pickup,2024,5,580,Queens,South Jamaica,false,0.3075
215,pickup,2024,6,475,Queens,South Jamaica,false,0.3075
215,pickup,2025,2,414,Queens,South Jamaica,false,0.3075
215,pickup,2025,3,572,Queens,South Jamaica,false,0.3075
215,pickup,2025,4,573,Queens,South Jamaica,false,0.3075
215,pickup,2025,5,532,Queens,South Jamaica,false,0.3075
215,pickup,2025,6,523,Queens,South Jamaica,false,0.3075
216,dropoff,2024,2,2451,Queens,South Ozone Park,false,0.0687
216,dropoff,2024,3,2830,Queens,South Ozone Park,false,0.0687
216,dropoff,2024,4,3013,Queens,South Ozone Park,false,0.0687
216,dropoff,2024,5,3367,Queens,South Ozone Park,false,0.0687
216,dropoff,2024,6,3571,Queens,South Ozone Park,false,0.0687
216,dropoff,2025,2,2306,Queens,South Ozone Park,false,0.0687
216,dropoff,2025,3,3269,Queens,South Ozone Park,false,0.0687
216,dropoff,2025,4,3249,Queens,South Ozone Park,false,0.0687
216,dropoff,2025,5,3762,Queens,South Ozone Park,false,0.0687
216,dropoff,2025,6,3762,Queens,South Ozone Park,false,0.0687
216,pickup,2024,2,549,Queens,South Ozone Park,false,0.1005
216,pickup,2024,3,786,Queens,South Ozone Park,false,0.1005
216,pickup,2024,4,872,Queens,South Ozone Park,false,0.1005
216,pickup,2024,5,952,Queens,South Ozone Park,false,0.1005
216,pickup,2024,6,1000,Queens,South Ozone Park,false,0.1005
216,pickup,2025,2,911,Queens,South Ozone Park,false,0.1005
216,pickup,2025,3,1266,Queens,South Ozone Park,false,0.1005
216,pickup,2025,4,1399,Queens,South Ozone Park,false,0.1005
216,pickup,2025,5,1663,Queens,South Ozone Park,false,0.1005
216,pickup,2025,6,1406,Queens,South Ozone Park,false,0.1005
217,dropoff,2024,2,1197,Brooklyn,South Williamsburg,false,0.5102
217,dropoff,2024,3,1166,Brooklyn,South Williamsburg,false,0.5102
217,dropoff,2024,4,916,Brooklyn,South Williamsburg,false,0.5102
217,dropoff,2024,5,1327,Brooklyn,South Williamsburg,false,0.5102
217,dropoff,2024,6,1041,Brooklyn,South Williamsburg,false,0.5102
217,dropoff,2025,2,1115,Brooklyn,South Williamsburg,false,0.5102
217,dropoff,2025,3,1242,Brooklyn,South Williamsburg,false,0.5102
217,dropoff,2025,4,1046,Brooklyn,South Williamsburg,false,0.5102
217,dropoff,2025,5,1365,Brooklyn,South Williamsburg,false,0.5102
217,dropoff,2025,6,1107,Brooklyn,South Williamsburg,false,0.5102
217,pickup,2024,2,102,Brooklyn,South Williamsburg,false,0.2355
217,pickup,2024,3,119,Brooklyn,South Williamsburg,false,0.2355
217,pickup,2024,4,112,Brooklyn,South Williamsburg,false,0.2355
217,pickup,2024,5,131,Brooklyn,South Williamsburg,false,0.2355
217,pickup,2024,6,122,Brooklyn,South Williamsburg,false,0.2355
217,pickup,2025,2,131,Brooklyn,South Williamsburg,false,0.2355
217,pickup,2025,3,139,Brooklyn,South Williamsburg,false,0.2355
217,pickup,2025,4,116,Brooklyn,South Williamsburg,false,0.2355
217,pickup,2025,5,155,Brooklyn,South Williamsburg,false,0.2355
217,pickup,2025,6,162,Brooklyn,South Williamsburg,false,0.2355
218,dropoff,2024,2,667,Queens,Springfield Gardens North,false,0.0539
218,dropoff,2024,3,789,Queens,Springfield Gardens North,false,0.0539
218,dropoff,2024,4,805,Queens,Springfield Gardens North,false,0.0539
218,dropoff,2024,5,879,Queens,Springfield Gardens North,false,0.0539
218,dropoff,2024,6,809,Queens,Springfield Gardens North,false,0.0539
218,dropoff,2025,2,659,Queens,Springfield Gardens North,false,0.0539
218,dropoff,2025,3,890,Queens,Springfield Gardens North,false,0.0539
218,dropoff,2025,4,814,Queens,Springfield Gardens North,false,0.0539
218,dropoff,2025,5,1005,Queens,Springfield Gardens North,false,0.0539
218,dropoff,2025,6,1056,Queens,Springfield Gardens North,false,0.0539
218,pickup,2024,2,295,Queens,Springfield Gardens North,false,0.1276
218,pickup,2024,3,404,Queens,Springfield Gardens North,false,0.1276
218,pickup,2024,4,355,Queens,Springfield Gardens North,false,0.1276
218,pickup,2024,5,346,Queens,Springfield Gardens North,false,0.1276
218,pickup,2024,6,285,Queens,Springfield Gardens North,false,0.1276
218,pickup,2025,2,259,Queens,Springfield Gardens North,false,0.1276
218,pickup,2025,3,342,Queens,Springfield Gardens North,false,0.1276
218,pickup,2025,4,325,Queens,Springfield Gardens North,false,0.1276
218,pickup,2025,5,278,Queens,Springfield Gardens North,false,0.1276
218,pickup,2025,6,327,Queens,Springfield Gardens North,false,0.1276
219,dropoff,2024,2,1097,Queens,Springfield Gardens South,false,0.0484
219,dropoff,2024,3,1304,Queens,Springfield Gardens South,false,0.0484
219,dropoff,2024,4,1402,Queens,Springfield Gardens South,false,0.0484
219,dropoff,2024,5,1373,Queens,Springfield Gardens South,false,0.0484
219,dropoff,2024,6,1415,Queens,Springfield Gardens South,false,0.0484
219,dropoff,2025,2,988,Queens,Springfield Gardens South,false,0.0484
219,dropoff,2025,3,1294,Queens,Springfield Gardens South,false,0.0484
219,dropoff,2025,4,1288,Queens,Springfield Gardens South,false,0.0484
219,dropoff,2025,5,1549,Queens,Springfield Gardens South,false,0.0484
219,dropoff,2025,6,1536,Queens,Springfield Gardens South,false,0.0484
219,pickup,2024,2,400,Queens,Springfield Gardens South,false,0.2609
219,pickup,2024,3,466,Queens,Springfield Gardens South,false,0.2609
219,pickup,2024,4,438,Queens,Springfield Gardens South,false,0.2609
219,pickup,2024,5,454,Queens,Springfield Gardens South,false,0.2609
219,pickup,2024,6,434,Queens,Springfield Gardens South,false,0.2609
219,pickup,2025,2,426,Queens,Springfield Gardens South,false,0.2609
219,pickup,2025,3,515,Queens,Springfield Gardens South,false,0.2609
219,pickup,2025,4,453,Queens,Springfield Gardens South,false,0.2609
219,pickup,2025,5,540,Queens,Springfield Gardens South,false,0.2609
219,pickup,2025,6,560,Queens,Springfield Gardens South,false,0.2609
220,dropoff,2024,2,1071,Bronx,Spuyten Duyvil/Kingsbridge,false,0.323
220,dropoff,2024,3,1188,Bronx,Spuyten Duyvil/Kingsbridge,false,0.323
220,dropoff,2024,4,1179,Bronx,Spuyten Duyvil/Kingsbridge,false,0.323
220,dropoff,2024,5,1223,Bronx,Spuyten Duyvil/Kingsbridge,false,0.323
220,dropoff,2024,6,1048,Bronx,Spuyten Duyvil/Kingsbridge,false,0.323
220,dropoff,2025,2,992,Bronx,Spuyten Duyvil/Kingsbridge,false,0.323
220,dropoff,2025,3,1188,Bronx,Spuyten Duyvil/Kingsbridge,false,0.323
220,dropoff,2025,4,1203,Bronx,Spuyten Duyvil/Kingsbridge,false,0.323
220,dropoff,2025,5,1317,Bronx,Spuyten Duyvil/Kingsbridge,false,0.323
220,dropoff,2025,6,1157,Bronx,Spuyten Duyvil/Kingsbridge,false,0.323
220,pickup,2024,2,100,Bronx,Spuyten Duyvil/Kingsbridge,false,0.2417
220,pickup,2024,3,144,Bronx,Spuyten Duyvil/Kingsbridge,false,0.2417
220,pickup,2024,4,172,Bronx,Spuyten Duyvil/Kingsbridge,false,0.2417
220,pickup,2024,5,152,Bronx,Spuyten Duyvil/Kingsbridge,false,0.2417
220,pickup,2024,6,127,Bronx,Spuyten Duyvil/Kingsbridge,false,0.2417
220,pickup,2025,2,157,Bronx,Spuyten Duyvil/Kingsbridge,false,0.2417
220,pickup,2025,3,180,Bronx,Spuyten Duyvil/Kingsbridge,false,0.2417
220,pickup,2025,4,210,Bronx,Spuyten Duyvil/Kingsbridge,false,0.2417
220,pickup,2025,5,181,Bronx,Spuyten Duyvil/Kingsbridge,false,0.2417
220,pickup,2025,6,204,Bronx,Spuyten Duyvil/Kingsbridge,false,0.2417
221,dropoff,2024,2,37,Staten Island,Stapleton,false,0.2579
221,dropoff,2024,3,63,Staten Island,Stapleton,false,0.2579
221,dropoff,2024,4,55,Staten Island,Stapleton,false,0.2579
221,dropoff,2024,5,89,Staten Island,Stapleton,false,0.2579
221,dropoff,2024,6,74,Staten Island,Stapleton,false,0.2579
221,dropoff,2025,2,39,Staten Island,Stapleton,false,0.2579
221,dropoff,2025,3,63,Staten Island,Stapleton,false,0.2579
221,dropoff,2025,4,60,Staten Island,Stapleton,false,0.2579
221,dropoff,2025,5,82,Staten Island,Stapleton,false,0.2579
221,dropoff,2025,6,65,Staten Island,Stapleton,false,0.2579
221,pickup,2024,2,1,Staten Island,Stapleton,false,0.2381
221,pickup,2024,3,4,Staten Island,Stapleton,false,0.2381
221,pickup,2024,5,10,Staten Island,Stapleton,false,0.2381
221,pickup,2024,6,6,Staten Island,Stapleton,false,0.2381
221,pickup,2025,2,1,Staten Island,Stapleton,false,0.2381
221,pickup,2025,3,3,Staten Island,Stapleton,false,0.2381
221,pickup,2025,4,8,Staten Island,Stapleton,false,0.2381
221,pickup,2025,5,4,Staten Island,Stapleton,false,0.2381
221,pickup,2025,6,3,Staten Island,Stapleton,false,0.2381
222,dropoff,2024,2,367,Brooklyn,Starrett City,false,0.1252
222,dropoff,2024,3,427,Brooklyn,Starrett City,false,0.1252
222,dropoff,2024,4,460,Brooklyn,Starrett City,false,0.1252
222,dropoff,2024,5,526,Brooklyn,Starrett City,false,0.1252
222,dropoff,2024,6,456,Brooklyn,Starrett City,false,0.1252
222,dropoff,2025,2,425,Brooklyn,Starrett City,false,0.1252
222,dropoff,2025,3,513,Brooklyn,Starrett City,false,0.1252
222,dropoff,2025,4,524,Brooklyn,Starrett City,false,0.1252
222,dropoff,2025,5,509,Brooklyn,Starrett City,false,0.1252
222,dropoff,2025,6,585,Brooklyn,Starrett City,false,0.1252
222,pickup,2024,2,298,Brooklyn,Starrett City,false,0.1762
222,pickup,2024,3,350,Brooklyn,Starrett City,false,0.1762
222,pickup,2024,4,363,Brooklyn,Starrett City,false,0.1762
222,pickup,2024,5,457,Brooklyn,Starrett City,false,0.1762
222,pickup,2024,6,354,Brooklyn,Starrett City,false,0.1762
222,pickup,2025,2,355,Brooklyn,Starrett City,false,0.1762
222,pickup,2025,3,404,Brooklyn,Starrett City,false,0.1762
222,pickup,2025,4,411,Brooklyn,Starrett City,false,0.1762
222,pickup,2025,5,411,Brooklyn,Starrett City,false,0.1762
222,pickup,2025,6,456,Brooklyn,Starrett City,false,0.1762
223,dropoff,2024,2,3284,Queens,Steinway,false,0.3705
223,dropoff,2024,3,3921,Queens,Steinway,false,0.3705
223,dropoff,2024,4,3673,Queens,Steinway,false,0.3705
223,dropoff,2024,5,3665,Queens,Steinway,false,0.3705
223,dropoff,2024,6,3431,Queens,Steinway,false,0.3705
223,dropoff,2025,2,2910,Queens,Steinway,false,0.3705
223,dropoff,2025,3,3725,Queens,Steinway,false,0.3705
223,dropoff,2025,4,3252,Queens,Steinway,false,0.3705
223,dropoff,2025,5,3903,Queens,Steinway,false,0.3705
223,dropoff,2025,6,3409,Queens,Steinway,false,0.3705
223,pickup,2024,2,476,Queens,Steinway,false,0.1716
223,pickup,2024,3,602,Queens,Steinway,false,0.1716
223,pickup,2024,4,581,Queens,Steinway,false,0.1716
223,pickup,2024,5,679,Queens,Steinway,false,0.1716
223,pickup,2024,6,599,Queens,Steinway,false,0.1716
223,pickup,2025,2,510,Queens,Steinway,false,0.1716
223,pickup,2025,3,708,Queens,Steinway,false,0.1716
223,pickup,2025,4,616,Queens,Steinway,false,0.1716
223,pickup,2025,5,740,Queens,Steinway,false,0.1716
223,pickup,2025,6,778,Queens,Steinway,false,0.1716
224,dropoff,2024,2,11250,Manhattan,Stuy Town/Peter Cooper Village,true,1.0
224,dropoff,2024,3,12479,Manhattan,Stuy Town/Peter Cooper Village,true,1.0
224,dropoff,2024,4,11589,Manhattan,Stuy Town/Peter Cooper Village,true,1.0
224,dropoff,2024,5,12458,Manhattan,Stuy Town/Peter Cooper Village,true,1.0
224,dropoff,2024,6,11745,Manhattan,Stuy Town/Peter Cooper Village,true,1.0
224,dropoff,2025,2,10651,Manhattan,Stuy Town/Peter Cooper Village,true,1.0
224,dropoff,2025,3,12561,Manhattan,Stuy Town/Peter Cooper Village,true,1.0
224,dropoff,2025,4,11552,Manhattan,Stuy Town/Peter Cooper Village,true,1.0
224,dropoff,2025,5,12151,Manhattan,Stuy Town/Peter Cooper Village,true,1.0
224,dropoff,2025,6,11098,Manhattan,Stuy Town/Peter Cooper Village,true,1.0
224,pickup,2024,2,2945,Manhattan,Stuy Town/Peter Cooper Village,true,1.0
224,pickup,2024,3,3354,Manhattan,Stuy Town/Peter Cooper Village,true,1.0
224,pickup,2024,4,3022,Manhattan,Stuy Town/Peter Cooper Village,true,1.0
224,pickup,2024,5,3353,Manhattan,Stuy Town/Peter Cooper Village,true,1.0
224,pickup,2024,6,3406,Manhattan,Stuy Town/Peter Cooper Village,true,1.0
224,pickup,2025,2,2766,Manhattan,Stuy Town/Peter Cooper Village,true,1.0
224,pickup,2025,3,3097,Manhattan,Stuy Town/Peter Cooper Village,true,1.0
224,pickup,2025,4,2910,Manhattan,Stuy Town/Peter Cooper Village,true,1.0
224,pickup,2025,5,3187,Manhattan,Stuy Town/Peter Cooper Village,true,1.0
224,pickup,2025,6,3020,Manhattan,Stuy Town/Peter Cooper Village,true,1.0
225,dropoff,2024,2,2233,Brooklyn,Stuyvesant Heights,false,0.3615
225,dropoff,2024,3,2553,Brooklyn,Stuyvesant Heights,false,0.3615
225,dropoff,2024,4,2471,Brooklyn,Stuyvesant Heights,false,0.3615
225,dropoff,2024,5,2683,Brooklyn,Stuyvesant Heights,false,0.3615
225,dropoff,2024,6,2612,Brooklyn,Stuyvesant Heights,false,0.3615
225,dropoff,2025,2,2201,Brooklyn,Stuyvesant Heights,false,0.3615
225,dropoff,2025,3,2611,Brooklyn,Stuyvesant Heights,false,0.3615
225,dropoff,2025,4,2610,Brooklyn,Stuyvesant Heights,false,0.3615
225,dropoff,2025,5,3112,Brooklyn,Stuyvesant Heights,false,0.3615
225,dropoff,2025,6,2996,Brooklyn,Stuyvesant Heights,false,0.3615
225,pickup,2024,2,439,Brooklyn,Stuyvesant Heights,false,0.1538
225,pickup,2024,3,562,Brooklyn,Stuyvesant Heights,false,0.1538
225,pickup,2024,4,573,Brooklyn,Stuyvesant Heights,false,0.1538
225,pickup,2024,5,621,Brooklyn,Stuyvesant Heights,false,0.1538
225,pickup,2024,6,633,Brooklyn,Stuyvesant Heights,false,0.1538
225,pickup,2025,2,537,Brooklyn,Stuyvesant Heights,false,0.1538
225,pickup,2025,3,698,Brooklyn,Stuyvesant Heights,false,0.1538
225,pickup,2025,4,733,Brooklyn,Stuyvesant Heights,false,0.1538
225,pickup,2025,5,767,Brooklyn,Stuyvesant Heights,false,0.1538
225,pickup,2025,6,811,Brooklyn,Stuyvesant Heights,false,0.1538
226,dropoff,2024,2,4234,Queens,Sunnyside,false,0.4001
226,dropoff,2024,3,5296,Queens,Sunnyside,false,0.4001
226,dropoff,2024,4,4831,Queens,Sunnyside,false,0.4001
226,dropoff,2024,5,4910,Queens,Sunnyside,false,0.4001
226,dropoff,2024,6,4591,Queens,Sunnyside,false,0.4001
226,dropoff,2025,2,3844,Queens,Sunnyside,false,0.4001
226,dropoff,2025,3,4744,Queens,Sunnyside,false,0.4001
226,dropoff,2025,4,4405,Queens,Sunnyside,false,0.4001
226,dropoff,2025,5,4954,Queens,Sunnyside,false,0.4001
226,dropoff,2025,6,4642,Queens,Sunnyside,false,0.4001
226,pickup,2024,2,1796,Queens,Sunnyside,false,0.1822
226,pickup,2024,3,2267,Queens,Sunnyside,false,0.1822
226,pickup,2024,4,2115,Queens,Sunnyside,false,0.1822
226,pickup,2024,5,2230,Queens,Sunnyside,false,0.1822
226,pickup,2024,6,1964,Queens,Sunnyside,false,0.1822
226,pickup,2025,2,1785,Queens,Sunnyside,false,0.1822
226,pickup,2025,3,2328,Queens,Sunnyside,false,0.1822
226,pickup,2025,4,2332,Queens,Sunnyside,false,0.1822
226,pickup,2025,5,2707,Queens,Sunnyside,false,0.1822
226,pickup,2025,6,2783,Queens,Sunnyside,false,0.1822
227,dropoff,2024,2,426,Brooklyn,Sunset Park East,false,0.3297
227,dropoff,2024,3,529,Brooklyn,Sunset Park East,false,0.3297
227,dropoff,2024,4,513,Brooklyn,Sunset Park East,false,0.3297
227,dropoff,2024,5,619,Brooklyn,Sunset Park East,false,0.3297
227,dropoff,2024,6,497,Brooklyn,Sunset Park East,false,0.3297
227,dropoff,2025,2,463,Brooklyn,Sunset Park East,false,0.3297
227,dropoff,2025,3,537,Brooklyn,Sunset Park East,false,0.3297
227,dropoff,2025,4,494,Brooklyn,Sunset Park East,false,0.3297
227,dropoff,2025,5,593,Brooklyn,Sunset Park East,false,0.3297
227,dropoff,2025,6,620,Brooklyn,Sunset Park East,false,0.3297
227,pickup,2024,2,76,Brooklyn,Sunset Park East,false,0.1473
227,pickup,2024,3,127,Brooklyn,Sunset Park East,false,0.1473
227,pickup,2024,4,107,Brooklyn,Sunset Park East,false,0.1473
227,pickup,2024,5,104,Brooklyn,Sunset Park East,false,0.1473
227,pickup,2024,6,95,Brooklyn,Sunset Park East,false,0.1473
227,pickup,2025,2,143,Brooklyn,Sunset Park East,false,0.1473
227,pickup,2025,3,131,Brooklyn,Sunset Park East,false,0.1473
227,pickup,2025,4,150,Brooklyn,Sunset Park East,false,0.1473
227,pickup,2025,5,160,Brooklyn,Sunset Park East,false,0.1473
227,pickup,2025,6,170,Brooklyn,Sunset Park East,false,0.1473
228,dropoff,2024,2,1206,Brooklyn,Sunset Park West,false,0.4171
228,dropoff,2024,3,1323,Brooklyn,Sunset Park West,false,0.4171
228,dropoff,2024,4,1381,Brooklyn,Sunset Park West,false,0.4171
228,dropoff,2024,5,1422,Brooklyn,Sunset Park West,false,0.4171
228,dropoff,2024,6,1503,Brooklyn,Sunset Park West,false,0.4171
228,dropoff,2025,2,1173,Brooklyn,Sunset Park West,false,0.4171
228,dropoff,2025,3,1445,Brooklyn,Sunset Park West,false,0.4171
228,dropoff,2025,4,1342,Brooklyn,Sunset Park West,false,0.4171
228,dropoff,2025,5,1590,Brooklyn,Sunset Park West,false,0.4171
228,dropoff,2025,6,1614,Brooklyn,Sunset Park West,false,0.4171
228,pickup,2024,2,165,Brooklyn,Sunset Park West,false,0.1208
228,pickup,2024,3,241,Brooklyn,Sunset Park West,false,0.1208
228,pickup,2024,4,235,Brooklyn,Sunset Park West,false,0.1208
228,pickup,2024,5,225,Brooklyn,Sunset Park West,false,0.1208
228,pickup,2024,6,218,Brooklyn,Sunset Park West,false,0.1208
228,pickup,2025,2,222,Brooklyn,Sunset Park West,false,0.1208
228,pickup,2025,3,244,Brooklyn,Sunset Park West,false,0.1208
228,pickup,2025,4,277,Brooklyn,Sunset Park West,false,0.1208
228,pickup,2025,5,326,Brooklyn,Sunset Park West,false,0.1208
228,pickup,2025,6,349,Brooklyn,Sunset Park West,false,0.1208
229,dropoff,2024,2,60648,Manhattan,Sutton Place/Turtle Bay North,true,1.0
229,dropoff,2024,3,67170,Manhattan,Sutton Place/Turtle Bay North,true,1.0
229,dropoff,2024,4,65889,Manhattan,Sutton Place/Turtle Bay North,true,1.0
229,dropoff,2024,5,69163,Manhattan,Sutton Place/Turtle Bay North,true,1.0
229,dropoff,2024,6,64829,Manhattan,Sutton Place/Turtle Bay North,true,1.0
229,dropoff,2025,2,58770,Manhattan,Sutton Place/Turtle Bay North,true,1.0
229,dropoff,2025,3,67813,Manhattan,Sutton Place/Turtle Bay North,true,1.0
229,dropoff,2025,4,65937,Manhattan,Sutton Place/Turtle Bay North,true,1.0
229,dropoff,2025,5,68426,Manhattan,Sutton Place/Turtle Bay North,true,1.0
229,dropoff,2025,6,60999,Manhattan,Sutton Place/Turtle Bay North,true,1.0
229,pickup,2024,2,52012,Manhattan,Sutton Place/Turtle Bay North,true,1.0
229,pickup,2024,3,58317,Manhattan,Sutton Place/Turtle Bay North,true,1.0
229,pickup,2024,4,56333,Manhattan,Sutton Place/Turtle Bay North,true,1.0
229,pickup,2024,5,59426,Manhattan,Sutton Place/Turtle Bay North,true,1.0
229,pickup,2024,6,56487,Manhattan,Sutton Place/Turtle Bay North,true,1.0
229,pickup,2025,2,46958,Manhattan,Sutton Place/Turtle Bay North,true,1.0
229,pickup,2025,3,55214,Manhattan,Sutton Place/Turtle Bay North,true,1.0
229,pickup,2025,4,52591,Manhattan,Sutton Place/Turtle Bay North,true,1.0
229,pickup,2025,5,55732,Manhattan,Sutton Place/Turtle Bay North,true,1.0
229,pickup,2025,6,50427,Manhattan,Sutton Place/Turtle Bay North,true,1.0
230,dropoff,2024,2,82881,Manhattan,Times Sq/Theatre District,true,1.0
230,dropoff,2024,3,98753,Manhattan,Times Sq/Theatre District,true,1.0
230,dropoff,2024,4,98308,Manhattan,Times Sq/Theatre District,true,1.0
230,dropoff,2024,5,106009,Manhattan,Times Sq/Theatre District,true,1.0
230,dropoff,2024,6,102440,Manhattan,Times Sq/Theatre District,true,1.0
230,dropoff,2025,2,80373,Manhattan,Times Sq/Theatre District,true,1.0
230,dropoff,2025,3,100732,Manhattan,Times Sq/Theatre District,true,1.0
230,dropoff,2025,4,103087,Manhattan,Times Sq/Theatre District,true,1.0
230,dropoff,2025,5,103145,Manhattan,Times Sq/Theatre District,true,1.0
230,dropoff,2025,6,96481,Manhattan,Times Sq/Theatre District,true,1.0
230,pickup,2024,2,96152,Manhattan,Times Sq/Theatre District,true,1.0
230,pickup,2024,3,111435,Manhattan,Times Sq/Theatre District,true,1.0
230,pickup,2024,4,106614,Manhattan,Times Sq/Theatre District,true,1.0
230,pickup,2024,5,112504,Manhattan,Times Sq/Theatre District,true,1.0
230,pickup,2024,6,107151,Manhattan,Times Sq/Theatre District,true,1.0
230,pickup,2025,2,95928,Manhattan,Times Sq/Theatre District,true,1.0
230,pickup,2025,3,116477,Manhattan,Times Sq/Theatre District,true,1.0
230,pickup,2025,4,116638,Manhattan,Times Sq/Theatre District,true,1.0
230,pickup,2025,5,112801,Manhattan,Times Sq/Theatre District,true,1.0
230,pickup,2025,6,101753,Manhattan,Times Sq/Theatre District,true,1.0
231,dropoff,2024,2,44150,Manhattan,TriBeCa/Civic Center,true,1.0
231,dropoff,2024,3,47873,Manhattan,TriBeCa/Civic Center,true,1.0
231,dropoff,2024,4,48146,Manhattan,TriBeCa/Civic Center,true,1.0
231,dropoff,2024,5,51566,Manhattan,TriBeCa/Civic Center,true,1.0
231,dropoff,2024,6,48629,Manhattan,TriBeCa/Civic Center,true,1.0
231,dropoff,2025,2,43855,Manhattan,TriBeCa/Civic Center,true,1.0
231,dropoff,2025,3,50709,Manhattan,TriBeCa/Civic Center,true,1.0
231,dropoff,2025,4,50253,Manhattan,TriBeCa/Civic Center,true,1.0
231,dropoff,2025,5,53845,Manhattan,TriBeCa/Civic Center,true,1.0
231,dropoff,2025,6,47975,Manhattan,TriBeCa/Civic Center,true,1.0
231,pickup,2024,2,36394,Manhattan,TriBeCa/Civic Center,true,1.0
231,pickup,2024,3,40093,Manhattan,TriBeCa/Civic Center,true,1.0
231,pickup,2024,4,41274,Manhattan,TriBeCa/Civic Center,true,1.0
231,pickup,2024,5,44238,Manhattan,TriBeCa/Civic Center,true,1.0
231,pickup,2024,6,41990,Manhattan,TriBeCa/Civic Center,true,1.0
231,pickup,2025,2,35646,Manhattan,TriBeCa/Civic Center,true,1.0
231,pickup,2025,3,41134,Manhattan,TriBeCa/Civic Center,true,1.0
231,pickup,2025,4,41906,Manhattan,TriBeCa/Civic Center,true,1.0
231,pickup,2025,5,45086,Manhattan,TriBeCa/Civic Center,true,1.0
231,pickup,2025,6,40110,Manhattan,TriBeCa/Civic Center,true,1.0
232,dropoff,2024,2,13056,Manhattan,Two Bridges/Seward Park,true,1.0
232,dropoff,2024,3,13598,Manhattan,Two Bridges/Seward Park,true,1.0
232,dropoff,2024,4,13423,Manhattan,Two Bridges/Seward Park,true,1.0
232,dropoff,2024,5,13448,Manhattan,Two Bridges/Seward Park,true,1.0
232,dropoff,2024,6,13114,Manhattan,Two Bridges/Seward Park,true,1.0
232,dropoff,2025,2,11982,Manhattan,Two Bridges/Seward Park,true,1.0
232,dropoff,2025,3,13612,Manhattan,Two Bridges/Seward Park,true,1.0
232,dropoff,2025,4,13057,Manhattan,Two Bridges/Seward Park,true,1.0
232,dropoff,2025,5,14130,Manhattan,Two Bridges/Seward Park,true,1.0
232,dropoff,2025,6,12791,Manhattan,Two Bridges/Seward Park,true,1.0
232,pickup,2024,2,2981,Manhattan,Two Bridges/Seward Park,true,1.0
232,pickup,2024,3,3143,Manhattan,Two Bridges/Seward Park,true,1.0
232,pickup,2024,4,3350,Manhattan,Two Bridges/Seward Park,true,1.0
232,pickup,2024,5,3189,Manhattan,Two Bridges/Seward Park,true,1.0
232,pickup,2024,6,3164,Manhattan,Two Bridges/Seward Park,true,1.0
232,pickup,2025,2,2631,Manhattan,Two Bridges/Seward Park,true,1.0
232,pickup,2025,3,3098,Manhattan,Two Bridges/Seward Park,true,1.0
232,pickup,2025,4,3132,Manhattan,Two Bridges/Seward Park,true,1.0
232,pickup,2025,5,3602,Manhattan,Two Bridges/Seward Park,true,1.0
232,pickup,2025,6,3561,Manhattan,Two Bridges/Seward Park,true,1.0
233,dropoff,2024,2,42401,Manhattan,UN/Turtle Bay South,true,1.0
233,dropoff,2024,3,50333,Manhattan,UN/Turtle Bay South,true,1.0
233,dropoff,2024,4,46509,Manhattan,UN/Turtle Bay South,true,1.0
233,dropoff,2024,5,49419,Manhattan,UN/Turtle Bay South,true,1.0
233,dropoff,2024,6,47818,Manhattan,UN/Turtle Bay South,true,1.0
233,dropoff,2025,2,39147,Manhattan,UN/Turtle Bay South,true,1.0
233,dropoff,2025,3,48918,Manhattan,UN/Turtle Bay South,true,1.0
233,dropoff,2025,4,45379,Manhattan,UN/Turtle Bay South,true,1.0
233,dropoff,2025,5,46344,Manhattan,UN/Turtle Bay South,true,1.0
233,dropoff,2025,6,43956,Manhattan,UN/Turtle Bay South,true,1.0
233,pickup,2024,2,31934,Manhattan,UN/Turtle Bay South,true,1.0
233,pickup,2024,3,39269,Manhattan,UN/Turtle Bay South,true,1.0
233,pickup,2024,4,36535,Manhattan,UN/Turtle Bay South,true,1.0
233,pickup,2024,5,38796,Manhattan,UN/Turtle Bay South,true,1.0
233,pickup,2024,6,37992,Manhattan,UN/Turtle Bay South,true,1.0
233,pickup,2025,2,28134,Manhattan,UN/Turtle Bay South,true,1.0
233,pickup,2025,3,36095,Manhattan,UN/Turtle Bay South,true,1.0
233,pickup,2025,4,33115,Manhattan,UN/Turtle Bay South,true,1.0
233,pickup,2025,5,34320,Manhattan,UN/Turtle Bay South,true,1.0
233,pickup,2025,6,32976,Manhattan,UN/Turtle Bay South,true,1.0
234,dropoff,2024,2,68898,Manhattan,Union Sq,true,1.0
234,dropoff,2024,3,74555,Manhattan,Union Sq,true,1.0
234,dropoff,2024,4,72565,Manhattan,Union Sq,true,1.0
234,dropoff,2024,5,76530,Manhattan,Union Sq,true,1.0
234,dropoff,2024,6,73888,Manhattan,Union Sq,true,1.0
234,dropoff,2025,2,70482,Manhattan,Union Sq,true,1.0
234,dropoff,2025,3,79620,Manhattan,Union Sq,true,1.0
234,dropoff,2025,4,78020,Manhattan,Union Sq,true,1.0
234,dropoff,2025,5,79726,Manhattan,Union Sq,true,1.0
234,dropoff,2025,6,73943,Manhattan,Union Sq,true,1.0
234,pickup,2024,2,78657,Manhattan,Union Sq,true,1.0
234,pickup,2024,3,84479,Manhattan,Union Sq,true,1.0
234,pickup,2024,4,81743,Manhattan,Union Sq,true,1.0
234,pickup,2024,5,86318,Manhattan,Union Sq,true,1.0
234,pickup,2024,6,83308,Manhattan,Union Sq,true,1.0
234,pickup,2025,2,79718,Manhattan,Union Sq,true,1.0
234,pickup,2025,3,90901,Manhattan,Union Sq,true,1.0
234,pickup,2025,4,88016,Manhattan,Union Sq,true,1.0
234,pickup,2025,5,89810,Manhattan,Union Sq,true,1.0
234,pickup,2025,6,82947,Manhattan,Union Sq,true,1.0
235,dropoff,2024,2,381,Bronx,University Heights/Morris Heights,false,0.2216
235,dropoff,2024,3,453,Bronx,University Heights/Morris Heights,false,0.2216
235,dropoff,2024,4,457,Bronx,University Heights/Morris Heights,false,0.2216
235,dropoff,2024,5,464,Bronx,University Heights/Morris Heights,false,0.2216
235,dropoff,2024,6,456,Bronx,University Heights/Morris Heights,false,0.2216
235,dropoff,2025,2,371,Bronx,University Heights/Morris Heights,false,0.2216
235,dropoff,2025,3,466,Bronx,University Heights/Morris Heights,false,0.2216
235,dropoff,2025,4,474,Bronx,University Heights/Morris Heights,false,0.2216
235,dropoff,2025,5,526,Bronx,University Heights/Morris Heights,false,0.2216
235,dropoff,2025,6,501,Bronx,University Heights/Morris Heights,false,0.2216
235,pickup,2024,2,194,Bronx,University Heights/Morris Heights,false,0.2496
235,pickup,2024,3,276,Bronx,University Heights/Morris Heights,false,0.2496
235,pickup,2024,4,277,Bronx,University Heights/Morris Heights,false,0.2496
235,pickup,2024,5,277,Bronx,University Heights/Morris Heights,false,0.2496
235,pickup,2024,6,214,Bronx,University Heights/Morris Heights,false,0.2496
235,pickup,2025,2,228,Bronx,University Heights/Morris Heights,false,0.2496
235,pickup,2025,3,256,Bronx,University Heights/Morris Heights,false,0.2496
235,pickup,2025,4,295,Bronx,University Heights/Morris Heights,false,0.2496
235,pickup,2025,5,309,Bronx,University Heights/Morris Heights,false,0.2496
235,pickup,2025,6,311,Bronx,University Heights/Morris Heights,false,0.2496
236,dropoff,2024,2,133668,Manhattan,Upper East Side North,false,0.3416
236,dropoff,2024,3,138217,Manhattan,Upper East Side North,false,0.3416
236,dropoff,2024,4,144903,Manhattan,Upper East Side North,false,0.3416
236,dropoff,2024,5,158395,Manhattan,Upper East Side North,false,0.3416
236,dropoff,2024,6,136566,Manhattan,Upper East Side North,false,0.3416
236,dropoff,2025,2,134613,Manhattan,Upper East Side North,false,0.3416
236,dropoff,2025,3,142929,Manhattan,Upper East Side North,false,0.3416
236,dropoff,2025,4,152641,Manhattan,Upper East Side North,false,0.3416
236,dropoff,2025,5,158470,Manhattan,Upper East Side North,false,0.3416
236,dropoff,2025,6,134872,Manhattan,Upper East Side North,false,0.3416
236,pickup,2024,2,126426,Manhattan,Upper East Side North,false,0.2931
236,pickup,2024,3,132489,Manhattan,Upper East Side North,false,0.2931
236,pickup,2024,4,136663,Manhattan,Upper East Side North,false,0.2931
236,pickup,2024,5,151925,Manhattan,Upper East Side North,false,0.2931
236,pickup,2024,6,129243,Manhattan,Upper East Side North,false,0.2931
236,pickup,2025,2,127239,Manhattan,Upper East Side North,false,0.2931
236,pickup,2025,3,132290,Manhattan,Upper East Side North,false,0.2931
236,pickup,2025,4,142479,Manhattan,Upper East Side North,false,0.2931
236,pickup,2025,5,150023,Manhattan,Upper East Side North,false,0.2931
236,pickup,2025,6,126237,Manhattan,Upper East Side North,false,0.2931
237,dropoff,2024,2,122758,Manhattan,Upper East Side South,false,0.4321
237,dropoff,2024,3,129410,Manhattan,Upper East Side South,false,0.4321
237,dropoff,2024,4,137955,Manhattan,Upper East Side South,false,0.4321
237,dropoff,2024,5,152158,Manhattan,Upper East Side South,false,0.4321
237,dropoff,2024,6,131671,Manhattan,Upper East Side South,false,0.4321
237,dropoff,2025,2,124782,Manhattan,Upper East Side South,false,0.4321
237,dropoff,2025,3,135497,Manhattan,Upper East Side South,false,0.4321
237,dropoff,2025,4,149638,Manhattan,Upper East Side South,false,0.4321
237,dropoff,2025,5,157678,Manhattan,Upper East Side South,false,0.4321
237,dropoff,2025,6,135382,Manhattan,Upper East Side South,false,0.4321
237,pickup,2024,2,135021,Manhattan,Upper East Side South,false,0.3948
237,pickup,2024,3,145078,Manhattan,Upper East Side South,false,0.3948
237,pickup,2024,4,153035,Manhattan,Upper East Side South,false,0.3948
237,pickup,2024,5,170982,Manhattan,Upper East Side South,false,0.3948
237,pickup,2024,6,148094,Manhattan,Upper East Side South,false,0.3948
237,pickup,2025,2,140203,Manhattan,Upper East Side South,false,0.3948
237,pickup,2025,3,152459,Manhattan,Upper East Side South,false,0.3948
237,pickup,2025,4,168592,Manhattan,Upper East Side South,false,0.3948
237,pickup,2025,5,177525,Manhattan,Upper East Side South,false,0.3948
237,pickup,2025,6,152482,Manhattan,Upper East Side South,false,0.3948
238,dropoff,2024,2,66032,Manhattan,Upper West Side North,false,0.2926
238,dropoff,2024,3,70522,Manhattan,Upper West Side North,false,0.2926
238,dropoff,2024,4,71606,Manhattan,Upper West Side North,false,0.2926
238,dropoff,2024,5,74778,Manhattan,Upper West Side North,false,0.2926
238,dropoff,2024,6,66466,Manhattan,Upper West Side North,false,0.2926
238,dropoff,2025,2,65104,Manhattan,Upper West Side North,false,0.2926
238,dropoff,2025,3,69929,Manhattan,Upper West Side North,false,0.2926
238,dropoff,2025,4,70364,Manhattan,Upper West Side North,false,0.2926
238,dropoff,2025,5,71324,Manhattan,Upper West Side North,false,0.2926
238,dropoff,2025,6,61969,Manhattan,Upper West Side North,false,0.2926
238,pickup,2024,2,56325,Manhattan,Upper West Side North,false,0.2207
238,pickup,2024,3,58439,Manhattan,Upper West Side North,false,0.2207
238,pickup,2024,4,61860,Manhattan,Upper West Side North,false,0.2207
238,pickup,2024,5,64532,Manhattan,Upper West Side North,false,0.2207
238,pickup,2024,6,57870,Manhattan,Upper West Side North,false,0.2207
238,pickup,2025,2,53759,Manhattan,Upper West Side North,false,0.2207
238,pickup,2025,3,56594,Manhattan,Upper West Side North,false,0.2207
238,pickup,2025,4,58155,Manhattan,Upper West Side North,false,0.2207
238,pickup,2025,5,58720,Manhattan,Upper West Side North,false,0.2207
238,pickup,2025,6,49892,Manhattan,Upper West Side North,false,0.2207
239,dropoff,2024,2,82553,Manhattan,Upper West Side South,false,0.3631
239,dropoff,2024,3,91101,Manhattan,Upper West Side South,false,0.3631
239,dropoff,2024,4,89116,Manhattan,Upper West Side South,false,0.3631
239,dropoff,2024,5,92816,Manhattan,Upper West Side South,false,0.3631
239,dropoff,2024,6,84746,Manhattan,Upper West Side South,false,0.3631
239,dropoff,2025,2,79464,Manhattan,Upper West Side South,false,0.3631
239,dropoff,2025,3,88573,Manhattan,Upper West Side South,false,0.3631
239,dropoff,2025,4,89187,Manhattan,Upper West Side South,false,0.3631
239,dropoff,2025,5,91833,Manhattan,Upper West Side South,false,0.3631
239,dropoff,2025,6,81574,Manhattan,Upper West Side South,false,0.3631
239,pickup,2024,2,84150,Manhattan,Upper West Side South,false,0.316
239,pickup,2024,3,89549,Manhattan,Upper West Side South,false,0.316
239,pickup,2024,4,87559,Manhattan,Upper West Side South,false,0.316
239,pickup,2024,5,90135,Manhattan,Upper West Side South,false,0.316
239,pickup,2024,6,84734,Manhattan,Upper West Side South,false,0.316
239,pickup,2025,2,75438,Manhattan,Upper West Side South,false,0.316
239,pickup,2025,3,84861,Manhattan,Upper West Side South,false,0.316
239,pickup,2025,4,85202,Manhattan,Upper West Side South,false,0.316
239,pickup,2025,5,85536,Manhattan,Upper West Side South,false,0.316
239,pickup,2025,6,75582,Manhattan,Upper West Side South,false,0.316
240,dropoff,2024,2,86,Bronx,Van Cortlandt Park,false,0.2615
240,dropoff,2024,3,95,Bronx,Van Cortlandt Park,false,0.2615
240,dropoff,2024,4,85,Bronx,Van Cortlandt Park,false,0.2615
240,dropoff,2024,5,98,Bronx,Van Cortlandt Park,false,0.2615
240,dropoff,2024,6,91,Bronx,Van Cortlandt Park,false,0.2615
240,dropoff,2025,2,52,Bronx,Van Cortlandt Park,false,0.2615
240,dropoff,2025,3,88,Bronx,Van Cortlandt Park,false,0.2615
240,dropoff,2025,4,88,Bronx,Van Cortlandt Park,false,0.2615
240,dropoff,2025,5,102,Bronx,Van Cortlandt Park,false,0.2615
240,dropoff,2025,6,76,Bronx,Van Cortlandt Park,false,0.2615
240,pickup,2024,2,15,Bronx,Van Cortlandt Park,false,0.0308
240,pickup,2024,3,12,Bronx,Van Cortlandt Park,false,0.0308
240,pickup,2024,4,13,Bronx,Van Cortlandt Park,false,0.0308
240,pickup,2024,5,14,Bronx,Van Cortlandt Park,false,0.0308
240,pickup,2024,6,11,Bronx,Van Cortlandt Park,false,0.0308
240,pickup,2025,2,20,Bronx,Van Cortlandt Park,false,0.0308
240,pickup,2025,3,21,Bronx,Van Cortlandt Park,false,0.0308
240,pickup,2025,4,19,Bronx,Van Cortlandt Park,false,0.0308
240,pickup,2025,5,30,Bronx,Van Cortlandt Park,false,0.0308
240,pickup,2025,6,32,Bronx,Van Cortlandt Park,false,0.0308
241,dropoff,2024,2,411,Bronx,Van Cortlandt Village,false,0.2278
241,dropoff,2024,3,453,Bronx,Van Cortlandt Village,false,0.2278
241,dropoff,2024,4,498,Bronx,Van Cortlandt Village,false,0.2278
241,dropoff,2024,5,501,Bronx,Van Cortlandt Village,false,0.2278
241,dropoff,2024,6,459,Bronx,Van Cortlandt Village,false,0.2278
241,dropoff,2025,2,387,Bronx,Van Cortlandt Village,false,0.2278
241,dropoff,2025,3,451,Bronx,Van Cortlandt Village,false,0.2278
241,dropoff,2025,4,428,Bronx,Van Cortlandt Village,false,0.2278
241,dropoff,2025,5,454,Bronx,Van Cortlandt Village,false,0.2278
241,dropoff,2025,6,433,Bronx,Van Cortlandt Village,false,0.2278
241,pickup,2024,2,156,Bronx,Van Cortlandt Village,false,0.2527
241,pickup,2024,3,168,Bronx,Van Cortlandt Village,false,0.2527
241,pickup,2024,4,185,Bronx,Van Cortlandt Village,false,0.2527
241,pickup,2024,5,176,Bronx,Van Cortlandt Village,false,0.2527
241,pickup,2024,6,150,Bronx,Van Cortlandt Village,false,0.2527
241,pickup,2025,2,185,Bronx,Van Cortlandt Village,false,0.2527
241,pickup,2025,3,198,Bronx,Van Cortlandt Village,false,0.2527
241,pickup,2025,4,229,Bronx,Van Cortlandt Village,false,0.2527
241,pickup,2025,5,214,Bronx,Van Cortlandt Village,false,0.2527
241,pickup,2025,6,182,Bronx,Van Cortlandt Village,false,0.2527
242,dropoff,2024,2,455,Bronx,Van Nest/Morris Park,false,0.1641
242,dropoff,2024,3,494,Bronx,Van Nest/Morris Park,false,0.1641
242,dropoff,2024,4,486,Bronx,Van Nest/Morris Park,false,0.1641
242,dropoff,2024,5,517,Bronx,Van Nest/Morris Park,false,0.1641
242,dropoff,2024,6,388,Bronx,Van Nest/Morris Park,false,0.1641
242,dropoff,2025,2,365,Bronx,Van Nest/Morris Park,false,0.1641
242,dropoff,2025,3,455,Bronx,Van Nest/Morris Park,false,0.1641
242,dropoff,2025,4,538,Bronx,Van Nest/Morris Park,false,0.1641
242,dropoff,2025,5,568,Bronx,Van Nest/Morris Park,false,0.1641
242,dropoff,2025,6,568,Bronx,Van Nest/Morris Park,false,0.1641
242,pickup,2024,2,175,Bronx,Van Nest/Morris Park,false,0.1023
242,pickup,2024,3,187,Bronx,Van Nest/Morris Park,false,0.1023
242,pickup,2024,4,149,Bronx,Van Nest/Morris Park,false,0.1023
242,pickup,2024,5,169,Bronx,Van Nest/Morris Park,false,0.1023
242,pickup,2024,6,131,Bronx,Van Nest/Morris Park,false,0.1023
242,pickup,2025,2,186,Bronx,Van Nest/Morris Park,false,0.1023
242,pickup,2025,3,214,Bronx,Van Nest/Morris Park,false,0.1023
242,pickup,2025,4,235,Bronx,Van Nest/Morris Park,false,0.1023
242,pickup,2025,5,217,Bronx,Van Nest/Morris Park,false,0.1023
242,pickup,2025,6,245,Bronx,Van Nest/Morris Park,false,0.1023
243,dropoff,2024,2,4264,Manhattan,Washington Heights North,false,0.402
243,dropoff,2024,3,4958,Manhattan,Washington Heights North,false,0.402
243,dropoff,2024,4,4731,Manhattan,Washington Heights North,false,0.402
243,dropoff,2024,5,4920,Manhattan,Washington Heights North,false,0.402
243,dropoff,2024,6,4700,Manhattan,Washington Heights North,false,0.402
243,dropoff,2025,2,3876,Manhattan,Washington Heights North,false,0.402
243,dropoff,2025,3,4965,Manhattan,Washington Heights North,false,0.402
243,dropoff,2025,4,4511,Manhattan,Washington Heights North,false,0.402
243,dropoff,2025,5,4883,Manhattan,Washington Heights North,false,0.402
243,dropoff,2025,6,4686,Manhattan,Washington Heights North,false,0.402
243,pickup,2024,2,359,Manhattan,Washington Heights North,false,0.1428
243,pickup,2024,3,454,Manhattan,Washington Heights North,false,0.1428
243,pickup,2024,4,450,Manhattan,Washington Heights North,false,0.1428
243,pickup,2024,5,457,Manhattan,Washington Heights North,false,0.1428
243,pickup,2024,6,416,Manhattan,Washington Heights North,false,0.1428
243,pickup,2025,2,447,Manhattan,Washington Heights North,false,0.1428
243,pickup,2025,3,503,Manhattan,Washington Heights North,false,0.1428
243,pickup,2025,4,462,Manhattan,Washington Heights North,false,0.1428
243,pickup,2025,5,595,Manhattan,Washington Heights North,false,0.1428
243,pickup,2025,6,594,Manhattan,Washington Heights North,false,0.1428
244,dropoff,2024,2,6883,Manhattan,Washington Heights South,false,0.3445
244,dropoff,2024,3,7975,Manhattan,Washington Heights South,false,0.3445
244,dropoff,2024,4,7582,Manhattan,Washington Heights South,false,0.3445
244,dropoff,2024,5,8282,Manhattan,Washington Heights South,false,0.3445
244,dropoff,2024,6,7659,Manhattan,Washington Heights South,false,0.3445
244,dropoff,2025,2,6330,Manhattan,Washington Heights South,false,0.3445
244,dropoff,2025,3,7555,Manhattan,Washington Heights South,false,0.3445
244,dropoff,2025,4,7047,Manhattan,Washington Heights South,false,0.3445
244,dropoff,2025,5,7685,Manhattan,Washington Heights South,false,0.3445
244,dropoff,2025,6,7174,Manhattan,Washington Heights South,false,0.3445
244,pickup,2024,2,1481,Manhattan,Washington Heights South,false,0.1364
244,pickup,2024,3,1745,Manhattan,Washington Heights South,false,0.1364
244,pickup,2024,4,1697,Manhattan,Washington Heights South,false,0.1364
244,pickup,2024,5,1906,Manhattan,Washington Heights South,false,0.1364
244,pickup,2024,6,1665,Manhattan,Washington Heights South,false,0.1364
244,pickup,2025,2,1665,Manhattan,Washington Heights South,false,0.1364
244,pickup,2025,3,1886,Manhattan,Washington Heights South,false,0.1364
244,pickup,2025,4,1739,Manhattan,Washington Heights South,false,0.1364
244,pickup,2025,5,2147,Manhattan,Washington Heights South,false,0.1364
244,pickup,2025,6,1948,Manhattan,Washington Heights South,false,0.1364
245,dropoff,2024,2,27,Staten Island,West Brighton,false,0.3807
245,dropoff,2024,3,30,Staten Island,West Brighton,false,0.3807
245,dropoff,2024,4,38,Staten Island,West Brighton,false,0.3807
245,dropoff,2024,5,46,Staten Island,West Brighton,false,0.3807
245,dropoff,2024,6,35,Staten Island,West Brighton,false,0.3807
245,dropoff,2025,2,30,Staten Island,West Brighton,false,0.3807
245,dropoff,2025,3,28,Staten Island,West Brighton,false,0.3807
245,dropoff,2025,4,30,Staten Island,West Brighton,false,0.3807
245,dropoff,2025,5,48,Staten Island,West Brighton,false,0.3807
245,dropoff,2025,6,40,Staten Island,West Brighton,false,0.3807
245,pickup,2024,2,4,Staten Island,West Brighton,false,0.0
245,pickup,2024,3,3,Staten Island,West Brighton,false,0.0
245,pickup,2024,4,1,Staten Island,West Brighton,false,0.0
245,pickup,2025,2,1,Staten Island,West Brighton,false,0.0
245,pickup,2025,4,1,Staten Island,West Brighton,false,0.0
245,pickup,2025,5,1,Staten Island,West Brighton,false,0.0
246,dropoff,2024,2,52610,Manhattan,West Chelsea/Hudson Yards,true,1.0
246,dropoff,2024,3,59530,Manhattan,West Chelsea/Hudson Yards,true,1.0
246,dropoff,2024,4,57834,Manhattan,West Chelsea/Hudson Yards,true,1.0
246,dropoff,2024,5,65356,Manhattan,West Chelsea/Hudson Yards,true,1.0
246,dropoff,2024,6,62765,Manhattan,West Chelsea/Hudson Yards,true,1.0
246,dropoff,2025,2,54457,Manhattan,West Chelsea/Hudson Yards,true,1.0
246,dropoff,2025,3,62530,Manhattan,West Chelsea/Hudson Yards,true,1.0
246,dropoff,2025,4,58342,Manhattan,West Chelsea/Hudson Yards,true,1.0
246,dropoff,2025,5,63334,Manhattan,West Chelsea/Hudson Yards,true,1.0
246,dropoff,2025,6,60308,Manhattan,West Chelsea/Hudson Yards,true,1.0
246,pickup,2024,2,45317,Manhattan,West Chelsea/Hudson Yards,true,1.0
246,pickup,2024,3,52670,Manhattan,West Chelsea/Hudson Yards,true,1.0
246,pickup,2024,4,50489,Manhattan,West Chelsea/Hudson Yards,true,1.0
246,pickup,2024,5,57848,Manhattan,West Chelsea/Hudson Yards,true,1.0
246,pickup,2024,6,54851,Manhattan,West Chelsea/Hudson Yards,true,1.0
246,pickup,2025,2,47408,Manhattan,West Chelsea/Hudson Yards,true,1.0
246,pickup,2025,3,55976,Manhattan,West Chelsea/Hudson Yards,true,1.0
246,pickup,2025,4,53184,Manhattan,West Chelsea/Hudson Yards,true,1.0
246,pickup,2025,5,54946,Manhattan,West Chelsea/Hudson Yards,true,1.0
246,pickup,2025,6,53374,Manhattan,West Chelsea/Hudson Yards,true,1.0
247,dropoff,2024,2,694,Bronx,West Concourse,false,0.348
247,dropoff,2024,3,792,Bronx,West Concourse,false,0.348
247,dropoff,2024,4,1049,Bronx,West Concourse,false,0.348
247,dropoff,2024,5,1270,Bronx,West Concourse,false,0.348
247,dropoff,2024,6,1341,Bronx,West Concourse,false,0.348
247,dropoff,2025,2,647,Bronx,West Concourse,false,0.348
247,dropoff,2025,3,958,Bronx,West Concourse,false,0.348
247,dropoff,2025,4,1107,Bronx,West Concourse,false,0.348
247,dropoff,2025,5,1212,Bronx,West Concourse,false,0.348
247,dropoff,2025,6,1463,Bronx,West Concourse,false,0.348
247,pickup,2024,2,236,Bronx,West Concourse,false,0.1831
247,pickup,2024,3,295,Bronx,West Concourse,false,0.1831
247,pickup,2024,4,322,Bronx,West Concourse,false,0.1831
247,pickup,2024,5,360,Bronx,West Concourse,false,0.1831
247,pickup,2024,6,376,Bronx,West Concourse,false,0.1831
247,pickup,2025,2,282,Bronx,West Concourse,false,0.1831
247,pickup,2025,3,350,Bronx,West Concourse,false,0.1831
247,pickup,2025,4,445,Bronx,West Concourse,false,0.1831
247,pickup,2025,5,419,Bronx,West Concourse,false,0.1831
247,pickup,2025,6,491,Bronx,West Concourse,false,0.1831
248,dropoff,2024,2,212,Bronx,West Farms/Bronx River,false,0.222
248,dropoff,2024,3,255,Bronx,West Farms/Bronx River,false,0.222
248,dropoff,2024,4,276,Bronx,West Farms/Bronx River,false,0.222
248,dropoff,2024,5,265,Bronx,West Farms/Bronx River,false,0.222
248,dropoff,2024,6,303,Bronx,West Farms/Bronx River,false,0.222
248,dropoff,2025,2,189,Bronx,West Farms/Bronx River,false,0.222
248,dropoff,2025,3,200,Bronx,West Farms/Bronx River,false,0.222
248,dropoff,2025,4,242,Bronx,West Farms/Bronx River,false,0.222
248,dropoff,2025,5,246,Bronx,West Farms/Bronx River,false,0.222
248,dropoff,2025,6,241,Bronx,West Farms/Bronx River,false,0.222
248,pickup,2024,2,93,Bronx,West Farms/Bronx River,false,0.2107
248,pickup,2024,3,128,Bronx,West Farms/Bronx River,false,0.2107
248,pickup,2024,4,111,Bronx,West Farms/Bronx River,false,0.2107
248,pickup,2024,5,121,Bronx,West Farms/Bronx River,false,0.2107
248,pickup,2024,6,126,Bronx,West Farms/Bronx River,false,0.2107
248,pickup,2025,2,118,Bronx,West Farms/Bronx River,false,0.2107
248,pickup,2025,3,153,Bronx,West Farms/Bronx River,false,0.2107
248,pickup,2025,4,130,Bronx,West Farms/Bronx River,false,0.2107
248,pickup,2025,5,158,Bronx,West Farms/Bronx River,false,0.2107
248,pickup,2025,6,145,Bronx,West Farms/Bronx River,false,0.2107
249,dropoff,2024,2,50517,Manhattan,West Village,true,1.0
249,dropoff,2024,3,55273,Manhattan,West Village,true,1.0
249,dropoff,2024,4,53343,Manhattan,West Village,true,1.0
249,dropoff,2024,5,54575,Manhattan,West Village,true,1.0
249,dropoff,2024,6,53312,Manhattan,West Village,true,1.0
249,dropoff,2025,2,49857,Manhattan,West Village,true,1.0
249,dropoff,2025,3,57434,Manhattan,West Village,true,1.0
249,dropoff,2025,4,54389,Manhattan,West Village,true,1.0
249,dropoff,2025,5,57407,Manhattan,West Village,true,1.0
249,dropoff,2025,6,51370,Manhattan,West Village,true,1.0
249,pickup,2024,2,67627,Manhattan,West Village,true,1.0
249,pickup,2024,3,73621,Manhattan,West Village,true,1.0
249,pickup,2024,4,69439,Manhattan,West Village,true,1.0
249,pickup,2024,5,70567,Manhattan,West Village,true,1.0
249,pickup,2024,6,69697,Manhattan,West Village,true,1.0
249,pickup,2025,2,62177,Manhattan,West Village,true,1.0
249,pickup,2025,3,72596,Manhattan,West Village,true,1.0
249,pickup,2025,4,67550,Manhattan,West Village,true,1.0
249,pickup,2025,5,69377,Manhattan,West Village,true,1.0
249,pickup,2025,6,63069,Manhattan,West Village,true,1.0
250,dropoff,2024,2,236,Bronx,Westchester Village/Unionport,false,0.2158
250,dropoff,2024,3,293,Bronx,Westchester Village/Unionport,false,0.2158
250,dropoff,2024,4,274,Bronx,Westchester Village/Unionport,false,0.2158
250,dropoff,2024,5,305,Bronx,Westchester Village/Unionport,false,0.2158
250,dropoff,2024,6,296,Bronx,Westchester Village/Unionport,false,0.2158
250,dropoff,2025,2,242,Bronx,Westchester Village/Unionport,false,0.2158
250,dropoff,2025,3,287,Bronx,Westchester Village/Unionport,false,0.2158
250,dropoff,2025,4,333,Bronx,Westchester Village/Unionport,false,0.2158
250,dropoff,2025,5,281,Bronx,Westchester Village/Unionport,false,0.2158
250,dropoff,2025,6,311,Bronx,Westchester Village/Unionport,false,0.2158
250,pickup,2024,2,99,Bronx,Westchester Village/Unionport,false,0.2263
250,pickup,2024,3,107,Bronx,Westchester Village/Unionport,false,0.2263
250,pickup,2024,4,119,Bronx,Westchester Village/Unionport,false,0.2263
250,pickup,2024,5,116,Bronx,Westchester Village/Unionport,false,0.2263
250,pickup,2024,6,107,Bronx,Westchester Village/Unionport,false,0.2263
250,pickup,2025,2,134,Bronx,Westchester Village/Unionport,false,0.2263
250,pickup,2025,3,133,Bronx,Westchester Village/Unionport,false,0.2263
250,pickup,2025,4,164,Bronx,Westchester Village/Unionport,false,0.2263
250,pickup,2025,5,139,Bronx,Westchester Village/Unionport,false,0.2263
250,pickup,2025,6,177,Bronx,Westchester Village/Unionport,false,0.2263
251,dropoff,2024,2,47,Staten Island,Westerleigh,false,0.4203
251,dropoff,2024,3,36,Staten Island,Westerleigh,false,0.4203
251,dropoff,2024,4,32,Staten Island,Westerleigh,false,0.4203
251,dropoff,2024,5,55,Staten Island,Westerleigh,false,0.4203
251,dropoff,2024,6,37,Staten Island,Westerleigh,false,0.4203
251,dropoff,2025,2,38,Staten Island,Westerleigh,false,0.4203
251,dropoff,2025,3,40,Staten Island,Westerleigh,false,0.4203
251,dropoff,2025,4,35,Staten Island,Westerleigh,false,0.4203
251,dropoff,2025,5,48,Staten Island,Westerleigh,false,0.4203
251,dropoff,2025,6,55,Staten Island,Westerleigh,false,0.4203
251,pickup,2024,2,1,Staten Island,Westerleigh,false,0.0
251,pickup,2024,3,2,Staten Island,Westerleigh,false,0.0
251,pickup,2024,4,2,Staten Island,Westerleigh,false,0.0
251,pickup,2024,5,3,Staten Island,Westerleigh,false,0.0
251,pickup,2024,6,1,Staten Island,Westerleigh,false,0.0
251,pickup,2025,2,2,Staten Island,Westerleigh,false,0.0
251,pickup,2025,3,1,Staten Island,Westerleigh,false,0.0
251,pickup,2025,4,4,Staten Island,Westerleigh,false,0.0
251,pickup,2025,5,1,Staten Island,Westerleigh,false,0.0
251,pickup,2025,6,4,Staten Island,Westerleigh,false,0.0
252,dropoff,2024,2,526,Queens,Whitestone,false,0.0905
252,dropoff,2024,3,547,Queens,Whitestone,false,0.0905
252,dropoff,2024,4,618,Queens,Whitestone,false,0.0905
252,dropoff,2024,5,601,Queens,Whitestone,false,0.0905
252,dropoff,2024,6,525,Queens,Whitestone,false,0.0905
252,dropoff,2025,2,534,Queens,Whitestone,false,0.0905
252,dropoff,2025,3,522,Queens,Whitestone,false,0.0905
252,dropoff,2025,4,557,Queens,Whitestone,false,0.0905
252,dropoff,2025,5,587,Queens,Whitestone,false,0.0905
252,dropoff,2025,6,598,Queens,Whitestone,false,0.0905
252,pickup,2024,2,44,Queens,Whitestone,false,0.1514
252,pickup,2024,3,71,Queens,Whitestone,false,0.1514
252,pickup,2024,4,47,Queens,Whitestone,false,0.1514
252,pickup,2024,5,56,Queens,Whitestone,false,0.1514
252,pickup,2024,6,33,Queens,Whitestone,false,0.1514
252,pickup,2025,2,32,Queens,Whitestone,false,0.1514
252,pickup,2025,3,36,Queens,Whitestone,false,0.1514
252,pickup,2025,4,64,Queens,Whitestone,false,0.1514
252,pickup,2025,5,52,Queens,Whitestone,false,0.1514
252,pickup,2025,6,54,Queens,Whitestone,false,0.1514
253,dropoff,2024,2,31,Queens,Willets Point,false,0.1458
253,dropoff,2024,3,37,Queens,Willets Point,false,0.1458
253,dropoff,2024,4,34,Queens,Willets Point,false,0.1458
253,dropoff,2024,5,44,Queens,Willets Point,false,0.1458
253,dropoff,2024,6,46,Queens,Willets Point,false,0.1458
253,dropoff,2025,2,27,Queens,Willets Point,false,0.1458
253,dropoff,2025,3,38,Queens,Willets Point,false,0.1458
253,dropoff,2025,4,56,Queens,Willets Point,false,0.1458
253,dropoff,2025,5,57,Queens,Willets Point,false,0.1458
253,dropoff,2025,6,48,Queens,Willets Point,false,0.1458
253,pickup,2024,2,5,Queens,Willets Point,false,0.0943
253,pickup,2024,3,12,Queens,Willets Point,false,0.0943
253,pickup,2024,4,8,Queens,Willets Point,false,0.0943
253,pickup,2024,5,10,Queens,Willets Point,false,0.0943
253,pickup,2024,6,18,Queens,Willets Point,false,0.0943
253,pickup,2025,2,1,Queens,Willets Point,false,0.0943
253,pickup,2025,3,8,Queens,Willets Point,false,0.0943
253,pickup,2025,4,18,Queens,Willets Point,false,0.0943
253,pickup,2025,5,13,Queens,Willets Point,false,0.0943
253,pickup,2025,6,19,Queens,Willets Point,false,0.0943
254,dropoff,2024,2,395,Bronx,Williamsbridge/Olinville,false,0.194
254,dropoff,2024,3,458,Bronx,Williamsbridge/Olinville,false,0.194
254,dropoff,2024,4,461,Bronx,Williamsbridge/Olinville,false,0.194
254,dropoff,2024,5,497,Bronx,Williamsbridge/Olinville,false,0.194
254,dropoff,2024,6,426,Bronx,Williamsbridge/Olinville,false,0.194
254,dropoff,2025,2,430,Bronx,Williamsbridge/Olinville,false,0.194
254,dropoff,2025,3,484,Bronx,Williamsbridge/Olinville,false,0.194
254,dropoff,2025,4,509,Bronx,Williamsbridge/Olinville,false,0.194
254,dropoff,2025,5,488,Bronx,Williamsbridge/Olinville,false,0.194
254,dropoff,2025,6,532,Bronx,Williamsbridge/Olinville,false,0.194
254,pickup,2024,2,176,Bronx,Williamsbridge/Olinville,false,0.2492
254,pickup,2024,3,265,Bronx,Williamsbridge/Olinville,false,0.2492
254,pickup,2024,4,281,Bronx,Williamsbridge/Olinville,false,0.2492
254,pickup,2024,5,244,Bronx,Williamsbridge/Olinville,false,0.2492
254,pickup,2024,6,214,Bronx,Williamsbridge/Olinville,false,0.2492
254,pickup,2025,2,262,Bronx,Williamsbridge/Olinville,false,0.2492
254,pickup,2025,3,324,Bronx,Williamsbridge/Olinville,false,0.2492
254,pickup,2025,4,299,Bronx,Williamsbridge/Olinville,false,0.2492
254,pickup,2025,5,311,Bronx,Williamsbridge/Olinville,false,0.2492
254,pickup,2025,6,353,Bronx,Williamsbridge/Olinville,false,0.2492
255,dropoff,2024,2,6134,Brooklyn,Williamsburg (North Side),false,0.5651
255,dropoff,2024,3,7689,Brooklyn,Williamsburg (North Side),false,0.5651
255,dropoff,2024,4,7597,Brooklyn,Williamsburg (North Side),false,0.5651
255,dropoff,2024,5,7498,Brooklyn,Williamsburg (North Side),false,0.5651
255,dropoff,2024,6,8217,Brooklyn,Williamsburg (North Side),false,0.5651
255,dropoff,2025,2,6339,Brooklyn,Williamsburg (North Side),false,0.5651
255,dropoff,2025,3,7811,Brooklyn,Williamsburg (North Side),false,0.5651
255,dropoff,2025,4,7716,Brooklyn,Williamsburg (North Side),false,0.5651
255,dropoff,2025,5,8598,Brooklyn,Williamsburg (North Side),false,0.5651
255,dropoff,2025,6,7936,Brooklyn,Williamsburg (North Side),false,0.5651
255,pickup,2024,2,529,Brooklyn,Williamsburg (North Side),false,0.3076
255,pickup,2024,3,665,Brooklyn,Williamsburg (North Side),false,0.3076
255,pickup,2024,4,670,Brooklyn,Williamsburg (North Side),false,0.3076
255,pickup,2024,5,720,Brooklyn,Williamsburg (North Side),false,0.3076
255,pickup,2024,6,920,Brooklyn,Williamsburg (North Side),false,0.3076
255,pickup,2025,2,690,Brooklyn,Williamsburg (North Side),false,0.3076
255,pickup,2025,3,964,Brooklyn,Williamsburg (North Side),false,0.3076
255,pickup,2025,4,1093,Brooklyn,Williamsburg (North Side),false,0.3076
255,pickup,2025,5,1299,Brooklyn,Williamsburg (North Side),false,0.3076
255,pickup,2025,6,1206,Brooklyn,Williamsburg (North Side),false,0.3076
256,dropoff,2024,2,5706,Brooklyn,Williamsburg (South Side),false,0.6371
256,dropoff,2024,3,6473,Brooklyn,Williamsburg (South Side),false,0.6371
256,dropoff,2024,4,6266,Brooklyn,Williamsburg (South Side),false,0.6371
256,dropoff,2024,5,6674,Brooklyn,Williamsburg (South Side),false,0.6371
256,dropoff,2024,6,6621,Brooklyn,Williamsburg (South Side),false,0.6371
256,dropoff,2025,2,5349,Brooklyn,Williamsburg (South Side),false,0.6371
256,dropoff,2025,3,6826,Brooklyn,Williamsburg (South Side),false,0.6371
256,dropoff,2025,4,6396,Brooklyn,Williamsburg (South Side),false,0.6371
256,dropoff,2025,5,7548,Brooklyn,Williamsburg (South Side),false,0.6371
256,dropoff,2025,6,6893,Brooklyn,Williamsburg (South Side),false,0.6371
256,pickup,2024,2,496,Brooklyn,Williamsburg (South Side),false,0.3502
256,pickup,2024,3,601,Brooklyn,Williamsburg (South Side),false,0.3502
256,pickup,2024,4,560,Brooklyn,Williamsburg (South Side),false,0.3502
256,pickup,2024,5,659,Brooklyn,Williamsburg (South Side),false,0.3502
256,pickup,2024,6,799,Brooklyn,Williamsburg (South Side),false,0.3502
256,pickup,2025,2,504,Brooklyn,Williamsburg (South Side),false,0.3502
256,pickup,2025,3,759,Brooklyn,Williamsburg (South Side),false,0.3502
256,pickup,2025,4,792,Brooklyn,Williamsburg (South Side),false,0.3502
256,pickup,2025,5,1019,Brooklyn,Williamsburg (South Side),false,0.3502
256,pickup,2025,6,963,Brooklyn,Williamsburg (South Side),false,0.3502
257,dropoff,2024,2,1186,Brooklyn,Windsor Terrace,false,0.4637
257,dropoff,2024,3,1293,Brooklyn,Windsor Terrace,false,0.4637
257,dropoff,2024,4,1339,Brooklyn,Windsor Terrace,false,0.4637
257,dropoff,2024,5,1322,Brooklyn,Windsor Terrace,false,0.4637
257,dropoff,2024,6,1259,Brooklyn,Windsor Terrace,false,0.4637
257,dropoff,2025,2,1182,Brooklyn,Windsor Terrace,false,0.4637
257,dropoff,2025,3,1274,Brooklyn,Windsor Terrace,false,0.4637
257,dropoff,2025,4,1318,Brooklyn,Windsor Terrace,false,0.4637
257,dropoff,2025,5,1470,Brooklyn,Windsor Terrace,false,0.4637
257,dropoff,2025,6,1368,Brooklyn,Windsor Terrace,false,0.4637
257,pickup,2024,2,59,Brooklyn,Windsor Terrace,false,0.1925
257,pickup,2024,3,84,Brooklyn,Windsor Terrace,false,0.1925
257,pickup,2024,4,90,Brooklyn,Windsor Terrace,false,0.1925
257,pickup,2024,5,84,Brooklyn,Windsor Terrace,false,0.1925
257,pickup,2024,6,83,Brooklyn,Windsor Terrace,false,0.1925
257,pickup,2025,2,72,Brooklyn,Windsor Terrace,false,0.1925
257,pickup,2025,3,87,Brooklyn,Windsor Terrace,false,0.1925
257,pickup,2025,4,98,Brooklyn,Windsor Terrace,false,0.1925
257,pickup,2025,5,142,Brooklyn,Windsor Terrace,false,0.1925
257,pickup,2025,6,118,Brooklyn,Windsor Terrace,false,0.1925
258,dropoff,2024,2,613,Queens,Woodhaven,false,0.1396
258,dropoff,2024,3,660,Queens,Woodhaven,false,0.1396
258,dropoff,2024,4,707,Queens,Woodhaven,false,0.1396
258,dropoff,2024,5,706,Queens,Woodhaven,false,0.1396
258,dropoff,2024,6,687,Queens,Woodhaven,false,0.1396
258,dropoff,2025,2,549,Queens,Woodhaven,false,0.1396
258,dropoff,2025,3,565,Queens,Woodhaven,false,0.1396
258,dropoff,2025,4,611,Queens,Woodhaven,false,0.1396
258,dropoff,2025,5,702,Queens,Woodhaven,false,0.1396
258,dropoff,2025,6,685,Queens,Woodhaven,false,0.1396
258,pickup,2024,2,137,Queens,Woodhaven,false,0.2828
258,pickup,2024,3,167,Queens,Woodhaven,false,0.2828
258,pickup,2024,4,157,Queens,Woodhaven,false,0.2828
258,pickup,2024,5,144,Queens,Woodhaven,false,0.2828
258,pickup,2024,6,127,Queens,Woodhaven,false,0.2828
258,pickup,2025,2,130,Queens,Woodhaven,false,0.2828
258,pickup,2025,3,141,Queens,Woodhaven,false,0.2828
258,pickup,2025,4,198,Queens,Woodhaven,false,0.2828
258,pickup,2025,5,163,Queens,Woodhaven,false,0.2828
258,pickup,2025,6,169,Queens,Woodhaven,false,0.2828
259,dropoff,2024,2,258,Bronx,Woodlawn/Wakefield,false,0.2419
259,dropoff,2024,3,356,Bronx,Woodlawn/Wakefield,false,0.2419
259,dropoff,2024,4,341,Bronx,Woodlawn/Wakefield,false,0.2419
259,dropoff,2024,5,355,Bronx,Woodlawn/Wakefield,false,0.2419
259,dropoff,2024,6,364,Bronx,Woodlawn/Wakefield,false,0.2419
259,dropoff,2025,2,258,Bronx,Woodlawn/Wakefield,false,0.2419
259,dropoff,2025,3,335,Bronx,Woodlawn/Wakefield,false,0.2419
259,dropoff,2025,4,306,Bronx,Woodlawn/Wakefield,false,0.2419
259,dropoff,2025,5,364,Bronx,Woodlawn/Wakefield,false,0.2419
259,dropoff,2025,6,354,Bronx,Woodlawn/Wakefield,false,0.2419
259,pickup,2024,2,98,Bronx,Woodlawn/Wakefield,false,0.2662
259,pickup,2024,3,119,Bronx,Woodlawn/Wakefield,false,0.2662
259,pickup,2024,4,130,Bronx,Woodlawn/Wakefield,false,0.2662
259,pickup,2024,5,127,Bronx,Woodlawn/Wakefield,false,0.2662
259,pickup,2024,6,112,Bronx,Woodlawn/Wakefield,false,0.2662
259,pickup,2025,2,131,Bronx,Woodlawn/Wakefield,false,0.2662
259,pickup,2025,3,161,Bronx,Woodlawn/Wakefield,false,0.2662
259,pickup,2025,4,161,Bronx,Woodlawn/Wakefield,false,0.2662
259,pickup,2025,5,137,Bronx,Woodlawn/Wakefield,false,0.2662
259,pickup,2025,6,191,Bronx,Woodlawn/Wakefield,false,0.2662
260,dropoff,2024,2,1850,Queens,Woodside,false,0.3077
260,dropoff,2024,3,2159,Queens,Woodside,false,0.3077
260,dropoff,2024,4,2081,Queens,Woodside,false,0.3077
260,dropoff,2024,5,2172,Queens,Woodside,false,0.3077
260,dropoff,2024,6,2050,Queens,Woodside,false,0.3077
260,dropoff,2025,2,1663,Queens,Woodside,false,0.3077
260,dropoff,2025,3,2003,Queens,Woodside,false,0.3077
260,dropoff,2025,4,1851,Queens,Woodside,false,0.3077
260,dropoff,2025,5,2051,Queens,Woodside,false,0.3077
260,dropoff,2025,6,1925,Queens,Woodside,false,0.3077
260,pickup,2024,2,615,Queens,Woodside,false,0.204
260,pickup,2024,3,675,Queens,Woodside,false,0.204
260,pickup,2024,4,645,Queens,Woodside,false,0.204
260,pickup,2024,5,739,Queens,Woodside,false,0.204
260,pickup,2024,6,693,Queens,Woodside,false,0.204
260,pickup,2025,2,572,Queens,Woodside,false,0.204
260,pickup,2025,3,718,Queens,Woodside,false,0.204
260,pickup,2025,4,718,Queens,Woodside,false,0.204
260,pickup,2025,5,806,Queens,Woodside,false,0.204
260,pickup,2025,6,846,Queens,Woodside,false,0.204
261,dropoff,2024,2,12018,Manhattan,World Trade Center,true,1.0
261,dropoff,2024,3,14661,Manhattan,World Trade Center,true,1.0
261,dropoff,2024,4,14606,Manhattan,World Trade Center,true,1.0
261,dropoff,2024,5,15509,Manhattan,World Trade Center,true,1.0
261,dropoff,2024,6,15208,Manhattan,World Trade Center,true,1.0
261,dropoff,2025,2,11217,Manhattan,World Trade Center,true,1.0
261,dropoff,2025,3,14889,Manhattan,World Trade Center,true,1.0
261,dropoff,2025,4,15362,Manhattan,World Trade Center,true,1.0
261,dropoff,2025,5,15721,Manhattan,World Trade Center,true,1.0
261,dropoff,2025,6,14618,Manhattan,World Trade Center,true,1.0
261,pickup,2024,2,12440,Manhattan,World Trade Center,true,1.0
261,pickup,2024,3,15781,Manhattan,World Trade Center,true,1.0
261,pickup,2024,4,15125,Manhattan,World Trade Center,true,1.0
261,pickup,2024,5,16787,Manhattan,World Trade Center,true,1.0
261,pickup,2024,6,16923,Manhattan,World Trade Center,true,1.0
261,pickup,2025,2,11267,Manhattan,World Trade Center,true,1.0
261,pickup,2025,3,15428,Manhattan,World Trade Center,true,1.0
261,pickup,2025,4,16827,Manhattan,World Trade Center,true,1.0
261,pickup,2025,5,16663,Manhattan,World Trade Center,true,1.0
261,pickup,2025,6,15493,Manhattan,World Trade Center,true,1.0
262,dropoff,2024,2,44149,Manhattan,Yorkville East,false,0.3776
262,dropoff,2024,3,47187,Manhattan,Yorkville East,false,0.3776
262,dropoff,2024,4,47494,Manhattan,Yorkville East,false,0.3776
262,dropoff,2024,5,50178,Manhattan,Yorkville East,false,0.3776
262,dropoff,2024,6,46106,Manhattan,Yorkville East,false,0.3776
262,dropoff,2025,2,44271,Manhattan,Yorkville East,false,0.3776
262,dropoff,2025,3,47772,Manhattan,Yorkville East,false,0.3776
262,dropoff,2025,4,48233,Manhattan,Yorkville East,false,0.3776
262,dropoff,2025,5,49402,Manhattan,Yorkville East,false,0.3776
262,dropoff,2025,6,44578,Manhattan,Yorkville East,false,0.3776
262,pickup,2024,2,37314,Manhattan,Yorkville East,false,0.306
262,pickup,2024,3,39593,Manhattan,Yorkville East,false,0.306
262,pickup,2024,4,39541,Manhattan,Yorkville East,false,0.306
262,pickup,2024,5,42503,Manhattan,Yorkville East,false,0.306
262,pickup,2024,6,39102,Manhattan,Yorkville East,false,0.306
262,pickup,2025,2,36243,Manhattan,Yorkville East,false,0.306
262,pickup,2025,3,38886,Manhattan,Yorkville East,false,0.306
262,pickup,2025,4,40880,Manhattan,Yorkville East,false,0.306
262,pickup,2025,5,40851,Manhattan,Yorkville East,false,0.306
262,pickup,2025,6,35701,Manhattan,Yorkville East,false,0.306
263,dropoff,2024,2,60353,Manhattan,Yorkville West,false,0.3904
263,dropoff,2024,3,65589,Manhattan,Yorkville West,false,0.3904
263,dropoff,2024,4,62778,Manhattan,Yorkville West,false,0.3904
263,dropoff,2024,5,66037,Manhattan,Yorkville West,false,0.3904
263,dropoff,2024,6,62695,Manhattan,Yorkville West,false,0.3904
263,dropoff,2025,2,59061,Manhattan,Yorkville West,false,0.3904
263,dropoff,2025,3,65810,Manhattan,Yorkville West,false,0.3904
263,dropoff,2025,4,62571,Manhattan,Yorkville West,false,0.3904
263,dropoff,2025,5,66048,Manhattan,Yorkville West,false,0.3904
263,dropoff,2025,6,60363,Manhattan,Yorkville West,false,0.3904
263,pickup,2024,2,54749,Manhattan,Yorkville West,false,0.2768
263,pickup,2024,3,58803,Manhattan,Yorkville West,false,0.2768
263,pickup,2024,4,55723,Manhattan,Yorkville West,false,0.2768
263,pickup,2024,5,58916,Manhattan,Yorkville West,false,0.2768
263,pickup,2024,6,56075,Manhattan,Yorkville West,false,0.2768
263,pickup,2025,2,52160,Manhattan,Yorkville West,false,0.2768
263,pickup,2025,3,57667,Manhattan,Yorkville West,false,0.2768
263,pickup,2025,4,55715,Manhattan,Yorkville West,false,0.2768
263,pickup,2025,5,58586,Manhattan,Yorkville West,false,0.2768
263,pickup,2025,6,52105,Manhattan,Yorkville West,false,0.2768
264,dropoff,2024,2,13706,Unknown,N/A,false,0.3463
264,dropoff,2024,3,16271,Unknown,N/A,false,0.3463
264,dropoff,2024,4,15526,Unknown,N/A,false,0.3463
264,dropoff,2024,5,16252,Unknown,N/A,false,0.3463
264,dropoff,2024,6,15846,Unknown,N/A,false,0.3463
264,dropoff,2025,2,9280,Unknown,N/A,false,0.3463
264,dropoff,2025,3,8935,Unknown,N/A,false,0.3463
264,dropoff,2025,4,8179,Unknown,N/A,false,0.3463
264,dropoff,2025,5,8514,Unknown,N/A,false,0.3463
264,dropoff,2025,6,8130,Unknown,N/A,false,0.3463
264,pickup,2024,2,9319,Unknown,N/A,false,0.2127
264,pickup,2024,3,11113,Unknown,N/A,false,0.2127
264,pickup,2024,4,10451,Unknown,N/A,false,0.2127
264,pickup,2024,5,11217,Unknown,N/A,false,0.2127
264,pickup,2024,6,11116,Unknown,N/A,false,0.2127
264,pickup,2025,2,7103,Unknown,N/A,false,0.2127
264,pickup,2025,3,7220,Unknown,N/A,false,0.2127
264,pickup,2025,4,6944,Unknown,N/A,false,0.2127
264,pickup,2025,5,7102,Unknown,N/A,false,0.2127
264,pickup,2025,6,6235,Unknown,N/A,false,0.2127
265,dropoff,2024,2,10586,N/A,Outside of NYC,false,0.2301
265,dropoff,2024,3,12595,N/A,Outside of NYC,false,0.2301
265,dropoff,2024,4,13102,N/A,Outside of NYC,false,0.2301
265,dropoff,2024,5,14644,N/A,Outside of NYC,false,0.2301
265,dropoff,2024,6,15017,N/A,Outside of NYC,false,0.2301
265,dropoff,2025,2,10210,N/A,Outside of NYC,false,0.2301
265,dropoff,2025,3,12608,N/A,Outside of NYC,false,0.2301
265,dropoff,2025,4,13724,N/A,Outside of NYC,false,0.2301
265,dropoff,2025,5,17123,N/A,Outside of NYC,false,0.2301
265,dropoff,2025,6,16405,N/A,Outside of NYC,false,0.2301
265,pickup,2024,2,1341,N/A,Outside of NYC,false,0.029
265,pickup,2024,3,1485,N/A,Outside of NYC,false,0.029
265,pickup,2024,4,1542,N/A,Outside of NYC,false,0.029
265,pickup,2024,5,1817,N/A,Outside of NYC,false,0.029
265,pickup,2024,6,1852,N/A,Outside of NYC,false,0.029
265,pickup,2025,2,1057,N/A,Outside of NYC,false,0.029
265,pickup,2025,3,1400,N/A,Outside of NYC,false,0.029
265,pickup,2025,4,1476,N/A,Outside of NYC,false,0.029
265,pickup,2025,5,1911,N/A,Outside of NYC,false,0.029
265,pickup,2025,6,1788,N/A,Outside of NYC,false,0.029
