location_id,direction,Borough,zone_name,service_zone,DS_z,DS_z_median,pct_volume_change,delta_volume,n_trips_2024,n_trips_2025,low_n_flag,avg_base_fare_2024,avg_total_cost_2024,avg_trip_distance_2024,avg_trip_duration_2024,log_n_trips_2024,burden_rank,DS_z_quartile
4,dropoff,Manhattan,Alphabet City,Yellow Zone,0.0638062691634129,0.059311981020166,-0.1082116210383661,-29384.0,271542.0,242158,False,21.966908360401025,27.556651052158145,4.07955599502097,1107.278612516664,12.511872102524512,1,Q4 highest
224,dropoff,Manhattan,Stuy Town/Peter Cooper Village,Yellow Zone,0.0630631724424736,0.0594294770206022,-0.1261476469896645,-23605.0,187122.0,163517,False,22.376200927736235,28.59200147498839,4.071357905537604,1091.2019751819669,12.139516089529286,2,Q4 highest
79,dropoff,Manhattan,East Village,Yellow Zone,0.0625063970858988,0.0578034682080924,-0.1147275144471486,-128409.0,1119252.0,990843,False,22.375259637686135,28.19432434338964,3.41677322175892,1065.090217395189,13.928171163012493,3,Q4 highest
249,dropoff,Manhattan,West Village,Yellow Zone,0.0619428471480524,0.0588466065123577,-0.0935307730373273,-77115.0,824488.0,747373,False,22.918723462319104,28.768583278355727,3.0163429582965735,1032.1543745936872,13.622517866600559,4,Q4 highest
114,dropoff,Manhattan,Greenwich Village South,Yellow Zone,0.061734326809369,0.0576258163657318,-0.1017251827797459,-59926.0,589097.0,529171,False,22.921415912829893,28.66002945188252,2.964046301373174,1060.4520206349719,13.286346134982807,5,Q4 highest
137,dropoff,Manhattan,Kips Bay,Yellow Zone,0.0615012214155167,0.0568828213879408,-0.0776772820551797,-42924.0,552594.0,509670,False,22.58386545999566,29.258532285941033,4.215614364252961,1127.4735773461166,13.222378833649206,6,Q4 highest
232,dropoff,Manhattan,Two Bridges/Seward Park,Yellow Zone,0.0613947558487216,0.0566251415628539,-0.0992501124831275,-39706.0,400060.0,360354,False,23.618796680498104,29.383761585786203,4.393593106034114,1180.4248962655602,12.899369814841243,7,Q4 highest
113,dropoff,Manhattan,Greenwich Village North,Yellow Zone,0.0613567843719461,0.0570559147965005,-0.0975429054078653,-53585.0,549348.0,495763,False,23.39564256172883,29.474116225079744,3.201123076810973,1078.4373912347,13.216487399456158,8,Q4 highest
107,dropoff,Manhattan,Gramercy,Yellow Zone,0.0609879763960402,0.0566251415628539,-0.1030045896569157,-72737.0,706153.0,633416,False,23.069003034754896,29.534537373640358,3.6201235185577283,1073.8777007249137,13.467587206877338,9,Q4 highest
45,dropoff,Manhattan,Chinatown,Yellow Zone,0.0604901079457222,0.055045871559633,-0.0411795474765176,-9211.0,223679.0,214468,False,24.59164087822326,30.50534529394387,4.221729786882071,1232.7849284018616,12.3179672673452,10,Q4 highest
90,dropoff,Manhattan,Flatiron,Yellow Zone,0.0601943860856033,0.0564971751412429,-0.0646464989802855,-38038.0,588400.0,550362,False,24.448314615908952,31.093997909606617,3.5711561267845284,1095.6813783140722,13.285162267709419,11,Q4 highest
229,dropoff,Manhattan,Sutton Place/Turtle Bay North,Yellow Zone,0.0601614875511849,0.0557413600891861,-0.1029801096893662,-49439.0,480083.0,430644,False,24.167522699201104,30.53435957951782,3.849401528485741,1087.314237329795,13.081714284602377,12,Q4 highest
50,dropoff,Manhattan,Clinton West,Yellow Zone,0.0599829042740042,0.0546846518410499,-0.1126364582502673,-55087.0,489069.0,433982,False,25.27116879213496,31.63419820109837,4.113470966264539,1254.4607529816856,13.100258862797213,13,Q4 highest
170,dropoff,Manhattan,Murray Hill,Yellow Zone,0.0590693420393768,0.0555761393108558,-0.0722541499041807,-66471.0,919961.0,853490,False,23.928157791471843,30.6772762323564,3.5678305417296494,1119.6650151473812,13.732086556822338,14,Q4 highest
148,dropoff,Manhattan,Lower East Side,Yellow Zone,0.0588256561175538,0.0543872371283538,-0.0692692629099491,-56698.0,818516.0,761818,False,24.627594671332847,30.46328834133863,3.7983935048306092,1181.6999166784767,13.615248223555842,15,Q4 highest
233,dropoff,Manhattan,UN/Turtle Bay South,Yellow Zone,0.0583577145721221,0.0545652964714441,-0.0967260461764577,-50872.0,525939.0,475067,False,24.412007190949044,31.349708464319544,3.960506524520892,1100.9075158906262,13.172940515413107,16,Q4 highest
105,dropoff,Manhattan,Governor's Island/Ellis Island/Liberty Island,Yellow Zone,0.0582822670887468,0.0467752792212163,0.1428571428571428,5.0,35.0,40,True,33.378285714285724,42.84085714285713,7.709142857142857,1550.7428571428572,3.5553480614894135,17,Q4 highest
234,dropoff,Manhattan,Union Sq,Yellow Zone,0.0580386280993622,0.053821313240043,-0.0157942218972734,-14776.0,935532.0,920756,False,24.393641617817714,30.811433473143577,3.2503782703317863,1102.3998847714456,13.748870630418047,18,Q4 highest
158,dropoff,Manhattan,Meatpacking/West Village West,Yellow Zone,0.057940637871772,0.0544464609800363,-0.0593918520868265,-32765.0,551675.0,518910,False,24.81751746952636,30.926665718066523,3.269876369239151,1077.1033325780577,13.22071438375128,19,Q4 highest
246,dropoff,Manhattan,West Chelsea/Hudson Yards,Yellow Zone,0.0578469997543349,0.0532292405961674,-0.0914667362734639,-96714.0,1057368.0,960654,False,24.8339983619701,31.058303268104215,3.4803635262272805,1124.8862931354079,13.871293359416534,20,Q4 highest
144,dropoff,Manhattan,Little Italy/NoLiTa,Yellow Zone,0.0571805306460744,0.0527611677805135,-0.0876829524687464,-54217.0,618330.0,564113,False,25.361817524623554,31.297268837046193,3.3232572299582235,1168.1357042356024,13.334777574505452,21,Q4 highest
48,dropoff,Manhattan,Clinton East,Yellow Zone,0.057177333308894,0.0516173434273916,-0.0748900798532999,-60688.0,810361.0,749673,False,26.922075050502688,33.89909687163313,4.336246201384314,1333.931205968698,13.605235106375575,22,Q4 highest
186,dropoff,Manhattan,Penn Station/Madison Sq West,Yellow Zone,0.0571621134290042,0.0535714285714285,-0.1039321707898688,-84728.0,815224.0,730496,False,25.47289687251595,32.21791053747353,3.597064036387479,1230.2775347634515,13.611218201085352,23,Q4 highest
211,dropoff,Manhattan,SoHo,Yellow Zone,0.0567496318333793,0.0524658971668415,-0.0560761421607206,-29712.0,529851.0,500139,False,25.880174520761884,31.94504749450927,3.2286976848207676,1153.241769856054,13.180351113927802,24,Q4 highest
125,dropoff,Manhattan,Hudson Sq,Yellow Zone,0.0565402659556354,0.0514756348661633,0.0012570058638674,388.0,308670.0,309058,False,26.826646742475468,33.24024595848766,3.7683966469044528,1172.4376777788577,12.640028024037965,25,Q4 highest
68,dropoff,Manhattan,East Chelsea,Yellow Zone,0.0561126871854326,0.0512295081967213,-0.0614911620548142,-67082.0,1090921.0,1023839,False,26.314214228159845,33.151912090779426,3.840402897185138,1222.0462581616816,13.902532851560984,26,Q4 highest
141,dropoff,Manhattan,Lenox Hill West,Yellow Zone,0.0561076390353599,0.0517955801104972,-0.0591083170749331,-33538.0,567399.0,533861,False,24.895031186168566,31.160995014116285,4.013406137480207,1141.576518464079,13.248818038930239,27,Q4 highest
143,dropoff,Manhattan,Lincoln Square West,Yellow Zone,0.0560847738886002,0.0508819538670284,-0.0579171455372613,-23030.0,397637.0,374607,False,25.6535219056592,31.918812459630487,4.113041706380419,1209.8386317168674,12.893294807784997,28,Q4 highest
140,dropoff,Manhattan,Lenox Hill East,Yellow Zone,0.055671005123427,0.0519390581717451,-0.0340736028059256,-20673.0,606716.0,586043,False,25.90037322239698,32.41022420705659,4.671505796781373,1281.4144838771354,13.315816085760002,29,Q4 highest
231,dropoff,Manhattan,TriBeCa/Civic Center,Yellow Zone,0.0555660014670033,0.0501672240802675,-0.0553650987102294,-54877.0,991184.0,936307,False,27.655296594779582,34.10881693004482,4.000411780254811,1187.1021545949088,13.806655467116745,30,Q4 highest
142,dropoff,Manhattan,Lincoln Square East,Yellow Zone,0.0548811695965977,0.0491480996068152,-0.0901498596245883,-59693.0,662153.0,602460,False,26.417149903422718,32.767216640269694,3.934300386768627,1219.6600604392036,13.403251926040308,31,Q4 highest
162,dropoff,Manhattan,Midtown East,Yellow Zone,0.0543086846070669,0.049800796812749,-0.0536208871681095,-44373.0,827532.0,783159,False,26.972293288962497,34.08055276411969,3.9307187915392388,1192.654622419435,13.626203056180527,32,Q4 highest
164,dropoff,Manhattan,Midtown South,Yellow Zone,0.0540010408590319,0.0500667556742323,-0.0800208331942228,-71904.0,898566.0,826662,False,26.996153426681722,34.40760682019184,3.8444947594276466,1229.4659735623204,13.708555438267608,33,Q4 highest
209,dropoff,Manhattan,Seaport,Yellow Zone,0.0535083568772407,0.0477251034043907,-0.1075210129898482,-22655.0,210703.0,188048,False,28.670316511867977,35.44829608502701,4.893205644912442,1252.0752053838817,12.258204837944358,34,Q4 highest
100,dropoff,Manhattan,Garment District,Yellow Zone,0.0524160349947349,0.0474833808167141,-0.0612547630547952,-28534.0,465825.0,437291,False,28.92137611764141,36.57198673324222,4.213460754575163,1404.31601781785,13.051565306095613,35,Q4 highest
161,dropoff,Manhattan,Midtown Center,Yellow Zone,0.0522463375745562,0.0480153649167733,-0.0271002378320562,-28783.0,1062094.0,1033311,False,28.652424342854633,35.701608388702546,3.646952128531035,1277.6212811672037,13.875752989108099,36,Q4 highest
13,dropoff,Manhattan,Battery Park City,Yellow Zone,0.0521068502690648,0.0469189865498905,-0.0635242842351128,-26381.0,415290.0,388909,False,29.024393893424826,35.85267824896005,4.74539337330543,1222.6670423077849,12.93673235034989,37,Q4 highest
237,dropoff,Manhattan,Upper East Side South,Yellow Zone,0.0518685477288559,0.0470366886171213,-0.0008932559178204,-706.0,790367.0,789661,False,26.741020753649796,33.03020161519989,3.3703090134076987,1156.166984451527,13.580252673532051,38,Q4 highest
163,dropoff,Manhattan,Midtown North,Yellow Zone,0.0518353316826085,0.046816479400749,-0.0365721348239201,-26158.0,715244.0,689086,False,30.337835242238963,37.3802898451436,3.7987498601876,1295.9745583325412,13.480379022201884,39,Q4 highest
87,dropoff,Manhattan,Financial District North,Yellow Zone,0.0506813587051347,0.0456482045039561,-0.0381041342328316,-22028.0,578100.0,556072,False,29.634091679641383,36.719250354615305,5.286982413077288,1300.0792060197198,13.267502143070567,40,Q4 highest
65,dropoff,Brooklyn,Downtown Brooklyn/MetroTech,Boro Zone,0.0505534612828059,0.0481077613855035,-0.0143640043879176,-6259.0,435742.0,429483,False,26.48682277586346,30.625977321467804,4.780946245714559,1364.5363127722367,12.984805604062847,41,Q4 highest
146,dropoff,Queens,Long Island City/Queens Plaza,Boro Zone,0.0493939036277992,0.047066206463759,0.03394375434144,8747.0,257691.0,266438,False,22.834766367471566,27.051350765082503,4.377688491255019,1181.4201660127828,12.45951647169997,42,Q4 highest
239,dropoff,Manhattan,Upper West Side South,Yellow Zone,0.0493426251532006,0.0451263537906137,-0.0791315407347454,-46539.0,588122.0,541583,False,25.491172409807625,31.856125089711558,4.152370848225387,1170.1387909311334,13.284689688352342,43,Q4 highest
230,dropoff,Manhattan,Times Sq/Theatre District,Yellow Zone,0.0493258855364468,0.0442608439067571,-0.0578611066274079,-62373.0,1077978.0,1015605,False,32.27589174361529,40.32524239825686,4.496662124830065,1478.8323611428063,13.890597622079564,44,Q4 highest
261,dropoff,Manhattan,World Trade Center,Yellow Zone,0.048791522256046,0.0429922613929492,-0.0366108786610879,-13370.0,365192.0,351822,False,31.167262234661052,38.576532481568215,5.518343750684504,1344.1398469846,12.808178521657977,45,Q4 highest
43,dropoff,Manhattan,Central Park,Yellow Zone,0.0486388762162999,0.0454545454545454,-0.0353782568947127,-7430.0,210016.0,202586,False,27.951986801006946,34.27717697700879,3.73046551691301,1254.5504342526283,12.254938997273449,46,Q4 highest
12,dropoff,Manhattan,Battery Park,Yellow Zone,0.0481979075146146,0.0415973377703826,-0.087352684417285,-1601.0,18328.0,16727,False,29.521684308162484,36.29934744652912,4.661432835006553,1333.3425360104757,9.816185224133331,47,Q4 highest
88,dropoff,Manhattan,Financial District South,Yellow Zone,0.0481973244957195,0.0429553264604811,-0.0762100293352096,-19822.0,260097.0,240275,False,30.96343487237528,38.17213035907867,5.659195307904336,1302.7924581982875,12.468809917344851,48,Q4 highest
263,dropoff,Manhattan,Yorkville West,Yellow Zone,0.0481915825205909,0.0456760048721071,-0.0496213922889661,-24725.0,498273.0,473548,False,25.04650721592497,31.61370812790391,4.538527411679921,1144.8051891232317,13.118903398575108,49,Q4 highest
256,dropoff,Brooklyn,Williamsburg (South Side),Boro Zone,0.0477814402932644,0.0447894893998208,0.0106919580755473,8570.0,801537.0,810107,False,22.775188194679323,26.531320700113817,3.856458369357888,1150.7011741192234,13.594286413409788,50,Q4 highest
262,dropoff,Manhattan,Yorkville East,Yellow Zone,0.0477321310946887,0.045358330813426,-0.0734879458621176,-22935.0,312092.0,289157,False,25.858734892275997,32.62761919564528,4.692717173141049,1190.1044147238636,12.651053295120349,51,Q4 highest
66,dropoff,Brooklyn,DUMBO/Vinegar Hill,Boro Zone,0.0476401179786641,0.0454959053685168,0.0222137663030288,7414.0,333757.0,341171,False,27.439608128069484,31.900634952996555,4.463314705010035,1319.3284125876012,12.71816846225942,52,Q4 highest
145,dropoff,Queens,Long Island City/Hunters Point,Boro Zone,0.0475324734862457,0.04516711833785,0.0393429581797728,31652.0,804515.0,836167,False,22.739035568013577,27.58949855503229,4.288621394256181,1138.2111234719055,13.59799489036195,53,Q4 highest
217,dropoff,Brooklyn,South Williamsburg,Boro Zone,0.0466537083806168,0.0433714046942695,0.038364490386695,6918.0,180323.0,187241,False,16.81423589891515,19.145617087123405,2.5854808094363917,919.4665239597833,12.102504966224826,54,Q4 highest
193,dropoff,Queens,Queensbridge/Ravenswood,Boro Zone,0.0465406278105494,0.0447894893998208,0.1310348239018599,18543.0,141512.0,160055,False,20.865187404601482,24.546804511286226,4.161004649782368,1102.909809768783,11.860139798123344,55,Q4 highest
226,dropoff,Queens,Sunnyside,Boro Zone,0.0463133419636698,0.0446694460988683,0.0430243134251242,26064.0,605797.0,631861,False,20.39268482676468,23.86147605554328,4.131567888253114,1053.599960052625,13.314300225433596,56,Q4 highest
75,dropoff,Manhattan,East Harlem South,Boro Zone,0.0459901799330601,0.0448564593301435,-0.06944748219545,-46358.0,667526.0,621168,False,22.460758352484095,27.25571393475929,4.578009303008475,1150.2554267549128,13.41133361980882,57,Q4 highest
238,dropoff,Manhattan,Upper West Side North,Yellow Zone,0.0453968371792933,0.0426015336552115,-0.0785228741815755,-37658.0,479580.0,441922,False,24.74786723800125,30.962876642092407,4.425250202260261,1154.1687914425122,13.08066599984812,58,Q4 highest
97,dropoff,Brooklyn,Fort Greene,Boro Zone,0.0450768936515636,0.0437317784256559,-0.0315810526282636,-20054.0,635001.0,614947,False,23.086411328485873,26.46566751866474,3.9109967826823424,1247.3099491181904,13.361381852676738,59,Q4 highest
151,dropoff,Manhattan,Manhattan Valley,Yellow Zone,0.045037858895449,0.0427350427350427,-0.082994631124737,-22523.0,271379.0,248856,False,23.35920222272205,28.472773759228637,4.5913078167432575,1148.596026221631,12.51127164682323,60,Q4 highest
33,dropoff,Brooklyn,Brooklyn Heights,Boro Zone,0.0449668321657391,0.0429184549356223,-1.702721800800333e-05,-8.0,469836.0,469828,False,27.402006338382254,31.723347593656808,4.559528590827458,1310.0386283724533,13.060138976623637,61,Q4 highest
236,dropoff,Manhattan,Upper East Side North,Yellow Zone,0.0442818103954567,0.0416088765603328,-0.0662738797133405,-48301.0,728809.0,680508,False,25.983231628590076,32.37883033826945,3.8006297493583707,1133.991379085604,13.499166973918596,62,Q4 highest
80,dropoff,Brooklyn,East Williamsburg,Boro Zone,0.0441189287081924,0.0416666666666666,-0.0354332001394241,-28057.0,791828.0,763771,False,21.518615608440367,25.16561952849556,3.9040961648237014,1105.3699603954394,13.5820994754942,63,Q4 highest
7,dropoff,Queens,Astoria,Boro Zone,0.0439664798177215,0.0424448217317487,-0.0095218314313327,-9123.0,958114.0,948991,False,20.11805446950851,23.72289680560066,4.121674695286567,1029.719994697917,13.772722047785624,64,Q4 highest
74,dropoff,Manhattan,East Harlem North,Boro Zone,0.0435104279135303,0.0424688561721404,-0.0341529655696054,-23390.0,684860.0,661470,False,19.328437038227367,23.13463493271847,4.028787874894173,994.6485982536577,13.43696971679397,65,Q4 highest
24,dropoff,Manhattan,Bloomingdale,Yellow Zone,0.0432259334732835,0.0414135836554389,-0.0724322703938247,-9665.0,133435.0,123770,False,22.572224528796596,27.28285682168172,4.391520230823931,1124.0189155768726,11.801369746866573,66,Q4 highest
25,dropoff,Brooklyn,Boerum Hill,Boro Zone,0.0427714994666325,0.0412654745529573,-8.672421886934956e-05,-46.0,530417.0,530371,False,25.8971823301282,29.789658796789144,4.474423546002639,1318.3177085199004,13.18141876862221,67,Q3
152,dropoff,Manhattan,Manhattanville,Boro Zone,0.0425606232015161,0.0407719488991573,-0.0449707859521266,-10737.0,238755.0,228018,False,20.546168247786728,24.223125547125587,4.213465083453713,1051.242541517455,12.383193200532064,68,Q3
112,dropoff,Brooklyn,Greenpoint,Boro Zone,0.042103575066701,0.040983606557377,0.0287175250866105,26907.0,936954.0,963861,False,22.19823783237786,26.40093863732272,3.9427672948727173,1108.2668306021426,13.750389467165945,69,Q3
260,dropoff,Queens,Woodside,Boro Zone,0.0416748152776657,0.0405186385737439,0.0268196947090555,11684.0,435650.0,447334,False,17.837809089866802,20.792415907290145,3.6243435831514903,892.5721680247906,12.984594447659433,70,Q3
34,dropoff,Brooklyn,Brooklyn Navy Yard,Boro Zone,0.0413717019280959,0.0386498325173924,-0.135121353360589,-15104.0,111781.0,96677,False,23.679111745287845,27.22312074503288,4.084158712124617,1263.496247126077,11.624296878927884,71,Q3
179,dropoff,Queens,Old Astoria,Boro Zone,0.0413106870709223,0.0401713979646491,0.0221874127099752,8102.0,365162.0,373264,False,20.94855888619433,24.919984390514063,4.478939506301357,1061.2494098509703,12.808096369715173,72,Q3
255,dropoff,Brooklyn,Williamsburg (North Side),Boro Zone,0.0407960674892626,0.0386100386100386,-0.0220568238595277,-20925.0,948686.0,927761,False,24.558072924020667,28.792088594109174,4.108291570656826,1228.4523836127023,13.762833148236139,73,Q3
49,dropoff,Brooklyn,Clinton Hill,Boro Zone,0.0406432786932805,0.0395152792413066,-0.0099907834101382,-6233.0,623875.0,617642,False,21.978672474454473,25.311621927502113,3.7338637852134173,1172.836409537167,13.343705306771911,74,Q3
202,dropoff,Manhattan,Roosevelt Island,Boro Zone,0.0405196782007009,0.0394788794835205,-0.08934266209121,-7368.0,82469.0,75101,False,27.52982126617251,32.841526027963674,5.5005884635438855,1455.9020359165263,11.320177744132447,75,Q3
166,dropoff,Manhattan,Morningside Heights,Boro Zone,0.0401971075407462,0.0384122919334187,-0.0295313329111107,-13802.0,467368.0,453566,False,22.320123157769107,26.709338914972893,4.255275119391845,1089.815614248301,13.054872234900605,76,Q3
52,dropoff,Brooklyn,Cobble Hill,Boro Zone,0.0401841854798555,0.0389711613406079,0.0109558887002561,1523.0,139012.0,140535,False,26.122371090266604,30.337105070077083,4.552551988317614,1242.0310620665841,11.84231553932178,77,Q3
168,dropoff,Bronx,Mott Haven/Port Morris,Boro Zone,0.0399052749464829,0.0389711613406079,0.0750854628642732,46213.0,615472.0,661685,False,19.39318417409692,22.556574141499272,4.152334450632971,1022.127102451452,13.330144732101529,78,Q3
54,dropoff,Brooklyn,Columbia Street,Boro Zone,0.0398364051971852,0.0385604113110539,0.0114488069861788,666.0,58172.0,58838,False,24.016255758784478,28.17486488344318,4.451551107061825,1163.4804201333975,10.971159418297601,79,Q3
17,dropoff,Brooklyn,Bedford,Boro Zone,0.0397034829746005,0.0379266750948166,-0.030902779783185,-26753.0,865715.0,838962,False,20.001092530451334,22.89944615723746,3.4548525577122837,1108.5091433092878,13.671311034072351,80,Q3
41,dropoff,Manhattan,Central Harlem,Boro Zone,0.0395138520642813,0.038550501156515,-0.025948219092621,-15722.0,605899.0,590177,False,21.087816038648132,25.064964870414162,4.069094679146204,1057.3165197499914,13.314468584494353,81,Q3
83,dropoff,Queens,Elmhurst/Maspeth,Boro Zone,0.0394181685002069,0.0381097560975609,0.0918312514730144,19482.0,212150.0,231632,False,18.25933132217931,21.353558425655816,3.750701051142995,938.3697006834786,12.265048850630471,82,Q3
42,dropoff,Manhattan,Central Harlem North,Boro Zone,0.0391046485368187,0.0385208012326656,-0.0406405088516191,-34017.0,837022.0,803005,False,19.88085444588155,23.38551564954254,4.184564165577659,1003.3629378917161,13.637605633475049,83,Q3
8,dropoff,Queens,Astoria Park,Boro Zone,0.0390238873221887,0.0371011625030917,0.2294604880232817,1025.0,4467.0,5492,False,20.165612267741174,23.700599955227283,4.313919408999341,1048.208641146183,8.404472321352118,84,Q3
116,dropoff,Manhattan,Hamilton Heights,Boro Zone,0.0385662506199468,0.0375751503006012,-0.0405309009577018,-17614.0,434582.0,416968,False,21.23682623762761,25.063183702985597,4.582579216350478,1089.2355780957334,12.982139928551437,85,Q3
37,dropoff,Brooklyn,Bushwick South,Boro Zone,0.0382271998174037,0.0362756952841596,0.0002485530028142,279.0,1122497.0,1122776,False,21.12350874879387,24.398187781336514,3.8183978620879317,1166.7682853495378,13.931066225989184,86,Q3
244,dropoff,Manhattan,Washington Heights South,Boro Zone,0.0378064673621689,0.0367556971330556,-0.0498647438322277,-38360.0,769281.0,730921,False,22.347432173679117,26.295413912482992,4.9765631063290705,1157.5399678401,13.55321159136483,87,Q3
159,dropoff,Bronx,Melrose South,Boro Zone,0.037672761979058,0.0366837857666911,0.0184199267956457,8525.0,462814.0,471339,False,17.77762626022676,20.414965623361006,3.395749294532904,993.5126616740203,13.045080524492345,88,Q3
189,dropoff,Brooklyn,Prospect Heights,Boro Zone,0.0374619898865289,0.0366121552355382,-0.0041926541926542,-1573.0,375180.0,373607,False,23.073917319687325,26.43749514902049,3.8604334852603577,1225.3522362599285,12.835161189789398,89,Q3
40,dropoff,Brooklyn,Carroll Gardens,Boro Zone,0.0373798582787649,0.0362406378352259,0.0150527123607162,3511.0,233247.0,236758,False,24.563023275755594,28.944769021701738,4.453958657560526,1144.7622177348476,12.359853256890544,90,Q3
106,dropoff,Brooklyn,Gowanus,Boro Zone,0.0367658013173071,0.0355029585798816,0.0796405789730221,15032.0,188748.0,203780,False,22.913261173629643,26.527697512042543,4.148419946171603,1184.6024699599466,12.148168071028643,91,Q3
225,dropoff,Brooklyn,Stuyvesant Heights,Boro Zone,0.0363519917714958,0.0346020761245674,-0.0223681732251606,-19239.0,860106.0,840867,False,20.865928106534312,23.911814450786444,3.6987710979809583,1162.0510669615142,13.66481091644827,92,Q3
264,dropoff,Unknown,Zone 264,Unknown,0.0362731712433129,0.0307855629009863,,564.0,0.0,564,True,,,,,,93,Q3
157,dropoff,Queens,Maspeth,Boro Zone,0.0362002099994418,0.035277516462841,0.0629001771417827,19068.0,303147.0,322215,False,19.14223508726937,22.239829521672046,3.7372761861407127,957.9714264036919,12.621973115359866,94,Q3
36,dropoff,Brooklyn,Bushwick North,Boro Zone,0.0361931648088509,0.0347383047707271,-0.0016248898165128,-1283.0,789592.0,788309,False,20.91560619915059,24.158897050646566,3.7792537462386937,1136.4028029665953,13.579271635337824,95,Q3
82,dropoff,Queens,Elmhurst,Boro Zone,0.0361512955501772,0.0350140056022409,0.0544918073953166,35588.0,653089.0,688677,False,18.375474674968142,21.264579666815308,3.6552958846345094,983.8574313761218,13.389468692998946,96,Q3
129,dropoff,Queens,Jackson Heights,Boro Zone,0.0355685148959583,0.0345701774602442,0.0178898314382893,12392.0,692684.0,705076,False,18.876497017398925,22.011361169053956,3.824029899636809,983.0019345040452,13.4483291857217,97,Q3
61,dropoff,Brooklyn,Crown Heights North,Boro Zone,0.0353074154943118,0.0339981867633726,-0.0139945716123566,-19624.0,1402258.0,1382634,False,20.039933122143893,22.825246566583893,3.5794338951890214,1118.0271847263484,14.153594352471085,98,Q3
69,dropoff,Bronx,East Concourse/Concourse Village,Boro Zone,0.0352384895055476,0.034324942791762,0.0180791162646434,9093.0,502956.0,512049,False,18.59198422923783,21.356197361224464,3.66015140489424,1052.18790908151,13.128257970106597,99,Q3
223,dropoff,Queens,Steinway,Boro Zone,0.0352108568903659,0.034125810929576,0.0109379240593325,5602.0,512163.0,517765,False,20.557789238972806,24.438655896689326,4.517052161128499,999.3275871158205,13.146398212731052,100,Q3
147,dropoff,Bronx,Longwood,Boro Zone,0.0351998282109918,0.0338218714768883,0.0231824035960503,4590.0,197995.0,202585,False,18.54085295083302,21.40361898028775,3.8544279047450365,1015.0304603651607,12.195997056832569,101,Q3
120,dropoff,Manhattan,Highbridge Park,Boro Zone,0.0350222248572517,0.034036761452993,-0.1439438651714866,-2195.0,15249.0,13054,False,22.747902813299348,26.896174831135966,5.0597465407567705,1178.849957374254,9.632269206115012,102,Q3
198,dropoff,Queens,Ridgewood,Boro Zone,0.0350132854305566,0.0338524035206499,0.0201822214511129,12912.0,639771.0,652683,False,20.537205969010497,23.736734784822676,3.921710215061298,1108.1750376306522,13.368865578805687,103,Q3
235,dropoff,Bronx,University Heights/Morris Heights,Boro Zone,0.0349516595148562,0.0339673913043478,0.0176257597961455,7000.0,397146.0,404146,False,17.94609438342642,20.49277754278719,3.7214701872862226,993.3831160328947,12.892059250249257,104,Q3
62,dropoff,Brooklyn,Crown Heights South,Boro Zone,0.0347312207030987,0.0334597367834039,0.0075613231496596,2770.0,366338.0,369108,False,20.570587189972926,23.40465690157115,3.681882551086743,1163.10334991183,12.811311683490013,105,Q3
195,dropoff,Brooklyn,Red Hook,Boro Zone,0.0346955908891595,0.0334001336005344,0.0995879482774972,18900.0,189782.0,208682,False,25.21521487812463,29.64830437029475,5.0162157106575815,1264.6399500479497,12.153631323990504,106,Q3
181,dropoff,Brooklyn,Park Slope,Boro Zone,0.0346802537374191,0.0333185250999555,0.0262074738733724,25609.0,977164.0,1002773,False,23.93148026328773,27.726652752233772,4.254933329512714,1218.9244661080434,13.792409777736236,107,Q3
243,dropoff,Manhattan,Washington Heights North,Boro Zone,0.0344465164379504,0.0337154416722859,-0.0309327266422936,-15255.0,493167.0,477912,False,21.66916640813456,25.367108950950286,4.896291461107595,1107.281085311872,13.108603138058085,108,Q3
190,dropoff,Brooklyn,Prospect Park,Boro Zone,0.0342017662270166,0.0335120643431635,-0.1182647817650696,-11093.0,93798.0,82705,False,23.451119853301652,26.748246657710638,3.871475948314471,1294.9091451843324,11.44889881280538,109,Q3
207,dropoff,Queens,Saint Michaels Cemetery/Woodside,Boro Zone,0.0341793668587073,0.0341452310493967,0.0900796858759671,1560.0,17318.0,18878,False,16.099174269546182,18.476243215150745,3.5157200600531286,719.2519921468992,9.759501702007746,110,Q3
119,dropoff,Bronx,Highbridge,Boro Zone,0.0341776803098511,0.0339059674502712,0.0113498585477569,3707.0,326612.0,330319,False,18.757350617859746,21.61899639329063,3.8753642548344605,1011.1628660306419,12.696528201035807,111,Q3
167,dropoff,Bronx,Morrisania/Melrose,Boro Zone,0.0339565459417958,0.0329960404751429,0.0252944809195716,8888.0,351381.0,360269,False,17.816442124077284,20.430159741154096,3.46025108358165,1000.423429269084,12.76962638383679,112,Q3
127,dropoff,Manhattan,Inwood,Boro Zone,0.0335942005961111,0.0327940533449934,-0.0355386907147259,-12859.0,361831.0,348972,False,20.48084509066493,23.67262390455104,4.5975243967487245,1028.7621403362343,12.798932530970403,113,Q3
160,dropoff,Queens,Middle Village,Boro Zone,0.0335327552121891,0.0323694432455761,0.0639849349231245,13829.0,216129.0,229958,False,19.462908355659533,22.559342984991524,3.9634699091746417,995.3458351262441,12.283630730622306,114,Q3
247,dropoff,Bronx,West Concourse,Boro Zone,0.033475022698268,0.0330178296279991,0.0559464299354137,26368.0,471308.0,497676,False,18.294217030053545,21.024191950931797,3.6073816273011374,995.1276532543475,13.063267087094092,115,Q3
196,dropoff,Queens,Rego Park,Boro Zone,0.0334496957100675,0.032488628979857,0.0791921702382683,17971.0,226929.0,244900,False,20.362448695408567,23.685231592276057,4.331082426662156,1060.3568340758563,12.332392472208738,116,Q3
169,dropoff,Bronx,Mount Hope,Boro Zone,0.0333427286221294,0.0324464633354964,-0.0134964852434227,-5998.0,444412.0,438414,False,17.859150112958766,20.4158061213681,3.587838996246859,994.6986535017056,13.004507339083316,117,Q3
56,dropoff,Queens,Corona,Boro Zone,0.0331917011107154,0.0322650032265003,0.038163770366727,9854.0,258203.0,268057,False,19.555863874549797,22.652408570018714,4.4414116412280755,991.2992877697006,12.461501376227258,118,Q3
126,dropoff,Bronx,Hunts Point,Boro Zone,0.0331571039628785,0.0322441960447119,0.0261438106888209,8613.0,329447.0,338060,False,18.633749070412673,21.420482050241972,4.0634825783815325,993.8583140839042,12.705170770214604,119,Q3
188,dropoff,Brooklyn,Prospect-Lefferts Gardens,Boro Zone,0.0325522475940214,0.0314103238706622,-0.0065158171619912,-5145.0,789617.0,784472,False,20.533880894154894,23.411413305458193,3.736904814612492,1156.456092004098,13.579303296758196,120,Q3
133,dropoff,Brooklyn,Kensington,Boro Zone,0.0322096582729906,0.0308864411798525,-0.0084590297594782,-1660.0,196240.0,194580,False,21.443923002447722,24.74239650429589,4.439145745006044,1125.8840450468813,12.18709367893237,121,Q3
128,dropoff,Manhattan,Inwood Hill Park,Boro Zone,0.0317691918415852,0.0312695434646654,-0.0050852439741329,-173.0,34020.0,33847,False,21.696210464432745,24.980841857729605,4.803492475014724,1037.294503233392,10.434703865949853,122,Q3
228,dropoff,Brooklyn,Sunset Park West,Boro Zone,0.0317472127079995,0.03060599877576,0.0389157246746996,19730.0,506993.0,526723,False,22.795626961319034,26.37915140843323,4.855119098291258,1146.8432167702513,13.136252475771892,123,Q3
257,dropoff,Brooklyn,Windsor Terrace,Boro Zone,0.0316558906746192,0.0306184935701163,0.0391200740010169,6386.0,163241.0,169627,False,23.757345274779322,27.87101855540321,4.854919787308348,1159.0292267261289,12.0029829154505,124,Q3
136,dropoff,Bronx,Kingsbridge Heights,Boro Zone,0.0316296224060003,0.0306623058053965,0.0298552944431302,7446.0,249403.0,256849,False,18.27049510230514,20.836868481949068,3.7889976303412394,991.5446205538826,12.426825341025014,125,Q3
212,dropoff,Bronx,Soundview/Bruckner,Boro Zone,0.0315852877262828,0.0308166413113046,0.0416436321630431,10094.0,242390.0,252484,False,17.582893848757635,20.315884112394652,3.9837049259458,901.359317628615,12.39830327820091,126,Q3
60,dropoff,Bronx,Crotona Park East,Boro Zone,0.0315328990837991,0.0305436787251968,0.0211792892061768,4367.0,206192.0,210559,False,17.852269826182496,20.486169056035457,3.7077440686349936,974.8838897726391,12.236563052528172,127,Q3
47,dropoff,Bronx,Claremont/Bathgate,Boro Zone,0.0314636101315992,0.0306968206557701,0.0196212618058657,6193.0,315627.0,321820,False,17.159257858169735,19.5517396167161,3.3093775881024796,955.8592325751599,12.662316415625348,128,Q3
227,dropoff,Brooklyn,Sunset Park East,Boro Zone,0.0313925960112695,0.030108390204737,0.0596017788961129,14970.0,251167.0,266137,False,20.645052932910254,23.696429586707453,4.356173490147974,1090.0173470240916,12.43387333551971,129,Q3
94,dropoff,Bronx,Fordham South,Boro Zone,0.0313393541662605,0.0306372549019607,-0.0194121869638483,-3813.0,196423.0,192610,False,17.831004566675556,20.340688412262068,3.542845537437196,999.3389827056913,12.188025775988876,130,Q3
248,dropoff,Bronx,West Farms/Bronx River,Boro Zone,0.0310319641417571,0.0301386377335744,0.0236371408644002,5253.0,222235.0,227488,False,18.03692055706904,20.828947780514177,4.1285707921794375,932.426620469323,12.311490659534938,131,Q3
173,dropoff,Queens,North Corona,Boro Zone,0.0307344387793389,0.0298566878980891,0.074144708857446,15862.0,213933.0,229795,False,18.41575801769827,21.24389617311508,3.8233717425548837,959.3543819794048,12.273418160870776,132,Q2
177,dropoff,Brooklyn,Ocean Hill,Boro Zone,0.0304863052001242,0.0292112950340798,-0.0319806894867592,-13620.0,425882.0,412262,False,19.104380978769793,21.709979337022595,3.594446701199063,1074.2622510460644,12.961917591576057,133,Q2
78,dropoff,Bronx,East Tremont,Boro Zone,0.0298633419052647,0.029123386353484,0.0269872163275557,11176.0,414122.0,425298,False,17.726139422683456,20.295945397753375,3.5395940423354233,981.3708738004742,12.933915895386402,134,Q2
213,dropoff,Bronx,Soundview/Castle Hill,Boro Zone,0.0297776446043688,0.0287466462246071,0.0310901729340986,14413.0,463587.0,478000,False,18.492385183364497,21.253656918788593,4.292699288375353,946.698878527655,13.046749348639553,135,Q2
85,dropoff,Brooklyn,Erasmus,Boro Zone,0.0296848370530041,0.0282752120640904,0.0050879211800172,1605.0,315453.0,317058,False,20.904410260801075,23.873923310306438,3.9604258257173672,1190.3076940146393,12.661764979977224,136,Q2
59,dropoff,Bronx,Crotona Park,Boro Zone,0.0296546709343708,0.0288406086416467,0.10110659979301,1270.0,12561.0,13831,False,18.966331502268936,21.747118859963305,3.657446222434512,1048.2000636891967,9.438352054687252,137,Q2
111,dropoff,Brooklyn,Green-Wood Cemetery,Boro Zone,0.0296364877678244,0.0280688868469847,-0.0643015521064301,-290.0,4510.0,4220,False,22.199106430155158,25.82307317073178,4.332430598669627,1111.5246119733924,8.414052432496725,138,Q2
102,dropoff,Queens,Glendale,Boro Zone,0.0295939920843028,0.0289575289575289,0.0345084668910553,7915.0,229364.0,237279,False,19.17082733123074,21.9128212361288,3.8872151471024394,1019.9272074083117,12.343065540237758,139,Q2
57,dropoff,Queens,Corona,Boro Zone,0.0293850880055484,0.028749401318169,0.0480769230769231,900.0,18720.0,19620,False,19.81385950854701,23.01793055555501,4.723890277777772,989.0180555555555,9.837347750031583,140,Q2
89,dropoff,Brooklyn,Flatbush/Ditmas Park,Boro Zone,0.0293543300323406,0.0280531138956424,0.00233167386478,1902.0,815723.0,817625,False,21.487892765068047,24.63179902983015,4.1678124510402315,1182.6128624545343,13.611830115532076,141,Q2
241,dropoff,Bronx,Van Cortlandt Village,Boro Zone,0.0291617488652932,0.0286944048536167,0.0276619942252378,10021.0,362266.0,372287,False,18.952151816622674,21.72002478843337,4.145842278877931,987.28754285525,12.800134027599528,142,Q2
194,dropoff,Manhattan,Randalls Island,Yellow Zone,0.0291351946754955,0.0287026406429391,0.2029345015041959,7690.0,37894.0,45584,False,27.088411885786865,38.343005752885304,6.319561751200754,1240.9874386446404,10.542548067192307,143,Q2
153,dropoff,Manhattan,Marble Hill,Boro Zone,0.0288135067859664,0.028235294367759,-0.0036410889815243,-283.0,77724.0,77441,False,18.019421414234493,20.60463885028509,3.8223456075343805,932.7611805877207,11.260919368970917,144,Q2
95,dropoff,Queens,Forest Hills,Boro Zone,0.0287679860630531,0.0282060925159834,0.0406416276122914,27551.0,677901.0,705452,False,21.142385584324703,24.583972497493424,4.5314114347078895,1049.8992065213063,13.426756538561795,145,Q2
250,dropoff,Bronx,Westchester Village/Unionport,Boro Zone,0.028698908057736,0.0279173646007816,0.0585349685117666,14128.0,241360.0,255488,False,18.310001118662193,21.08375824495955,4.197525621478326,922.7082117998011,12.394044873832943,146,Q2
182,dropoff,Bronx,Parkchester,Boro Zone,0.0284773759291163,0.0279173646007816,0.0213979339623056,4874.0,227779.0,232653,False,19.544996685384973,22.606165757173333,4.494843743277462,1013.4118641314608,12.336131139617635,147,Q2
18,dropoff,Bronx,Bedford Park,Boro Zone,0.0283997328864235,0.0277418161642315,0.0389941136611922,16919.0,433886.0,450805,False,18.215267904473556,20.84745430829638,3.817182347437048,986.4475507391343,12.980537105766937,148,Q2
192,dropoff,Queens,Queensboro Hill,Boro Zone,0.0280802672323272,0.0275836704670834,0.0406384857623673,4878.0,120034.0,124912,False,20.664296199410497,23.872730476367984,5.000417973240892,995.3420447539863,11.695530314966208,149,Q2
220,dropoff,Bronx,Spuyten Duyvil/Kingsbridge,Boro Zone,0.0276363959292659,0.027183762232693,0.0504728424061606,15750.0,312049.0,327799,False,20.244982166263565,23.813135340944292,4.637244234078611,970.2567481389141,12.65091550574241,150,Q2
71,dropoff,Brooklyn,East Flatbush/Farragut,Boro Zone,0.0274085098948406,0.0260937637879111,-0.0130769730251196,-5639.0,431216.0,425577,False,18.892925633557986,21.414530954348113,3.5206113548660913,1057.1987495825758,12.974364403639914,151,Q2
35,dropoff,Brooklyn,Brownsville,Boro Zone,0.027364963340941,0.0261962975899406,0.0004456660279363,257.0,576665.0,576922,False,18.10222437637124,20.46875123341303,3.393315290506605,1022.7230610493094,13.265016787628266,152,Q2
67,dropoff,Brooklyn,Dyker Heights,Boro Zone,0.0273246478429782,0.0263342696629213,0.0438227086991855,7711.0,175959.0,183670,False,20.681244664951095,23.917998965679168,4.481103615046715,1017.3154939502953,12.07800629233671,153,Q2
70,dropoff,Queens,East Elmhurst,Boro Zone,0.0271883833377992,0.0266004610746586,0.0672988811933936,12632.0,187700.0,200332,False,21.58456643580344,25.32374432606794,4.713163841236012,986.0450399573788,12.1426002225746,154,Q2
14,dropoff,Brooklyn,Bay Ridge,Boro Zone,0.0271295621505859,0.0262008733624454,0.0274613018852833,15108.0,550156.0,565264,False,22.474140898218224,26.057780175110558,5.214249196591543,1067.9329553799287,13.217957153355101,155,Q2
72,dropoff,Brooklyn,East Flatbush/Remsen Village,Boro Zone,0.0270672683831004,0.0259067357512953,-0.0168708863660077,-8246.0,488771.0,480525,False,17.969118851160456,20.29740545165664,3.3098012300237762,1009.6961153587263,13.099649356110586,156,Q2
32,dropoff,Bronx,Bronxdale,Boro Zone,0.0269599449993984,0.0263157894736842,0.0050033921302579,1121.0,224048.0,225169,False,18.70575300828621,21.483337454488016,4.272705612190287,961.9954875740913,12.31961559359556,157,Q2
26,dropoff,Brooklyn,Borough Park,Boro Zone,0.026663894257822,0.0256497948016415,0.0086705202312138,4620.0,532840.0,537460,False,18.008650401621605,20.415008389038952,3.01033749718488,986.9510528488852,13.185976470465398,158,Q2
63,dropoff,Brooklyn,Cypress Hills,Boro Zone,0.0265432889539653,0.0256585699623674,0.022453881472525,6871.0,306005.0,312876,False,19.432123167923525,22.113727586168654,4.105357742520578,1047.183859740854,12.631356720670304,159,Q2
185,dropoff,Bronx,Pelham Parkway,Boro Zone,0.0262155834458491,0.025458248472505,0.0353461118944371,10629.0,300712.0,311341,False,19.648176594217514,22.677649811134057,4.476125561999429,1001.5554051717257,12.613908275064299,160,Q2
135,dropoff,Queens,Kew Gardens Hills,Boro Zone,0.0261340407750512,0.0256278831368528,0.0195007533214628,3417.0,175224.0,178641,False,21.415409076383458,24.699469136660625,5.055458356161117,1041.846527872894,12.07382043440403,161,Q2
28,dropoff,Queens,Briarwood/Jamaica Hills,Boro Zone,0.0260378529283969,0.0254539283896147,0.0473892531412267,10979.0,231677.0,242656,False,20.33876496156472,23.435590024057962,4.689124371430919,1008.5905420046013,12.353099439200623,162,Q2
174,dropoff,Bronx,Norwood,Boro Zone,0.0259980660421477,0.0255058663492603,0.0197976836097244,8075.0,407876.0,415951,False,19.26472758877785,22.079252101149137,4.3430892158400916,1003.9400528592023,12.91871848562415,163,Q2
20,dropoff,Bronx,Belmont,Boro Zone,0.025940349937543,0.0254452926208651,0.0315450474138079,9178.0,290949.0,300127,False,18.94827172459955,21.773659266760344,3.9035928977243675,999.6485741487339,12.58090327306224,164,Q2
240,dropoff,Bronx,Van Cortlandt Park,Boro Zone,0.0258786414453191,0.0255145432896751,-0.0128345858312927,-760.0,59215.0,58455,False,19.43124022629412,22.31371679472743,4.664617090264309,943.5667482901292,10.988930167155596,165,Q2
258,dropoff,Queens,Woodhaven,Boro Zone,0.0258521784065085,0.0252887129842139,0.0172272996386453,5063.0,293894.0,298957,False,20.53382430400182,23.473448692405086,4.483598321163333,1084.9985879262592,12.590974437091438,166,Q2
77,dropoff,Brooklyn,East New York/Pennsylvania Avenue,Boro Zone,0.0257863330572686,0.0244738130200685,-0.0180451382422159,-5329.0,295315.0,289986,False,18.6860500821162,21.176421075819235,3.720140361986343,1029.8548803819651,12.595797862242831,167,Q2
96,dropoff,Queens,Forest Park/Highland Park,Boro Zone,0.0257680361560496,0.0252016157487516,-0.0452965642983306,-795.0,17551.0,16756,False,22.139924220842108,25.484474388923218,4.902205059540798,1157.1860292860806,9.77286620732769,168,Q2
242,dropoff,Bronx,Van Nest/Morris Park,Boro Zone,0.0257387868878899,0.0250501002004008,0.0363928160838242,14150.0,388813.0,402963,False,18.677147677676512,21.401060278355285,4.0105349795403695,980.3943335227989,12.870853787223435,169,Q2
121,dropoff,Queens,Hillcrest/Pomonok,Boro Zone,0.0255465989262747,0.0250689397589069,0.0357029754774396,7779.0,217881.0,225660,False,21.372471119558078,24.539728659238722,5.045465074972256,1049.395569140953,12.291704321169473,170,Q2
134,dropoff,Queens,Kew Gardens,Boro Zone,0.0255216177563274,0.0252143217347453,0.0629957551148332,13668.0,216967.0,230635,False,20.543144717862187,23.693707153638037,4.516763586167409,1031.620426147755,12.287500547225495,171,Q2
73,dropoff,Queens,East Flushing,Boro Zone,0.0253900086585489,0.0249003990925518,0.0410907532411872,3835.0,93330.0,97165,False,20.245752812599385,23.297068573870988,4.610124590164003,1022.9745526625951,11.443896878559793,172,Q2
259,dropoff,Bronx,Woodlawn/Wakefield,Boro Zone,0.0253813514433724,0.024921083236418,0.0500840772959796,12718.0,253933.0,266651,False,20.249735245125617,23.233050056528025,5.077550590116255,987.0491822646131,12.444825731677176,173,Q2
22,dropoff,Brooklyn,Bensonhurst West,Boro Zone,0.0253622347105265,0.0244220123738196,0.0619774542767641,19963.0,322101.0,342064,False,19.80860053213235,22.647592090701217,4.193166603021914,1019.7381877113079,12.682620439940363,174,Q2
92,dropoff,Queens,Flushing,Boro Zone,0.0253295716752034,0.0249750249750249,0.0446325767652295,21979.0,492443.0,514422,False,21.79124201176651,25.340639911652005,4.958108012500783,1094.2522911281103,13.107133996855739,175,Q2
183,dropoff,Bronx,Pelham Bay,Boro Zone,0.0252829643857129,0.025025025025025,0.0279342723004694,3213.0,115020.0,118233,False,19.736849852198805,22.841056598852617,4.8527501478003945,946.2394105372979,11.652861305267745,176,Q2
254,dropoff,Bronx,Williamsbridge/Olinville,Boro Zone,0.0252036034831693,0.0246143747948802,0.0430331592784192,17760.0,412705.0,430465,False,18.84595420457846,21.54397937996575,4.426496201887386,968.8656812977792,12.930488331005302,177,Q2
208,dropoff,Bronx,Schuylerville/Edgewater Park,Boro Zone,0.0249420819149826,0.0246022634082335,0.0079436693818497,2597.0,326927.0,329524,False,20.21377249355507,23.417842423556465,5.093376753831871,947.7541653029575,12.697492183367064,178,Q2
11,dropoff,Brooklyn,Bath Beach,Boro Zone,0.0246892147801209,0.0238397965670692,0.0668578215763784,7205.0,107766.0,114971,False,20.951027411242222,23.98890419984032,4.859256444518645,1051.7482972366051,11.587717488821516,179,Q2
197,dropoff,Queens,Richmond Hill,Boro Zone,0.0246426770504461,0.0242287191083831,0.0443136205512442,17388.0,392385.0,409773,False,19.185553499753073,21.86831940570978,3.993627396562055,1003.0131274131274,12.879998779643007,180,Q2
200,dropoff,Bronx,Riverdale/North Riverdale/Fieldston,Boro Zone,0.0242571890602197,0.0240384615384615,0.0397151750486679,7630.0,192118.0,199748,False,25.47505949468728,30.42997334973016,6.228510769422843,1098.2630674897719,12.165865045564258,181,Q2
21,dropoff,Brooklyn,Bensonhurst East,Boro Zone,0.0241994701899701,0.0233644859813084,0.0604684909629642,14918.0,246707.0,261625,False,19.904078562831025,22.697934837699293,4.210205523151065,1016.9686186447892,12.41595667665888,182,Q2
3,dropoff,Bronx,Allerton/Pelham Gardens,Boro Zone,0.0241908066604217,0.0238095238095238,0.0540545688300557,11352.0,210010.0,221362,False,17.98241302795262,20.630631493750716,4.021673291748073,894.6391028998619,12.254910427613474,183,Q2
58,dropoff,Bronx,Country Club,Boro Zone,0.0241626855426034,0.0237116661397407,0.0403766358123205,1265.0,31330.0,32595,False,21.233975742100412,24.894649856366765,5.395319789339252,959.8170124481328,10.352331383946238,184,Q2
165,dropoff,Brooklyn,Midwood,Boro Zone,0.0241364930734079,0.0233426704014939,0.0180789620772006,5337.0,295205.0,300542,False,20.548706593724503,23.470609982913615,3.8006426212294873,1086.8617909588252,12.59542530923439,185,Q2
53,dropoff,Queens,College Point,Boro Zone,0.0240824663190573,0.0236369366530097,0.0469924685967984,7007.0,149109.0,156116,False,22.95250440952666,26.58029005627683,5.831628352413336,1122.5277749834015,11.912432861104145,186,Q2
130,dropoff,Queens,Jamaica,Boro Zone,0.0240801930142834,0.0236929395040278,0.0665895892655403,50396.0,756815.0,807211,False,19.06751982981356,21.68219990357771,4.037597864735848,1002.6617059651302,13.53687411681937,187,Q2
171,dropoff,Queens,Murray Hill-Queens,Boro Zone,0.0239809803875096,0.0237586126460419,0.0481800153703115,8965.0,186073.0,195038,False,19.892942608546925,22.981102309320004,4.52762468493548,968.6040210025097,12.13389434881619,188,Q2
31,dropoff,Bronx,Bronx Park,Boro Zone,0.023925782008832,0.0234503245394402,0.0196482638665207,915.0,46569.0,47484,False,24.26056818913905,28.54786123815928,5.654332946810116,1202.8351048981083,10.748690362694553,189,Q2
76,dropoff,Brooklyn,East New York,Boro Zone,0.023756676003721,0.0228136882129277,0.0002785792640209,305.0,1094841.0,1095146,False,17.959599476085778,20.299157640245486,3.6029692238416517,973.8561307075639,13.90611970520995,190,Q2
178,dropoff,Brooklyn,Ocean Parkway South,Boro Zone,0.0235293429993364,0.0225614801606929,0.0010638621234688,105.0,98697.0,98802,False,19.281031642298267,22.111931669648783,3.4557393740438207,986.5100864261325,11.499809829822853,191,Q2
98,dropoff,Queens,Fresh Meadows,Boro Zone,0.0234667757423277,0.0229849831443456,0.0554235321943032,4921.0,88789.0,93710,False,22.2257189516716,25.442426088813242,5.2769552084154245,1062.7338071157462,11.394018047433386,192,Q2
51,dropoff,Bronx,Co-Op City,Boro Zone,0.0234606790409055,0.0231018019405513,0.0138915610579,4982.0,358635.0,363617,False,20.122269075802368,22.999512875226447,5.158658206812119,991.5588885635814,12.790060437175143,193,Q2
81,dropoff,Bronx,Eastchester,Boro Zone,0.0233730351081182,0.0229673863114377,0.0232793242480127,5895.0,253229.0,259124,False,18.33662645273803,20.99814993544873,4.336866065892892,916.5043774607174,12.442049496658889,194,Q2
9,dropoff,Queens,Auburndale,Boro Zone,0.023323012181656,0.0229375335846599,0.0384521894134941,3322.0,86393.0,89715,False,21.36010035535211,24.548820506284038,5.0400237634993825,996.2625907191555,11.366661932991452,195,Q2
180,dropoff,Queens,Ozone Park,Boro Zone,0.0232149510734848,0.0230804739190644,0.0450994851625765,6605.0,146454.0,153059,False,18.614034167724927,21.1747114452366,3.921314979447477,959.0461919783686,11.894466664959019,196,Q2
131,dropoff,Queens,Jamaica Estates,Boro Zone,0.0230134511318843,0.0228345258030141,0.0584130179500084,8705.0,149025.0,157730,False,20.551437409831788,23.608622781420305,4.816895064586458,981.4852608622714,11.911869356088127,197,Q2
91,dropoff,Brooklyn,Flatlands,Boro Zone,0.0228265703511585,0.0220880577234575,0.0048364359457249,2206.0,456121.0,458327,False,19.882391799544898,22.514225874299505,3.9289644239137242,1076.5242183543403,13.030513404174398,198,Q1 lowest
122,dropoff,Queens,Hollis,Boro Zone,0.0226761278184197,0.0223447043050796,0.0852059834904979,8846.0,103819.0,112665,False,19.474440516667276,22.188001810840316,4.511550515801524,968.4013138250224,11.55040427727935,199,Q1 lowest
93,dropoff,Queens,Flushing Meadows-Corona Park,Boro Zone,0.0225548585910718,0.0220539588047678,0.0064472313188448,693.0,107488.0,108181,False,28.282192244716573,33.239788999707876,6.627813300089442,1362.4365696635903,11.585134492412019,200,Q1 lowest
215,dropoff,Queens,South Jamaica,Boro Zone,0.0223433864770643,0.0219619326500732,0.0248014054384357,6494.0,261840.0,268334,False,18.176161625422157,20.656836465035287,3.902665601130411,940.8484723495264,12.475488909175063,201,Q1 lowest
184,dropoff,Bronx,Pelham Bay Park,Boro Zone,0.0222422240401524,0.0217281181625224,-0.0928602423311859,-2782.0,29959.0,27177,False,19.739283020127587,22.608681531425457,4.933098534664029,896.286224506826,10.307585059236986,202,Q1 lowest
108,dropoff,Brooklyn,Gravesend,Boro Zone,0.0220073363406105,0.0213416804096339,0.0431154481918627,5947.0,137932.0,143879,False,20.164302699881695,22.897481005138435,4.636373104138236,988.7796015427892,11.83451608907319,203,Q1 lowest
252,dropoff,Queens,Whitestone,Boro Zone,0.0219519498908873,0.0215208034433285,0.0785985771367312,9678.0,123132.0,132810,False,22.732958694733547,26.451035149276958,5.679856852808444,1011.7100266380795,11.72101222965021,204,Q1 lowest
175,dropoff,Queens,Oakland Gardens,Boro Zone,0.0218785494171353,0.0214715162172954,0.0487021045893372,3728.0,76547.0,80275,False,25.100108299475988,28.857333925556656,6.4474961918820775,1181.0474741008793,11.245660210246031,205,Q1 lowest
149,dropoff,Brooklyn,Madison,Boro Zone,0.0218557403272169,0.0213340918788223,0.0420963044380102,9843.0,233821.0,243664,False,19.074447889626573,21.67323798976063,3.627927666890578,989.7001937379448,12.36231114434578,206,Q1 lowest
123,dropoff,Brooklyn,Homecrest,Boro Zone,0.0214115888792737,0.0208899102746764,0.0645909162301876,18917.0,292874.0,311791,False,18.74171527687903,21.3307530883785,3.50992529551952,948.4896849839863,12.587497761378318,207,Q1 lowest
253,dropoff,Queens,Willets Point,Boro Zone,0.0213854781475462,0.020816371925341,0.1085753803596127,471.0,4338.0,4809,False,22.38841401567551,25.811491470723887,5.195059013370218,1059.1479944674966,8.37516869138682,208,Q1 lowest
16,dropoff,Queens,Bayside,Boro Zone,0.02124069871663,0.0209438704272549,0.0640485330040534,11930.0,186265.0,198195,False,21.98594545405891,25.29882758437027,5.487526765629571,989.4737121842536,12.134925669911635,209,Q1 lowest
216,dropoff,Queens,South Ozone Park,Boro Zone,0.0211884987245856,0.02096436099651,0.0496046986971761,26283.0,529849.0,556132,False,18.743333308169653,21.366494416362706,3.995604455231662,943.1837448027645,13.180347339274599,210,Q1 lowest
138,dropoff,Queens,LaGuardia Airport,Airports,0.0210294768035514,0.0208246563931695,0.0162473373490004,34987.0,2153399.0,2188386,False,45.68189771612182,58.5400666619537,9.480775232085966,1685.6742489431824,14.582558081981738,211,Q1 lowest
191,dropoff,Queens,Queens Village,Boro Zone,0.0208777528008139,0.0204904037565413,0.0682912593024953,15444.0,226149.0,241593,False,21.030755077406955,23.968618654090065,5.144876139182511,1014.8141446568413,12.328949353052304,212,Q1 lowest
39,dropoff,Brooklyn,Canarsie,Boro Zone,0.0208723450220034,0.0200803212851405,0.016769029938582,11754.0,700935.0,712689,False,18.27874964155141,20.63302835501476,3.695279199925879,973.6425874011143,13.460170437038498,213,Q1 lowest
55,dropoff,Brooklyn,Coney Island,Boro Zone,0.0204298165115331,0.0201396348012889,0.0519927425143653,14414.0,277231.0,291645,False,23.87041081264481,27.161799906957356,5.858230573060192,1184.4104952187886,12.532606372656918,214,Q1 lowest
205,dropoff,Queens,Saint Albans,Boro Zone,0.0202433573372903,0.0198833510074231,0.0608267039071188,21386.0,351589.0,372975,False,18.776614456085557,21.337208473551847,4.164375395703474,948.887911737853,12.770218158751993,215,Q1 lowest
15,dropoff,Queens,Bay Terrace/Fort Totten,Boro Zone,0.020207726534429,0.0198728143392764,0.0693401525453794,4691.0,67652.0,72343,False,24.86418805061147,28.872319665338964,6.434420431029384,1090.0065334358187,11.122132197093933,216,Q1 lowest
29,dropoff,Brooklyn,Brighton Beach,Boro Zone,0.0199590966202292,0.019605280355509,0.0886022911918897,17340.0,195706.0,213046,False,20.265982187568472,23.03547704210782,4.494040652815996,988.3249772618111,12.184368812086387,217,Q1 lowest
210,dropoff,Brooklyn,Sheepshead Bay,Boro Zone,0.0198641221403274,0.0193748385430121,0.0486699988130876,14762.0,303308.0,318070,False,19.583351246919243,22.220724214351424,4.272023312936029,952.9403576562438,12.622504069853711,218,Q1 lowest
222,dropoff,Brooklyn,Starrett City,Boro Zone,0.0198279501912809,0.0193998965338851,0.0549156292251233,6255.0,113902.0,120157,False,19.951429737844578,22.577359308878922,4.311143166932964,1079.8594581306738,11.643093708543622,219,Q1 lowest
19,dropoff,Queens,Bellerose,Boro Zone,0.0198023179226131,0.0195643667666623,0.0287596766848816,2021.0,70272.0,72293,False,24.702949965846432,28.190402578545342,6.491071749772395,1150.765169626594,11.160128705429148,220,Q1 lowest
265,dropoff,Unknown,Outside of NYC,Unknown,0.0193392127677093,0.0181181302089624,0.0868306959461571,358515.0,4128897.0,4487412,False,69.87087427224243,86.29271934648041,17.19321177326427,2328.6352805604015,15.233520859049696,221,Q1 lowest
218,dropoff,Queens,Springfield Gardens North,Boro Zone,0.0192511804532722,0.0190258751902587,0.0585171915081033,9832.0,168019.0,177851,False,19.94398401371395,22.701561371045653,4.668214773329315,991.5490212416453,12.031832347228708,222,Q1 lowest
124,dropoff,Queens,Howard Beach,Boro Zone,0.0190214709476645,0.0189453742466955,0.0684624823300636,9541.0,139361.0,148902,False,20.800533434748704,23.685076958408843,4.543881674213013,1038.3767122796191,11.844822967720745,223,Q1 lowest
10,dropoff,Queens,Baisley Park,Boro Zone,0.0188267336033804,0.018188432157148,0.0491142231085866,13471.0,274279.0,287750,False,20.154288078928644,23.09292001941688,4.427391411664813,989.9897367279303,12.521901115482365,224,Q1 lowest
64,dropoff,Queens,Douglaston,Boro Zone,0.0187714841642101,0.0184252548826925,0.0598805541447011,3419.0,57097.0,60516,False,27.682096432385908,31.940172863716334,7.151628106555451,1222.1850885335482,10.952506854859305,225,Q1 lowest
46,dropoff,Bronx,City Island,Boro Zone,0.0185421179342482,0.018282665043066,0.0558818131767295,1218.0,21796.0,23014,False,29.80595200954287,34.34671912277398,8.228347632593122,1406.9028720866213,9.989481745702989,226,Q1 lowest
155,dropoff,Brooklyn,Marine Park/Mill Basin,Boro Zone,0.0184840852017954,0.0177179305457122,0.0048963666377002,1403.0,286539.0,287942,False,21.209970161131118,24.003932065112757,4.43435548738556,1096.3936706696122,12.565629931527125,227,Q1 lowest
150,dropoff,Brooklyn,Manhattan Beach,Boro Zone,0.0184660762088685,0.0182038834951456,0.0174580201634788,2123.0,121606.0,123729,False,20.835811308651802,23.63049750834935,4.707119221090959,1005.0581879183593,11.708541589402186,228,Q1 lowest
219,dropoff,Queens,Springfield Gardens South,Boro Zone,0.0184159881469169,0.0182570593962999,0.0763396759228132,11354.0,148730.0,160084,False,21.292214079204644,24.272011093936626,5.323686599879123,1025.486351106031,11.909887860586643,229,Q1 lowest
38,dropoff,Queens,Cambria Heights,Boro Zone,0.017995073309297,0.0176616036736135,0.1370516136286967,12188.0,88930.0,101118,False,22.820566288090994,26.061876981892635,5.716361643989712,1116.5327111211066,11.395604822393686,230,Q1 lowest
101,dropoff,Queens,Glen Oaks,Boro Zone,0.0179624966900375,0.01754591180255,0.1007079501993652,6188.0,61445.0,67633,False,29.46060948815966,33.65147416387995,8.079647538449041,1356.5429733908372,11.025897744718698,231,Q1 lowest
221,dropoff,Staten Island,Stapleton,Boro Zone,0.0178000934321759,0.0177346890517852,0.0456095334860251,5297.0,116138.0,121435,False,19.353321479617982,24.08126091374324,4.549412655633909,879.8233222545592,11.662534418181933,232,Q1 lowest
139,dropoff,Queens,Laurelton,Boro Zone,0.0176604115063443,0.0176015022372,0.088219902137792,13486.0,152868.0,166354,False,19.180680914253145,21.780967828460376,4.537516138106069,910.2210469162937,11.937330082897788,233,Q1 lowest
203,dropoff,Queens,Rosedale,Boro Zone,0.0176195454368967,0.0173390359496012,0.048802079275936,6891.0,141203.0,148094,False,20.824627734538527,23.652376932508155,5.138111180357397,990.6706514734107,11.8579538502745,234,Q1 lowest
6,dropoff,Staten Island,Arrochar/Fort Wadsworth,Boro Zone,0.0175921743733243,0.0174784432533209,0.0690385282887886,3978.0,57620.0,61598,False,20.283226830961354,25.798189517523028,4.868425928497035,883.1200277681361,10.961625008638519,235,Q1 lowest
115,dropoff,Staten Island,Grymes Hill/Clifton,Boro Zone,0.0172813679547518,0.0171605079510353,0.0656767019256847,4843.0,73740.0,78583,False,19.60339015459677,24.48440507186674,4.6646205315975795,888.2991185245457,11.208300671788136,236,Q1 lowest
154,dropoff,Brooklyn,Marine Park/Floyd Bennett Field,Boro Zone,0.0172794110358404,0.0171890287726988,-0.2947828803498906,-4718.0,16005.0,11287,False,30.44404498594186,34.72331208997119,8.014292970946554,1423.013058419244,9.680656452403964,237,Q1 lowest
214,dropoff,Staten Island,South Beach/Dongan Hills,Boro Zone,0.0160845765936578,0.0159863612128453,0.0621226449407144,5124.0,82482.0,87606,False,21.553798889453706,26.74257098517884,5.070040905894621,971.5959482068815,11.320335366699474,238,Q1 lowest
206,dropoff,Staten Island,Saint George/New Brighton,Boro Zone,0.0160060977677182,0.0158144438587243,0.0250127125049819,5460.0,218289.0,223749,False,18.043696017666395,21.486685220068335,3.9558491815896764,851.619412796797,12.293575151896025,239,Q1 lowest
245,dropoff,Staten Island,West Brighton,Boro Zone,0.0156277672642943,0.015613615072343,0.0691904564887602,5017.0,72510.0,77527,False,19.94695931595612,24.33424327678204,4.351338187836163,904.1604330437181,11.191479762365638,240,Q1 lowest
86,dropoff,Queens,Far Rockaway,Boro Zone,0.015399952093895,0.0152392569534625,0.123807095716264,21367.0,172583.0,193950,False,23.819600134429262,27.113368813860543,5.871305945545006,1187.8057282582872,12.058633559153765,241,Q1 lowest
187,dropoff,Staten Island,Port Richmond,Boro Zone,0.0153328051057917,0.0151133501259445,0.072809884416102,4567.0,62725.0,67292,False,18.446118453567,22.23522263849647,4.3073301394978065,846.9978158628936,11.046515371234623,242,Q1 lowest
30,dropoff,Queens,Broad Channel,Boro Zone,0.0152772068947802,0.0149775336994508,0.0957369942196531,530.0,5536.0,6066,False,27.70270773121396,31.99132767341067,6.736619580924841,1209.075867052023,8.619027497297505,243,Q1 lowest
156,dropoff,Staten Island,Mariners Harbor,Boro Zone,0.0152298521467438,0.0150511745977332,0.0480170306709768,5481.0,114147.0,119628,False,18.23126030469353,21.87761815903991,4.436538691336632,829.888573506093,11.645242370403649,244,Q1 lowest
251,dropoff,Staten Island,Westerleigh,Boro Zone,0.0152183365394054,0.0148338607594936,0.0503048331517097,3416.0,67906.0,71322,False,19.576407975730643,24.170273318992834,4.469126365858702,863.0867228227255,11.125879674885814,245,Q1 lowest
110,dropoff,Staten Island,Great Kills Park,Boro Zone,0.015137753557372,0.015137753557372,0.0275482093663912,10.0,363.0,373,False,12.751129476584012,14.62727272727271,2.381939393939393,540.068870523416,5.8944028342648505,246,Q1 lowest
172,dropoff,Staten Island,New Dorp/Midland Beach,Boro Zone,0.0146911654647357,0.0144689893470722,0.0843483347096063,4903.0,58128.0,63031,False,21.34281826314323,25.95927556426613,4.829052866088642,1008.8847027250206,10.970402754460983,247,Q1 lowest
1,dropoff,EWR,Newark Airport,EWR,0.0146130955995104,0.0146255850234009,-0.0252636402724659,-17862.0,707024.0,689162,False,81.22854391081604,109.54665760992205,17.78083293636458,2569.9365339790447,13.468819890554316,248,Q1 lowest
2,dropoff,Queens,Jamaica Bay,Boro Zone,0.0145473070395656,0.015267175572519,-0.0563909774436089,-15.0,266.0,251,False,36.46823308270676,42.01853383458645,8.734345864661652,1641.4774436090227,5.583496308781699,249,Q1 lowest
117,dropoff,Queens,Hammels/Arverne,Boro Zone,0.0142924516160773,0.0141509433962264,0.0660283377887351,9213.0,139531.0,148744,False,24.761989450373292,29.400791078696127,6.217576244705449,1242.3035311149495,11.84604207777808,250,Q1 lowest
118,dropoff,Staten Island,Heartland Village/Todt Hill,Boro Zone,0.014251505652967,0.0138953219082908,0.0262654129835031,2799.0,106566.0,109365,False,22.35520006380984,27.239773661395905,5.217989658990675,1014.0740667755194,11.576519790495382,251,Q1 lowest
23,dropoff,Staten Island,Bloomfield/Emerson Hill,Boro Zone,0.0142452906065646,0.01396453012382,0.0391960809835405,6625.0,169022.0,175647,False,21.685988806192018,26.312825312695374,5.542333737619935,971.0700559690455,12.037784162947647,252,Q1 lowest
132,dropoff,Queens,JFK Airport,Airports,0.0137820556812934,0.0135562584726615,-0.0112429975025247,-24503.0,2179401.0,2154898,False,60.11233599048138,73.17033008145869,13.977205605576811,2391.2469802482424,14.5945606263667,253,Q1 lowest
201,dropoff,Queens,Rockaway Park,Boro Zone,0.0136128417464948,0.0133416347949835,-0.0179531898055193,-1225.0,68233.0,67008,False,28.815490012162563,35.16953292394873,7.1579111133909015,1265.6915568713086,11.130683597771489,254,Q1 lowest
104,dropoff,Manhattan,Governor's Island/Ellis Island/Liberty Island,Yellow Zone,0.0134384518903422,0.0134384518903422,1.0,1.0,1.0,2,True,46.66,69.66,8.365,2511.0,0.0,255,Q1 lowest
176,dropoff,Staten Island,Oakwood,Boro Zone,0.013375878491168,0.0132222669385617,0.0994533708795759,3002.0,30185.0,33187,False,24.502798078515937,30.19763558058531,5.679219811164474,1119.9458671525592,10.315100391230526,256,Q1 lowest
27,dropoff,Queens,Breezy Point/Fort Tilden/Riis Beach,Boro Zone,0.0131622030982424,0.0130298827472784,-0.1208679780977489,-1192.0,9862.0,8670,False,38.16627256134645,46.9093632123294,9.911122997363625,1595.8496248225513,9.196444266784072,257,Q1 lowest
109,dropoff,Staten Island,Great Kills,Boro Zone,0.0122732020619305,0.012025012025012,0.0609591964021927,3714.0,60926.0,64640,False,23.260234382693042,28.206592259454553,5.339169336572219,1019.1973377539966,11.017415291982012,258,Q1 lowest
5,dropoff,Staten Island,Arden Heights,Boro Zone,0.0115614778950578,0.011334441848712,0.0043130930502943,115.0,26663.0,26778,False,24.44383940291804,29.72463526234734,6.214972508719912,994.564602632862,10.191032115533917,259,Q1 lowest
99,dropoff,Staten Island,Freshkills Park,Boro Zone,0.0112179034643557,0.0115057340688342,0.0667938931297709,175.0,2620.0,2795,False,21.130427480916108,25.120622137404546,5.063265267175552,866.2148854961832,7.8709295967551425,260,Q1 lowest
204,dropoff,Staten Island,Rossville/Woodrow,Boro Zone,0.0108635843482611,0.010653409090909,0.0948261380816395,2258.0,23812.0,26070,False,27.260474130690678,33.48685452712749,7.13253271459771,1026.6090626574837,10.077944934273281,261,Q1 lowest
84,dropoff,Staten Island,Eltingville/Annadale/Prince's Bay,Boro Zone,0.0107875503642293,0.0104051054384017,0.0897564230897565,3766.0,41958.0,45724,False,25.32346036512731,30.95894465893984,6.269828828828795,1011.7495352495353,10.644424396931921,262,Q1 lowest
44,dropoff,Staten Island,Charleston/Tottenville,Boro Zone,0.0102263768950044,0.0100556416214356,0.1245016942395853,4997.0,40136.0,45133,False,25.989555511261884,31.077746412194127,7.061249651185969,1012.3600009966116,10.60002896616409,263,Q1 lowest
4,pickup,Manhattan,Alphabet City,Yellow Zone,0.0601567794999745,0.0561797752808988,-0.1043081078053728,-33524.0,321394.0,287870,False,24.014818727170535,30.09881102325302,4.485618987908907,1178.6549126617174,12.68042306378522,1,Q4 highest
137,pickup,Manhattan,Kips Bay,Yellow Zone,0.0593691664813296,0.0556379821958456,-0.0787840779795554,-43969.0,558095.0,514126,False,24.841794891552386,32.14660151051752,4.855813241473434,1208.6116145100746,13.232284477768467,2,Q4 highest
224,pickup,Manhattan,Stuy Town/Peter Cooper Village,Yellow Zone,0.0590426133728486,0.0574052812858783,-0.1254664037615652,-28952.0,230755.0,201803,False,24.871654915387218,31.75397802866243,4.633355870945295,1189.4907542631795,12.349111820602714,3,Q4 highest
50,pickup,Manhattan,Clinton West,Yellow Zone,0.0589663418578972,0.0552282768777614,-0.0966130284793903,-57104.0,591059.0,533955,False,27.272141748963847,34.59165313446717,4.914236967883192,1231.126956868942,13.289671122200735,4,Q4 highest
232,pickup,Manhattan,Two Bridges/Seward Park,Yellow Zone,0.0581009814602674,0.0538599640933572,-0.0827840713669214,-38270.0,462287.0,424017,False,25.835071221991026,32.110779905151354,4.871321518883337,1225.318209250963,13.04394118931271,5,Q4 highest
79,pickup,Manhattan,East Village,Yellow Zone,0.0579009273215822,0.0532292405961674,-0.1142904992306477,-156279.0,1367384.0,1211105,False,25.69721403058568,32.388483454528334,4.427492037349682,1177.6254395254002,14.128409983354906,6,Q4 highest
107,pickup,Manhattan,Gramercy,Yellow Zone,0.057504982898474,0.0538406317300789,-0.1000164549585718,-80840.0,808267.0,727427,False,26.596073834512445,33.98059145059412,4.503692982640479,1196.3216585608468,13.602647728462683,7,Q4 highest
45,pickup,Manhattan,Chinatown,Yellow Zone,0.0573217191741026,0.0516706854977609,-0.0384791409963034,-9837.0,255645.0,245808,False,26.828945256117326,33.3415396741787,4.899601826751917,1257.4745408672181,12.451545042327446,8,Q4 highest
143,pickup,Manhattan,Lincoln Square West,Yellow Zone,0.0566199467866514,0.0527426160337552,-0.0569854563171604,-29708.0,521326.0,491618,False,27.129635065199547,34.19437181343581,4.7763257309247455,1176.9927914587033,13.164130844824186,9,Q4 highest
90,pickup,Manhattan,Flatiron,Yellow Zone,0.0565963153106607,0.0522830254444057,-0.0503798190951279,-34772.0,690197.0,655425,False,29.11310544670739,37.10092663398939,4.701414401975085,1277.8875306615357,13.444732343070381,10,Q4 highest
233,pickup,Manhattan,UN/Turtle Bay South,Yellow Zone,0.0565203230292086,0.0536864710093056,-0.0621550727388821,-36017.0,579470.0,543453,False,28.164444371582515,36.045907260091525,4.791972309178825,1237.9824857197093,13.269869171655717,11,Q4 highest
113,pickup,Manhattan,Greenwich Village North,Yellow Zone,0.0564922255622692,0.0517063081695966,-0.0961624077598817,-61991.0,644649.0,582658,False,27.986759244178863,35.15599346311681,4.252311411326073,1240.9897261920828,13.376461261608432,12,Q4 highest
229,pickup,Manhattan,Sutton Place/Turtle Bay North,Yellow Zone,0.0559728509343375,0.0525210084033613,-0.0732969659902866,-44582.0,608238.0,563656,False,28.383355972498975,35.658529999777826,4.854935252319,1256.7782627852912,13.318321531721192,13,Q4 highest
249,pickup,Manhattan,West Village,Yellow Zone,0.0557221835174084,0.0511596180081855,-0.097958905538078,-94878.0,968549.0,873671,False,27.921903610451036,35.09258828411122,4.2785255129064055,1206.473012723156,13.78355435425097,14,Q4 highest
114,pickup,Manhattan,Greenwich Village South,Yellow Zone,0.0552218748191722,0.04973474801061,-0.0940054740163502,-62922.0,669344.0,606422,False,27.711489204356397,34.62234474351604,4.232849639348421,1191.3897368169432,13.414053407253647,15,Q4 highest
170,pickup,Manhattan,Murray Hill,Yellow Zone,0.0551264827857252,0.0512995896032831,-0.0533013453474924,-49500.0,928682.0,879182,False,29.533813393603687,37.862599350463235,5.044493570457752,1264.3411006135577,13.741521655644535,16,Q4 highest
148,pickup,Manhattan,Lower East Side,Yellow Zone,0.0549686002397901,0.0501002004008016,-0.0582685747582042,-61800.0,1060606.0,998806,False,27.55569904375261,34.212492065839754,4.775291865216561,1201.1644408951108,13.87435100084435,17,Q4 highest
144,pickup,Manhattan,Little Italy/NoLiTa,Yellow Zone,0.0547389813923902,0.0495212941564872,-0.0957743009819984,-71548.0,747048.0,675500,False,28.359288506226257,35.1939674826765,4.2225789775223666,1213.213901917949,13.523884719078673,18,Q4 highest
48,pickup,Manhattan,Clinton East,Yellow Zone,0.053773875529635,0.0479386385426653,-0.0405192251433328,-40305.0,994713.0,954408,False,30.586133819503395,39.106254306502535,5.633775416627719,1352.741349514885,13.810209532322219,19,Q4 highest
234,pickup,Manhattan,Union Sq,Yellow Zone,0.0533942107998722,0.0484966052376333,-0.0180838000313122,-19174.0,1060286.0,1041112,False,29.71178974352109,37.5127476360052,4.516464655762683,1266.257957758567,13.874049241016476,20,Q4 highest
140,pickup,Manhattan,Lenox Hill East,Yellow Zone,0.0531455675284269,0.050522061300101,-0.0493696263054146,-29428.0,596075.0,566647,False,28.52741240615837,35.87096135553863,5.597183349410616,1336.622530721805,13.298121777056608,21,Q4 highest
211,pickup,Manhattan,SoHo,Yellow Zone,0.0530875259654933,0.0477859190825103,-0.0499170133720661,-29143.0,583829.0,554686,False,29.82286936757188,36.951682478956236,4.115705134551152,1245.0224586308661,13.27736341071449,22,Q4 highest
141,pickup,Manhattan,Lenox Hill West,Yellow Zone,0.0527782540421872,0.0494071146245059,-0.0442475225879485,-29550.0,667834.0,638284,False,27.888640051270716,34.988391202008025,4.943624229973272,1240.6794892143855,13.411794918642785,23,Q4 highest
158,pickup,Manhattan,Meatpacking/West Village West,Yellow Zone,0.0526863224149726,0.0485751295336787,-0.0638369193016784,-39802.0,623495.0,583693,False,29.869932156632704,37.28668630863726,4.357976445681229,1237.524875099239,13.343096024823883,24,Q4 highest
125,pickup,Manhattan,Hudson Sq,Yellow Zone,0.0522801927607959,0.0465983224603914,-0.0137415097199068,-4987.0,362915.0,357928,False,31.464448149016402,39.3219146907919,4.813225567970313,1274.737676866484,12.801923926047692,25,Q4 highest
246,pickup,Manhattan,West Chelsea/Hudson Yards,Yellow Zone,0.052086277781841,0.0480307396733909,-0.0725455037033219,-80228.0,1105899.0,1025671,False,31.082572947438646,39.00190266922325,4.634483898619847,1315.575847342298,13.916169136822154,26,Q4 highest
231,pickup,Manhattan,TriBeCa/Civic Center,Yellow Zone,0.0520021920639085,0.046382189239332,-0.0547079745413702,-64295.0,1175240.0,1110945,False,31.742456919437085,39.35862143050962,5.030844245430712,1271.6085948402028,13.976982940022268,27,Q4 highest
142,pickup,Manhattan,Lincoln Square East,Yellow Zone,0.051514912180581,0.0462962962962963,-0.0953682878830475,-67845.0,711400.0,643555,False,30.71484647174636,38.37189893167977,5.218711336800515,1282.0379477087433,13.474990138496493,28,Q4 highest
186,pickup,Manhattan,Penn Station/Madison Sq West,Yellow Zone,0.0512380514879997,0.0460971112476951,-0.0319976997802469,-20254.0,632983.0,612729,False,33.92850729008709,43.038701039357534,5.833161260255071,1463.2966414579855,13.358198844525552,29,Q4 highest
68,pickup,Manhattan,East Chelsea,Yellow Zone,0.0505600565691056,0.0453035336756267,-0.0794397503503322,-90192.0,1135351.0,1045159,False,33.09566143862127,41.8468867513157,5.391679713145979,1417.4910129114257,13.942452412190697,30,Q4 highest
164,pickup,Manhattan,Midtown South,Yellow Zone,0.0504611195551207,0.0449775112443778,-0.0695996288774107,-73815.0,1060566.0,986751,False,32.51855166015098,41.53673737418614,5.386367323674386,1334.3759294565355,13.874313285845277,31,Q4 highest
209,pickup,Manhattan,Seaport,Yellow Zone,0.0499563478022893,0.0450180072028811,-0.1012143177718878,-23905.0,236182.0,212277,False,32.508781151824664,40.25266925508477,5.9863519277506105,1352.1494694769287,12.372357973236955,32,Q4 highest
262,pickup,Manhattan,Yorkville East,Yellow Zone,0.0497352090613776,0.0477554918815663,-0.0686274509803921,-25501.0,371586.0,346085,False,27.384417335422977,34.80037089667073,5.343232909743677,1190.8228889140064,12.825535610292835,33,Q4 highest
146,pickup,Queens,Long Island City/Queens Plaza,Boro Zone,0.0495472745193282,0.0469189865498905,0.0203109459247239,5044.0,248339.0,253383,False,23.93944491199578,28.28667752549747,4.800363120573085,1247.117408059145,12.422550027225189,34,Q4 highest
65,pickup,Brooklyn,Downtown Brooklyn/MetroTech,Boro Zone,0.04954542939644,0.0468310958476428,-0.0414848726196155,-20262.0,488419.0,468157,False,26.883348027001293,31.298917343538502,5.107261369848307,1292.9090023115398,13.098928923000905,35,Q4 highest
237,pickup,Manhattan,Upper East Side South,Yellow Zone,0.0493989499454434,0.0446827524575513,0.0028380699183994,2340.0,824504.0,826844,False,31.19972672054987,38.42487963672392,4.552672445494602,1248.241795067095,13.622537272395128,36,Q4 highest
162,pickup,Manhattan,Midtown East,Yellow Zone,0.0481677516413386,0.0436046511627907,-0.0221289877582211,-17838.0,806092.0,788254,False,34.80892584221209,43.52260560828282,5.515364330622292,1383.086233333168,13.59995315889544,37,Q4 highest
66,pickup,Brooklyn,DUMBO/Vinegar Hill,Boro Zone,0.047661560222105,0.0453035336756267,0.0041311480619354,1560.0,377619.0,379179,False,28.743310347201646,33.645437517735914,5.0586411912536775,1282.1909411337883,12.841641029784196,38,Q4 highest
13,pickup,Manhattan,Battery Park City,Yellow Zone,0.0475636755370355,0.0422654268808114,-0.0414205984583502,-18888.0,456005.0,437117,False,34.73056968673733,43.136902007664354,6.003999552636606,1334.2319075448734,13.03025905334869,39,Q4 highest
43,pickup,Manhattan,Central Park,Yellow Zone,0.0473508381855873,0.0438340151957919,-0.0443115445510304,-6661.0,150322.0,143661,False,30.17538404225582,37.234788986323274,4.507359887441596,1268.7536421814505,11.920534938948277,40,Q4 highest
263,pickup,Manhattan,Yorkville West,Yellow Zone,0.0472738173914782,0.0455511691466747,-0.0411831876273214,-22541.0,547335.0,524794,False,27.715496359634862,35.239646907303126,5.547190411722327,1219.0607178419066,13.212816325388756,41,Q4 highest
100,pickup,Manhattan,Garment District,Yellow Zone,0.0469897198000328,0.0399361022364217,-0.0621882973026889,-35538.0,571458.0,535920,False,35.84418536445472,45.68063784214693,6.193361827116044,1494.4263462931658,13.255946268702772,42,Q4 highest
12,pickup,Manhattan,Battery Park,Yellow Zone,0.0467962077199836,0.0405624661979448,-0.1684978540772532,-1963.0,11650.0,9687,False,33.29997854077255,41.07306609441998,5.573809527897009,1498.8521888412017,9.363061458993847,43,Q4 highest
87,pickup,Manhattan,Financial District North,Yellow Zone,0.0467403146658065,0.0424688561721404,-0.0077514370369412,-4798.0,618982.0,614184,False,34.7992103001379,43.18005261864644,6.602304055691475,1453.3181804963633,13.33583147208399,44,Q4 highest
163,pickup,Manhattan,Midtown North,Yellow Zone,0.0467267720183435,0.0417246175243393,-0.0296693561333515,-24950.0,840935.0,815985,False,36.919973577029936,45.514758929041484,5.500375960092127,1408.1036845891774,13.642269647026405,45,Q4 highest
239,pickup,Manhattan,Upper West Side South,Yellow Zone,0.0462848258538983,0.0431530494821634,-0.0850546149478272,-55722.0,655132.0,599410,False,29.373026977769992,36.97278027939405,5.3280654600903725,1254.2143629070172,13.392592021031165,46,Q4 highest
161,pickup,Manhattan,Midtown Center,Yellow Zone,0.0456383525712244,0.0411071526445601,-0.0141792432103564,-16780.0,1183420.0,1166640,False,37.05633645704911,46.00945151340558,5.429166792009397,1413.8395573845296,13.983919109538231,47,Q4 highest
97,pickup,Brooklyn,Fort Greene,Boro Zone,0.0451297577807377,0.0435793143521208,0.0009465859397208,626.0,661324.0,661950,False,24.32165511912503,28.05796591385082,4.344100076513052,1214.8523356176397,13.401999165156031,48,Q4 highest
230,pickup,Manhattan,Times Sq/Theatre District,Yellow Zone,0.0450246031133053,0.0388399792853443,-0.0406658287903464,-50314.0,1237255.0,1186941,False,38.3209735745689,48.182440854956624,6.287053579900358,1474.658799519905,14.028405774026416,49,Q4 highest
256,pickup,Brooklyn,Williamsburg (South Side),Boro Zone,0.044703894106953,0.0423968343697003,-0.0076425473753682,-6531.0,854558.0,848027,False,24.89675834758886,29.131667704234953,4.332900643373674,1225.9189885297428,13.658339655185163,50,Q4 highest
261,pickup,Manhattan,World Trade Center,Yellow Zone,0.0441281899487357,0.0385109114249037,-0.0269148032757461,-10047.0,373289.0,363242,False,37.36685959136204,46.39154794276691,6.738813554645475,1527.072407705558,12.830108197551828,51,Q4 highest
226,pickup,Queens,Sunnyside,Boro Zone,0.0440659783401438,0.0425894378194207,0.0290544704157857,17304.0,595571.0,612875,False,20.92480641266964,24.616276917480683,4.187384884421845,1111.8357693709063,13.297275888210336,52,Q4 highest
75,pickup,Manhattan,East Harlem South,Boro Zone,0.0439703899251004,0.0430045871559633,-0.0690494328762485,-45682.0,661584.0,615902,False,23.79087721287129,28.897418090537556,5.029333519250842,1173.2733500205568,13.40239223860233,53,Q4 highest
145,pickup,Queens,Long Island City/Hunters Point,Boro Zone,0.0439107600937266,0.0425652667423382,0.0386651253346312,31775.0,821800.0,853575,False,23.997395339496986,29.15727545630783,4.846536572158831,1199.8843404721342,13.619252335431446,54,Q4 highest
7,pickup,Queens,Astoria,Boro Zone,0.0436683340301798,0.04212299915754,-0.0131791431611306,-12870.0,976543.0,963673,False,20.754198760318182,24.550292470477096,4.438346076926675,1058.922827771025,13.791774063147594,55,Q4 highest
193,pickup,Queens,Queensbridge/Ravenswood,Boro Zone,0.0436253544798265,0.0415282392026578,0.1300054312941292,18431.0,141771.0,160202,False,21.840212173152572,25.64450543482996,4.400765234074701,1170.433777006581,11.861968358765294,56,Q4 highest
236,pickup,Manhattan,Upper East Side North,Yellow Zone,0.0433933983492025,0.0408274360370168,-0.0685174911760212,-51132.0,746262.0,695130,False,29.98030549592612,37.41825019898802,4.886092058821145,1230.9328051006214,13.522832023961671,57,Q4 highest
88,pickup,Manhattan,Financial District South,Yellow Zone,0.0433887973916876,0.0385405960945529,-0.06970886984103,-18461.0,264830.0,246369,False,36.898821545898976,45.54666314241266,6.800677880149654,1475.8561303477702,12.486843389679176,58,Q4 highest
74,pickup,Manhattan,East Harlem North,Boro Zone,0.042971076599887,0.0418060200668896,-0.0221163432106485,-15773.0,713183.0,697410,False,20.66064219141495,24.79225034811227,4.459736236001032,1048.7535527347118,13.477493328455964,59,Q4 highest
238,pickup,Manhattan,Upper West Side North,Yellow Zone,0.0429232007904821,0.0411071526445601,-0.0791692912275423,-42105.0,531835.0,489730,False,27.60734124305618,34.84498835167262,5.351245927778402,1216.4183195916028,13.184088569841267,60,Q4 highest
33,pickup,Brooklyn,Brooklyn Heights,Boro Zone,0.0426294521429393,0.0412087912087912,-0.0176608846701628,-8581.0,485876.0,477295,False,29.53928115403954,34.43094664073726,5.3542558718686974,1320.7116568836493,13.093708726294933,61,Q4 highest
217,pickup,Brooklyn,South Williamsburg,Boro Zone,0.04261316645292,0.0403496981071948,0.0425374666392937,7252.0,170485.0,177737,False,18.172460216442047,20.834607971384518,2.916573481537967,953.2335923981582,12.046402595295957,62,Q4 highest
54,pickup,Brooklyn,Columbia Street,Boro Zone,0.0419613160962291,0.0403334229631621,0.0350320679493847,2021.0,57690.0,59711,False,26.014210088403217,30.881651932737693,5.162470826833202,1219.3777257756976,10.962839127250936,63,Q4 highest
151,pickup,Manhattan,Manhattan Valley,Yellow Zone,0.0419200064110297,0.040595399188092,-0.0903057729296762,-27419.0,303624.0,276205,False,25.598081442838108,31.452513042470567,5.181392811503594,1202.1402721787474,12.623545372762615,64,Q4 highest
152,pickup,Manhattan,Manhattanville,Boro Zone,0.0415997998236363,0.040192926045016,-0.0528142414994323,-12235.0,231661.0,219426,False,22.148163178092542,26.42575867325089,4.784178640340841,1098.838004670618,12.353030375148004,65,Q4 highest
80,pickup,Brooklyn,East Williamsburg,Boro Zone,0.0412883826254156,0.0394944707740916,-0.0482777005127635,-40024.0,829037.0,789013,False,23.87187767252605,28.06769244315836,4.41211368250151,1145.8571631905452,13.628020065208302,66,Q4 highest
34,pickup,Brooklyn,Brooklyn Navy Yard,Boro Zone,0.0409753369021963,0.0380035469977197,-0.1237265443591406,-11829.0,95606.0,83777,False,27.384759952304105,31.81275495262254,4.731549839968208,1232.6159759847708,11.467990858576348,67,Q3
25,pickup,Brooklyn,Boerum Hill,Boro Zone,0.0408108854111279,0.0396196513470681,0.0022661214005677,1341.0,591760.0,593101,False,26.678384919562085,30.905025246741666,4.8662621011896565,1300.222299580911,13.29085642626175,68,Q3
24,pickup,Manhattan,Bloomingdale,Yellow Zone,0.0407249275668746,0.0399042298483639,-0.0739490851342008,-10803.0,146087.0,135284,False,24.645111132407028,30.106825111075768,4.979694373900398,1196.7946702992053,11.891957613629241,69,Q3
179,pickup,Queens,Old Astoria,Boro Zone,0.040687311964058,0.0391236306729264,0.0211003973769094,7333.0,347529.0,354862,False,21.805385248426145,25.901173254630944,4.652929430349782,1136.9891634942696,12.758603393742366,70,Q3
260,pickup,Queens,Woodside,Boro Zone,0.0406424774591075,0.03933910306845,0.0491309205227468,20801.0,423379.0,444180,False,18.918552455365944,22.13986980934458,3.9966560292314703,965.5027575765449,12.95602303796443,71,Q3
49,pickup,Brooklyn,Clinton Hill,Boro Zone,0.0405250712382377,0.0396196513470681,3.4123259713858545e-05,21.0,615416.0,615437,False,23.207730088265723,26.808926384786922,4.064166420762711,1182.6161783249054,13.330053740882118,72,Q3
112,pickup,Brooklyn,Greenpoint,Boro Zone,0.0402464017319705,0.0393597480976121,0.0343619066034592,32698.0,951577.0,984275,False,23.801774885267086,28.529809043291923,4.314954754055607,1166.0122585980955,13.765875887299593,73,Q3
255,pickup,Brooklyn,Williamsburg (North Side),Boro Zone,0.040195410119458,0.0380614057345851,-0.0263393054040113,-27471.0,1042966.0,1015495,False,26.50533517870926,31.275986254565662,4.535811447353095,1270.5451970629915,13.857579135177366,74,Q3
52,pickup,Brooklyn,Cobble Hill,Boro Zone,0.0391414945775507,0.0379842998227399,-0.0144494113202795,-2295.0,158830.0,156535,False,26.99028747717818,31.618221872457948,4.958478436063733,1256.7913744254863,11.9755897268292,75,Q3
116,pickup,Manhattan,Hamilton Heights,Boro Zone,0.039023679285539,0.0380035469977197,-0.0196217715594351,-9005.0,458929.0,449924,False,21.851517838272,26.076376258664308,4.804868373975039,1079.8772685971032,13.036650792982003,76,Q3
42,pickup,Manhattan,Central Harlem North,Boro Zone,0.0384590307105115,0.0378883556453649,-0.0211261610329509,-19356.0,916210.0,896854,False,20.736524901494345,24.54835045458992,4.409949379508791,1029.1959365211032,13.728000875022671,77,Q3
83,pickup,Queens,Elmhurst/Maspeth,Boro Zone,0.0381465714406779,0.0372670807453416,0.1112237760596372,23693.0,213021.0,236714,False,18.77283723201192,22.003009750226877,3.9781143408396926,975.7484614192967,12.26914603138103,78,Q3
41,pickup,Manhattan,Central Harlem,Boro Zone,0.0381450845095425,0.0375375375375375,-0.0135375135918811,-8964.0,662160.0,653196,False,22.281148861303688,26.697134076383527,4.403567370424016,1088.0191872055093,13.403262497559277,79,Q3
105,pickup,Manhattan,Governor's Island/Ellis Island/Liberty Island,Yellow Zone,0.0380039202368897,0.0348843269546391,0.25,3.0,12.0,15,True,60.494166666666665,71.70916666666666,10.6185,2309.3333333333335,2.4849066497880004,80,Q3
166,pickup,Manhattan,Morningside Heights,Boro Zone,0.037990289207736,0.0368731563421828,-0.0592944162772096,-26910.0,453837.0,426927,False,25.205968728861226,30.62160370356087,5.078509700619545,1212.5800033932887,13.025493381719478,81,Q3
17,pickup,Brooklyn,Bedford,Boro Zone,0.0379777428806188,0.0368912936546974,-0.0331196530615143,-27982.0,844876.0,816894,False,20.761853041156307,23.840297250733695,3.655498121617735,1114.481486040555,13.646945150008998,82,Q3
244,pickup,Manhattan,Washington Heights South,Boro Zone,0.0376682167931876,0.0366568914956011,-0.0119163133889237,-9186.0,770876.0,761690,False,23.182595579574425,27.930471489584793,5.415561581888532,1109.4013278400157,13.55528280952013,83,Q3
168,pickup,Bronx,Mott Haven/Port Morris,Boro Zone,0.0370638936287072,0.0361184685769323,0.0801609788139332,49059.0,612006.0,661065,False,20.100059443861486,23.577606771856026,4.4286187308621265,1050.267293131113,13.324497365367973,84,Q3
189,pickup,Brooklyn,Prospect Heights,Boro Zone,0.0369627110991472,0.0363636363636363,-0.0095008387020951,-3557.0,374388.0,370831,False,24.44312993472008,28.144848659705854,4.296681595029829,1242.2970634742567,12.833047971789869,85,Q3
8,pickup,Queens,Astoria Park,Boro Zone,0.0368440062060844,0.0360277055521865,-0.1078364176376514,-472.0,4377.0,3905,False,21.710616860863627,25.682501713502543,4.529810829335156,1132.8978752570254,8.384118837190895,86,Q3
202,pickup,Manhattan,Roosevelt Island,Boro Zone,0.0367841736835106,0.0361532899493853,-0.0433614301069186,-3066.0,70708.0,67642,False,30.634641907563545,36.63897338349267,6.365644608813745,1593.4025852803077,11.166313999655774,87,Q3
40,pickup,Brooklyn,Carroll Gardens,Boro Zone,0.0363490892669534,0.0354274917335852,0.0544965440902012,12702.0,233079.0,245781,False,26.415354536445847,31.439803886257334,5.011280312683671,1242.397753551371,12.359132730875402,88,Q3
37,pickup,Brooklyn,Bushwick South,Boro Zone,0.0360104968592961,0.0342857142857142,0.0047469716423036,5239.0,1103651.0,1108890,False,21.908096291305576,25.36443186295804,4.079571153380863,1183.6609933756233,13.914134332653303,89,Q3
159,pickup,Bronx,Melrose South,Boro Zone,0.0351886743871932,0.0338944756331998,0.021447846220475,9657.0,450255.0,459912,False,18.92961810529673,21.94472114692886,3.772802740669219,1056.2277709298064,13.017569367918242,90,Q3
106,pickup,Brooklyn,Gowanus,Boro Zone,0.0351210937156952,0.0339136332805787,0.0596662881104219,12294.0,206046.0,218340,False,23.327846742961825,27.273414140550265,4.38819786358382,1190.6378187395048,12.235854723814642,91,Q3
120,pickup,Manhattan,Highbridge Park,Boro Zone,0.0350602200794836,0.0338410444342647,-0.0834379526798647,-864.0,10355.0,9491,False,21.749298889425415,25.90707967165637,5.052653887011131,1055.4539835828102,9.245224773829685,92,Q3
243,pickup,Manhattan,Washington Heights North,Boro Zone,0.0348048478985445,0.0339520144861928,0.0161240546429395,8673.0,537892.0,546565,False,22.734414361992304,27.11933490369077,5.280574009280734,1105.9916470220787,13.195413075497825,93,Q3
82,pickup,Queens,Elmhurst,Boro Zone,0.0347408974208909,0.034106412005457,0.062285008082878,41881.0,672409.0,714290,False,19.120275100422077,22.162579843550105,3.944987028728109,1031.66840866199,13.418622065316967,94,Q3
129,pickup,Queens,Jackson Heights,Boro Zone,0.0343158274621965,0.0334150144798396,0.0152896484982818,11644.0,761561.0,773205,False,19.692959014445748,23.08683525025932,4.105848026619138,1031.1140118782344,13.543125553164925,95,Q3
195,pickup,Brooklyn,Red Hook,Boro Zone,0.0339380672044252,0.0327153762268266,0.0991287955148496,18194.0,183539.0,201733,False,28.25285879295468,33.549620625607005,5.752280098507754,1392.7117288423715,12.120182457954543,96,Q3
36,pickup,Brooklyn,Bushwick North,Boro Zone,0.0338395278862464,0.0326512842838485,0.0055269089069398,4490.0,812389.0,816879,False,21.838579202818806,25.29730939243433,4.062287641757903,1142.0741812112178,13.607734568468683,97,Q3
127,pickup,Manhattan,Inwood,Boro Zone,0.0337626903738787,0.0329960404751429,0.004511758412123,1653.0,366376.0,368029,False,21.626593062865314,25.260685252330706,5.001813080005147,1048.2672309321572,12.811415407453344,98,Q3
157,pickup,Queens,Maspeth,Boro Zone,0.033725424685511,0.033288948069241,0.0492553404874134,15716.0,319072.0,334788,False,21.28600782895483,24.895519663296273,4.1582545820379,1017.6242384164076,12.67317206162852,99,Q3
225,pickup,Brooklyn,Stuyvesant Heights,Boro Zone,0.0336906203309923,0.0324114088159031,-0.0217265190327341,-17752.0,817066.0,799314,False,21.55268502177143,24.730617575579767,3.8897937498316253,1189.6971664467742,13.613475153933074,100,Q3
181,pickup,Brooklyn,Park Slope,Boro Zone,0.033639680590877,0.0323485011861117,0.0055293797367554,5423.0,980761.0,986184,False,25.203261497954838,29.402134933973052,4.619366093268413,1261.2699974815475,13.796084079915095,101,Q3
207,pickup,Queens,Saint Michaels Cemetery/Woodside,Boro Zone,0.0334218076654974,0.0322823664332865,0.0895927601809953,1386.0,15470.0,16856,False,15.745158371040665,18.075754363282822,3.250343956043962,727.3453135100194,9.646657943567112,102,Q3
61,pickup,Brooklyn,Crown Heights North,Boro Zone,0.0333629312380033,0.032488628979857,-0.0316934830075494,-42573.0,1343273.0,1300700,False,20.6650544379226,23.591711714571748,3.763537293610344,1133.9754651511644,14.110619731094765,103,Q3
223,pickup,Queens,Steinway,Boro Zone,0.0332923561110814,0.0320375907731738,0.0163286627335299,7971.0,488160.0,496131,False,21.372933976565825,25.62951743284156,4.762157860127869,1045.8953683218617,13.098398499950497,104,Q3
235,pickup,Bronx,University Heights/Morris Heights,Boro Zone,0.0332466823000212,0.0323904124379183,0.0219976675321433,9167.0,416726.0,425893,False,18.910659354108887,21.786513632480364,4.100842080887621,997.9981642614092,12.940184210472456,105,Q3
69,pickup,Bronx,East Concourse/Concourse Village,Boro Zone,0.032990796413992,0.0321612349914236,0.0143263213273343,7298.0,509412.0,516710,False,19.33957525539274,22.379179171303647,3.9649835791067582,1045.3155441960535,13.14101239837606,106,Q3
198,pickup,Queens,Ridgewood,Boro Zone,0.0328650101622869,0.0320786997433704,0.0385509887104633,23654.0,613577.0,637231,False,21.1077952074482,24.38325755368838,4.088073899445338,1133.4397231317341,13.327061044629914,107,Q3
169,pickup,Bronx,Mount Hope,Boro Zone,0.0324929458577795,0.0316455696202531,-0.006025428064347,-2862.0,474987.0,472125,False,18.157682841847024,20.921218117570987,3.84992063151198,977.1900346746332,13.071042714221203,108,Q3
147,pickup,Bronx,Longwood,Boro Zone,0.0323092852894494,0.0309597523219814,0.0219789601494986,4634.0,210838.0,215472,False,19.272398523986563,22.45201832687945,4.11008581944433,1070.6759265407563,12.258845345058093,109,Q3
167,pickup,Bronx,Morrisania/Melrose,Boro Zone,0.0323041075456273,0.0310173697270471,0.0212545639875094,7882.0,370838.0,378720,False,18.660345703516565,21.55754100174983,3.7332295422799033,1049.2030994666134,12.823520588544904,110,Q3
62,pickup,Brooklyn,Crown Heights South,Boro Zone,0.0322486016722251,0.0313676286072772,-0.0057352647190719,-2123.0,370166.0,368043,False,21.093129812031844,24.092628820606006,3.822631832745357,1162.3604761107179,12.821706832656343,111,Q3
160,pickup,Queens,Middle Village,Boro Zone,0.0321811189588402,0.0313217790770515,0.0611399306441402,12941.0,211662.0,224603,False,20.32522276081818,23.558897676499107,4.187249794483637,1042.5046772684752,12.262745941719581,112,Q3
56,pickup,Queens,Corona,Boro Zone,0.0321618187174561,0.0316055625790139,0.0490446999250071,14257.0,290694.0,304951,False,20.353744693734267,23.628833446873905,4.4346411621842705,1045.4534768519475,12.580026446499081,113,Q3
119,pickup,Bronx,Highbridge,Boro Zone,0.0321453244757966,0.0319965870307167,0.01894814788274,6346.0,334914.0,341260,False,19.965401237333815,23.206518210663035,4.343559289847434,1015.6127244606078,12.721629061431992,114,Q3
196,pickup,Queens,Rego Park,Boro Zone,0.0317257101951039,0.03116883150528,0.0719193298884244,17481.0,243064.0,260545,False,20.737402453676214,24.088629332209607,4.490591671329401,1074.9338610407135,12.40108006213131,115,Q3
190,pickup,Brooklyn,Prospect Park,Boro Zone,0.0316993426135208,0.0306247447937933,-0.0798511173731558,-5299.0,66361.0,61062,False,24.2803197661279,27.933303144913076,4.192849369358453,1285.1300764002954,11.102864813509706,116,Q3
128,pickup,Manhattan,Inwood Hill Park,Boro Zone,0.0314663823320029,0.0306216191819548,0.0428785821482169,1200.0,27986.0,29186,False,24.034869934967638,28.11589830629498,5.3908532837847565,1132.0512041735153,10.239459664115659,117,Q3
247,pickup,Bronx,West Concourse,Boro Zone,0.031139469394557,0.0309533635988444,0.0475241129350596,23838.0,501598.0,525436,False,20.582236611789586,23.967807965765164,4.268977687311394,1010.1818029577471,13.12555428105207,118,Q3
153,pickup,Manhattan,Marble Hill,Boro Zone,0.0309318380692724,0.0300090030010804,-0.0070730358763574,-678.0,95857.0,95179,False,17.824759589804692,20.381211283467014,3.7693154073254687,895.480006676612,11.47061277658443,119,Q3
136,pickup,Bronx,Kingsbridge Heights,Boro Zone,0.0307210766933469,0.0298804780876494,0.0348431252808536,9072.0,260367.0,269439,False,19.177377893513096,22.04970303457794,4.1617805136595285,1003.0781627471991,12.469847453175266,120,Q3
47,pickup,Bronx,Claremont/Bathgate,Boro Zone,0.0305232102525994,0.0295974743488555,0.0145985839613664,4864.0,333183.0,338047,False,17.93882584045487,20.60923978716124,3.6989696743231586,973.0233685392112,12.716447167565077,121,Q3
94,pickup,Bronx,Fordham South,Boro Zone,0.0304126097847557,0.0298270033803937,-0.0023084156088387,-491.0,212700.0,212209,False,18.38406055477341,21.12663479079675,3.795468335684085,1007.3136201222379,12.26763800118833,122,Q3
188,pickup,Brooklyn,Prospect-Lefferts Gardens,Boro Zone,0.0304087867296663,0.0293714509496769,-0.0083242752196264,-6341.0,761748.0,755407,False,21.116400016803418,24.19738721994127,3.8800471717680973,1183.5579404212417,13.543371071311197,123,Q3
212,pickup,Bronx,Soundview/Bruckner,Boro Zone,0.0302844504389034,0.0289519397799652,0.042500924100542,11038.0,259712.0,270750,False,18.370373028586783,21.45018451208958,4.276994551657207,946.0113779879251,12.467328603745433,124,Q3
60,pickup,Bronx,Crotona Park East,Boro Zone,0.0302808001944737,0.0288517022504327,0.0311366773636576,7015.0,225297.0,232312,False,18.53713666848796,21.46389042021425,3.947834325357256,1001.3527477063609,12.325174810752454,125,Q3
126,pickup,Bronx,Hunts Point,Boro Zone,0.030250318559507,0.029131870266071,0.028655670344388,8815.0,307618.0,316433,False,19.35473558114354,22.502564381816715,4.2614725958818775,1039.1868583762978,12.636614032456807,126,Q3
257,pickup,Brooklyn,Windsor Terrace,Boro Zone,0.0302332166307539,0.0291772028788173,0.071341090018371,10485.0,146970.0,157455,False,24.746672858408118,29.331407430101866,5.095499271960272,1224.7372729128394,11.897983763300731,127,Q3
173,pickup,Queens,North Corona,Boro Zone,0.0301880645683786,0.0297855440826052,0.085855610804068,19822.0,230876.0,250698,False,19.283293846048977,22.355685129695896,4.129916587259021,1000.23242346541,12.349636048840292,128,Q3
133,pickup,Brooklyn,Kensington,Boro Zone,0.030157909690707,0.0292056074766355,0.0076803141421724,1463.0,190487.0,191950,False,21.929134691607867,25.591848315122704,4.473281762010144,1177.155359683338,12.157339229750521,129,Q3
227,pickup,Brooklyn,Sunset Park East,Boro Zone,0.029767033797921,0.0284037114182919,0.0706136530546019,16538.0,234204.0,250742,False,21.19872909941956,24.79993104304063,4.416655983672327,1158.7741242677323,12.363947809419201,130,Q3
177,pickup,Brooklyn,Ocean Hill,Boro Zone,0.0297261083686137,0.0288378355063029,-0.0287390897899871,-12420.0,432164.0,419744,False,19.645297757332997,22.374395784957912,3.827214423228375,1101.8651877527975,12.976560424814782,131,Q3
228,pickup,Brooklyn,Sunset Park West,Boro Zone,0.0296057091125693,0.0286259541984732,0.0560799705782739,26990.0,481277.0,508267,False,23.5881040440326,27.655794604802452,4.9245841770956,1223.4717553508685,13.084198266906471,132,Q2
248,pickup,Bronx,West Farms/Bronx River,Boro Zone,0.0295928381352398,0.028735632183908,0.0212931493386838,5200.0,244210.0,249410,False,18.858476884649612,21.99631685845521,4.436794844600992,970.8020228491872,12.405783789861262,133,Q2
78,pickup,Bronx,East Tremont,Boro Zone,0.0295409437441757,0.028333962976955,0.0208759498613946,9195.0,440459.0,449654,False,18.622659384869912,21.530714618181694,4.001978127362613,1009.3242867100003,12.995572643976583,134,Q2
111,pickup,Brooklyn,Green-Wood Cemetery,Boro Zone,0.0293240588733884,0.0284188369645484,-0.0832106038291605,-339.0,4074.0,3735,False,21.141296023564042,24.615827196858174,4.044863770250377,1096.9322533136967,8.31238059678675,135,Q2
241,pickup,Bronx,Van Cortlandt Village,Boro Zone,0.0285695054298205,0.0277674935209181,0.0254862419401915,9605.0,376870.0,386475,False,19.630798816569577,22.615792687152787,4.411630803725394,1010.9704752301855,12.839655579377238,136,Q2
89,pickup,Brooklyn,Flatbush/Ditmas Park,Boro Zone,0.028533439352694,0.0273622765414082,0.0117646013791143,9271.0,788042.0,797313,False,21.97262312160969,25.41212927738569,4.33213934917184,1211.4681806299664,13.577306666912035,137,Q2
85,pickup,Brooklyn,Erasmus,Boro Zone,0.0284731321856307,0.0275128393250183,0.0062017618713776,1955.0,315233.0,317188,False,21.189771660963423,24.29152087505522,4.063496670716636,1188.6714684059093,12.661067326917149,138,Q2
95,pickup,Queens,Forest Hills,Boro Zone,0.0282382618349922,0.0277572168763878,0.0465847071528995,30583.0,656503.0,687086,False,22.126442514352515,25.691851400559244,4.804541753807741,1086.4750595199107,13.394682542402284,139,Q2
102,pickup,Queens,Glendale,Boro Zone,0.0282173417811104,0.027793218454697,0.0271647294863512,6350.0,233759.0,240109,False,19.610578245117402,22.435878233581665,3.9793678232708927,1035.4728545211094,12.362045949083521,140,Q2
18,pickup,Bronx,Bedford Park,Boro Zone,0.0277992901903764,0.0268240343347639,0.0519693083510846,23909.0,460060.0,483969,False,18.686085880103256,21.47749739166784,3.989146889536105,993.3599682650089,13.03911219474201,141,Q2
57,pickup,Queens,Corona,Boro Zone,0.0277523311085094,0.0282220131702728,0.1041307264711519,2173.0,20868.0,23041,False,21.18495926777843,24.710619129767384,4.953624544757502,1024.4100057504313,9.945972164142283,142,Q2
59,pickup,Bronx,Crotona Park,Boro Zone,0.0277145360640919,0.026574551806809,0.1196410767696909,1320.0,11033.0,12353,False,19.61016405329461,22.747268195413962,4.17300425994742,1056.6356385389286,9.308646060760307,143,Q2
192,pickup,Queens,Queensboro Hill,Boro Zone,0.0276936882472131,0.0273572861572132,0.0493897314818521,6171.0,124945.0,131116,False,21.231566209132335,24.552291168117932,4.9923500020008404,1045.853239425347,11.735628919456033,144,Q2
220,pickup,Bronx,Spuyten Duyvil/Kingsbridge,Boro Zone,0.027600767398523,0.0270660411403825,0.0569387281896702,19645.0,345020.0,364665,False,21.01942174366823,24.690127847682,4.886508135760241,982.0717726508608,12.751357665347735,145,Q2
250,pickup,Bronx,Westchester Village/Unionport,Boro Zone,0.0275571615430106,0.0265863169088975,0.0440314290581669,10597.0,240669.0,251266,False,19.32509533841245,22.48830065360953,4.369258629071477,1018.2673048876258,12.391177824450713,146,Q2
14,pickup,Brooklyn,Bay Ridge,Boro Zone,0.0273041040270477,0.0261233019853709,0.0447776510832382,23562.0,526200.0,549762,False,22.54378726719914,26.76194804260192,5.156155940707028,1090.0286545039908,13.17343664758833,147,Q2
213,pickup,Bronx,Soundview/Castle Hill,Boro Zone,0.0271555756066953,0.0261734426801605,0.0306009665896196,14563.0,475900.0,490463,False,19.633486026476167,22.77688028999906,4.571201038033328,1015.5660285774322,13.072963027109202,148,Q2
182,pickup,Bronx,Parkchester,Boro Zone,0.0271341322408749,0.0263319584228245,0.0349935090199582,9084.0,259591.0,268675,False,20.30211887161132,23.655620341244155,4.565442010701466,1075.4249916214353,12.466862594489989,149,Q2
35,pickup,Brooklyn,Brownsville,Boro Zone,0.0267861877211131,0.0258264462809917,-0.0112440823820003,-6933.0,616591.0,609658,False,18.504703328463073,20.992585928139217,3.574091504741279,1039.2041953255887,13.331961198155103,150,Q2
67,pickup,Brooklyn,Dyker Heights,Boro Zone,0.0267471180407532,0.0257909215955983,0.0531604782298771,9173.0,172553.0,181726,False,21.04498003512026,24.817695200906567,4.5091716689944645,1062.900419001698,12.058459714639861,151,Q2
199,pickup,Bronx,Rikers Island,Boro Zone,0.0263799310098872,0.0257820556892402,0.1612903225806452,5.0,31.0,36,True,49.52870967741936,59.38903225806453,11.435096774193546,2070.7741935483873,3.4339872044851463,152,Q2
258,pickup,Queens,Woodhaven,Boro Zone,0.0259975287712032,0.0255340881924673,0.0264502199518408,8502.0,321434.0,329936,False,20.907955941189726,23.970204396569166,4.695986137122899,1101.4854589122494,12.680547513871563,153,Q2
71,pickup,Brooklyn,East Flatbush/Farragut,Boro Zone,0.0259890961318364,0.0251804599630686,-0.013236611592403,-5777.0,436441.0,430664,False,19.51380770825976,22.21855235876079,3.67316620115887,1093.7002435609854,12.986408479032105,154,Q2
32,pickup,Bronx,Bronxdale,Boro Zone,0.0256186425693777,0.024807740184521,0.0345927309294642,8428.0,243635.0,252063,False,19.621687442281846,22.700641615545848,4.463603020912552,1018.1220185933877,12.40342648265808,155,Q2
63,pickup,Brooklyn,Cypress Hills,Boro Zone,0.0255547680001494,0.0248262164846077,0.0235217394057198,7430.0,315878.0,323308,False,19.839723690793196,22.662497736488135,4.330968386528844,1075.1871260423327,12.663111342073176,156,Q2
72,pickup,Brooklyn,East Flatbush/Remsen Village,Boro Zone,0.0255108288153036,0.024557956777996,-0.0220127946669912,-11214.0,509431.0,498217,False,18.54198329116307,21.015400652911392,3.4659920852871418,1037.3552728436237,13.14104969558476,157,Q2
22,pickup,Brooklyn,Bensonhurst West,Boro Zone,0.0252745353931885,0.0241818474931484,0.0743505605687722,24471.0,329130.0,353601,False,19.589137301371842,22.728235347756247,4.118165226506152,1026.058283960745,12.704208088479646,158,Q2
200,pickup,Bronx,Riverdale/North Riverdale/Fieldston,Boro Zone,0.025266270338915,0.0249542505406754,0.0571965974848385,11525.0,201498.0,213023,False,26.729082075258123,32.133466039384295,6.613463920237349,1121.3640185014244,12.213534734761303,159,Q2
174,pickup,Bronx,Norwood,Boro Zone,0.0251989184632375,0.0246345869600919,0.031821549647764,13357.0,419747.0,433104,False,19.846827017228016,22.88660643199222,4.581185935813864,1008.1469790135486,12.94740742780287,160,Q2
26,pickup,Brooklyn,Borough Park,Boro Zone,0.0250231715533057,0.0243684511395828,0.0130559515910309,6749.0,516929.0,523678,False,18.41408887874382,21.200125587877128,3.1283391258760425,1018.9632715517992,13.155660813305483,161,Q2
77,pickup,Brooklyn,East New York/Pennsylvania Avenue,Boro Zone,0.025018807033188,0.0239196306513035,-0.0159406417756596,-4763.0,298796.0,294033,False,19.155512021581544,21.801359087824242,3.941675370487034,1063.1999357421116,12.607516345270337,162,Q2
194,pickup,Manhattan,Randalls Island,Yellow Zone,0.0249980323257194,0.0241293346309613,0.4303790121307098,7415.0,17229.0,24644,False,33.6211364559754,51.93494282894996,7.289399384758238,1516.7937779325555,9.754349289532406,163,Q2
135,pickup,Queens,Kew Gardens Hills,Boro Zone,0.0249809636939167,0.0246507806080525,0.0384912213004051,6783.0,176222.0,183005,False,22.251669768815933,25.743035319099988,5.1736450443190405,1107.4472937544688,12.079499842805868,164,Q2
73,pickup,Queens,East Flushing,Boro Zone,0.024963056072217,0.0244957950518613,0.0452215491217051,4464.0,98714.0,103178,False,19.91816368498777,22.926359786853887,4.407079846830233,1017.3375103835323,11.499982059334299,165,Q2
242,pickup,Bronx,Van Nest/Morris Park,Boro Zone,0.0248411051315673,0.0240963855421686,0.0335111001505366,13045.0,389274.0,402319,False,19.262674131846374,22.196073665357915,4.097236147289707,1023.4155607618284,12.872038744828282,166,Q2
20,pickup,Bronx,Belmont,Boro Zone,0.0247547212757425,0.0241779497098646,0.0407597525470599,11998.0,294359.0,306357,False,20.191211242056323,23.426455178898102,4.289867899401818,1037.4551007443292,12.592555389834057,167,Q2
121,pickup,Queens,Hillcrest/Pomonok,Boro Zone,0.0246439862746675,0.0242130750605326,0.0437553293782542,9647.0,220476.0,230123,False,22.344837896189766,25.68068465503453,5.210049374988571,1121.8533717955695,12.303544124407734,168,Q2
96,pickup,Queens,Forest Park/Highland Park,Boro Zone,0.0245804900318429,0.024394210440722,0.0072347266881029,108.0,14928.0,15036,False,22.569815782422364,25.986722266880527,5.09029293944264,1185.6521302250803,9.610993923087126,169,Q2
70,pickup,Queens,East Elmhurst,Boro Zone,0.0245788900105201,0.0239578342117872,-7.501312729729648e-05,-18.0,239958.0,239940,False,22.708263112712977,26.98318293203355,4.890821502096264,1058.2030021920502,12.388219187009842,170,Q2
134,pickup,Queens,Kew Gardens,Boro Zone,0.0245733538360026,0.0244798043245643,0.0771490464335367,16703.0,216503.0,233206,False,21.09306235941417,24.415788649595292,4.889761670739075,1007.6746234463263,12.28535968314161,171,Q2
183,pickup,Bronx,Pelham Bay,Boro Zone,0.0245533552374178,0.0243013367329701,0.0144822424714714,1877.0,129607.0,131484,False,20.120615476015765,23.417782372869848,4.956007082950853,966.5367534160963,11.772262073787376,172,Q2
28,pickup,Queens,Briarwood/Jamaica Hills,Boro Zone,0.0245047691302085,0.0242738087194804,0.0366192805378788,8954.0,244516.0,253470,False,20.828997284432827,24.04268158322621,4.853487538647892,1038.8286696985065,12.407036025428784,173,Q2
185,pickup,Bronx,Pelham Parkway,Boro Zone,0.0245004793295748,0.0236705065488401,0.0440846281161391,13744.0,311764.0,325508,False,20.443737570727983,23.75900588267328,4.627626124247774,1057.9614516108338,12.650001770312628,174,Q2
92,pickup,Queens,Flushing,Boro Zone,0.0243522813803022,0.0240615976900866,0.0586354775828459,29328.0,500175.0,529503,False,23.222996511220575,27.20850494329837,5.441362193232333,1130.379371220073,13.122713316168618,175,Q2
11,pickup,Brooklyn,Bath Beach,Boro Zone,0.0243374163281527,0.0235257214554579,0.0737912311158719,7991.0,108292.0,116283,False,20.74299782070598,24.146730506408375,4.818918027185647,1035.5822960144794,11.592586561377908,176,Q2
197,pickup,Queens,Richmond Hill,Boro Zone,0.024228290460636,0.0240770465489566,0.0337355102571363,14534.0,430822.0,445356,False,19.551635803186645,22.38386916176756,4.322994612624311,980.0980497746169,12.97345029074133,177,Q2
254,pickup,Bronx,Williamsbridge/Olinville,Boro Zone,0.0239985192972657,0.0231803430690774,0.050548153954234,24248.0,479701.0,503949,False,19.358203568473684,22.24243872748244,4.48748042009503,988.003833638037,13.080918272124213,178,Q2
21,pickup,Brooklyn,Bensonhurst East,Boro Zone,0.0238210683536239,0.0230450145951759,0.0768578818807292,19225.0,250137.0,269362,False,19.682861431937226,22.703961149307943,4.1283086548570935,1029.4918304768987,12.429764046747216,179,Q2
130,pickup,Queens,Jamaica,Boro Zone,0.0238163572031355,0.0233863429445182,0.0875084455777865,64241.0,734112.0,798353,False,20.416091890610588,23.336019558354504,4.709038897334407,1048.2177324440956,13.506416884512062,180,Q2
240,pickup,Bronx,Van Cortlandt Park,Boro Zone,0.023779287471054,0.0232810802421232,0.125629386338637,8109.0,64547.0,72656,False,20.191033665391085,23.20878135311777,4.848754767843645,945.6591940756348,11.075148919594454,181,Q2
178,pickup,Brooklyn,Ocean Parkway South,Boro Zone,0.0237524142993927,0.023110700391368,0.0170059113013598,1752.0,103023.0,104775,False,19.660178989156798,22.761695931972167,3.5977036292866185,1006.8902963415936,11.542707543254696,182,Q2
180,pickup,Queens,Ozone Park,Boro Zone,0.0237089983186477,0.0236053203805439,0.0417128113644662,6968.0,167047.0,174015,False,19.13895454572733,21.95117619592991,4.232949684819219,970.854370326914,12.026030488928642,183,Q2
171,pickup,Queens,Murray Hill-Queens,Boro Zone,0.0235881097276196,0.0232378001549186,0.0594635412235173,11182.0,188048.0,199230,False,20.63161325831814,23.898255817676826,4.77213534310379,1004.6564706883349,12.144452528372636,184,Q2
53,pickup,Queens,College Point,Boro Zone,0.0234247711732214,0.0231053604436229,0.050410480349345,7215.0,143125.0,150340,False,23.901946969433126,27.709265257651367,5.918865558078574,1180.1001082969433,11.871473653290641,185,Q2
165,pickup,Brooklyn,Midwood,Boro Zone,0.0234206500244331,0.0225937641211025,0.0317558966928004,9555.0,300889.0,310444,False,21.047859709063317,24.277422670839332,3.942967808726877,1120.2116960074977,12.614496704954234,186,Q2
208,pickup,Bronx,Schuylerville/Edgewater Park,Boro Zone,0.0233998727098606,0.0229744218103844,0.0237313547005277,7756.0,326825.0,334581,False,21.495932502104715,25.11270542341084,5.320687178153412,1041.478978046355,12.697180138430062,187,Q2
259,pickup,Bronx,Woodlawn/Wakefield,Boro Zone,0.023232973596581,0.022597167821633,0.0758482229995383,24481.0,322763.0,347244,False,20.32169672484229,23.331042095924754,4.8713663647939915,959.5167104036088,12.68467358675132,188,Q2
76,pickup,Brooklyn,East New York,Boro Zone,0.0231766115049794,0.0224181736661186,0.0096545592140517,10576.0,1095441.0,1106017,False,18.625098348516175,21.148797306290586,3.9018302391457884,1001.9779842090993,13.90666757988089,189,Q2
3,pickup,Bronx,Allerton/Pelham Gardens,Boro Zone,0.0231360809718232,0.0226278473374566,0.0549383834722725,12126.0,220720.0,232846,False,18.95778896339412,21.8638252537299,4.270471370967755,950.8985094237042,12.304650208891168,190,Q2
91,pickup,Brooklyn,Flatlands,Boro Zone,0.0229617428396507,0.0222123520149604,0.0015681003584229,770.0,491040.0,491810,False,20.14897898338343,22.90922745603894,3.9763339544637852,1089.8831174649722,13.104280869853563,191,Q2
98,pickup,Queens,Fresh Meadows,Boro Zone,0.0227637569859186,0.0223313984404658,0.0937962941860199,8231.0,87754.0,95985,False,22.644127675091205,25.911539758867328,5.425051097385856,1064.2836679809468,11.382292724334775,192,Q2
81,pickup,Bronx,Eastchester,Boro Zone,0.0226909247228573,0.0222370470423458,0.0541424969840569,14990.0,276862.0,291852,False,19.055855083039823,21.89556129047913,4.444458603925268,942.2208862176825,12.531274466083293,193,Q2
9,pickup,Queens,Auburndale,Boro Zone,0.0222930605295525,0.0220005866823115,0.0764086195002746,6535.0,85527.0,92062,False,21.872600231505086,25.148820372507274,5.141287429700582,1007.2712593683866,11.356587394547535,194,Q2
131,pickup,Queens,Jamaica Estates,Boro Zone,0.0220998710886099,0.0218531468531468,0.0486531744266669,7438.0,152878.0,160316,False,22.250998312380926,25.54636736483661,5.37132783003428,1048.5109106607883,11.937395496672643,195,Q2
122,pickup,Queens,Hollis,Boro Zone,0.0220042884999299,0.0216731686172518,0.0864135907123246,10041.0,116197.0,126238,False,20.95371791010047,23.875756086647957,4.957926684854139,1023.3283647598475,11.66304230551073,196,Q2
31,pickup,Bronx,Bronx Park,Boro Zone,0.0219520533403716,0.0214930510215897,0.0397261618491435,1619.0,40754.0,42373,False,25.138830789615735,29.82056485252714,5.685763458801554,1257.8413652647594,10.615309273360882,197,Q1 lowest
58,pickup,Bronx,Country Club,Boro Zone,0.0219360149525847,0.0217659445848283,0.0246223564954681,815.0,33100.0,33915,False,22.39604290030234,26.31042024169079,5.434382024169162,1054.5703927492448,10.407288561365155,198,Q1 lowest
108,pickup,Brooklyn,Gravesend,Boro Zone,0.0218786333432861,0.0215223474814576,0.070102044521916,9652.0,137685.0,147337,False,20.27991306242514,23.34027838908264,4.655351149362707,1003.4536514507753,11.832723746321301,199,Q1 lowest
215,pickup,Queens,South Jamaica,Boro Zone,0.0217734445722173,0.0215998273133541,0.0185395121181022,5871.0,316675.0,322546,False,18.695003457805647,21.30336003791521,4.085787495065824,954.1671903370964,12.665631290351833,200,Q1 lowest
51,pickup,Bronx,Co-Op City,Boro Zone,0.0216537243820588,0.0212344280860702,0.0284927433035246,10884.0,381992.0,392876,False,21.419126159710903,24.582055906952373,5.202545613521035,1078.0349797901526,12.85315494496104,201,Q1 lowest
6,pickup,Staten Island,Arrochar/Fort Wadsworth,Boro Zone,0.0216492990776192,0.0210585427488417,0.0845920895659355,4609.0,54485.0,59094,False,22.04922088648246,25.89063026520525,5.411480921354469,993.7223823070569,10.905680713410986,202,Q1 lowest
149,pickup,Brooklyn,Madison,Boro Zone,0.0215114775417855,0.0210142897170075,0.052444984141676,12352.0,235523.0,247875,False,19.09717785524404,21.841838631487697,3.6602632396836503,1001.2641822667001,12.369563852213263,203,Q1 lowest
175,pickup,Queens,Oakland Gardens,Boro Zone,0.0214887772179629,0.0215827338129496,0.0436669378898832,3381.0,77427.0,80808,False,24.909083782142748,28.646254665680214,6.490830227181772,1105.241737378434,11.257090835957568,204,Q1 lowest
123,pickup,Brooklyn,Homecrest,Boro Zone,0.021442583892237,0.0210201793721973,0.0660380338086097,18818.0,284957.0,303775,False,19.173048424851324,22.079847029571464,3.6426434795425138,971.5653484560828,12.560093570674697,205,Q1 lowest
16,pickup,Queens,Bayside,Boro Zone,0.0213109876804418,0.0212796141296637,0.0844419681575199,16065.0,190249.0,206314,False,23.11104873087563,26.55587077988843,5.6731579982022176,1003.3725643761596,12.15608901946833,206,Q1 lowest
39,pickup,Brooklyn,Canarsie,Boro Zone,0.0211378575565214,0.020426227370516,0.0179283059421053,13096.0,730465.0,743561,False,18.99361571054117,21.528075677854375,3.9277399806971767,997.3640502967288,13.501436596636282,207,Q1 lowest
252,pickup,Queens,Whitestone,Boro Zone,0.0210462979673376,0.0208536076741276,0.0996570439183563,11972.0,120132.0,132104,False,23.778662554523258,27.718879649059527,5.8712275163986725,1074.1857789764592,11.696346417207485,208,Q1 lowest
216,pickup,Queens,South Ozone Park,Boro Zone,0.0210156800134968,0.0208304402166365,0.0587878882035826,37840.0,643670.0,681510,False,18.536648639831142,21.498588842142865,4.104603663367626,896.092620442152,13.374941451393036,209,Q1 lowest
221,pickup,Staten Island,Stapleton,Boro Zone,0.0208234557644835,0.0205184370948868,0.0575201496833621,7993.0,138960.0,146953,False,19.373495898099566,22.537916090967034,4.499462931778889,890.1396876799079,11.841941400914987,210,Q1 lowest
93,pickup,Queens,Flushing Meadows-Corona Park,Boro Zone,0.0207169372613552,0.0202101859337105,-0.0709818161735265,-5141.0,72427.0,67286,False,36.37322517845592,42.87429812086985,7.9048462313778085,1465.8567247021138,11.190334437030174,211,Q1 lowest
138,pickup,Queens,LaGuardia Airport,Airports,0.0205079481005227,0.0202156334231805,0.0456376797911781,89430.0,1959565.0,2048995,False,55.34682252438374,69.99906662949131,11.59940634324361,2045.723381975081,14.488233067799134,212,Q1 lowest
191,pickup,Queens,Queens Village,Boro Zone,0.0201295278324844,0.0199600798403193,0.0924433817396939,25826.0,279371.0,305197,False,21.67713517151214,24.678933747618295,5.338890561296809,997.4138940691769,12.540295926574093,213,Q1 lowest
115,pickup,Staten Island,Grymes Hill/Clifton,Boro Zone,0.0200935524229138,0.0195899190588651,0.071031016305014,5794.0,81570.0,87364,False,20.190156552653775,23.566000980745827,4.787659911732284,935.3472477626578,11.309216826294627,214,Q1 lowest
15,pickup,Queens,Bay Terrace/Fort Totten,Boro Zone,0.0198720149214308,0.019538882375928,0.0546438623078588,3786.0,69285.0,73071,False,25.651218156887687,29.76575795625964,6.5908862524355945,1120.461744966443,11.145983711532816,215,Q1 lowest
205,pickup,Queens,Saint Albans,Boro Zone,0.019754073374505,0.0194931773879142,0.0600877620672841,24648.0,410200.0,434848,False,20.13823359337077,22.933731374965507,4.504687401267613,1001.8063700633837,12.924400124620417,216,Q1 lowest
64,pickup,Queens,Douglaston,Boro Zone,0.0197301958678125,0.0194881122515265,0.0726441653750038,4593.0,63226.0,67819,False,26.651893208489675,30.623892069710283,6.818841916300239,1106.4164267864487,11.054470887941358,217,Q1 lowest
55,pickup,Brooklyn,Coney Island,Boro Zone,0.0195975533638708,0.0193149626577388,0.0575942458092204,15406.0,267492.0,282898,False,24.358859218221205,28.087236739810805,5.9525463378344075,1214.954387420932,12.496844938328932,218,Q1 lowest
210,pickup,Brooklyn,Sheepshead Bay,Boro Zone,0.019490861584294,0.0190839694656488,0.0527784024063953,16195.0,306849.0,323044,False,19.580915075494417,22.409911357072776,4.224521777812433,976.0716215467543,12.634111048890636,219,Q1 lowest
19,pickup,Queens,Bellerose,Boro Zone,0.0194807739070763,0.0192049184262043,0.0848031771989252,7260.0,85610.0,92870,False,24.10422287115884,27.497605186307,6.355560436864874,1033.9295876649924,11.357557377736532,220,Q1 lowest
29,pickup,Brooklyn,Brighton Beach,Boro Zone,0.0194459196399786,0.0190597204574332,0.1091864803769371,20045.0,183585.0,203630,False,20.306333306099276,23.38951058094259,4.450245684560307,996.6534302911458,12.120433054484549,221,Q1 lowest
184,pickup,Bronx,Pelham Bay Park,Boro Zone,0.0194108587043513,0.0184751819528943,0.0260742425473154,642.0,24622.0,25264,False,22.044110551539287,25.603950938184752,5.4230418731216,1016.3593128096824,10.11139563120756,222,Q1 lowest
222,pickup,Brooklyn,Starrett City,Boro Zone,0.0194074614147002,0.0188940672628794,0.0318424109607098,3865.0,121379.0,125244,False,20.210160818593202,22.939815042142545,4.429245124774409,1064.4232115934387,11.706673160766355,223,Q1 lowest
265,pickup,Unknown,Outside of NYC,Unknown,0.0194041080441445,0.018170807972222,0.0312343828085956,125.0,4002.0,4127,False,24.84271864067974,27.6443728135933,5.818929785107439,1045.155672163918,8.294549515143679,224,Q1 lowest
124,pickup,Queens,Howard Beach,Boro Zone,0.0193284401662415,0.0194124501763023,0.0528640609486759,7827.0,148059.0,155886,False,22.02742886281867,25.332000351220373,5.154598160192912,1034.5451610506623,11.90536612195564,225,Q1 lowest
218,pickup,Queens,Springfield Gardens North,Boro Zone,0.0190054365072067,0.018536826495304,0.0040940433968599,890.0,217389.0,218279,False,20.09168025981273,23.066703191069962,4.587890886843606,989.7995022747241,12.289443654413045,226,Q1 lowest
214,pickup,Staten Island,South Beach/Dongan Hills,Boro Zone,0.0189524863296775,0.0183418931575976,0.0581930674981121,4778.0,82106.0,86884,False,23.21362287774237,27.012573867921226,5.425171863201181,1066.9915840498868,11.315766374377985,227,Q1 lowest
155,pickup,Brooklyn,Marine Park/Mill Basin,Boro Zone,0.0189512399843439,0.0182615050186531,0.0060049210002419,1662.0,276773.0,278435,False,21.916574232314822,24.96230802862076,4.539156702423964,1141.0355959576982,12.530952954615389,228,Q1 lowest
10,pickup,Queens,Baisley Park,Boro Zone,0.0188745334534052,0.0182459554798686,0.0371702785236343,12099.0,325502.0,337601,False,20.52706447272305,23.644626822591775,4.573735510073602,1014.807116392526,12.693123885005125,229,Q1 lowest
150,pickup,Brooklyn,Manhattan Beach,Boro Zone,0.0184855458552953,0.0182083029861616,0.0262929816297692,2791.0,106150.0,108941,False,21.981722656616995,25.220040131889405,4.963521309467734,1044.8452849740934,11.572608467131403,230,Q1 lowest
206,pickup,Staten Island,Saint George/New Brighton,Boro Zone,0.0180752186749154,0.0176449829431831,0.0293123982208394,6030.0,205715.0,211745,False,19.362029701287266,22.43247779696653,4.413393787521728,916.558423061031,12.234246994713065,231,Q1 lowest
101,pickup,Queens,Glen Oaks,Boro Zone,0.0180121637531311,0.0177914840600457,0.1284673795134046,10777.0,83889.0,94666,False,27.395289608887833,31.17399253775809,7.251242856631968,1158.8078413141175,11.337249775397376,232,Q1 lowest
219,pickup,Queens,Springfield Gardens South,Boro Zone,0.0179174724687179,0.0174591171008917,0.0544670720329441,10158.0,186498.0,196656,False,20.988697787645336,24.03281236261301,5.022765627513411,1018.9733938165557,12.136175794147917,233,Q1 lowest
245,pickup,Staten Island,West Brighton,Boro Zone,0.0179008177014391,0.0173410404624277,0.0727294136117435,5559.0,76434.0,81993,False,21.325870554988203,24.858201978169472,4.708344375539713,946.1318784833975,11.244182902337842,234,Q1 lowest
253,pickup,Queens,Willets Point,Boro Zone,0.0178637213837001,0.0172671808449407,-0.0497282608695651,-183.0,3680.0,3497,False,31.330244565217367,36.66988858695667,7.224920923913031,1351.5241847826087,8.210668031162976,235,Q1 lowest
46,pickup,Bronx,City Island,Boro Zone,0.0177825661650277,0.0176949392473752,0.0379873209204812,761.0,20033.0,20794,False,33.34626965506917,38.685179953076606,9.10526531223487,1522.2754455149004,9.905136192781653,236,Q1 lowest
251,pickup,Staten Island,Westerleigh,Boro Zone,0.0177619499438019,0.0174175568973525,0.0674647071217868,5123.0,75936.0,81059,False,20.048062710703363,23.625163558778997,4.671215352402033,880.7872287189211,11.23764615923549,237,Q1 lowest
156,pickup,Staten Island,Mariners Harbor,Boro Zone,0.0172850449051109,0.0163043478260869,0.0675634294079423,9046.0,133889.0,142935,False,19.019858987668773,22.460667642604815,4.768079528564867,864.1156330990597,11.804766377445848,238,Q1 lowest
172,pickup,Staten Island,New Dorp/Midland Beach,Boro Zone,0.0172598886106392,0.0167954316425932,0.0881361533377396,5334.0,60520.0,65854,False,22.486831956377603,26.120403502967807,5.139177313284847,1048.4365664243226,11.010729167902293,239,Q1 lowest
139,pickup,Queens,Laurelton,Boro Zone,0.0172224109065306,0.0168086060062752,0.0905689706000589,16897.0,186565.0,203462,False,20.184792002788434,22.963645003095127,4.688375638517508,936.9048856966741,12.136534982814283,240,Q1 lowest
203,pickup,Queens,Rosedale,Boro Zone,0.0171631729481573,0.0170842824601366,0.0885076165874712,16652.0,188142.0,204794,False,20.537885373815477,23.319702193038285,4.8859768525901055,955.3761733158997,12.144952275851072,241,Q1 lowest
187,pickup,Staten Island,Port Richmond,Boro Zone,0.0171093275056622,0.0160961522889802,0.0753004418676648,5351.0,71062.0,76413,False,19.476847260138648,23.025386000950473,4.770877290253485,888.0634234893473,11.171308014408332,242,Q1 lowest
38,pickup,Queens,Cambria Heights,Boro Zone,0.0169314876940555,0.016780400492225,0.1232274935917905,14278.0,115867.0,130145,False,23.434964657754666,26.73000500574453,5.835127862117719,1080.6013273839833,11.660198260571091,243,Q1 lowest
1,pickup,EWR,Newark Airport,EWR,0.0167954316425932,0.0167954316425932,0.3333333333333332,1.0,3.0,4,True,77.29333333333334,83.06666666666666,0.5066666666666667,201.0,1.0986122886681098,244,Q1 lowest
2,pickup,Queens,Jamaica Bay,Boro Zone,0.0166933760874679,0.0160539468053055,0.0649350649350648,15.0,231.0,246,False,29.709350649350643,34.02922077922076,7.297008658008662,1434.2337662337663,5.442417710521793,245,Q1 lowest
154,pickup,Brooklyn,Marine Park/Floyd Bennett Field,Boro Zone,0.0165590315245632,0.0163114397564158,-0.1947623843970332,-2127.0,10921.0,8794,False,32.44981045691785,37.60989652962134,8.242610017397702,1579.5364893324788,9.298442820197728,246,Q1 lowest
23,pickup,Staten Island,Bloomfield/Emerson Hill,Boro Zone,0.0165153091970609,0.0158077774264938,0.0553413215200682,8295.0,149888.0,158183,False,22.797316729826115,27.060191743179008,5.880308316876605,990.6399044619983,11.917643627517334,247,Q1 lowest
118,pickup,Staten Island,Heartland Village/Todt Hill,Boro Zone,0.0162230879562124,0.0153053425601308,0.037818795276372,3811.0,100770.0,104581,False,24.051574873474358,28.28569207105537,5.683076193311546,1071.9094075617743,11.520595971274448,248,Q1 lowest
30,pickup,Queens,Broad Channel,Boro Zone,0.016178186894363,0.0160902345994463,-0.1084840055632823,-624.0,5752.0,5128,False,26.421044853963764,30.479926981919537,6.685508518776092,1209.4448887343533,8.657302899400882,249,Q1 lowest
176,pickup,Staten Island,Oakwood,Boro Zone,0.0160372841869672,0.0155892745790895,0.1001793803776109,3295.0,32891.0,36186,False,25.489348149949763,30.000686814020657,5.957356480496176,1161.761910553039,10.40095434309913,250,Q1 lowest
117,pickup,Queens,Hammels/Arverne,Boro Zone,0.0149977458277234,0.0148927720413026,0.0586821626570368,9230.0,157288.0,166518,False,25.639285323738438,29.35470754286496,6.259200180560525,1280.9047352627028,11.965833798787326,251,Q1 lowest
132,pickup,Queens,JFK Airport,Airports,0.0149425327479685,0.0147710487444608,-0.0381197975453888,-69403.0,1820655.0,1751252,False,69.9482743627948,84.88065504989001,18.014383627320033,2699.3355380343887,14.414706884417956,252,Q1 lowest
86,pickup,Queens,Far Rockaway,Boro Zone,0.0148295354009012,0.01440368734396,0.1200630779155615,25125.0,209265.0,234390,False,24.049163357466526,27.321953647307367,5.5739638974506285,1167.7726232289203,12.251356670370319,253,Q1 lowest
110,pickup,Staten Island,Great Kills Park,Boro Zone,0.0144500621977544,0.0131371518654755,0.0145631067961164,3.0,206.0,209,False,23.156116504854374,26.54587378640774,5.546466019417473,1039.6796116504854,5.327876168789581,254,Q1 lowest
201,pickup,Queens,Rockaway Park,Boro Zone,0.0142740020988873,0.0140838458598742,-0.0014646373135229,-97.0,66228.0,66131,False,29.093021531677064,33.56090158240545,7.134931705623029,1288.3856676934226,11.100858613227501,255,Q1 lowest
109,pickup,Staten Island,Great Kills,Boro Zone,0.0141977358011759,0.0135476878612716,0.0739147616731517,4863.0,65792.0,70655,False,24.538804413909418,28.828522616722964,5.7731858432636045,1065.1572531614786,11.094253529374782,256,Q1 lowest
27,pickup,Queens,Breezy Point/Fort Tilden/Riis Beach,Boro Zone,0.0139736864987909,0.0138657792567942,-0.1276627889409276,-845.0,6619.0,5774,False,39.54172986856017,45.581775192627,9.984460039280863,1791.9085964647227,8.797699580118923,257,Q1 lowest
5,pickup,Staten Island,Arden Heights,Boro Zone,0.0127688691432264,0.0119057080021874,-0.0066207177537093,-195.0,29453.0,29258,False,24.91060740841356,29.651238583504536,6.575409431976369,1027.1085458187622,10.29055105146374,258,Q1 lowest
204,pickup,Staten Island,Rossville/Woodrow,Boro Zone,0.0121734980457105,0.0112141399036388,0.0758620689655171,1925.0,25375.0,27300,False,27.59564098522162,33.2766301477823,7.574192433497547,1058.374620689655,10.141519716344089,259,Q1 lowest
84,pickup,Staten Island,Eltingville/Annadale/Prince's Bay,Boro Zone,0.011829015688619,0.0113903865137823,0.0998972250770811,4374.0,43785.0,48159,False,25.604357428343025,30.57021194472473,6.469339476989846,1018.4486467968483,10.687046571956325,260,Q1 lowest
44,pickup,Staten Island,Charleston/Tottenville,Boro Zone,0.0114315902367587,0.0108885017421602,0.1346774193548388,5344.0,39680.0,45024,False,27.509106854838784,32.726718497978865,7.577690045362938,1027.3287298387097,10.58860256139881,261,Q1 lowest
99,pickup,Staten Island,Freshkills Park,Boro Zone,0.0107904697062963,0.0093679740194853,0.139333028780265,305.0,2189.0,2494,False,20.94522156235726,24.468611238008222,5.3070137048880675,847.6021014161718,7.691200097522863,262,Q1 lowest
